NPI,SERVICE_AREA_STATE,ISSUERID,SERVICEAREAID,SERVICE_AREA_ZIP
1033560057,MI,58594,MIS001,48653
1093377210,MI,29698,MIS007,49201
1104849025,MI,29698,MIS007,49201
1568031250,MI,29698,MIS007,49201
1588234058,MI,29698,MIS007,49201
1700531837,MI,29698,MIS007,49201
1881190593,MI,29698,MIS007,49201
1417284688,MI,29698,MIS007,49201
1134539265,MI,58594,MIS001,48471
1558492850,MI,58594,MIS001,48471
1568463800,MI,58594,MIS001,48471
1891760286,MI,58594,MIS001,48471
1083034771,TX,66252,TXS002,78666
1083126668,TX,66252,TXS002,78666
1083675086,TX,66252,TXS002,78666
1134348535,TX,66252,TXS002,78666
1144278326,TX,66252,TXS002,78666
1144450131,TX,66252,TXS002,78666
1154383669,TX,66252,TXS002,78666
1154646560,TX,66252,TXS002,78666
1184116063,TX,66252,TXS002,78666
1194953117,TX,66252,TXS002,78666
1215536537,TX,66252,TXS002,78666
1245316884,TX,66252,TXS002,78666
1245423326,TX,66252,TXS002,78666
1295767465,TX,66252,TXS002,78666
1326794553,TX,66252,TXS002,78666
1366548547,TX,66252,TXS002,78666
1366848541,TX,66252,TXS002,78666
1376047217,TX,66252,TXS002,78666
1437579455,TX,66252,TXS002,78666
1457765547,TX,66252,TXS002,78666
1477133106,TX,66252,TXS002,78666
1508939141,TX,66252,TXS002,78666
1548713258,TX,66252,TXS002,78666
1578106753,TX,66252,TXS002,78666
1578524955,TX,66252,TXS002,78666
1609563980,TX,66252,TXS002,78666
1629428826,TX,66252,TXS002,78666
1669091096,TX,66252,TXS002,78666
1679223903,TX,66252,TXS002,78666
1679833354,TX,66252,TXS002,78666
1689993297,TX,66252,TXS002,78666
1710543939,TX,66252,TXS002,78666
1770579187,TX,66252,TXS002,78666
1770970451,TX,66252,TXS002,78666
1790109866,TX,66252,TXS002,78666
1790211209,TX,66252,TXS002,78666
1801471214,TX,66252,TXS002,78666
1821300278,TX,66252,TXS002,78666
1821404039,TX,66252,TXS002,78666
1841220092,TX,66252,TXS002,78666
1881973147,TX,66252,TXS002,78666
1891172938,TX,66252,TXS002,78666
1922468370,TX,66252,TXS002,78666
1922645225,TX,66252,TXS002,78666
1356952212,TX,66252,TXS002,78666
1568749224,TX,66252,TXS002,78666
1801016480,TX,66252,TXS002,78666
1932659257,TX,66252,TXS002,78666
1033266911,TX,66252,TXS002,78666
1275500100,TX,66252,TXS002,78666
1366706921,TX,66252,TXS002,78666
1598944571,TX,66252,TXS002,78666
1881702900,TX,66252,TXS002,78666
1336671924,TX,66252,TXS002,78666
1568680080,TX,66252,TXS002,78666
1851351704,TX,66252,TXS002,78666
1861723108,TX,66252,TXS002,78666
1023853728,TX,66252,TXS002,78666
1063119121,TX,66252,TXS002,78666
1114379849,TX,66252,TXS002,78666
1134803349,TX,66252,TXS002,78666
1154991255,TX,66252,TXS002,78666
1164579595,TX,66252,TXS002,78666
1174207112,TX,66252,TXS002,78666
1205194537,TX,66252,TXS002,78666
1295374601,TX,66252,TXS002,78666
1407422520,TX,66252,TXS002,78666
1417278086,TX,66252,TXS002,78666
1457856676,TX,66252,TXS002,78666
1457974909,TX,66252,TXS002,78666
1467487702,TX,66252,TXS002,78666
1477119287,TX,66252,TXS002,78666
1528016557,TX,66252,TXS002,78666
1528112646,TX,66252,TXS002,78666
1548551427,TX,66252,TXS002,78666
1558869875,TX,66252,TXS002,78666
1568694834,TX,66252,TXS002,78666
1619609468,TX,66252,TXS002,78666
1669457388,TX,66252,TXS002,78666
1689660805,TX,66252,TXS002,78666
1699271833,TX,66252,TXS002,78666
1730370578,TX,66252,TXS002,78666
1770222317,TX,66252,TXS002,78666
1790169662,TX,66252,TXS002,78666
1861477952,TX,66252,TXS002,78666
1902281660,TX,66252,TXS002,78666
1962871624,TX,66252,TXS002,78666
1245861160,TX,66252,TXS002,78666
1720074719,TX,66252,TXS002,78666
1083034771,TX,66252,TXS001,78666
1083126668,TX,66252,TXS001,78666
1083675086,TX,66252,TXS001,78666
1134348535,TX,66252,TXS001,78666
1144278326,TX,66252,TXS001,78666
1144450131,TX,66252,TXS001,78666
1154383669,TX,66252,TXS001,78666
1154646560,TX,66252,TXS001,78666
1184116063,TX,66252,TXS001,78666
1194953117,TX,66252,TXS001,78666
1215536537,TX,66252,TXS001,78666
1245316884,TX,66252,TXS001,78666
1245423326,TX,66252,TXS001,78666
1295767465,TX,66252,TXS001,78666
1326794553,TX,66252,TXS001,78666
1366548547,TX,66252,TXS001,78666
1366848541,TX,66252,TXS001,78666
1376047217,TX,66252,TXS001,78666
1437579455,TX,66252,TXS001,78666
1457765547,TX,66252,TXS001,78666
1477133106,TX,66252,TXS001,78666
1508939141,TX,66252,TXS001,78666
1548713258,TX,66252,TXS001,78666
1578106753,TX,66252,TXS001,78666
1578524955,TX,66252,TXS001,78666
1609563980,TX,66252,TXS001,78666
1629428826,TX,66252,TXS001,78666
1669091096,TX,66252,TXS001,78666
1679223903,TX,66252,TXS001,78666
1679833354,TX,66252,TXS001,78666
1689993297,TX,66252,TXS001,78666
1710543939,TX,66252,TXS001,78666
1770579187,TX,66252,TXS001,78666
1770970451,TX,66252,TXS001,78666
1790109866,TX,66252,TXS001,78666
1790211209,TX,66252,TXS001,78666
1801471214,TX,66252,TXS001,78666
1821300278,TX,66252,TXS001,78666
1821404039,TX,66252,TXS001,78666
1841220092,TX,66252,TXS001,78666
1881973147,TX,66252,TXS001,78666
1891172938,TX,66252,TXS001,78666
1922468370,TX,66252,TXS001,78666
1922645225,TX,66252,TXS001,78666
1356952212,TX,66252,TXS001,78666
1568749224,TX,66252,TXS001,78666
1801016480,TX,66252,TXS001,78666
1932659257,TX,66252,TXS001,78666
1033266911,TX,66252,TXS001,78666
1275500100,TX,66252,TXS001,78666
1366706921,TX,66252,TXS001,78666
1598944571,TX,66252,TXS001,78666
1881702900,TX,66252,TXS001,78666
1336671924,TX,66252,TXS001,78666
1568680080,TX,66252,TXS001,78666
1851351704,TX,66252,TXS001,78666
1861723108,TX,66252,TXS001,78666
1023853728,TX,66252,TXS001,78666
1063119121,TX,66252,TXS001,78666
1114379849,TX,66252,TXS001,78666
1134803349,TX,66252,TXS001,78666
1154991255,TX,66252,TXS001,78666
1164579595,TX,66252,TXS001,78666
1174207112,TX,66252,TXS001,78666
1205194537,TX,66252,TXS001,78666
1295374601,TX,66252,TXS001,78666
1407422520,TX,66252,TXS001,78666
1417278086,TX,66252,TXS001,78666
1457856676,TX,66252,TXS001,78666
1457974909,TX,66252,TXS001,78666
1467487702,TX,66252,TXS001,78666
1477119287,TX,66252,TXS001,78666
1528016557,TX,66252,TXS001,78666
1528112646,TX,66252,TXS001,78666
1548551427,TX,66252,TXS001,78666
1558869875,TX,66252,TXS001,78666
1568694834,TX,66252,TXS001,78666
1619609468,TX,66252,TXS001,78666
1669457388,TX,66252,TXS001,78666
1689660805,TX,66252,TXS001,78666
1699271833,TX,66252,TXS001,78666
1730370578,TX,66252,TXS001,78666
1770222317,TX,66252,TXS001,78666
1790169662,TX,66252,TXS001,78666
1861477952,TX,66252,TXS001,78666
1902281660,TX,66252,TXS001,78666
1962871624,TX,66252,TXS001,78666
1245861160,TX,66252,TXS001,78666
1720074719,TX,66252,TXS001,78666
1003445263,MI,58594,MIS001,49444
1013438886,MI,58594,MIS001,49444
1013989177,MI,58594,MIS001,49444
1023000189,MI,58594,MIS001,49444
1023129517,MI,58594,MIS001,49444
1023374048,MI,58594,MIS001,49444
1033200720,MI,58594,MIS001,49444
1033544796,MI,58594,MIS001,49444
1043474919,MI,58594,MIS001,49444
1053793471,MI,58594,MIS001,49444
1053947176,MI,58594,MIS001,49444
1073549044,MI,58594,MIS001,49444
1073550034,MI,58594,MIS001,49444
1083156723,MI,58594,MIS001,49444
1093200081,MI,58594,MIS001,49444
1093226920,MI,58594,MIS001,49444
1093412215,MI,58594,MIS001,49444
1093755167,MI,58594,MIS001,49444
1104459718,MI,58594,MIS001,49444
1114361649,MI,58594,MIS001,49444
1114436391,MI,58594,MIS001,49444
1124012521,MI,58594,MIS001,49444
1124686365,MI,58594,MIS001,49444
1154391589,MI,58594,MIS001,49444
1154816882,MI,58594,MIS001,49444
1164862033,MI,58594,MIS001,49444
1174087084,MI,58594,MIS001,49444
1174741409,MI,58594,MIS001,49444
1174758262,MI,58594,MIS001,49444
1184601841,MI,58594,MIS001,49444
1194044636,MI,58594,MIS001,49444
1194163279,MI,58594,MIS001,49444
1194298794,MI,58594,MIS001,49444
1194354787,MI,58594,MIS001,49444
1194788943,MI,58594,MIS001,49444
1205155710,MI,58594,MIS001,49444
1205175593,MI,58594,MIS001,49444
1215220330,MI,58594,MIS001,49444
1215257134,MI,58594,MIS001,49444
1225310774,MI,58594,MIS001,49444
1225474174,MI,58594,MIS001,49444
1235220914,MI,58594,MIS001,49444
1235385964,MI,58594,MIS001,49444
1235579954,MI,58594,MIS001,49444
1235851122,MI,58594,MIS001,49444
1255548442,MI,58594,MIS001,49444
1265608707,MI,58594,MIS001,49444
1275748212,MI,58594,MIS001,49444
1285094706,MI,58594,MIS001,49444
1285615443,MI,58594,MIS001,49444
1285658955,MI,58594,MIS001,49444
1295051977,MI,58594,MIS001,49444
1295985034,MI,58594,MIS001,49444
1306026133,MI,58594,MIS001,49444
1306145990,MI,58594,MIS001,49444
1306809546,MI,58594,MIS001,49444
1306858048,MI,58594,MIS001,49444
1326131335,MI,58594,MIS001,49444
1336361138,MI,58594,MIS001,49444
1346477973,MI,58594,MIS001,49444
1356776207,MI,58594,MIS001,49444
1356909501,MI,58594,MIS001,49444
1366768756,MI,58594,MIS001,49444
1396965356,MI,58594,MIS001,49444
1437599727,MI,58594,MIS001,49444
1457579849,MI,58594,MIS001,49444
1457900219,MI,58594,MIS001,49444
1457974784,MI,58594,MIS001,49444
1467618546,MI,58594,MIS001,49444
1467656272,MI,58594,MIS001,49444
1467937102,MI,58594,MIS001,49444
1467980441,MI,58594,MIS001,49444
1487617338,MI,58594,MIS001,49444
1497301311,MI,58594,MIS001,49444
1508091364,MI,58594,MIS001,49444
1508295973,MI,58594,MIS001,49444
1528552122,MI,58594,MIS001,49444
1528773033,MI,58594,MIS001,49444
1538659180,MI,58594,MIS001,49444
1538708227,MI,58594,MIS001,49444
1538778352,MI,58594,MIS001,49444
1548575491,MI,58594,MIS001,49444
1548800113,MI,58594,MIS001,49444
1568959609,MI,58594,MIS001,49444
1578798096,MI,58594,MIS001,49444
1578832325,MI,58594,MIS001,49444
1578915187,MI,58594,MIS001,49444
1588379762,MI,58594,MIS001,49444
1619900412,MI,58594,MIS001,49444
1629707021,MI,58594,MIS001,49444
1649583063,MI,58594,MIS001,49444
1649663493,MI,58594,MIS001,49444
1649704495,MI,58594,MIS001,49444
1659369726,MI,58594,MIS001,49444
1659583888,MI,58594,MIS001,49444
1659722627,MI,58594,MIS001,49444
1679028591,MI,58594,MIS001,49444
1689600827,MI,58594,MIS001,49444
1689613952,MI,58594,MIS001,49444
1699241588,MI,58594,MIS001,49444
1700415965,MI,58594,MIS001,49444
1700801081,MI,58594,MIS001,49444
1710951827,MI,58594,MIS001,49444
1720572340,MI,58594,MIS001,49444
1730471368,MI,58594,MIS001,49444
1740282904,MI,58594,MIS001,49444
1740799451,MI,58594,MIS001,49444
1750516191,MI,58594,MIS001,49444
1750648945,MI,58594,MIS001,49444
1750897245,MI,58594,MIS001,49444
1780653659,MI,58594,MIS001,49444
1790103737,MI,58594,MIS001,49444
1790778397,MI,58594,MIS001,49444
1811323777,MI,58594,MIS001,49444
1811357924,MI,58594,MIS001,49444
1811697758,MI,58594,MIS001,49444
1821044280,MI,58594,MIS001,49444
1851741854,MI,58594,MIS001,49444
1851974075,MI,58594,MIS001,49444
1861484636,MI,58594,MIS001,49444
1871574046,MI,58594,MIS001,49444
1871587287,MI,58594,MIS001,49444
1881078137,MI,58594,MIS001,49444
1881189520,MI,58594,MIS001,49444
1891101416,MI,58594,MIS001,49444
1891154621,MI,58594,MIS001,49444
1902342298,MI,58594,MIS001,49444
1912366386,MI,58594,MIS001,49444
1912951211,MI,58594,MIS001,49444
1922444389,MI,58594,MIS001,49444
1952783888,MI,58594,MIS001,49444
1962847756,MI,58594,MIS001,49444
1982287256,MI,58594,MIS001,49444
1992467526,MI,58594,MIS001,49444
1013604966,MI,58594,MIS001,49444
1073904983,MI,58594,MIS001,49444
1083280101,MI,58594,MIS001,49444
1154934842,MI,58594,MIS001,49444
1205465143,MI,58594,MIS001,49444
1295229482,MI,58594,MIS001,49444
1396194288,MI,58594,MIS001,49444
1598964447,MI,58594,MIS001,49444
1891193710,MI,58594,MIS001,49444
1952189482,MI,58594,MIS001,49444
1164986352,MI,58594,MIS001,49444
1386982148,MI,58594,MIS001,49444
1447948211,MI,58594,MIS001,49444
1720713027,MI,58594,MIS001,49444
1003217860,MI,58594,MIS001,49444
1083701361,MI,58594,MIS001,49444
1174044259,MI,58594,MIS001,49444
1275547770,MI,58594,MIS001,49444
1285129643,MI,58594,MIS001,49444
1306236302,MI,58594,MIS001,49444
1336181981,MI,58594,MIS001,49444
1437462942,MI,58594,MIS001,49444
1467733063,MI,58594,MIS001,49444
1558836650,MI,58594,MIS001,49444
1578199477,MI,58594,MIS001,49444
1619629532,MI,58594,MIS001,49444
1639217896,MI,58594,MIS001,49444
1669258604,MI,58594,MIS001,49444
1689047227,MI,58594,MIS001,49444
1720247299,MI,58594,MIS001,49444
1780846980,MI,58594,MIS001,49444
1851545255,MI,58594,MIS001,49444
1861744005,MI,58594,MIS001,49444
1861874927,MI,58594,MIS001,49444
1881470474,MI,58594,MIS001,49444
1881632305,MI,58594,MIS001,49444
1902286248,MI,58594,MIS001,49444
1912928110,MI,58594,MIS001,49444
1932403037,MI,58594,MIS001,49444
1952187700,MI,58594,MIS001,49444
1952758930,MI,58594,MIS001,49444
1093367013,MI,58594,MIS001,49444
1346862075,MI,58594,MIS001,49444
1356867733,MI,58594,MIS001,49444
1407083629,MI,58594,MIS001,49444
1679016638,MI,58594,MIS001,49444
1710531264,MI,58594,MIS001,49444
1881266153,MI,58594,MIS001,49444
1922759703,MI,58594,MIS001,49444
1962954396,MI,58594,MIS001,49444
1992041024,MI,58594,MIS001,49444
1003805607,MI,58594,MIS001,49444
1063905396,MI,58594,MIS001,49444
1104866839,MI,58594,MIS001,49444
1114980661,MI,58594,MIS001,49444
1124273958,MI,58594,MIS001,49444
1124591201,MI,58594,MIS001,49444
1134513930,MI,58594,MIS001,49444
1174551915,MI,58594,MIS001,49444
1184687147,MI,58594,MIS001,49444
1205926268,MI,58594,MIS001,49444
1205995057,MI,58594,MIS001,49444
1215151568,MI,58594,MIS001,49444
1215475967,MI,58594,MIS001,49444
1225478969,MI,58594,MIS001,49444
1275637811,MI,58594,MIS001,49444
1275702102,MI,58594,MIS001,49444
1275983108,MI,58594,MIS001,49444
1306353222,MI,58594,MIS001,49444
1306835087,MI,58594,MIS001,49444
1316300486,MI,58594,MIS001,49444
1326420159,MI,58594,MIS001,49444
1346496759,MI,58594,MIS001,49444
1346506318,MI,58594,MIS001,49444
1356009369,MI,58594,MIS001,49444
1356534572,MI,58594,MIS001,49444
1366846198,MI,58594,MIS001,49444
1376703868,MI,58594,MIS001,49444
1407940190,MI,58594,MIS001,49444
1417563073,MI,58594,MIS001,49444
1427027473,MI,58594,MIS001,49444
1427189620,MI,58594,MIS001,49444
1477522670,MI,58594,MIS001,49444
1477525681,MI,58594,MIS001,49444
1518294495,MI,58594,MIS001,49444
1518533207,MI,58594,MIS001,49444
1558652727,MI,58594,MIS001,49444
1578074654,MI,58594,MIS001,49444
1598728016,MI,58594,MIS001,49444
1619208881,MI,58594,MIS001,49444
1649790494,MI,58594,MIS001,49444
1710457718,MI,58594,MIS001,49444
1750382735,MI,58594,MIS001,49444
1770505638,MI,58594,MIS001,49444
1770546194,MI,58594,MIS001,49444
1790709632,MI,58594,MIS001,49444
1801247739,MI,58594,MIS001,49444
1801268677,MI,58594,MIS001,49444
1811342421,MI,58594,MIS001,49444
1821599374,MI,58594,MIS001,49444
1831568609,MI,58594,MIS001,49444
1851549901,MI,58594,MIS001,49444
1871581355,MI,58594,MIS001,49444
1881225084,MI,58594,MIS001,49444
1881692077,MI,58594,MIS001,49444
1902240765,MI,58594,MIS001,49444
1912919630,MI,58594,MIS001,49444
1922087436,MI,58594,MIS001,49444
1932736816,MI,58594,MIS001,49444
1942200993,MI,58594,MIS001,49444
1942560487,MI,58594,MIS001,49444
1952077489,MI,58594,MIS001,49444
1952690257,MI,58594,MIS001,49444
1962843813,MI,58594,MIS001,49444
1972116895,MI,58594,MIS001,49444
1972527778,MI,58594,MIS001,49444
1972560308,MI,58594,MIS001,49444
1972589240,MI,58594,MIS001,49444
1982628848,MI,58594,MIS001,49444
1992307151,MI,58594,MIS001,49444
1992364731,MI,58594,MIS001,49444
1932198785,MI,58594,MIS001,49444
1134625502,MI,29698,MIS007,49230
1194244210,MI,29698,MIS007,49230
1215904255,MI,29698,MIS007,49230
1326515784,MI,29698,MIS007,49230
1457437469,MI,29698,MIS007,49230
1851820518,MI,29698,MIS007,49230
1891314795,MI,29698,MIS007,49230
1942778162,TX,66252,TXS002,78666
1003480930,MI,29698,MIS005,49068
1013460567,MI,29698,MIS005,49068
1013963180,MI,29698,MIS005,49068
1013988294,MI,29698,MIS005,49068
1023456159,MI,29698,MIS005,49068
1033286554,MI,29698,MIS005,49068
1053382234,MI,29698,MIS005,49068
1063487197,MI,29698,MIS005,49068
1114145133,MI,29698,MIS005,49068
1114280294,MI,29698,MIS005,49068
1124099395,MI,29698,MIS005,49068
1124706676,MI,29698,MIS005,49068
1134190275,MI,29698,MIS005,49068
1134742323,MI,29698,MIS005,49068
1144209420,MI,29698,MIS005,49068
1144743485,MI,29698,MIS005,49068
1154392363,MI,29698,MIS005,49068
1154998797,MI,29698,MIS005,49068
1164610960,MI,29698,MIS005,49068
1164733887,MI,29698,MIS005,49068
1184028656,MI,29698,MIS005,49068
1194271411,MI,29698,MIS005,49068
1205216330,MI,29698,MIS005,49068
1205474517,MI,29698,MIS005,49068
1225139256,MI,29698,MIS005,49068
1225596125,MI,29698,MIS005,49068
1225660061,MI,29698,MIS005,49068
1225673387,MI,29698,MIS005,49068
1235146150,MI,29698,MIS005,49068
1235594342,MI,29698,MIS005,49068
1265403398,MI,29698,MIS005,49068
1265532089,MI,29698,MIS005,49068
1275504458,MI,29698,MIS005,49068
1285805291,MI,29698,MIS005,49068
1306499108,MI,29698,MIS005,49068
1336110527,MI,29698,MIS005,49068
1356366819,MI,29698,MIS005,49068
1417362039,MI,29698,MIS005,49068
1417928532,MI,29698,MIS005,49068
1437260650,MI,29698,MIS005,49068
1437476355,MI,29698,MIS005,49068
1447745237,MI,29698,MIS005,49068
1447796263,MI,29698,MIS005,49068
1487614343,MI,29698,MIS005,49068
1518378587,MI,29698,MIS005,49068
1518587591,MI,29698,MIS005,49068
1548586548,MI,29698,MIS005,49068
1558646976,MI,29698,MIS005,49068
1558930875,MI,29698,MIS005,49068
1578527099,MI,29698,MIS005,49068
1578773032,MI,29698,MIS005,49068
1609351857,MI,29698,MIS005,49068
1619545647,MI,29698,MIS005,49068
1619923976,MI,29698,MIS005,49068
1619948726,MI,29698,MIS005,49068
1619997160,MI,29698,MIS005,49068
1639105612,MI,29698,MIS005,49068
1639301724,MI,29698,MIS005,49068
1639669591,MI,29698,MIS005,49068
1649227604,MI,29698,MIS005,49068
1659347748,MI,29698,MIS005,49068
1659919702,MI,29698,MIS005,49068
1669026415,MI,29698,MIS005,49068
1669479234,MI,29698,MIS005,49068
1669498200,MI,29698,MIS005,49068
1669675286,MI,29698,MIS005,49068
1679138325,MI,29698,MIS005,49068
1689325797,MI,29698,MIS005,49068
1689645707,MI,29698,MIS005,49068
1699160994,MI,29698,MIS005,49068
1699235218,MI,29698,MIS005,49068
1699769315,MI,29698,MIS005,49068
1699970566,MI,29698,MIS005,49068
1700977154,MI,29698,MIS005,49068
1710275177,MI,29698,MIS005,49068
1720298359,MI,29698,MIS005,49068
1750953741,MI,29698,MIS005,49068
1770189375,MI,29698,MIS005,49068
1770770216,MI,29698,MIS005,49068
1770832982,MI,29698,MIS005,49068
1780071340,MI,29698,MIS005,49068
1780683565,MI,29698,MIS005,49068
1801024781,MI,29698,MIS005,49068
1811530009,MI,29698,MIS005,49068
1821188616,MI,29698,MIS005,49068
1821317991,MI,29698,MIS005,49068
1831135268,MI,29698,MIS005,49068
1831887561,MI,29698,MIS005,49068
1851337430,MI,29698,MIS005,49068
1861433211,MI,29698,MIS005,49068
1861923047,MI,29698,MIS005,49068
1881122257,MI,29698,MIS005,49068
1891207379,MI,29698,MIS005,49068
1912950197,MI,29698,MIS005,49068
1922362656,MI,29698,MIS005,49068
1922599497,MI,29698,MIS005,49068
1932316429,MI,29698,MIS005,49068
1942513353,MI,29698,MIS005,49068
1942614623,MI,29698,MIS005,49068
1962477794,MI,29698,MIS005,49068
1962956409,MI,29698,MIS005,49068
1982902854,MI,29698,MIS005,49068
1679135958,MI,29698,MIS005,49068
1023296050,MI,29698,MIS005,49068
1043260821,MI,29698,MIS005,49068
1154524338,MI,29698,MIS005,49068
1184673709,MI,29698,MIS005,49068
1396864401,MI,29698,MIS005,49068
1508816380,MI,29698,MIS005,49068
1922057546,MI,29698,MIS005,49068
1205876513,MI,29698,MIS005,49068
1023463312,MI,29698,MIS005,49068
1053803965,MI,29698,MIS005,49068
1316137367,MI,29698,MIS005,49068
1497281323,MI,29698,MIS005,49068
1881124816,MI,29698,MIS005,49068
1003860396,MI,29698,MIS005,49068
1053400291,MI,29698,MIS005,49068
1104811678,MI,29698,MIS005,49068
1124001771,MI,29698,MIS005,49068
1124388822,MI,29698,MIS005,49068
1215969241,MI,29698,MIS005,49068
1336808948,MI,29698,MIS005,49068
1568773588,MI,29698,MIS005,49068
1730876590,MI,29698,MIS005,49068
1801986914,MI,29698,MIS005,49068
1811540800,MI,29698,MIS005,49068
1942300454,MI,29698,MIS005,49068
1962128512,MI,29698,MIS005,49068
1942778162,TX,66252,TXS001,78666
1053984609,MI,29698,MIS005,49037
1417608621,MI,29698,MIS005,49037
1437398831,MI,29698,MIS005,49037
1700992484,MI,29698,MIS005,49037
1780888503,MI,58594,MIS001,48647
1821151598,MI,29698,MIS007,49201
1912985615,MI,29698,MIS007,49201
1013232453,MI,58594,MIS001,49412
1033269816,MI,58594,MIS001,49412
1033594932,MI,58594,MIS001,49412
1043410145,MI,58594,MIS001,49412
1093023228,MI,58594,MIS001,49412
1114169570,MI,58594,MIS001,49412
1134244544,MI,58594,MIS001,49412
1164631818,MI,58594,MIS001,49412
1174761837,MI,58594,MIS001,49412
1184831869,MI,58594,MIS001,49412
1215928684,MI,58594,MIS001,49412
1235392598,MI,58594,MIS001,49412
1306048442,MI,58594,MIS001,49412
1366460172,MI,58594,MIS001,49412
1407015084,MI,58594,MIS001,49412
1457779274,MI,58594,MIS001,49412
1487697421,MI,58594,MIS001,49412
1497791610,MI,58594,MIS001,49412
1508241498,MI,58594,MIS001,49412
1518086230,MI,58594,MIS001,49412
1518321819,MI,58594,MIS001,49412
1528049111,MI,58594,MIS001,49412
1528247590,MI,58594,MIS001,49412
1538109574,MI,58594,MIS001,49412
1598980773,MI,58594,MIS001,49412
1609054394,MI,58594,MIS001,49412
1639445844,MI,58594,MIS001,49412
1659545440,MI,58594,MIS001,49412
1669671772,MI,58594,MIS001,49412
1669793253,MI,58594,MIS001,49412
1679692206,MI,58594,MIS001,49412
1689360265,MI,58594,MIS001,49412
1700147873,MI,58594,MIS001,49412
1710450259,MI,58594,MIS001,49412
1740539733,MI,58594,MIS001,49412
1760648364,MI,58594,MIS001,49412
1760703284,MI,58594,MIS001,49412
1770782716,MI,58594,MIS001,49412
1780070870,MI,58594,MIS001,49412
1790943330,MI,58594,MIS001,49412
1801001011,MI,58594,MIS001,49412
1801214226,MI,58594,MIS001,49412
1831180231,MI,58594,MIS001,49412
1831189448,MI,58594,MIS001,49412
1851497424,MI,58594,MIS001,49412
1902969546,MI,58594,MIS001,49412
1144879875,MI,58594,MIS001,49412
1154352466,MI,58594,MIS001,49412
1265750632,MI,58594,MIS001,49412
1366195406,MI,58594,MIS001,49412
1386699692,MI,58594,MIS001,49412
1659619823,MI,58594,MIS001,49412
1992252795,MI,58594,MIS001,49412
1013294222,MI,58594,MIS001,49412
1023009453,MI,58594,MIS001,49412
1043692932,MI,58594,MIS001,49412
1063112324,MI,58594,MIS001,49412
1073888459,MI,58594,MIS001,49412
1093022386,MI,58594,MIS001,49412
1093958621,MI,58594,MIS001,49412
1124451927,MI,58594,MIS001,49412
1144489287,MI,58594,MIS001,49412
1275513079,MI,58594,MIS001,49412
1346443769,MI,58594,MIS001,49412
1356399281,MI,58594,MIS001,49412
1407030307,MI,58594,MIS001,49412
1427499029,MI,58594,MIS001,49412
1427762442,MI,58594,MIS001,49412
1588016448,MI,58594,MIS001,49412
1588088801,MI,58594,MIS001,49412
1588674188,MI,58594,MIS001,49412
1689394660,MI,58594,MIS001,49412
1710207535,MI,58594,MIS001,49412
1841726965,MI,58594,MIS001,49412
1861919722,MI,58594,MIS001,49412
1942639844,MI,58594,MIS001,49412
1942885215,MI,58594,MIS001,49412
1992298681,MI,58594,MIS001,49412
1932470929,MI,58594,MIS001,49456
1063013837,MI,29698,MIS007,49230
1083744999,MI,29698,MIS007,49230
1114193356,MI,29698,MIS007,49230
1124072400,MI,29698,MIS007,49230
1134480957,MI,29698,MIS007,49230
1154030237,MI,29698,MIS007,49230
1295351500,MI,29698,MIS007,49230
1316634173,MI,29698,MIS007,49230
1407272206,MI,29698,MIS007,49230
1508913047,MI,29698,MIS007,49230
1538116561,MI,29698,MIS007,49230
1588248280,MI,29698,MIS007,49230
1659871838,MI,29698,MIS007,49230
1730812371,MI,29698,MIS007,49230
1760014690,MI,29698,MIS007,49230
1811413859,MI,29698,MIS007,49230
1871033837,MI,29698,MIS007,49230
1881345387,MI,29698,MIS007,49230
1922629286,MI,29698,MIS007,49230
1487151841,MI,29698,MIS007,49230
1558491357,MI,29698,MIS007,49230
1659332104,MI,29698,MIS007,49230
1720640741,MI,29698,MIS007,49230
1902926371,MI,29698,MIS007,49230
1003455981,MI,58594,MIS001,49412
1003842949,MI,58594,MIS001,49412
1013964550,MI,58594,MIS001,49412
1073111407,MI,58594,MIS001,49412
1104866086,MI,58594,MIS001,49412
1124321146,MI,58594,MIS001,49412
1124777966,MI,58594,MIS001,49412
1164472619,MI,58594,MIS001,49412
1184286106,MI,58594,MIS001,49412
1225559156,MI,58594,MIS001,49412
1235154840,MI,58594,MIS001,49412
1265483861,MI,58594,MIS001,49412
1336874247,MI,58594,MIS001,49412
1356371868,MI,58594,MIS001,49412
1366495756,MI,58594,MIS001,49412
1376659409,MI,58594,MIS001,49412
1407079536,MI,58594,MIS001,49412
1407815137,MI,58594,MIS001,49412
1477965242,MI,58594,MIS001,49412
1508875402,MI,58594,MIS001,49412
1518452580,MI,58594,MIS001,49412
1598271074,MI,58594,MIS001,49412
1619208881,MI,58594,MIS001,49412
1629563689,MI,58594,MIS001,49412
1639188428,MI,58594,MIS001,49412
1669843785,MI,58594,MIS001,49412
1750042677,MI,58594,MIS001,49412
1750901757,MI,58594,MIS001,49412
1811418106,MI,58594,MIS001,49412
1891357810,MI,58594,MIS001,49412
1912916743,MI,58594,MIS001,49412
1962414235,MI,58594,MIS001,49412
1437130499,MI,58594,MIS001,49412
1992365746,MI,58594,MIS001,49412
1003346636,MI,58594,MIS001,49412
1013328236,MI,58594,MIS001,49412
1013355007,MI,58594,MIS001,49412
1033260005,MI,58594,MIS001,49412
1033309380,MI,58594,MIS001,49412
1033552740,MI,58594,MIS001,49412
1043698988,MI,58594,MIS001,49412
1043728207,MI,58594,MIS001,49412
1053539007,MI,58594,MIS001,49412
1063436533,MI,58594,MIS001,49412
1083269641,MI,58594,MIS001,49412
1093240822,MI,58594,MIS001,49412
1093755167,MI,58594,MIS001,49412
1114303211,MI,58594,MIS001,49412
1114412418,MI,58594,MIS001,49412
1124400668,MI,58594,MIS001,49412
1134103732,MI,58594,MIS001,49412
1154832160,MI,58594,MIS001,49412
1164862025,MI,58594,MIS001,49412
1174052187,MI,58594,MIS001,49412
1174521116,MI,58594,MIS001,49412
1184007379,MI,58594,MIS001,49412
1194178178,MI,58594,MIS001,49412
1194445452,MI,58594,MIS001,49412
1205486156,MI,58594,MIS001,49412
1215979216,MI,58594,MIS001,49412
1265849541,MI,58594,MIS001,49412
1285131490,MI,58594,MIS001,49412
1295776441,MI,58594,MIS001,49412
1336268747,MI,58594,MIS001,49412
1336670165,MI,58594,MIS001,49412
1346463254,MI,58594,MIS001,49412
1356423933,MI,58594,MIS001,49412
1396950226,MI,58594,MIS001,49412
1427481498,MI,58594,MIS001,49412
1447244819,MI,58594,MIS001,49412
1447411004,MI,58594,MIS001,49412
1447442215,MI,58594,MIS001,49412
1447788757,MI,58594,MIS001,49412
1487174231,MI,58594,MIS001,49412
1487278834,MI,58594,MIS001,49412
1487854485,MI,58594,MIS001,49412
1497746952,MI,58594,MIS001,49412
1528403235,MI,58594,MIS001,49412
1548677263,MI,58594,MIS001,49412
1558488874,MI,58594,MIS001,49412
1588794770,MI,58594,MIS001,49412
1609217165,MI,58594,MIS001,49412
1619158359,MI,58594,MIS001,49412
1619329406,MI,58594,MIS001,49412
1649632720,MI,58594,MIS001,49412
1659504512,MI,58594,MIS001,49412
1669967964,MI,58594,MIS001,49412
1679912976,MI,58594,MIS001,49412
1679953848,MI,58594,MIS001,49412
1689194664,MI,58594,MIS001,49412
1700826880,MI,58594,MIS001,49412
1710197355,MI,58594,MIS001,49412
1710322110,MI,58594,MIS001,49412
1710968284,MI,58594,MIS001,49412
1720354723,MI,58594,MIS001,49412
1720425788,MI,58594,MIS001,49412
1730315474,MI,58594,MIS001,49412
1750049110,MI,58594,MIS001,49412
1760422786,MI,58594,MIS001,49412
1770600462,MI,58594,MIS001,49412
1770732414,MI,58594,MIS001,49412
1790162246,MI,58594,MIS001,49412
1790306058,MI,58594,MIS001,49412
1790766640,MI,58594,MIS001,49412
1801351762,MI,58594,MIS001,49412
1801823950,MI,58594,MIS001,49412
1821520545,MI,58594,MIS001,49412
1841672979,MI,58594,MIS001,49412
1851518682,MI,58594,MIS001,49412
1851984330,MI,58594,MIS001,49412
1871544551,MI,58594,MIS001,49412
1871987792,MI,58594,MIS001,49412
1881959161,MI,58594,MIS001,49412
1891767489,MI,58594,MIS001,49412
1891995536,MI,58594,MIS001,49412
1902338619,MI,58594,MIS001,49412
1902415193,MI,58594,MIS001,49412
1902668635,MI,58594,MIS001,49412
1942289798,MI,58594,MIS001,49412
1952694572,MI,58594,MIS001,49412
1952757817,MI,58594,MIS001,49412
1962721902,MI,58594,MIS001,49412
1982022901,MI,58594,MIS001,49412
1982780581,MI,58594,MIS001,49412
1992155824,MI,58594,MIS001,49412
1992997647,MI,58594,MIS001,49412
1134751977,MI,29698,MIS005,49068
1245789643,MI,29698,MIS005,49068
1598102824,MI,29698,MIS005,49068
1619574654,MI,29698,MIS005,49068
1821490459,MI,29698,MIS005,49068
1831203694,MI,29698,MIS005,49068
1669852711,MI,29698,MIS005,49068
1669257465,MI,29698,MIS007,49202
1003066218,MI,29698,MIS007,49201
1003201971,MI,29698,MIS007,49201
1003569195,MI,29698,MIS007,49201
1013142827,MI,29698,MIS007,49201
1013302397,MI,29698,MIS007,49201
1013392547,MI,29698,MIS007,49201
1013467786,MI,29698,MIS007,49201
1013906023,MI,29698,MIS007,49201
1013951029,MI,29698,MIS007,49201
1013958248,MI,29698,MIS007,49201
1023015682,MI,29698,MIS007,49201
1033110549,MI,29698,MIS007,49201
1033422795,MI,29698,MIS007,49201
1033800057,MI,29698,MIS007,49201
1043475148,MI,29698,MIS007,49201
1043621931,MI,29698,MIS007,49201
1043755424,MI,29698,MIS007,49201
1043872740,MI,29698,MIS007,49201
1063653673,MI,29698,MIS007,49201
1063774172,MI,29698,MIS007,49201
1063871838,MI,29698,MIS007,49201
1073139788,MI,29698,MIS007,49201
1073141024,MI,29698,MIS007,49201
1073346961,MI,29698,MIS007,49201
1073779435,MI,29698,MIS007,49201
1083651103,MI,29698,MIS007,49201
1083839625,MI,29698,MIS007,49201
1093030280,MI,29698,MIS007,49201
1093187353,MI,29698,MIS007,49201
1093195018,MI,29698,MIS007,49201
1093434870,MI,29698,MIS007,49201
1093795783,MI,29698,MIS007,49201
1104029693,MI,29698,MIS007,49201
1104209659,MI,29698,MIS007,49201
1104385061,MI,29698,MIS007,49201
1104846559,MI,29698,MIS007,49201
1114022001,MI,29698,MIS007,49201
1114457991,MI,29698,MIS007,49201
1124137104,MI,29698,MIS007,49201
1124327366,MI,29698,MIS007,49201
1124642095,MI,29698,MIS007,49201
1134625502,MI,29698,MIS007,49201
1154761567,MI,29698,MIS007,49201
1154842037,MI,29698,MIS007,49201
1154911675,MI,29698,MIS007,49201
1164862561,MI,29698,MIS007,49201
1164926754,MI,29698,MIS007,49201
1174012595,MI,29698,MIS007,49201
1174803357,MI,29698,MIS007,49201
1184076952,MI,29698,MIS007,49201
1184151631,MI,29698,MIS007,49201
1194127928,MI,29698,MIS007,49201
1194253807,MI,29698,MIS007,49201
1194306837,MI,29698,MIS007,49201
1194751693,MI,29698,MIS007,49201
1194779983,MI,29698,MIS007,49201
1194843110,MI,29698,MIS007,49201
1194901835,MI,29698,MIS007,49201
1205878238,MI,29698,MIS007,49201
1215139175,MI,29698,MIS007,49201
1215317235,MI,29698,MIS007,49201
1215339668,MI,29698,MIS007,49201
1215558317,MI,29698,MIS007,49201
1215904255,MI,29698,MIS007,49201
1225311665,MI,29698,MIS007,49201
1225716186,MI,29698,MIS007,49201
1235348400,MI,29698,MIS007,49201
1235759960,MI,29698,MIS007,49201
1245246446,MI,29698,MIS007,49201
1245646868,MI,29698,MIS007,49201
1255332490,MI,29698,MIS007,49201
1255372538,MI,29698,MIS007,49201
1255749735,MI,29698,MIS007,49201
1255937710,MI,29698,MIS007,49201
1265091045,MI,29698,MIS007,49201
1265639520,MI,29698,MIS007,49201
1275034209,MI,29698,MIS007,49201
1275043937,MI,29698,MIS007,49201
1295027472,MI,29698,MIS007,49201
1295143600,MI,29698,MIS007,49201
1295271633,MI,29698,MIS007,49201
1306089040,MI,29698,MIS007,49201
1306179494,MI,29698,MIS007,49201
1306254438,MI,29698,MIS007,49201
1306467287,MI,29698,MIS007,49201
1326015801,MI,29698,MIS007,49201
1326089848,MI,29698,MIS007,49201
1336922244,MI,29698,MIS007,49201
1346610722,MI,29698,MIS007,49201
1346692076,MI,29698,MIS007,49201
1356574909,MI,29698,MIS007,49201
1356681415,MI,29698,MIS007,49201
1366071888,MI,29698,MIS007,49201
1366408692,MI,29698,MIS007,49201
1366465528,MI,29698,MIS007,49201
1366797797,MI,29698,MIS007,49201
1376958835,MI,29698,MIS007,49201
1386262574,MI,29698,MIS007,49201
1386282358,MI,29698,MIS007,49201
1386498053,MI,29698,MIS007,49201
1396746889,MI,29698,MIS007,49201
1396907150,MI,29698,MIS007,49201
1407177884,MI,29698,MIS007,49201
1417423369,MI,29698,MIS007,49201
1417431578,MI,29698,MIS007,49201
1417565086,MI,29698,MIS007,49201
1427059534,MI,29698,MIS007,49201
1427109149,MI,29698,MIS007,49201
1427409788,MI,29698,MIS007,49201
1437116118,MI,29698,MIS007,49201
1437425717,MI,29698,MIS007,49201
1447626999,MI,29698,MIS007,49201
1447660212,MI,29698,MIS007,49201
1457319832,MI,29698,MIS007,49201
1457437469,MI,29698,MIS007,49201
1457772469,MI,29698,MIS007,49201
1467017699,MI,29698,MIS007,49201
1477592996,MI,29698,MIS007,49201
1477857324,MI,29698,MIS007,49201
1477947810,MI,29698,MIS007,49201
1487866976,MI,29698,MIS007,49201
1487920740,MI,29698,MIS007,49201
1497097174,MI,29698,MIS007,49201
1497388359,MI,29698,MIS007,49201
1497712129,MI,29698,MIS007,49201
1497764104,MI,29698,MIS007,49201
1497954598,MI,29698,MIS007,49201
1508412891,MI,29698,MIS007,49201
1508883570,MI,29698,MIS007,49201
1518067545,MI,29698,MIS007,49201
1518123298,MI,29698,MIS007,49201
1518495225,MI,29698,MIS007,49201
1538550397,MI,29698,MIS007,49201
1548210487,MI,29698,MIS007,49201
1548358500,MI,29698,MIS007,49201
1548735731,MI,29698,MIS007,49201
1548798192,MI,29698,MIS007,49201
1558781450,MI,29698,MIS007,49201
1558898403,MI,29698,MIS007,49201
1558919332,MI,29698,MIS007,49201
1558928010,MI,29698,MIS007,49201
1568922854,MI,29698,MIS007,49201
1578910733,MI,29698,MIS007,49201
1578934667,MI,29698,MIS007,49201
1588070197,MI,29698,MIS007,49201
1588871271,MI,29698,MIS007,49201
1588871826,MI,29698,MIS007,49201
1598250946,MI,29698,MIS007,49201
1598424418,MI,29698,MIS007,49201
1609261098,MI,29698,MIS007,49201
1609425149,MI,29698,MIS007,49201
1609833359,MI,29698,MIS007,49201
1619062163,MI,29698,MIS007,49201
1619952405,MI,29698,MIS007,49201
1629513072,MI,29698,MIS007,49201
1639146681,MI,29698,MIS007,49201
1639326705,MI,29698,MIS007,49201
1639510662,MI,29698,MIS007,49201
1639609597,MI,29698,MIS007,49201
1649387945,MI,29698,MIS007,49201
1659360675,MI,29698,MIS007,49201
1659386498,MI,29698,MIS007,49201
1659574317,MI,29698,MIS007,49201
1659655850,MI,29698,MIS007,49201
1669403903,MI,29698,MIS007,49201
1669791760,MI,29698,MIS007,49201
1669868154,MI,29698,MIS007,49201
1669944237,MI,29698,MIS007,49201
1679005037,MI,29698,MIS007,49201
1689033748,MI,29698,MIS007,49201
1689679714,MI,29698,MIS007,49201
1689812901,MI,29698,MIS007,49201
1689889636,MI,29698,MIS007,49201
1699843540,MI,29698,MIS007,49201
1700314846,MI,29698,MIS007,49201
1710079074,MI,29698,MIS007,49201
1710299961,MI,29698,MIS007,49201
1710544630,MI,29698,MIS007,49201
1720132004,MI,29698,MIS007,49201
1720338262,MI,29698,MIS007,49201
1720368145,MI,29698,MIS007,49201
1730529223,MI,29698,MIS007,49201
1730561804,MI,29698,MIS007,49201
1730574534,MI,29698,MIS007,49201
1740232685,MI,29698,MIS007,49201
1740664366,MI,29698,MIS007,49201
1740696400,MI,29698,MIS007,49201
1750519559,MI,29698,MIS007,49201
1750658084,MI,29698,MIS007,49201
1750709465,MI,29698,MIS007,49201
1750970083,MI,29698,MIS007,49201
1760486583,MI,29698,MIS007,49201
1770030611,MI,29698,MIS007,49201
1770847196,MI,29698,MIS007,49201
1780068650,MI,29698,MIS007,49201
1780631937,MI,29698,MIS007,49201
1780894725,MI,29698,MIS007,49201
1780912667,MI,29698,MIS007,49201
1790546620,MI,29698,MIS007,49201
1790725158,MI,29698,MIS007,49201
1790746998,MI,29698,MIS007,49201
1801195003,MI,29698,MIS007,49201
1801232434,MI,29698,MIS007,49201
1811030224,MI,29698,MIS007,49201
1811254956,MI,29698,MIS007,49201
1811301864,MI,29698,MIS007,49201
1811469208,MI,29698,MIS007,49201
1831319037,MI,29698,MIS007,49201
1831537265,MI,29698,MIS007,49201
1831684083,MI,29698,MIS007,49201
1831773886,MI,29698,MIS007,49201
1841801222,MI,29698,MIS007,49201
1851368922,MI,29698,MIS007,49201
1871139980,MI,29698,MIS007,49201
1871698639,MI,29698,MIS007,49201
1881045847,MI,29698,MIS007,49201
1881163293,MI,29698,MIS007,49201
1881852390,MI,29698,MIS007,49201
1891173696,MI,29698,MIS007,49201
1891931804,MI,29698,MIS007,49201
1902378185,MI,29698,MIS007,49201
1902397649,MI,29698,MIS007,49201
1902415193,MI,29698,MIS007,49201
1902513070,MI,29698,MIS007,49201
1912209248,MI,29698,MIS007,49201
1912318973,MI,29698,MIS007,49201
1912595810,MI,29698,MIS007,49201
1912951377,MI,29698,MIS007,49201
1922499789,MI,29698,MIS007,49201
1932572419,MI,29698,MIS007,49201
1942208749,MI,29698,MIS007,49201
1942328414,MI,29698,MIS007,49201
1942520424,MI,29698,MIS007,49201
1952573602,MI,29698,MIS007,49201
1952800435,MI,29698,MIS007,49201
1952881054,MI,29698,MIS007,49201
1952918849,MI,29698,MIS007,49201
1962710848,MI,29698,MIS007,49201
1972035020,MI,29698,MIS007,49201
1972551414,MI,29698,MIS007,49201
1982359782,MI,29698,MIS007,49201
1982832861,MI,29698,MIS007,49201
1992428882,MI,29698,MIS007,49201
1992956122,MI,29698,MIS007,49201
1891751806,MI,29698,MIS007,49201
1225489784,MI,29698,MIS007,49201
1235579467,MI,29698,MIS007,49201
1659505378,MI,29698,MIS007,49201
1770740946,MI,29698,MIS007,49201
1811334386,MI,29698,MIS007,49201
1952677460,MI,29698,MIS007,49201
1346226883,MI,29698,MIS007,49201
1699732677,MI,29698,MIS007,49201
1013403302,MI,29698,MIS007,49201
1124212170,MI,29698,MIS007,49201
1225332281,MI,29698,MIS007,49201
1346997335,MI,29698,MIS007,49201
1790185189,MI,29698,MIS007,49201
1801163316,MI,29698,MIS007,49201
1881706000,MI,29698,MIS007,49201
1922439496,MI,29698,MIS007,49201
1972969855,MI,29698,MIS007,49201
1841857299,MI,29698,MIS007,49201
1972898070,MI,29698,MIS007,49201
1659699189,MI,29698,MIS007,49201
1043882038,MI,29698,MIS007,49201
1053031534,MI,29698,MIS007,49201
1073578407,MI,29698,MIS007,49201
1144803768,MI,29698,MIS007,49201
1194087106,MI,29698,MIS007,49201
1205152725,MI,29698,MIS007,49201
1235464280,MI,29698,MIS007,49201
1245498708,MI,29698,MIS007,49201
1245760693,MI,29698,MIS007,49201
1285186544,MI,29698,MIS007,49201
1306071824,MI,29698,MIS007,49201
1316572407,MI,29698,MIS007,49201
1346779840,MI,29698,MIS007,49201
1366015406,MI,29698,MIS007,49201
1366177289,MI,29698,MIS007,49201
1366481905,MI,29698,MIS007,49201
1407310097,MI,29698,MIS007,49201
1467425306,MI,29698,MIS007,49201
1487008876,MI,29698,MIS007,49201
1508808338,MI,29698,MIS007,49201
1528329547,MI,29698,MIS007,49201
1558096552,MI,29698,MIS007,49201
1578591541,MI,29698,MIS007,49201
1578839569,MI,29698,MIS007,49201
1598288730,MI,29698,MIS007,49201
1598714677,MI,29698,MIS007,49201
1609178581,MI,29698,MIS007,49201
1609983527,MI,29698,MIS007,49201
1639643075,MI,29698,MIS007,49201
1639695638,MI,29698,MIS007,49201
1659775567,MI,29698,MIS007,49201
1669587127,MI,29698,MIS007,49201
1669666285,MI,29698,MIS007,49201
1679558472,MI,29698,MIS007,49201
1689200123,MI,29698,MIS007,49201
1689631897,MI,29698,MIS007,49201
1700250271,MI,29698,MIS007,49201
1710412457,MI,29698,MIS007,49201
1740227818,MI,29698,MIS007,49201
1750049078,MI,29698,MIS007,49201
1770128837,MI,29698,MIS007,49201
1770549099,MI,29698,MIS007,49201
1790158251,MI,29698,MIS007,49201
1851520910,MI,29698,MIS007,49201
1932783636,MI,29698,MIS007,49201
1942374558,MI,29698,MIS007,49201
1952378432,MI,29698,MIS007,49201
1962170407,MI,29698,MIS007,49201
1962980599,MI,29698,MIS007,49201
1972189728,MI,29698,MIS007,49201
1982139325,MI,29698,MIS007,49201
1982249041,MI,29698,MIS007,49201
1013671916,MI,29698,MIS007,49201
1952534588,MI,29698,MIS007,49201
1275860678,MI,29698,MIS007,49201
1346991775,MI,29698,MIS007,49201
1659683886,MI,29698,MIS007,49201
1891991931,MI,29698,MIS007,49201
1689800047,MI,29698,MIS007,49201
1699724112,MI,29698,MIS007,49201
1710419783,MI,29698,MIS007,49201
1730617135,MI,29698,MIS007,49201
1235377516,MI,29698,MIS007,49201
1043472509,MI,29698,MIS007,49201
1154646313,MI,29698,MIS007,49201
1285793521,MI,29698,MIS007,49201
1396375366,MI,29698,MIS007,49201
1790813285,MI,29698,MIS007,49201
1902105463,MI,29698,MIS007,49201
1508950064,MI,29698,MIS007,49201
1720316763,MI,29698,MIS007,49201
1841637188,MI,29698,MIS007,49201
1982292314,MI,29698,MIS007,49201
1992589139,MI,29698,MIS007,49201
1033217096,TX,66252,TXS002,78666
1013438886,MI,58594,MIS001,49445
1033588629,MI,58594,MIS001,49445
1043218126,MI,58594,MIS001,49445
1124607007,MI,58594,MIS001,49445
1144819848,MI,58594,MIS001,49445
1235718552,MI,58594,MIS001,49445
1235851122,MI,58594,MIS001,49445
1255548442,MI,58594,MIS001,49445
1275510034,MI,58594,MIS001,49445
1295256063,MI,58594,MIS001,49445
1336453216,MI,58594,MIS001,49445
1356345698,MI,58594,MIS001,49445
1376089433,MI,58594,MIS001,49445
1396711560,MI,58594,MIS001,49445
1427035229,MI,58594,MIS001,49445
1447024989,MI,58594,MIS001,49445
1457607806,MI,58594,MIS001,49445
1477815850,MI,58594,MIS001,49445
1487069233,MI,58594,MIS001,49445
1497188668,MI,58594,MIS001,49445
1508843251,MI,58594,MIS001,49445
1508876236,MI,58594,MIS001,49445
1518662097,MI,58594,MIS001,49445
1548236888,MI,58594,MIS001,49445
1568588432,MI,58594,MIS001,49445
1568788172,MI,58594,MIS001,49445
1578764775,MI,58594,MIS001,49445
1598223612,MI,58594,MIS001,49445
1689263238,MI,58594,MIS001,49445
1700459732,MI,58594,MIS001,49445
1700863503,MI,58594,MIS001,49445
1710765813,MI,58594,MIS001,49445
1710957790,MI,58594,MIS001,49445
1770587008,MI,58594,MIS001,49445
1801137229,MI,58594,MIS001,49445
1851378657,MI,58594,MIS001,49445
1851594501,MI,58594,MIS001,49445
1861868580,MI,58594,MIS001,49445
1881645513,MI,58594,MIS001,49445
1891752168,MI,58594,MIS001,49445
1902390529,MI,58594,MIS001,49445
1922445022,MI,58594,MIS001,49445
1932186624,MI,58594,MIS001,49445
1942427935,MI,58594,MIS001,49445
1952664583,MI,58594,MIS001,49445
1952857872,MI,58594,MIS001,49445
1972361459,MI,58594,MIS001,49445
1992398689,MI,58594,MIS001,49445
1073387759,MI,58594,MIS001,49445
1093812182,MI,58594,MIS001,49445
1104599265,MI,58594,MIS001,49445
1124072400,MI,58594,MIS001,49445
1124078555,MI,58594,MIS001,49445
1205890605,MI,58594,MIS001,49445
1225752959,MI,58594,MIS001,49445
1376629493,MI,58594,MIS001,49445
1396015905,MI,58594,MIS001,49445
1396461935,MI,58594,MIS001,49445
1447689997,MI,58594,MIS001,49445
1477080380,MI,58594,MIS001,49445
1477324986,MI,58594,MIS001,49445
1477818854,MI,58594,MIS001,49445
1518325059,MI,58594,MIS001,49445
1578208526,MI,58594,MIS001,49445
1659935716,MI,58594,MIS001,49445
1669145033,MI,58594,MIS001,49445
1669666095,MI,58594,MIS001,49445
1699444687,MI,58594,MIS001,49445
1811365372,MI,58594,MIS001,49445
1871336453,MI,58594,MIS001,49445
1881345387,MI,58594,MIS001,49445
1952388563,MI,58594,MIS001,49445
1972934693,MI,58594,MIS001,49445
1033217096,TX,66252,TXS001,78666
1023386877,MI,29698,MIS007,49201
1023666765,MI,29698,MIS007,49201
1053103663,MI,29698,MIS007,49201
1073019956,MI,29698,MIS007,49201
1083443105,MI,29698,MIS007,49201
1093033474,MI,29698,MIS007,49201
1114708609,MI,29698,MIS007,49201
1174287114,MI,29698,MIS007,49201
1174985154,MI,29698,MIS007,49201
1184967085,MI,29698,MIS007,49201
1194958454,MI,29698,MIS007,49201
1215746110,MI,29698,MIS007,49201
1255195624,MI,29698,MIS007,49201
1275152159,MI,29698,MIS007,49201
1295961241,MI,29698,MIS007,49201
1306560230,MI,29698,MIS007,49201
1316567555,MI,29698,MIS007,49201
1336864933,MI,29698,MIS007,49201
1386380079,MI,29698,MIS007,49201
1386763332,MI,29698,MIS007,49201
1417625856,MI,29698,MIS007,49201
1437591229,MI,29698,MIS007,49201
1467073197,MI,29698,MIS007,49201
1467258913,MI,29698,MIS007,49201
1497498729,MI,29698,MIS007,49201
1497574362,MI,29698,MIS007,49201
1518532019,MI,29698,MIS007,49201
1518589894,MI,29698,MIS007,49201
1548021785,MI,29698,MIS007,49201
1548984602,MI,29698,MIS007,49201
1578124632,MI,29698,MIS007,49201
1578195319,MI,29698,MIS007,49201
1598116774,MI,29698,MIS007,49201
1598167868,MI,29698,MIS007,49201
1619223088,MI,29698,MIS007,49201
1629637228,MI,29698,MIS007,49201
1659747475,MI,29698,MIS007,49201
1669092078,MI,29698,MIS007,49201
1780898692,MI,29698,MIS007,49201
1790473569,MI,29698,MIS007,49201
1811626765,MI,29698,MIS007,49201
1821793134,MI,29698,MIS007,49201
1851968143,MI,29698,MIS007,49201
1861981664,MI,29698,MIS007,49201
1942241633,MI,29698,MIS007,49201
1952162836,MI,29698,MIS007,49201
1982482048,MI,29698,MIS007,49201
1821057159,MI,29698,MIS007,49201
1073136461,MI,29698,MIS007,49201
1205483591,MI,29698,MIS007,49201
1518254614,MI,29698,MIS007,49201
1972201002,MI,29698,MIS007,49201
1689814501,MI,29698,MIS007,49201
1255371530,MI,29698,MIS007,49201
1306683990,MI,29698,MIS007,49201
1578283529,MI,29698,MIS007,49201
1871286708,MI,29698,MIS007,49201
1932561941,MI,29698,MIS007,49201
1972090801,MI,29698,MIS007,49201
1992845028,MI,29698,MIS007,49201
1578051371,MI,29698,MIS007,49201
1689019507,MI,29698,MIS007,49201
1619233749,MI,29698,MIS007,49201
1598474421,MI,29698,MIS007,49201
1720533581,MI,29698,MIS007,49201
1588998561,MI,29698,MIS007,49201
1306824321,MI,29698,MIS003,49423
1013328236,MI,58594,MIS001,49445
1013355007,MI,58594,MIS001,49445
1033269816,MI,58594,MIS001,49445
1043410145,MI,58594,MIS001,49445
1134103732,MI,58594,MIS001,49445
1134244544,MI,58594,MIS001,49445
1154315505,MI,58594,MIS001,49445
1164968921,MI,58594,MIS001,49445
1174521116,MI,58594,MIS001,49445
1174761837,MI,58594,MIS001,49445
1215338090,MI,58594,MIS001,49445
1215547781,MI,58594,MIS001,49445
1215928684,MI,58594,MIS001,49445
1215979216,MI,58594,MIS001,49445
1235392598,MI,58594,MIS001,49445
1265849541,MI,58594,MIS001,49445
1336268747,MI,58594,MIS001,49445
1336670165,MI,58594,MIS001,49445
1346463254,MI,58594,MIS001,49445
1376961177,MI,58594,MIS001,49445
1386786044,MI,58594,MIS001,49445
1447244819,MI,58594,MIS001,49445
1487854485,MI,58594,MIS001,49445
1497746952,MI,58594,MIS001,49445
1497791610,MI,58594,MIS001,49445
1518086230,MI,58594,MIS001,49445
1518321819,MI,58594,MIS001,49445
1538109574,MI,58594,MIS001,49445
1558488874,MI,58594,MIS001,49445
1588205801,MI,58594,MIS001,49445
1609054394,MI,58594,MIS001,49445
1639445844,MI,58594,MIS001,49445
1649632720,MI,58594,MIS001,49445
1659545440,MI,58594,MIS001,49445
1679692206,MI,58594,MIS001,49445
1689194664,MI,58594,MIS001,49445
1720425788,MI,58594,MIS001,49445
1760703284,MI,58594,MIS001,49445
1770600462,MI,58594,MIS001,49445
1770782716,MI,58594,MIS001,49445
1780070870,MI,58594,MIS001,49445
1790766640,MI,58594,MIS001,49445
1801001011,MI,58594,MIS001,49445
1821666876,MI,58594,MIS001,49445
1831180231,MI,58594,MIS001,49445
1871544551,MI,58594,MIS001,49445
1871987792,MI,58594,MIS001,49445
1891995536,MI,58594,MIS001,49445
1912319757,MI,58594,MIS001,49445
1912436320,MI,58594,MIS001,49445
1942289798,MI,58594,MIS001,49445
1982780581,MI,58594,MIS001,49445
1558177121,MI,58594,MIS001,49456
1669348025,MI,58594,MIS001,49456
1366420168,MI,58594,MIS001,49441
1467500165,MI,58594,MIS001,49451
1104279876,MI,29698,MIS003,49423
1245014935,MI,29698,MIS003,49423
1750067823,MI,29698,MIS003,49423
1891946554,MI,29698,MIS003,49423
1346029568,MI,29698,MIS003,49423
1528674926,MI,29698,MIS003,49423
1902682727,MI,29698,MIS003,49423
1023777240,MI,29698,MIS003,49423
1912645904,MI,29698,MIS003,49423
1003832908,MI,29698,MIS005,49017
1013100312,MI,29698,MIS005,49017
1013117209,MI,29698,MIS005,49017
1013204916,MI,29698,MIS005,49017
1013937036,MI,29698,MIS005,49017
1023249364,MI,29698,MIS005,49017
1023340700,MI,29698,MIS005,49017
1023400371,MI,29698,MIS005,49017
1023497021,MI,29698,MIS005,49017
1023576006,MI,29698,MIS005,49017
1033361084,MI,29698,MIS005,49017
1033501044,MI,29698,MIS005,49017
1043230071,MI,29698,MIS005,49017
1043410384,MI,29698,MIS005,49017
1043830664,MI,29698,MIS005,49017
1053394551,MI,29698,MIS005,49017
1053514018,MI,29698,MIS005,49017
1073656963,MI,29698,MIS005,49017
1083608434,MI,29698,MIS005,49017
1083939516,MI,29698,MIS005,49017
1093913246,MI,29698,MIS005,49017
1104176460,MI,29698,MIS005,49017
1104321249,MI,29698,MIS005,49017
1124224183,MI,29698,MIS005,49017
1124295167,MI,29698,MIS005,49017
1124316054,MI,29698,MIS005,49017
1124368360,MI,29698,MIS005,49017
1134751977,MI,29698,MIS005,49017
1154773836,MI,29698,MIS005,49017
1164489316,MI,29698,MIS005,49017
1164612453,MI,29698,MIS005,49017
1174533228,MI,29698,MIS005,49017
1184004756,MI,29698,MIS005,49017
1205064458,MI,29698,MIS005,49017
1205092681,MI,29698,MIS005,49017
1205212057,MI,29698,MIS005,49017
1205987724,MI,29698,MIS005,49017
1215317110,MI,29698,MIS005,49017
1215394580,MI,29698,MIS005,49017
1225096506,MI,29698,MIS005,49017
1225318652,MI,29698,MIS005,49017
1225352792,MI,29698,MIS005,49017
1225391840,MI,29698,MIS005,49017
1225421225,MI,29698,MIS005,49017
1225440829,MI,29698,MIS005,49017
1235173303,MI,29698,MIS005,49017
1235336942,MI,29698,MIS005,49017
1245201169,MI,29698,MIS005,49017
1245789643,MI,29698,MIS005,49017
1255471488,MI,29698,MIS005,49017
1265668420,MI,29698,MIS005,49017
1275868630,MI,29698,MIS005,49017
1285254912,MI,29698,MIS005,49017
1285625590,MI,29698,MIS005,49017
1295124428,MI,29698,MIS005,49017
1295482743,MI,29698,MIS005,49017
1295777670,MI,29698,MIS005,49017
1306496872,MI,29698,MIS005,49017
1316247984,MI,29698,MIS005,49017
1326068347,MI,29698,MIS005,49017
1336472174,MI,29698,MIS005,49017
1336475219,MI,29698,MIS005,49017
1346224086,MI,29698,MIS005,49017
1346765724,MI,29698,MIS005,49017
1346811577,MI,29698,MIS005,49017
1356743959,MI,29698,MIS005,49017
1366822496,MI,29698,MIS005,49017
1376055517,MI,29698,MIS005,49017
1376637660,MI,29698,MIS005,49017
1376953661,MI,29698,MIS005,49017
1386985133,MI,29698,MIS005,49017
1407236607,MI,29698,MIS005,49017
1407305576,MI,29698,MIS005,49017
1407338627,MI,29698,MIS005,49017
1407377930,MI,29698,MIS005,49017
1407696552,MI,29698,MIS005,49017
1417151911,MI,29698,MIS005,49017
1417158619,MI,29698,MIS005,49017
1417922568,MI,29698,MIS005,49017
1427169135,MI,29698,MIS005,49017
1427259035,MI,29698,MIS005,49017
1427687557,MI,29698,MIS005,49017
1447205000,MI,29698,MIS005,49017
1447445002,MI,29698,MIS005,49017
1457434524,MI,29698,MIS005,49017
1457680894,MI,29698,MIS005,49017
1457724965,MI,29698,MIS005,49017
1457912818,MI,29698,MIS005,49017
1467027805,MI,29698,MIS005,49017
1467773374,MI,29698,MIS005,49017
1477622264,MI,29698,MIS005,49017
1477662286,MI,29698,MIS005,49017
1477664167,MI,29698,MIS005,49017
1477946184,MI,29698,MIS005,49017
1487075388,MI,29698,MIS005,49017
1487276549,MI,29698,MIS005,49017
1487286688,MI,29698,MIS005,49017
1487947925,MI,29698,MIS005,49017
1508213513,MI,29698,MIS005,49017
1508822966,MI,29698,MIS005,49017
1508894924,MI,29698,MIS005,49017
1518304666,MI,29698,MIS005,49017
1518392232,MI,29698,MIS005,49017
1528791647,MI,29698,MIS005,49017
1538363999,MI,29698,MIS005,49017
1538548326,MI,29698,MIS005,49017
1548659329,MI,29698,MIS005,49017
1548766363,MI,29698,MIS005,49017
1558660803,MI,29698,MIS005,49017
1558743377,MI,29698,MIS005,49017
1568663185,MI,29698,MIS005,49017
1578024071,MI,29698,MIS005,49017
1578964102,MI,29698,MIS005,49017
1588772016,MI,29698,MIS005,49017
1598073801,MI,29698,MIS005,49017
1598102824,MI,29698,MIS005,49017
1598834392,MI,29698,MIS005,49017
1609079334,MI,29698,MIS005,49017
1609259837,MI,29698,MIS005,49017
1609260884,MI,29698,MIS005,49017
1609338318,MI,29698,MIS005,49017
1609802685,MI,29698,MIS005,49017
1619133907,MI,29698,MIS005,49017
1619574654,MI,29698,MIS005,49017
1619942448,MI,29698,MIS005,49017
1629343298,MI,29698,MIS005,49017
1629638747,MI,29698,MIS005,49017
1649650185,MI,29698,MIS005,49017
1659328508,MI,29698,MIS005,49017
1659692945,MI,29698,MIS005,49017
1669633368,MI,29698,MIS005,49017
1669910188,MI,29698,MIS005,49017
1669931416,MI,29698,MIS005,49017
1669944922,MI,29698,MIS005,49017
1679567044,MI,29698,MIS005,49017
1679591499,MI,29698,MIS005,49017
1679721096,MI,29698,MIS005,49017
1699073643,MI,29698,MIS005,49017
1699202028,MI,29698,MIS005,49017
1699704551,MI,29698,MIS005,49017
1699710566,MI,29698,MIS005,49017
1699757849,MI,29698,MIS005,49017
1699901421,MI,29698,MIS005,49017
1700145422,MI,29698,MIS005,49017
1700235942,MI,29698,MIS005,49017
1700821063,MI,29698,MIS005,49017
1720518657,MI,29698,MIS005,49017
1730109778,MI,29698,MIS005,49017
1730584103,MI,29698,MIS005,49017
1740676295,MI,29698,MIS005,49017
1750310207,MI,29698,MIS005,49017
1770716904,MI,29698,MIS005,49017
1770739302,MI,29698,MIS005,49017
1770960049,MI,29698,MIS005,49017
1780658146,MI,29698,MIS005,49017
1780881219,MI,29698,MIS005,49017
1790231025,MI,29698,MIS005,49017
1790781508,MI,29698,MIS005,49017
1790915544,MI,29698,MIS005,49017
1790950715,MI,29698,MIS005,49017
1790994374,MI,29698,MIS005,49017
1801830732,MI,29698,MIS005,49017
1801994462,MI,29698,MIS005,49017
1811340813,MI,29698,MIS005,49017
1811493133,MI,29698,MIS005,49017
1821316837,MI,29698,MIS005,49017
1821490459,MI,29698,MIS005,49017
1831179407,MI,29698,MIS005,49017
1831203694,MI,29698,MIS005,49017
1861016396,MI,29698,MIS005,49017
1861500894,MI,29698,MIS005,49017
1861696346,MI,29698,MIS005,49017
1871852558,MI,29698,MIS005,49017
1871930107,MI,29698,MIS005,49017
1881048213,MI,29698,MIS005,49017
1881073427,MI,29698,MIS005,49017
1881894459,MI,29698,MIS005,49017
1881898104,MI,29698,MIS005,49017
1881961027,MI,29698,MIS005,49017
1902121544,MI,29698,MIS005,49017
1902194830,MI,29698,MIS005,49017
1902288723,MI,29698,MIS005,49017
1912369570,MI,29698,MIS005,49017
1912951229,MI,29698,MIS005,49017
1922199900,MI,29698,MIS005,49017
1932447018,MI,29698,MIS005,49017
1932490489,MI,29698,MIS005,49017
1932639754,MI,29698,MIS005,49017
1932802980,MI,29698,MIS005,49017
1942589874,MI,29698,MIS005,49017
1942612858,MI,29698,MIS005,49017
1952321952,MI,29698,MIS005,49017
1952354896,MI,29698,MIS005,49017
1952419566,MI,29698,MIS005,49017
1952713737,MI,29698,MIS005,49017
1962596502,MI,29698,MIS005,49017
1962873828,MI,29698,MIS005,49017
1962919555,MI,29698,MIS005,49017
1972523918,MI,29698,MIS005,49017
1982131488,MI,29698,MIS005,49017
1982917282,MI,29698,MIS005,49017
1992154058,MI,29698,MIS005,49017
1992702229,MI,29698,MIS005,49017
1992983209,MI,29698,MIS005,49017
1013319904,MI,29698,MIS005,49017
1053072090,MI,29698,MIS005,49017
1346200573,MI,29698,MIS005,49017
1477904332,MI,29698,MIS005,49017
1619363645,MI,29698,MIS005,49017
1639515349,MI,29698,MIS005,49017
1700994019,MI,29698,MIS005,49017
1952748220,MI,29698,MIS005,49017
1962518589,MI,29698,MIS005,49017
1275583031,MI,29698,MIS003,49423
1912921933,MI,29698,MIS003,49423
1649350182,MI,29698,MIS005,49017
1093195430,MI,29698,MIS005,49017
1235655036,MI,29698,MIS005,49017
1255339222,MI,29698,MIS005,49017
1285885731,MI,29698,MIS005,49017
1558322933,MI,29698,MIS005,49017
1609103589,MI,29698,MIS005,49017
1639773179,MI,29698,MIS005,49017
1760988448,MI,29698,MIS005,49017
1831327246,MI,29698,MIS005,49017
1912359936,MI,29698,MIS005,49017
1326086935,MI,29698,MIS005,49017
1437574811,MI,29698,MIS005,49017
1851731103,MI,29698,MIS005,49017
1003996547,MI,29698,MIS005,49017
1053927442,MI,29698,MIS005,49017
1093895534,MI,29698,MIS005,49017
1295084267,MI,29698,MIS005,49017
1336689009,MI,29698,MIS005,49017
1376245142,MI,29698,MIS005,49017
1497357800,MI,29698,MIS005,49017
1659048494,MI,29698,MIS005,49017
1699175471,MI,29698,MIS005,49017
1821229154,MI,29698,MIS005,49017
1851708903,MI,29698,MIS005,49017
1992271027,MI,29698,MIS005,49017
1497901110,MI,29698,MIS005,49017
1003063306,MI,29698,MIS005,49017
1053553719,MI,29698,MIS005,49017
1174923189,MI,29698,MIS005,49017
1326070020,MI,29698,MIS005,49017
1386704781,MI,29698,MIS005,49017
1770517120,MI,29698,MIS005,49017
1033847009,MI,29698,MIS005,49017
1356494710,MI,29698,MIS005,49017
1558077883,MI,29698,MIS005,49017
1982193629,MI,29698,MIS005,49017
1407110257,MI,29698,MIS005,49017
1912350893,MI,29698,MIS005,49017
1821331687,MI,29698,MIS005,49017
1891155099,MI,29698,MIS005,49017
1073545133,MI,29698,MIS005,49015
1477835874,MI,29698,MIS005,49015
1871628628,MI,29698,MIS005,49015
1700998481,MI,29698,MIS007,49202
1942683578,MI,58594,MIS001,49445
1629485131,MI,58594,MIS001,49441
1003885328,MI,29698,MIS007,49203
1730148594,MI,29698,MIS007,49203
1336204049,MI,29698,MIS005,49014
1649239070,MI,29698,MIS005,49014
1235316498,MI,29698,MIS005,49014
1558086819,MI,29698,MIS003,49423
1689228678,MI,29698,MIS003,49423
1053854117,MI,29698,MIS007,49203
1124306204,MI,29698,MIS007,49203
1134565682,MI,29698,MIS007,49203
1134625502,MI,29698,MIS007,49203
1184852980,MI,29698,MIS007,49203
1215904255,MI,29698,MIS007,49203
1235196486,MI,29698,MIS007,49203
1255837878,MI,29698,MIS007,49203
1275560773,MI,29698,MIS007,49203
1285079061,MI,29698,MIS007,49203
1306145578,MI,29698,MIS007,49203
1316438138,MI,29698,MIS007,49203
1316970312,MI,29698,MIS007,49203
1326015801,MI,29698,MIS007,49203
1407852403,MI,29698,MIS007,49203
1457437469,MI,29698,MIS007,49203
1538187927,MI,29698,MIS007,49203
1639229826,MI,29698,MIS007,49203
1659078624,MI,29698,MIS007,49203
1679057517,MI,29698,MIS007,49203
1720249667,MI,29698,MIS007,49203
1891248332,MI,29698,MIS007,49203
1639917719,MI,29698,MIS007,49202
1609931948,MI,29698,MIS007,49254
1518111970,MI,29698,MIS007,49202
1003346636,MI,58594,MIS001,48624
1013390020,MI,58594,MIS001,48624
1083996318,MI,58594,MIS001,48624
1124177977,MI,58594,MIS001,48624
1164918447,MI,58594,MIS001,48624
1174780654,MI,58594,MIS001,48624
1255858973,MI,58594,MIS001,48624
1265693980,MI,58594,MIS001,48624
1275846230,MI,58594,MIS001,48624
1306043773,MI,58594,MIS001,48624
1326432048,MI,58594,MIS001,48624
1346425816,MI,58594,MIS001,48624
1386872588,MI,58594,MIS001,48624
1407003882,MI,58594,MIS001,48624
1407853948,MI,58594,MIS001,48624
1427052091,MI,58594,MIS001,48624
1437266582,MI,58594,MIS001,48624
1447556436,MI,58594,MIS001,48624
1467481465,MI,58594,MIS001,48624
1497490692,MI,58594,MIS001,48624
1508474214,MI,58594,MIS001,48624
1568720787,MI,58594,MIS001,48624
1619347432,MI,58594,MIS001,48624
1659338630,MI,58594,MIS001,48624
1700143997,MI,58594,MIS001,48624
1710210679,MI,58594,MIS001,48624
1740911270,MI,58594,MIS001,48624
1811424914,MI,58594,MIS001,48624
1891019444,MI,58594,MIS001,48624
1902683360,MI,58594,MIS001,48624
1922205681,MI,58594,MIS001,48624
1952650988,MI,58594,MIS001,48624
1992830822,MI,58594,MIS001,48624
1992971212,MI,58594,MIS001,48624
1992980460,MI,58594,MIS001,48624
1992570162,MI,58594,MIS001,48624
1265472617,MI,29698,MIS005,49015
1083220388,MI,58594,MIS001,48624
1639155732,MI,58594,MIS001,48624
1639187230,MI,58594,MIS001,48624
1841641636,MI,58594,MIS001,48624
1922000124,MI,58594,MIS001,48624
1922884717,MI,58594,MIS001,48624
1972174969,MI,58594,MIS001,48624
1972731370,MI,58594,MIS001,48624
1043431232,TX,66252,TXS002,78666
1265042279,MI,29698,MIS005,49015
1306224621,MI,29698,MIS005,49015
1427793231,MI,29698,MIS005,49015
1659569002,MI,29698,MIS005,49015
1992493704,MI,29698,MIS005,49015
1306256771,MI,58594,MIS001,49441
1043431232,TX,66252,TXS001,78666
1396102869,MI,29698,MIS007,49203
1225809502,MI,29698,MIS003,49348
1245853274,MI,29698,MIS003,49348
1295393254,MI,29698,MIS003,49348
1609930262,MI,29698,MIS003,49348
1568664670,TX,66252,TXS002,78666
1396851002,TX,66252,TXS002,78666
1023003563,TX,66252,TXS002,78666
1215921937,TX,66252,TXS002,78666
1467735704,TX,66252,TXS002,78666
1477241347,TX,66252,TXS002,78666
1528282050,TX,66252,TXS002,78666
1629062344,TX,66252,TXS002,78666
1629633474,TX,66252,TXS002,78666
1669529129,TX,66252,TXS002,78666
1790915858,TX,66252,TXS002,78666
1912991621,TX,66252,TXS002,78666
1962893891,TX,66252,TXS002,78666
1972597953,TX,66252,TXS002,78666
1457359952,TX,66252,TXS002,78666
1831134824,TX,66252,TXS002,78666
1568664670,TX,66252,TXS001,78666
1396851002,TX,66252,TXS001,78666
1023003563,TX,66252,TXS001,78666
1215921937,TX,66252,TXS001,78666
1467735704,TX,66252,TXS001,78666
1477241347,TX,66252,TXS001,78666
1528282050,TX,66252,TXS001,78666
1629062344,TX,66252,TXS001,78666
1629633474,TX,66252,TXS001,78666
1669529129,TX,66252,TXS001,78666
1790915858,TX,66252,TXS001,78666
1912991621,TX,66252,TXS001,78666
1962893891,TX,66252,TXS001,78666
1972597953,TX,66252,TXS001,78666
1457359952,TX,66252,TXS001,78666
1831134824,TX,66252,TXS001,78666
1336928290,MI,58594,MIS001,49441
1699630996,TX,66252,TXS002,78666
1043098775,TX,66252,TXS002,78666
1316994304,MI,29698,MIS007,49201
1104015056,MI,29698,MIS007,49201
1285844191,MI,29698,MIS007,49201
1306137666,MI,29698,MIS007,49201
1912004458,MI,29698,MIS007,49201
1841803087,MI,29698,MIS007,49201
1033279906,MI,29698,MIS007,49201
1164181210,MI,29698,MIS007,49201
1164418042,MI,29698,MIS007,49201
1174198030,MI,29698,MIS007,49201
1306482476,MI,29698,MIS007,49201
1508597840,MI,29698,MIS007,49201
1568722981,MI,29698,MIS007,49201
1689682551,MI,29698,MIS007,49201
1750776985,MI,29698,MIS007,49201
1821063363,MI,29698,MIS007,49201
1831164375,MI,29698,MIS007,49201
1891154829,MI,29698,MIS007,49201
1518043512,MI,29698,MIS007,49201
1699630996,TX,66252,TXS001,78666
1043098775,TX,66252,TXS001,78666
1639915382,MI,29698,MIS007,49201
1316058357,MI,29698,MIS007,49201
1114521853,MI,29698,MIS007,49201
1184676017,MI,58594,MIS001,49412
1336164425,TX,66252,TXS002,78666
1366063927,TX,66252,TXS002,78666
1437347697,TX,66252,TXS002,78666
1518674571,TX,66252,TXS002,78666
1336164425,TX,66252,TXS001,78666
1366063927,TX,66252,TXS001,78666
1437347697,TX,66252,TXS001,78666
1518674571,TX,66252,TXS001,78666
1053553719,MI,29698,MIS007,49202
1053796730,MI,29698,MIS007,49202
1134404288,MI,29698,MIS007,49202
1174923189,MI,29698,MIS007,49202
1245590868,MI,29698,MIS007,49202
1275117319,MI,29698,MIS007,49202
1386704781,MI,29698,MIS007,49202
1396826095,MI,29698,MIS007,49202
1508063843,MI,29698,MIS007,49202
1508861659,MI,29698,MIS007,49202
1629073036,MI,29698,MIS007,49202
1639818263,MI,29698,MIS007,49202
1659421253,MI,29698,MIS007,49202
1881101582,MI,29698,MIS007,49202
1114815552,MI,29698,MIS007,49202
1396580171,MI,29698,MIS007,49202
1417179367,MI,58594,MIS001,49251
1003182130,TX,66252,TXS002,78666
1114137064,TX,66252,TXS002,78666
1205384096,TX,66252,TXS002,78666
1255080354,TX,66252,TXS002,78666
1497099709,TX,66252,TXS002,78666
1538304803,TX,66252,TXS002,78666
1629578018,TX,66252,TXS002,78666
1659353902,TX,66252,TXS002,78666
1750534376,TX,66252,TXS002,78666
1881631356,TX,66252,TXS002,78666
1942730916,TX,66252,TXS002,78666
1982642914,TX,66252,TXS002,78666
1003182130,TX,66252,TXS001,78666
1114137064,TX,66252,TXS001,78666
1205384096,TX,66252,TXS001,78666
1255080354,TX,66252,TXS001,78666
1497099709,TX,66252,TXS001,78666
1538304803,TX,66252,TXS001,78666
1629578018,TX,66252,TXS001,78666
1659353902,TX,66252,TXS001,78666
1750534376,TX,66252,TXS001,78666
1881631356,TX,66252,TXS001,78666
1942730916,TX,66252,TXS001,78666
1982642914,TX,66252,TXS001,78666
1316408149,TX,66252,TXS002,78666
1316408149,TX,66252,TXS001,78666
1205944519,MI,29698,MIS005,49068
1295413839,MI,29698,MIS005,49068
1538618939,MI,29698,MIS005,49068
1851505861,MI,29698,MIS005,49068
1801811187,MI,58594,MIS001,49456
1174637995,MI,29698,MIS007,49240
1740230200,MI,58594,MIS001,49444
1487745980,MI,58594,MIS001,49444
1770546749,MI,58594,MIS001,49444
1245305044,MI,29698,MIS007,49203
1609833359,MI,29698,MIS007,49203
1457319832,MI,29698,MIS007,49203
1730747049,MI,29698,MIS007,49240
1518707025,MI,29698,MIS005,49015
1114551876,MI,29698,MIS005,49068
1316220437,MI,58594,MIS001,49444
1598963530,MI,29698,MIS005,49037
1215904255,MI,29698,MIS007,49240
1326015801,MI,29698,MIS007,49240
1265995013,MI,29698,MIS007,49240
1942520424,MI,29698,MIS007,49240
1427539220,MI,29698,MIS007,49240
1457437469,MI,29698,MIS007,49240
1760716252,MI,29698,MIS007,49203
1033143433,MI,29698,MIS005,49068
1083688261,MI,29698,MIS003,49406
1528465648,MI,58594,MIS001,48656
1023077591,MI,58594,MIS001,48441
1033192059,MI,58594,MIS001,48441
1730149576,MI,58594,MIS001,48441
1740332600,MI,58594,MIS001,48441
1669048534,MI,58594,MIS001,49327
1396234829,MI,58594,MIS001,48441
1629099619,MI,58594,MIS001,49327
1639648579,MI,58594,MIS001,49327
1649923061,MI,58594,MIS001,49327
1700804234,MI,58594,MIS001,49327
1760123186,MI,58594,MIS001,49327
1902465743,MI,58594,MIS001,49327
1053836650,MI,29698,MIS005,49068
1346083169,MI,29698,MIS005,49068
1710933932,MI,29698,MIS005,49068
1235410762,MI,29698,MIS005,49068
1366903791,MI,29698,MIS005,49068
1417977570,MI,29698,MIS005,49068
1437689437,MI,29698,MIS005,49068
1467119420,MI,29698,MIS005,49068
1558619908,MI,29698,MIS005,49068
1689847428,MI,29698,MIS005,49068
1760993042,MI,29698,MIS005,49068
1801380589,MI,29698,MIS005,49068
1891781944,MI,29698,MIS005,49068
1902874126,MI,29698,MIS005,49068
1922774959,MI,29698,MIS005,49068
1962035402,MI,29698,MIS005,49068
1396709523,MI,29698,MIS005,49068
1760014500,MI,29698,MIS005,49068
1982818597,MI,29698,MIS005,49068
1568109585,MI,29698,MIS005,49015
1912050758,MI,29698,MIS005,49068
1437353935,MI,29698,MIS005,49068
1033573472,MI,29698,MIS005,49068
1396115739,TX,66252,TXS002,78666
1588716286,TX,66252,TXS002,78666
1831348648,TX,66252,TXS002,78666
1013759513,MI,29698,MIS005,49068
1164412961,MI,29698,MIS005,49068
1336880954,MI,29698,MIS005,49068
1386608107,MI,29698,MIS005,49068
1427791797,MI,29698,MIS005,49068
1437891926,MI,29698,MIS005,49068
1467258160,MI,29698,MIS005,49068
1659938785,MI,29698,MIS005,49068
1700615507,MI,29698,MIS005,49068
1720719214,MI,29698,MIS005,49068
1770473746,MI,29698,MIS005,49068
1801297940,MI,29698,MIS005,49068
1932947645,MI,29698,MIS005,49068
1972016038,MI,29698,MIS005,49068
1861224743,MI,29698,MIS005,49068
1396115739,TX,66252,TXS001,78666
1588716286,TX,66252,TXS001,78666
1831348648,TX,66252,TXS001,78666
1538245667,MI,29698,MIS007,49202
1336260645,MI,58594,MIS001,49442
1922999887,MI,29698,MIS005,49037
1730122367,MI,29698,MIS007,49201
1023503240,MI,58594,MIS001,49412
1598326662,MI,58594,MIS001,49412
1023231008,MI,58594,MIS001,49412
1124889852,MI,58594,MIS001,49412
1285685461,MI,58594,MIS001,49412
1326875741,MI,58594,MIS001,49412
1386221000,MI,58594,MIS001,49412
1477320919,MI,58594,MIS001,49412
1568414860,MI,58594,MIS001,49412
1588372437,MI,58594,MIS001,49412
1720613490,MI,58594,MIS001,49412
1801846316,MI,58594,MIS001,49412
1841929171,MI,58594,MIS001,49412
1871224816,MI,58594,MIS001,49412
1942252440,MI,58594,MIS001,49412
1972153104,MI,58594,MIS001,49412
1497100119,MI,58594,MIS001,48624
1124767009,MI,29698,MIS005,49015
1689069148,MI,29698,MIS005,49015
1386034486,MI,29698,MIS007,49202
1154604064,MI,29698,MIS007,49203
1720691314,MI,29698,MIS007,49202
1285508960,MI,58594,MIS001,48455
1275256265,TX,66252,TXS002,78666
1881775708,MI,29698,MIS007,49201
1275256265,TX,66252,TXS001,78666
1003832908,MI,29698,MIS005,49015
1205499902,MI,29698,MIS005,49015
1285625590,MI,29698,MIS005,49015
1316247984,MI,29698,MIS005,49015
1336475219,MI,29698,MIS005,49015
1407305576,MI,29698,MIS005,49015
1427259035,MI,29698,MIS005,49015
1487286688,MI,29698,MIS005,49015
1548574528,MI,29698,MIS005,49015
1679721096,MI,29698,MIS005,49015
1831687110,MI,29698,MIS005,49015
1992983209,MI,29698,MIS005,49015
1720262181,MI,58594,MIS001,49403
1134737455,TX,66252,TXS002,78666
1306476858,TX,66252,TXS002,78666
1962828202,TX,66252,TXS002,78666
1134737455,TX,66252,TXS001,78666
1306476858,TX,66252,TXS001,78666
1962828202,TX,66252,TXS001,78666
1902930043,MI,29698,MIS007,49201
1306045257,MI,29698,MIS005,49068
1487752440,MI,29698,MIS005,49015
1578109732,MI,29698,MIS005,49015
1023052081,MI,58594,MIS001,48653
1659411619,MI,58594,MIS001,48653
1104458017,MI,58594,MIS001,49444
1376959726,MI,58594,MIS001,49444
1063403632,MI,29698,MIS007,49202
1134118961,MI,58594,MIS001,49442
1184125759,MI,58594,MIS001,49442
1336188556,MI,58594,MIS001,49442
1437706496,MI,58594,MIS001,49442
1538714373,MI,58594,MIS001,49442
1649749136,MI,58594,MIS001,49442
1649755984,MI,58594,MIS001,49442
1760813224,MI,58594,MIS001,49442
1780673525,MI,58594,MIS001,49442
1871525832,MI,58594,MIS001,49442
1063605822,MI,58594,MIS001,49442
1679734271,MI,29698,MIS005,49015
1356874440,MI,29698,MIS005,49015
1447030986,MI,29698,MIS005,49015
1417080706,MI,58594,MIS001,49444
1023608239,MI,58594,MIS001,49442
1023796828,MI,58594,MIS001,49442
1134530132,MI,58594,MIS001,49442
1144871930,MI,58594,MIS001,49442
1154798254,MI,58594,MIS001,49442
1164080412,MI,58594,MIS001,49442
1194348490,MI,58594,MIS001,49442
1205062874,MI,58594,MIS001,49442
1215140470,MI,58594,MIS001,49442
1225364953,MI,58594,MIS001,49442
1225500895,MI,58594,MIS001,49442
1275041501,MI,58594,MIS001,49442
1336892520,MI,58594,MIS001,49442
1376944777,MI,58594,MIS001,49442
1427534726,MI,58594,MIS001,49442
1477056257,MI,58594,MIS001,49442
1568886984,MI,58594,MIS001,49442
1619421880,MI,58594,MIS001,49442
1689301160,MI,58594,MIS001,49442
1700574373,MI,58594,MIS001,49442
1710608047,MI,58594,MIS001,49442
1821414038,MI,58594,MIS001,49442
1821656711,MI,58594,MIS001,49442
1821869900,MI,58594,MIS001,49442
1841062353,MI,58594,MIS001,49442
1881384048,MI,58594,MIS001,49442
1922528181,MI,58594,MIS001,49442
1972008381,MI,58594,MIS001,49442
1134120108,MI,58594,MIS001,49442
1831451657,MI,58594,MIS001,49444
1225280779,MI,58594,MIS001,49444
1114547874,MI,29698,MIS005,49015
1619135480,MI,29698,MIS005,49015
1982676110,MI,29698,MIS005,49015
1801160361,MI,58594,MIS001,49440
1972164069,MI,58594,MIS001,49440
1720871585,MI,29698,MIS005,49015
1083595425,TX,66252,TXS002,78666
1083595425,TX,66252,TXS001,78666
1326482035,MI,29698,MIS007,49201
1184817413,MI,29698,MIS007,49201
1184852980,MI,29698,MIS007,49201
1205834090,MI,29698,MIS007,49201
1245430693,MI,29698,MIS007,49201
1265846042,MI,29698,MIS007,49201
1275542672,MI,29698,MIS007,49201
1326490046,MI,29698,MIS007,49201
1558645291,MI,29698,MIS007,49201
1649371071,MI,29698,MIS007,49201
1659366110,MI,29698,MIS007,49201
1720249667,MI,29698,MIS007,49201
1730741786,MI,29698,MIS007,49201
1740711605,MI,29698,MIS007,49201
1770746943,MI,29698,MIS007,49201
1811559867,MI,29698,MIS007,49201
1003603481,MI,29698,MIS007,49201
1023531225,MI,29698,MIS007,49201
1093339145,MI,29698,MIS007,49201
1194377234,MI,29698,MIS007,49201
1245823269,MI,29698,MIS007,49201
1255089868,MI,29698,MIS007,49201
1295305399,MI,29698,MIS007,49201
1417106238,MI,29698,MIS007,49201
1427653104,MI,29698,MIS007,49201
1437292513,MI,29698,MIS007,49201
1457357055,MI,29698,MIS007,49201
1518453836,MI,29698,MIS007,49201
1568227676,MI,29698,MIS007,49201
1629621925,MI,29698,MIS007,49201
1659351229,MI,29698,MIS007,49201
1689052789,MI,29698,MIS007,49201
1699343566,MI,29698,MIS007,49201
1740008069,MI,29698,MIS007,49201
1760043269,MI,29698,MIS007,49201
1780248484,MI,29698,MIS007,49201
1801885454,MI,29698,MIS007,49201
1811658420,MI,29698,MIS007,49201
1891193330,MI,29698,MIS007,49201
1891519161,MI,29698,MIS007,49201
1881898104,MI,29698,MIS005,49014
1518023480,MI,58594,MIS001,49444
1154704773,MI,58594,MIS001,49444
1184118838,MI,58594,MIS001,49444
1396702098,MI,58594,MIS001,49444
1407813413,MI,58594,MIS001,49444
1477519791,MI,58594,MIS001,49444
1023291044,MI,58594,MIS001,49444
1134111818,MI,58594,MIS001,49452
1164624292,MI,58594,MIS001,49452
1063900496,MI,58594,MIS001,48371
1083052377,MI,58594,MIS001,48371
1154512895,MI,58594,MIS001,48371
1316955925,MI,58594,MIS001,48371
1417998980,MI,58594,MIS001,48371
1427094929,MI,58594,MIS001,48371
1548823800,MI,58594,MIS001,48371
1588600464,MI,58594,MIS001,48371
1619190790,MI,58594,MIS001,48371
1649685967,MI,58594,MIS001,48371
1821021486,MI,58594,MIS001,48371
1821288747,MI,58594,MIS001,48371
1891710158,MI,58594,MIS001,48371
1902998719,MI,58594,MIS001,48371
1013213958,MI,58594,MIS001,48371
1023615788,MI,58594,MIS001,48371
1053567669,MI,58594,MIS001,48371
1538516646,MI,58594,MIS001,48371
1811074065,MI,58594,MIS001,48371
1285229070,MI,58594,MIS001,48371
1104893502,MI,58594,MIS001,48371
1386642056,MI,58594,MIS001,48371
1487143889,MI,58594,MIS001,48371
1497953533,MI,58594,MIS001,48371
1811201114,MI,58594,MIS001,48371
1053706549,MI,29698,MIS005,49017
1417690397,MI,58594,MIS001,48371
1013920438,MI,29698,MIS003,49423
1932145729,MI,29698,MIS003,49423
1194463745,MI,29698,MIS003,49423
1851496830,MI,29698,MIS007,49203
1962659680,MI,29698,MIS007,49203
1104089986,MI,58594,MIS001,49444
1700663200,MI,58594,MIS001,49444
1740751775,MI,58594,MIS001,49444
1740989284,MI,58594,MIS001,49444
1912261694,MI,58594,MIS001,49444
1205464955,MI,58594,MIS001,49444
1215428339,MI,58594,MIS001,49444
1265749451,MI,58594,MIS001,49444
1376089433,MI,58594,MIS001,49444
1447251442,MI,58594,MIS001,49444
1871907097,MI,58594,MIS001,49444
1235692526,MI,58594,MIS001,49444
1942010350,MI,58594,MIS001,49444
1336377225,MI,29698,MIS007,49277
1316010010,MI,58594,MIS001,49420
1588914782,MI,58594,MIS001,49420
1275906091,MI,29698,MIS007,49240
1427162023,MI,58594,MIS001,49444
1134569312,MI,58594,MIS001,48371
1194164558,MI,58594,MIS001,48371
1245536580,MI,58594,MIS001,48371
1417331364,MI,58594,MIS001,48371
1699225649,MI,58594,MIS001,48371
1932094349,MI,58594,MIS001,48371
1861570194,MI,58594,MIS001,48471
1780206391,MI,58594,MIS001,49456
1427239086,MI,58594,MIS001,48471
1003300310,MI,58594,MIS001,49444
1174522429,MI,58594,MIS001,49444
1194729053,MI,58594,MIS001,49444
1225752959,MI,58594,MIS001,49444
1245224674,MI,58594,MIS001,49444
1699273318,MI,58594,MIS001,49444
1770564650,MI,58594,MIS001,49444
1811536428,MI,58594,MIS001,49444
1952933798,MI,58594,MIS001,49444
1992799357,MI,58594,MIS001,49444
1245610823,MI,58594,MIS001,48651
1063127108,MI,58594,MIS001,49444
1366998627,MI,58594,MIS001,49444
1396165080,MI,58594,MIS001,49444
1467983007,MI,58594,MIS001,49444
1891482881,MI,58594,MIS001,49444
1982288619,MI,58594,MIS001,49444
1316248867,MI,58594,MIS001,49412
1003389883,MI,58594,MIS001,49442
1669700290,MI,58594,MIS001,49442
1851885800,MI,58594,MIS001,49442
1124159488,MI,58594,MIS001,49327
1154035046,MI,58594,MIS001,49327
1588650527,MI,58594,MIS001,49327
1336339787,MI,29698,MIS005,49014
1356771190,MI,58594,MIS001,49327
1376287284,MI,58594,MIS001,49327
1033187265,MI,29698,MIS007,49203
1043984693,MI,29698,MIS007,49203
1053829937,MI,29698,MIS007,49203
1053957548,MI,29698,MIS007,49203
1063839520,MI,29698,MIS007,49203
1114038700,MI,29698,MIS007,49203
1275815870,MI,29698,MIS007,49203
1427740356,MI,29698,MIS007,49203
1508290941,MI,29698,MIS007,49203
1538243928,MI,29698,MIS007,49203
1699407189,MI,29698,MIS007,49203
1699868927,MI,29698,MIS007,49203
1902986441,MI,29698,MIS007,49203
1932520244,MI,29698,MIS007,49203
1972964724,MI,29698,MIS007,49203
1619979838,MI,29698,MIS005,49015
1922613819,MI,29698,MIS005,49015
1487437190,MI,29698,MIS007,49230
1679704258,MI,29698,MIS007,49230
1821067398,MI,29698,MIS007,49230
1063827863,MI,58594,MIS001,49442
1114156742,MI,58594,MIS001,49442
1215929856,MI,58594,MIS001,49442
1225310774,MI,58594,MIS001,49442
1275525958,MI,58594,MIS001,49442
1285658955,MI,58594,MIS001,49442
1285863571,MI,58594,MIS001,49442
1295985034,MI,58594,MIS001,49442
1306026133,MI,58594,MIS001,49442
1336361138,MI,58594,MIS001,49442
1346477973,MI,58594,MIS001,49442
1356768469,MI,58594,MIS001,49442
1538180732,MI,58594,MIS001,49442
1619900412,MI,58594,MIS001,49442
1689613952,MI,58594,MIS001,49442
1700801081,MI,58594,MIS001,49442
1700878584,MI,58594,MIS001,49442
1720247299,MI,58594,MIS001,49442
1730443607,MI,58594,MIS001,49442
1801109731,MI,58594,MIS001,49442
1861484636,MI,58594,MIS001,49442
1861744005,MI,58594,MIS001,49442
1902007644,MI,58594,MIS001,49442
1942212667,MI,58594,MIS001,49442
1568408789,MI,29698,MIS007,49203
1912093949,MI,29698,MIS007,49203
1114045853,MI,29698,MIS005,49017
1417586454,MI,58594,MIS001,49442
1619750353,MI,29698,MIS003,49423
1326319328,MI,29698,MIS003,49423
1568812717,MI,29698,MIS003,49423
1639619844,MI,29698,MIS003,49423
1659099786,MI,29698,MIS003,49423
1598866485,MI,29698,MIS005,49037
1033146766,MI,29698,MIS007,49204
1720249667,MI,29698,MIS007,49202
1306103163,MI,29698,MIS005,49017
1730149907,MI,29698,MIS005,49017
1356312276,MI,58594,MIS001,49442
1801399027,MI,29698,MIS005,49015
1184164790,MI,29698,MIS003,49423
1386192409,MI,29698,MIS003,49423
1720165095,MI,29698,MIS007,49203
1689678302,TX,66252,TXS002,78666
1578566196,TX,66252,TXS002,78666
1851395552,TX,66252,TXS002,78666
1508952821,MI,29698,MIS005,49014
1952662538,MI,29698,MIS005,49014
1295219558,MI,29698,MIS005,49014
1306954797,MI,29698,MIS005,49014
1780292664,MI,29698,MIS005,49014
1831224682,MI,29698,MIS005,49014
1689678302,TX,66252,TXS001,78666
1578566196,TX,66252,TXS001,78666
1851395552,TX,66252,TXS001,78666
1932947645,MI,29698,MIS005,49017
1972488047,MI,29698,MIS005,49017
1164162509,MI,29698,MIS005,49017
1346064318,MI,29698,MIS005,49017
1689447765,MI,29698,MIS005,49017
1396580171,MI,29698,MIS005,49017
1104211507,MI,29698,MIS005,49015
1346873635,MI,29698,MIS005,49015
1356737928,MI,29698,MIS005,49015
1366069502,MI,29698,MIS005,49015
1629508650,MI,29698,MIS005,49015
1659662138,MI,29698,MIS005,49015
1710191721,MI,29698,MIS005,49015
1972008902,MI,29698,MIS005,49015
1992461453,MI,29698,MIS005,49015
1003382938,MI,29698,MIS005,49014
1083613624,MI,29698,MIS005,49014
1306048178,MI,29698,MIS005,49014
1356893960,MI,29698,MIS005,49014
1427631613,MI,29698,MIS005,49014
1780180752,MI,29698,MIS005,49014
1972830826,MI,29698,MIS005,49014
1144264821,MI,58594,MIS001,49445
1235145244,MI,58594,MIS001,49445
1689652869,TX,66252,TXS002,78666
1689652869,TX,66252,TXS001,78666
1154674190,MI,29698,MIS007,49203
1417377185,MI,29698,MIS007,49203
1841915014,MI,29698,MIS007,49203
1003301557,MI,29698,MIS007,49201
1003811662,MI,29698,MIS007,49201
1063738458,MI,29698,MIS007,49201
1174068050,MI,29698,MIS007,49201
1194741447,MI,29698,MIS007,49201
1215293089,MI,29698,MIS007,49201
1215446331,MI,29698,MIS007,49201
1215922109,MI,29698,MIS007,49201
1235450008,MI,29698,MIS007,49201
1245288992,MI,29698,MIS007,49201
1275567828,MI,29698,MIS007,49201
1285840637,MI,29698,MIS007,49201
1306435227,MI,29698,MIS007,49201
1356836233,MI,29698,MIS007,49201
1366046070,MI,29698,MIS007,49201
1386663219,MI,29698,MIS007,49201
1417213604,MI,29698,MIS007,49201
1447742465,MI,29698,MIS007,49201
1457610529,MI,29698,MIS007,49201
1457917569,MI,29698,MIS007,49201
1477813400,MI,29698,MIS007,49201
1487156808,MI,29698,MIS007,49201
1497088876,MI,29698,MIS007,49201
1508301383,MI,29698,MIS007,49201
1518588797,MI,29698,MIS007,49201
1538187927,MI,29698,MIS007,49201
1548359409,MI,29698,MIS007,49201
1598907529,MI,29698,MIS007,49201
1619075637,MI,29698,MIS007,49201
1619209442,MI,29698,MIS007,49201
1629033444,MI,29698,MIS007,49201
1639114739,MI,29698,MIS007,49201
1639758600,MI,29698,MIS007,49201
1649657164,MI,29698,MIS007,49201
1659992402,MI,29698,MIS007,49201
1669676680,MI,29698,MIS007,49201
1669887881,MI,29698,MIS007,49201
1689762114,MI,29698,MIS007,49201
1699329060,MI,29698,MIS007,49201
1720452253,MI,29698,MIS007,49201
1730361361,MI,29698,MIS007,49201
1740405497,MI,29698,MIS007,49201
1760640940,MI,29698,MIS007,49201
1790772424,MI,29698,MIS007,49201
1801897376,MI,29698,MIS007,49201
1811288103,MI,29698,MIS007,49201
1821240128,MI,29698,MIS007,49201
1841296332,MI,29698,MIS007,49201
1841653813,MI,29698,MIS007,49201
1851984330,MI,29698,MIS007,49201
1871020909,MI,29698,MIS007,49201
1871334953,MI,29698,MIS007,49201
1881611465,MI,29698,MIS007,49201
1891763306,MI,29698,MIS007,49201
1902802473,MI,29698,MIS007,49201
1912983131,MI,29698,MIS007,49201
1932180148,MI,29698,MIS007,49201
1952927766,MI,29698,MIS007,49201
1962837518,MI,29698,MIS007,49201
1972026912,MI,29698,MIS007,49201
1720273527,MI,29698,MIS005,49094
1689025553,MI,29698,MIS005,49094
1518602507,TX,66252,TXS002,78666
1518602507,TX,66252,TXS001,78666
1033905286,MI,29698,MIS007,49201
1164165601,MI,29698,MIS007,49201
1316514102,MI,29698,MIS007,49201
1467983346,MI,29698,MIS007,49201
1487162822,MI,29698,MIS007,49201
1558795989,MI,29698,MIS007,49201
1821836024,MI,29698,MIS007,49201
1891182358,MI,29698,MIS007,49201
1477881589,MI,58594,MIS001,48654
1902245202,MI,58594,MIS001,49456
1114972916,MI,58594,MIS001,49440
1528465648,MI,58594,MIS001,48654
1013566496,MI,58594,MIS001,49251
1639793680,MI,58594,MIS001,49251
1720752447,MI,58594,MIS001,49251
1780232835,MI,58594,MIS001,49251
1982380911,MI,58594,MIS001,49251
1073240974,MI,29698,MIS003,49423
1114227543,MI,29698,MIS003,49423
1134986490,MI,29698,MIS003,49423
1184239568,MI,29698,MIS003,49423
1255533329,MI,29698,MIS003,49423
1265889281,MI,29698,MIS003,49423
1356693618,MI,29698,MIS003,49423
1366496630,MI,29698,MIS003,49423
1386369072,MI,29698,MIS003,49423
1407312739,MI,29698,MIS003,49423
1477910008,MI,29698,MIS003,49423
1528675840,MI,29698,MIS003,49423
1538477328,MI,29698,MIS003,49423
1568184117,MI,29698,MIS003,49423
1578420253,MI,29698,MIS003,49423
1598117111,MI,29698,MIS003,49423
1598241648,MI,29698,MIS003,49423
1740680883,MI,29698,MIS003,49423
1841752763,MI,29698,MIS003,49423
1851048060,MI,29698,MIS003,49423
1932899093,MI,29698,MIS003,49423
1952887713,MI,29698,MIS003,49423
1164827085,MI,29698,MIS005,49015
1013385806,MI,29698,MIS005,49017
1114531969,MI,29698,MIS005,49017
1124301270,MI,29698,MIS005,49017
1780639450,MI,58594,MIS001,48624
1225292923,MI,29698,MIS005,49017
1245700178,MI,29698,MIS005,49017
1407323207,MI,29698,MIS005,49017
1457183170,MI,29698,MIS005,49017
1689551152,MI,29698,MIS005,49017
1386987311,MI,29698,MIS005,49017
1598260309,MI,29698,MIS005,49017
1316940372,TX,66252,TXS002,78666
1316940372,TX,66252,TXS001,78666
1013379643,MI,58594,MIS001,49444
1588868426,MI,58594,MIS001,49444
1699903245,MI,58594,MIS001,49444
1912099375,MI,58594,MIS001,49444
1093045692,TX,66252,TXS002,78666
1093045692,TX,66252,TXS001,78666
1265623458,MI,29698,MIS005,49068
1851801070,TX,66252,TXS002,78666
1851801070,TX,66252,TXS001,78666
1467145243,MI,58594,MIS001,48624
1053388413,MI,58594,MIS001,49441
1801425939,MI,58594,MIS001,49444
1497208425,MI,29698,MIS005,49068
1629288394,MI,29698,MIS005,49068
1447413380,MI,29698,MIS007,49240
1942677307,MI,58594,MIS001,49442
1407652431,MI,29698,MIS005,49068
1558368910,MI,29698,MIS005,49068
1013915859,MI,58594,MIS001,49412
1457748048,MI,58594,MIS001,49412
1477740272,MI,58594,MIS001,49412
1952351926,MI,58594,MIS001,49412
1992932735,MI,58594,MIS001,48422
1164834818,MI,29698,MIS003,49344
1295388098,MI,29698,MIS003,49344
1467483727,MI,29698,MIS003,49344
1629034244,MI,29698,MIS003,49344
1811061393,MI,29698,MIS003,49344
1043822356,MI,58594,MIS001,49441
1306982079,MI,58594,MIS001,49441
1609102151,MI,58594,MIS001,49441
1952077489,MI,58594,MIS001,49441
1164458295,MI,29698,MIS003,49344
1427619667,MI,29698,MIS003,49344
1679029847,MI,29698,MIS003,49344
1730348327,MI,29698,MIS003,49344
1851926307,MI,29698,MIS003,49344
1013055292,TX,66252,TXS002,78666
1427099977,TX,66252,TXS002,78666
1952785800,TX,66252,TXS002,78666
1437691821,TX,66252,TXS002,78666
1437842085,TX,66252,TXS002,78666
1609572056,TX,66252,TXS002,78666
1952608770,TX,66252,TXS002,78666
1013055292,TX,66252,TXS001,78666
1427099977,TX,66252,TXS001,78666
1952785800,TX,66252,TXS001,78666
1437691821,TX,66252,TXS001,78666
1437842085,TX,66252,TXS001,78666
1609572056,TX,66252,TXS001,78666
1952608770,TX,66252,TXS001,78666
1073956710,MI,29698,MIS007,49203
1417335076,MI,29698,MIS007,49203
1083241228,MI,29698,MIS005,49037
1154383578,MI,29698,MIS005,49037
1154709640,MI,29698,MIS005,49037
1205814811,MI,29698,MIS005,49037
1245649813,MI,29698,MIS005,49037
1306103163,MI,29698,MIS005,49037
1477658623,MI,29698,MIS005,49037
1548659329,MI,29698,MIS005,49037
1548767528,MI,29698,MIS005,49037
1598314031,MI,29698,MIS005,49037
1669852711,MI,29698,MIS005,49037
1669909776,MI,29698,MIS005,49037
1740659291,MI,29698,MIS005,49037
1790781508,MI,29698,MIS005,49037
1871660472,MI,29698,MIS005,49037
1639062755,MI,58594,MIS001,49441
1306184684,MI,58594,MIS001,49444
1184598146,MI,29698,MIS005,49037
1245532134,MI,29698,MIS005,49037
1306048178,MI,29698,MIS005,49037
1356404487,MI,29698,MIS005,49037
1417405648,MI,29698,MIS005,49037
1437145448,MI,29698,MIS005,49037
1497915045,MI,29698,MIS005,49037
1609039684,MI,29698,MIS005,49037
1679885602,MI,29698,MIS005,49037
1740301472,MI,29698,MIS005,49037
1780321000,MI,29698,MIS005,49037
1972956142,MI,29698,MIS005,49037
1982346953,MI,29698,MIS005,49037
1437924040,TX,66252,TXS002,78666
1073468039,TX,66252,TXS002,78666
1114879707,TX,66252,TXS002,78666
1154114692,TX,66252,TXS002,78666
1871479774,TX,66252,TXS002,78666
1437924040,TX,66252,TXS001,78666
1073468039,TX,66252,TXS001,78666
1114879707,TX,66252,TXS001,78666
1154114692,TX,66252,TXS001,78666
1871479774,TX,66252,TXS001,78666
1326607177,MI,58594,MIS001,49442
1336217496,MI,29698,MIS007,49203
1588715221,MI,58594,MIS001,48427
1548990773,MI,58594,MIS001,48624
1922184852,MI,58594,MIS001,48624
1194709428,MI,29698,MIS007,49203
1447472915,MI,58594,MIS001,49445
1851074868,MI,58594,MIS001,48471
1154768463,MI,29698,MIS007,49203
1164544326,MI,29698,MIS007,49203
1518078187,MI,29698,MIS007,49203
1639994676,MI,29698,MIS007,49203
1932591302,MI,29698,MIS007,49203
1407323207,MI,29698,MIS007,49203
1760319214,MI,29698,MIS007,49203
1306937040,TX,66252,TXS002,78666
1306937040,TX,66252,TXS001,78666
1174923189,MI,29698,MIS005,49015
1043274327,MI,29698,MIS005,49037
1568525608,MI,29698,MIS005,49037
1437638970,MI,29698,MIS005,49037
1972172054,MI,29698,MIS005,49037
1073537403,MI,29698,MIS003,49423
1174692420,MI,29698,MIS003,49423
1740243369,MI,29698,MIS003,49423
1164784724,MI,58594,MIS001,49415
1326028028,MI,58594,MIS001,49415
1508843251,MI,58594,MIS001,49415
1508876236,MI,58594,MIS001,49415
1629569785,MI,58594,MIS001,49415
1699752477,MI,58594,MIS001,49415
1790047918,MI,58594,MIS001,49415
1851378657,MI,58594,MIS001,49415
1447833512,MI,58594,MIS001,49415
1881355592,MI,58594,MIS001,48624
1346861440,MI,58594,MIS001,49440
1518916097,MI,58594,MIS001,48653
1144906017,MI,58594,MIS001,49440
1215405535,MI,58594,MIS001,49440
1245024181,MI,58594,MIS001,49440
1356732408,MI,58594,MIS001,49440
1396137667,MI,58594,MIS001,49440
1407009046,MI,58594,MIS001,49440
1558786236,MI,58594,MIS001,49440
1689301160,MI,58594,MIS001,49440
1700074101,MI,58594,MIS001,49440
1114018207,MI,58594,MIS001,49445
1104938240,MI,29698,MIS003,49423
1558837484,MI,29698,MIS003,49423
1588064372,MI,29698,MIS003,49423
1205952009,MI,58594,MIS001,49412
1619155058,MI,29698,MIS007,49230
1902134646,MI,58594,MIS001,49412
1871536508,MI,29698,MIS005,49017
1972550002,MI,29698,MIS005,49017
1598760167,MI,29698,MIS003,49423
1093237778,MI,29698,MIS003,49423
1881615946,MI,29698,MIS003,49423
1801909452,MI,29698,MIS003,49423
1588997639,MI,29698,MIS007,49240
1407281108,MI,29698,MIS005,49015
1427126523,MI,29698,MIS005,49015
1427313709,MI,29698,MIS005,49015
1508875477,MI,29698,MIS005,49015
1609069566,MI,29698,MIS005,49015
1639955412,MI,29698,MIS005,49015
1730646696,MI,29698,MIS005,49015
1215433743,MI,58594,MIS001,48455
1558429969,MI,58594,MIS001,48455
1073733358,MI,29698,MIS007,49230
1629030879,MI,58594,MIS001,48422
1336576073,MI,29698,MIS007,49254
1083190805,MI,29698,MIS007,49201
1073571857,MI,29698,MIS005,49015
1174038699,MI,29698,MIS005,49015
1366962458,MI,29698,MIS005,49015
1386858603,MI,29698,MIS005,49015
1427785401,MI,29698,MIS005,49015
1568037497,MI,29698,MIS005,49015
1699537696,MI,29698,MIS005,49015
1700378056,MI,29698,MIS005,49015
1760649594,MI,29698,MIS005,49015
1790444917,MI,29698,MIS005,49015
1801641758,MI,29698,MIS005,49015
1821317991,MI,29698,MIS005,49015
1861696882,MI,29698,MIS005,49015
1871960930,MI,29698,MIS005,49015
1003949769,MI,29698,MIS007,49203
1073518270,MI,58594,MIS001,49404
1598866485,MI,29698,MIS005,49017
1952110702,MI,58594,MIS001,49404
1578066163,MI,29698,MIS003,49348
1770076168,MI,29698,MIS003,49348
1891279956,MI,29698,MIS003,49348
1598866485,MI,29698,MIS003,49348
1417105073,MI,29698,MIS005,49015
1225447659,MI,29698,MIS005,49068
1366852709,MI,29698,MIS005,49068
1558885038,MI,29698,MIS005,49068
1851773311,MI,29698,MIS005,49068
1487920591,MI,29698,MIS007,49201
1043363922,MI,29698,MIS007,49201
1841630332,MI,29698,MIS007,49201
1598168064,MI,58594,MIS001,48624
1922445964,MI,58594,MIS001,48624
1710063755,MI,58594,MIS001,48624
1790209161,MI,58594,MIS001,48624
1821457854,MI,58594,MIS001,48624
1942289525,MI,29698,MIS003,49423
1508391160,MI,29698,MIS003,49423
1093930141,MI,58594,MIS001,49441
1376726604,MI,58594,MIS001,49441
1174545487,MI,58594,MIS001,49444
1285617613,MI,58594,MIS001,49444
1306066634,MI,58594,MIS001,49444
1366420168,MI,58594,MIS001,49444
1609157304,MI,58594,MIS001,49444
1699086140,MI,58594,MIS001,49444
1760698245,MI,58594,MIS001,49444
1801356076,MI,58594,MIS001,49444
1871226829,MI,58594,MIS001,49444
1902660533,MI,58594,MIS001,49444
1912981994,MI,58594,MIS001,49444
1164954129,MI,58594,MIS001,48624
1710466024,MI,58594,MIS001,48624
1720362585,MI,29698,MIS005,49017
1851886220,MI,58594,MIS001,49441
1023490943,MI,29698,MIS003,49423
1699470682,MI,29698,MIS007,49285
1780954347,MI,29698,MIS007,49285
1841310489,MI,58594,MIS001,49412
1669257465,MI,29698,MIS005,49017
1700168960,MI,29698,MIS007,49285
1407879653,MI,58594,MIS001,48827
1871020909,MI,58594,MIS001,48827
1053424150,MI,58594,MIS001,48827
1508515024,MI,58594,MIS001,48827
1588979926,MI,58594,MIS001,48827
1104865724,MI,58594,MIS001,48471
1841266053,MI,58594,MIS001,48471
1023080447,MI,58594,MIS001,49444
1336453216,MI,58594,MIS001,49444
1427035229,MI,58594,MIS001,49444
1700863503,MI,58594,MIS001,49444
1710765813,MI,58594,MIS001,49444
1770587008,MI,58594,MIS001,49444
1033792197,MI,58594,MIS001,49444
1215148879,MI,58594,MIS001,49444
1225596968,MI,58594,MIS001,49444
1275510034,MI,58594,MIS001,49444
1326595257,MI,58594,MIS001,49444
1457607806,MI,58594,MIS001,49444
1487112389,MI,58594,MIS001,49444
1760914535,MI,58594,MIS001,49444
1780630020,MI,58594,MIS001,49444
1790783926,MI,58594,MIS001,49444
1861874190,MI,58594,MIS001,49444
1881161990,MI,58594,MIS001,49444
1972033819,MI,58594,MIS001,49444
1013907427,MI,58594,MIS001,49444
1255992806,MI,58594,MIS001,49444
1437371788,MI,58594,MIS001,49444
1477814648,MI,58594,MIS001,49444
1538721543,MI,58594,MIS001,49444
1700378239,MI,58594,MIS001,49444
1861056533,MI,58594,MIS001,49444
1902244833,MI,58594,MIS001,49444
1295202208,MI,58594,MIS001,48624
1316662562,MI,58594,MIS001,48624
1477159200,MI,58594,MIS001,48624
1508278409,MI,58594,MIS001,48624
1518528710,MI,58594,MIS001,48624
1588078620,MI,58594,MIS001,48624
1609160506,MI,58594,MIS001,48624
1639767452,MI,58594,MIS001,48624
1669134706,MI,58594,MIS001,48624
1750801239,MI,58594,MIS001,48624
1750891685,MI,58594,MIS001,48624
1932454501,MI,58594,MIS001,48624
1013458595,MI,58594,MIS001,48624
1053545657,MI,58594,MIS001,48624
1104230358,MI,58594,MIS001,48624
1306271556,MI,58594,MIS001,48624
1346842242,MI,58594,MIS001,48624
1407526619,MI,58594,MIS001,48624
1538685821,MI,58594,MIS001,48624
1548832124,MI,58594,MIS001,48624
1568488385,MI,58594,MIS001,48624
1669997425,MI,58594,MIS001,48624
1952889016,MI,58594,MIS001,48624
1992119028,MI,58594,MIS001,48624
1033909809,MI,58594,MIS001,48471
1962068163,MI,58594,MIS001,48471
1437738580,MI,58594,MIS001,49444
1467468934,MI,58594,MIS001,49444
1801600218,MI,58594,MIS001,49444
1114500790,MI,58594,MIS001,49444
1952045783,MI,58594,MIS001,49444
1144967100,MI,58594,MIS001,49444
1669209045,MI,58594,MIS001,49444
1558025122,TX,66252,TXS002,78666
1720664568,TX,66252,TXS002,78666
1851988604,TX,66252,TXS002,78666
1205096906,TX,66252,TXS002,78666
1932458080,TX,66252,TXS002,78666
1033404082,TX,66252,TXS002,78666
1104037100,TX,66252,TXS002,78666
1154447852,TX,66252,TXS002,78666
1194398297,TX,66252,TXS002,78666
1295755965,TX,66252,TXS002,78666
1346333283,TX,66252,TXS002,78666
1508248410,TX,66252,TXS002,78666
1588774061,TX,66252,TXS002,78666
1609585538,TX,66252,TXS002,78666
1639558810,TX,66252,TXS002,78666
1659396406,TX,66252,TXS002,78666
1760177943,TX,66252,TXS002,78666
1932787694,TX,66252,TXS002,78666
1962896977,TX,66252,TXS002,78666
1043530207,TX,66252,TXS002,78666
1770522633,TX,66252,TXS002,78666
1205044633,TX,66252,TXS002,78666
1194772780,TX,66252,TXS002,78666
1558025122,TX,66252,TXS001,78666
1720664568,TX,66252,TXS001,78666
1851988604,TX,66252,TXS001,78666
1205096906,TX,66252,TXS001,78666
1932458080,TX,66252,TXS001,78666
1033404082,TX,66252,TXS001,78666
1104037100,TX,66252,TXS001,78666
1154447852,TX,66252,TXS001,78666
1194398297,TX,66252,TXS001,78666
1295755965,TX,66252,TXS001,78666
1346333283,TX,66252,TXS001,78666
1508248410,TX,66252,TXS001,78666
1588774061,TX,66252,TXS001,78666
1609585538,TX,66252,TXS001,78666
1639558810,TX,66252,TXS001,78666
1659396406,TX,66252,TXS001,78666
1760177943,TX,66252,TXS001,78666
1932787694,TX,66252,TXS001,78666
1962896977,TX,66252,TXS001,78666
1043530207,TX,66252,TXS001,78666
1770522633,TX,66252,TXS001,78666
1205044633,TX,66252,TXS001,78666
1194772780,TX,66252,TXS001,78666
1003249442,MI,58594,MIS001,49444
1114147477,MI,58594,MIS001,49444
1134357940,MI,58594,MIS001,49444
1427290113,MI,58594,MIS001,49444
1447513635,MI,58594,MIS001,49444
1598255788,MI,58594,MIS001,49444
1619389756,MI,58594,MIS001,49444
1770627051,MI,58594,MIS001,49444
1801849120,MI,58594,MIS001,49444
1861084014,MI,58594,MIS001,49444
1396387148,MI,58594,MIS001,49444
1427170836,MI,58594,MIS001,49444
1295394765,MI,29698,MIS005,49015
1770142739,MI,29698,MIS005,49015
1881635746,MI,58594,MIS001,49444
1700345402,MI,58594,MIS001,49444
1902056559,MI,58594,MIS001,49456
1255084513,MI,58594,MIS001,48462
1265689897,MI,58594,MIS001,49442
1467408229,MI,58594,MIS001,49442
1487152633,MI,58594,MIS001,49442
1588224083,MI,58594,MIS001,49442
1588759674,MI,58594,MIS001,49442
1699315747,MI,58594,MIS001,49442
1861989519,MI,58594,MIS001,49442
1902098197,MI,58594,MIS001,49442
1952898686,MI,58594,MIS001,49442
1962578575,MI,58594,MIS001,48462
1750957205,MI,58594,MIS001,49442
1427195171,TX,66252,TXS002,78666
1508920935,TX,66252,TXS002,78666
1598050676,TX,66252,TXS002,78666
1710457940,TX,66252,TXS002,78666
1932677739,TX,66252,TXS002,78666
1952798779,TX,66252,TXS002,78666
1184987174,TX,66252,TXS002,78666
1306124912,TX,66252,TXS002,78666
1366881815,TX,66252,TXS002,78666
1134672967,TX,66252,TXS002,78666
1306847587,TX,66252,TXS002,78666
1639305428,TX,66252,TXS002,78666
1821230939,TX,66252,TXS002,78666
1427195171,TX,66252,TXS001,78666
1508920935,TX,66252,TXS001,78666
1598050676,TX,66252,TXS001,78666
1710457940,TX,66252,TXS001,78666
1932677739,TX,66252,TXS001,78666
1952798779,TX,66252,TXS001,78666
1184987174,TX,66252,TXS001,78666
1306124912,TX,66252,TXS001,78666
1366881815,TX,66252,TXS001,78666
1134672967,TX,66252,TXS001,78666
1306847587,TX,66252,TXS001,78666
1639305428,TX,66252,TXS001,78666
1821230939,TX,66252,TXS001,78666
1871237719,TX,66252,TXS002,78666
1215662697,TX,66252,TXS002,78666
1205361920,TX,66252,TXS002,78666
1871237719,TX,66252,TXS001,78666
1215662697,TX,66252,TXS001,78666
1205361920,TX,66252,TXS001,78666
1073008371,MI,58594,MIS001,48624
1932369618,MI,58594,MIS001,48624
1578382081,MI,29698,MIS007,49203
1679315139,MI,29698,MIS007,49203
1922525146,MI,58594,MIS001,49448
1073057360,MI,58594,MIS001,49330
1417075425,MI,58594,MIS001,48827
1255714531,MI,58594,MIS001,48827
1063684769,MI,58594,MIS001,49420
1104011394,MI,58594,MIS001,49420
1518234301,MI,58594,MIS001,49420
1578043683,MI,58594,MIS001,49420
1588964100,MI,58594,MIS001,49420
1790814762,MI,58594,MIS001,49420
1972290203,MI,58594,MIS001,49420
1982792040,MI,58594,MIS001,49420
1508108655,MI,58594,MIS001,49442
1528081262,MI,29698,MIS005,49037
1760486583,MI,29698,MIS007,49203
1548210487,MI,29698,MIS007,49203
1891511895,MI,29698,MIS005,49037
1356175657,MI,29698,MIS007,49202
1083004147,MI,29698,MIS007,49203
1093112740,MI,29698,MIS007,49203
1215178306,MI,29698,MIS007,49203
1538252549,MI,29698,MIS007,49203
1609509652,MI,29698,MIS007,49203
1003275777,MI,29698,MIS005,49015
1023104932,MI,29698,MIS005,49015
1053803965,MI,29698,MIS005,49015
1063135432,MI,29698,MIS005,49015
1104472299,MI,29698,MIS005,49015
1104531409,MI,29698,MIS005,49015
1124689948,MI,29698,MIS005,49015
1134840184,MI,29698,MIS005,49015
1174886493,MI,29698,MIS005,49015
1194740514,MI,29698,MIS005,49015
1205212289,MI,29698,MIS005,49015
1205870029,MI,29698,MIS005,49015
1215935085,MI,29698,MIS005,49015
1215983556,MI,29698,MIS005,49015
1316201056,MI,29698,MIS005,49015
1386008654,MI,29698,MIS005,49015
1417258898,MI,29698,MIS005,49015
1427441245,MI,29698,MIS005,49015
1437517539,MI,29698,MIS005,49015
1457707572,MI,29698,MIS005,49015
1487315420,MI,29698,MIS005,49015
1497309751,MI,29698,MIS005,49015
1518210707,MI,29698,MIS005,49015
1528601887,MI,29698,MIS005,49015
1538251145,MI,29698,MIS005,49015
1609191659,MI,29698,MIS005,49015
1619080702,MI,29698,MIS005,49015
1649250093,MI,29698,MIS005,49015
1659735272,MI,29698,MIS005,49015
1710079330,MI,29698,MIS005,49015
1720752264,MI,29698,MIS005,49015
1740658244,MI,29698,MIS005,49015
1740839588,MI,29698,MIS005,49015
1801483490,MI,29698,MIS005,49015
1811554082,MI,29698,MIS005,49015
1841564309,MI,29698,MIS005,49015
1851357503,MI,29698,MIS005,49015
1881474534,MI,29698,MIS005,49015
1922705664,MI,29698,MIS005,49015
1932459930,MI,29698,MIS005,49015
1942072038,MI,29698,MIS005,49015
1942819990,MI,29698,MIS005,49015
1962275206,MI,29698,MIS005,49015
1104268283,MI,29698,MIS005,49015
1801759055,MI,29698,MIS005,49015
1902797400,MI,29698,MIS005,49015
1154728889,MI,58594,MIS001,48653
1376930859,MI,29698,MIS007,49201
1639668072,MI,29698,MIS007,49201
1023322658,MI,29698,MIS007,49201
1487154126,MI,58594,MIS001,49412
1508343047,MI,58594,MIS001,49412
1518583673,MI,58594,MIS001,49412
1669563565,MI,58594,MIS001,49412
1760977599,MI,58594,MIS001,49412
1023051703,MI,29698,MIS007,49201
1851622450,MI,29698,MIS007,49240
1730239492,MI,58594,MIS001,48466
1629637228,MI,29698,MIS007,49203
1922757194,MI,29698,MIS007,49203
1497611768,MI,29698,MIS003,49423
1740008002,MI,29698,MIS003,49423
1629141007,MI,29698,MIS007,49202
1891528857,MI,29698,MIS007,49202
1932167491,MI,29698,MIS007,49201
1851358527,MI,29698,MIS007,49201
1841398682,MI,58594,MIS001,48371
1770152795,MI,58594,MIS001,49441
1235202490,MI,58594,MIS001,48371
1427447192,MI,29698,MIS005,49015
1811881394,MI,29698,MIS007,49201
1861378804,MI,29698,MIS007,49201
1932048832,MI,29698,MIS007,49201
1861097321,MI,29698,MIS007,49201
1053567743,MI,29698,MIS003,49423
1699331215,MI,58594,MIS001,48471
1861433302,MI,58594,MIS001,48471
1497534655,MI,58594,MIS001,48471
1386748820,MI,29698,MIS005,49094
1124616412,MI,58594,MIS001,49442
1265997498,MI,58594,MIS001,49442
1104890490,MI,29698,MIS007,49202
1376517359,MI,29698,MIS007,49202
1700405925,MI,29698,MIS007,49202
1801351671,MI,29698,MIS007,49202
1275117319,MI,29698,MIS007,49203
1437502044,MI,29698,MIS007,49203
1679669485,MI,29698,MIS007,49203
1720362585,MI,29698,MIS007,49203
1902941537,MI,29698,MIS007,49203
1396531083,MI,29698,MIS007,49203
1457508962,MI,29698,MIS007,49203
1669257465,MI,29698,MIS007,49203
1881476992,MI,29698,MIS007,49203
1912767815,MI,29698,MIS007,49203
1992494231,MI,29698,MIS007,49203
1205700341,MI,29698,MIS005,49015
1871856633,MI,29698,MIS005,49015
1134512569,MI,58594,MIS001,48371
1457410987,MI,58594,MIS001,48371
1164590600,MI,58594,MIS001,48371
1811995673,MI,58594,MIS001,48371
1295582385,MI,58594,MIS001,48371
1760975635,MI,58594,MIS001,48371
1811224637,MI,29698,MIS005,49015
1003307919,MI,29698,MIS003,49423
1013071372,MI,29698,MIS003,49423
1013450170,MI,29698,MIS003,49423
1043997661,MI,29698,MIS003,49423
1063726768,MI,29698,MIS003,49423
1073698536,MI,29698,MIS003,49423
1083395545,MI,29698,MIS003,49423
1093240103,MI,29698,MIS003,49423
1104853712,MI,29698,MIS003,49423
1114118510,MI,29698,MIS003,49423
1134613896,MI,29698,MIS003,49423
1144732843,MI,29698,MIS003,49423
1154584753,MI,29698,MIS003,49423
1154816882,MI,29698,MIS003,49423
1174542724,MI,29698,MIS003,49423
1174709588,MI,29698,MIS003,49423
1174724793,MI,29698,MIS003,49423
1205941622,MI,29698,MIS003,49423
1215344650,MI,29698,MIS003,49423
1215464771,MI,29698,MIS003,49423
1235109372,MI,29698,MIS003,49423
1245662436,MI,29698,MIS003,49423
1245669936,MI,29698,MIS003,49423
1265779409,MI,29698,MIS003,49423
1285250142,MI,29698,MIS003,49423
1326278722,MI,29698,MIS003,49423
1346477874,MI,29698,MIS003,49423
1346735784,MI,29698,MIS003,49423
1356371868,MI,29698,MIS003,49423
1356570113,MI,29698,MIS003,49423
1376504605,MI,29698,MIS003,49423
1386194157,MI,29698,MIS003,49423
1386663920,MI,29698,MIS003,49423
1396041679,MI,29698,MIS003,49423
1396194288,MI,29698,MIS003,49423
1427580083,MI,29698,MIS003,49423
1427619352,MI,29698,MIS003,49423
1447205539,MI,29698,MIS003,49423
1457796229,MI,29698,MIS003,49423
1477693505,MI,29698,MIS003,49423
1497284459,MI,29698,MIS003,49423
1497787469,MI,29698,MIS003,49423
1497791750,MI,29698,MIS003,49423
1508875402,MI,29698,MIS003,49423
1518304666,MI,29698,MIS003,49423
1558674689,MI,29698,MIS003,49423
1578723482,MI,29698,MIS003,49423
1578902441,MI,29698,MIS003,49423
1588686695,MI,29698,MIS003,49423
1598285983,MI,29698,MIS003,49423
1609298512,MI,29698,MIS003,49423
1609818400,MI,29698,MIS003,49423
1609821081,MI,29698,MIS003,49423
1619562857,MI,29698,MIS003,49423
1619912540,MI,29698,MIS003,49423
1639188428,MI,29698,MIS003,49423
1639307093,MI,29698,MIS003,49423
1639362346,MI,29698,MIS003,49423
1659084622,MI,29698,MIS003,49423
1659519296,MI,29698,MIS003,49423
1659832582,MI,29698,MIS003,49423
1699112193,MI,29698,MIS003,49423
1699357210,MI,29698,MIS003,49423
1710199021,MI,29698,MIS003,49423
1710484274,MI,29698,MIS003,49423
1710941711,MI,29698,MIS003,49423
1730679093,MI,29698,MIS003,49423
1750300422,MI,29698,MIS003,49423
1770699894,MI,29698,MIS003,49423
1770781890,MI,29698,MIS003,49423
1780034090,MI,29698,MIS003,49423
1790191831,MI,29698,MIS003,49423
1811418106,MI,29698,MIS003,49423
1831175942,MI,29698,MIS003,49423
1831465376,MI,29698,MIS003,49423
1841350808,MI,29698,MIS003,49423
1841480977,MI,29698,MIS003,49423
1841635638,MI,29698,MIS003,49423
1881127694,MI,29698,MIS003,49423
1881186609,MI,29698,MIS003,49423
1922048800,MI,29698,MIS003,49423
1922410281,MI,29698,MIS003,49423
1932684172,MI,29698,MIS003,49423
1942409677,MI,29698,MIS003,49423
1952382194,MI,29698,MIS003,49423
1952781445,MI,29698,MIS003,49423
1013328236,MI,29698,MIS003,49423
1013355007,MI,29698,MIS003,49423
1033269816,MI,29698,MIS003,49423
1043410145,MI,29698,MIS003,49423
1083730907,MI,29698,MIS003,49423
1134103732,MI,29698,MIS003,49423
1134332794,MI,29698,MIS003,49423
1174761837,MI,29698,MIS003,49423
1194716621,MI,29698,MIS003,49423
1215928684,MI,29698,MIS003,49423
1215979216,MI,29698,MIS003,49423
1255858981,MI,29698,MIS003,49423
1265849541,MI,29698,MIS003,49423
1336268747,MI,29698,MIS003,49423
1336670165,MI,29698,MIS003,49423
1346463254,MI,29698,MIS003,49423
1366460172,MI,29698,MIS003,49423
1366525966,MI,29698,MIS003,49423
1386690162,MI,29698,MIS003,49423
1386786044,MI,29698,MIS003,49423
1447442215,MI,29698,MIS003,49423
1447816863,MI,29698,MIS003,49423
1497012843,MI,29698,MIS003,49423
1497746952,MI,29698,MIS003,49423
1508279589,MI,29698,MIS003,49423
1518086230,MI,29698,MIS003,49423
1518914779,MI,29698,MIS003,49423
1528049111,MI,29698,MIS003,49423
1558488874,MI,29698,MIS003,49423
1609054394,MI,29698,MIS003,49423
1609217165,MI,29698,MIS003,49423
1619419827,MI,29698,MIS003,49423
1629059480,MI,29698,MIS003,49423
1629619903,MI,29698,MIS003,49423
1639361884,MI,29698,MIS003,49423
1649632720,MI,29698,MIS003,49423
1659545440,MI,29698,MIS003,49423
1679692206,MI,29698,MIS003,49423
1710968284,MI,29698,MIS003,49423
1720021157,MI,29698,MIS003,49423
1720425788,MI,29698,MIS003,49423
1730120007,MI,29698,MIS003,49423
1760703284,MI,29698,MIS003,49423
1770103210,MI,29698,MIS003,49423
1770283988,MI,29698,MIS003,49423
1770525743,MI,29698,MIS003,49423
1770600462,MI,29698,MIS003,49423
1770782716,MI,29698,MIS003,49423
1780070870,MI,29698,MIS003,49423
1780179903,MI,29698,MIS003,49423
1780666073,MI,29698,MIS003,49423
1790766640,MI,29698,MIS003,49423
1801001011,MI,29698,MIS003,49423
1821232455,MI,29698,MIS003,49423
1831180231,MI,29698,MIS003,49423
1871061085,MI,29698,MIS003,49423
1891995536,MI,29698,MIS003,49423
1942289798,MI,29698,MIS003,49423
1346330438,MI,58594,MIS001,49444
1396969838,MI,29698,MIS005,49017
1639393085,MI,29698,MIS005,49017
1245012293,MI,29698,MIS007,49230
1235622986,TX,66252,TXS002,78666
1316174279,TX,66252,TXS002,78666
1366992356,TX,66252,TXS002,78666
1598232886,TX,66252,TXS002,78666
1730709833,TX,66252,TXS002,78666
1790099547,TX,66252,TXS002,78666
1952891475,TX,66252,TXS002,78666
1235622986,TX,66252,TXS001,78666
1316174279,TX,66252,TXS001,78666
1366992356,TX,66252,TXS001,78666
1598232886,TX,66252,TXS001,78666
1730709833,TX,66252,TXS001,78666
1790099547,TX,66252,TXS001,78666
1952891475,TX,66252,TXS001,78666
1598866485,MI,58594,MIS001,48653
1114513843,TX,66252,TXS002,78666
1376549204,TX,66252,TXS002,78666
1457350902,TX,66252,TXS002,78666
1760039796,TX,66252,TXS002,78666
1023710704,TX,66252,TXS002,78666
1114513843,TX,66252,TXS001,78666
1376549204,TX,66252,TXS001,78666
1457350902,TX,66252,TXS001,78666
1760039796,TX,66252,TXS001,78666
1023710704,TX,66252,TXS001,78666
1780391110,TX,66252,TXS002,78666
1780391110,TX,66252,TXS001,78666
1770370223,MI,58594,MIS001,48653
1144320771,MI,58594,MIS001,48827
1942684709,MI,58594,MIS001,48827
1164191011,TX,66252,TXS002,78666
1417913104,MI,58594,MIS001,48827
1851967434,MI,58594,MIS001,48827
1164191011,TX,66252,TXS001,78666
1649057027,MI,58594,MIS001,48827
1912214982,MI,29698,MIS007,49202
1225873607,TX,66252,TXS002,78666
1659981488,TX,66252,TXS002,78666
1679579874,TX,66252,TXS002,78666
1225873607,TX,66252,TXS001,78666
1659981488,TX,66252,TXS001,78666
1679579874,TX,66252,TXS001,78666
1356863484,MI,29698,MIS007,49240
1033257753,TX,66252,TXS002,78666
1285862235,TX,66252,TXS002,78666
1306853627,TX,66252,TXS002,78666
1023507100,TX,66252,TXS002,78666
1043310352,TX,66252,TXS002,78666
1114981529,TX,66252,TXS002,78666
1114983566,TX,66252,TXS002,78666
1164687430,TX,66252,TXS002,78666
1174873988,TX,66252,TXS002,78666
1316137722,TX,66252,TXS002,78666
1326255308,TX,66252,TXS002,78666
1386901072,TX,66252,TXS002,78666
1447888011,TX,66252,TXS002,78666
1609220060,TX,66252,TXS002,78666
1760446702,TX,66252,TXS002,78666
1972553303,TX,66252,TXS002,78666
1992004642,TX,66252,TXS002,78666
1932307261,TX,66252,TXS002,78666
1033257753,TX,66252,TXS001,78666
1285862235,TX,66252,TXS001,78666
1306853627,TX,66252,TXS001,78666
1023507100,TX,66252,TXS001,78666
1043310352,TX,66252,TXS001,78666
1114981529,TX,66252,TXS001,78666
1114983566,TX,66252,TXS001,78666
1164687430,TX,66252,TXS001,78666
1174873988,TX,66252,TXS001,78666
1316137722,TX,66252,TXS001,78666
1326255308,TX,66252,TXS001,78666
1386901072,TX,66252,TXS001,78666
1447888011,TX,66252,TXS001,78666
1609220060,TX,66252,TXS001,78666
1760446702,TX,66252,TXS001,78666
1972553303,TX,66252,TXS001,78666
1992004642,TX,66252,TXS001,78666
1932307261,TX,66252,TXS001,78666
1073387759,MI,58594,MIS001,49444
1093812182,MI,58594,MIS001,49444
1104599265,MI,58594,MIS001,49444
1124078555,MI,58594,MIS001,49444
1154371581,MI,58594,MIS001,49444
1205890605,MI,58594,MIS001,49444
1376629493,MI,58594,MIS001,49444
1396015905,MI,58594,MIS001,49444
1396461935,MI,58594,MIS001,49444
1447689997,MI,58594,MIS001,49444
1477080380,MI,58594,MIS001,49444
1477324986,MI,58594,MIS001,49444
1477818854,MI,58594,MIS001,49444
1518325059,MI,58594,MIS001,49444
1578208526,MI,58594,MIS001,49444
1659935716,MI,58594,MIS001,49444
1669145033,MI,58594,MIS001,49444
1669666095,MI,58594,MIS001,49444
1699444687,MI,58594,MIS001,49444
1811365372,MI,58594,MIS001,49444
1871336453,MI,58594,MIS001,49444
1881345387,MI,58594,MIS001,49444
1952388563,MI,58594,MIS001,49444
1972934693,MI,58594,MIS001,49444
1265431621,TX,66252,TXS002,78666
1457329906,TX,66252,TXS002,78666
1952459620,TX,66252,TXS002,78666
1265431621,TX,66252,TXS001,78666
1457329906,TX,66252,TXS001,78666
1952459620,TX,66252,TXS001,78666
1215591466,TX,66252,TXS002,78666
1982603593,TX,66252,TXS002,78666
1215591466,TX,66252,TXS001,78666
1982603593,TX,66252,TXS001,78666
1407748585,MI,58594,MIS001,49444
1457557647,MI,58594,MIS001,49444
1487470456,MI,58594,MIS001,49444
1528399714,MI,58594,MIS001,49444
1114099983,MI,29698,MIS005,49017
1376571000,MI,29698,MIS007,49203
1972594141,TX,66252,TXS002,78666
1245618065,TX,66252,TXS002,78666
1396314225,TX,66252,TXS002,78666
1598876583,TX,66252,TXS002,78666
1851756589,TX,66252,TXS002,78666
1962484733,TX,66252,TXS002,78666
1588639447,TX,66252,TXS002,78666
1689677239,TX,66252,TXS002,78666
1972594141,TX,66252,TXS001,78666
1245618065,TX,66252,TXS001,78666
1396314225,TX,66252,TXS001,78666
1598876583,TX,66252,TXS001,78666
1851756589,TX,66252,TXS001,78666
1962484733,TX,66252,TXS001,78666
1588639447,TX,66252,TXS001,78666
1689677239,TX,66252,TXS001,78666
1780626689,MI,29698,MIS007,49203
1376076489,TX,66252,TXS002,78666
1902075922,TX,66252,TXS002,78666
1023129517,MI,58594,MIS001,49442
1083156723,MI,58594,MIS001,49442
1194298794,MI,58594,MIS001,49442
1508295973,MI,58594,MIS001,49442
1659583888,MI,58594,MIS001,49442
1740799451,MI,58594,MIS001,49442
1790778397,MI,58594,MIS001,49442
1962405357,MI,58594,MIS001,49442
1194136556,MI,58594,MIS001,49442
1033319181,MI,58594,MIS001,49442
1164862033,MI,58594,MIS001,49442
1174741409,MI,58594,MIS001,49442
1225474174,MI,58594,MIS001,49442
1396964169,MI,58594,MIS001,49442
1912261694,MI,58594,MIS001,49442
1922219666,MI,58594,MIS001,49442
1376104596,MI,58594,MIS001,49442
1437635984,MI,58594,MIS001,49442
1497313803,MI,58594,MIS001,49442
1649583063,MI,58594,MIS001,49442
1750648945,MI,58594,MIS001,49442
1881078137,MI,58594,MIS001,49442
1003078429,MI,58594,MIS001,49442
1184006611,MI,58594,MIS001,49442
1285081067,MI,58594,MIS001,49442
1467666040,MI,58594,MIS001,49442
1891106001,MI,58594,MIS001,49442
1891131959,MI,58594,MIS001,49442
1558855544,MI,58594,MIS001,49442
1740643196,MI,58594,MIS001,49442
1073953881,MI,58594,MIS001,49442
1326494907,MI,58594,MIS001,49442
1518931245,MI,58594,MIS001,49442
1750325437,MI,58594,MIS001,49442
1861807315,MI,58594,MIS001,49442
1093147241,MI,58594,MIS001,49442
1184911596,MI,58594,MIS001,49442
1659719060,MI,58594,MIS001,49442
1780169367,MI,58594,MIS001,49442
1952520736,MI,58594,MIS001,49442
1235197088,MI,58594,MIS001,49444
1255394482,MI,58594,MIS001,49444
1275884454,MI,58594,MIS001,49444
1366998007,MI,58594,MIS001,49444
1376833509,MI,58594,MIS001,49444
1396474185,MI,58594,MIS001,49444
1548799869,MI,58594,MIS001,49444
1376076489,TX,66252,TXS001,78666
1902075922,TX,66252,TXS001,78666
1104515758,MI,58594,MIS001,49445
1184369290,MI,58594,MIS001,49445
1235692526,MI,58594,MIS001,49445
1366256224,MI,58594,MIS001,49445
1528864014,MI,58594,MIS001,49445
1609639715,MI,58594,MIS001,49445
1669280384,MI,58594,MIS001,49445
1801600218,MI,58594,MIS001,49445
1851361802,MI,58594,MIS001,49445
1902690365,MI,58594,MIS001,49445
1942010350,MI,58594,MIS001,49445
1407748585,MI,58594,MIS001,49445
1457557647,MI,58594,MIS001,49445
1487470456,MI,58594,MIS001,49445
1528399714,MI,58594,MIS001,49445
1922661313,MI,58594,MIS001,49445
1316772940,MI,58594,MIS001,49442
1326817313,MI,58594,MIS001,49442
1669098810,MI,58594,MIS001,49442
1003128471,MI,58594,MIS001,49442
1134501562,MI,58594,MIS001,49442
1912911108,MI,58594,MIS001,49442
1023528676,MI,58594,MIS001,49442
1073089991,MI,58594,MIS001,48371
1285808535,MI,58594,MIS001,48371
1760660419,MI,58594,MIS001,48371
1801325089,MI,58594,MIS001,48371
1538993217,MI,58594,MIS001,48371
1376861112,MI,58594,MIS001,48455
1417348970,MI,58594,MIS001,48455
1437170529,MI,58594,MIS001,48455
1497798326,MI,58594,MIS001,48455
1932486875,MI,29698,MIS005,49015
1124607007,MI,58594,MIS001,49441
1144819848,MI,58594,MIS001,49441
1295256063,MI,58594,MIS001,49441
1326595257,MI,58594,MIS001,49441
1396711560,MI,58594,MIS001,49441
1487069233,MI,58594,MIS001,49441
1548236888,MI,58594,MIS001,49441
1710957790,MI,58594,MIS001,49441
1861868580,MI,58594,MIS001,49441
1922445022,MI,58594,MIS001,49441
1932186624,MI,58594,MIS001,49441
1952857872,MI,58594,MIS001,49441
1972361459,MI,58594,MIS001,49441
1174924948,MI,58594,MIS001,49441
1285013482,MI,58594,MIS001,49441
1386098804,MI,58594,MIS001,49441
1609853399,MI,58594,MIS001,49441
1689151680,MI,58594,MIS001,49441
1174599344,MI,58594,MIS001,49441
1255892766,MI,58594,MIS001,49441
1528048212,MI,58594,MIS001,49441
1538511621,MI,58594,MIS001,49441
1609443803,MI,58594,MIS001,49441
1679245401,MI,58594,MIS001,49441
1790460897,MI,58594,MIS001,49441
1992209522,MI,58594,MIS001,49441
1740284330,MI,58594,MIS001,49441
1114334448,MI,58594,MIS001,48455
1457986036,MI,58594,MIS001,49451
1871048934,MI,58594,MIS001,49451
1366256224,MI,58594,MIS001,49441
1669280384,MI,58594,MIS001,49441
1801600218,MI,58594,MIS001,49441
1902690365,MI,58594,MIS001,49441
1942010350,MI,58594,MIS001,49441
1689318594,MI,58594,MIS001,49441
1770937989,MI,58594,MIS001,49441
1851617708,MI,58594,MIS001,49441
1730706516,MI,58594,MIS001,49441
1730141532,TX,66252,TXS002,78666
1730141532,TX,66252,TXS001,78666
1578097499,MI,58594,MIS001,49441
1013984566,MI,29698,MIS007,49201
1659685741,MI,29698,MIS003,49348
1093030991,MI,58594,MIS001,49441
1750837589,MI,58594,MIS001,49441
1831637115,MI,58594,MIS001,49441
1457348856,MI,58594,MIS001,48462
1366679961,MI,29698,MIS003,49348
1598792814,MI,58594,MIS001,48441
1609081363,MI,58594,MIS001,48441
1609962778,MI,58594,MIS001,48441
1821204389,MI,58594,MIS001,48441
1831203256,MI,58594,MIS001,48441
1942640636,MI,58594,MIS001,48441
1124418439,MI,58594,MIS001,49440
1497278212,MI,58594,MIS001,49440
1730837873,MI,29698,MIS005,49037
1912335076,MI,29698,MIS005,49037
1366685141,MI,29698,MIS003,49423
1124558168,MI,29698,MIS003,49423
1215129754,MI,29698,MIS003,49423
1245208883,MI,29698,MIS003,49423
1275893976,MI,29698,MIS003,49423
1306295936,MI,29698,MIS003,49423
1346248564,MI,29698,MIS003,49423
1366401325,MI,29698,MIS003,49423
1396836862,MI,29698,MIS003,49423
1467499111,MI,29698,MIS003,49423
1548780398,MI,29698,MIS003,49423
1568725190,MI,29698,MIS003,49423
1619133014,MI,29698,MIS003,49423
1619990850,MI,29698,MIS003,49423
1679587661,MI,29698,MIS003,49423
1750642831,MI,29698,MIS003,49423
1801440052,MI,29698,MIS003,49423
1922025725,MI,29698,MIS003,49423
1942862107,MI,29698,MIS003,49423
1508061722,MI,29698,MIS003,49423
1639495690,MI,29698,MIS003,49423
1710480967,MI,29698,MIS003,49423
1750157525,MI,29698,MIS003,49423
1851329007,MI,29698,MIS003,49423
1902059504,MI,29698,MIS003,49423
1013120633,MI,29698,MIS003,49423
1013563204,MI,29698,MIS003,49423
1295359545,MI,29698,MIS003,49423
1528534716,MI,29698,MIS003,49423
1578083259,MI,29698,MIS003,49423
1710927728,MI,29698,MIS003,49423
1740463702,MI,29698,MIS003,49423
1770593741,MI,29698,MIS003,49423
1083952998,MI,29698,MIS003,49423
1104159383,MI,29698,MIS003,49423
1205990520,MI,29698,MIS003,49423
1245897834,MI,29698,MIS003,49423
1265498398,MI,29698,MIS003,49423
1346226495,MI,29698,MIS003,49423
1437644655,MI,29698,MIS003,49423
1609281401,MI,29698,MIS003,49423
1730173436,MI,29698,MIS003,49423
1902065287,MI,29698,MIS003,49423
1508249129,MI,29698,MIS003,49423
1588158786,MI,29698,MIS003,49423
1649765959,MI,29698,MIS003,49423
1336350990,MI,29698,MIS003,49423
1154824845,MI,58594,MIS001,48371
1003318924,MI,29698,MIS003,49423
1053703769,MI,29698,MIS003,49423
1245907203,MI,29698,MIS003,49423
1285525071,MI,29698,MIS003,49423
1356084453,MI,29698,MIS003,49423
1396610820,MI,29698,MIS003,49423
1457608747,MI,29698,MIS003,49423
1467036764,MI,29698,MIS003,49423
1558985127,MI,29698,MIS003,49423
1588015861,MI,29698,MIS003,49423
1619549276,MI,29698,MIS003,49423
1639426364,MI,29698,MIS003,49423
1679214233,MI,29698,MIS003,49423
1700573854,MI,29698,MIS003,49423
1710265103,MI,29698,MIS003,49423
1770225179,MI,29698,MIS003,49423
1801591672,MI,29698,MIS003,49423
1841813862,MI,29698,MIS003,49423
1891067013,MI,29698,MIS003,49423
1891178778,MI,29698,MIS003,49423
1962146647,MI,29698,MIS003,49423
1033642095,MI,29698,MIS003,49423
1205377504,MI,29698,MIS003,49423
1225696404,MI,29698,MIS003,49423
1174905632,MI,58594,MIS001,48371
1184826083,MI,58594,MIS001,48371
1528258761,MI,58594,MIS001,48371
1629595186,MI,58594,MIS001,48371
1750818308,MI,58594,MIS001,48371
1770115511,MI,58594,MIS001,48371
1144201872,MI,58594,MIS001,49456
1194975532,MI,58594,MIS001,49456
1023752508,MI,58594,MIS001,48371
1336883040,MI,58594,MIS001,48371
1891172987,MI,58594,MIS001,48371
1083670087,MI,29698,MIS007,49202
1720242175,MI,29698,MIS003,49423
1730239492,MI,58594,MIS001,48472
1073996112,MI,58594,MIS001,49440
1003276916,MI,58594,MIS001,49412
1023478401,MI,58594,MIS001,49412
1043602576,MI,58594,MIS001,49412
1053641332,MI,58594,MIS001,49412
1386023083,MI,58594,MIS001,49412
1538743778,MI,58594,MIS001,49412
1568194884,MI,58594,MIS001,49412
1639507577,MI,58594,MIS001,49412
1760750210,MI,58594,MIS001,49412
1861010076,MI,58594,MIS001,49412
1992943757,MI,58594,MIS001,49412
1669470266,MI,58594,MIS001,48371
1427450774,MI,58594,MIS001,49251
1922472315,MI,58594,MIS001,49251
1871996918,MI,58594,MIS001,49441
1295136919,MI,29698,MIS005,49015
1003857426,MI,58594,MIS001,49441
1194284067,MI,58594,MIS001,49441
1942910112,MI,58594,MIS001,49441
1730239492,MI,58594,MIS001,48469
1003856113,MI,29698,MIS003,49423
1053383919,MI,29698,MIS003,49423
1245681873,MI,29698,MIS003,49423
1437604212,MI,29698,MIS003,49423
1689056715,MI,29698,MIS003,49423
1871758581,MI,29698,MIS003,49423
1184238347,MI,29698,MIS003,49423
1508248873,MI,29698,MIS003,49423
1740613926,MI,29698,MIS003,49423
1790790517,MI,29698,MIS003,49423
1891900965,MI,29698,MIS003,49423
1184367054,MI,29698,MIS003,49423
1306223284,MI,29698,MIS003,49423
1437733102,MI,29698,MIS003,49423
1588088553,MI,29698,MIS003,49423
1639702079,MI,29698,MIS003,49423
1689370652,MI,29698,MIS003,49423
1013117209,MI,58594,MIS001,49412
1215394580,MI,58594,MIS001,49412
1457724965,MI,58594,MIS001,49412
1528791647,MI,58594,MIS001,49412
1942589874,MI,58594,MIS001,49412
1427113778,MI,58594,MIS001,48656
1790983609,MI,29698,MIS005,49068
1346849205,MI,29698,MIS007,49201
1538830641,MI,29698,MIS007,49201
1225801301,MI,29698,MIS007,49201
1356228340,MI,29698,MIS007,49201
1508757527,MI,29698,MIS007,49201
1548226624,MI,29698,MIS007,49201
1457558041,MI,29698,MIS005,49015
1871504506,MI,29698,MIS005,49015
1225573579,MI,29698,MIS005,49068
1518028018,MI,29698,MIS005,49068
1871169573,MI,29698,MIS005,49015
1396749719,MI,58594,MIS001,48462
1881771152,MI,29698,MIS007,49230
1699173724,MI,58594,MIS001,49441
1023015104,MI,58594,MIS001,48651
1750501367,MI,58594,MIS001,48651
1093120594,MI,58594,MIS001,49441
1497102800,MI,58594,MIS001,49441
1659347094,MI,58594,MIS001,48462
1174092662,MI,29698,MIS007,49202
1184016073,MI,29698,MIS007,49202
1700456076,MI,29698,MIS007,49202
1063263440,MI,29698,MIS007,49202
1518520360,MI,29698,MIS007,49203
1497907778,MI,29698,MIS007,49203
1386735447,MI,58594,MIS001,49444
1154799070,MI,58594,MIS001,49444
1225200165,MI,58594,MIS001,49444
1245369016,MI,58594,MIS001,49444
1255909560,MI,58594,MIS001,49444
1659860872,MI,58594,MIS001,49444
1669634788,MI,58594,MIS001,49444
1689837247,MI,58594,MIS001,49444
1881199826,MI,58594,MIS001,49444
1972517183,MI,58594,MIS001,49444
1205275765,MI,58594,MIS001,49444
1225000912,MI,58594,MIS001,49444
1821436924,MI,58594,MIS001,49444
1124437611,TX,66252,TXS002,78666
1124437611,TX,66252,TXS001,78666
1700695996,MI,58594,MIS001,49444
1821525429,MI,58594,MIS001,49444
1326701426,TX,66252,TXS002,78666
1750766572,TX,66252,TXS002,78666
1326701426,TX,66252,TXS001,78666
1750766572,TX,66252,TXS001,78666
1174340152,TX,66252,TXS002,78666
1235584962,MI,29698,MIS007,49201
1336415272,MI,29698,MIS007,49201
1376603787,MI,29698,MIS007,49201
1396010922,MI,29698,MIS007,49201
1720148133,MI,29698,MIS007,49201
1740506351,MI,29698,MIS007,49201
1861401622,MI,29698,MIS007,49201
1922217793,MI,29698,MIS007,49201
1174340152,TX,66252,TXS001,78666
1639123557,MI,58594,MIS001,49456
1902880073,MI,58594,MIS001,49456
1700863370,MI,58594,MIS001,49456
1952583841,MI,58594,MIS001,49456
1043450026,MI,58594,MIS001,49456
1598208134,MI,58594,MIS001,49456
1003208364,MI,58594,MIS001,49456
1063904811,MI,58594,MIS001,49456
1093484156,MI,58594,MIS001,49456
1164595526,MI,58594,MIS001,49456
1174833750,MI,58594,MIS001,49456
1184283624,MI,58594,MIS001,49456
1194095950,MI,58594,MIS001,49456
1194323436,MI,58594,MIS001,49456
1215652979,MI,58594,MIS001,49456
1306373840,MI,58594,MIS001,49456
1396069761,MI,58594,MIS001,49456
1518589126,MI,58594,MIS001,49456
1609169556,MI,58594,MIS001,49456
1619244746,MI,58594,MIS001,49456
1639885924,MI,58594,MIS001,49456
1659065258,MI,58594,MIS001,49456
1780306456,MI,58594,MIS001,49456
1801561766,MI,58594,MIS001,49456
1871967018,MI,58594,MIS001,49456
1932703758,MI,58594,MIS001,49456
1942371745,MI,58594,MIS001,49456
1942857552,MI,58594,MIS001,49456
1295843571,MI,29698,MIS005,49068
1295776953,MI,58594,MIS001,48647
1730558578,MI,58594,MIS001,48647
1093752644,MI,58594,MIS001,48827
1710924360,MI,58594,MIS001,48827
1508196510,MI,58594,MIS001,48647
1598063299,MI,58594,MIS001,48647
1861202574,MI,58594,MIS001,48647
1346930013,MI,58594,MIS001,49412
1134625502,MI,29698,MIS007,49202
1215339668,MI,29698,MIS007,49202
1215904255,MI,29698,MIS007,49202
1285763698,MI,29698,MIS007,49202
1295342913,MI,29698,MIS007,49202
1457437469,MI,29698,MIS007,49202
1568999464,MI,29698,MIS007,49202
1659905156,MI,29698,MIS007,49202
1205499902,MI,29698,MIS007,49202
1730531146,MI,29698,MIS007,49202
1770746943,MI,29698,MIS007,49202
1952573602,MI,29698,MIS007,49202
1528447968,MI,29698,MIS007,49201
1588125520,MI,29698,MIS007,49201
1104593318,MI,29698,MIS007,49201
1356686612,MI,29698,MIS007,49201
1558959239,MI,29698,MIS007,49201
1588403463,MI,29698,MIS007,49201
1770031320,MI,29698,MIS007,49201
1831874569,MI,29698,MIS007,49201
1932953742,MI,29698,MIS007,49201
1063808731,MI,29698,MIS007,49201
1194754085,MI,29698,MIS007,49201
1275627366,MI,29698,MIS007,49201
1568090058,MI,29698,MIS007,49201
1588739221,MI,29698,MIS007,49201
1851735831,MI,29698,MIS007,49201
1851597827,MI,29698,MIS007,49201
1033839477,MI,29698,MIS007,49201
1225222946,MI,29698,MIS007,49201
1437651478,MI,29698,MIS007,49201
1710654744,MI,29698,MIS007,49201
1548367808,MI,29698,MIS007,49201
1598076739,MI,29698,MIS007,49201
1023742467,MI,29698,MIS007,49201
1043543747,MI,29698,MIS007,49201
1093277915,MI,29698,MIS007,49201
1154313336,MI,29698,MIS007,49201
1306370333,MI,29698,MIS007,49201
1326026196,MI,29698,MIS007,49201
1487073433,MI,29698,MIS007,49201
1578901526,MI,29698,MIS007,49201
1679922876,MI,29698,MIS007,49201
1740664218,MI,29698,MIS007,49201
1841785359,MI,29698,MIS007,49201
1881165835,MI,29698,MIS007,49201
1952373078,MI,29698,MIS007,49201
1073773156,MI,29698,MIS007,49201
1205814860,MI,29698,MIS007,49201
1437374931,MI,29698,MIS007,49201
1578855847,MI,29698,MIS007,49201
1982138442,MI,29698,MIS007,49201
1689744302,MI,29698,MIS007,49201
1205559655,MI,29698,MIS007,49201
1497375091,MI,29698,MIS007,49201
1841635570,MI,29698,MIS007,49201
1346082039,MI,29698,MIS007,49201
1407211428,MI,29698,MIS007,49201
1740049576,MI,29698,MIS007,49201
1407938889,MI,29698,MIS007,49202
1023682085,MI,29698,MIS007,49202
1083241228,MI,29698,MIS005,49014
1386687028,MI,29698,MIS005,49014
1285635367,MI,58594,MIS001,49444
1619978707,MI,58594,MIS001,49444
1639137086,MI,58594,MIS001,49444
1760411599,MI,58594,MIS001,49444
1891753224,MI,58594,MIS001,49444
1942620521,MI,58594,MIS001,49444
1952473928,MI,29698,MIS003,49423
1326305806,MI,29698,MIS003,49423
1154153013,MI,29698,MIS005,49014
1235834342,MI,29698,MIS005,49014
1487314597,MI,58594,MIS001,49444
1962754259,MI,58594,MIS001,49444
1487678272,MI,58594,MIS001,49444
1912972456,MI,58594,MIS001,49444
1932873262,MI,58594,MIS001,49444
1972571370,MI,58594,MIS001,49444
1023104932,MI,29698,MIS007,49202
1275909509,MI,29698,MIS007,49202
1316686850,MI,29698,MIS007,49202
1366012767,MI,29698,MIS007,49202
1558503615,MI,29698,MIS007,49202
1659735272,MI,29698,MIS007,49202
1710079330,MI,29698,MIS007,49202
1861113078,MI,29698,MIS007,49202
1891988085,MI,29698,MIS007,49202
1124458740,MI,58594,MIS001,49444
1770574634,MI,58594,MIS001,49444
1053873190,TX,66252,TXS002,78666
1265594691,TX,66252,TXS002,78666
1467840405,TX,66252,TXS002,78666
1609877299,TX,66252,TXS002,78666
1689026304,TX,66252,TXS002,78666
1851302798,TX,66252,TXS002,78666
1912355504,TX,66252,TXS002,78666
1952934382,TX,66252,TXS002,78666
1962134338,TX,66252,TXS002,78666
1104407691,MI,58594,MIS001,49442
1053873190,TX,66252,TXS001,78666
1265594691,TX,66252,TXS001,78666
1467840405,TX,66252,TXS001,78666
1609877299,TX,66252,TXS001,78666
1689026304,TX,66252,TXS001,78666
1851302798,TX,66252,TXS001,78666
1912355504,TX,66252,TXS001,78666
1952934382,TX,66252,TXS001,78666
1962134338,TX,66252,TXS001,78666
1881755650,TX,66252,TXS002,78666
1881755650,TX,66252,TXS001,78666
1568104255,TX,66252,TXS002,78666
1568104255,TX,66252,TXS001,78666
1770580045,MI,58594,MIS001,49441
1205111283,TX,66252,TXS002,78666
1639609852,TX,66252,TXS002,78666
1831544642,TX,66252,TXS002,78666
1912583253,TX,66252,TXS002,78666
1295710655,TX,66252,TXS002,78666
1083619936,MI,58594,MIS001,49451
1164784724,MI,58594,MIS001,49451
1346413309,MI,58594,MIS001,49451
1932545886,MI,58594,MIS001,49451
1073673513,MI,58594,MIS001,49456
1336428879,MI,58594,MIS001,49456
1710428974,MI,58594,MIS001,49456
1205111283,TX,66252,TXS001,78666
1639609852,TX,66252,TXS001,78666
1831544642,TX,66252,TXS001,78666
1912583253,TX,66252,TXS001,78666
1295710655,TX,66252,TXS001,78666
1093853863,MI,58594,MIS001,49456
1275751406,MI,58594,MIS001,49456
1386738953,MI,58594,MIS001,49456
1396194908,MI,58594,MIS001,49456
1538768643,MI,58594,MIS001,49456
1629473939,MI,58594,MIS001,49456
1740811165,MI,58594,MIS001,49456
1992210678,MI,58594,MIS001,49456
1083854400,MI,29698,MIS007,49201
1174656292,MI,29698,MIS007,49201
1336475177,MI,29698,MIS007,49201
1366672370,MI,29698,MIS007,49201
1386820504,MI,29698,MIS007,49201
1639556715,MI,29698,MIS007,49201
1649410564,MI,29698,MIS007,49201
1700047297,MI,29698,MIS007,49201
1700223633,MI,29698,MIS007,49201
1790083574,MI,29698,MIS007,49201
1841377595,MI,29698,MIS007,49201
1841620051,MI,29698,MIS007,49201
1982173159,MI,29698,MIS007,49201
1033173794,MI,29698,MIS005,49015
1073743118,MI,29698,MIS005,49015
1215616032,MI,29698,MIS005,49015
1295257558,MI,29698,MIS005,49015
1295917946,MI,29698,MIS005,49015
1326074378,MI,29698,MIS005,49015
1376688127,MI,29698,MIS005,49015
1396709523,MI,29698,MIS005,49015
1467017327,MI,29698,MIS005,49015
1770076168,MI,29698,MIS005,49015
1770952087,MI,29698,MIS005,49015
1801060397,MI,29698,MIS005,49015
1861507824,MI,29698,MIS005,49015
1902185358,MI,29698,MIS005,49015
1952301038,MI,29698,MIS005,49015
1548336266,MI,29698,MIS005,49015
1114029071,MI,29698,MIS007,49203
1477095594,MI,29698,MIS007,49203
1891203667,MI,29698,MIS007,49203
1467429050,MI,58594,MIS001,48651
1679070544,MI,58594,MIS001,48651
1770840233,MI,58594,MIS001,48651
1275914244,MI,58594,MIS001,48651
1295776953,MI,58594,MIS001,48651
1447631411,MI,58594,MIS001,48651
1669134706,MI,58594,MIS001,48651
1699921106,MI,58594,MIS001,48651
1700164720,MI,58594,MIS001,48651
1871143685,MI,58594,MIS001,48651
1871908897,MI,58594,MIS001,48651
1003804667,MI,58594,MIS001,49441
1962402883,MI,58594,MIS001,49441
1588651269,MI,58594,MIS001,48653
1770386096,MI,29698,MIS005,49015
1871167759,MI,29698,MIS005,49015
1003448846,MI,58594,MIS001,48651
1023041274,MI,58594,MIS001,48651
1215373451,MI,58594,MIS001,48651
1356981229,MI,58594,MIS001,48651
1508196510,MI,58594,MIS001,48651
1689163107,MI,58594,MIS001,48651
1710466024,MI,58594,MIS001,48651
1811347479,MI,58594,MIS001,48651
1982369120,MI,58594,MIS001,48651
1407386568,MI,58594,MIS001,48653
1023296050,MI,29698,MIS005,49037
1154524338,MI,29698,MIS005,49037
1184673709,MI,29698,MIS005,49037
1396864401,MI,29698,MIS005,49037
1699894709,MI,29698,MIS005,49037
1316902562,MI,29698,MIS005,49037
1225622525,MI,58594,MIS001,48371
1306330154,MI,58594,MIS001,48371
1447698998,MI,58594,MIS001,48371
1629416193,MI,58594,MIS001,48371
1033204870,MI,58594,MIS001,49445
1043972698,MI,58594,MIS001,49445
1235125386,MI,58594,MIS001,49445
1245609452,MI,58594,MIS001,49445
1407225865,MI,58594,MIS001,49445
1619458577,MI,58594,MIS001,49445
1851486211,MI,58594,MIS001,49445
1881241032,MI,58594,MIS001,49445
1891898763,MI,58594,MIS001,49445
1982958427,MI,58594,MIS001,49445
1326783028,MI,58594,MIS001,48371
1285265868,MI,58594,MIS001,49445
1093030991,MI,58594,MIS001,49442
1740965854,MI,58594,MIS001,49442
1811596539,MI,58594,MIS001,49442
1851023147,MI,58594,MIS001,49442
1144746686,MI,29698,MIS003,49423
1316218571,MI,29698,MIS003,49423
1669615407,MI,29698,MIS003,49423
1114580099,MI,29698,MIS007,49201
1134177520,MI,29698,MIS007,49201
1184657611,MI,29698,MIS007,49201
1184996530,MI,29698,MIS007,49201
1194781153,MI,29698,MIS007,49201
1194905745,MI,29698,MIS007,49201
1336255447,MI,29698,MIS007,49201
1487705174,MI,29698,MIS007,49201
1518974625,MI,29698,MIS007,49201
1578529848,MI,29698,MIS007,49201
1578618674,MI,29698,MIS007,49201
1598706392,MI,29698,MIS007,49201
1679524516,MI,29698,MIS007,49201
1790915965,MI,29698,MIS007,49201
1801881909,MI,29698,MIS007,49201
1821112301,MI,29698,MIS007,49201
1952342735,MI,29698,MIS007,49201
1952378887,MI,29698,MIS007,49201
1447689310,MI,58594,MIS001,49412
1346028826,MI,29698,MIS007,49201
1386329381,MI,29698,MIS007,49201
1619410354,MI,29698,MIS007,49201
1548757503,MI,29698,MIS007,49201
1225703242,MI,29698,MIS007,49201
1881453587,MI,29698,MIS007,49201
1750255949,MI,58594,MIS001,48827
1972604031,MI,29698,MIS005,49014
1184765943,MI,29698,MIS005,49014
1043878804,MI,58594,MIS001,49456
1235851122,MI,58594,MIS001,49456
1578764775,MI,58594,MIS001,49456
1780212456,MI,58594,MIS001,49456
1851741854,MI,58594,MIS001,49456
1952664583,MI,58594,MIS001,49456
1063492486,MI,58594,MIS001,48455
1417020389,MI,58594,MIS001,49441
1972465185,MI,29698,MIS005,49014
1013289826,MI,29698,MIS005,49014
1033612981,MI,29698,MIS005,49014
1366642761,MI,29698,MIS005,49014
1629155288,MI,29698,MIS005,49014
1912085028,MI,29698,MIS005,49014
1932403268,MI,29698,MIS005,49014
1003640954,MI,58594,MIS001,49456
1922690015,MI,58594,MIS001,49441
1760642557,MI,29698,MIS005,49068
1851009492,MI,29698,MIS005,49068
1376286799,MI,58594,MIS001,49441
1184038879,MI,29698,MIS003,49423
1548294895,MI,58594,MIS001,48471
1245389352,MI,58594,MIS001,48422
1114471687,MI,58594,MIS001,48471
1538218326,MI,58594,MIS001,48471
1659414225,MI,58594,MIS001,48471
1295706307,TX,66252,TXS002,78666
1295706307,TX,66252,TXS001,78666
1063136422,MI,29698,MIS005,49094
1083245617,MI,29698,MIS007,49203
1093032021,MI,58594,MIS001,48471
1477097905,MI,58594,MIS001,48466
1750324489,MI,58594,MIS001,48827
1053174599,MI,58594,MIS001,48371
1104909159,MI,58594,MIS001,48371
1174097356,MI,58594,MIS001,48371
1356092092,MI,58594,MIS001,48371
1386917136,MI,58594,MIS001,48371
1396966891,MI,58594,MIS001,48371
1467535419,MI,58594,MIS001,48371
1467626713,MI,58594,MIS001,48371
1548626104,MI,58594,MIS001,48371
1578346912,MI,58594,MIS001,48371
1699248427,MI,58594,MIS001,48371
1730832106,MI,58594,MIS001,48371
1780857458,MI,58594,MIS001,48371
1841841384,MI,58594,MIS001,48371
1871292730,MI,58594,MIS001,48371
1871766972,MI,58594,MIS001,48371
1952377244,MI,58594,MIS001,48371
1053102962,MI,58594,MIS001,48371
1982989729,MI,58594,MIS001,48371
1225126345,MI,58594,MIS001,49404
1093120594,MI,58594,MIS001,49444
1417577933,MI,58594,MIS001,49444
1497102800,MI,58594,MIS001,49444
1669668927,MI,58594,MIS001,49444
1003101429,MI,58594,MIS001,49444
1003235391,MI,58594,MIS001,49444
1104845510,MI,58594,MIS001,49444
1174700256,MI,58594,MIS001,49444
1184886012,MI,58594,MIS001,49444
1215936158,MI,58594,MIS001,49444
1235729534,MI,58594,MIS001,49444
1245011881,MI,58594,MIS001,49444
1427059781,MI,58594,MIS001,49444
1457902223,MI,58594,MIS001,49444
1568468882,MI,58594,MIS001,49444
1578084232,MI,58594,MIS001,49444
1588633366,MI,58594,MIS001,49444
1598986986,MI,58594,MIS001,49444
1639459860,MI,58594,MIS001,49444
1639733868,MI,58594,MIS001,49444
1649626508,MI,58594,MIS001,49444
1669424719,MI,58594,MIS001,49444
1720076284,MI,58594,MIS001,49444
1750347290,MI,58594,MIS001,49444
1811915721,MI,58594,MIS001,49444
1861894164,MI,58594,MIS001,49444
1952720906,MI,58594,MIS001,49444
1972705838,MI,58594,MIS001,49444
1972996544,MI,58594,MIS001,49444
1487427316,MI,58594,MIS001,48651
1932767191,MI,58594,MIS001,48651
1578054680,MI,58594,MIS001,49444
1104486166,MI,58594,MIS001,49444
1508446881,MI,58594,MIS001,49444
1821582545,MI,58594,MIS001,49444
1235127184,MI,29698,MIS007,49201
1023265675,MI,58594,MIS001,49420
1033066253,MI,58594,MIS001,49420
1144054883,MI,58594,MIS001,49420
1710860838,MI,58594,MIS001,49420
1568401768,MI,58594,MIS001,48371
1619973781,MI,58594,MIS001,48371
1811927601,MI,29698,MIS003,49423
1598241481,MI,29698,MIS003,49423
1801775580,MI,29698,MIS003,49423
1962032367,MI,29698,MIS003,49423
1639895253,MI,29698,MIS003,49423
1881022515,MI,29698,MIS003,49423
1235312620,MI,58594,MIS001,48371
1982653861,MI,58594,MIS001,48371
1003505108,TX,66252,TXS002,78666
1639600794,TX,66252,TXS002,78666
1801273487,TX,66252,TXS002,78666
1386010338,MI,29698,MIS007,49230
1003505108,TX,66252,TXS001,78666
1639600794,TX,66252,TXS001,78666
1801273487,TX,66252,TXS001,78666
1285270736,MI,58594,MIS001,49444
1346346897,MI,58594,MIS001,49444
1508089426,MI,58594,MIS001,49444
1629085022,MI,58594,MIS001,49444
1740464627,MI,58594,MIS001,49444
1891736963,MI,58594,MIS001,49444
1932151420,MI,58594,MIS001,49444
1972672392,MI,58594,MIS001,49444
1154331783,MI,29698,MIS005,49068
1255077038,MI,29698,MIS005,49068
1679219455,MI,29698,MIS005,49068
1780029363,MI,58594,MIS001,49444
1770936387,MI,58594,MIS001,48624
1023817103,MI,29698,MIS005,49068
1073688784,MI,29698,MIS007,49272
1093377210,MI,58594,MIS001,49251
1104849025,MI,58594,MIS001,49251
1134625502,MI,58594,MIS001,49251
1235584962,MI,58594,MIS001,49251
1508412891,MI,58594,MIS001,49251
1710544630,MI,58594,MIS001,49251
1730741786,MI,58594,MIS001,49251
1942328414,MI,58594,MIS001,49251
1942520424,MI,58594,MIS001,49251
1952573602,MI,58594,MIS001,49251
1073139788,MI,58594,MIS001,49251
1205834090,MI,58594,MIS001,49251
1780660480,MI,58594,MIS001,49251
1275635419,MI,58594,MIS001,49251
1417620741,MI,58594,MIS001,49251
1811339146,MI,58594,MIS001,49251
1801138854,MI,29698,MIS003,49328
1720566466,MI,29698,MIS005,49068
1730239492,MI,58594,MIS001,48462
1598983686,MI,29698,MIS003,49423
1417927427,MI,58594,MIS001,49330
1477091163,MI,58594,MIS001,49412
1962450981,MI,58594,MIS001,49456
1497483002,MI,29698,MIS007,49202
1902377765,MI,29698,MIS007,49202
1932750072,MI,29698,MIS007,49202
1821613225,MI,29698,MIS007,49202
1720071798,MI,58594,MIS001,49445
1285725523,MI,58594,MIS001,49445
1053592238,MI,29698,MIS007,49202
1114774189,MI,29698,MIS007,49202
1225550312,MI,29698,MIS007,49202
1356980247,MI,29698,MIS007,49202
1417337221,MI,29698,MIS007,49202
1346330438,MI,58594,MIS001,49442
1598509184,MI,58594,MIS001,49445
1710783808,MI,58594,MIS001,49445
1083149173,MI,58594,MIS001,49445
1265724603,MI,58594,MIS001,49445
1396944245,MI,58594,MIS001,49445
1861842825,MI,58594,MIS001,49445
1912490905,MI,58594,MIS001,49445
1952783888,MI,58594,MIS001,49445
1134751977,MI,29698,MIS005,49015
1164610960,MI,29698,MIS005,49015
1225599541,MI,29698,MIS005,49015
1245789643,MI,29698,MIS005,49015
1366801599,MI,29698,MIS005,49015
1376866095,MI,29698,MIS005,49015
1528054269,MI,29698,MIS005,49015
1619574654,MI,29698,MIS005,49015
1801808654,MI,29698,MIS005,49015
1831203694,MI,29698,MIS005,49015
1972502847,MI,29698,MIS005,49015
1003479445,MI,29698,MIS005,49037
1104890490,MI,29698,MIS005,49037
1194928994,MI,29698,MIS005,49037
1376517359,MI,29698,MIS005,49037
1487628483,MI,29698,MIS005,49037
1700977154,MI,29698,MIS005,49037
1376948919,MI,29698,MIS005,49037
1447933031,MI,29698,MIS005,49037
1619381316,MI,29698,MIS005,49037
1174503221,MI,29698,MIS005,49037
1265953137,MI,29698,MIS005,49037
1376924951,MI,29698,MIS005,49037
1164305389,MI,29698,MIS005,49037
1386734184,MI,58594,MIS001,49445
1689806499,MI,58594,MIS001,49445
1487756987,MI,58594,MIS001,48636
1013285568,MI,29698,MIS007,49201
1093468662,MI,29698,MIS007,49201
1124116181,MI,29698,MIS007,49201
1477583383,MI,29698,MIS007,49201
1811405970,MI,29698,MIS007,49201
1831163187,MI,29698,MIS007,49201
1831182963,MI,29698,MIS007,49201
1851622096,MI,29698,MIS007,49201
1902818792,MI,29698,MIS007,49201
1912925413,MI,29698,MIS007,49201
1932236957,MI,29698,MIS007,49201
1982635116,MI,29698,MIS007,49201
1235355041,MI,29698,MIS007,49204
1598753741,MI,29698,MIS007,49204
1710063979,MI,29698,MIS007,49204
1982292025,MI,29698,MIS007,49204
1285628016,MI,29698,MIS007,49204
1417049453,MI,29698,MIS007,49201
1053368456,MI,29698,MIS007,49204
1104818012,MI,29698,MIS007,49204
1124116181,MI,29698,MIS007,49204
1174605364,MI,29698,MIS007,49204
1225080146,MI,29698,MIS007,49204
1326123761,MI,29698,MIS007,49204
1356421192,MI,29698,MIS007,49204
1568408789,MI,29698,MIS007,49204
1700995347,MI,29698,MIS007,49204
1740228576,MI,29698,MIS007,49204
1871609859,MI,29698,MIS007,49204
1912093949,MI,29698,MIS007,49204
1912925413,MI,29698,MIS007,49204
1942846688,MI,29698,MIS007,49204
1548045248,TX,66252,TXS002,78666
1760474878,TX,66252,TXS002,78666
1881026391,TX,66252,TXS002,78666
1992015697,TX,66252,TXS002,78666
1548045248,TX,66252,TXS001,78666
1760474878,TX,66252,TXS001,78666
1881026391,TX,66252,TXS001,78666
1992015697,TX,66252,TXS001,78666
1821319666,MI,58594,MIS001,49444
1396364154,MI,29698,MIS007,49201
1023760253,MI,29698,MIS007,49201
1104566132,MI,29698,MIS007,49201
1114159431,MI,29698,MIS007,49201
1114971959,MI,29698,MIS007,49201
1205145091,MI,29698,MIS007,49201
1205364791,MI,29698,MIS007,49201
1215454269,MI,29698,MIS007,49201
1225458342,MI,29698,MIS007,49201
1245059278,MI,29698,MIS007,49201
1366608010,MI,29698,MIS007,49201
1518811413,MI,29698,MIS007,49201
1578567491,MI,29698,MIS007,49201
1669450367,MI,29698,MIS007,49201
1689523326,MI,29698,MIS007,49201
1760810758,MI,29698,MIS007,49201
1790137305,MI,29698,MIS007,49201
1881559128,MI,29698,MIS007,49201
1942821194,MI,29698,MIS007,49201
1962233114,MI,29698,MIS007,49201
1972867240,MI,29698,MIS007,49201
1043465156,MI,29698,MIS007,49201
1336875244,TX,66252,TXS002,78666
1720965262,TX,66252,TXS002,78666
1336875244,TX,66252,TXS001,78666
1720965262,TX,66252,TXS001,78666
1407969991,MI,29698,MIS003,49423
1154322477,MI,58594,MIS001,49441
1477814846,MI,58594,MIS001,49441
1801190103,MI,58594,MIS001,49441
1770687089,MI,58594,MIS001,49445
1033642095,MI,58594,MIS001,49445
1205377504,MI,58594,MIS001,49445
1417286121,MI,58594,MIS001,48441
1396914230,MI,29698,MIS007,49203
1205898434,MI,58594,MIS001,48440
1467731349,MI,29698,MIS007,49203
1922187673,MI,58594,MIS001,49420
1508412891,MI,29698,MIS007,49203
1972890085,MI,29698,MIS007,49203
1063284610,MI,29698,MIS007,49203
1407273071,MI,29698,MIS007,49203
1245532134,MI,29698,MIS007,49203
1306462908,MI,29698,MIS007,49203
1245761782,TX,66252,TXS002,78666
1508146531,TX,66252,TXS002,78666
1639580392,TX,66252,TXS002,78666
1245761782,TX,66252,TXS001,78666
1508146531,TX,66252,TXS001,78666
1639580392,TX,66252,TXS001,78666
1093829897,MI,29698,MIS003,49423
1356691083,MI,29698,MIS003,49423
1679265391,MI,29698,MIS003,49423
1275282873,TX,66252,TXS002,78666
1396528949,TX,66252,TXS002,78666
1467631200,MI,29698,MIS003,49423
1699629410,MI,29698,MIS003,49423
1275282873,TX,66252,TXS001,78666
1396528949,TX,66252,TXS001,78666
1679777403,MI,58594,MIS001,49444
1184179459,TX,66252,TXS002,78666
1346895612,TX,66252,TXS002,78666
1184179459,TX,66252,TXS001,78666
1346895612,TX,66252,TXS001,78666
1114874179,TX,66252,TXS002,78666
1114874179,TX,66252,TXS001,78666
1013930718,MI,29698,MIS003,49423
1154884385,MI,29698,MIS003,49423
1215590781,MI,29698,MIS003,49423
1225011430,MI,29698,MIS003,49423
1538457130,MI,29698,MIS003,49423
1730241605,MI,29698,MIS003,49423
1821309360,MI,29698,MIS003,49423
1295300226,MI,58594,MIS001,49421
1619027844,MI,58594,MIS001,49441
1083123558,MI,58594,MIS001,49441
1215055520,MI,58594,MIS001,49441
1902085178,MI,29698,MIS007,49201
1356953756,MI,29698,MIS007,49201
1356437263,MI,58594,MIS001,48624
1528574290,MI,58594,MIS001,48624
1760048821,MI,58594,MIS001,48624
1780938969,MI,58594,MIS001,48624
1831326248,MI,58594,MIS001,48624
1164470068,MI,58594,MIS001,48624
1639598907,MI,58594,MIS001,48624
1669622197,MI,58594,MIS001,48624
1710195391,MI,58594,MIS001,48624
1720295876,MI,58594,MIS001,48624
1790992840,MI,58594,MIS001,48624
1194385633,MI,58594,MIS001,48624
1235789223,MI,58594,MIS001,48624
1265879886,MI,58594,MIS001,48624
1346494580,MI,58594,MIS001,48624
1891273082,MI,58594,MIS001,48624
1588112593,MI,29698,MIS007,49201
1922630763,MI,58594,MIS001,48471
1427089200,MI,58594,MIS001,48471
1841432176,MI,58594,MIS001,48471
1821151598,MI,29698,MIS007,49202
1912985615,MI,29698,MIS007,49202
1184162042,MI,29698,MIS003,49348
1447223995,MI,29698,MIS003,49348
1013992536,MI,58594,MIS001,48653
1871609594,MI,29698,MIS007,49203
1003839218,MI,58594,MIS001,49444
1083804280,MI,58594,MIS001,49444
1154707743,MI,58594,MIS001,49444
1225529019,MI,58594,MIS001,49444
1386024701,MI,58594,MIS001,49444
1407842362,MI,58594,MIS001,49444
1467977611,MI,58594,MIS001,49444
1508321662,MI,58594,MIS001,49444
1538245501,MI,58594,MIS001,49444
1639332091,MI,58594,MIS001,49444
1679786230,MI,58594,MIS001,49444
1699198119,MI,58594,MIS001,49444
1790048528,MI,58594,MIS001,49444
1922426626,MI,58594,MIS001,49444
1962910943,MI,58594,MIS001,49444
1982698353,MI,58594,MIS001,49444
1437950201,MI,58594,MIS001,49444
1568030880,MI,58594,MIS001,49444
1790473569,MI,58594,MIS001,49444
1043858160,MI,58594,MIS001,48827
1053952820,MI,58594,MIS001,48827
1104405042,MI,58594,MIS001,48827
1174577787,MI,58594,MIS001,48827
1174963490,MI,58594,MIS001,48827
1295949030,MI,58594,MIS001,48827
1306435227,MI,58594,MIS001,48827
1366023830,MI,58594,MIS001,48827
1396165676,MI,58594,MIS001,48827
1437664281,MI,58594,MIS001,48827
1619925146,MI,58594,MIS001,48827
1629033444,MI,58594,MIS001,48827
1629588108,MI,58594,MIS001,48827
1639177686,MI,58594,MIS001,48827
1659371177,MI,58594,MIS001,48827
1689649527,MI,58594,MIS001,48827
1750339073,MI,58594,MIS001,48827
1902157621,MI,58594,MIS001,48827
1952659377,MI,58594,MIS001,48827
1962032458,MI,58594,MIS001,48827
1265880140,MI,58594,MIS001,48827
1649277211,MI,58594,MIS001,48827
1003187295,MI,58594,MIS001,48827
1144649690,MI,58594,MIS001,48827
1245322023,MI,58594,MIS001,48827
1447525407,MI,58594,MIS001,48827
1912128539,MI,58594,MIS001,48827
1003624636,MI,58594,MIS001,48827
1033933833,MI,58594,MIS001,48827
1083928410,MI,58594,MIS001,48827
1174157556,MI,58594,MIS001,48827
1205417300,MI,58594,MIS001,48827
1225371909,MI,58594,MIS001,48827
1346394772,MI,58594,MIS001,48827
1407312200,MI,58594,MIS001,48827
1417979956,MI,58594,MIS001,48827
1497723522,MI,58594,MIS001,48827
1700615507,MI,58594,MIS001,48827
1760243687,MI,58594,MIS001,48827
1770791246,MI,58594,MIS001,48827
1851168868,MI,58594,MIS001,48827
1194012302,MI,58594,MIS001,48827
1720417090,MI,58594,MIS001,48827
1235107632,MI,58594,MIS001,49444
1649607375,MI,58594,MIS001,49444
1851031975,MI,29698,MIS003,49348
1992142699,MI,29698,MIS003,49348
1023009057,MI,29698,MIS007,49202
1093705295,MI,29698,MIS007,49202
1114917317,MI,29698,MIS007,49202
1720020332,MI,29698,MIS007,49202
1942684709,MI,29698,MIS007,49202
1093943771,MI,29698,MIS003,49423
1609366491,MI,29698,MIS003,49348
1194163246,MI,29698,MIS003,49348
1205382538,MI,29698,MIS003,49348
1487546750,MI,29698,MIS003,49348
1487605531,MI,29698,MIS003,49348
1497700868,MI,29698,MIS003,49348
1588155030,MI,29698,MIS003,49348
1790387835,MI,29698,MIS003,49348
1801220348,MI,29698,MIS003,49348
1902465743,MI,29698,MIS003,49348
1801923339,MI,58594,MIS001,49456
1053375758,MI,29698,MIS005,49014
1407466790,MI,29698,MIS005,49037
1932978426,MI,29698,MIS005,49037
1104240472,MI,58594,MIS001,48624
1275159246,MI,29698,MIS003,49406
1326601063,TX,66252,TXS002,78666
1386240133,TX,66252,TXS002,78666
1437619772,TX,66252,TXS002,78666
1720763121,TX,66252,TXS002,78666
1326601063,TX,66252,TXS001,78666
1386240133,TX,66252,TXS001,78666
1437619772,TX,66252,TXS001,78666
1720763121,TX,66252,TXS001,78666
1043141310,MI,58594,MIS001,48827
1376343426,MI,58594,MIS001,48827
1881493005,TX,66252,TXS002,78666
1881493005,TX,66252,TXS001,78666
1114659372,MI,58594,MIS001,49456
1962459826,MI,29698,MIS003,49423
1407207376,MI,29698,MIS003,49423
1699061564,MI,29698,MIS003,49423
1134147358,MI,58594,MIS001,49456
1053777623,MI,29698,MIS007,49230
1841379260,MI,58594,MIS001,49442
1144749680,MI,58594,MIS001,48462
1548639735,MI,58594,MIS001,48462
1609912203,MI,58594,MIS001,48462
1780640847,MI,58594,MIS001,48462
1801418496,MI,58594,MIS001,48462
1972976751,MI,58594,MIS001,48462
1578023420,MI,29698,MIS007,49230
1821567355,MI,29698,MIS007,49230
1508691353,MI,58594,MIS001,49456
1568499366,TX,66252,TXS002,78666
1568499366,TX,66252,TXS001,78666
1841249836,MI,58594,MIS001,48462
1154043040,MI,58594,MIS001,48653
1215953948,MI,58594,MIS001,48653
1508196510,MI,58594,MIS001,48653
1457772469,MI,29698,MIS007,49202
1558928010,MI,29698,MIS007,49202
1689803249,MI,29698,MIS007,49202
1316175433,MI,29698,MIS007,49202
1548378540,MI,29698,MIS007,49202
1518321132,MI,29698,MIS007,49202
1285296343,MI,29698,MIS007,49202
1548798663,MI,29698,MIS007,49202
1114257730,MI,29698,MIS007,49202
1578891792,MI,58594,MIS001,48462
1619283579,MI,29698,MIS007,49201
1770362055,MI,29698,MIS007,49201
1790462414,MI,29698,MIS007,49201
1457675183,MI,29698,MIS007,49201
1548797004,MI,29698,MIS007,49230
1821189648,MI,29698,MIS007,49230
1013180132,MI,58594,MIS001,49444
1063605822,MI,58594,MIS001,49444
1184252934,MI,58594,MIS001,49444
1346552718,MI,58594,MIS001,49444
1467486340,MI,58594,MIS001,49444
1598494734,MI,58594,MIS001,49444
1689628927,MI,58594,MIS001,49444
1821684804,MI,58594,MIS001,49444
1932580909,MI,58594,MIS001,49444
1053960807,MI,58594,MIS001,49444
1144272816,MI,58594,MIS001,49444
1235746389,MI,58594,MIS001,49444
1316365687,MI,58594,MIS001,49444
1336928290,MI,58594,MIS001,49444
1417676842,MI,58594,MIS001,49444
1487736005,MI,58594,MIS001,49444
1497254072,MI,58594,MIS001,49444
1508492570,MI,58594,MIS001,49444
1609692680,MI,58594,MIS001,49444
1639739451,MI,58594,MIS001,49444
1780805051,MI,58594,MIS001,49444
1851109144,MI,58594,MIS001,49444
1922568492,MI,58594,MIS001,49444
1083133359,MI,29698,MIS007,49203
1295050433,MI,29698,MIS007,49203
1932248077,MI,29698,MIS007,49203
1952422636,MI,29698,MIS007,49203
1154985414,MI,29698,MIS007,49203
1164873527,MI,29698,MIS007,49203
1336733641,MI,29698,MIS007,49203
1548421167,MI,29698,MIS007,49203
1770965683,MI,29698,MIS007,49203
1407423692,MI,29698,MIS007,49203
1619317310,MI,29698,MIS007,49203
1710002886,MI,29698,MIS007,49203
1710959127,MI,29698,MIS007,49203
1851436521,MI,29698,MIS007,49203
1063016046,MI,29698,MIS003,49423
1437495827,MI,29698,MIS007,49203
1083019012,MI,58594,MIS001,48427
1093788150,MI,58594,MIS001,48427
1326085861,MI,58594,MIS001,48427
1366827982,MI,58594,MIS001,48427
1700237468,MI,58594,MIS001,48427
1700415163,MI,58594,MIS001,48427
1902256050,MI,58594,MIS001,48427
1942874946,MI,58594,MIS001,48427
1417162538,MI,58594,MIS001,48427
1417618224,MI,58594,MIS001,48427
1700409190,MI,58594,MIS001,48427
1891351672,MI,58594,MIS001,48427
1508243056,MI,29698,MIS003,49423
1790109536,MI,29698,MIS003,49423
1225866387,MI,58594,MIS001,49440
1346986643,MI,58594,MIS001,48647
1548822844,MI,58594,MIS001,48371
1699081281,MI,58594,MIS001,48371
1013732239,MI,58594,MIS001,48371
1992020440,TX,66252,TXS002,78666
1992020440,TX,66252,TXS001,78666
1013399898,TX,66252,TXS002,78666
1255648259,TX,66252,TXS002,78666
1013399898,TX,66252,TXS001,78666
1255648259,TX,66252,TXS001,78666
1083089395,MI,29698,MIS007,49201
1023238201,MI,29698,MIS003,49423
1760189187,MI,29698,MIS007,49201
1780610956,MI,58594,MIS001,48471
1952468530,MI,58594,MIS001,48471
1285827675,MI,29698,MIS003,49423
1548539059,MI,29698,MIS003,49423
1568859940,MI,29698,MIS003,49423
1871625350,MI,29698,MIS003,49423
1295728566,MI,29698,MIS007,49203
1154251122,MI,29698,MIS005,49037
1912284555,MI,58594,MIS001,49404
1144486481,MI,29698,MIS003,49423
1386673853,MI,29698,MIS003,49423
1528791647,MI,29698,MIS003,49423
1134666332,MI,29698,MIS003,49423
1265417190,MI,29698,MIS003,49423
1245614726,MI,29698,MIS003,49423
1366962664,MI,29698,MIS003,49423
1609448364,MI,29698,MIS003,49423
1609807627,MI,29698,MIS003,49423
1184516189,MI,29698,MIS003,49423
1083786933,MI,58594,MIS001,49441
1093283327,MI,58594,MIS001,49441
1770706616,MI,58594,MIS001,48422
1861082018,MI,58594,MIS001,48422
1710378468,MI,58594,MIS001,48371
1396371134,MI,29698,MIS007,49202
1578195681,MI,29698,MIS007,49202
1659992402,MI,29698,MIS007,49202
1902281397,MI,29698,MIS007,49202
1942649686,MI,29698,MIS007,49202
1104637834,MI,29698,MIS007,49202
1306393533,MI,58594,MIS001,49441
1366547929,MI,58594,MIS001,49441
1447384599,MI,58594,MIS001,49441
1598854887,MI,58594,MIS001,49441
1851023147,MI,58594,MIS001,49441
1376541755,TX,66252,TXS002,78666
1144725565,TX,66252,TXS002,78666
1235872359,TX,66252,TXS002,78666
1841940178,TX,66252,TXS002,78666
1013248053,TX,66252,TXS002,78666
1013362508,TX,66252,TXS002,78666
1295293108,TX,66252,TXS002,78666
1942793112,TX,66252,TXS002,78666
1376541755,TX,66252,TXS001,78666
1144725565,TX,66252,TXS001,78666
1235872359,TX,66252,TXS001,78666
1841940178,TX,66252,TXS001,78666
1013248053,TX,66252,TXS001,78666
1013362508,TX,66252,TXS001,78666
1295293108,TX,66252,TXS001,78666
1942793112,TX,66252,TXS001,78666
1578930954,MI,58594,MIS001,48371
1811764210,MI,58594,MIS001,48371
1255221230,MI,58594,MIS001,48371
1225657026,MI,29698,MIS007,49201
1285659029,MI,58594,MIS001,49420
1013028612,TX,66252,TXS002,78666
1013911783,TX,66252,TXS002,78666
1053420026,TX,66252,TXS002,78666
1134412653,TX,66252,TXS002,78666
1154325785,TX,66252,TXS002,78666
1245234038,TX,66252,TXS002,78666
1295021616,TX,66252,TXS002,78666
1316262330,TX,66252,TXS002,78666
1669904637,TX,66252,TXS002,78666
1699006304,TX,66252,TXS002,78666
1770585937,TX,66252,TXS002,78666
1811289812,TX,66252,TXS002,78666
1891951356,TX,66252,TXS002,78666
1902240914,TX,66252,TXS002,78666
1902821259,TX,66252,TXS002,78666
1952540700,TX,66252,TXS002,78666
1972823599,TX,66252,TXS002,78666
1013028612,TX,66252,TXS001,78666
1013911783,TX,66252,TXS001,78666
1053420026,TX,66252,TXS001,78666
1134412653,TX,66252,TXS001,78666
1154325785,TX,66252,TXS001,78666
1245234038,TX,66252,TXS001,78666
1295021616,TX,66252,TXS001,78666
1316262330,TX,66252,TXS001,78666
1669904637,TX,66252,TXS001,78666
1699006304,TX,66252,TXS001,78666
1770585937,TX,66252,TXS001,78666
1811289812,TX,66252,TXS001,78666
1891951356,TX,66252,TXS001,78666
1902240914,TX,66252,TXS001,78666
1902821259,TX,66252,TXS001,78666
1952540700,TX,66252,TXS001,78666
1972823599,TX,66252,TXS001,78666
1124371687,MI,58594,MIS001,49456
1093936452,MI,58594,MIS001,49456
1528126521,MI,58594,MIS001,49456
1376771626,MI,58594,MIS001,48624
1023326857,MI,58594,MIS001,49444
1043334527,MI,58594,MIS001,49444
1063930550,MI,58594,MIS001,49444
1104048099,MI,58594,MIS001,49444
1114990447,MI,58594,MIS001,49444
1316504483,MI,58594,MIS001,49444
1386098804,MI,58594,MIS001,49444
1538321955,MI,58594,MIS001,49444
1619368008,MI,58594,MIS001,49444
1689864795,MI,58594,MIS001,49444
1710165030,MI,58594,MIS001,49444
1710479399,MI,58594,MIS001,49444
1811581051,MI,58594,MIS001,49444
1871067819,MI,58594,MIS001,49444
1922047042,MI,58594,MIS001,49444
1114880978,MI,58594,MIS001,49444
1154200541,MI,58594,MIS001,49444
1285680991,MI,58594,MIS001,49444
1316772940,MI,58594,MIS001,49444
1326817313,MI,58594,MIS001,49444
1417586454,MI,58594,MIS001,49444
1699015255,MI,58594,MIS001,49444
1750840542,MI,58594,MIS001,49444
1952045874,MI,58594,MIS001,49444
1891008074,MI,58594,MIS001,49444
1063098572,MI,58594,MIS001,49444
1174268494,MI,58594,MIS001,49444
1225602329,MI,58594,MIS001,49444
1295160836,MI,58594,MIS001,49444
1295319473,MI,58594,MIS001,49444
1295319515,MI,58594,MIS001,49444
1295470623,MI,58594,MIS001,49444
1407591571,MI,58594,MIS001,49444
1427794973,MI,58594,MIS001,49444
1861295685,MI,58594,MIS001,49444
1952165342,MI,58594,MIS001,49444
1679384135,MI,58594,MIS001,49444
1225054356,MI,29698,MIS005,49068
1013909878,MI,58594,MIS001,49445
1043698988,MI,58594,MIS001,49445
1043956063,MI,58594,MIS001,49445
1053539007,MI,58594,MIS001,49445
1093023228,MI,58594,MIS001,49445
1093760357,MI,58594,MIS001,49445
1114169570,MI,58594,MIS001,49445
1164153672,MI,58594,MIS001,49445
1174589261,MI,58594,MIS001,49445
1225640345,MI,58594,MIS001,49445
1316939176,MI,58594,MIS001,49445
1417228305,MI,58594,MIS001,49445
1427500842,MI,58594,MIS001,49445
1437711520,MI,58594,MIS001,49445
1548209000,MI,58594,MIS001,49445
1548480197,MI,58594,MIS001,49445
1568419745,MI,58594,MIS001,49445
1568610871,MI,58594,MIS001,49445
1578964300,MI,58594,MIS001,49445
1609361666,MI,58594,MIS001,49445
1619589223,MI,58594,MIS001,49445
1689388415,MI,58594,MIS001,49445
1720110463,MI,58594,MIS001,49445
1780676551,MI,58594,MIS001,49445
1861655029,MI,58594,MIS001,49445
1881474195,MI,58594,MIS001,49445
1891193710,MI,58594,MIS001,49445
1902024714,MI,58594,MIS001,49445
1942561667,MI,58594,MIS001,49445
1942789805,MI,58594,MIS001,49445
1952682858,MI,58594,MIS001,49445
1972275832,MI,58594,MIS001,49445
1235999004,MI,58594,MIS001,49445
1245686161,MI,58594,MIS001,49445
1306250162,MI,58594,MIS001,49445
1811941800,MI,58594,MIS001,49445
1841724192,MI,58594,MIS001,49445
1962181131,MI,58594,MIS001,49445
1962977702,MI,58594,MIS001,49445
1386027746,MI,58594,MIS001,48462
1417971375,MI,58594,MIS001,48462
1841859196,MI,58594,MIS001,48462
1356863484,MI,29698,MIS007,49201
1548015803,MI,29698,MIS007,49201
1326073198,MI,29698,MIS007,49201
1013258631,MI,29698,MIS007,49201
1437156858,MI,29698,MIS007,49203
1437292513,MI,29698,MIS007,49203
1346330438,MI,58594,MIS001,49456
1942305917,MI,58594,MIS001,49456
1578987665,TX,66252,TXS002,78666
1023643285,MI,58594,MIS001,49456
1033204870,MI,58594,MIS001,49456
1043080716,MI,58594,MIS001,49456
1043822356,MI,58594,MIS001,49456
1043972698,MI,58594,MIS001,49456
1235125386,MI,58594,MIS001,49456
1245609452,MI,58594,MIS001,49456
1306982079,MI,58594,MIS001,49456
1407225865,MI,58594,MIS001,49456
1609102151,MI,58594,MIS001,49456
1609488311,MI,58594,MIS001,49456
1619458577,MI,58594,MIS001,49456
1669031456,MI,58594,MIS001,49456
1689220519,MI,58594,MIS001,49456
1710071360,MI,58594,MIS001,49456
1851486211,MI,58594,MIS001,49456
1881241032,MI,58594,MIS001,49456
1891898763,MI,58594,MIS001,49456
1952077489,MI,58594,MIS001,49456
1982958427,MI,58594,MIS001,49456
1932850955,MI,58594,MIS001,49456
1043095201,MI,58594,MIS001,49456
1063470490,MI,58594,MIS001,49456
1104600766,MI,58594,MIS001,49456
1245947761,MI,58594,MIS001,49456
1265783328,MI,58594,MIS001,49456
1417915604,MI,58594,MIS001,49456
1477071777,MI,58594,MIS001,49456
1548937105,MI,58594,MIS001,49456
1730332412,MI,58594,MIS001,49456
1780115360,MI,58594,MIS001,49456
1851175517,MI,58594,MIS001,49456
1861616427,MI,58594,MIS001,49456
1578987665,TX,66252,TXS001,78666
1962904755,MI,58594,MIS001,49456
1831318468,MI,58594,MIS001,49456
1225917909,MI,58594,MIS001,49456
1578930129,MI,58594,MIS001,49456
1659505527,MI,58594,MIS001,49456
1861226037,MI,58594,MIS001,49456
1881574804,MI,58594,MIS001,49456
1265534804,MI,29698,MIS007,49203
1639823560,MI,29698,MIS007,49203
1023791431,MI,29698,MIS007,49230
1922661313,MI,29698,MIS007,49230
1164994976,MI,58594,MIS001,49412
1174752281,MI,58594,MIS001,49412
1225415151,MI,58594,MIS001,49412
1275237810,MI,58594,MIS001,49412
1356800924,MI,58594,MIS001,49412
1558712240,MI,58594,MIS001,49412
1689298333,MI,58594,MIS001,49412
1710797980,MI,58594,MIS001,49412
1750789715,MI,58594,MIS001,49412
1821040106,MI,58594,MIS001,49412
1821216607,MI,58594,MIS001,49412
1841864451,MI,58594,MIS001,49412
1033642095,MI,58594,MIS001,49412
1043173222,MI,58594,MIS001,49412
1184481566,MI,58594,MIS001,49412
1205377504,MI,58594,MIS001,49412
1548851694,MI,58594,MIS001,49412
1740700236,MI,58594,MIS001,49412
1851134951,MI,58594,MIS001,49412
1871304477,MI,58594,MIS001,49412
1720701188,MI,58594,MIS001,48455
1306818117,MI,29698,MIS005,49015
1093218810,MI,29698,MIS003,49423
1164802351,MI,29698,MIS003,49423
1437528544,MI,29698,MIS003,49423
1447702212,MI,29698,MIS003,49423
1497137947,MI,29698,MIS003,49423
1952669152,MI,29698,MIS003,49423
1972083350,MI,29698,MIS003,49423
1093542235,MI,29698,MIS003,49423
1194126300,MI,29698,MIS003,49423
1225654981,MI,29698,MIS003,49423
1235510942,MI,29698,MIS003,49423
1275843211,MI,29698,MIS003,49423
1336824366,MI,29698,MIS003,49423
1346741097,MI,29698,MIS003,49423
1437732104,MI,29698,MIS003,49423
1447124045,MI,29698,MIS003,49423
1487105193,MI,29698,MIS003,49423
1578719282,MI,29698,MIS003,49423
1851896377,MI,29698,MIS003,49423
1447264635,MI,29698,MIS007,49203
1639845688,MI,29698,MIS007,49203
1013900901,MI,29698,MIS007,49203
1295378925,MI,29698,MIS007,49203
1477264760,MI,29698,MIS007,49203
1518544394,MI,29698,MIS007,49203
1780449207,MI,29698,MIS007,49203
1841646387,MI,29698,MIS007,49203
1902899974,MI,29698,MIS007,49203
1922721414,MI,29698,MIS007,49203
1922730621,MI,29698,MIS007,49203
1023817392,MI,29698,MIS005,49017
1104546142,MI,29698,MIS005,49017
1194389312,MI,29698,MIS005,49017
1235712944,MI,29698,MIS005,49017
1295351773,MI,29698,MIS005,49017
1306566930,MI,29698,MIS005,49017
1316739873,MI,29698,MIS005,49017
1356800924,MI,29698,MIS005,49017
1417820762,MI,29698,MIS005,49017
1427447192,MI,29698,MIS005,49017
1427872308,MI,29698,MIS005,49017
1467760546,MI,29698,MIS005,49017
1487752440,MI,29698,MIS005,49017
1538044292,MI,29698,MIS005,49017
1538185095,MI,29698,MIS005,49017
1598384380,MI,29698,MIS005,49017
1619730017,MI,29698,MIS005,49017
1720608193,MI,29698,MIS005,49017
1770464554,MI,29698,MIS005,49017
1891815411,MI,29698,MIS005,49017
1932932589,MI,29698,MIS005,49017
1942920855,MI,29698,MIS005,49017
1982346953,MI,29698,MIS005,49017
1952755357,MI,29698,MIS005,49017
1447679444,MI,29698,MIS005,49015
1407225865,MI,58594,MIS001,49442
1669031456,MI,58594,MIS001,49442
1689220519,MI,58594,MIS001,49442
1184647216,MI,58594,MIS001,48471
1053393819,MI,29698,MIS005,49015
1104176460,MI,29698,MIS005,49015
1174533228,MI,29698,MIS005,49015
1396788543,MI,29698,MIS005,49015
1518386846,MI,29698,MIS005,49015
1659380939,MI,29698,MIS005,49015
1669228466,MI,29698,MIS005,49015
1861402836,MI,29698,MIS005,49015
1902865116,MI,29698,MIS005,49015
1922202258,MI,29698,MIS005,49015
1962512699,MI,29698,MIS005,49015
1962760595,MI,29698,MIS005,49015
1518396381,MI,29698,MIS007,49201
1043071608,MI,29698,MIS005,49015
1609691989,MI,29698,MIS005,49015
1851478713,MI,29698,MIS005,49015
1861971145,MI,58594,MIS001,49441
1194007674,MI,58594,MIS001,48624
1245847870,MI,58594,MIS001,48624
1386013142,MI,58594,MIS001,48624
1932949708,MI,58594,MIS001,48624
1013930189,MI,58594,MIS001,48624
1023010204,MI,58594,MIS001,48624
1023126448,MI,58594,MIS001,48624
1043887409,MI,58594,MIS001,48624
1053490177,MI,58594,MIS001,48624
1063580595,MI,58594,MIS001,48624
1073881629,MI,58594,MIS001,48624
1083096184,MI,58594,MIS001,48624
1336551738,MI,58594,MIS001,48624
1427038900,MI,58594,MIS001,48624
1578083895,MI,58594,MIS001,48624
1619415809,MI,58594,MIS001,48624
1659947141,MI,58594,MIS001,48624
1770546608,MI,58594,MIS001,48624
1922665868,MI,58594,MIS001,48624
1982683355,MI,58594,MIS001,48624
1992960702,MI,58594,MIS001,48624
1043755424,MI,29698,MIS007,49203
1013461581,MI,58594,MIS001,48647
1518397884,MI,29698,MIS003,49423
1871294546,MI,29698,MIS003,49423
1558864280,MI,29698,MIS003,49423
1639497498,MI,29698,MIS003,49423
1639872690,MI,29698,MIS003,49423
1790580934,MI,29698,MIS003,49423
1396976221,MI,29698,MIS003,49423
1104989730,MI,29698,MIS007,49201
1154875987,MI,29698,MIS007,49201
1194950238,MI,29698,MIS007,49201
1255443438,MI,29698,MIS007,49201
1275797250,MI,29698,MIS007,49201
1609169507,MI,29698,MIS007,49201
1104073022,MI,29698,MIS007,49201
1265828115,MI,29698,MIS007,49201
1720066483,MI,29698,MIS007,49201
1780047597,MI,29698,MIS007,49201
1851420947,MI,29698,MIS007,49201
1003179730,MI,29698,MIS007,49201
1487388104,MI,58594,MIS001,49442
1467990671,MI,58594,MIS001,49442
1538437751,MI,58594,MIS001,49442
1750837589,MI,58594,MIS001,49442
1801432687,MI,29698,MIS007,49203
1982094074,MI,29698,MIS007,49203
1235542119,MI,29698,MIS007,49202
1336766153,MI,29698,MIS007,49202
1568026219,MI,29698,MIS007,49202
1952399297,MI,29698,MIS007,49202
1477893105,MI,29698,MIS007,49203
1114621471,MI,29698,MIS003,49423
1578092078,MI,29698,MIS003,49423
1669884169,MI,29698,MIS003,49423
1972647923,MI,29698,MIS003,49423
1053826206,MI,29698,MIS003,49423
1235502444,MI,29698,MIS003,49423
1992780258,MI,29698,MIS003,49423
1124435276,MI,29698,MIS003,49423
1336879378,MI,29698,MIS003,49423
1437248341,MI,29698,MIS003,49423
1487071692,MI,29698,MIS003,49423
1700899010,MI,29698,MIS003,49423
1689875031,TX,66252,TXS002,78666
1730526989,TX,66252,TXS002,78666
1962039024,TX,66252,TXS002,78666
1689875031,TX,66252,TXS001,78666
1730526989,TX,66252,TXS001,78666
1962039024,TX,66252,TXS001,78666
1023250008,MI,29698,MIS007,49240
1922292465,MI,29698,MIS007,49240
1871676304,MI,58594,MIS001,49445
1104263276,TX,66252,TXS002,78666
1104263276,TX,66252,TXS001,78666
1134431885,MI,29698,MIS003,49423
1255777397,MI,29698,MIS003,49423
1285675017,MI,29698,MIS003,49423
1417040205,MI,29698,MIS003,49423
1427454206,MI,29698,MIS003,49423
1508429630,MI,29698,MIS003,49423
1659647717,MI,29698,MIS003,49423
1841673787,MI,29698,MIS003,49423
1831229913,MI,58594,MIS001,48462
1851402713,MI,58594,MIS001,48462
1154828689,MI,58594,MIS001,48462
1306371588,MI,58594,MIS001,48462
1326317785,MI,58594,MIS001,48462
1427286434,MI,58594,MIS001,48462
1467029934,MI,58594,MIS001,48462
1467428045,MI,58594,MIS001,48462
1568432151,MI,58594,MIS001,48462
1669041687,MI,58594,MIS001,48462
1710566559,MI,58594,MIS001,48462
1154029007,MI,29698,MIS007,49203
1225736176,MI,29698,MIS007,49203
1588283006,MI,58594,MIS001,48462
1356824841,MI,29698,MIS007,49203
1821151598,MI,29698,MIS007,49203
1891751806,MI,29698,MIS007,49203
1912985615,MI,29698,MIS007,49203
1730122367,MI,29698,MIS007,49203
1114649787,MI,29698,MIS007,49201
1548405632,MI,29698,MIS007,49201
1649371071,MI,29698,MIS007,49202
1295305399,MI,29698,MIS007,49202
1215901780,TX,66252,TXS002,78666
1528054749,TX,66252,TXS002,78666
1063194009,TX,66252,TXS002,78666
1114689767,TX,66252,TXS002,78666
1215490693,TX,66252,TXS002,78666
1215516992,TX,66252,TXS002,78666
1831696863,TX,66252,TXS002,78666
1902918675,TX,66252,TXS002,78666
1528747144,TX,66252,TXS002,78666
1215901780,TX,66252,TXS001,78666
1528054749,TX,66252,TXS001,78666
1063194009,TX,66252,TXS001,78666
1114689767,TX,66252,TXS001,78666
1215490693,TX,66252,TXS001,78666
1215516992,TX,66252,TXS001,78666
1831696863,TX,66252,TXS001,78666
1902918675,TX,66252,TXS001,78666
1528747144,TX,66252,TXS001,78666
1053195081,TX,66252,TXS002,78666
1104589183,TX,66252,TXS002,78666
1144826850,TX,66252,TXS002,78666
1154663888,TX,66252,TXS002,78666
1255900841,TX,66252,TXS002,78666
1275701096,TX,66252,TXS002,78666
1336819135,TX,66252,TXS002,78666
1346816824,TX,66252,TXS002,78666
1477002186,TX,66252,TXS002,78666
1487163747,TX,66252,TXS002,78666
1528753324,TX,66252,TXS002,78666
1528891082,TX,66252,TXS002,78666
1578803383,TX,66252,TXS002,78666
1588262075,TX,66252,TXS002,78666
1639726367,TX,66252,TXS002,78666
1699662205,TX,66252,TXS002,78666
1861708786,TX,66252,TXS002,78666
1982438420,TX,66252,TXS002,78666
1053195081,TX,66252,TXS001,78666
1104589183,TX,66252,TXS001,78666
1144826850,TX,66252,TXS001,78666
1154663888,TX,66252,TXS001,78666
1255900841,TX,66252,TXS001,78666
1275701096,TX,66252,TXS001,78666
1336819135,TX,66252,TXS001,78666
1346816824,TX,66252,TXS001,78666
1477002186,TX,66252,TXS001,78666
1487163747,TX,66252,TXS001,78666
1528753324,TX,66252,TXS001,78666
1528891082,TX,66252,TXS001,78666
1578803383,TX,66252,TXS001,78666
1588262075,TX,66252,TXS001,78666
1639726367,TX,66252,TXS001,78666
1699662205,TX,66252,TXS001,78666
1861708786,TX,66252,TXS001,78666
1982438420,TX,66252,TXS001,78666
1346021797,MI,58594,MIS001,49442
1265544969,MI,58594,MIS001,49444
1144519299,MI,58594,MIS001,49444
1174785182,MI,58594,MIS001,49444
1487929154,MI,58594,MIS001,49444
1790561546,MI,58594,MIS001,49444
1073720900,MI,58594,MIS001,48371
1104848530,MI,58594,MIS001,48371
1417064502,MI,58594,MIS001,48371
1609390335,MI,58594,MIS001,48371
1366849036,MI,58594,MIS001,48651
1659519403,MI,58594,MIS001,48651
1528080892,TX,66252,TXS002,78666
1528080892,TX,66252,TXS001,78666
1366945545,MI,29698,MIS005,49015
1669547741,MI,29698,MIS005,49015
1699743872,MI,29698,MIS005,49015
1225123078,MI,29698,MIS007,49203
1407904188,MI,29698,MIS003,49348
1962722447,MI,29698,MIS007,49202
1629311956,MI,29698,MIS007,49202
1316599707,MI,58594,MIS001,49442
1457508962,MI,58594,MIS001,49442
1942398698,MI,29698,MIS007,49202
1194368647,MI,58594,MIS001,49412
1285030536,MI,58594,MIS001,49412
1689388415,MI,58594,MIS001,49412
1942561667,MI,58594,MIS001,49412
1124491964,MI,58594,MIS001,49412
1316365687,MI,58594,MIS001,49412
1639866205,MI,58594,MIS001,49412
1043308455,MI,58594,MIS001,48471
1184286700,MI,58594,MIS001,48471
1184974909,MI,58594,MIS001,48471
1356987275,MI,58594,MIS001,48471
1851485510,MI,58594,MIS001,48471
1194508945,MI,29698,MIS003,49423
1326751215,MI,29698,MIS003,49423
1386257392,MI,29698,MIS003,49423
1407530280,MI,29698,MIS003,49423
1457730954,MI,29698,MIS003,49423
1689435372,MI,29698,MIS003,49423
1851912844,MI,29698,MIS003,49423
1891187175,MI,29698,MIS003,49423
1982089611,MI,29698,MIS003,49423
1003559170,MI,58594,MIS001,48471
1013491000,MI,58594,MIS001,48471
1114080587,MI,58594,MIS001,48471
1447755343,MI,58594,MIS001,48471
1508130782,MI,58594,MIS001,48471
1538714290,MI,58594,MIS001,48471
1568943645,MI,58594,MIS001,48471
1629101944,MI,58594,MIS001,48471
1700365517,MI,58594,MIS001,48471
1790288702,MI,58594,MIS001,48471
1821746074,MI,58594,MIS001,48471
1871849448,MI,58594,MIS001,48471
1972715092,MI,58594,MIS001,48471
1164898458,MI,29698,MIS007,49203
1225345077,MI,29698,MIS007,49203
1457221673,MI,29698,MIS005,49015
1861917783,MI,29698,MIS005,49015
1356207716,MI,29698,MIS007,49202
1316115199,MI,29698,MIS003,49453
1164523205,MI,29698,MIS003,49419
1174515639,MI,58594,MIS001,48654
1821374646,MI,58594,MIS001,48654
1922172493,MI,58594,MIS001,48653
1053642660,MI,29698,MIS003,49423
1134435456,MI,29698,MIS003,49423
1659737815,MI,29698,MIS003,49423
1972888535,MI,29698,MIS003,49423
1255524005,MI,58594,MIS001,48471
1285668863,MI,58594,MIS001,48471
1932756806,MI,58594,MIS001,48471
1912084310,MI,29698,MIS005,49014
1154439339,MI,58594,MIS001,49412
1598983686,MI,58594,MIS001,49412
1831572825,MI,29698,MIS005,49014
1902298714,MI,29698,MIS005,49014
1558960179,MI,58594,MIS001,49412
1982133583,MI,58594,MIS001,49412
1902007644,MI,58594,MIS001,49415
1215930854,MI,58594,MIS001,49444
1467466581,MI,58594,MIS001,49444
1699103804,MI,58594,MIS001,49444
1063514909,MI,29698,MIS003,49453
1669463113,MI,58594,MIS001,49456
1730795287,MI,58594,MIS001,49456
1518750835,MI,58594,MIS001,49456
1518263672,MI,58594,MIS001,49412
1619227592,MI,29698,MIS005,49017
1760642557,MI,29698,MIS005,49017
1821054966,MI,29698,MIS005,49017
1790649002,MI,29698,MIS005,49017
1558475012,MI,29698,MIS007,49201
1508954330,MI,58594,MIS001,49444
1720155054,MI,58594,MIS001,49444
1750303079,MI,58594,MIS001,49444
1801508593,MI,58594,MIS001,49444
1821117656,MI,58594,MIS001,49444
1891708590,MI,58594,MIS001,49444
1215542592,MI,58594,MIS001,48371
1689023244,MI,58594,MIS001,48624
1033187265,MI,29698,MIS005,49014
1043325632,MI,29698,MIS005,49014
1043984693,MI,29698,MIS005,49014
1053957548,MI,29698,MIS005,49014
1104545292,MI,29698,MIS005,49014
1275815870,MI,29698,MIS005,49014
1427139674,MI,29698,MIS005,49014
1427740356,MI,29698,MIS005,49014
1508290941,MI,29698,MIS005,49014
1538243928,MI,29698,MIS005,49014
1538880430,MI,29698,MIS005,49014
1619553948,MI,29698,MIS005,49014
1699407189,MI,29698,MIS005,49014
1821210857,MI,29698,MIS005,49014
1902986441,MI,29698,MIS005,49014
1932520244,MI,29698,MIS005,49014
1972964724,MI,29698,MIS005,49014
1639921653,MI,29698,MIS005,49014
1326702754,MI,29698,MIS005,49037
1023382447,MI,29698,MIS003,49423
1124870860,MI,29698,MIS003,49423
1326699422,MI,29698,MIS003,49423
1487165288,MI,29698,MIS003,49423
1487207684,MI,29698,MIS003,49423
1578682399,MI,29698,MIS003,49423
1609104272,MI,29698,MIS003,49423
1699590448,MI,29698,MIS003,49423
1760873681,MI,29698,MIS003,49423
1154501062,MI,29698,MIS003,49423
1861842288,MI,29698,MIS003,49423
1861706202,TX,66252,TXS002,78666
1861706202,TX,66252,TXS001,78666
1861426348,MI,58594,MIS001,49441
1922357490,MI,58594,MIS001,49441
1821147646,MI,29698,MIS003,49423
1891745311,MI,29698,MIS007,49202
1295206936,MI,58594,MIS001,49441
1235429358,MI,58594,MIS001,49441
1295016517,MI,58594,MIS001,49441
1235324385,MI,58594,MIS001,48422
1396493151,MI,29698,MIS007,49201
1477583383,MI,29698,MIS007,49204
1013993674,MI,29698,MIS003,49423
1023094687,MI,29698,MIS003,49423
1205982048,MI,29698,MIS003,49423
1427052455,MI,29698,MIS003,49423
1457562597,MI,29698,MIS003,49423
1184119356,MI,29698,MIS003,49423
1366305641,MI,29698,MIS003,49423
1417533829,MI,29698,MIS003,49423
1639759517,MI,29698,MIS003,49423
1669672762,MI,29698,MIS003,49423
1912584152,MI,29698,MIS003,49423
1952117152,MI,29698,MIS003,49423
1093433500,MI,58594,MIS001,48455
1134330244,MI,58594,MIS001,48455
1346765583,MI,58594,MIS001,48455
1780010793,MI,58594,MIS001,48455
1962505065,MI,29698,MIS007,49202
1043847221,MI,29698,MIS003,49423
1225285992,MI,29698,MIS003,49423
1356684567,MI,29698,MIS003,49423
1699752238,MI,29698,MIS003,49423
1720460629,MI,29698,MIS003,49423
1114980224,MI,29698,MIS003,49423
1164912572,MI,29698,MIS003,49423
1316276884,MI,29698,MIS003,49423
1336707918,MI,29698,MIS003,49423
1508328014,MI,29698,MIS003,49423
1538283171,MI,29698,MIS003,49423
1720007834,MI,29698,MIS003,49423
1912679267,MI,29698,MIS003,49423
1598409419,MI,29698,MIS003,49423
1699573998,MI,29698,MIS003,49423
1124100631,MI,58594,MIS001,49421
1033226824,MI,58594,MIS001,48422
1104207398,MI,58594,MIS001,49443
1194136556,MI,58594,MIS001,49443
1184799199,MI,58594,MIS001,49443
1225032709,MI,58594,MIS001,49421
1760418792,MI,29698,MIS003,49423
1003569195,MI,29698,MIS007,49202
1013467786,MI,29698,MIS007,49202
1023015682,MI,29698,MIS007,49202
1043872740,MI,29698,MIS007,49202
1063774172,MI,29698,MIS007,49202
1063871838,MI,29698,MIS007,49202
1093187353,MI,29698,MIS007,49202
1154911675,MI,29698,MIS007,49202
1194244210,MI,29698,MIS007,49202
1225537376,MI,29698,MIS007,49202
1225716186,MI,29698,MIS007,49202
1326515784,MI,29698,MIS007,49202
1386262574,MI,29698,MIS007,49202
1386498053,MI,29698,MIS007,49202
1407423692,MI,29698,MIS007,49202
1417565086,MI,29698,MIS007,49202
1528443785,MI,29698,MIS007,49202
1548735731,MI,29698,MIS007,49202
1639229826,MI,29698,MIS007,49202
1659360675,MI,29698,MIS007,49202
1659486041,MI,29698,MIS007,49202
1700386232,MI,29698,MIS007,49202
1710452560,MI,29698,MIS007,49202
1770030611,MI,29698,MIS007,49202
1871139980,MI,29698,MIS007,49202
1881163293,MI,29698,MIS007,49202
1902378185,MI,29698,MIS007,49202
1902415193,MI,29698,MIS007,49202
1952881054,MI,29698,MIS007,49202
1982359782,MI,29698,MIS007,49202
1346235207,MI,58594,MIS001,48441
1003256199,MI,29698,MIS007,49240
1033608781,MI,29698,MIS007,49240
1629539309,MI,29698,MIS007,49240
1760155246,MI,29698,MIS007,49240
1790137289,MI,29698,MIS007,49240
1881617439,MI,29698,MIS003,49453
1144976960,MI,29698,MIS007,49240
1154762052,MI,29698,MIS007,49240
1750002622,MI,58594,MIS001,49441
1689630659,MI,29698,MIS007,49202
1487791448,MI,58594,MIS001,49451
1508084310,MI,58594,MIS001,49451
1639504517,MI,29698,MIS007,49201
1720402605,MI,29698,MIS007,49201
1851338891,MI,29698,MIS005,49068
1710197579,MI,29698,MIS005,49068
1790505683,MI,29698,MIS005,49068
1851340616,TX,66252,TXS002,78666
1962021782,TX,66252,TXS002,78666
1386925923,TX,66252,TXS002,78666
1669765772,TX,66252,TXS002,78666
1194453035,TX,66252,TXS002,78666
1619674280,TX,66252,TXS002,78666
1871072397,TX,66252,TXS002,78666
1871329730,TX,66252,TXS002,78666
1295890531,TX,66252,TXS002,78666
1851340616,TX,66252,TXS001,78666
1962021782,TX,66252,TXS001,78666
1386925923,TX,66252,TXS001,78666
1669765772,TX,66252,TXS001,78666
1194453035,TX,66252,TXS001,78666
1619674280,TX,66252,TXS001,78666
1871072397,TX,66252,TXS001,78666
1871329730,TX,66252,TXS001,78666
1295890531,TX,66252,TXS001,78666
1063231835,TX,66252,TXS002,78666
1033094628,MI,58594,MIS001,49444
1073243515,MI,58594,MIS001,49444
1093591190,MI,58594,MIS001,49444
1194288654,MI,58594,MIS001,49444
1770042780,MI,58594,MIS001,49444
1336912419,MI,58594,MIS001,49444
1063231835,TX,66252,TXS001,78666
1033272091,MI,58594,MIS001,49456
1164038469,MI,58594,MIS001,49456
1902961766,MI,29698,MIS007,49203
1588823454,MI,58594,MIS001,49456
1013524404,MI,58594,MIS001,49442
1194838599,MI,58594,MIS001,49420
1568696631,TX,66252,TXS002,78666
1386903425,MI,29698,MIS007,49202
1508963273,MI,29698,MIS007,49202
1558395947,MI,29698,MIS007,49202
1558737478,MI,29698,MIS007,49202
1619262680,MI,29698,MIS007,49202
1669970810,MI,29698,MIS007,49202
1790862225,MI,29698,MIS007,49202
1972843126,MI,29698,MIS007,49202
1982251724,MI,29698,MIS007,49202
1003143512,MI,29698,MIS007,49202
1316432032,MI,29698,MIS007,49202
1366481905,MI,29698,MIS007,49202
1114410768,MI,29698,MIS007,49202
1073568374,MI,29698,MIS007,49202
1194584433,TX,66252,TXS002,78666
1679106702,TX,66252,TXS002,78666
1730891805,MI,29698,MIS007,49202
1104295773,MI,29698,MIS007,49202
1184288433,MI,29698,MIS007,49202
1235006248,MI,29698,MIS007,49202
1275202673,MI,29698,MIS007,49202
1316252323,MI,29698,MIS007,49202
1417371501,MI,29698,MIS007,49202
1447726146,MI,29698,MIS007,49202
1548702517,MI,29698,MIS007,49202
1548754898,MI,29698,MIS007,49202
1598120776,MI,29698,MIS007,49202
1639723653,MI,29698,MIS007,49202
1679104418,MI,29698,MIS007,49202
1831417344,MI,29698,MIS007,49202
1942708318,MI,29698,MIS007,49202
1972456093,MI,29698,MIS007,49202
1083276083,MI,29698,MIS007,49202
1902233265,MI,29698,MIS007,49202
1952356081,MI,29698,MIS007,49202
1568696631,TX,66252,TXS001,78666
1194584433,TX,66252,TXS001,78666
1679106702,TX,66252,TXS001,78666
1407217961,MI,58594,MIS001,49420
1659688232,MI,29698,MIS003,49423
1215054952,MI,29698,MIS003,49423
1922188028,MI,29698,MIS003,49423
1578753489,MI,29698,MIS003,49423
1063749695,MI,29698,MIS003,49423
1114940434,MI,29698,MIS003,49423
1518268135,MI,29698,MIS003,49423
1538692322,MI,29698,MIS003,49423
1649550120,MI,29698,MIS003,49423
1083820989,TX,66252,TXS002,78666
1083820989,TX,66252,TXS001,78666
1275105090,MI,29698,MIS005,49015
1285056838,MI,29698,MIS005,49015
1295700318,MI,29698,MIS005,49015
1477026136,MI,29698,MIS005,49015
1487123832,MI,29698,MIS005,49015
1528034287,MI,29698,MIS005,49015
1538713094,MI,29698,MIS005,49015
1639721095,MI,29698,MIS005,49015
1689148991,MI,29698,MIS005,49015
1750953741,MI,29698,MIS005,49015
1902448814,MI,29698,MIS005,49015
1932445483,MI,29698,MIS005,49015
1962477026,MI,29698,MIS005,49015
1215181557,MI,29698,MIS005,49015
1316169303,MI,29698,MIS005,49015
1386027977,MI,29698,MIS005,49015
1952527715,MI,29698,MIS005,49015
1154439339,MI,29698,MIS005,49015
1689205262,MI,29698,MIS005,49015
1467490938,MI,29698,MIS005,49015
1891592945,MI,29698,MIS005,49015
1740476621,MI,29698,MIS005,49015
1790124865,MI,29698,MIS005,49017
1134804248,MI,29698,MIS005,49015
1114389194,MI,58594,MIS001,48455
1790178283,MI,58594,MIS001,48651
1356449128,MI,58594,MIS001,49415
1235557430,MI,58594,MIS001,48651
1245621853,MI,58594,MIS001,48651
1467832204,MI,58594,MIS001,48651
1730960618,MI,58594,MIS001,48651
1770525941,MI,58594,MIS001,48651
1548291982,MI,58594,MIS001,48741
1356734172,MI,58594,MIS001,48741
1962006817,MI,58594,MIS001,48741
1891872339,MI,29698,MIS005,49015
1093816316,MI,58594,MIS001,49420
1467892364,MI,58594,MIS001,49420
1114946506,MI,58594,MIS001,49441
1871771121,MI,29698,MIS005,49015
1013445725,MI,58594,MIS001,49420
1437472719,MI,58594,MIS001,49420
1619594959,MI,58594,MIS001,49420
1669418356,MI,58594,MIS001,49420
1881646610,MI,58594,MIS001,49420
1962434043,MI,58594,MIS001,49420
1043573207,MI,29698,MIS003,49323
1235832007,MI,29698,MIS003,49323
1538882048,MI,29698,MIS003,49323
1508845819,MI,58594,MIS001,48441
1154316222,MI,58594,MIS001,49441
1780652180,MI,29698,MIS003,49406
1316603848,MI,58594,MIS001,48471
1164450201,MI,58594,MIS001,49444
1821433566,MI,58594,MIS001,49444
1154558989,MI,58594,MIS001,49444
1982667267,MI,29698,MIS007,49240
1275409989,MI,29698,MIS007,49201
1033750427,MI,29698,MIS007,49204
1043378474,MI,58594,MIS001,49441
1275651903,MI,58594,MIS001,49441
1346692373,MI,58594,MIS001,48422
1033101225,MI,29698,MIS007,49202
1184991234,MI,29698,MIS007,49202
1831335280,MI,29698,MIS007,49202
1891003240,MI,29698,MIS007,49202
1902157621,MI,29698,MIS007,49202
1114708609,MI,29698,MIS007,49202
1336864933,MI,29698,MIS007,49202
1548984602,MI,29698,MIS007,49202
1689029829,MI,29698,MIS007,49202
1295384832,MI,29698,MIS003,49335
1295495067,MI,29698,MIS007,49240
1306418231,MI,29698,MIS007,49240
1427540913,MI,29698,MIS007,49240
1194120717,MI,58594,MIS001,48624
1366600280,MI,58594,MIS001,48471
1518014018,MI,58594,MIS001,48471
1003559170,MI,58594,MIS001,48422
1700365517,MI,58594,MIS001,48422
1821746074,MI,58594,MIS001,48422
1205553633,MI,58594,MIS001,48471
1548940208,MI,58594,MIS001,48827
1144718701,MI,29698,MIS007,49201
1164800546,MI,29698,MIS007,49201
1811438245,MI,29698,MIS007,49201
1922097492,MI,29698,MIS007,49201
1427350669,MI,29698,MIS007,49202
1083265052,TX,66252,TXS002,78666
1164172458,TX,66252,TXS002,78666
1639611676,TX,66252,TXS002,78666
1881585255,TX,66252,TXS002,78666
1154009983,TX,66252,TXS002,78666
1770326951,TX,66252,TXS002,78666
1235028333,TX,66252,TXS002,78666
1750277182,TX,66252,TXS002,78666
1669124715,MI,58594,MIS001,48624
1093134629,MI,58594,MIS001,48471
1174577787,MI,29698,MIS007,49202
1750343869,MI,29698,MIS005,49015
1265589683,MI,58594,MIS001,49445
1083265052,TX,66252,TXS001,78666
1164172458,TX,66252,TXS001,78666
1639611676,TX,66252,TXS001,78666
1881585255,TX,66252,TXS001,78666
1154009983,TX,66252,TXS001,78666
1770326951,TX,66252,TXS001,78666
1235028333,TX,66252,TXS001,78666
1750277182,TX,66252,TXS001,78666
1063506558,MI,29698,MIS005,49014
1578816765,MI,29698,MIS005,49052
1649681651,MI,29698,MIS005,49052
1689056715,MI,29698,MIS005,49052
1871542936,TX,66252,TXS002,78666
1205985942,TX,66252,TXS002,78666
1871542936,TX,66252,TXS001,78666
1205985942,TX,66252,TXS001,78666
1508581505,MI,29698,MIS007,49272
1326663857,TX,66252,TXS002,78666
1558945485,TX,66252,TXS002,78666
1326663857,TX,66252,TXS001,78666
1558945485,TX,66252,TXS001,78666
1083074462,MI,29698,MIS005,49052
1609349315,MI,29698,MIS005,49052
1063001535,MI,58594,MIS001,49415
1184860272,MI,29698,MIS007,49202
1225079510,MI,29698,MIS007,49202
1346883493,MI,29698,MIS007,49202
1437113669,MI,29698,MIS007,49202
1780949248,MI,29698,MIS007,49202
1073613808,MI,58594,MIS001,48471
1104319946,MI,58594,MIS001,48471
1194089938,MI,58594,MIS001,48471
1194925032,MI,58594,MIS001,48471
1215215520,MI,58594,MIS001,48471
1265530687,MI,58594,MIS001,48471
1285625301,MI,58594,MIS001,48471
1306430665,MI,58594,MIS001,48471
1306802202,MI,58594,MIS001,48471
1508336439,MI,58594,MIS001,48471
1598040677,MI,58594,MIS001,48471
1609066455,MI,58594,MIS001,48471
1629080486,MI,58594,MIS001,48471
1699706929,MI,58594,MIS001,48471
1861404618,MI,58594,MIS001,48471
1871758326,MI,58594,MIS001,48471
1942212709,MI,58594,MIS001,48471
1003624636,MI,29698,MIS007,49202
1194171009,MI,29698,MIS007,49202
1275495020,MI,29698,MIS007,49202
1922703164,MI,29698,MIS007,49202
1003546607,MI,58594,MIS001,48471
1043680135,MI,58594,MIS001,48471
1255340907,MI,58594,MIS001,48471
1255743308,MI,58594,MIS001,48471
1558990283,MI,58594,MIS001,48471
1568234466,MI,58594,MIS001,48471
1639068448,MI,58594,MIS001,48471
1790429603,MI,58594,MIS001,48471
1861265076,MI,58594,MIS001,48471
1902476344,MI,58594,MIS001,48471
1942530282,MI,58594,MIS001,48471
1710773577,TX,66252,TXS002,78666
1710773577,TX,66252,TXS001,78666
1013021807,MI,29698,MIS005,49017
1467587857,MI,29698,MIS005,49017
1477835874,MI,29698,MIS005,49017
1548652803,MI,29698,MIS005,49017
1750651535,MI,29698,MIS005,49017
1003431933,MI,29698,MIS005,49017
1710298591,MI,29698,MIS005,49017
1104211507,MI,29698,MIS005,49017
1629508650,MI,29698,MIS005,49017
1659662138,MI,29698,MIS005,49017
1942701321,MI,29698,MIS005,49017
1932978426,MI,29698,MIS005,49015
1477160166,MI,29698,MIS005,49017
1538865357,MI,29698,MIS005,49017
1861703647,MI,29698,MIS005,49017
1194100693,MI,29698,MIS003,49348
1205204898,MI,29698,MIS003,49348
1407802556,MI,29698,MIS003,49348
1417950726,MI,29698,MIS003,49348
1689128571,MI,29698,MIS003,49348
1730318502,MI,29698,MIS003,49348
1811061393,MI,29698,MIS003,49348
1811950736,MI,29698,MIS003,49348
1861456220,MI,29698,MIS003,49348
1891214953,MI,29698,MIS003,49348
1154652865,MI,29698,MIS007,49203
1073116745,MI,29698,MIS007,49203
1487997797,MI,29698,MIS007,49203
1508241787,MI,29698,MIS007,49203
1639547961,MI,29698,MIS007,49203
1861979320,MI,29698,MIS007,49203
1912446139,MI,29698,MIS007,49203
1932594496,MI,29698,MIS007,49203
1700439502,MI,58594,MIS001,49441
1003870205,MI,29698,MIS007,49202
1023072964,MI,29698,MIS007,49202
1639921455,MI,29698,MIS003,49348
1720706062,MI,29698,MIS007,49202
1003938119,MI,58594,MIS001,49444
1043579014,MI,58594,MIS001,49444
1144774019,MI,58594,MIS001,49444
1457989428,MI,58594,MIS001,49444
1750597027,MI,58594,MIS001,49444
1841306065,MI,58594,MIS001,49444
1528934676,MI,58594,MIS001,49444
1922788843,MI,58594,MIS001,49444
1134120108,MI,58594,MIS001,49444
1366085474,MI,58594,MIS001,49444
1558385849,MI,58594,MIS001,49444
1629117734,MI,58594,MIS001,49444
1932447687,MI,58594,MIS001,49444
1992487532,MI,58594,MIS001,49444
1841296332,MI,29698,MIS007,49203
1851420947,MI,29698,MIS007,49203
1902802473,MI,29698,MIS007,49203
1174534994,MI,29698,MIS007,49202
1821009655,MI,29698,MIS007,49202
1528088614,MI,29698,MIS007,49201
1699795781,MI,29698,MIS007,49201
1730289711,MI,29698,MIS007,49201
1386260446,MI,29698,MIS007,49201
1669964094,MI,29698,MIS007,49201
1740439793,MI,29698,MIS007,49201
1972387108,MI,29698,MIS007,49201
1003811662,MI,29698,MIS007,49203
1194681320,MI,29698,MIS007,49201
1518580836,MI,58594,MIS001,48462
1619075637,MI,29698,MIS007,49202
1659488609,MI,29698,MIS007,49202
1164489316,MI,29698,MIS005,49015
1508213513,MI,29698,MIS005,49015
1598073801,MI,29698,MIS005,49015
1679989370,MI,29698,MIS005,49015
1700258530,MI,29698,MIS005,49015
1073086989,MI,29698,MIS005,49015
1427675644,MI,29698,MIS005,49015
1497133714,MI,29698,MIS005,49015
1538725155,MI,29698,MIS005,49015
1699495952,MI,29698,MIS005,49015
1932273687,MI,29698,MIS003,49406
1477881589,MI,58594,MIS001,48656
1184116097,TX,66252,TXS002,78666
1407024227,TX,66252,TXS002,78666
1407586167,TX,66252,TXS002,78666
1922198621,TX,66252,TXS002,78666
1942494703,TX,66252,TXS002,78666
1366188385,TX,66252,TXS002,78666
1841829009,TX,66252,TXS002,78666
1184116097,TX,66252,TXS001,78666
1407024227,TX,66252,TXS001,78666
1407586167,TX,66252,TXS001,78666
1922198621,TX,66252,TXS001,78666
1942494703,TX,66252,TXS001,78666
1366188385,TX,66252,TXS001,78666
1841829009,TX,66252,TXS001,78666
1740299858,MI,29698,MIS007,49201
1790824225,MI,29698,MIS007,49201
1326007360,MI,29698,MIS007,49201
1477579266,MI,29698,MIS007,49201
1326109208,MI,29698,MIS007,49201
1396994851,MI,29698,MIS007,49201
1063038511,MI,58594,MIS001,49456
1952895245,MI,58594,MIS001,49456
1427109149,MI,29698,MIS007,49202
1447939418,MI,29698,MIS007,49202
1265846042,MI,29698,MIS007,49202
1437385382,MI,29698,MIS007,49202
1346624921,MI,29698,MIS005,49015
1548767528,MI,29698,MIS005,49015
1760788509,MI,29698,MIS005,49015
1831478353,MI,29698,MIS005,49015
1992702229,MI,29698,MIS005,49015
1811854268,MI,29698,MIS007,49201
1962512731,MI,29698,MIS007,49201
1073119988,MI,29698,MIS007,49201
1154029007,MI,29698,MIS007,49201
1194423848,MI,29698,MIS007,49201
1215405360,MI,29698,MIS007,49201
1225736176,MI,29698,MIS007,49201
1285369959,MI,29698,MIS007,49201
1356766687,MI,29698,MIS007,49201
1396054920,MI,29698,MIS007,49201
1457823023,MI,29698,MIS007,49201
1013939859,MI,29698,MIS005,49015
1174610745,MI,29698,MIS005,49015
1225140007,MI,29698,MIS005,49015
1306496872,MI,29698,MIS005,49015
1467027805,MI,29698,MIS005,49015
1720518657,MI,29698,MIS005,49015
1851964597,MI,29698,MIS005,49015
1023296050,MI,29698,MIS005,49015
1043260821,MI,29698,MIS005,49015
1154524338,MI,29698,MIS005,49015
1184673709,MI,29698,MIS005,49015
1396864401,MI,29698,MIS005,49015
1508816380,MI,29698,MIS005,49015
1619927563,MI,29698,MIS005,49015
1699894709,MI,29698,MIS005,49015
1922057546,MI,29698,MIS005,49015
1124082755,MI,29698,MIS005,49015
1346811577,MI,29698,MIS005,49015
1518392232,MI,29698,MIS005,49015
1558077883,MI,29698,MIS005,49015
1770096745,MI,29698,MIS005,49015
1841440872,MI,29698,MIS005,49015
1912404807,MI,29698,MIS005,49015
1992996458,MI,29698,MIS005,49015
1023485505,MI,58594,MIS001,48455
1205365228,MI,58594,MIS001,48455
1558655464,MI,29698,MIS005,49015
1891815411,MI,29698,MIS005,49015
1962133033,MI,29698,MIS005,49015
1023646155,MI,29698,MIS005,49015
1063813103,MI,29698,MIS005,49015
1093329740,MI,29698,MIS005,49015
1336797794,MI,29698,MIS005,49015
1447800313,MI,29698,MIS005,49015
1679994172,MI,29698,MIS005,49015
1861879405,MI,29698,MIS005,49015
1598898348,MI,29698,MIS003,49453
1629432224,MI,58594,MIS001,48455
1992085047,MI,29698,MIS003,49419
1922287325,MI,58594,MIS001,49415
1114521853,MI,29698,MIS007,49203
1235659996,MI,29698,MIS007,49203
1437858776,MI,58594,MIS001,48471
1417914425,MI,29698,MIS007,49201
1255413456,MI,29698,MIS003,49423
1528070984,MI,29698,MIS003,49423
1528633963,MI,29698,MIS003,49423
1558845180,MI,29698,MIS003,49423
1891660833,MI,29698,MIS003,49423
1265159743,MI,58594,MIS001,49442
1326124090,MI,29698,MIS005,49014
1144233347,MI,58594,MIS001,49444
1679621130,MI,29698,MIS005,49015
1699451575,MI,58594,MIS001,49441
1427512425,MI,29698,MIS005,49014
1104352244,MI,58594,MIS001,49442
1326617234,MI,58594,MIS001,49442
1306703608,MI,58594,MIS001,49445
1457712812,MI,58594,MIS001,49441
1073614251,MI,58594,MIS001,49444
1831889914,MI,58594,MIS001,49444
1063000628,MI,58594,MIS001,49444
1295607752,MI,58594,MIS001,49444
1760209670,MI,58594,MIS001,49444
1962108902,MI,58594,MIS001,49444
1366413072,MI,29698,MIS007,49202
1396914230,MI,29698,MIS007,49202
1578555751,MI,29698,MIS007,49202
1073688784,MI,29698,MIS007,49202
1225367501,TX,66252,TXS002,78666
1295320265,TX,66252,TXS002,78666
1316161409,TX,66252,TXS002,78666
1396969317,TX,66252,TXS002,78666
1801010830,TX,66252,TXS002,78666
1225367501,TX,66252,TXS001,78666
1295320265,TX,66252,TXS001,78666
1316161409,TX,66252,TXS001,78666
1396969317,TX,66252,TXS001,78666
1801010830,TX,66252,TXS001,78666
1225719651,MI,58594,MIS001,48371
1639879703,MI,58594,MIS001,49441
1831355163,MI,29698,MIS005,49068
1205198918,TX,66252,TXS002,78666
1205198918,TX,66252,TXS001,78666
1730239492,MI,58594,MIS001,48371
