COUNTY_FIPS,STATEDESC,REQUIRED_SPECIALTY,DISEASE,ESTIMATED_PATIENTS,PROVIDER_COUNT,TOTAL_BENEFICIARIES,TOTAL_SERVICES,PATIENTS_PER_PROVIDER,MEDIAN_PATIENTS_PER_PROVIDER,MEAN_PATIENTS_PER_PROVIDER,GAP_RATIO,ACCESS_GAP_LEVEL,GAP_SCORE,UC05_KEY
26001,Michigan,Cardiology,Heart Disease,7761,0,0,0.0,0.0,10823.136363636364,15071.056217261126,0.0,NO PROVIDER,100.0,26001|Cardiology
26001,Michigan,Endocrinology,Diabetes,4756,0,0,0.0,0.0,18070.0,22988.768286620067,0.0,NO PROVIDER,100.0,26001|Endocrinology
26001,Michigan,Oncology,Cancer,974,0,0,0.0,0.0,2055.6666666666665,2642.926682217817,0.0,NO PROVIDER,100.0,26001|Oncology
26001,Michigan,Neurology,Neurological Disorders,380,0,0,0.0,0.0,637.0,906.5174241117586,0.0,NO PROVIDER,100.0,26001|Neurology
26001,Michigan,Psychiatry,Mental Health Disorders,2497,1,0,0.0,2497.0,3104.5,4291.15957060345,0.8043163150265743,MODERATE GAP,4.38,26001|Psychiatry
26001,Michigan,Pulmonary,Respiratory Disease,1948,0,0,0.0,0.0,4251.578947368421,5741.879971570142,0.0,NO PROVIDER,100.0,26001|Pulmonary
26001,Michigan,Rheumatology,Arthritis,3064,0,0,0.0,0.0,10453.0,13315.598760659872,0.0,NO PROVIDER,100.0,26001|Rheumatology
26003,Michigan,Cardiology,Heart Disease,5879,0,0,0.0,0.0,10823.136363636364,15071.056217261126,0.0,NO PROVIDER,100.0,26003|Cardiology
26003,Michigan,Endocrinology,Diabetes,3588,0,0,0.0,0.0,18070.0,22988.768286620067,0.0,NO PROVIDER,100.0,26003|Endocrinology
26003,Michigan,Oncology,Cancer,689,0,0,0.0,0.0,2055.6666666666665,2642.926682217817,0.0,NO PROVIDER,100.0,26003|Oncology
26003,Michigan,Neurology,Neurological Disorders,277,0,0,0.0,0.0,637.0,906.5174241117586,0.0,NO PROVIDER,100.0,26003|Neurology
26003,Michigan,Psychiatry,Mental Health Disorders,1905,0,0,0.0,0.0,3104.5,4291.15957060345,0.0,NO PROVIDER,100.0,26003|Psychiatry
26003,Michigan,Pulmonary,Respiratory Disease,1466,0,0,0.0,0.0,4251.578947368421,5741.879971570142,0.0,NO PROVIDER,100.0,26003|Pulmonary
26003,Michigan,Rheumatology,Arthritis,2223,0,0,0.0,0.0,10453.0,13315.598760659872,0.0,NO PROVIDER,100.0,26003|Rheumatology
26005,Michigan,Cardiology,Heart Disease,66368,0,0,0.0,0.0,10823.136363636364,15071.056217261126,0.0,NO PROVIDER,100.0,26005|Cardiology
26005,Michigan,Endocrinology,Diabetes,43165,1,169,382.0,43165.0,18070.0,22988.768286620067,2.3887659103486443,CRITICAL GAP,13.01,26005|Endocrinology
26005,Michigan,Oncology,Cancer,8032,0,0,0.0,0.0,2055.6666666666665,2642.926682217817,0.0,NO PROVIDER,100.0,26005|Oncology
26005,Michigan,Neurology,Neurological Disorders,3006,1,180,375.0,3006.0,637.0,906.5174241117586,4.7189952904238615,CRITICAL GAP,25.69,26005|Neurology
26005,Michigan,Psychiatry,Mental Health Disorders,24753,11,455,1718.0,2250.2727272727275,3104.5,4291.15957060345,0.7248422378072886,MODERATE GAP,3.95,26005|Psychiatry
26005,Michigan,Pulmonary,Respiratory Disease,17425,1,252,526.0,17425.0,4251.578947368421,5741.879971570142,4.098477345877693,CRITICAL GAP,22.32,26005|Pulmonary
26005,Michigan,Rheumatology,Arthritis,25551,2,250,528.0,12775.5,10453.0,13315.598760659872,1.2221850186549317,HIGH GAP,6.65,26005|Rheumatology
26007,Michigan,Cardiology,Heart Disease,18900,5,9131,23145.0,3780.0,10823.136363636364,15071.056217261126,0.3492518132451944,LOW GAP,1.9,26007|Cardiology
26007,Michigan,Endocrinology,Diabetes,12588,0,0,0.0,0.0,18070.0,22988.768286620067,0.0,NO PROVIDER,100.0,26007|Endocrinology
26007,Michigan,Oncology,Cancer,2229,1,628,3273.0,2229.0,2055.6666666666665,2642.926682217817,1.0843197664991082,HIGH GAP,5.9,26007|Oncology
26007,Michigan,Neurology,Neurological Disorders,927,2,0,0.0,463.5,637.0,906.5174241117586,0.7276295133437991,MODERATE GAP,3.96,26007|Neurology
26007,Michigan,Psychiatry,Mental Health Disorders,6816,5,586,5299.0,1363.2,3104.5,4291.15957060345,0.4391045256885167,LOW GAP,2.39,26007|Psychiatry
26007,Michigan,Pulmonary,Respiratory Disease,5174,2,1661,5017.0,2587.0,4251.578947368421,5741.879971570142,0.608479821738054,MODERATE GAP,3.31,26007|Pulmonary
26007,Michigan,Rheumatology,Arthritis,7508,0,0,0.0,0.0,10453.0,13315.598760659872,0.0,NO PROVIDER,100.0,26007|Rheumatology
26009,Michigan,Cardiology,Heart Disease,15668,0,0,0.0,0.0,10823.136363636364,15071.056217261126,0.0,NO PROVIDER,100.0,26009|Cardiology
26009,Michigan,Endocrinology,Diabetes,9593,0,0,0.0,0.0,18070.0,22988.768286620067,0.0,NO PROVIDER,100.0,26009|Endocrinology
26009,Michigan,Oncology,Cancer,2032,0,0,0.0,0.0,2055.6666666666665,2642.926682217817,0.0,NO PROVIDER,100.0,26009|Oncology
26009,Michigan,Neurology,Neurological Disorders,681,1,263,483.0,681.0,637.0,906.5174241117586,1.0690737833594977,HIGH GAP,5.82,26009|Neurology
26009,Michigan,Psychiatry,Mental Health Disorders,5386,1,0,0.0,5386.0,3104.5,4291.15957060345,1.734900950233532,HIGH GAP,9.45,26009|Psychiatry
26009,Michigan,Pulmonary,Respiratory Disease,3821,0,0,0.0,0.0,4251.578947368421,5741.879971570142,0.0,NO PROVIDER,100.0,26009|Pulmonary
26009,Michigan,Rheumatology,Arthritis,6077,0,0,0.0,0.0,10453.0,13315.598760659872,0.0,NO PROVIDER,100.0,26009|Rheumatology
26011,Michigan,Cardiology,Heart Disease,10039,0,0,0.0,0.0,10823.136363636364,15071.056217261126,0.0,NO PROVIDER,100.0,26011|Cardiology
26011,Michigan,Endocrinology,Diabetes,6291,0,0,0.0,0.0,18070.0,22988.768286620067,0.0,NO PROVIDER,100.0,26011|Endocrinology
26011,Michigan,Oncology,Cancer,1196,0,0,0.0,0.0,2055.6666666666665,2642.926682217817,0.0,NO PROVIDER,100.0,26011|Oncology
26011,Michigan,Neurology,Neurological Disorders,493,0,0,0.0,0.0,637.0,906.5174241117586,0.0,NO PROVIDER,100.0,26011|Neurology
26011,Michigan,Psychiatry,Mental Health Disorders,3503,3,98,511.0,1167.6666666666667,3104.5,4291.15957060345,0.3761206850271112,LOW GAP,2.05,26011|Psychiatry
26011,Michigan,Pulmonary,Respiratory Disease,2683,0,0,0.0,0.0,4251.578947368421,5741.879971570142,0.0,NO PROVIDER,100.0,26011|Pulmonary
26011,Michigan,Rheumatology,Arthritis,3928,0,0,0.0,0.0,10453.0,13315.598760659872,0.0,NO PROVIDER,100.0,26011|Rheumatology
26013,Michigan,Cardiology,Heart Disease,5497,1,11,25.0,5497.0,10823.136363636364,15071.056217261126,0.5078934437589507,MODERATE GAP,2.77,26013|Cardiology
26013,Michigan,Endocrinology,Diabetes,3682,0,0,0.0,0.0,18070.0,22988.768286620067,0.0,NO PROVIDER,100.0,26013|Endocrinology
26013,Michigan,Oncology,Cancer,598,0,0,0.0,0.0,2055.6666666666665,2642.926682217817,0.0,NO PROVIDER,100.0,26013|Oncology
26013,Michigan,Neurology,Neurological Disorders,282,0,0,0.0,0.0,637.0,906.5174241117586,0.0,NO PROVIDER,100.0,26013|Neurology
26013,Michigan,Psychiatry,Mental Health Disorders,1860,0,0,0.0,0.0,3104.5,4291.15957060345,0.0,NO PROVIDER,100.0,26013|Psychiatry
26013,Michigan,Pulmonary,Respiratory Disease,1482,0,0,0.0,0.0,4251.578947368421,5741.879971570142,0.0,NO PROVIDER,100.0,26013|Pulmonary
26013,Michigan,Rheumatology,Arthritis,2080,0,0,0.0,0.0,10453.0,13315.598760659872,0.0,NO PROVIDER,100.0,26013|Rheumatology
26015,Michigan,Cardiology,Heart Disease,36779,1,190,265.0,36779.0,10823.136363636364,15071.056217261126,3.398183185011906,CRITICAL GAP,18.5,26015|Cardiology
26015,Michigan,Endocrinology,Diabetes,23428,0,0,0.0,0.0,18070.0,22988.768286620067,0.0,NO PROVIDER,100.0,26015|Endocrinology
26015,Michigan,Oncology,Cancer,4475,0,0,0.0,0.0,2055.6666666666665,2642.926682217817,0.0,NO PROVIDER,100.0,26015|Oncology
26015,Michigan,Neurology,Neurological Disorders,1575,0,0,0.0,0.0,637.0,906.5174241117586,0.0,NO PROVIDER,100.0,26015|Neurology
26015,Michigan,Psychiatry,Mental Health Disorders,13451,1,17,64.0,13451.0,3104.5,4291.15957060345,4.332742792720245,CRITICAL GAP,23.59,26015|Psychiatry
26015,Michigan,Pulmonary,Respiratory Disease,9401,0,0,0.0,0.0,4251.578947368421,5741.879971570142,0.0,NO PROVIDER,100.0,26015|Pulmonary
26015,Michigan,Rheumatology,Arthritis,14101,0,0,0.0,0.0,10453.0,13315.598760659872,0.0,NO PROVIDER,100.0,26015|Rheumatology
26017,Michigan,Cardiology,Heart Disease,61697,8,5439,20881.0,7712.125,10823.136363636364,15071.056217261126,0.7125591640803162,MODERATE GAP,3.88,26017|Cardiology
26017,Michigan,Endocrinology,Diabetes,40717,0,0,0.0,0.0,18070.0,22988.768286620067,0.0,NO PROVIDER,100.0,26017|Endocrinology
26017,Michigan,Oncology,Cancer,7407,3,408,914.0,2469.0,2055.6666666666665,2642.926682217817,1.2010702124209502,HIGH GAP,6.54,26017|Oncology
26017,Michigan,Neurology,Neurological Disorders,2855,3,695,12447.0,951.6666666666666,637.0,906.5174241117586,1.4939822082679224,HIGH GAP,8.13,26017|Neurology
26017,Michigan,Psychiatry,Mental Health Disorders,22883,10,1171,8160.0,2288.3,3104.5,4291.15957060345,0.7370913190529876,MODERATE GAP,4.01,26017|Psychiatry
26017,Michigan,Pulmonary,Respiratory Disease,16511,3,1034,2925.0,5503.666666666667,4251.578947368421,5741.879971570142,1.2944994635635885,HIGH GAP,7.05,26017|Pulmonary
26017,Michigan,Rheumatology,Arthritis,24289,1,124,11248.0,24289.0,10453.0,13315.598760659872,2.323639146656462,CRITICAL GAP,12.65,26017|Rheumatology
26019,Michigan,Cardiology,Heart Disease,11672,0,0,0.0,0.0,10823.136363636364,15071.056217261126,0.0,NO PROVIDER,100.0,26019|Cardiology
26019,Michigan,Endocrinology,Diabetes,7084,0,0,0.0,0.0,18070.0,22988.768286620067,0.0,NO PROVIDER,100.0,26019|Endocrinology
26019,Michigan,Oncology,Cancer,1539,0,0,0.0,0.0,2055.6666666666665,2642.926682217817,0.0,NO PROVIDER,100.0,26019|Oncology
26019,Michigan,Neurology,Neurological Disorders,521,0,0,0.0,0.0,637.0,906.5174241117586,0.0,NO PROVIDER,100.0,26019|Neurology
26019,Michigan,Psychiatry,Mental Health Disorders,4143,1,52,150.0,4143.0,3104.5,4291.15957060345,1.3345144145595105,HIGH GAP,7.27,26019|Psychiatry
26019,Michigan,Pulmonary,Respiratory Disease,2895,0,0,0.0,0.0,4251.578947368421,5741.879971570142,0.0,NO PROVIDER,100.0,26019|Pulmonary
26019,Michigan,Rheumatology,Arthritis,4649,0,0,0.0,0.0,10453.0,13315.598760659872,0.0,NO PROVIDER,100.0,26019|Rheumatology
26021,Michigan,Cardiology,Heart Disease,92342,8,3678,10146.0,11542.75,10823.136363636364,15071.056217261126,1.0664884569671873,HIGH GAP,5.81,26021|Cardiology
26021,Michigan,Endocrinology,Diabetes,61181,4,696,2193.0,15295.25,18070.0,22988.768286620067,0.8464443829551743,MODERATE GAP,4.61,26021|Endocrinology
26021,Michigan,Oncology,Cancer,10507,4,1507,3874.0,2626.75,2055.6666666666665,2642.926682217817,1.2778093076049943,HIGH GAP,6.96,26021|Oncology
26021,Michigan,Neurology,Neurological Disorders,4443,8,1533,3322.0,555.375,637.0,906.5174241117586,0.8718602825745683,MODERATE GAP,4.75,26021|Neurology
26021,Michigan,Psychiatry,Mental Health Disorders,31701,10,437,2109.0,3170.1,3104.5,4291.15957060345,1.021130616846513,HIGH GAP,5.56,26021|Psychiatry
26021,Michigan,Pulmonary,Respiratory Disease,24196,8,1263,3301.0,3024.5,4251.578947368421,5741.879971570142,0.7113827680118842,MODERATE GAP,3.87,26021|Pulmonary
26021,Michigan,Rheumatology,Arthritis,35304,3,816,3645.0,11768.0,10453.0,13315.598760659872,1.1258012053955802,HIGH GAP,6.13,26021|Rheumatology
26023,Michigan,Cardiology,Heart Disease,27093,0,0,0.0,0.0,10823.136363636364,15071.056217261126,0.0,NO PROVIDER,100.0,26023|Cardiology
26023,Michigan,Endocrinology,Diabetes,16658,0,0,0.0,0.0,18070.0,22988.768286620067,0.0,NO PROVIDER,100.0,26023|Endocrinology
26023,Michigan,Oncology,Cancer,2999,0,0,0.0,0.0,2055.6666666666665,2642.926682217817,0.0,NO PROVIDER,100.0,26023|Oncology
26023,Michigan,Neurology,Neurological Disorders,1317,0,0,0.0,0.0,637.0,906.5174241117586,0.0,NO PROVIDER,100.0,26023|Neurology
26023,Michigan,Psychiatry,Mental Health Disorders,9742,5,101,409.0,1948.4,3104.5,4291.15957060345,0.6276050893863746,MODERATE GAP,3.42,26023|Psychiatry
26023,Michigan,Pulmonary,Respiratory Disease,7280,0,0,0.0,0.0,4251.578947368421,5741.879971570142,0.0,NO PROVIDER,100.0,26023|Pulmonary
26023,Michigan,Rheumatology,Arthritis,10210,1,80,3023.0,10210.0,10453.0,13315.598760659872,0.9767530852386874,MODERATE GAP,5.32,26023|Rheumatology
26025,Michigan,Cardiology,Heart Disease,80635,7,6808,12245.0,11519.285714285714,10823.136363636364,15071.056217261126,1.0643204822761243,HIGH GAP,5.79,26025|Cardiology
26025,Michigan,Endocrinology,Diabetes,56382,1,87,148.0,56382.0,18070.0,22988.768286620067,3.1201992252351967,CRITICAL GAP,16.99,26025|Endocrinology
26025,Michigan,Oncology,Cancer,8496,3,818,54983.0,2832.0,2055.6666666666665,2642.926682217817,1.3776552618777365,HIGH GAP,7.5,26025|Oncology
26025,Michigan,Neurology,Neurological Disorders,3759,6,925,1874.0,626.5,637.0,906.5174241117586,0.9835164835164836,MODERATE GAP,5.36,26025|Neurology
26025,Michigan,Psychiatry,Mental Health Disorders,28217,16,787,5640.0,1763.5625,3104.5,4291.15957060345,0.5680665163472379,MODERATE GAP,3.09,26025|Psychiatry
26025,Michigan,Pulmonary,Respiratory Disease,20956,4,966,3136.0,5239.0,4251.578947368421,5741.879971570142,1.23224808120822,HIGH GAP,6.71,26025|Pulmonary
26025,Michigan,Rheumatology,Arthritis,29968,3,834,3004.0,9989.333333333334,10453.0,13315.598760659872,0.9556427181989222,MODERATE GAP,5.2,26025|Rheumatology
26027,Michigan,Cardiology,Heart Disease,32074,0,0,0.0,0.0,10823.136363636364,15071.056217261126,0.0,NO PROVIDER,100.0,26027|Cardiology
26027,Michigan,Endocrinology,Diabetes,19703,0,0,0.0,0.0,18070.0,22988.768286620067,0.0,NO PROVIDER,100.0,26027|Endocrinology
26027,Michigan,Oncology,Cancer,3676,0,0,0.0,0.0,2055.6666666666665,2642.926682217817,0.0,NO PROVIDER,100.0,26027|Oncology
26027,Michigan,Neurology,Neurological Disorders,1508,0,0,0.0,0.0,637.0,906.5174241117586,0.0,NO PROVIDER,100.0,26027|Neurology
26027,Michigan,Psychiatry,Mental Health Disorders,11462,0,0,0.0,0.0,3104.5,4291.15957060345,0.0,NO PROVIDER,100.0,26027|Psychiatry
26027,Michigan,Pulmonary,Respiratory Disease,8426,0,0,0.0,0.0,4251.578947368421,5741.879971570142,0.0,NO PROVIDER,100.0,26027|Pulmonary
26027,Michigan,Rheumatology,Arthritis,12227,0,0,0.0,0.0,10453.0,13315.598760659872,0.0,NO PROVIDER,100.0,26027|Rheumatology
26029,Michigan,Cardiology,Heart Disease,16388,0,0,0.0,0.0,10823.136363636364,15071.056217261126,0.0,NO PROVIDER,100.0,26029|Cardiology
26029,Michigan,Endocrinology,Diabetes,9826,0,0,0.0,0.0,18070.0,22988.768286620067,0.0,NO PROVIDER,100.0,26029|Endocrinology
26029,Michigan,Oncology,Cancer,2140,1,40,102.0,2140.0,2055.6666666666665,2642.926682217817,1.0410248094697585,HIGH GAP,5.67,26029|Oncology
26029,Michigan,Neurology,Neurological Disorders,713,0,0,0.0,0.0,637.0,906.5174241117586,0.0,NO PROVIDER,100.0,26029|Neurology
26029,Michigan,Psychiatry,Mental Health Disorders,5600,1,19,38.0,5600.0,3104.5,4291.15957060345,1.8038331454340475,HIGH GAP,9.82,26029|Psychiatry
26029,Michigan,Pulmonary,Respiratory Disease,4054,1,167,221.0,4054.0,4251.578947368421,5741.879971570142,0.9535281010151028,MODERATE GAP,5.19,26029|Pulmonary
26029,Michigan,Rheumatology,Arthritis,6432,0,0,0.0,0.0,10453.0,13315.598760659872,0.0,NO PROVIDER,100.0,26029|Rheumatology
26031,Michigan,Cardiology,Heart Disease,17843,0,0,0.0,0.0,10823.136363636364,15071.056217261126,0.0,NO PROVIDER,100.0,26031|Cardiology
26031,Michigan,Endocrinology,Diabetes,11797,0,0,0.0,0.0,18070.0,22988.768286620067,0.0,NO PROVIDER,100.0,26031|Endocrinology
26031,Michigan,Oncology,Cancer,2163,0,0,0.0,0.0,2055.6666666666665,2642.926682217817,0.0,NO PROVIDER,100.0,26031|Oncology
26031,Michigan,Neurology,Neurological Disorders,861,0,0,0.0,0.0,637.0,906.5174241117586,0.0,NO PROVIDER,100.0,26031|Neurology
26031,Michigan,Psychiatry,Mental Health Disorders,6180,0,0,0.0,0.0,3104.5,4291.15957060345,0.0,NO PROVIDER,100.0,26031|Psychiatry
26031,Michigan,Pulmonary,Respiratory Disease,4679,0,0,0.0,0.0,4251.578947368421,5741.879971570142,0.0,NO PROVIDER,100.0,26031|Pulmonary
26031,Michigan,Rheumatology,Arthritis,6941,0,0,0.0,0.0,10453.0,13315.598760659872,0.0,NO PROVIDER,100.0,26031|Rheumatology
26033,Michigan,Cardiology,Heart Disease,23134,0,0,0.0,0.0,10823.136363636364,15071.056217261126,0.0,NO PROVIDER,100.0,26033|Cardiology
26033,Michigan,Endocrinology,Diabetes,14276,1,184,426.0,14276.0,18070.0,22988.768286620067,0.7900387382401771,MODERATE GAP,4.3,26033|Endocrinology
26033,Michigan,Oncology,Cancer,2412,1,125,650.0,2412.0,2055.6666666666665,2642.926682217817,1.1733419815145127,HIGH GAP,6.39,26033|Oncology
26033,Michigan,Neurology,Neurological Disorders,1116,0,0,0.0,0.0,637.0,906.5174241117586,0.0,NO PROVIDER,100.0,26033|Neurology
26033,Michigan,Psychiatry,Mental Health Disorders,8068,3,100,311.0,2689.333333333333,3104.5,4291.15957060345,0.866269393890589,MODERATE GAP,4.72,26033|Psychiatry
26033,Michigan,Pulmonary,Respiratory Disease,6163,1,257,597.0,6163.0,4251.578947368421,5741.879971570142,1.4495791037385493,HIGH GAP,7.89,26033|Pulmonary
26033,Michigan,Rheumatology,Arthritis,8515,0,0,0.0,0.0,10453.0,13315.598760659872,0.0,NO PROVIDER,100.0,26033|Rheumatology
26035,Michigan,Cardiology,Heart Disease,21531,0,0,0.0,0.0,10823.136363636364,15071.056217261126,0.0,NO PROVIDER,100.0,26035|Cardiology
26035,Michigan,Endocrinology,Diabetes,13508,0,0,0.0,0.0,18070.0,22988.768286620067,0.0,NO PROVIDER,100.0,26035|Endocrinology
26035,Michigan,Oncology,Cancer,2359,0,0,0.0,0.0,2055.6666666666665,2642.926682217817,0.0,NO PROVIDER,100.0,26035|Oncology
26035,Michigan,Neurology,Neurological Disorders,1097,0,0,0.0,0.0,637.0,906.5174241117586,0.0,NO PROVIDER,100.0,26035|Neurology
26035,Michigan,Psychiatry,Mental Health Disorders,7379,0,0,0.0,0.0,3104.5,4291.15957060345,0.0,NO PROVIDER,100.0,26035|Psychiatry
26035,Michigan,Pulmonary,Respiratory Disease,5878,0,0,0.0,0.0,4251.578947368421,5741.879971570142,0.0,NO PROVIDER,100.0,26035|Pulmonary
26035,Michigan,Rheumatology,Arthritis,8274,0,0,0.0,0.0,10453.0,13315.598760659872,0.0,NO PROVIDER,100.0,26035|Rheumatology
26037,Michigan,Cardiology,Heart Disease,44942,0,0,0.0,0.0,10823.136363636364,15071.056217261126,0.0,NO PROVIDER,100.0,26037|Cardiology
26037,Michigan,Endocrinology,Diabetes,28136,1,187,405.0,28136.0,18070.0,22988.768286620067,1.5570558937465413,HIGH GAP,8.48,26037|Endocrinology
26037,Michigan,Oncology,Cancer,5539,0,0,0.0,0.0,2055.6666666666665,2642.926682217817,0.0,NO PROVIDER,100.0,26037|Oncology
26037,Michigan,Neurology,Neurological Disorders,1825,0,0,0.0,0.0,637.0,906.5174241117586,0.0,NO PROVIDER,100.0,26037|Neurology
26037,Michigan,Psychiatry,Mental Health Disorders,17341,3,128,377.0,5780.333333333333,3104.5,4291.15957060345,1.861920867557846,HIGH GAP,10.14,26037|Psychiatry
26037,Michigan,Pulmonary,Respiratory Disease,11298,0,0,0.0,0.0,4251.578947368421,5741.879971570142,0.0,NO PROVIDER,100.0,26037|Pulmonary
26037,Michigan,Rheumatology,Arthritis,17372,0,0,0.0,0.0,10453.0,13315.598760659872,0.0,NO PROVIDER,100.0,26037|Rheumatology
26039,Michigan,Cardiology,Heart Disease,9005,1,1122,1903.0,9005.0,10823.136363636364,15071.056217261126,0.8320139095960253,MODERATE GAP,4.53,26039|Cardiology
26039,Michigan,Endocrinology,Diabetes,5580,0,0,0.0,0.0,18070.0,22988.768286620067,0.0,NO PROVIDER,100.0,26039|Endocrinology
26039,Michigan,Oncology,Cancer,1084,2,602,1697.0,542.0,2055.6666666666665,2642.926682217817,0.2636614237068266,LOW GAP,1.44,26039|Oncology
26039,Michigan,Neurology,Neurological Disorders,452,0,0,0.0,0.0,637.0,906.5174241117586,0.0,NO PROVIDER,100.0,26039|Neurology
26039,Michigan,Psychiatry,Mental Health Disorders,3223,0,0,0.0,0.0,3104.5,4291.15957060345,0.0,NO PROVIDER,100.0,26039|Psychiatry
26039,Michigan,Pulmonary,Respiratory Disease,2436,0,0,0.0,0.0,4251.578947368421,5741.879971570142,0.0,NO PROVIDER,100.0,26039|Pulmonary
26039,Michigan,Rheumatology,Arthritis,3569,0,0,0.0,0.0,10453.0,13315.598760659872,0.0,NO PROVIDER,100.0,26039|Rheumatology
26041,Michigan,Cardiology,Heart Disease,22888,2,905,1424.0,11444.0,10823.136363636364,15071.056217261126,1.0573644843328056,HIGH GAP,5.76,26041|Cardiology
26041,Michigan,Endocrinology,Diabetes,15451,0,0,0.0,0.0,18070.0,22988.768286620067,0.0,NO PROVIDER,100.0,26041|Endocrinology
26041,Michigan,Oncology,Cancer,2846,0,0,0.0,0.0,2055.6666666666665,2642.926682217817,0.0,NO PROVIDER,100.0,26041|Oncology
26041,Michigan,Neurology,Neurological Disorders,1118,1,208,271.0,1118.0,637.0,906.5174241117586,1.7551020408163265,HIGH GAP,9.56,26041|Neurology
26041,Michigan,Psychiatry,Mental Health Disorders,8747,0,0,0.0,0.0,3104.5,4291.15957060345,0.0,NO PROVIDER,100.0,26041|Psychiatry
26041,Michigan,Pulmonary,Respiratory Disease,6244,1,139,456.0,6244.0,4251.578947368421,5741.879971570142,1.468630849220104,HIGH GAP,8.0,26041|Pulmonary
26041,Michigan,Rheumatology,Arthritis,9268,0,0,0.0,0.0,10453.0,13315.598760659872,0.0,NO PROVIDER,100.0,26041|Rheumatology
26043,Michigan,Cardiology,Heart Disease,15913,6,2124,4386.0,2652.1666666666665,10823.136363636364,15071.056217261126,0.2450460363390995,LOW GAP,1.33,26043|Cardiology
26043,Michigan,Endocrinology,Diabetes,10223,0,0,0.0,0.0,18070.0,22988.768286620067,0.0,NO PROVIDER,100.0,26043|Endocrinology
26043,Michigan,Oncology,Cancer,1980,1,125,301.0,1980.0,2055.6666666666665,2642.926682217817,0.9631911788551972,MODERATE GAP,5.24,26043|Oncology
26043,Michigan,Neurology,Neurological Disorders,719,1,58,153.0,719.0,637.0,906.5174241117586,1.1287284144427,HIGH GAP,6.15,26043|Neurology
26043,Michigan,Psychiatry,Mental Health Disorders,5961,1,43,118.0,5961.0,3104.5,4291.15957060345,1.9201159607022065,HIGH GAP,10.45,26043|Psychiatry
26043,Michigan,Pulmonary,Respiratory Disease,4075,0,0,0.0,0.0,4251.578947368421,5741.879971570142,0.0,NO PROVIDER,100.0,26043|Pulmonary
26043,Michigan,Rheumatology,Arthritis,6221,0,0,0.0,0.0,10453.0,13315.598760659872,0.0,NO PROVIDER,100.0,26043|Rheumatology
26045,Michigan,Cardiology,Heart Disease,63093,4,3509,8480.0,15773.25,10823.136363636364,15071.056217261126,1.4573640643570802,HIGH GAP,7.93,26045|Cardiology
26045,Michigan,Endocrinology,Diabetes,42611,0,0,0.0,0.0,18070.0,22988.768286620067,0.0,NO PROVIDER,100.0,26045|Endocrinology
26045,Michigan,Oncology,Cancer,7492,0,0,0.0,0.0,2055.6666666666665,2642.926682217817,0.0,NO PROVIDER,100.0,26045|Oncology
26045,Michigan,Neurology,Neurological Disorders,2642,0,0,0.0,0.0,637.0,906.5174241117586,0.0,NO PROVIDER,100.0,26045|Neurology
26045,Michigan,Psychiatry,Mental Health Disorders,23687,0,0,0.0,0.0,3104.5,4291.15957060345,0.0,NO PROVIDER,100.0,26045|Psychiatry
26045,Michigan,Pulmonary,Respiratory Disease,15850,1,135,194.0,15850.0,4251.578947368421,5741.879971570142,3.728026739291904,CRITICAL GAP,20.3,26045|Pulmonary
26045,Michigan,Rheumatology,Arthritis,23687,0,0,0.0,0.0,10453.0,13315.598760659872,0.0,NO PROVIDER,100.0,26045|Rheumatology
26047,Michigan,Cardiology,Heart Disease,20751,1,107,163.0,20751.0,10823.136363636364,15071.056217261126,1.917281581124611,HIGH GAP,10.44,26047|Cardiology
26047,Michigan,Endocrinology,Diabetes,11973,0,0,0.0,0.0,18070.0,22988.768286620067,0.0,NO PROVIDER,100.0,26047|Endocrinology
26047,Michigan,Oncology,Cancer,2678,2,183,368.0,1339.0,2055.6666666666665,2642.926682217817,0.6513701962056105,MODERATE GAP,3.55,26047|Oncology
26047,Michigan,Neurology,Neurological Disorders,869,3,415,4006.0,289.6666666666667,637.0,906.5174241117586,0.4547357404500262,LOW GAP,2.48,26047|Neurology
26047,Michigan,Psychiatry,Mental Health Disorders,7361,4,94,402.0,1840.25,3104.5,4291.15957060345,0.5927685617651796,MODERATE GAP,3.23,26047|Psychiatry
26047,Michigan,Pulmonary,Respiratory Disease,5048,2,2579,6431.0,2524.0,4251.578947368421,5741.879971570142,0.5936617974746224,MODERATE GAP,3.23,26047|Pulmonary
26047,Michigan,Rheumatology,Arthritis,7837,0,0,0.0,0.0,10453.0,13315.598760659872,0.0,NO PROVIDER,100.0,26047|Rheumatology
26049,Michigan,Cardiology,Heart Disease,245159,27,16012,56096.0,9079.962962962964,10823.136363636364,15071.056217261126,0.8389400870407469,MODERATE GAP,4.57,26049|Cardiology
26049,Michigan,Endocrinology,Diabetes,165111,3,1764,9098.0,55037.0,18070.0,22988.768286620067,3.0457664637520754,CRITICAL GAP,16.58,26049|Endocrinology
26049,Michigan,Oncology,Cancer,25691,9,3054,553801.0,2854.555555555556,2055.6666666666665,2642.926682217817,1.3886276417490948,HIGH GAP,7.56,26049|Oncology
26049,Michigan,Neurology,Neurological Disorders,12062,13,3759,45771.0,927.8461538461538,637.0,906.5174241117586,1.4565873686752806,HIGH GAP,7.93,26049|Neurology
26049,Michigan,Psychiatry,Mental Health Disorders,86942,16,1125,9205.0,5433.875,3104.5,4291.15957060345,1.7503221130616846,HIGH GAP,9.53,26049|Psychiatry
26049,Michigan,Pulmonary,Respiratory Disease,66107,22,9304,37602.0,3004.8636363636365,4251.578947368421,5741.879971570142,0.7067641630466588,MODERATE GAP,3.85,26049|Pulmonary
26049,Michigan,Rheumatology,Arthritis,93521,4,876,37197.0,23380.25,10453.0,13315.598760659872,2.236702382091265,CRITICAL GAP,12.18,26049|Rheumatology
26051,Michigan,Cardiology,Heart Disease,17321,0,0,0.0,0.0,10823.136363636364,15071.056217261126,0.0,NO PROVIDER,100.0,26051|Cardiology
26051,Michigan,Endocrinology,Diabetes,11119,0,0,0.0,0.0,18070.0,22988.768286620067,0.0,NO PROVIDER,100.0,26051|Endocrinology
26051,Michigan,Oncology,Cancer,2029,0,0,0.0,0.0,2055.6666666666665,2642.926682217817,0.0,NO PROVIDER,100.0,26051|Oncology
26051,Michigan,Neurology,Neurological Disorders,858,0,0,0.0,0.0,637.0,906.5174241117586,0.0,NO PROVIDER,100.0,26051|Neurology
26051,Michigan,Psychiatry,Mental Health Disorders,5910,0,0,0.0,0.0,3104.5,4291.15957060345,0.0,NO PROVIDER,100.0,26051|Psychiatry
26051,Michigan,Pulmonary,Respiratory Disease,4644,0,0,0.0,0.0,4251.578947368421,5741.879971570142,0.0,NO PROVIDER,100.0,26051|Pulmonary
26051,Michigan,Rheumatology,Arthritis,6747,0,0,0.0,0.0,10453.0,13315.598760659872,0.0,NO PROVIDER,100.0,26051|Rheumatology
26053,Michigan,Cardiology,Heart Disease,9934,0,0,0.0,0.0,10823.136363636364,15071.056217261126,0.0,NO PROVIDER,100.0,26053|Cardiology
26053,Michigan,Endocrinology,Diabetes,5950,0,0,0.0,0.0,18070.0,22988.768286620067,0.0,NO PROVIDER,100.0,26053|Endocrinology
26053,Michigan,Oncology,Cancer,1192,0,0,0.0,0.0,2055.6666666666665,2642.926682217817,0.0,NO PROVIDER,100.0,26053|Oncology
26053,Michigan,Neurology,Neurological Disorders,489,0,0,0.0,0.0,637.0,906.5174241117586,0.0,NO PROVIDER,100.0,26053|Neurology
26053,Michigan,Psychiatry,Mental Health Disorders,3291,2,30,92.0,1645.5,3104.5,4291.15957060345,0.5300370430020938,MODERATE GAP,2.89,26053|Psychiatry
26053,Michigan,Pulmonary,Respiratory Disease,2552,0,0,0.0,0.0,4251.578947368421,5741.879971570142,0.0,NO PROVIDER,100.0,26053|Pulmonary
26053,Michigan,Rheumatology,Arthritis,3816,0,0,0.0,0.0,10453.0,13315.598760659872,0.0,NO PROVIDER,100.0,26053|Rheumatology
26055,Michigan,Cardiology,Heart Disease,55298,0,0,0.0,0.0,10823.136363636364,15071.056217261126,0.0,NO PROVIDER,100.0,26055|Cardiology
26055,Michigan,Endocrinology,Diabetes,34981,0,0,0.0,0.0,18070.0,22988.768286620067,0.0,NO PROVIDER,100.0,26055|Endocrinology
26055,Michigan,Oncology,Cancer,7254,0,0,0.0,0.0,2055.6666666666665,2642.926682217817,0.0,NO PROVIDER,100.0,26055|Oncology
26055,Michigan,Neurology,Neurological Disorders,2301,0,0,0.0,0.0,637.0,906.5174241117586,0.0,NO PROVIDER,100.0,26055|Neurology
26055,Michigan,Psychiatry,Mental Health Disorders,20474,3,106,390.0,6824.666666666667,3104.5,4291.15957060345,2.198314274977184,CRITICAL GAP,11.97,26055|Psychiatry
26055,Michigan,Pulmonary,Respiratory Disease,13844,1,306,759.0,13844.0,4251.578947368421,5741.879971570142,3.256202030205497,CRITICAL GAP,17.73,26055|Pulmonary
26055,Michigan,Rheumatology,Arthritis,21254,0,0,0.0,0.0,10453.0,13315.598760659872,0.0,NO PROVIDER,100.0,26055|Rheumatology
26057,Michigan,Cardiology,Heart Disease,24846,3,5076,9202.0,8282.0,10823.136363636364,15071.056217261126,0.7652125707134128,MODERATE GAP,4.17,26057|Cardiology
26057,Michigan,Endocrinology,Diabetes,16080,1,69,178.0,16080.0,18070.0,22988.768286620067,0.8898727172108467,MODERATE GAP,4.85,26057|Endocrinology
26057,Michigan,Oncology,Cancer,2688,2,750,1720.0,1344.0,2055.6666666666665,2642.926682217817,0.6538024971623156,MODERATE GAP,3.56,26057|Oncology
26057,Michigan,Neurology,Neurological Disorders,1152,1,605,2836.0,1152.0,637.0,906.5174241117586,1.8084772370486657,HIGH GAP,9.85,26057|Neurology
26057,Michigan,Psychiatry,Mental Health Disorders,9050,4,374,3568.0,2262.5,3104.5,4291.15957060345,0.7287808020615236,MODERATE GAP,3.97,26057|Psychiatry
26057,Michigan,Pulmonary,Respiratory Disease,6579,1,496,1080.0,6579.0,4251.578947368421,5741.879971570142,1.5474251052240655,HIGH GAP,8.43,26057|Pulmonary
26057,Michigan,Rheumatology,Arthritis,9284,0,0,0.0,0.0,10453.0,13315.598760659872,0.0,NO PROVIDER,100.0,26057|Rheumatology
26059,Michigan,Cardiology,Heart Disease,28985,1,539,2020.0,28985.0,10823.136363636364,15071.056217261126,2.678059208177767,CRITICAL GAP,14.58,26059|Cardiology
26059,Michigan,Endocrinology,Diabetes,17802,0,0,0.0,0.0,18070.0,22988.768286620067,0.0,NO PROVIDER,100.0,26059|Endocrinology
26059,Michigan,Oncology,Cancer,3238,0,0,0.0,0.0,2055.6666666666665,2642.926682217817,0.0,NO PROVIDER,100.0,26059|Oncology
26059,Michigan,Neurology,Neurological Disorders,1342,1,194,585.0,1342.0,637.0,906.5174241117586,2.106750392464678,CRITICAL GAP,11.47,26059|Neurology
26059,Michigan,Psychiatry,Mental Health Disorders,10789,3,337,1503.0,3596.333333333333,3104.5,4291.15957060345,1.1584259408385678,HIGH GAP,6.31,26059|Psychiatry
26059,Michigan,Pulmonary,Respiratory Disease,7621,2,1241,2734.0,3810.5,4251.578947368421,5741.879971570142,0.8962552612032681,MODERATE GAP,4.88,26059|Pulmonary
26059,Michigan,Rheumatology,Arthritis,10717,0,0,0.0,0.0,10453.0,13315.598760659872,0.0,NO PROVIDER,100.0,26059|Rheumatology
26061,Michigan,Cardiology,Heart Disease,20760,1,1779,3585.0,20760.0,10823.136363636364,15071.056217261126,1.918113133060909,HIGH GAP,10.44,26061|Cardiology
26061,Michigan,Endocrinology,Diabetes,13669,0,0,0.0,0.0,18070.0,22988.768286620067,0.0,NO PROVIDER,100.0,26061|Endocrinology
26061,Michigan,Oncology,Cancer,2465,0,0,0.0,0.0,2055.6666666666665,2642.926682217817,0.0,NO PROVIDER,100.0,26061|Oncology
26061,Michigan,Neurology,Neurological Disorders,937,0,0,0.0,0.0,637.0,906.5174241117586,0.0,NO PROVIDER,100.0,26061|Neurology
26061,Michigan,Psychiatry,Mental Health Disorders,8059,4,74,358.0,2014.75,3104.5,4291.15957060345,0.6489772910291512,MODERATE GAP,3.53,26061|Psychiatry
26061,Michigan,Pulmonary,Respiratory Disease,5670,0,0,0.0,0.0,4251.578947368421,5741.879971570142,0.0,NO PROVIDER,100.0,26061|Pulmonary
26061,Michigan,Rheumatology,Arthritis,7832,1,61,112.0,7832.0,10453.0,13315.598760659872,0.7492585860518511,MODERATE GAP,4.08,26061|Rheumatology
26063,Michigan,Cardiology,Heart Disease,19973,2,1692,5773.0,9986.5,10823.136363636364,15071.056217261126,0.9226992679823106,MODERATE GAP,5.02,26063|Cardiology
26063,Michigan,Endocrinology,Diabetes,12772,0,0,0.0,0.0,18070.0,22988.768286620067,0.0,NO PROVIDER,100.0,26063|Endocrinology
26063,Michigan,Oncology,Cancer,2421,1,61,143.0,2421.0,2055.6666666666665,2642.926682217817,1.177720123236582,HIGH GAP,6.41,26063|Oncology
26063,Michigan,Neurology,Neurological Disorders,966,1,0,0.0,966.0,637.0,906.5174241117586,1.5164835164835164,HIGH GAP,8.26,26063|Neurology
26063,Michigan,Psychiatry,Mental Health Disorders,6963,4,266,1473.0,1740.75,3104.5,4291.15957060345,0.5607183121275567,MODERATE GAP,3.05,26063|Psychiatry
26063,Michigan,Pulmonary,Respiratory Disease,5257,1,394,1255.0,5257.0,4251.578947368421,5741.879971570142,1.236481802426343,HIGH GAP,6.73,26063|Pulmonary
26063,Michigan,Rheumatology,Arthritis,7791,0,0,0.0,0.0,10453.0,13315.598760659872,0.0,NO PROVIDER,100.0,26063|Rheumatology
26065,Michigan,Cardiology,Heart Disease,158089,23,21686,41870.0,6873.434782608696,10823.136363636364,15071.056217261126,0.6350686669440941,MODERATE GAP,3.46,26065|Cardiology
26065,Michigan,Endocrinology,Diabetes,105583,7,727,1761.0,15083.285714285714,18070.0,22988.768286620067,0.8347142066566526,MODERATE GAP,4.54,26065|Endocrinology
26065,Michigan,Oncology,Cancer,16429,9,1238,2672.0,1825.4444444444443,2055.6666666666665,2642.926682217817,0.8880060537268256,MODERATE GAP,4.83,26065|Oncology
26065,Michigan,Neurology,Neurological Disorders,6778,23,2445,11664.0,294.69565217391306,637.0,906.5174241117586,0.4626305371646987,LOW GAP,2.52,26065|Neurology
26065,Michigan,Psychiatry,Mental Health Disorders,62155,51,2469,15723.0,1218.7254901960785,3104.5,4291.15957060345,0.3925673990001863,LOW GAP,2.14,26065|Psychiatry
26065,Michigan,Pulmonary,Respiratory Disease,41819,7,2552,6369.0,5974.142857142857,4251.578947368421,5741.879971570142,1.405158631910303,HIGH GAP,7.65,26065|Pulmonary
26065,Michigan,Rheumatology,Arthritis,58709,5,2209,436393.0,11741.8,10453.0,13315.598760659872,1.1232947479192577,HIGH GAP,6.12,26065|Rheumatology
26067,Michigan,Cardiology,Heart Disease,38174,0,0,0.0,0.0,10823.136363636364,15071.056217261126,0.0,NO PROVIDER,100.0,26067|Cardiology
26067,Michigan,Endocrinology,Diabetes,26595,0,0,0.0,0.0,18070.0,22988.768286620067,0.0,NO PROVIDER,100.0,26067|Endocrinology
26067,Michigan,Oncology,Cancer,4227,0,0,0.0,0.0,2055.6666666666665,2642.926682217817,0.0,NO PROVIDER,100.0,26067|Oncology
26067,Michigan,Neurology,Neurological Disorders,1680,0,0,0.0,0.0,637.0,906.5174241117586,0.0,NO PROVIDER,100.0,26067|Neurology
26067,Michigan,Psychiatry,Mental Health Disorders,14151,2,39,197.0,7075.5,3104.5,4291.15957060345,2.2791109679497503,CRITICAL GAP,12.41,26067|Psychiatry
26067,Michigan,Pulmonary,Respiratory Disease,9924,0,0,0.0,0.0,4251.578947368421,5741.879971570142,0.0,NO PROVIDER,100.0,26067|Pulmonary
26067,Michigan,Rheumatology,Arthritis,14230,0,0,0.0,0.0,10453.0,13315.598760659872,0.0,NO PROVIDER,100.0,26067|Rheumatology
26069,Michigan,Cardiology,Heart Disease,18019,0,0,0.0,0.0,10823.136363636364,15071.056217261126,0.0,NO PROVIDER,100.0,26069|Cardiology
26069,Michigan,Endocrinology,Diabetes,10968,0,0,0.0,0.0,18070.0,22988.768286620067,0.0,NO PROVIDER,100.0,26069|Endocrinology
26069,Michigan,Oncology,Cancer,2126,0,0,0.0,0.0,2055.6666666666665,2642.926682217817,0.0,NO PROVIDER,100.0,26069|Oncology
26069,Michigan,Neurology,Neurological Disorders,916,0,0,0.0,0.0,637.0,906.5174241117586,0.0,NO PROVIDER,100.0,26069|Neurology
26069,Michigan,Psychiatry,Mental Health Disorders,6000,1,0,0.0,6000.0,3104.5,4291.15957060345,1.932678370107908,HIGH GAP,10.52,26069|Psychiatry
26069,Michigan,Pulmonary,Respiratory Disease,4758,0,0,0.0,0.0,4251.578947368421,5741.879971570142,0.0,NO PROVIDER,100.0,26069|Pulmonary
26069,Michigan,Rheumatology,Arthritis,6894,0,0,0.0,0.0,10453.0,13315.598760659872,0.0,NO PROVIDER,100.0,26069|Rheumatology
26071,Michigan,Cardiology,Heart Disease,8149,1,781,2110.0,8149.0,10823.136363636364,15071.056217261126,0.7529240809881189,MODERATE GAP,4.1,26071|Cardiology
26071,Michigan,Endocrinology,Diabetes,5054,0,0,0.0,0.0,18070.0,22988.768286620067,0.0,NO PROVIDER,100.0,26071|Endocrinology
26071,Michigan,Oncology,Cancer,989,0,0,0.0,0.0,2055.6666666666665,2642.926682217817,0.0,NO PROVIDER,100.0,26071|Oncology
26071,Michigan,Neurology,Neurological Disorders,400,0,0,0.0,0.0,637.0,906.5174241117586,0.0,NO PROVIDER,100.0,26071|Neurology
26071,Michigan,Psychiatry,Mental Health Disorders,2656,0,0,0.0,0.0,3104.5,4291.15957060345,0.0,NO PROVIDER,100.0,26071|Psychiatry
26071,Michigan,Pulmonary,Respiratory Disease,2071,0,0,0.0,0.0,4251.578947368421,5741.879971570142,0.0,NO PROVIDER,100.0,26071|Pulmonary
26071,Michigan,Rheumatology,Arthritis,3163,0,0,0.0,0.0,10453.0,13315.598760659872,0.0,NO PROVIDER,100.0,26071|Rheumatology
26073,Michigan,Cardiology,Heart Disease,37517,3,2193,4418.0,12505.666666666666,10823.136363636364,15071.056217261126,1.1554568145961162,HIGH GAP,6.29,26073|Cardiology
26073,Michigan,Endocrinology,Diabetes,27583,0,0,0.0,0.0,18070.0,22988.768286620067,0.0,NO PROVIDER,100.0,26073|Endocrinology
26073,Michigan,Oncology,Cancer,3899,1,105,336.0,3899.0,2055.6666666666665,2642.926682217817,1.8967082860385929,HIGH GAP,10.33,26073|Oncology
26073,Michigan,Neurology,Neurological Disorders,1765,2,213,519.0,882.5,637.0,906.5174241117586,1.3854003139717426,HIGH GAP,7.54,26073|Neurology
26073,Michigan,Psychiatry,Mental Health Disorders,15886,7,321,1364.0,2269.428571428572,3104.5,4291.15957060345,0.7310125854174816,MODERATE GAP,3.98,26073|Psychiatry
26073,Michigan,Pulmonary,Respiratory Disease,10881,1,208,756.0,10881.0,4251.578947368421,5741.879971570142,2.5592844763555336,CRITICAL GAP,13.93,26073|Pulmonary
26073,Michigan,Rheumatology,Arthritis,13963,1,97,260.0,13963.0,10453.0,13315.598760659872,1.3357887687745145,HIGH GAP,7.27,26073|Rheumatology
26075,Michigan,Cardiology,Heart Disease,96839,12,8909,23336.0,8069.916666666667,10823.136363636364,15071.056217261126,0.7456172033256477,MODERATE GAP,4.06,26075|Cardiology
26075,Michigan,Endocrinology,Diabetes,64096,2,695,2199.0,32048.0,18070.0,22988.768286620067,1.7735473159933592,HIGH GAP,9.66,26075|Endocrinology
26075,Michigan,Oncology,Cancer,10872,4,702,3789.0,2718.0,2055.6666666666665,2642.926682217817,1.3221988000648617,HIGH GAP,7.2,26075|Oncology
26075,Michigan,Neurology,Neurological Disorders,4298,8,2176,5138.0,537.25,637.0,906.5174241117586,0.8434065934065934,MODERATE GAP,4.59,26075|Neurology
26075,Michigan,Psychiatry,Mental Health Disorders,34766,20,878,3592.0,1738.3,3104.5,4291.15957060345,0.5599291351264294,MODERATE GAP,3.05,26075|Psychiatry
26075,Michigan,Pulmonary,Respiratory Disease,24905,0,0,0.0,0.0,4251.578947368421,5741.879971570142,0.0,NO PROVIDER,100.0,26075|Pulmonary
26075,Michigan,Rheumatology,Arthritis,37800,1,291,929.0,37800.0,10453.0,13315.598760659872,3.6161867406486174,CRITICAL GAP,19.69,26075|Rheumatology
26077,Michigan,Cardiology,Heart Disease,142504,18,12486,26078.0,7916.888888888889,10823.136363636364,15071.056217261126,0.7314782538902584,MODERATE GAP,3.98,26077|Cardiology
26077,Michigan,Endocrinology,Diabetes,98657,3,692,1426.0,32885.666666666664,18070.0,22988.768286620067,1.819904076738609,HIGH GAP,9.91,26077|Endocrinology
26077,Michigan,Oncology,Cancer,16133,8,1409,119107.0,2016.625,2055.6666666666665,2642.926682217817,0.9810077833630616,MODERATE GAP,5.34,26077|Oncology
26077,Michigan,Neurology,Neurological Disorders,6205,13,3092,5634.0,477.3076923076923,637.0,906.5174241117586,0.7493056394155295,MODERATE GAP,4.08,26077|Neurology
26077,Michigan,Psychiatry,Mental Health Disorders,59980,37,1286,6267.0,1621.081081081081,3104.5,4291.15957060345,0.5221713902660915,MODERATE GAP,2.84,26077|Psychiatry
26077,Michigan,Pulmonary,Respiratory Disease,37746,3,991,2198.0,12582.0,4251.578947368421,5741.879971570142,2.959371131468185,CRITICAL GAP,16.11,26077|Pulmonary
26077,Michigan,Rheumatology,Arthritis,51603,4,694,2370.0,12900.75,10453.0,13315.598760659872,1.234167224720176,HIGH GAP,6.72,26077|Rheumatology
26079,Michigan,Cardiology,Heart Disease,11681,0,0,0.0,0.0,10823.136363636364,15071.056217261126,0.0,NO PROVIDER,100.0,26079|Cardiology
26079,Michigan,Endocrinology,Diabetes,7468,0,0,0.0,0.0,18070.0,22988.768286620067,0.0,NO PROVIDER,100.0,26079|Endocrinology
26079,Michigan,Oncology,Cancer,1342,0,0,0.0,0.0,2055.6666666666665,2642.926682217817,0.0,NO PROVIDER,100.0,26079|Oncology
26079,Michigan,Neurology,Neurological Disorders,564,0,0,0.0,0.0,637.0,906.5174241117586,0.0,NO PROVIDER,100.0,26079|Neurology
26079,Michigan,Psychiatry,Mental Health Disorders,4250,0,0,0.0,0.0,3104.5,4291.15957060345,0.0,NO PROVIDER,100.0,26079|Psychiatry
26079,Michigan,Pulmonary,Respiratory Disease,3160,1,0,0.0,3160.0,4251.578947368421,5741.879971570142,0.743253280514979,MODERATE GAP,4.05,26079|Pulmonary
26079,Michigan,Rheumatology,Arthritis,4561,0,0,0.0,0.0,10453.0,13315.598760659872,0.0,NO PROVIDER,100.0,26079|Rheumatology
26081,Michigan,Cardiology,Heart Disease,337462,59,36640,98665.0,5719.6949152542375,10823.136363636364,15071.056217261126,0.528469264645995,MODERATE GAP,2.88,26081|Cardiology
26081,Michigan,Endocrinology,Diabetes,227514,13,1850,3880.0,17501.076923076922,18070.0,22988.768286620067,0.9685156017198076,MODERATE GAP,5.27,26081|Endocrinology
26081,Michigan,Oncology,Cancer,39612,30,4482,792203.0,1320.4,2055.6666666666665,2642.926682217817,0.6423220366466679,MODERATE GAP,3.5,26081|Oncology
26081,Michigan,Neurology,Neurological Disorders,14474,79,9093,53116.0,183.21518987341773,637.0,906.5174241117586,0.2876219621246746,LOW GAP,1.57,26081|Neurology
26081,Michigan,Psychiatry,Mental Health Disorders,140165,120,5518,19129.0,1168.0416666666667,3104.5,4291.15957060345,0.3762414774252429,LOW GAP,2.05,26081|Psychiatry
26081,Michigan,Pulmonary,Respiratory Disease,87349,50,9736,28205.0,1746.98,4251.578947368421,5741.879971570142,0.4109014607576133,LOW GAP,2.24,26081|Pulmonary
26081,Michigan,Rheumatology,Arthritis,123660,14,2482,294987.5,8832.857142857143,10453.0,13315.598760659872,0.8450069016413607,MODERATE GAP,4.6,26081|Rheumatology
26083,Michigan,Cardiology,Heart Disease,1467,0,0,0.0,0.0,10823.136363636364,15071.056217261126,0.0,NO PROVIDER,100.0,26083|Cardiology
26083,Michigan,Endocrinology,Diabetes,826,0,0,0.0,0.0,18070.0,22988.768286620067,0.0,NO PROVIDER,100.0,26083|Endocrinology
26083,Michigan,Oncology,Cancer,201,0,0,0.0,0.0,2055.6666666666665,2642.926682217817,0.0,NO PROVIDER,100.0,26083|Oncology
26083,Michigan,Neurology,Neurological Disorders,63,0,0,0.0,0.0,637.0,906.5174241117586,0.0,NO PROVIDER,100.0,26083|Neurology
26083,Michigan,Psychiatry,Mental Health Disorders,483,0,0,0.0,0.0,3104.5,4291.15957060345,0.0,NO PROVIDER,100.0,26083|Psychiatry
26083,Michigan,Pulmonary,Respiratory Disease,338,0,0,0.0,0.0,4251.578947368421,5741.879971570142,0.0,NO PROVIDER,100.0,26083|Pulmonary
26083,Michigan,Rheumatology,Arthritis,570,0,0,0.0,0.0,10453.0,13315.598760659872,0.0,NO PROVIDER,100.0,26083|Rheumatology
26085,Michigan,Cardiology,Heart Disease,9368,0,0,0.0,0.0,10823.136363636364,15071.056217261126,0.0,NO PROVIDER,100.0,26085|Cardiology
26085,Michigan,Endocrinology,Diabetes,6015,0,0,0.0,0.0,18070.0,22988.768286620067,0.0,NO PROVIDER,100.0,26085|Endocrinology
26085,Michigan,Oncology,Cancer,963,0,0,0.0,0.0,2055.6666666666665,2642.926682217817,0.0,NO PROVIDER,100.0,26085|Oncology
26085,Michigan,Neurology,Neurological Disorders,523,0,0,0.0,0.0,637.0,906.5174241117586,0.0,NO PROVIDER,100.0,26085|Neurology
26085,Michigan,Psychiatry,Mental Health Disorders,2967,0,0,0.0,0.0,3104.5,4291.15957060345,0.0,NO PROVIDER,100.0,26085|Psychiatry
26085,Michigan,Pulmonary,Respiratory Disease,2547,0,0,0.0,0.0,4251.578947368421,5741.879971570142,0.0,NO PROVIDER,100.0,26085|Pulmonary
26085,Michigan,Rheumatology,Arthritis,3598,0,0,0.0,0.0,10453.0,13315.598760659872,0.0,NO PROVIDER,100.0,26085|Rheumatology
26087,Michigan,Cardiology,Heart Disease,52909,5,2628,8531.0,10581.8,10823.136363636364,15071.056217261126,0.9777018088354492,MODERATE GAP,5.32,26087|Cardiology
26087,Michigan,Endocrinology,Diabetes,32782,0,0,0.0,0.0,18070.0,22988.768286620067,0.0,NO PROVIDER,100.0,26087|Endocrinology
26087,Michigan,Oncology,Cancer,6327,1,416,1520.0,6327.0,2055.6666666666665,2642.926682217817,3.077833630614561,CRITICAL GAP,16.76,26087|Oncology
26087,Michigan,Neurology,Neurological Disorders,2359,1,527,7324.0,2359.0,637.0,906.5174241117586,3.703296703296704,CRITICAL GAP,20.16,26087|Neurology
26087,Michigan,Psychiatry,Mental Health Disorders,19197,5,223,1114.0,3839.4,3104.5,4291.15957060345,1.2367208890320502,HIGH GAP,6.73,26087|Psychiatry
26087,Michigan,Pulmonary,Respiratory Disease,13942,6,4157,18238.0,2323.6666666666665,4251.578947368421,5741.879971570142,0.5465420483618058,MODERATE GAP,2.98,26087|Pulmonary
26087,Michigan,Rheumatology,Arthritis,20412,0,0,0.0,0.0,10453.0,13315.598760659872,0.0,NO PROVIDER,100.0,26087|Rheumatology
26089,Michigan,Cardiology,Heart Disease,14639,13,15721,30236.0,1126.076923076923,10823.136363636364,15071.056217261126,0.1040434939783557,LOW GAP,0.57,26089|Cardiology
26089,Michigan,Endocrinology,Diabetes,8141,3,616,1538.0,2713.6666666666665,18070.0,22988.768286620067,0.1501752444198487,LOW GAP,0.82,26089|Endocrinology
26089,Michigan,Oncology,Cancer,2072,3,693,1697.0,690.6666666666666,2055.6666666666665,2642.926682217817,0.3359818388195232,LOW GAP,1.83,26089|Oncology
26089,Michigan,Neurology,Neurological Disorders,603,13,1817,5461.0,46.38461538461539,637.0,906.5174241117586,0.0728172925975123,LOW GAP,0.4,26089|Neurology
26089,Michigan,Psychiatry,Mental Health Disorders,4883,16,583,2566.0,305.1875,3104.5,4291.15957060345,0.0983048800128845,LOW GAP,0.54,26089|Psychiatry
26089,Michigan,Pulmonary,Respiratory Disease,3346,2,683,1634.0,1673.0,4251.578947368421,5741.879971570142,0.3935008665511265,LOW GAP,2.14,26089|Pulmonary
26089,Michigan,Rheumatology,Arthritis,5729,2,467,1305.0,2864.5,10453.0,13315.598760659872,0.2740361618674065,LOW GAP,1.49,26089|Rheumatology
26091,Michigan,Cardiology,Heart Disease,59218,0,0,0.0,0.0,10823.136363636364,15071.056217261126,0.0,NO PROVIDER,100.0,26091|Cardiology
26091,Michigan,Endocrinology,Diabetes,40333,0,0,0.0,0.0,18070.0,22988.768286620067,0.0,NO PROVIDER,100.0,26091|Endocrinology
26091,Michigan,Oncology,Cancer,6683,0,0,0.0,0.0,2055.6666666666665,2642.926682217817,0.0,NO PROVIDER,100.0,26091|Oncology
26091,Michigan,Neurology,Neurological Disorders,2642,0,0,0.0,0.0,637.0,906.5174241117586,0.0,NO PROVIDER,100.0,26091|Neurology
26091,Michigan,Psychiatry,Mental Health Disorders,22032,7,386,2311.0,3147.428571428572,3104.5,4291.15957060345,1.0138278535766054,HIGH GAP,5.52,26091|Psychiatry
26091,Michigan,Pulmonary,Respiratory Disease,15037,1,516,1738.0,15037.0,4251.578947368421,5741.879971570142,3.536803664273336,CRITICAL GAP,19.26,26091|Pulmonary
26091,Michigan,Rheumatology,Arthritis,21138,0,0,0.0,0.0,10453.0,13315.598760659872,0.0,NO PROVIDER,100.0,26091|Rheumatology
26093,Michigan,Cardiology,Heart Disease,106843,4,3392,8114.0,26710.75,10823.136363636364,15071.056217261126,2.4679306536082213,CRITICAL GAP,13.44,26093|Cardiology
26093,Michigan,Endocrinology,Diabetes,64169,1,387,1156.0,64169.0,18070.0,22988.768286620067,3.5511344770337576,CRITICAL GAP,19.34,26093|Endocrinology
26093,Michigan,Oncology,Cancer,14409,1,119,304.0,14409.0,2055.6666666666665,2642.926682217817,7.009404897032593,CRITICAL GAP,38.16,26093|Oncology
26093,Michigan,Neurology,Neurological Disorders,4252,10,2436,13741.0,425.2,637.0,906.5174241117586,0.6675039246467818,MODERATE GAP,3.63,26093|Neurology
26093,Michigan,Psychiatry,Mental Health Disorders,40863,12,570,10790.0,3405.25,3104.5,4291.15957060345,1.0968755033016588,HIGH GAP,5.97,26093|Psychiatry
26093,Michigan,Pulmonary,Respiratory Disease,27084,0,0,0.0,0.0,4251.578947368421,5741.879971570142,0.0,NO PROVIDER,100.0,26093|Pulmonary
26093,Michigan,Rheumatology,Arthritis,40312,3,1029,63276.0,13437.333333333334,10453.0,13315.598760659872,1.2855001753882458,HIGH GAP,7.0,26093|Rheumatology
26095,Michigan,Cardiology,Heart Disease,4376,0,0,0.0,0.0,10823.136363636364,15071.056217261126,0.0,NO PROVIDER,100.0,26095|Cardiology
26095,Michigan,Endocrinology,Diabetes,2911,0,0,0.0,0.0,18070.0,22988.768286620067,0.0,NO PROVIDER,100.0,26095|Endocrinology
26095,Michigan,Oncology,Cancer,461,0,0,0.0,0.0,2055.6666666666665,2642.926682217817,0.0,NO PROVIDER,100.0,26095|Oncology
26095,Michigan,Neurology,Neurological Disorders,216,0,0,0.0,0.0,637.0,906.5174241117586,0.0,NO PROVIDER,100.0,26095|Neurology
26095,Michigan,Psychiatry,Mental Health Disorders,1352,0,0,0.0,0.0,3104.5,4291.15957060345,0.0,NO PROVIDER,100.0,26095|Psychiatry
26095,Michigan,Pulmonary,Respiratory Disease,1101,0,0,0.0,0.0,4251.578947368421,5741.879971570142,0.0,NO PROVIDER,100.0,26095|Pulmonary
26095,Michigan,Rheumatology,Arthritis,1576,0,0,0.0,0.0,10453.0,13315.598760659872,0.0,NO PROVIDER,100.0,26095|Rheumatology
26097,Michigan,Cardiology,Heart Disease,7584,0,0,0.0,0.0,10823.136363636364,15071.056217261126,0.0,NO PROVIDER,100.0,26097|Cardiology
26097,Michigan,Endocrinology,Diabetes,5097,0,0,0.0,0.0,18070.0,22988.768286620067,0.0,NO PROVIDER,100.0,26097|Endocrinology
26097,Michigan,Oncology,Cancer,877,0,0,0.0,0.0,2055.6666666666665,2642.926682217817,0.0,NO PROVIDER,100.0,26097|Oncology
26097,Michigan,Neurology,Neurological Disorders,402,0,0,0.0,0.0,637.0,906.5174241117586,0.0,NO PROVIDER,100.0,26097|Neurology
26097,Michigan,Psychiatry,Mental Health Disorders,2511,0,0,0.0,0.0,3104.5,4291.15957060345,0.0,NO PROVIDER,100.0,26097|Psychiatry
26097,Michigan,Pulmonary,Respiratory Disease,2054,0,0,0.0,0.0,4251.578947368421,5741.879971570142,0.0,NO PROVIDER,100.0,26097|Pulmonary
26097,Michigan,Rheumatology,Arthritis,3005,0,0,0.0,0.0,10453.0,13315.598760659872,0.0,NO PROVIDER,100.0,26097|Rheumatology
26099,Michigan,Cardiology,Heart Disease,534828,51,43533,149418.0,10486.823529411764,10823.136363636364,15071.056217261126,0.9689264901665152,MODERATE GAP,5.28,26099|Cardiology
26099,Michigan,Endocrinology,Diabetes,333354,14,5913,40176.0,23811.0,18070.0,22988.768286620067,1.3177089097952408,HIGH GAP,7.17,26099|Endocrinology
26099,Michigan,Oncology,Cancer,56719,16,5975,599697.0,3544.9375,2055.6666666666665,2642.926682217817,1.724470974541917,HIGH GAP,9.39,26099|Oncology
26099,Michigan,Neurology,Neurological Disorders,22270,42,12073,97804.0,530.2380952380952,637.0,906.5174241117586,0.8323988936233834,MODERATE GAP,4.53,26099|Neurology
26099,Michigan,Psychiatry,Mental Health Disorders,184076,54,5237,37010.0,3408.814814814815,3104.5,4291.15957060345,1.0980237767159975,HIGH GAP,5.98,26099|Psychiatry
26099,Michigan,Pulmonary,Respiratory Disease,131532,29,9525,37002.0,4535.586206896552,4251.578947368421,5741.879971570142,1.0668004200425163,HIGH GAP,5.81,26099|Pulmonary
26099,Michigan,Rheumatology,Arthritis,193819,11,2415,565939.3,17619.909090909092,10453.0,13315.598760659872,1.685631789047077,HIGH GAP,9.18,26099|Rheumatology
26101,Michigan,Cardiology,Heart Disease,16726,0,0,0.0,0.0,10823.136363636364,15071.056217261126,0.0,NO PROVIDER,100.0,26101|Cardiology
26101,Michigan,Endocrinology,Diabetes,10355,0,0,0.0,0.0,18070.0,22988.768286620067,0.0,NO PROVIDER,100.0,26101|Endocrinology
26101,Michigan,Oncology,Cancer,2045,0,0,0.0,0.0,2055.6666666666665,2642.926682217817,0.0,NO PROVIDER,100.0,26101|Oncology
26101,Michigan,Neurology,Neurological Disorders,799,0,0,0.0,0.0,637.0,906.5174241117586,0.0,NO PROVIDER,100.0,26101|Neurology
26101,Michigan,Psychiatry,Mental Health Disorders,5806,2,470,655.0,2903.0,3104.5,4291.15957060345,0.9350942180705428,MODERATE GAP,5.09,26101|Psychiatry
26101,Michigan,Pulmonary,Respiratory Disease,4346,0,0,0.0,0.0,4251.578947368421,5741.879971570142,0.0,NO PROVIDER,100.0,26101|Pulmonary
26101,Michigan,Rheumatology,Arthritis,6509,0,0,0.0,0.0,10453.0,13315.598760659872,0.0,NO PROVIDER,100.0,26101|Rheumatology
26103,Michigan,Cardiology,Heart Disease,39168,9,4620,9613.0,4352.0,10823.136363636364,15071.056217261126,0.4021015585299169,LOW GAP,2.19,26103|Cardiology
26103,Michigan,Endocrinology,Diabetes,26075,0,0,0.0,0.0,18070.0,22988.768286620067,0.0,NO PROVIDER,100.0,26103|Endocrinology
26103,Michigan,Oncology,Cancer,4751,1,259,672.0,4751.0,2055.6666666666665,2642.926682217817,2.311172369061132,CRITICAL GAP,12.58,26103|Oncology
26103,Michigan,Neurology,Neurological Disorders,1713,3,284,15192.0,571.0,637.0,906.5174241117586,0.8963893249607535,MODERATE GAP,4.88,26103|Neurology
26103,Michigan,Psychiatry,Mental Health Disorders,15579,4,196,955.0,3894.75,3104.5,4291.15957060345,1.2545498469962957,HIGH GAP,6.83,26103|Psychiatry
26103,Michigan,Pulmonary,Respiratory Disease,10441,2,432,1396.0,5220.5,4251.578947368421,5741.879971570142,1.2278967566229266,HIGH GAP,6.69,26103|Pulmonary
26103,Michigan,Rheumatology,Arthritis,14778,1,71,115.0,14778.0,10453.0,13315.598760659872,1.4137568162250072,HIGH GAP,7.7,26103|Rheumatology
26105,Michigan,Cardiology,Heart Disease,18519,0,0,0.0,0.0,10823.136363636364,15071.056217261126,0.0,NO PROVIDER,100.0,26105|Cardiology
26105,Michigan,Endocrinology,Diabetes,12370,0,0,0.0,0.0,18070.0,22988.768286620067,0.0,NO PROVIDER,100.0,26105|Endocrinology
26105,Michigan,Oncology,Cancer,2278,4,558,1447.0,569.5,2055.6666666666665,2642.926682217817,0.2770390789687044,LOW GAP,1.51,26105|Oncology
26105,Michigan,Neurology,Neurological Disorders,885,0,0,0.0,0.0,637.0,906.5174241117586,0.0,NO PROVIDER,100.0,26105|Neurology
26105,Michigan,Psychiatry,Mental Health Disorders,6515,1,33,110.0,6515.0,3104.5,4291.15957060345,2.098566596875503,CRITICAL GAP,11.43,26105|Psychiatry
26105,Michigan,Pulmonary,Respiratory Disease,4804,0,0,0.0,0.0,4251.578947368421,5741.879971570142,0.0,NO PROVIDER,100.0,26105|Pulmonary
26105,Michigan,Rheumatology,Arthritis,7436,0,0,0.0,0.0,10453.0,13315.598760659872,0.0,NO PROVIDER,100.0,26105|Rheumatology
26107,Michigan,Cardiology,Heart Disease,25246,0,0,0.0,0.0,10823.136363636364,15071.056217261126,0.0,NO PROVIDER,100.0,26107|Cardiology
26107,Michigan,Endocrinology,Diabetes,16277,0,0,0.0,0.0,18070.0,22988.768286620067,0.0,NO PROVIDER,100.0,26107|Endocrinology
26107,Michigan,Oncology,Cancer,2901,0,0,0.0,0.0,2055.6666666666665,2642.926682217817,0.0,NO PROVIDER,100.0,26107|Oncology
26107,Michigan,Neurology,Neurological Disorders,1243,0,0,0.0,0.0,637.0,906.5174241117586,0.0,NO PROVIDER,100.0,26107|Neurology
26107,Michigan,Psychiatry,Mental Health Disorders,9780,0,0,0.0,0.0,3104.5,4291.15957060345,0.0,NO PROVIDER,100.0,26107|Psychiatry
26107,Michigan,Pulmonary,Respiratory Disease,6978,0,0,0.0,0.0,4251.578947368421,5741.879971570142,0.0,NO PROVIDER,100.0,26107|Pulmonary
26107,Michigan,Rheumatology,Arthritis,9730,0,0,0.0,0.0,10453.0,13315.598760659872,0.0,NO PROVIDER,100.0,26107|Rheumatology
26109,Michigan,Cardiology,Heart Disease,15209,0,0,0.0,0.0,10823.136363636364,15071.056217261126,0.0,NO PROVIDER,100.0,26109|Cardiology
26109,Michigan,Endocrinology,Diabetes,9694,0,0,0.0,0.0,18070.0,22988.768286620067,0.0,NO PROVIDER,100.0,26109|Endocrinology
26109,Michigan,Oncology,Cancer,1842,0,0,0.0,0.0,2055.6666666666665,2642.926682217817,0.0,NO PROVIDER,100.0,26109|Oncology
26109,Michigan,Neurology,Neurological Disorders,725,0,0,0.0,0.0,637.0,906.5174241117586,0.0,NO PROVIDER,100.0,26109|Neurology
26109,Michigan,Psychiatry,Mental Health Disorders,5448,1,0,0.0,5448.0,3104.5,4291.15957060345,1.7548719600579803,HIGH GAP,9.55,26109|Psychiatry
26109,Michigan,Pulmonary,Respiratory Disease,3960,0,0,0.0,0.0,4251.578947368421,5741.879971570142,0.0,NO PROVIDER,100.0,26109|Pulmonary
26109,Michigan,Rheumatology,Arthritis,5963,0,0,0.0,0.0,10453.0,13315.598760659872,0.0,NO PROVIDER,100.0,26109|Rheumatology
26111,Michigan,Cardiology,Heart Disease,48533,3,5560,10049.0,16177.666666666666,10823.136363636364,15071.056217261126,1.4947300046057337,HIGH GAP,8.14,26111|Cardiology
26111,Michigan,Endocrinology,Diabetes,27610,2,579,1786.0,13805.0,18070.0,22988.768286620067,0.7639734366353071,MODERATE GAP,4.16,26111|Endocrinology
26111,Michigan,Oncology,Cancer,5888,2,434,1617.0,2944.0,2055.6666666666665,2642.926682217817,1.4321388033079294,HIGH GAP,7.8,26111|Oncology
26111,Michigan,Neurology,Neurological Disorders,2029,4,1495,2431.0,507.25,637.0,906.5174241117586,0.7963108320251178,MODERATE GAP,4.34,26111|Neurology
26111,Michigan,Psychiatry,Mental Health Disorders,17664,5,268,960.0,3532.8,3104.5,4291.15957060345,1.1379610243195362,HIGH GAP,6.2,26111|Psychiatry
26111,Michigan,Pulmonary,Respiratory Disease,12009,0,0,0.0,0.0,4251.578947368421,5741.879971570142,0.0,NO PROVIDER,100.0,26111|Pulmonary
26111,Michigan,Rheumatology,Arthritis,18562,0,0,0.0,0.0,10453.0,13315.598760659872,0.0,NO PROVIDER,100.0,26111|Rheumatology
26113,Michigan,Cardiology,Heart Disease,9436,0,0,0.0,0.0,10823.136363636364,15071.056217261126,0.0,NO PROVIDER,100.0,26113|Cardiology
26113,Michigan,Endocrinology,Diabetes,6085,0,0,0.0,0.0,18070.0,22988.768286620067,0.0,NO PROVIDER,100.0,26113|Endocrinology
26113,Michigan,Oncology,Cancer,1092,0,0,0.0,0.0,2055.6666666666665,2642.926682217817,0.0,NO PROVIDER,100.0,26113|Oncology
26113,Michigan,Neurology,Neurological Disorders,441,0,0,0.0,0.0,637.0,906.5174241117586,0.0,NO PROVIDER,100.0,26113|Neurology
26113,Michigan,Psychiatry,Mental Health Disorders,3400,0,0,0.0,0.0,3104.5,4291.15957060345,0.0,NO PROVIDER,100.0,26113|Psychiatry
26113,Michigan,Pulmonary,Respiratory Disease,2494,0,0,0.0,0.0,4251.578947368421,5741.879971570142,0.0,NO PROVIDER,100.0,26113|Pulmonary
26113,Michigan,Rheumatology,Arthritis,3645,0,0,0.0,0.0,10453.0,13315.598760659872,0.0,NO PROVIDER,100.0,26113|Rheumatology
26115,Michigan,Cardiology,Heart Disease,93858,0,0,0.0,0.0,10823.136363636364,15071.056217261126,0.0,NO PROVIDER,100.0,26115|Cardiology
26115,Michigan,Endocrinology,Diabetes,63434,1,798,3131.0,63434.0,18070.0,22988.768286620067,3.510459324847814,CRITICAL GAP,19.11,26115|Endocrinology
26115,Michigan,Oncology,Cancer,10839,0,0,0.0,0.0,2055.6666666666665,2642.926682217817,0.0,NO PROVIDER,100.0,26115|Oncology
26115,Michigan,Neurology,Neurological Disorders,4003,3,1047,25443.0,1334.3333333333333,637.0,906.5174241117586,2.094714809000523,CRITICAL GAP,11.41,26115|Neurology
26115,Michigan,Psychiatry,Mental Health Disorders,33688,3,68,196.0,11229.333333333334,3104.5,4291.15957060345,3.617114940677512,CRITICAL GAP,19.69,26115|Psychiatry
26115,Michigan,Pulmonary,Respiratory Disease,24142,1,1405,4531.0,24142.0,4251.578947368421,5741.879971570142,5.678360980440703,CRITICAL GAP,30.92,26115|Pulmonary
26115,Michigan,Rheumatology,Arthritis,36767,0,0,0.0,0.0,10453.0,13315.598760659872,0.0,NO PROVIDER,100.0,26115|Rheumatology
26117,Michigan,Cardiology,Heart Disease,41578,2,1073,2940.0,20789.0,10823.136363636364,15071.056217261126,1.9207925781889803,HIGH GAP,10.46,26117|Cardiology
26117,Michigan,Endocrinology,Diabetes,29153,0,0,0.0,0.0,18070.0,22988.768286620067,0.0,NO PROVIDER,100.0,26117|Endocrinology
26117,Michigan,Oncology,Cancer,4466,0,0,0.0,0.0,2055.6666666666665,2642.926682217817,0.0,NO PROVIDER,100.0,26117|Oncology
26117,Michigan,Neurology,Neurological Disorders,1922,0,0,0.0,0.0,637.0,906.5174241117586,0.0,NO PROVIDER,100.0,26117|Neurology
26117,Michigan,Psychiatry,Mental Health Disorders,14942,2,47,195.0,7471.0,3104.5,4291.15957060345,2.40650668384603,CRITICAL GAP,13.1,26117|Psychiatry
26117,Michigan,Pulmonary,Respiratory Disease,11017,0,0,0.0,0.0,4251.578947368421,5741.879971570142,0.0,NO PROVIDER,100.0,26117|Pulmonary
26117,Michigan,Rheumatology,Arthritis,15402,0,0,0.0,0.0,10453.0,13315.598760659872,0.0,NO PROVIDER,100.0,26117|Rheumatology
26119,Michigan,Cardiology,Heart Disease,6957,0,0,0.0,0.0,10823.136363636364,15071.056217261126,0.0,NO PROVIDER,100.0,26119|Cardiology
26119,Michigan,Endocrinology,Diabetes,4241,0,0,0.0,0.0,18070.0,22988.768286620067,0.0,NO PROVIDER,100.0,26119|Endocrinology
26119,Michigan,Oncology,Cancer,829,0,0,0.0,0.0,2055.6666666666665,2642.926682217817,0.0,NO PROVIDER,100.0,26119|Oncology
26119,Michigan,Neurology,Neurological Disorders,359,0,0,0.0,0.0,637.0,906.5174241117586,0.0,NO PROVIDER,100.0,26119|Neurology
26119,Michigan,Psychiatry,Mental Health Disorders,2298,0,0,0.0,0.0,3104.5,4291.15957060345,0.0,NO PROVIDER,100.0,26119|Psychiatry
26119,Michigan,Pulmonary,Respiratory Disease,1845,0,0,0.0,0.0,4251.578947368421,5741.879971570142,0.0,NO PROVIDER,100.0,26119|Pulmonary
26119,Michigan,Rheumatology,Arthritis,2731,0,0,0.0,0.0,10453.0,13315.598760659872,0.0,NO PROVIDER,100.0,26119|Rheumatology
26121,Michigan,Cardiology,Heart Disease,102060,11,9491,18918.0,9278.181818181818,10823.136363636364,15071.056217261126,0.85725445069275,MODERATE GAP,4.67,26121|Cardiology
26121,Michigan,Endocrinology,Diabetes,76803,3,462,1051.0,25601.0,18070.0,22988.768286620067,1.4167681239623686,HIGH GAP,7.71,26121|Endocrinology
26121,Michigan,Oncology,Cancer,11188,3,248,72886.0,3729.3333333333335,2055.6666666666665,2642.926682217817,1.8141722069077348,HIGH GAP,9.88,26121|Oncology
26121,Michigan,Neurology,Neurological Disorders,4873,7,812,2464.0,696.1428571428571,637.0,906.5174241117586,1.0928459295806234,HIGH GAP,5.95,26121|Neurology
26121,Michigan,Psychiatry,Mental Health Disorders,38504,14,419,2039.0,2750.285714285714,3104.5,4291.15957060345,0.8859029519361296,MODERATE GAP,4.82,26121|Psychiatry
26121,Michigan,Pulmonary,Respiratory Disease,28277,7,1186,2950.0,4039.571428571429,4251.578947368421,5741.879971570142,0.9501344038481944,MODERATE GAP,5.17,26121|Pulmonary
26121,Michigan,Rheumatology,Arthritis,39053,0,0,0.0,0.0,10453.0,13315.598760659872,0.0,NO PROVIDER,100.0,26121|Rheumatology
26123,Michigan,Cardiology,Heart Disease,31486,0,0,0.0,0.0,10823.136363636364,15071.056217261126,0.0,NO PROVIDER,100.0,26123|Cardiology
26123,Michigan,Endocrinology,Diabetes,19802,0,0,0.0,0.0,18070.0,22988.768286620067,0.0,NO PROVIDER,100.0,26123|Endocrinology
26123,Michigan,Oncology,Cancer,3548,0,0,0.0,0.0,2055.6666666666665,2642.926682217817,0.0,NO PROVIDER,100.0,26123|Oncology
26123,Michigan,Neurology,Neurological Disorders,1503,0,0,0.0,0.0,637.0,906.5174241117586,0.0,NO PROVIDER,100.0,26123|Neurology
26123,Michigan,Psychiatry,Mental Health Disorders,11084,6,41,134.0,1847.3333333333333,3104.5,4291.15957060345,0.5950501959521125,MODERATE GAP,3.24,26123|Psychiatry
26123,Michigan,Pulmonary,Respiratory Disease,8418,0,0,0.0,0.0,4251.578947368421,5741.879971570142,0.0,NO PROVIDER,100.0,26123|Pulmonary
26123,Michigan,Rheumatology,Arthritis,12186,0,0,0.0,0.0,10453.0,13315.598760659872,0.0,NO PROVIDER,100.0,26123|Rheumatology
26125,Michigan,Cardiology,Heart Disease,707991,108,84783,278739.0,6555.472222222223,10823.136363636364,15071.056217261126,0.6056906244152421,MODERATE GAP,3.3,26125|Cardiology
26125,Michigan,Endocrinology,Diabetes,410878,35,13337,49286.0,11739.371428571429,18070.0,22988.768286620067,0.649660842754368,MODERATE GAP,3.54,26125|Endocrinology
26125,Michigan,Oncology,Cancer,80246,35,14140,2487676.0,2292.742857142857,2055.6666666666665,2642.926682217817,1.1153281289814452,HIGH GAP,6.07,26125|Oncology
26125,Michigan,Neurology,Neurological Disorders,27934,82,23992,734182.0,340.6585365853659,637.0,906.5174241117586,0.5347857717195696,MODERATE GAP,2.91,26125|Neurology
26125,Michigan,Psychiatry,Mental Health Disorders,214835,156,10661,99978.0,1377.1474358974358,3104.5,4291.15957060345,0.4435971769680901,LOW GAP,2.42,26125|Psychiatry
26125,Michigan,Pulmonary,Respiratory Disease,163031,47,22455,79316.0,3468.744680851064,4251.578947368421,5741.879971570142,0.8158721086428599,MODERATE GAP,4.44,26125|Pulmonary
26125,Michigan,Rheumatology,Arthritis,232103,21,5457,643873.0,11052.52380952381,10453.0,13315.598760659872,1.057354234145586,HIGH GAP,5.76,26125|Rheumatology
26127,Michigan,Cardiology,Heart Disease,16596,0,0,0.0,0.0,10823.136363636364,15071.056217261126,0.0,NO PROVIDER,100.0,26127|Cardiology
26127,Michigan,Endocrinology,Diabetes,11270,0,0,0.0,0.0,18070.0,22988.768286620067,0.0,NO PROVIDER,100.0,26127|Endocrinology
26127,Michigan,Oncology,Cancer,1900,0,0,0.0,0.0,2055.6666666666665,2642.926682217817,0.0,NO PROVIDER,100.0,26127|Oncology
26127,Michigan,Neurology,Neurological Disorders,800,0,0,0.0,0.0,637.0,906.5174241117586,0.0,NO PROVIDER,100.0,26127|Neurology
26127,Michigan,Psychiatry,Mental Health Disorders,5795,0,0,0.0,0.0,3104.5,4291.15957060345,0.0,NO PROVIDER,100.0,26127|Psychiatry
26127,Michigan,Pulmonary,Respiratory Disease,4312,0,0,0.0,0.0,4251.578947368421,5741.879971570142,0.0,NO PROVIDER,100.0,26127|Pulmonary
26127,Michigan,Rheumatology,Arthritis,6371,0,0,0.0,0.0,10453.0,13315.598760659872,0.0,NO PROVIDER,100.0,26127|Rheumatology
26129,Michigan,Cardiology,Heart Disease,14170,2,2029,3847.0,7085.0,10823.136363636364,15071.056217261126,0.6546161631857679,MODERATE GAP,3.56,26129|Cardiology
26129,Michigan,Endocrinology,Diabetes,9032,0,0,0.0,0.0,18070.0,22988.768286620067,0.0,NO PROVIDER,100.0,26129|Endocrinology
26129,Michigan,Oncology,Cancer,1667,1,264,1154.0,1667.0,2055.6666666666665,2642.926682217817,0.8109291389654614,MODERATE GAP,4.42,26129|Oncology
26129,Michigan,Neurology,Neurological Disorders,717,0,0,0.0,0.0,637.0,906.5174241117586,0.0,NO PROVIDER,100.0,26129|Neurology
26129,Michigan,Psychiatry,Mental Health Disorders,4974,0,0,0.0,0.0,3104.5,4291.15957060345,0.0,NO PROVIDER,100.0,26129|Psychiatry
26129,Michigan,Pulmonary,Respiratory Disease,3833,0,0,0.0,0.0,4251.578947368421,5741.879971570142,0.0,NO PROVIDER,100.0,26129|Pulmonary
26129,Michigan,Rheumatology,Arthritis,5725,0,0,0.0,0.0,10453.0,13315.598760659872,0.0,NO PROVIDER,100.0,26129|Rheumatology
26131,Michigan,Cardiology,Heart Disease,4500,0,0,0.0,0.0,10823.136363636364,15071.056217261126,0.0,NO PROVIDER,100.0,26131|Cardiology
26131,Michigan,Endocrinology,Diabetes,2604,0,0,0.0,0.0,18070.0,22988.768286620067,0.0,NO PROVIDER,100.0,26131|Endocrinology
26131,Michigan,Oncology,Cancer,558,0,0,0.0,0.0,2055.6666666666665,2642.926682217817,0.0,NO PROVIDER,100.0,26131|Oncology
26131,Michigan,Neurology,Neurological Disorders,225,0,0,0.0,0.0,637.0,906.5174241117586,0.0,NO PROVIDER,100.0,26131|Neurology
26131,Michigan,Psychiatry,Mental Health Disorders,1408,0,0,0.0,0.0,3104.5,4291.15957060345,0.0,NO PROVIDER,100.0,26131|Psychiatry
26131,Michigan,Pulmonary,Respiratory Disease,1119,0,0,0.0,0.0,4251.578947368421,5741.879971570142,0.0,NO PROVIDER,100.0,26131|Pulmonary
26131,Michigan,Rheumatology,Arthritis,1765,0,0,0.0,0.0,10453.0,13315.598760659872,0.0,NO PROVIDER,100.0,26131|Rheumatology
26133,Michigan,Cardiology,Heart Disease,14401,0,0,0.0,0.0,10823.136363636364,15071.056217261126,0.0,NO PROVIDER,100.0,26133|Cardiology
26133,Michigan,Endocrinology,Diabetes,9391,0,0,0.0,0.0,18070.0,22988.768286620067,0.0,NO PROVIDER,100.0,26133|Endocrinology
26133,Michigan,Oncology,Cancer,1649,0,0,0.0,0.0,2055.6666666666665,2642.926682217817,0.0,NO PROVIDER,100.0,26133|Oncology
26133,Michigan,Neurology,Neurological Disorders,701,0,0,0.0,0.0,637.0,906.5174241117586,0.0,NO PROVIDER,100.0,26133|Neurology
26133,Michigan,Psychiatry,Mental Health Disorders,5210,0,0,0.0,0.0,3104.5,4291.15957060345,0.0,NO PROVIDER,100.0,26133|Psychiatry
26133,Michigan,Pulmonary,Respiratory Disease,3944,0,0,0.0,0.0,4251.578947368421,5741.879971570142,0.0,NO PROVIDER,100.0,26133|Pulmonary
26133,Michigan,Rheumatology,Arthritis,5666,0,0,0.0,0.0,10453.0,13315.598760659872,0.0,NO PROVIDER,100.0,26133|Rheumatology
26135,Michigan,Cardiology,Heart Disease,5845,0,0,0.0,0.0,10823.136363636364,15071.056217261126,0.0,NO PROVIDER,100.0,26135|Cardiology
26135,Michigan,Endocrinology,Diabetes,3571,0,0,0.0,0.0,18070.0,22988.768286620067,0.0,NO PROVIDER,100.0,26135|Endocrinology
26135,Michigan,Oncology,Cancer,678,0,0,0.0,0.0,2055.6666666666665,2642.926682217817,0.0,NO PROVIDER,100.0,26135|Oncology
26135,Michigan,Neurology,Neurological Disorders,312,0,0,0.0,0.0,637.0,906.5174241117586,0.0,NO PROVIDER,100.0,26135|Neurology
26135,Michigan,Psychiatry,Mental Health Disorders,1965,0,0,0.0,0.0,3104.5,4291.15957060345,0.0,NO PROVIDER,100.0,26135|Psychiatry
26135,Michigan,Pulmonary,Respiratory Disease,1616,0,0,0.0,0.0,4251.578947368421,5741.879971570142,0.0,NO PROVIDER,100.0,26135|Pulmonary
26135,Michigan,Rheumatology,Arthritis,2287,0,0,0.0,0.0,10453.0,13315.598760659872,0.0,NO PROVIDER,100.0,26135|Rheumatology
26137,Michigan,Cardiology,Heart Disease,15445,0,0,0.0,0.0,10823.136363636364,15071.056217261126,0.0,NO PROVIDER,100.0,26137|Cardiology
26137,Michigan,Endocrinology,Diabetes,9980,0,0,0.0,0.0,18070.0,22988.768286620067,0.0,NO PROVIDER,100.0,26137|Endocrinology
26137,Michigan,Oncology,Cancer,1880,1,233,585.0,1880.0,2055.6666666666665,2642.926682217817,0.9145451597210962,MODERATE GAP,4.98,26137|Oncology
26137,Michigan,Neurology,Neurological Disorders,684,0,0,0.0,0.0,637.0,906.5174241117586,0.0,NO PROVIDER,100.0,26137|Neurology
26137,Michigan,Psychiatry,Mental Health Disorders,5751,0,0,0.0,0.0,3104.5,4291.15957060345,0.0,NO PROVIDER,100.0,26137|Psychiatry
26137,Michigan,Pulmonary,Respiratory Disease,4014,0,0,0.0,0.0,4251.578947368421,5741.879971570142,0.0,NO PROVIDER,100.0,26137|Pulmonary
26137,Michigan,Rheumatology,Arthritis,5925,1,108,844.0,5925.0,10453.0,13315.598760659872,0.5668229216492873,MODERATE GAP,3.09,26137|Rheumatology
26139,Michigan,Cardiology,Heart Disease,156262,0,0,0.0,0.0,10823.136363636364,15071.056217261126,0.0,NO PROVIDER,100.0,26139|Cardiology
26139,Michigan,Endocrinology,Diabetes,97840,0,0,0.0,0.0,18070.0,22988.768286620067,0.0,NO PROVIDER,100.0,26139|Endocrinology
26139,Michigan,Oncology,Cancer,19005,7,2688,838581.0,2715.0,2055.6666666666665,2642.926682217817,1.3207394194908384,HIGH GAP,7.19,26139|Oncology
26139,Michigan,Neurology,Neurological Disorders,6452,4,651,3807.0,1613.0,637.0,906.5174241117586,2.532182103610675,CRITICAL GAP,13.79,26139|Neurology
26139,Michigan,Psychiatry,Mental Health Disorders,62763,3,59,215.0,20921.0,3104.5,4291.15957060345,6.73892736350459,CRITICAL GAP,36.69,26139|Psychiatry
26139,Michigan,Pulmonary,Respiratory Disease,40004,0,0,0.0,0.0,4251.578947368421,5741.879971570142,0.0,NO PROVIDER,100.0,26139|Pulmonary
26139,Michigan,Rheumatology,Arthritis,56076,1,91,146.0,56076.0,10453.0,13315.598760659872,5.364584329857458,CRITICAL GAP,29.21,26139|Rheumatology
26141,Michigan,Cardiology,Heart Disease,9448,0,0,0.0,0.0,10823.136363636364,15071.056217261126,0.0,NO PROVIDER,100.0,26141|Cardiology
26141,Michigan,Endocrinology,Diabetes,6079,0,0,0.0,0.0,18070.0,22988.768286620067,0.0,NO PROVIDER,100.0,26141|Endocrinology
26141,Michigan,Oncology,Cancer,1168,0,0,0.0,0.0,2055.6666666666665,2642.926682217817,0.0,NO PROVIDER,100.0,26141|Oncology
26141,Michigan,Neurology,Neurological Disorders,468,0,0,0.0,0.0,637.0,906.5174241117586,0.0,NO PROVIDER,100.0,26141|Neurology
26141,Michigan,Psychiatry,Mental Health Disorders,3172,3,93,317.0,1057.3333333333333,3104.5,4291.15957060345,0.340580877221238,LOW GAP,1.85,26141|Psychiatry
26141,Michigan,Pulmonary,Respiratory Disease,2438,0,0,0.0,0.0,4251.578947368421,5741.879971570142,0.0,NO PROVIDER,100.0,26141|Pulmonary
26141,Michigan,Rheumatology,Arthritis,3781,0,0,0.0,0.0,10453.0,13315.598760659872,0.0,NO PROVIDER,100.0,26141|Rheumatology
26143,Michigan,Cardiology,Heart Disease,17017,1,935,2618.0,17017.0,10823.136363636364,15071.056217261126,1.5722799222204955,HIGH GAP,8.56,26143|Cardiology
26143,Michigan,Endocrinology,Diabetes,10639,0,0,0.0,0.0,18070.0,22988.768286620067,0.0,NO PROVIDER,100.0,26143|Endocrinology
26143,Michigan,Oncology,Cancer,2120,0,0,0.0,0.0,2055.6666666666665,2642.926682217817,0.0,NO PROVIDER,100.0,26143|Oncology
26143,Michigan,Neurology,Neurological Disorders,850,0,0,0.0,0.0,637.0,906.5174241117586,0.0,NO PROVIDER,100.0,26143|Neurology
26143,Michigan,Psychiatry,Mental Health Disorders,5673,0,0,0.0,0.0,3104.5,4291.15957060345,0.0,NO PROVIDER,100.0,26143|Psychiatry
26143,Michigan,Pulmonary,Respiratory Disease,4434,0,0,0.0,0.0,4251.578947368421,5741.879971570142,0.0,NO PROVIDER,100.0,26143|Pulmonary
26143,Michigan,Rheumatology,Arthritis,6604,0,0,0.0,0.0,10453.0,13315.598760659872,0.0,NO PROVIDER,100.0,26143|Rheumatology
26145,Michigan,Cardiology,Heart Disease,114184,15,9748,27298.0,7612.266666666666,10823.136363636364,15071.056217261126,0.7033327873648902,MODERATE GAP,3.83,26145|Cardiology
26145,Michigan,Endocrinology,Diabetes,73510,5,1114,4415.0,14702.0,18070.0,22988.768286620067,0.8136137244050913,MODERATE GAP,4.43,26145|Endocrinology
26145,Michigan,Oncology,Cancer,12128,6,1919,170424.0,2021.3333333333333,2055.6666666666665,2642.926682217817,0.983298200097292,MODERATE GAP,5.35,26145|Oncology
26145,Michigan,Neurology,Neurological Disorders,5768,12,2819,10751.0,480.6666666666667,637.0,906.5174241117586,0.7545787545787546,MODERATE GAP,4.11,26145|Neurology
26145,Michigan,Psychiatry,Mental Health Disorders,40009,17,747,2405.0,2353.470588235294,3104.5,4291.15957060345,0.7580836167612479,MODERATE GAP,4.13,26145|Psychiatry
26145,Michigan,Pulmonary,Respiratory Disease,31135,11,1832,4955.0,2830.454545454545,4251.578947368421,5741.879971570142,0.6657419703346914,MODERATE GAP,3.62,26145|Pulmonary
26145,Michigan,Rheumatology,Arthritis,43411,4,991,28348.0,10852.75,10453.0,13315.598760659872,1.0382426097770976,HIGH GAP,5.65,26145|Rheumatology
26147,Michigan,Cardiology,Heart Disease,96507,6,6886,28789.0,16084.5,10823.136363636364,15071.056217261126,1.4861219021540557,HIGH GAP,8.09,26147|Cardiology
26147,Michigan,Endocrinology,Diabetes,60333,1,334,1172.0,60333.0,18070.0,22988.768286620067,3.338848920863309,CRITICAL GAP,18.18,26147|Endocrinology
26147,Michigan,Oncology,Cancer,11376,4,1813,168081.0,2844.0,2055.6666666666665,2642.926682217817,1.3834927841738285,HIGH GAP,7.53,26147|Oncology
26147,Michigan,Neurology,Neurological Disorders,4346,9,2375,45432.0,482.8888888888889,637.0,906.5174241117586,0.7580673294959009,MODERATE GAP,4.13,26147|Neurology
26147,Michigan,Psychiatry,Mental Health Disorders,36046,13,505,2852.0,2772.769230769231,3104.5,4291.15957060345,0.8931451862680725,MODERATE GAP,4.86,26147|Psychiatry
26147,Michigan,Pulmonary,Respiratory Disease,25564,3,2188,8019.0,8521.333333333334,4251.578947368421,5741.879971570142,2.004274985557481,CRITICAL GAP,10.91,26147|Pulmonary
26147,Michigan,Rheumatology,Arthritis,37005,1,330,121581.0,37005.0,10453.0,13315.598760659872,3.5401320195159283,CRITICAL GAP,19.28,26147|Rheumatology
26149,Michigan,Cardiology,Heart Disease,34614,1,1049,1793.0,34614.0,10823.136363636364,15071.056217261126,3.1981487470024232,CRITICAL GAP,17.41,26149|Cardiology
26149,Michigan,Endocrinology,Diabetes,23176,0,0,0.0,0.0,18070.0,22988.768286620067,0.0,NO PROVIDER,100.0,26149|Endocrinology
26149,Michigan,Oncology,Cancer,3944,1,50,99.0,3944.0,2055.6666666666665,2642.926682217817,1.918598994648938,HIGH GAP,10.45,26149|Oncology
26149,Michigan,Neurology,Neurological Disorders,1647,0,0,0.0,0.0,637.0,906.5174241117586,0.0,NO PROVIDER,100.0,26149|Neurology
26149,Michigan,Psychiatry,Mental Health Disorders,13038,2,58,193.0,6519.0,3104.5,4291.15957060345,2.099855049122242,CRITICAL GAP,11.43,26149|Psychiatry
26149,Michigan,Pulmonary,Respiratory Disease,9465,0,0,0.0,0.0,4251.578947368421,5741.879971570142,0.0,NO PROVIDER,100.0,26149|Pulmonary
26149,Michigan,Rheumatology,Arthritis,13363,0,0,0.0,0.0,10453.0,13315.598760659872,0.0,NO PROVIDER,100.0,26149|Rheumatology
26151,Michigan,Cardiology,Heart Disease,25442,2,1568,3962.0,12721.0,10823.136363636364,15071.056217261126,1.1753524646275444,HIGH GAP,6.4,26151|Cardiology
26151,Michigan,Endocrinology,Diabetes,16642,0,0,0.0,0.0,18070.0,22988.768286620067,0.0,NO PROVIDER,100.0,26151|Endocrinology
26151,Michigan,Oncology,Cancer,2912,1,226,1276.0,2912.0,2055.6666666666665,2642.926682217817,1.4165720771850172,HIGH GAP,7.71,26151|Oncology
26151,Michigan,Neurology,Neurological Disorders,1216,0,0,0.0,0.0,637.0,906.5174241117586,0.0,NO PROVIDER,100.0,26151|Neurology
26151,Michigan,Psychiatry,Mental Health Disorders,9153,2,44,106.0,4576.5,3104.5,4291.15957060345,1.474150426799807,HIGH GAP,8.03,26151|Psychiatry
26151,Michigan,Pulmonary,Respiratory Disease,6784,0,0,0.0,0.0,4251.578947368421,5741.879971570142,0.0,NO PROVIDER,100.0,26151|Pulmonary
26151,Michigan,Rheumatology,Arthritis,9729,0,0,0.0,0.0,10453.0,13315.598760659872,0.0,NO PROVIDER,100.0,26151|Rheumatology
26153,Michigan,Cardiology,Heart Disease,5541,1,0,0.0,5541.0,10823.136363636364,15071.056217261126,0.5119588087808524,MODERATE GAP,2.79,26153|Cardiology
26153,Michigan,Endocrinology,Diabetes,3576,0,0,0.0,0.0,18070.0,22988.768286620067,0.0,NO PROVIDER,100.0,26153|Endocrinology
26153,Michigan,Oncology,Cancer,658,0,0,0.0,0.0,2055.6666666666665,2642.926682217817,0.0,NO PROVIDER,100.0,26153|Oncology
26153,Michigan,Neurology,Neurological Disorders,284,0,0,0.0,0.0,637.0,906.5174241117586,0.0,NO PROVIDER,100.0,26153|Neurology
26153,Michigan,Psychiatry,Mental Health Disorders,1875,0,0,0.0,0.0,3104.5,4291.15957060345,0.0,NO PROVIDER,100.0,26153|Psychiatry
26153,Michigan,Pulmonary,Respiratory Disease,1491,0,0,0.0,0.0,4251.578947368421,5741.879971570142,0.0,NO PROVIDER,100.0,26153|Pulmonary
26153,Michigan,Rheumatology,Arthritis,2196,0,0,0.0,0.0,10453.0,13315.598760659872,0.0,NO PROVIDER,100.0,26153|Rheumatology
26155,Michigan,Cardiology,Heart Disease,41030,0,0,0.0,0.0,10823.136363636364,15071.056217261126,0.0,NO PROVIDER,100.0,26155|Cardiology
26155,Michigan,Endocrinology,Diabetes,26947,0,0,0.0,0.0,18070.0,22988.768286620067,0.0,NO PROVIDER,100.0,26155|Endocrinology
26155,Michigan,Oncology,Cancer,4811,1,286,880.0,4811.0,2055.6666666666665,2642.926682217817,2.3403599805415927,CRITICAL GAP,12.74,26155|Oncology
26155,Michigan,Neurology,Neurological Disorders,1838,10,1349,6578.0,183.8,637.0,906.5174241117586,0.2885400313971742,LOW GAP,1.57,26155|Neurology
26155,Michigan,Psychiatry,Mental Health Disorders,15650,4,138,566.0,3912.5,3104.5,4291.15957060345,1.2602673538411984,HIGH GAP,6.86,26155|Psychiatry
26155,Michigan,Pulmonary,Respiratory Disease,10812,2,564,1821.0,5406.0,4251.578947368421,5741.879971570142,1.2715276058430305,HIGH GAP,6.92,26155|Pulmonary
26155,Michigan,Rheumatology,Arthritis,15920,1,202,471.0,15920.0,10453.0,13315.598760659872,1.5230077489715872,HIGH GAP,8.29,26155|Rheumatology
26157,Michigan,Cardiology,Heart Disease,32917,0,0,0.0,0.0,10823.136363636364,15071.056217261126,0.0,NO PROVIDER,100.0,26157|Cardiology
26157,Michigan,Endocrinology,Diabetes,22508,0,0,0.0,0.0,18070.0,22988.768286620067,0.0,NO PROVIDER,100.0,26157|Endocrinology
26157,Michigan,Oncology,Cancer,3787,0,0,0.0,0.0,2055.6666666666665,2642.926682217817,0.0,NO PROVIDER,100.0,26157|Oncology
26157,Michigan,Neurology,Neurological Disorders,1565,1,19,1642.0,1565.0,637.0,906.5174241117586,2.456828885400314,CRITICAL GAP,13.38,26157|Neurology
26157,Michigan,Psychiatry,Mental Health Disorders,11952,8,118,439.0,1494.0,3104.5,4291.15957060345,0.481236914156869,LOW GAP,2.62,26157|Psychiatry
26157,Michigan,Pulmonary,Respiratory Disease,8800,0,0,0.0,0.0,4251.578947368421,5741.879971570142,0.0,NO PROVIDER,100.0,26157|Pulmonary
26157,Michigan,Rheumatology,Arthritis,12714,0,0,0.0,0.0,10453.0,13315.598760659872,0.0,NO PROVIDER,100.0,26157|Rheumatology
26159,Michigan,Cardiology,Heart Disease,44873,0,0,0.0,0.0,10823.136363636364,15071.056217261126,0.0,NO PROVIDER,100.0,26159|Cardiology
26159,Michigan,Endocrinology,Diabetes,30100,0,0,0.0,0.0,18070.0,22988.768286620067,0.0,NO PROVIDER,100.0,26159|Endocrinology
26159,Michigan,Oncology,Cancer,5031,0,0,0.0,0.0,2055.6666666666665,2642.926682217817,0.0,NO PROVIDER,100.0,26159|Oncology
26159,Michigan,Neurology,Neurological Disorders,2106,0,0,0.0,0.0,637.0,906.5174241117586,0.0,NO PROVIDER,100.0,26159|Neurology
26159,Michigan,Psychiatry,Mental Health Disorders,16381,4,382,1029.0,4095.25,3104.5,4291.15957060345,1.3191335158640682,HIGH GAP,7.18,26159|Psychiatry
26159,Michigan,Pulmonary,Respiratory Disease,11906,0,0,0.0,0.0,4251.578947368421,5741.879971570142,0.0,NO PROVIDER,100.0,26159|Pulmonary
26159,Michigan,Rheumatology,Arthritis,17434,0,0,0.0,0.0,10453.0,13315.598760659872,0.0,NO PROVIDER,100.0,26159|Rheumatology
26161,Michigan,Cardiology,Heart Disease,184741,37,23508,37554.0,4993.0,10823.136363636364,15071.056217261126,0.4613265353262581,LOW GAP,2.51,26161|Cardiology
26161,Michigan,Endocrinology,Diabetes,110665,54,6073,20457.0,2049.351851851852,18070.0,22988.768286620067,0.1134118346348562,LOW GAP,0.62,26161|Endocrinology
26161,Michigan,Oncology,Cancer,22643,24,2212,8487.0,943.4583333333334,2055.6666666666665,2642.926682217817,0.4589549213556024,LOW GAP,2.5,26161|Oncology
26161,Michigan,Neurology,Neurological Disorders,7947,98,9073,20587.0,81.09183673469387,637.0,906.5174241117586,0.1273027264280908,LOW GAP,0.69,26161|Neurology
26161,Michigan,Psychiatry,Mental Health Disorders,80074,105,2688,11721.0,762.6095238095238,3104.5,4291.15957060345,0.2456464885841597,LOW GAP,1.34,26161|Psychiatry
26161,Michigan,Pulmonary,Respiratory Disease,47985,65,10873,27529.0,738.2307692307693,4251.578947368421,5741.879971570142,0.1736368484202106,LOW GAP,0.95,26161|Pulmonary
26161,Michigan,Rheumatology,Arthritis,65979,35,3262,13066.0,1885.1142857142856,10453.0,13315.598760659872,0.1803419387462246,LOW GAP,0.98,26161|Rheumatology
26163,Michigan,Cardiology,Heart Disease,1065054,170,81559,246340.0,6265.023529411765,10823.136363636364,15071.056217261126,0.578854716315044,MODERATE GAP,3.15,26163|Cardiology
26163,Michigan,Endocrinology,Diabetes,679892,28,6962,38012.0,24281.85714285714,18070.0,22988.768286620067,1.3437663056368092,HIGH GAP,7.32,26163|Endocrinology
26163,Michigan,Oncology,Cancer,94448,55,7111,28630.0,1717.2363636363636,2055.6666666666665,2642.926682217817,0.8353671300322834,MODERATE GAP,4.55,26163|Oncology
26163,Michigan,Neurology,Neurological Disorders,55597,102,13749,141736.0,545.0686274509804,637.0,906.5174241117586,0.8556807338319944,MODERATE GAP,4.66,26163|Neurology
26163,Michigan,Psychiatry,Mental Health Disorders,329564,150,8028,42190.0,2197.093333333333,3104.5,4291.15957060345,0.7077124604069361,MODERATE GAP,3.85,26163|Psychiatry
26163,Michigan,Pulmonary,Respiratory Disease,281335,62,13932,51574.0,4537.6612903225805,4251.578947368421,5741.879971570142,1.0672884936386362,HIGH GAP,5.81,26163|Pulmonary
26163,Michigan,Rheumatology,Arthritis,376453,15,2507,83150.0,25096.866666666665,10453.0,13315.598760659872,2.4009247743869384,CRITICAL GAP,13.07,26163|Rheumatology
26165,Michigan,Cardiology,Heart Disease,20408,0,0,0.0,0.0,10823.136363636364,15071.056217261126,0.0,NO PROVIDER,100.0,26165|Cardiology
26165,Michigan,Endocrinology,Diabetes,13337,0,0,0.0,0.0,18070.0,22988.768286620067,0.0,NO PROVIDER,100.0,26165|Endocrinology
26165,Michigan,Oncology,Cancer,2348,0,0,0.0,0.0,2055.6666666666665,2642.926682217817,0.0,NO PROVIDER,100.0,26165|Oncology
26165,Michigan,Neurology,Neurological Disorders,963,0,0,0.0,0.0,637.0,906.5174241117586,0.0,NO PROVIDER,100.0,26165|Neurology
26165,Michigan,Psychiatry,Mental Health Disorders,7572,1,47,171.0,7572.0,3104.5,4291.15957060345,2.43904010307618,CRITICAL GAP,13.28,26165|Psychiatry
26165,Michigan,Pulmonary,Respiratory Disease,5554,1,318,777.0,5554.0,4251.578947368421,5741.879971570142,1.3063382025253776,HIGH GAP,7.11,26165|Pulmonary
26165,Michigan,Rheumatology,Arthritis,7876,0,0,0.0,0.0,10453.0,13315.598760659872,0.0,NO PROVIDER,100.0,26165|Rheumatology
37001,North Carolina,Cardiology,Heart Disease,103566,11,5965,16974.0,9415.09090909091,10823.136363636364,15071.056217261126,0.8699041195418905,MODERATE GAP,4.74,37001|Cardiology
37001,North Carolina,Endocrinology,Diabetes,70139,4,1098,19864.0,17534.75,18070.0,22988.768286620067,0.9703790813503044,MODERATE GAP,5.28,37001|Endocrinology
37001,North Carolina,Oncology,Cancer,10210,8,1345,4211.0,1276.25,2055.6666666666665,2642.926682217817,0.6208448191989623,MODERATE GAP,3.38,37001|Oncology
37001,North Carolina,Neurology,Neurological Disorders,4965,3,1039,3817.0,1655.0,637.0,906.5174241117586,2.598116169544741,CRITICAL GAP,14.15,37001|Neurology
37001,North Carolina,Psychiatry,Mental Health Disorders,33986,13,655,4651.0,2614.3076923076924,3104.5,4291.15957060345,0.8421026549549662,MODERATE GAP,4.59,37001|Psychiatry
37001,North Carolina,Pulmonary,Respiratory Disease,24965,3,1650,8993.0,8321.666666666666,4251.578947368421,5741.879971570142,1.9573120409342248,HIGH GAP,10.66,37001|Pulmonary
37001,North Carolina,Rheumatology,Arthritis,36923,2,577,117976.0,18461.5,10453.0,13315.598760659872,1.766143690806467,HIGH GAP,9.62,37001|Rheumatology
37003,North Carolina,Cardiology,Heart Disease,23033,0,0,0.0,0.0,10823.136363636364,15071.056217261126,0.0,NO PROVIDER,100.0,37003|Cardiology
37003,North Carolina,Endocrinology,Diabetes,14010,0,0,0.0,0.0,18070.0,22988.768286620067,0.0,NO PROVIDER,100.0,37003|Endocrinology
37003,North Carolina,Oncology,Cancer,2421,0,0,0.0,0.0,2055.6666666666665,2642.926682217817,0.0,NO PROVIDER,100.0,37003|Oncology
37003,North Carolina,Neurology,Neurological Disorders,1086,0,0,0.0,0.0,637.0,906.5174241117586,0.0,NO PROVIDER,100.0,37003|Neurology
37003,North Carolina,Psychiatry,Mental Health Disorders,7746,0,0,0.0,0.0,3104.5,4291.15957060345,0.0,NO PROVIDER,100.0,37003|Psychiatry
37003,North Carolina,Pulmonary,Respiratory Disease,5633,0,0,0.0,0.0,4251.578947368421,5741.879971570142,0.0,NO PROVIDER,100.0,37003|Pulmonary
37003,North Carolina,Rheumatology,Arthritis,8201,0,0,0.0,0.0,10453.0,13315.598760659872,0.0,NO PROVIDER,100.0,37003|Rheumatology
37005,North Carolina,Cardiology,Heart Disease,8093,1,245,369.0,8093.0,10823.136363636364,15071.056217261126,0.747749980051153,MODERATE GAP,4.07,37005|Cardiology
37005,North Carolina,Endocrinology,Diabetes,4727,0,0,0.0,0.0,18070.0,22988.768286620067,0.0,NO PROVIDER,100.0,37005|Endocrinology
37005,North Carolina,Oncology,Cancer,877,1,242,2222.0,877.0,2055.6666666666665,2642.926682217817,0.4266255878060646,LOW GAP,2.32,37005|Oncology
37005,North Carolina,Neurology,Neurological Disorders,415,0,0,0.0,0.0,637.0,906.5174241117586,0.0,NO PROVIDER,100.0,37005|Neurology
37005,North Carolina,Psychiatry,Mental Health Disorders,2493,0,0,0.0,0.0,3104.5,4291.15957060345,0.0,NO PROVIDER,100.0,37005|Psychiatry
37005,North Carolina,Pulmonary,Respiratory Disease,1970,0,0,0.0,0.0,4251.578947368421,5741.879971570142,0.0,NO PROVIDER,100.0,37005|Pulmonary
37005,North Carolina,Rheumatology,Arthritis,2913,0,0,0.0,0.0,10453.0,13315.598760659872,0.0,NO PROVIDER,100.0,37005|Rheumatology
37007,North Carolina,Cardiology,Heart Disease,15201,0,0,0.0,0.0,10823.136363636364,15071.056217261126,0.0,NO PROVIDER,100.0,37007|Cardiology
37007,North Carolina,Endocrinology,Diabetes,10364,0,0,0.0,0.0,18070.0,22988.768286620067,0.0,NO PROVIDER,100.0,37007|Endocrinology
37007,North Carolina,Oncology,Cancer,1163,0,0,0.0,0.0,2055.6666666666665,2642.926682217817,0.0,NO PROVIDER,100.0,37007|Oncology
37007,North Carolina,Neurology,Neurological Disorders,883,0,0,0.0,0.0,637.0,906.5174241117586,0.0,NO PROVIDER,100.0,37007|Neurology
37007,North Carolina,Psychiatry,Mental Health Disorders,4172,0,0,0.0,0.0,3104.5,4291.15957060345,0.0,NO PROVIDER,100.0,37007|Psychiatry
37007,North Carolina,Pulmonary,Respiratory Disease,3796,0,0,0.0,0.0,4251.578947368421,5741.879971570142,0.0,NO PROVIDER,100.0,37007|Pulmonary
37007,North Carolina,Rheumatology,Arthritis,5117,0,0,0.0,0.0,10453.0,13315.598760659872,0.0,NO PROVIDER,100.0,37007|Rheumatology
37009,North Carolina,Cardiology,Heart Disease,18781,4,3753,9499.0,4695.25,10823.136363636364,15071.056217261126,0.4338160254337299,LOW GAP,2.36,37009|Cardiology
37009,North Carolina,Endocrinology,Diabetes,10906,0,0,0.0,0.0,18070.0,22988.768286620067,0.0,NO PROVIDER,100.0,37009|Endocrinology
37009,North Carolina,Oncology,Cancer,2127,1,18,22.0,2127.0,2055.6666666666665,2642.926682217817,1.0347008269823257,HIGH GAP,5.63,37009|Oncology
37009,North Carolina,Neurology,Neurological Disorders,882,0,0,0.0,0.0,637.0,906.5174241117586,0.0,NO PROVIDER,100.0,37009|Neurology
37009,North Carolina,Psychiatry,Mental Health Disorders,5974,2,90,299.0,2987.0,3104.5,4291.15957060345,0.9621517152520536,MODERATE GAP,5.24,37009|Psychiatry
37009,North Carolina,Pulmonary,Respiratory Disease,4390,0,0,0.0,0.0,4251.578947368421,5741.879971570142,0.0,NO PROVIDER,100.0,37009|Pulmonary
37009,North Carolina,Rheumatology,Arthritis,6822,0,0,0.0,0.0,10453.0,13315.598760659872,0.0,NO PROVIDER,100.0,37009|Rheumatology
37011,North Carolina,Cardiology,Heart Disease,11956,0,0,0.0,0.0,10823.136363636364,15071.056217261126,0.0,NO PROVIDER,100.0,37011|Cardiology
37011,North Carolina,Endocrinology,Diabetes,7326,0,0,0.0,0.0,18070.0,22988.768286620067,0.0,NO PROVIDER,100.0,37011|Endocrinology
37011,North Carolina,Oncology,Cancer,1298,0,0,0.0,0.0,2055.6666666666665,2642.926682217817,0.0,NO PROVIDER,100.0,37011|Oncology
37011,North Carolina,Neurology,Neurological Disorders,555,0,0,0.0,0.0,637.0,906.5174241117586,0.0,NO PROVIDER,100.0,37011|Neurology
37011,North Carolina,Psychiatry,Mental Health Disorders,3873,4,154,534.0,968.25,3104.5,4291.15957060345,0.3118859719761636,LOW GAP,1.7,37011|Psychiatry
37011,North Carolina,Pulmonary,Respiratory Disease,2837,0,0,0.0,0.0,4251.578947368421,5741.879971570142,0.0,NO PROVIDER,100.0,37011|Pulmonary
37011,North Carolina,Rheumatology,Arthritis,4256,0,0,0.0,0.0,10453.0,13315.598760659872,0.0,NO PROVIDER,100.0,37011|Rheumatology
37013,North Carolina,Cardiology,Heart Disease,30350,0,0,0.0,0.0,10823.136363636364,15071.056217261126,0.0,NO PROVIDER,100.0,37013|Cardiology
37013,North Carolina,Endocrinology,Diabetes,18113,0,0,0.0,0.0,18070.0,22988.768286620067,0.0,NO PROVIDER,100.0,37013|Endocrinology
37013,North Carolina,Oncology,Cancer,2983,1,0,0.0,2983.0,2055.6666666666665,2642.926682217817,1.4511107507702288,HIGH GAP,7.9,37013|Oncology
37013,North Carolina,Neurology,Neurological Disorders,1545,0,0,0.0,0.0,637.0,906.5174241117586,0.0,NO PROVIDER,100.0,37013|Neurology
37013,North Carolina,Psychiatry,Mental Health Disorders,8949,4,154,581.0,2237.25,3104.5,4291.15957060345,0.7206474472539861,MODERATE GAP,3.92,37013|Psychiatry
37013,North Carolina,Pulmonary,Respiratory Disease,7206,1,257,1124.0,7206.0,4251.578947368421,5741.879971570142,1.6948997276553603,HIGH GAP,9.23,37013|Pulmonary
37013,North Carolina,Rheumatology,Arthritis,10782,0,0,0.0,0.0,10453.0,13315.598760659872,0.0,NO PROVIDER,100.0,37013|Rheumatology
37015,North Carolina,Cardiology,Heart Disease,12743,0,0,0.0,0.0,10823.136363636364,15071.056217261126,0.0,NO PROVIDER,100.0,37015|Cardiology
37015,North Carolina,Endocrinology,Diabetes,8509,0,0,0.0,0.0,18070.0,22988.768286620067,0.0,NO PROVIDER,100.0,37015|Endocrinology
37015,North Carolina,Oncology,Cancer,953,0,0,0.0,0.0,2055.6666666666665,2642.926682217817,0.0,NO PROVIDER,100.0,37015|Oncology
37015,North Carolina,Neurology,Neurological Disorders,769,0,0,0.0,0.0,637.0,906.5174241117586,0.0,NO PROVIDER,100.0,37015|Neurology
37015,North Carolina,Psychiatry,Mental Health Disorders,3154,0,0,0.0,0.0,3104.5,4291.15957060345,0.0,NO PROVIDER,100.0,37015|Psychiatry
37015,North Carolina,Pulmonary,Respiratory Disease,3041,0,0,0.0,0.0,4251.578947368421,5741.879971570142,0.0,NO PROVIDER,100.0,37015|Pulmonary
37015,North Carolina,Rheumatology,Arthritis,4227,0,0,0.0,0.0,10453.0,13315.598760659872,0.0,NO PROVIDER,100.0,37015|Rheumatology
37017,North Carolina,Cardiology,Heart Disease,20217,0,0,0.0,0.0,10823.136363636364,15071.056217261126,0.0,NO PROVIDER,100.0,37017|Cardiology
37017,North Carolina,Endocrinology,Diabetes,13092,0,0,0.0,0.0,18070.0,22988.768286620067,0.0,NO PROVIDER,100.0,37017|Endocrinology
37017,North Carolina,Oncology,Cancer,1790,0,0,0.0,0.0,2055.6666666666665,2642.926682217817,0.0,NO PROVIDER,100.0,37017|Oncology
37017,North Carolina,Neurology,Neurological Disorders,1088,0,0,0.0,0.0,637.0,906.5174241117586,0.0,NO PROVIDER,100.0,37017|Neurology
37017,North Carolina,Psychiatry,Mental Health Disorders,5850,0,0,0.0,0.0,3104.5,4291.15957060345,0.0,NO PROVIDER,100.0,37017|Psychiatry
37017,North Carolina,Pulmonary,Respiratory Disease,4821,0,0,0.0,0.0,4251.578947368421,5741.879971570142,0.0,NO PROVIDER,100.0,37017|Pulmonary
37017,North Carolina,Rheumatology,Arthritis,6880,0,0,0.0,0.0,10453.0,13315.598760659872,0.0,NO PROVIDER,100.0,37017|Rheumatology
37019,North Carolina,Cardiology,Heart Disease,109384,1,327,1517.0,109384.0,10823.136363636364,15071.056217261126,10.10649744444771,CRITICAL GAP,55.03,37019|Cardiology
37019,North Carolina,Endocrinology,Diabetes,60761,1,577,1503.0,60761.0,18070.0,22988.768286620067,3.362534587714444,CRITICAL GAP,18.31,37019|Endocrinology
37019,North Carolina,Oncology,Cancer,13587,0,0,0.0,0.0,2055.6666666666665,2642.926682217817,0.0,NO PROVIDER,100.0,37019|Oncology
37019,North Carolina,Neurology,Neurological Disorders,4897,1,349,2038.0,4897.0,637.0,906.5174241117586,7.687598116169545,CRITICAL GAP,41.86,37019|Neurology
37019,North Carolina,Psychiatry,Mental Health Disorders,34070,3,59,157.0,11356.666666666666,3104.5,4291.15957060345,3.658130670532023,CRITICAL GAP,19.92,37019|Psychiatry
37019,North Carolina,Pulmonary,Respiratory Disease,24345,2,331,3795.0,12172.5,4251.578947368421,5741.879971570142,2.86305397375588,CRITICAL GAP,15.59,37019|Pulmonary
37019,North Carolina,Rheumatology,Arthritis,41243,1,696,419241.0,41243.0,10453.0,13315.598760659872,3.9455658662584905,CRITICAL GAP,21.48,37019|Rheumatology
37021,North Carolina,Cardiology,Heart Disease,164788,21,20509,45411.0,7847.047619047619,10823.136363636364,15071.056217261126,0.7250252935380335,MODERATE GAP,3.95,37021|Cardiology
37021,North Carolina,Endocrinology,Diabetes,93661,8,3397,59271.0,11707.625,18070.0,22988.768286620067,0.6479039845047039,MODERATE GAP,3.53,37021|Endocrinology
37021,North Carolina,Oncology,Cancer,19688,11,8902,1200745.0,1789.8181818181818,2055.6666666666665,2642.926682217817,0.8706752951928889,MODERATE GAP,4.74,37021|Oncology
37021,North Carolina,Neurology,Neurological Disorders,7056,11,4605,313795.0,641.4545454545455,637.0,906.5174241117586,1.006993006993007,HIGH GAP,5.48,37021|Neurology
37021,North Carolina,Psychiatry,Mental Health Disorders,57585,40,1478,9934.0,1439.625,3104.5,4291.15957060345,0.4637220164277661,LOW GAP,2.52,37021|Psychiatry
37021,North Carolina,Pulmonary,Respiratory Disease,38010,19,7070,18731.0,2000.5263157894735,4251.578947368421,5741.879971570142,0.4705372616984402,LOW GAP,2.56,37021|Pulmonary
37021,North Carolina,Rheumatology,Arthritis,57471,6,2916,1029586.0,9578.5,10453.0,13315.598760659872,0.916339806754042,MODERATE GAP,4.99,37021|Rheumatology
37023,North Carolina,Cardiology,Heart Disease,57472,4,4464,9011.0,14368.0,10823.136363636364,15071.056217261126,1.3275264689700934,HIGH GAP,7.23,37023|Cardiology
37023,North Carolina,Endocrinology,Diabetes,35451,0,0,0.0,0.0,18070.0,22988.768286620067,0.0,NO PROVIDER,100.0,37023|Endocrinology
37023,North Carolina,Oncology,Cancer,5993,1,184,368.0,5993.0,2055.6666666666665,2642.926682217817,2.9153559267066647,CRITICAL GAP,15.87,37023|Oncology
37023,North Carolina,Neurology,Neurological Disorders,2816,2,715,2423.0,1408.0,637.0,906.5174241117586,2.2103610675039245,CRITICAL GAP,12.03,37023|Neurology
37023,North Carolina,Psychiatry,Mental Health Disorders,19314,4,133,3132.0,4828.5,3104.5,4291.15957060345,1.555322918344339,HIGH GAP,8.47,37023|Psychiatry
37023,North Carolina,Pulmonary,Respiratory Disease,14260,1,127,305.0,14260.0,4251.578947368421,5741.879971570142,3.3540480316910126,CRITICAL GAP,18.26,37023|Pulmonary
37023,North Carolina,Rheumatology,Arthritis,20830,0,0,0.0,0.0,10453.0,13315.598760659872,0.0,NO PROVIDER,100.0,37023|Rheumatology
37025,North Carolina,Cardiology,Heart Disease,129104,29,25846,167924.0,4451.862068965517,10823.136363636364,15071.056217261126,0.4113282803978068,LOW GAP,2.24,37025|Cardiology
37025,North Carolina,Endocrinology,Diabetes,78111,6,1691,23528.0,13018.5,18070.0,22988.768286620067,0.720448256779192,MODERATE GAP,3.92,37025|Endocrinology
37025,North Carolina,Oncology,Cancer,12523,8,1574,3966.0,1565.375,2055.6666666666665,2642.926682217817,0.7614926220204313,MODERATE GAP,4.15,37025|Oncology
37025,North Carolina,Neurology,Neurological Disorders,5316,10,2172,89308.0,531.6,637.0,906.5174241117586,0.8345368916797489,MODERATE GAP,4.54,37025|Neurology
37025,North Carolina,Psychiatry,Mental Health Disorders,42344,19,1196,4206.0,2228.6315789473683,3104.5,4291.15957060345,0.7178713412618355,MODERATE GAP,3.91,37025|Psychiatry
37025,North Carolina,Pulmonary,Respiratory Disease,28831,7,1983,7544.0,4118.714285714285,4251.578947368421,5741.879971570142,0.9687493368231176,MODERATE GAP,5.27,37025|Pulmonary
37025,North Carolina,Rheumatology,Arthritis,43605,3,809,133865.0,14535.0,10453.0,13315.598760659872,1.3905099014636946,HIGH GAP,7.57,37025|Rheumatology
37027,North Carolina,Cardiology,Heart Disease,51468,6,6790,30106.0,8578.0,10823.136363636364,15071.056217261126,0.7925613899516608,MODERATE GAP,4.32,37027|Cardiology
37027,North Carolina,Endocrinology,Diabetes,29201,0,0,0.0,0.0,18070.0,22988.768286620067,0.0,NO PROVIDER,100.0,37027|Endocrinology
37027,North Carolina,Oncology,Cancer,5445,1,412,1595.0,5445.0,2055.6666666666665,2642.926682217817,2.648775741851792,CRITICAL GAP,14.42,37027|Oncology
37027,North Carolina,Neurology,Neurological Disorders,2496,1,0,0.0,2496.0,637.0,906.5174241117586,3.918367346938776,CRITICAL GAP,21.33,37027|Neurology
37027,North Carolina,Psychiatry,Mental Health Disorders,17501,1,11,19.0,17501.0,3104.5,4291.15957060345,5.637300692543082,CRITICAL GAP,30.69,37027|Psychiatry
37027,North Carolina,Pulmonary,Respiratory Disease,12802,3,756,2456.0,4267.333333333333,4251.578947368421,5741.879971570142,1.0037055376743418,HIGH GAP,5.46,37027|Pulmonary
37027,North Carolina,Rheumatology,Arthritis,18085,0,0,0.0,0.0,10453.0,13315.598760659872,0.0,NO PROVIDER,100.0,37027|Rheumatology
37029,North Carolina,Cardiology,Heart Disease,6290,0,0,0.0,0.0,10823.136363636364,15071.056217261126,0.0,NO PROVIDER,100.0,37029|Cardiology
37029,North Carolina,Endocrinology,Diabetes,3855,0,0,0.0,0.0,18070.0,22988.768286620067,0.0,NO PROVIDER,100.0,37029|Endocrinology
37029,North Carolina,Oncology,Cancer,679,0,0,0.0,0.0,2055.6666666666665,2642.926682217817,0.0,NO PROVIDER,100.0,37029|Oncology
37029,North Carolina,Neurology,Neurological Disorders,260,0,0,0.0,0.0,637.0,906.5174241117586,0.0,NO PROVIDER,100.0,37029|Neurology
37029,North Carolina,Psychiatry,Mental Health Disorders,2172,0,0,0.0,0.0,3104.5,4291.15957060345,0.0,NO PROVIDER,100.0,37029|Psychiatry
37029,North Carolina,Pulmonary,Respiratory Disease,1436,0,0,0.0,0.0,4251.578947368421,5741.879971570142,0.0,NO PROVIDER,100.0,37029|Pulmonary
37029,North Carolina,Rheumatology,Arthritis,2228,0,0,0.0,0.0,10453.0,13315.598760659872,0.0,NO PROVIDER,100.0,37029|Rheumatology
37031,North Carolina,Cardiology,Heart Disease,45469,3,788,1433.0,15156.333333333334,10823.136363636364,15071.056217261126,1.400364258945833,HIGH GAP,7.62,37031|Cardiology
37031,North Carolina,Endocrinology,Diabetes,25812,1,1185,24923.0,25812.0,18070.0,22988.768286620067,1.4284449363586054,HIGH GAP,7.78,37031|Endocrinology
37031,North Carolina,Oncology,Cancer,5459,2,56,56.0,2729.5,2055.6666666666665,2642.926682217817,1.327793092265283,HIGH GAP,7.23,37031|Oncology
37031,North Carolina,Neurology,Neurological Disorders,1974,0,0,0.0,0.0,637.0,906.5174241117586,0.0,NO PROVIDER,100.0,37031|Neurology
37031,North Carolina,Psychiatry,Mental Health Disorders,14634,0,0,0.0,0.0,3104.5,4291.15957060345,0.0,NO PROVIDER,100.0,37031|Psychiatry
37031,North Carolina,Pulmonary,Respiratory Disease,10162,1,867,2504.0,10162.0,4251.578947368421,5741.879971570142,2.390170834364942,CRITICAL GAP,13.01,37031|Pulmonary
37031,North Carolina,Rheumatology,Arthritis,16260,1,85,411.0,16260.0,10453.0,13315.598760659872,1.555534296374247,HIGH GAP,8.47,37031|Rheumatology
37033,North Carolina,Cardiology,Heart Disease,15440,0,0,0.0,0.0,10823.136363636364,15071.056217261126,0.0,NO PROVIDER,100.0,37033|Cardiology
37033,North Carolina,Endocrinology,Diabetes,9832,0,0,0.0,0.0,18070.0,22988.768286620067,0.0,NO PROVIDER,100.0,37033|Endocrinology
37033,North Carolina,Oncology,Cancer,1383,0,0,0.0,0.0,2055.6666666666665,2642.926682217817,0.0,NO PROVIDER,100.0,37033|Oncology
37033,North Carolina,Neurology,Neurological Disorders,817,0,0,0.0,0.0,637.0,906.5174241117586,0.0,NO PROVIDER,100.0,37033|Neurology
37033,North Carolina,Psychiatry,Mental Health Disorders,4494,1,0,0.0,4494.0,3104.5,4291.15957060345,1.447576099210823,HIGH GAP,7.88,37033|Psychiatry
37033,North Carolina,Pulmonary,Respiratory Disease,3676,0,0,0.0,0.0,4251.578947368421,5741.879971570142,0.0,NO PROVIDER,100.0,37033|Pulmonary
37033,North Carolina,Rheumatology,Arthritis,5320,0,0,0.0,0.0,10453.0,13315.598760659872,0.0,NO PROVIDER,100.0,37033|Rheumatology
37035,North Carolina,Cardiology,Heart Disease,99183,12,7835,19405.0,8265.25,10823.136363636364,15071.056217261126,0.7636649601653024,MODERATE GAP,4.16,37035|Cardiology
37035,North Carolina,Endocrinology,Diabetes,62628,3,709,9029.0,20876.0,18070.0,22988.768286620067,1.1552850027670172,HIGH GAP,6.29,37035|Endocrinology
37035,North Carolina,Oncology,Cancer,10352,2,1028,177216.0,5176.0,2055.6666666666665,2642.926682217817,2.5179179503810607,CRITICAL GAP,13.71,37035|Oncology
37035,North Carolina,Neurology,Neurological Disorders,4400,4,1004,2331.0,1100.0,637.0,906.5174241117586,1.7268445839874411,HIGH GAP,9.4,37035|Neurology
37035,North Carolina,Psychiatry,Mental Health Disorders,33838,12,674,3928.0,2819.833333333333,3104.5,4291.15957060345,0.908305148440436,MODERATE GAP,4.95,37035|Psychiatry
37035,North Carolina,Pulmonary,Respiratory Disease,23163,9,2289,7732.0,2573.6666666666665,4251.578947368421,5741.879971570142,0.6053437319468515,MODERATE GAP,3.3,37035|Pulmonary
37035,North Carolina,Rheumatology,Arthritis,34032,4,1007,397141.0,8508.0,10453.0,13315.598760659872,0.8139290155936095,MODERATE GAP,4.43,37035|Rheumatology
37037,North Carolina,Cardiology,Heart Disease,51127,0,0,0.0,0.0,10823.136363636364,15071.056217261126,0.0,NO PROVIDER,100.0,37037|Cardiology
37037,North Carolina,Endocrinology,Diabetes,27317,1,266,577.0,27317.0,18070.0,22988.768286620067,1.511732152739347,HIGH GAP,8.23,37037|Endocrinology
37037,North Carolina,Oncology,Cancer,5853,0,0,0.0,0.0,2055.6666666666665,2642.926682217817,0.0,NO PROVIDER,100.0,37037|Oncology
37037,North Carolina,Neurology,Neurological Disorders,2249,0,0,0.0,0.0,637.0,906.5174241117586,0.0,NO PROVIDER,100.0,37037|Neurology
37037,North Carolina,Psychiatry,Mental Health Disorders,15246,4,85,813.0,3811.5,3104.5,4291.15957060345,1.2277339346110483,HIGH GAP,6.68,37037|Psychiatry
37037,North Carolina,Pulmonary,Respiratory Disease,10979,1,178,1223.0,10979.0,4251.578947368421,5741.879971570142,2.582334736320872,CRITICAL GAP,14.06,37037|Pulmonary
37037,North Carolina,Rheumatology,Arthritis,18023,0,0,0.0,0.0,10453.0,13315.598760659872,0.0,NO PROVIDER,100.0,37037|Rheumatology
37039,North Carolina,Cardiology,Heart Disease,21480,3,1158,5393.0,7160.0,10823.136363636364,15071.056217261126,0.6615457626549185,MODERATE GAP,3.6,37039|Cardiology
37039,North Carolina,Endocrinology,Diabetes,11955,0,0,0.0,0.0,18070.0,22988.768286620067,0.0,NO PROVIDER,100.0,37039|Endocrinology
37039,North Carolina,Oncology,Cancer,2469,0,0,0.0,0.0,2055.6666666666665,2642.926682217817,0.0,NO PROVIDER,100.0,37039|Oncology
37039,North Carolina,Neurology,Neurological Disorders,1046,0,0,0.0,0.0,637.0,906.5174241117586,0.0,NO PROVIDER,100.0,37039|Neurology
37039,North Carolina,Psychiatry,Mental Health Disorders,6790,0,0,0.0,0.0,3104.5,4291.15957060345,0.0,NO PROVIDER,100.0,37039|Psychiatry
37039,North Carolina,Pulmonary,Respiratory Disease,5039,0,0,0.0,0.0,4251.578947368421,5741.879971570142,0.0,NO PROVIDER,100.0,37039|Pulmonary
37039,North Carolina,Rheumatology,Arthritis,7861,0,0,0.0,0.0,10453.0,13315.598760659872,0.0,NO PROVIDER,100.0,37039|Rheumatology
37041,North Carolina,Cardiology,Heart Disease,9699,0,0,0.0,0.0,10823.136363636364,15071.056217261126,0.0,NO PROVIDER,100.0,37041|Cardiology
37041,North Carolina,Endocrinology,Diabetes,6146,0,0,0.0,0.0,18070.0,22988.768286620067,0.0,NO PROVIDER,100.0,37041|Endocrinology
37041,North Carolina,Oncology,Cancer,895,0,0,0.0,0.0,2055.6666666666665,2642.926682217817,0.0,NO PROVIDER,100.0,37041|Oncology
37041,North Carolina,Neurology,Neurological Disorders,523,0,0,0.0,0.0,637.0,906.5174241117586,0.0,NO PROVIDER,100.0,37041|Neurology
37041,North Carolina,Psychiatry,Mental Health Disorders,2725,1,0,0.0,2725.0,3104.5,4291.15957060345,0.8777580930906749,MODERATE GAP,4.78,37041|Psychiatry
37041,North Carolina,Pulmonary,Respiratory Disease,2313,0,0,0.0,0.0,4251.578947368421,5741.879971570142,0.0,NO PROVIDER,100.0,37041|Pulmonary
37041,North Carolina,Rheumatology,Arthritis,3337,0,0,0.0,0.0,10453.0,13315.598760659872,0.0,NO PROVIDER,100.0,37041|Rheumatology
37043,North Carolina,Cardiology,Heart Disease,8377,0,0,0.0,0.0,10823.136363636364,15071.056217261126,0.0,NO PROVIDER,100.0,37043|Cardiology
37043,North Carolina,Endocrinology,Diabetes,4752,0,0,0.0,0.0,18070.0,22988.768286620067,0.0,NO PROVIDER,100.0,37043|Endocrinology
37043,North Carolina,Oncology,Cancer,1017,0,0,0.0,0.0,2055.6666666666665,2642.926682217817,0.0,NO PROVIDER,100.0,37043|Oncology
37043,North Carolina,Neurology,Neurological Disorders,393,0,0,0.0,0.0,637.0,906.5174241117586,0.0,NO PROVIDER,100.0,37043|Neurology
37043,North Carolina,Psychiatry,Mental Health Disorders,2648,1,22,23.0,2648.0,3104.5,4291.15957060345,0.8529553873409567,MODERATE GAP,4.64,37043|Psychiatry
37043,North Carolina,Pulmonary,Respiratory Disease,1923,0,0,0.0,0.0,4251.578947368421,5741.879971570142,0.0,NO PROVIDER,100.0,37043|Pulmonary
37043,North Carolina,Rheumatology,Arthritis,3051,0,0,0.0,0.0,10453.0,13315.598760659872,0.0,NO PROVIDER,100.0,37043|Rheumatology
37045,North Carolina,Cardiology,Heart Disease,63744,2,3288,14912.0,31872.0,10823.136363636364,15071.056217261126,2.944802590410274,CRITICAL GAP,16.03,37045|Cardiology
37045,North Carolina,Endocrinology,Diabetes,40184,2,239,528.0,20092.0,18070.0,22988.768286620067,1.1118981737686773,HIGH GAP,6.05,37045|Endocrinology
37045,North Carolina,Oncology,Cancer,6106,1,63,69.0,6106.0,2055.6666666666665,2642.926682217817,2.970325928328198,CRITICAL GAP,16.17,37045|Oncology
37045,North Carolina,Neurology,Neurological Disorders,3152,0,0,0.0,0.0,637.0,906.5174241117586,0.0,NO PROVIDER,100.0,37045|Neurology
37045,North Carolina,Psychiatry,Mental Health Disorders,20801,1,167,388.0,20801.0,3104.5,4291.15957060345,6.700273796102432,CRITICAL GAP,36.48,37045|Psychiatry
37045,North Carolina,Pulmonary,Respiratory Disease,15680,1,12,27.0,15680.0,4251.578947368421,5741.879971570142,3.688041594454073,CRITICAL GAP,20.08,37045|Pulmonary
37045,North Carolina,Rheumatology,Arthritis,22180,0,0,0.0,0.0,10453.0,13315.598760659872,0.0,NO PROVIDER,100.0,37045|Rheumatology
37047,North Carolina,Cardiology,Heart Disease,33728,0,0,0.0,0.0,10823.136363636364,15071.056217261126,0.0,NO PROVIDER,100.0,37047|Cardiology
37047,North Carolina,Endocrinology,Diabetes,22015,1,24,37.0,22015.0,18070.0,22988.768286620067,1.2183176535694522,HIGH GAP,6.63,37047|Endocrinology
37047,North Carolina,Oncology,Cancer,2963,1,288,710.0,2963.0,2055.6666666666665,2642.926682217817,1.4413815469434086,HIGH GAP,7.85,37047|Oncology
37047,North Carolina,Neurology,Neurological Disorders,1810,0,0,0.0,0.0,637.0,906.5174241117586,0.0,NO PROVIDER,100.0,37047|Neurology
37047,North Carolina,Psychiatry,Mental Health Disorders,9924,1,0,0.0,9924.0,3104.5,4291.15957060345,3.19665002415848,CRITICAL GAP,17.4,37047|Psychiatry
37047,North Carolina,Pulmonary,Respiratory Disease,8352,0,0,0.0,0.0,4251.578947368421,5741.879971570142,0.0,NO PROVIDER,100.0,37047|Pulmonary
37047,North Carolina,Rheumatology,Arthritis,11614,0,0,0.0,0.0,10453.0,13315.598760659872,0.0,NO PROVIDER,100.0,37047|Rheumatology
37049,North Carolina,Cardiology,Heart Disease,62281,10,12870,61112.0,6228.1,10823.136363636364,15071.056217261126,0.5754431793842316,MODERATE GAP,3.13,37049|Cardiology
37049,North Carolina,Endocrinology,Diabetes,39289,1,1639,27395.0,39289.0,18070.0,22988.768286620067,2.174266740453791,CRITICAL GAP,11.84,37049|Endocrinology
37049,North Carolina,Oncology,Cancer,6293,0,0,0.0,0.0,2055.6666666666665,2642.926682217817,0.0,NO PROVIDER,100.0,37049|Oncology
37049,North Carolina,Neurology,Neurological Disorders,2904,3,1118,40739.0,968.0,637.0,906.5174241117586,1.5196232339089482,HIGH GAP,8.27,37049|Neurology
37049,North Carolina,Psychiatry,Mental Health Disorders,20007,4,373,2068.0,5001.75,3104.5,4291.15957060345,1.6111290062812047,HIGH GAP,8.77,37049|Psychiatry
37049,North Carolina,Pulmonary,Respiratory Disease,14683,2,1922,27414.0,7341.5,4251.578947368421,5741.879971570142,1.7267702401584553,HIGH GAP,9.4,37049|Pulmonary
37049,North Carolina,Rheumatology,Arthritis,21863,2,1808,47061.0,10931.5,10453.0,13315.598760659872,1.0457763321534488,HIGH GAP,5.69,37049|Rheumatology
37051,North Carolina,Cardiology,Heart Disease,191743,17,10530,49191.0,11279.0,10823.136363636364,15071.056217261126,1.042119365500674,HIGH GAP,5.67,37051|Cardiology
37051,North Carolina,Endocrinology,Diabetes,133892,4,1736,10023.0,33473.0,18070.0,22988.768286620067,1.8524073049252905,HIGH GAP,10.09,37051|Endocrinology
37051,North Carolina,Oncology,Cancer,15158,5,954,39610.0,3031.6,2055.6666666666665,2642.926682217817,1.4747527160694016,HIGH GAP,8.03,37051|Oncology
37051,North Carolina,Neurology,Neurological Disorders,9221,14,2643,55292.0,658.6428571428571,637.0,906.5174241117586,1.0339762278537787,HIGH GAP,5.63,37051|Neurology
37051,North Carolina,Psychiatry,Mental Health Disorders,62904,20,1079,3344.0,3145.2,3104.5,4291.15957060345,1.0131100016105652,HIGH GAP,5.52,37051|Psychiatry
37051,North Carolina,Pulmonary,Respiratory Disease,45473,6,1886,18076.0,7578.833333333333,4251.578947368421,5741.879971570142,1.782592638441859,HIGH GAP,9.71,37051|Pulmonary
37051,North Carolina,Rheumatology,Arthritis,64420,2,718,229758.0,32210.0,10453.0,13315.598760659872,3.081412034822539,CRITICAL GAP,16.78,37051|Rheumatology
37053,North Carolina,Cardiology,Heart Disease,17725,0,0,0.0,0.0,10823.136363636364,15071.056217261126,0.0,NO PROVIDER,100.0,37053|Cardiology
37053,North Carolina,Endocrinology,Diabetes,10759,0,0,0.0,0.0,18070.0,22988.768286620067,0.0,NO PROVIDER,100.0,37053|Endocrinology
37053,North Carolina,Oncology,Cancer,2019,0,0,0.0,0.0,2055.6666666666665,2642.926682217817,0.0,NO PROVIDER,100.0,37053|Oncology
37053,North Carolina,Neurology,Neurological Disorders,726,0,0,0.0,0.0,637.0,906.5174241117586,0.0,NO PROVIDER,100.0,37053|Neurology
37053,North Carolina,Psychiatry,Mental Health Disorders,6216,0,0,0.0,0.0,3104.5,4291.15957060345,0.0,NO PROVIDER,100.0,37053|Psychiatry
37053,North Carolina,Pulmonary,Respiratory Disease,4062,0,0,0.0,0.0,4251.578947368421,5741.879971570142,0.0,NO PROVIDER,100.0,37053|Pulmonary
37053,North Carolina,Rheumatology,Arthritis,6302,1,700,2224.0,6302.0,10453.0,13315.598760659872,0.6028891227398833,MODERATE GAP,3.28,37053|Rheumatology
37055,North Carolina,Cardiology,Heart Disease,23504,0,0,0.0,0.0,10823.136363636364,15071.056217261126,0.0,NO PROVIDER,100.0,37055|Cardiology
37055,North Carolina,Endocrinology,Diabetes,12893,0,0,0.0,0.0,18070.0,22988.768286620067,0.0,NO PROVIDER,100.0,37055|Endocrinology
37055,North Carolina,Oncology,Cancer,2928,2,330,683.0,1464.0,2055.6666666666665,2642.926682217817,0.7121777201232367,MODERATE GAP,3.88,37055|Oncology
37055,North Carolina,Neurology,Neurological Disorders,945,0,0,0.0,0.0,637.0,906.5174241117586,0.0,NO PROVIDER,100.0,37055|Neurology
37055,North Carolina,Psychiatry,Mental Health Disorders,7887,0,0,0.0,0.0,3104.5,4291.15957060345,0.0,NO PROVIDER,100.0,37055|Psychiatry
37055,North Carolina,Pulmonary,Respiratory Disease,5101,0,0,0.0,0.0,4251.578947368421,5741.879971570142,0.0,NO PROVIDER,100.0,37055|Pulmonary
37055,North Carolina,Rheumatology,Arthritis,8328,0,0,0.0,0.0,10453.0,13315.598760659872,0.0,NO PROVIDER,100.0,37055|Rheumatology
37057,North Carolina,Cardiology,Heart Disease,105826,3,274,378.0,35275.333333333336,10823.136363636364,15071.056217261126,3.2592524152104008,CRITICAL GAP,17.75,37057|Cardiology
37057,North Carolina,Endocrinology,Diabetes,65377,1,138,367.0,65377.0,18070.0,22988.768286620067,3.6179856115107913,CRITICAL GAP,19.7,37057|Endocrinology
37057,North Carolina,Oncology,Cancer,11056,5,777,4089.0,2211.2,2055.6666666666665,2642.926682217817,1.075660775093238,HIGH GAP,5.86,37057|Oncology
37057,North Carolina,Neurology,Neurological Disorders,5082,1,183,222.0,5082.0,637.0,906.5174241117586,7.978021978021978,CRITICAL GAP,43.44,37057|Neurology
37057,North Carolina,Psychiatry,Mental Health Disorders,35916,11,382,1264.0,3265.090909090909,3104.5,4291.15957060345,1.0517284294059943,HIGH GAP,5.73,37057|Psychiatry
37057,North Carolina,Pulmonary,Respiratory Disease,26096,3,545,824.0,8698.666666666666,4251.578947368421,5741.879971570142,2.045984979780474,CRITICAL GAP,11.14,37057|Pulmonary
37057,North Carolina,Rheumatology,Arthritis,37701,0,0,0.0,0.0,10453.0,13315.598760659872,0.0,NO PROVIDER,100.0,37057|Rheumatology
37059,North Carolina,Cardiology,Heart Disease,27212,1,1782,2929.0,27212.0,10823.136363636364,15071.056217261126,2.514243476727045,CRITICAL GAP,13.69,37059|Cardiology
37059,North Carolina,Endocrinology,Diabetes,15580,0,0,0.0,0.0,18070.0,22988.768286620067,0.0,NO PROVIDER,100.0,37059|Endocrinology
37059,North Carolina,Oncology,Cancer,3045,0,0,0.0,0.0,2055.6666666666665,2642.926682217817,0.0,NO PROVIDER,100.0,37059|Oncology
37059,North Carolina,Neurology,Neurological Disorders,1204,3,1006,2364.0,401.3333333333333,637.0,906.5174241117586,0.63003663003663,MODERATE GAP,3.43,37059|Neurology
37059,North Carolina,Psychiatry,Mental Health Disorders,9082,0,0,0.0,0.0,3104.5,4291.15957060345,0.0,NO PROVIDER,100.0,37059|Psychiatry
37059,North Carolina,Pulmonary,Respiratory Disease,6197,0,0,0.0,0.0,4251.578947368421,5741.879971570142,0.0,NO PROVIDER,100.0,37059|Pulmonary
37059,North Carolina,Rheumatology,Arthritis,9808,0,0,0.0,0.0,10453.0,13315.598760659872,0.0,NO PROVIDER,100.0,37059|Rheumatology
37061,North Carolina,Cardiology,Heart Disease,31183,0,0,0.0,0.0,10823.136363636364,15071.056217261126,0.0,NO PROVIDER,100.0,37061|Cardiology
37061,North Carolina,Endocrinology,Diabetes,20198,0,0,0.0,0.0,18070.0,22988.768286620067,0.0,NO PROVIDER,100.0,37061|Endocrinology
37061,North Carolina,Oncology,Cancer,2732,1,144,391.0,2732.0,2055.6666666666665,2642.926682217817,1.3290092427436355,HIGH GAP,7.24,37061|Oncology
37061,North Carolina,Neurology,Neurological Disorders,1658,0,0,0.0,0.0,637.0,906.5174241117586,0.0,NO PROVIDER,100.0,37061|Neurology
37061,North Carolina,Psychiatry,Mental Health Disorders,9006,2,146,766.0,4503.0,3104.5,4291.15957060345,1.4504751167659848,HIGH GAP,7.9,37061|Psychiatry
37061,North Carolina,Pulmonary,Respiratory Disease,7442,0,0,0.0,0.0,4251.578947368421,5741.879971570142,0.0,NO PROVIDER,100.0,37061|Pulmonary
37061,North Carolina,Rheumatology,Arthritis,10476,0,0,0.0,0.0,10453.0,13315.598760659872,0.0,NO PROVIDER,100.0,37061|Rheumatology
37063,North Carolina,Cardiology,Heart Disease,188256,42,27315,76010.0,4482.285714285715,10823.136363636364,15071.056217261126,0.414139262750613,LOW GAP,2.25,37063|Cardiology
37063,North Carolina,Endocrinology,Diabetes,126906,12,1796,4230.0,10575.5,18070.0,22988.768286620067,0.5852517985611511,MODERATE GAP,3.19,37063|Endocrinology
37063,North Carolina,Oncology,Cancer,16966,24,2596,10123.0,706.9166666666666,2055.6666666666665,2642.926682217817,0.3438868169288147,LOW GAP,1.87,37063|Oncology
37063,North Carolina,Neurology,Neurological Disorders,8144,56,10917,152079.0,145.42857142857142,637.0,906.5174241117586,0.2283023099349629,LOW GAP,1.24,37063|Neurology
37063,North Carolina,Psychiatry,Mental Health Disorders,62028,64,3298,15101.0,969.1875,3104.5,4291.15957060345,0.312187952971493,LOW GAP,1.7,37063|Psychiatry
37063,North Carolina,Pulmonary,Respiratory Disease,43026,28,7715,20126.0,1536.642857142857,4251.578947368421,5741.879971570142,0.3614287482757401,LOW GAP,1.97,37063|Pulmonary
37063,North Carolina,Rheumatology,Arthritis,58906,20,1922,51119.0,2945.3,10453.0,13315.598760659872,0.2817660001913326,LOW GAP,1.53,37063|Rheumatology
37065,North Carolina,Cardiology,Heart Disease,32550,5,4207,9880.0,6510.0,10823.136363636364,15071.056217261126,0.6014892339222793,MODERATE GAP,3.27,37065|Cardiology
37065,North Carolina,Endocrinology,Diabetes,22535,0,0,0.0,0.0,18070.0,22988.768286620067,0.0,NO PROVIDER,100.0,37065|Endocrinology
37065,North Carolina,Oncology,Cancer,2466,0,0,0.0,0.0,2055.6666666666665,2642.926682217817,0.0,NO PROVIDER,100.0,37065|Oncology
37065,North Carolina,Neurology,Neurological Disorders,1920,3,1259,2769.0,640.0,637.0,906.5174241117586,1.0047095761381477,HIGH GAP,5.47,37065|Neurology
37065,North Carolina,Psychiatry,Mental Health Disorders,8773,1,33,117.0,8773.0,3104.5,4291.15957060345,2.825897890159446,CRITICAL GAP,15.39,37065|Psychiatry
37065,North Carolina,Pulmonary,Respiratory Disease,8115,1,528,1853.0,8115.0,4251.578947368421,5741.879971570142,1.908702649170587,HIGH GAP,10.39,37065|Pulmonary
37065,North Carolina,Rheumatology,Arthritis,11164,0,0,0.0,0.0,10453.0,13315.598760659872,0.0,NO PROVIDER,100.0,37065|Rheumatology
37067,North Carolina,Cardiology,Heart Disease,222901,9,8490,18062.0,24766.777777777777,10823.136363636364,15071.056217261126,2.2883180018861577,CRITICAL GAP,12.46,37067|Cardiology
37067,North Carolina,Endocrinology,Diabetes,161763,13,2708,9146.0,12443.307692307691,18070.0,22988.768286620067,0.6886169171171937,MODERATE GAP,3.75,37067|Endocrinology
37067,North Carolina,Oncology,Cancer,21802,10,1555,5014.0,2180.2,2055.6666666666665,2642.926682217817,1.060580509161667,HIGH GAP,5.77,37067|Oncology
37067,North Carolina,Neurology,Neurological Disorders,10520,50,8543,120027.0,210.4,637.0,906.5174241117586,0.330298273155416,LOW GAP,1.8,37067|Neurology
37067,North Carolina,Psychiatry,Mental Health Disorders,72267,49,2091,10667.0,1474.8367346938776,3104.5,4291.15957060345,0.4750641760972387,LOW GAP,2.59,37067|Psychiatry
37067,North Carolina,Pulmonary,Respiratory Disease,53972,7,3115,53500.0,7710.285714285715,4251.578947368421,5741.879971570142,1.81351112368691,HIGH GAP,9.87,37067|Pulmonary
37067,North Carolina,Rheumatology,Arthritis,75164,8,1677,37824.0,9395.5,10453.0,13315.598760659872,0.8988328709461398,MODERATE GAP,4.89,37067|Rheumatology
37069,North Carolina,Cardiology,Heart Disease,46335,1,1287,4017.0,46335.0,10823.136363636364,15071.056217261126,4.281106552041292,CRITICAL GAP,23.31,37069|Cardiology
37069,North Carolina,Endocrinology,Diabetes,30327,0,0,0.0,0.0,18070.0,22988.768286620067,0.0,NO PROVIDER,100.0,37069|Endocrinology
37069,North Carolina,Oncology,Cancer,4401,0,0,0.0,0.0,2055.6666666666665,2642.926682217817,0.0,NO PROVIDER,100.0,37069|Oncology
37069,North Carolina,Neurology,Neurological Disorders,2171,4,603,1443.0,542.75,637.0,906.5174241117586,0.8520408163265306,MODERATE GAP,4.64,37069|Neurology
37069,North Carolina,Psychiatry,Mental Health Disorders,14983,3,142,633.0,4994.333333333333,3104.5,4291.15957060345,1.60874000107371,HIGH GAP,8.76,37069|Psychiatry
37069,North Carolina,Pulmonary,Respiratory Disease,10852,0,0,0.0,0.0,4251.578947368421,5741.879971570142,0.0,NO PROVIDER,100.0,37069|Pulmonary
37069,North Carolina,Rheumatology,Arthritis,16008,1,52,150.0,16008.0,10453.0,13315.598760659872,1.5314263847699223,HIGH GAP,8.34,37069|Rheumatology
37071,North Carolina,Cardiology,Heart Disease,139832,12,7462,17250.0,11652.666666666666,10823.136363636364,15071.056217261126,1.0766441699669758,HIGH GAP,5.86,37071|Cardiology
37071,North Carolina,Endocrinology,Diabetes,87661,4,1207,10869.0,21915.25,18070.0,22988.768286620067,1.212797454344217,HIGH GAP,6.6,37071|Endocrinology
37071,North Carolina,Oncology,Cancer,13734,5,957,3386.0,2746.8,2055.6666666666665,2642.926682217817,1.3362088535754826,HIGH GAP,7.28,37071|Oncology
37071,North Carolina,Neurology,Neurological Disorders,6360,14,2896,26333.0,454.2857142857143,637.0,906.5174241117586,0.7131643866337743,MODERATE GAP,3.88,37071|Neurology
37071,North Carolina,Psychiatry,Mental Health Disorders,47195,9,633,1930.0,5243.888888888889,3104.5,4291.15957060345,1.6891251051341245,HIGH GAP,9.2,37071|Psychiatry
37071,North Carolina,Pulmonary,Respiratory Disease,33736,11,3111,11068.0,3066.909090909091,4251.578947368421,5741.879971570142,0.7213576717909475,MODERATE GAP,3.93,37071|Pulmonary
37071,North Carolina,Rheumatology,Arthritis,48946,5,739,90994.0,9789.2,10453.0,13315.598760659872,0.936496699512102,MODERATE GAP,5.1,37071|Rheumatology
37073,North Carolina,Cardiology,Heart Disease,6983,0,0,0.0,0.0,10823.136363636364,15071.056217261126,0.0,NO PROVIDER,100.0,37073|Cardiology
37073,North Carolina,Endocrinology,Diabetes,4391,0,0,0.0,0.0,18070.0,22988.768286620067,0.0,NO PROVIDER,100.0,37073|Endocrinology
37073,North Carolina,Oncology,Cancer,644,0,0,0.0,0.0,2055.6666666666665,2642.926682217817,0.0,NO PROVIDER,100.0,37073|Oncology
37073,North Carolina,Neurology,Neurological Disorders,368,0,0,0.0,0.0,637.0,906.5174241117586,0.0,NO PROVIDER,100.0,37073|Neurology
37073,North Carolina,Psychiatry,Mental Health Disorders,2103,0,0,0.0,0.0,3104.5,4291.15957060345,0.0,NO PROVIDER,100.0,37073|Psychiatry
37073,North Carolina,Pulmonary,Respiratory Disease,1668,0,0,0.0,0.0,4251.578947368421,5741.879971570142,0.0,NO PROVIDER,100.0,37073|Pulmonary
37073,North Carolina,Rheumatology,Arthritis,2475,0,0,0.0,0.0,10453.0,13315.598760659872,0.0,NO PROVIDER,100.0,37073|Rheumatology
37075,North Carolina,Cardiology,Heart Disease,5184,0,0,0.0,0.0,10823.136363636364,15071.056217261126,0.0,NO PROVIDER,100.0,37075|Cardiology
37075,North Carolina,Endocrinology,Diabetes,3047,0,0,0.0,0.0,18070.0,22988.768286620067,0.0,NO PROVIDER,100.0,37075|Endocrinology
37075,North Carolina,Oncology,Cancer,580,0,0,0.0,0.0,2055.6666666666665,2642.926682217817,0.0,NO PROVIDER,100.0,37075|Oncology
37075,North Carolina,Neurology,Neurological Disorders,241,0,0,0.0,0.0,637.0,906.5174241117586,0.0,NO PROVIDER,100.0,37075|Neurology
37075,North Carolina,Psychiatry,Mental Health Disorders,1724,0,0,0.0,0.0,3104.5,4291.15957060345,0.0,NO PROVIDER,100.0,37075|Psychiatry
37075,North Carolina,Pulmonary,Respiratory Disease,1251,0,0,0.0,0.0,4251.578947368421,5741.879971570142,0.0,NO PROVIDER,100.0,37075|Pulmonary
37075,North Carolina,Rheumatology,Arthritis,1874,0,0,0.0,0.0,10453.0,13315.598760659872,0.0,NO PROVIDER,100.0,37075|Rheumatology
37077,North Carolina,Cardiology,Heart Disease,39417,2,1163,6184.0,19708.5,10823.136363636364,15071.056217261126,1.8209601485034164,HIGH GAP,9.91,37077|Cardiology
37077,North Carolina,Endocrinology,Diabetes,24047,0,0,0.0,0.0,18070.0,22988.768286620067,0.0,NO PROVIDER,100.0,37077|Endocrinology
37077,North Carolina,Oncology,Cancer,3520,0,0,0.0,0.0,2055.6666666666665,2642.926682217817,0.0,NO PROVIDER,100.0,37077|Oncology
37077,North Carolina,Neurology,Neurological Disorders,1909,0,0,0.0,0.0,637.0,906.5174241117586,0.0,NO PROVIDER,100.0,37077|Neurology
37077,North Carolina,Psychiatry,Mental Health Disorders,11800,2,59,726.0,5900.0,3104.5,4291.15957060345,1.9004670639394428,HIGH GAP,10.35,37077|Psychiatry
37077,North Carolina,Pulmonary,Respiratory Disease,9247,0,0,0.0,0.0,4251.578947368421,5741.879971570142,0.0,NO PROVIDER,100.0,37077|Pulmonary
37077,North Carolina,Rheumatology,Arthritis,13040,0,0,0.0,0.0,10453.0,13315.598760659872,0.0,NO PROVIDER,100.0,37077|Rheumatology
37079,North Carolina,Cardiology,Heart Disease,13960,0,0,0.0,0.0,10823.136363636364,15071.056217261126,0.0,NO PROVIDER,100.0,37079|Cardiology
37079,North Carolina,Endocrinology,Diabetes,9654,0,0,0.0,0.0,18070.0,22988.768286620067,0.0,NO PROVIDER,100.0,37079|Endocrinology
37079,North Carolina,Oncology,Cancer,1076,0,0,0.0,0.0,2055.6666666666665,2642.926682217817,0.0,NO PROVIDER,100.0,37079|Oncology
37079,North Carolina,Neurology,Neurological Disorders,776,0,0,0.0,0.0,637.0,906.5174241117586,0.0,NO PROVIDER,100.0,37079|Neurology
37079,North Carolina,Psychiatry,Mental Health Disorders,3930,0,0,0.0,0.0,3104.5,4291.15957060345,0.0,NO PROVIDER,100.0,37079|Psychiatry
37079,North Carolina,Pulmonary,Respiratory Disease,3396,0,0,0.0,0.0,4251.578947368421,5741.879971570142,0.0,NO PROVIDER,100.0,37079|Pulmonary
37079,North Carolina,Rheumatology,Arthritis,4623,0,0,0.0,0.0,10453.0,13315.598760659872,0.0,NO PROVIDER,100.0,37079|Rheumatology
37081,North Carolina,Cardiology,Heart Disease,320819,63,33120,75968.0,5092.36507936508,10823.136363636364,15071.056217261126,0.4705073380091964,LOW GAP,2.56,37081|Cardiology
37081,North Carolina,Endocrinology,Diabetes,215026,11,2112,26235.0,19547.81818181818,18070.0,22988.768286620067,1.0817829652362023,HIGH GAP,5.89,37081|Endocrinology
37081,North Carolina,Oncology,Cancer,28814,9,1930,5820.0,3201.555555555556,2055.6666666666665,2642.926682217817,1.5574293281444247,HIGH GAP,8.48,37081|Oncology
37081,North Carolina,Neurology,Neurological Disorders,14837,31,4773,134656.0,478.61290322580646,637.0,906.5174241117586,0.7513546361472629,MODERATE GAP,4.09,37081|Neurology
37081,North Carolina,Psychiatry,Mental Health Disorders,104718,32,999,4579.0,3272.4375,3104.5,4291.15957060345,1.0540948622966662,HIGH GAP,5.74,37081|Psychiatry
37081,North Carolina,Pulmonary,Respiratory Disease,75044,23,3997,155970.0,3262.782608695652,4251.578947368421,5741.879971570142,0.7674284422532482,MODERATE GAP,4.18,37081|Pulmonary
37081,North Carolina,Rheumatology,Arthritis,109018,11,4961,668658.0,9910.727272727272,10453.0,13315.598760659872,0.9481227659741004,MODERATE GAP,5.16,37081|Rheumatology
37083,North Carolina,Cardiology,Heart Disease,33738,3,3048,8636.0,11246.0,10823.136363636364,15071.056217261126,1.0390703417342475,HIGH GAP,5.66,37083|Cardiology
37083,North Carolina,Endocrinology,Diabetes,22269,0,0,0.0,0.0,18070.0,22988.768286620067,0.0,NO PROVIDER,100.0,37083|Endocrinology
37083,North Carolina,Oncology,Cancer,2509,1,194,508.0,2509.0,2055.6666666666665,2642.926682217817,1.2205286200745906,HIGH GAP,6.65,37083|Oncology
37083,North Carolina,Neurology,Neurological Disorders,2063,0,0,0.0,0.0,637.0,906.5174241117586,0.0,NO PROVIDER,100.0,37083|Neurology
37083,North Carolina,Psychiatry,Mental Health Disorders,8625,1,147,1536.0,8625.0,3104.5,4291.15957060345,2.7782251570301177,CRITICAL GAP,15.13,37083|Psychiatry
37083,North Carolina,Pulmonary,Respiratory Disease,8458,1,237,1164.0,8458.0,4251.578947368421,5741.879971570142,1.9893785590492696,HIGH GAP,10.83,37083|Pulmonary
37083,North Carolina,Rheumatology,Arthritis,11506,0,0,0.0,0.0,10453.0,13315.598760659872,0.0,NO PROVIDER,100.0,37083|Rheumatology
37085,North Carolina,Cardiology,Heart Disease,80698,0,0,0.0,0.0,10823.136363636364,15071.056217261126,0.0,NO PROVIDER,100.0,37085|Cardiology
37085,North Carolina,Endocrinology,Diabetes,51031,0,0,0.0,0.0,18070.0,22988.768286620067,0.0,NO PROVIDER,100.0,37085|Endocrinology
37085,North Carolina,Oncology,Cancer,7192,1,209,593.0,7192.0,2055.6666666666665,2642.926682217817,3.498621696124534,CRITICAL GAP,19.05,37085|Oncology
37085,North Carolina,Neurology,Neurological Disorders,3649,2,548,1248.0,1824.5,637.0,906.5174241117586,2.8642072213500787,CRITICAL GAP,15.59,37085|Neurology
37085,North Carolina,Psychiatry,Mental Health Disorders,27552,1,60,199.0,27552.0,3104.5,4291.15957060345,8.874859075535513,CRITICAL GAP,48.32,37085|Psychiatry
37085,North Carolina,Pulmonary,Respiratory Disease,18932,0,0,0.0,0.0,4251.578947368421,5741.879971570142,0.0,NO PROVIDER,100.0,37085|Pulmonary
37085,North Carolina,Rheumatology,Arthritis,27181,1,77,271.0,27181.0,10453.0,13315.598760659872,2.6003061322108487,CRITICAL GAP,14.16,37085|Rheumatology
37087,North Carolina,Cardiology,Heart Disease,41058,4,3360,8145.0,10264.5,10823.136363636364,15071.056217261126,0.9483849833479624,MODERATE GAP,5.16,37087|Cardiology
37087,North Carolina,Endocrinology,Diabetes,22952,0,0,0.0,0.0,18070.0,22988.768286620067,0.0,NO PROVIDER,100.0,37087|Endocrinology
37087,North Carolina,Oncology,Cancer,4768,2,366,1135.0,2384.0,2055.6666666666665,2642.926682217817,1.1597210961569646,HIGH GAP,6.31,37087|Oncology
37087,North Carolina,Neurology,Neurological Disorders,1824,0,0,0.0,0.0,637.0,906.5174241117586,0.0,NO PROVIDER,100.0,37087|Neurology
37087,North Carolina,Psychiatry,Mental Health Disorders,14303,3,46,207.0,4767.666666666667,3104.5,4291.15957060345,1.535727707091856,HIGH GAP,8.36,37087|Psychiatry
37087,North Carolina,Pulmonary,Respiratory Disease,9561,1,437,1158.0,9561.0,4251.578947368421,5741.879971570142,2.248811587026492,CRITICAL GAP,12.24,37087|Pulmonary
37087,North Carolina,Rheumatology,Arthritis,14850,1,1105,2141.0,14850.0,10453.0,13315.598760659872,1.4206447909690998,HIGH GAP,7.74,37087|Rheumatology
37089,North Carolina,Cardiology,Heart Disease,74842,7,6264,14144.0,10691.714285714286,10823.136363636364,15071.056217261126,0.9878573018479532,MODERATE GAP,5.38,37089|Cardiology
37089,North Carolina,Endocrinology,Diabetes,40049,6,488,2795.0,6674.833333333333,18070.0,22988.768286620067,0.3693875668695812,LOW GAP,2.01,37089|Endocrinology
37089,North Carolina,Oncology,Cancer,8808,4,1488,4886.0,2202.0,2055.6666666666665,2642.926682217817,1.071185341332901,HIGH GAP,5.83,37089|Oncology
37089,North Carolina,Neurology,Neurological Disorders,3358,5,1964,6505.0,671.6,637.0,906.5174241117586,1.0543171114599683,HIGH GAP,5.74,37089|Neurology
37089,North Carolina,Psychiatry,Mental Health Disorders,24136,4,419,2619.0,6034.0,3104.5,4291.15957060345,1.943630214205186,HIGH GAP,10.58,37089|Psychiatry
37089,North Carolina,Pulmonary,Respiratory Disease,17081,8,2776,6730.0,2135.125,4251.578947368421,5741.879971570142,0.5021957786580837,MODERATE GAP,2.73,37089|Pulmonary
37089,North Carolina,Rheumatology,Arthritis,26813,6,1606,137683.0,4468.833333333333,10453.0,13315.598760659872,0.4275168213272106,LOW GAP,2.33,37089|Rheumatology
37091,North Carolina,Cardiology,Heart Disease,13913,0,0,0.0,0.0,10823.136363636364,15071.056217261126,0.0,NO PROVIDER,100.0,37091|Cardiology
37091,North Carolina,Endocrinology,Diabetes,9409,0,0,0.0,0.0,18070.0,22988.768286620067,0.0,NO PROVIDER,100.0,37091|Endocrinology
37091,North Carolina,Oncology,Cancer,1028,1,801,153165.0,1028.0,2055.6666666666665,2642.926682217817,0.5000810766985568,MODERATE GAP,2.72,37091|Oncology
37091,North Carolina,Neurology,Neurological Disorders,832,0,0,0.0,0.0,637.0,906.5174241117586,0.0,NO PROVIDER,100.0,37091|Neurology
37091,North Carolina,Psychiatry,Mental Health Disorders,3649,1,199,1147.0,3649.0,3104.5,4291.15957060345,1.1753905620872926,HIGH GAP,6.4,37091|Psychiatry
37091,North Carolina,Pulmonary,Respiratory Disease,3390,0,0,0.0,0.0,4251.578947368421,5741.879971570142,0.0,NO PROVIDER,100.0,37091|Pulmonary
37091,North Carolina,Rheumatology,Arthritis,4661,1,12,105.0,4661.0,10453.0,13315.598760659872,0.445900698364106,LOW GAP,2.43,37091|Rheumatology
37093,North Carolina,Cardiology,Heart Disease,30673,0,0,0.0,0.0,10823.136363636364,15071.056217261126,0.0,NO PROVIDER,100.0,37093|Cardiology
37093,North Carolina,Endocrinology,Diabetes,20562,0,0,0.0,0.0,18070.0,22988.768286620067,0.0,NO PROVIDER,100.0,37093|Endocrinology
37093,North Carolina,Oncology,Cancer,2294,0,0,0.0,0.0,2055.6666666666665,2642.926682217817,0.0,NO PROVIDER,100.0,37093|Oncology
37093,North Carolina,Neurology,Neurological Disorders,1536,0,0,0.0,0.0,637.0,906.5174241117586,0.0,NO PROVIDER,100.0,37093|Neurology
37093,North Carolina,Psychiatry,Mental Health Disorders,9793,2,66,75.0,4896.5,3104.5,4291.15957060345,1.5772266065388951,HIGH GAP,8.59,37093|Psychiatry
37093,North Carolina,Pulmonary,Respiratory Disease,7419,0,0,0.0,0.0,4251.578947368421,5741.879971570142,0.0,NO PROVIDER,100.0,37093|Pulmonary
37093,North Carolina,Rheumatology,Arthritis,10411,0,0,0.0,0.0,10453.0,13315.598760659872,0.0,NO PROVIDER,100.0,37093|Rheumatology
37095,North Carolina,Cardiology,Heart Disease,3438,0,0,0.0,0.0,10823.136363636364,15071.056217261126,0.0,NO PROVIDER,100.0,37095|Cardiology
37095,North Carolina,Endocrinology,Diabetes,2198,0,0,0.0,0.0,18070.0,22988.768286620067,0.0,NO PROVIDER,100.0,37095|Endocrinology
37095,North Carolina,Oncology,Cancer,300,0,0,0.0,0.0,2055.6666666666665,2642.926682217817,0.0,NO PROVIDER,100.0,37095|Oncology
37095,North Carolina,Neurology,Neurological Disorders,188,0,0,0.0,0.0,637.0,906.5174241117586,0.0,NO PROVIDER,100.0,37095|Neurology
37095,North Carolina,Psychiatry,Mental Health Disorders,931,0,0,0.0,0.0,3104.5,4291.15957060345,0.0,NO PROVIDER,100.0,37095|Psychiatry
37095,North Carolina,Pulmonary,Respiratory Disease,807,0,0,0.0,0.0,4251.578947368421,5741.879971570142,0.0,NO PROVIDER,100.0,37095|Pulmonary
37095,North Carolina,Rheumatology,Arthritis,1163,0,0,0.0,0.0,10453.0,13315.598760659872,0.0,NO PROVIDER,100.0,37095|Rheumatology
37097,North Carolina,Cardiology,Heart Disease,115610,12,10138,41197.0,9634.166666666666,10823.136363636364,15071.056217261126,0.8901455495872338,MODERATE GAP,4.85,37097|Cardiology
37097,North Carolina,Endocrinology,Diabetes,66019,3,1151,17689.0,22006.33333333333,18070.0,22988.768286620067,1.2178380372624975,HIGH GAP,6.63,37097|Endocrinology
37097,North Carolina,Oncology,Cancer,12145,6,1180,265019.0,2024.1666666666667,2055.6666666666665,2642.926682217817,0.9846765039727584,MODERATE GAP,5.36,37097|Oncology
37097,North Carolina,Neurology,Neurological Disorders,4749,6,2251,165381.0,791.5,637.0,906.5174241117586,1.2425431711145998,HIGH GAP,6.77,37097|Neurology
37097,North Carolina,Psychiatry,Mental Health Disorders,38615,6,411,3037.0,6435.833333333333,3104.5,4291.15957060345,2.073065979492135,CRITICAL GAP,11.29,37097|Psychiatry
37097,North Carolina,Pulmonary,Respiratory Disease,25847,4,2493,31985.0,6461.75,4251.578947368421,5741.879971570142,1.519847115622679,HIGH GAP,8.28,37097|Pulmonary
37097,North Carolina,Rheumatology,Arthritis,39237,3,1740,508864.0,13079.0,10453.0,13315.598760659872,1.2512197455275995,HIGH GAP,6.81,37097|Rheumatology
37099,North Carolina,Cardiology,Heart Disease,28110,3,2190,4115.0,9370.0,10823.136363636364,15071.056217261126,0.865737960345892,MODERATE GAP,4.71,37099|Cardiology
37099,North Carolina,Endocrinology,Diabetes,17559,1,140,459.0,17559.0,18070.0,22988.768286620067,0.9717210846707248,MODERATE GAP,5.29,37099|Endocrinology
37099,North Carolina,Oncology,Cancer,3001,0,0,0.0,0.0,2055.6666666666665,2642.926682217817,0.0,NO PROVIDER,100.0,37099|Oncology
37099,North Carolina,Neurology,Neurological Disorders,1324,0,0,0.0,0.0,637.0,906.5174241117586,0.0,NO PROVIDER,100.0,37099|Neurology
37099,North Carolina,Psychiatry,Mental Health Disorders,10271,0,0,0.0,0.0,3104.5,4291.15957060345,0.0,NO PROVIDER,100.0,37099|Psychiatry
37099,North Carolina,Pulmonary,Respiratory Disease,7046,1,316,640.0,7046.0,4251.578947368421,5741.879971570142,1.657266650160931,HIGH GAP,9.02,37099|Pulmonary
37099,North Carolina,Rheumatology,Arthritis,10029,0,0,0.0,0.0,10453.0,13315.598760659872,0.0,NO PROVIDER,100.0,37099|Rheumatology
37101,North Carolina,Cardiology,Heart Disease,133011,8,9613,42353.0,16626.375,10823.136363636364,15071.056217261126,1.5361882583186692,HIGH GAP,8.36,37101|Cardiology
37101,North Carolina,Endocrinology,Diabetes,83714,1,123,1065.0,83714.0,18070.0,22988.768286620067,4.632761483121195,CRITICAL GAP,25.22,37101|Endocrinology
37101,North Carolina,Oncology,Cancer,12872,2,425,882.0,6436.0,2055.6666666666665,2642.926682217817,3.1308577914707314,CRITICAL GAP,17.05,37101|Oncology
37101,North Carolina,Neurology,Neurological Disorders,5843,1,462,993.0,5843.0,637.0,906.5174241117586,9.172684458398743,CRITICAL GAP,49.94,37101|Neurology
37101,North Carolina,Psychiatry,Mental Health Disorders,44641,6,531,2334.0,7440.166666666667,3104.5,4291.15957060345,2.3965748644440867,CRITICAL GAP,13.05,37101|Psychiatry
37101,North Carolina,Pulmonary,Respiratory Disease,31131,1,534,2756.0,31131.0,4251.578947368421,5741.879971570142,7.322220846744244,CRITICAL GAP,39.87,37101|Pulmonary
37101,North Carolina,Rheumatology,Arthritis,45006,2,270,2152.0,22503.0,10453.0,13315.598760659872,2.152779106476609,CRITICAL GAP,11.72,37101|Rheumatology
37103,North Carolina,Cardiology,Heart Disease,6623,4,2400,6467.0,1655.75,10823.136363636364,15071.056217261126,0.1529824576139499,LOW GAP,0.83,37103|Cardiology
37103,North Carolina,Endocrinology,Diabetes,4180,2,469,7118.0,2090.0,18070.0,22988.768286620067,0.115661317100166,LOW GAP,0.63,37103|Endocrinology
37103,North Carolina,Oncology,Cancer,596,3,1723,6244.0,198.66666666666663,2055.6666666666665,2642.926682217817,0.096643424679747,LOW GAP,0.53,37103|Oncology
37103,North Carolina,Neurology,Neurological Disorders,363,2,982,10123.0,181.5,637.0,906.5174241117586,0.2849293563579277,LOW GAP,1.55,37103|Neurology
37103,North Carolina,Psychiatry,Mental Health Disorders,1958,1,0,0.0,1958.0,3104.5,4291.15957060345,0.6306973747785473,MODERATE GAP,3.43,37103|Psychiatry
37103,North Carolina,Pulmonary,Respiratory Disease,1625,2,1433,98042.0,812.5,4251.578947368421,5741.879971570142,0.1911054716513988,LOW GAP,1.04,37103|Pulmonary
37103,North Carolina,Rheumatology,Arthritis,2340,3,1478,281081.0,780.0,10453.0,13315.598760659872,0.0746197263943365,LOW GAP,0.41,37103|Rheumatology
37105,North Carolina,Cardiology,Heart Disease,40386,5,2264,19522.0,8077.2,10823.136363636364,15071.056217261126,0.7462901444296519,MODERATE GAP,4.06,37105|Cardiology
37105,North Carolina,Endocrinology,Diabetes,25919,1,1102,43101.0,25919.0,18070.0,22988.768286620067,1.434366353071389,HIGH GAP,7.81,37105|Endocrinology
37105,North Carolina,Oncology,Cancer,3732,1,115,12081.0,3732.0,2055.6666666666665,2642.926682217817,1.815469434084644,HIGH GAP,9.88,37105|Oncology
37105,North Carolina,Neurology,Neurological Disorders,1905,1,382,1031.0,1905.0,637.0,906.5174241117586,2.990580847723705,CRITICAL GAP,16.28,37105|Neurology
37105,North Carolina,Psychiatry,Mental Health Disorders,12741,1,25,240.0,12741.0,3104.5,4291.15957060345,4.104042518924143,CRITICAL GAP,22.35,37105|Psychiatry
37105,North Carolina,Pulmonary,Respiratory Disease,9446,1,49,274.0,9446.0,4251.578947368421,5741.879971570142,2.2217628125773707,CRITICAL GAP,12.1,37105|Pulmonary
37105,North Carolina,Rheumatology,Arthritis,13848,0,0,0.0,0.0,10453.0,13315.598760659872,0.0,NO PROVIDER,100.0,37105|Rheumatology
37107,North Carolina,Cardiology,Heart Disease,37120,5,5002,25071.0,7424.0,10823.136363636364,15071.056217261126,0.685937952786329,MODERATE GAP,3.73,37107|Cardiology
37107,North Carolina,Endocrinology,Diabetes,24761,1,318,13057.0,24761.0,18070.0,22988.768286620067,1.3702822357498616,HIGH GAP,7.46,37107|Endocrinology
37107,North Carolina,Oncology,Cancer,3010,1,396,21850.0,3010.0,2055.6666666666665,2642.926682217817,1.464245175936436,HIGH GAP,7.97,37107|Oncology
37107,North Carolina,Neurology,Neurological Disorders,2184,1,312,476.0,2184.0,637.0,906.5174241117586,3.4285714285714284,CRITICAL GAP,18.67,37107|Neurology
37107,North Carolina,Psychiatry,Mental Health Disorders,10557,3,55,374.0,3519.0,3104.5,4291.15957060345,1.133515864068288,HIGH GAP,6.17,37107|Psychiatry
37107,North Carolina,Pulmonary,Respiratory Disease,9434,2,642,2076.0,4717.0,4251.578947368421,5741.879971570142,1.1094701658826442,HIGH GAP,6.04,37107|Pulmonary
37107,North Carolina,Rheumatology,Arthritis,12783,0,0,0.0,0.0,10453.0,13315.598760659872,0.0,NO PROVIDER,100.0,37107|Rheumatology
37109,North Carolina,Cardiology,Heart Disease,57453,3,3522,12268.0,19151.0,10823.136363636364,15071.056217261126,1.7694501257827298,HIGH GAP,9.63,37109|Cardiology
37109,North Carolina,Endocrinology,Diabetes,34266,0,0,0.0,0.0,18070.0,22988.768286620067,0.0,NO PROVIDER,100.0,37109|Endocrinology
37109,North Carolina,Oncology,Cancer,6358,4,806,35172.0,1589.5,2055.6666666666665,2642.926682217817,0.7732284741365332,MODERATE GAP,4.21,37109|Oncology
37109,North Carolina,Neurology,Neurological Disorders,2475,0,0,0.0,0.0,637.0,906.5174241117586,0.0,NO PROVIDER,100.0,37109|Neurology
37109,North Carolina,Psychiatry,Mental Health Disorders,19570,2,116,440.0,9785.0,3104.5,4291.15957060345,3.151876308584313,CRITICAL GAP,17.16,37109|Psychiatry
37109,North Carolina,Pulmonary,Respiratory Disease,13326,1,215,981.0,13326.0,4251.578947368421,5741.879971570142,3.1343649418172816,CRITICAL GAP,17.07,37109|Pulmonary
37109,North Carolina,Rheumatology,Arthritis,20370,0,0,0.0,0.0,10453.0,13315.598760659872,0.0,NO PROVIDER,100.0,37109|Rheumatology
37111,North Carolina,Cardiology,Heart Disease,29149,2,3484,6363.0,14574.5,10823.136363636364,15071.056217261126,1.346605966175155,HIGH GAP,7.33,37111|Cardiology
37111,North Carolina,Endocrinology,Diabetes,16971,0,0,0.0,0.0,18070.0,22988.768286620067,0.0,NO PROVIDER,100.0,37111|Endocrinology
37111,North Carolina,Oncology,Cancer,3086,0,0,0.0,0.0,2055.6666666666665,2642.926682217817,0.0,NO PROVIDER,100.0,37111|Oncology
37111,North Carolina,Neurology,Neurological Disorders,1379,2,1025,8492.0,689.5,637.0,906.5174241117586,1.0824175824175823,HIGH GAP,5.89,37111|Neurology
37111,North Carolina,Psychiatry,Mental Health Disorders,9711,0,0,0.0,0.0,3104.5,4291.15957060345,0.0,NO PROVIDER,100.0,37111|Psychiatry
37111,North Carolina,Pulmonary,Respiratory Disease,7115,0,0,0.0,0.0,4251.578947368421,5741.879971570142,0.0,NO PROVIDER,100.0,37111|Pulmonary
37111,North Carolina,Rheumatology,Arthritis,10418,1,468,131776.0,10418.0,10453.0,13315.598760659872,0.996651678943844,MODERATE GAP,5.43,37111|Rheumatology
37113,North Carolina,Cardiology,Heart Disease,26182,0,0,0.0,0.0,10823.136363636364,15071.056217261126,0.0,NO PROVIDER,100.0,37113|Cardiology
37113,North Carolina,Endocrinology,Diabetes,14928,0,0,0.0,0.0,18070.0,22988.768286620067,0.0,NO PROVIDER,100.0,37113|Endocrinology
37113,North Carolina,Oncology,Cancer,2967,0,0,0.0,0.0,2055.6666666666665,2642.926682217817,0.0,NO PROVIDER,100.0,37113|Oncology
37113,North Carolina,Neurology,Neurological Disorders,1240,0,0,0.0,0.0,637.0,906.5174241117586,0.0,NO PROVIDER,100.0,37113|Neurology
37113,North Carolina,Psychiatry,Mental Health Disorders,8351,0,0,0.0,0.0,3104.5,4291.15957060345,0.0,NO PROVIDER,100.0,37113|Psychiatry
37113,North Carolina,Pulmonary,Respiratory Disease,6075,0,0,0.0,0.0,4251.578947368421,5741.879971570142,0.0,NO PROVIDER,100.0,37113|Pulmonary
37113,North Carolina,Rheumatology,Arthritis,9308,0,0,0.0,0.0,10453.0,13315.598760659872,0.0,NO PROVIDER,100.0,37113|Rheumatology
37115,North Carolina,Cardiology,Heart Disease,14046,0,0,0.0,0.0,10823.136363636364,15071.056217261126,0.0,NO PROVIDER,100.0,37115|Cardiology
37115,North Carolina,Endocrinology,Diabetes,8275,0,0,0.0,0.0,18070.0,22988.768286620067,0.0,NO PROVIDER,100.0,37115|Endocrinology
37115,North Carolina,Oncology,Cancer,1624,0,0,0.0,0.0,2055.6666666666665,2642.926682217817,0.0,NO PROVIDER,100.0,37115|Oncology
37115,North Carolina,Neurology,Neurological Disorders,615,0,0,0.0,0.0,637.0,906.5174241117586,0.0,NO PROVIDER,100.0,37115|Neurology
37115,North Carolina,Psychiatry,Mental Health Disorders,4881,0,0,0.0,0.0,3104.5,4291.15957060345,0.0,NO PROVIDER,100.0,37115|Psychiatry
37115,North Carolina,Pulmonary,Respiratory Disease,3322,0,0,0.0,0.0,4251.578947368421,5741.879971570142,0.0,NO PROVIDER,100.0,37115|Pulmonary
37115,North Carolina,Rheumatology,Arthritis,5037,0,0,0.0,0.0,10453.0,13315.598760659872,0.0,NO PROVIDER,100.0,37115|Rheumatology
37117,North Carolina,Cardiology,Heart Disease,14949,0,0,0.0,0.0,10823.136363636364,15071.056217261126,0.0,NO PROVIDER,100.0,37117|Cardiology
37117,North Carolina,Endocrinology,Diabetes,9564,0,0,0.0,0.0,18070.0,22988.768286620067,0.0,NO PROVIDER,100.0,37117|Endocrinology
37117,North Carolina,Oncology,Cancer,1293,0,0,0.0,0.0,2055.6666666666665,2642.926682217817,0.0,NO PROVIDER,100.0,37117|Oncology
37117,North Carolina,Neurology,Neurological Disorders,848,0,0,0.0,0.0,637.0,906.5174241117586,0.0,NO PROVIDER,100.0,37117|Neurology
37117,North Carolina,Psychiatry,Mental Health Disorders,4256,1,112,494.0,4256.0,3104.5,4291.15957060345,1.370913190529876,HIGH GAP,7.46,37117|Psychiatry
37117,North Carolina,Pulmonary,Respiratory Disease,3665,0,0,0.0,0.0,4251.578947368421,5741.879971570142,0.0,NO PROVIDER,100.0,37117|Pulmonary
37117,North Carolina,Rheumatology,Arthritis,5232,0,0,0.0,0.0,10453.0,13315.598760659872,0.0,NO PROVIDER,100.0,37117|Rheumatology
37119,North Carolina,Cardiology,Heart Disease,605897,84,57789,248063.0,7213.059523809524,10823.136363636364,15071.056217261126,0.6664481792952367,MODERATE GAP,3.63,37119|Cardiology
37119,North Carolina,Endocrinology,Diabetes,357948,29,7359,48349.0,12343.03448275862,18070.0,22988.768286620067,0.6830677632959945,MODERATE GAP,3.72,37119|Endocrinology
37119,North Carolina,Oncology,Cancer,56803,74,11739,773620.0,767.6081081081081,2055.6666666666665,2642.926682217817,0.3734107871451799,LOW GAP,2.03,37119|Oncology
37119,North Carolina,Neurology,Neurological Disorders,25697,90,17888,202295.0,285.52222222222224,637.0,906.5174241117586,0.4482295482295482,LOW GAP,2.44,37119|Neurology
37119,North Carolina,Psychiatry,Mental Health Disorders,203318,120,4981,17985.0,1694.3166666666666,3104.5,4291.15957060345,0.5457615289633327,MODERATE GAP,2.97,37119|Psychiatry
37119,North Carolina,Pulmonary,Respiratory Disease,138852,64,16564,53229.0,2169.5625,4251.578947368421,5741.879971570142,0.5102957105719238,MODERATE GAP,2.78,37119|Pulmonary
37119,North Carolina,Rheumatology,Arthritis,198359,29,10772,1631956.0,6839.96551724138,10453.0,13315.598760659872,0.6543543018503185,MODERATE GAP,3.56,37119|Rheumatology
37121,North Carolina,Cardiology,Heart Disease,9697,1,858,1728.0,9697.0,10823.136363636364,15071.056217261126,0.895951014031389,MODERATE GAP,4.88,37121|Cardiology
37121,North Carolina,Endocrinology,Diabetes,5920,0,0,0.0,0.0,18070.0,22988.768286620067,0.0,NO PROVIDER,100.0,37121|Endocrinology
37121,North Carolina,Oncology,Cancer,1124,0,0,0.0,0.0,2055.6666666666665,2642.926682217817,0.0,NO PROVIDER,100.0,37121|Oncology
37121,North Carolina,Neurology,Neurological Disorders,442,0,0,0.0,0.0,637.0,906.5174241117586,0.0,NO PROVIDER,100.0,37121|Neurology
37121,North Carolina,Psychiatry,Mental Health Disorders,3261,0,0,0.0,0.0,3104.5,4291.15957060345,0.0,NO PROVIDER,100.0,37121|Psychiatry
37121,North Carolina,Pulmonary,Respiratory Disease,2284,0,0,0.0,0.0,4251.578947368421,5741.879971570142,0.0,NO PROVIDER,100.0,37121|Pulmonary
37121,North Carolina,Rheumatology,Arthritis,3531,0,0,0.0,0.0,10453.0,13315.598760659872,0.0,NO PROVIDER,100.0,37121|Rheumatology
37123,North Carolina,Cardiology,Heart Disease,17144,1,0,0.0,17144.0,10823.136363636364,15071.056217261126,1.5840140439882575,HIGH GAP,8.62,37123|Cardiology
37123,North Carolina,Endocrinology,Diabetes,10819,0,0,0.0,0.0,18070.0,22988.768286620067,0.0,NO PROVIDER,100.0,37123|Endocrinology
37123,North Carolina,Oncology,Cancer,1646,0,0,0.0,0.0,2055.6666666666665,2642.926682217817,0.0,NO PROVIDER,100.0,37123|Oncology
37123,North Carolina,Neurology,Neurological Disorders,870,0,0,0.0,0.0,637.0,906.5174241117586,0.0,NO PROVIDER,100.0,37123|Neurology
37123,North Carolina,Psychiatry,Mental Health Disorders,5218,0,0,0.0,0.0,3104.5,4291.15957060345,0.0,NO PROVIDER,100.0,37123|Psychiatry
37123,North Carolina,Pulmonary,Respiratory Disease,4121,0,0,0.0,0.0,4251.578947368421,5741.879971570142,0.0,NO PROVIDER,100.0,37123|Pulmonary
37123,North Carolina,Rheumatology,Arthritis,6025,0,0,0.0,0.0,10453.0,13315.598760659872,0.0,NO PROVIDER,100.0,37123|Rheumatology
37125,North Carolina,Cardiology,Heart Disease,63617,4,2647,8341.0,15904.25,10823.136363636364,15071.056217261126,1.4694677647631966,HIGH GAP,8.0,37125|Cardiology
37125,North Carolina,Endocrinology,Diabetes,35910,2,854,20807.0,17955.0,18070.0,22988.768286620067,0.9936358605423352,MODERATE GAP,5.41,37125|Endocrinology
37125,North Carolina,Oncology,Cancer,7366,5,1277,4715.0,1473.2,2055.6666666666665,2642.926682217817,0.716653153883574,MODERATE GAP,3.9,37125|Oncology
37125,North Carolina,Neurology,Neurological Disorders,2679,12,4140,79926.0,223.25,637.0,906.5174241117586,0.3504709576138147,LOW GAP,1.91,37125|Neurology
37125,North Carolina,Psychiatry,Mental Health Disorders,20383,14,781,3044.0,1455.928571428571,3104.5,4291.15957060345,0.4689736097370177,LOW GAP,2.55,37125|Psychiatry
37125,North Carolina,Pulmonary,Respiratory Disease,13896,5,2866,22158.0,2779.2,4251.578947368421,5741.879971570142,0.6536865560782372,MODERATE GAP,3.56,37125|Pulmonary
37125,North Carolina,Rheumatology,Arthritis,22099,2,587,244785.0,11049.5,10453.0,13315.598760659872,1.0570649574284894,HIGH GAP,5.76,37125|Rheumatology
37127,North Carolina,Cardiology,Heart Disease,61595,1,197,1712.0,61595.0,10823.136363636364,15071.056217261126,5.691049057364484,CRITICAL GAP,30.99,37127|Cardiology
37127,North Carolina,Endocrinology,Diabetes,39204,2,1243,22144.0,19602.0,18070.0,22988.768286620067,1.084781405644715,HIGH GAP,5.91,37127|Endocrinology
37127,North Carolina,Oncology,Cancer,5240,3,673,1958.0,1746.6666666666667,2055.6666666666665,2642.926682217817,0.8496838008756284,MODERATE GAP,4.63,37127|Oncology
37127,North Carolina,Neurology,Neurological Disorders,3129,0,0,0.0,0.0,637.0,906.5174241117586,0.0,NO PROVIDER,100.0,37127|Neurology
37127,North Carolina,Psychiatry,Mental Health Disorders,17566,3,38,86.0,5855.333333333333,3104.5,4291.15957060345,1.8860793471841948,HIGH GAP,10.27,37127|Psychiatry
37127,North Carolina,Pulmonary,Respiratory Disease,14438,1,700,3365.0,14438.0,4251.578947368421,5741.879971570142,3.3959148304035653,CRITICAL GAP,18.49,37127|Pulmonary
37127,North Carolina,Rheumatology,Arthritis,20808,0,0,0.0,0.0,10453.0,13315.598760659872,0.0,NO PROVIDER,100.0,37127|Rheumatology
37129,North Carolina,Cardiology,Heart Disease,145822,34,46322,128746.0,4288.882352941177,10823.136363636364,15071.056217261126,0.3962698250158787,LOW GAP,2.16,37129|Cardiology
37129,North Carolina,Endocrinology,Diabetes,81484,6,2783,54356.0,13580.666666666666,18070.0,22988.768286620067,0.7515587529976019,MODERATE GAP,4.09,37129|Endocrinology
37129,North Carolina,Oncology,Cancer,15863,6,2280,62232.0,2643.833333333333,2055.6666666666665,2642.926682217817,1.28611966920707,HIGH GAP,7.0,37129|Oncology
37129,North Carolina,Neurology,Neurological Disorders,6010,20,6924,123742.0,300.5,637.0,906.5174241117586,0.4717425431711146,LOW GAP,2.57,37129|Neurology
37129,North Carolina,Psychiatry,Mental Health Disorders,49954,25,1730,11413.0,1998.16,3104.5,4291.15957060345,0.6436334353358029,MODERATE GAP,3.5,37129|Psychiatry
37129,North Carolina,Pulmonary,Respiratory Disease,32811,14,7804,28572.0,2343.6428571428573,4251.578947368421,5741.879971570142,0.551240582888268,MODERATE GAP,3.0,37129|Pulmonary
37129,North Carolina,Rheumatology,Arthritis,50151,8,3947,970142.0,6268.875,10453.0,13315.598760659872,0.5997201760260212,MODERATE GAP,3.27,37129|Rheumatology
37131,North Carolina,Cardiology,Heart Disease,12574,0,0,0.0,0.0,10823.136363636364,15071.056217261126,0.0,NO PROVIDER,100.0,37131|Cardiology
37131,North Carolina,Endocrinology,Diabetes,8275,0,0,0.0,0.0,18070.0,22988.768286620067,0.0,NO PROVIDER,100.0,37131|Endocrinology
37131,North Carolina,Oncology,Cancer,1046,0,0,0.0,0.0,2055.6666666666665,2642.926682217817,0.0,NO PROVIDER,100.0,37131|Oncology
37131,North Carolina,Neurology,Neurological Disorders,764,0,0,0.0,0.0,637.0,906.5174241117586,0.0,NO PROVIDER,100.0,37131|Neurology
37131,North Carolina,Psychiatry,Mental Health Disorders,3185,1,0,0.0,3185.0,3104.5,4291.15957060345,1.0259301014656144,HIGH GAP,5.59,37131|Psychiatry
37131,North Carolina,Pulmonary,Respiratory Disease,2993,0,0,0.0,0.0,4251.578947368421,5741.879971570142,0.0,NO PROVIDER,100.0,37131|Pulmonary
37131,North Carolina,Rheumatology,Arthritis,4389,0,0,0.0,0.0,10453.0,13315.598760659872,0.0,NO PROVIDER,100.0,37131|Rheumatology
37133,North Carolina,Cardiology,Heart Disease,106296,5,5692,15586.0,21259.2,10823.136363636364,15071.056217261126,1.964236547127576,HIGH GAP,10.69,37133|Cardiology
37133,North Carolina,Endocrinology,Diabetes,71374,3,1905,54214.0,23791.33333333333,18070.0,22988.768286620067,1.3166205497140748,HIGH GAP,7.17,37133|Endocrinology
37133,North Carolina,Oncology,Cancer,9817,3,2408,732293.0,3272.333333333333,2055.6666666666665,2642.926682217817,1.591859899464894,HIGH GAP,8.67,37133|Oncology
37133,North Carolina,Neurology,Neurological Disorders,4667,1,52,244.0,4667.0,637.0,906.5174241117586,7.326530612244898,CRITICAL GAP,39.89,37133|Neurology
37133,North Carolina,Psychiatry,Mental Health Disorders,38785,6,361,1120.0,6464.166666666667,3104.5,4291.15957060345,2.082192516239867,CRITICAL GAP,11.34,37133|Psychiatry
37133,North Carolina,Pulmonary,Respiratory Disease,26393,2,723,2700.0,13196.5,4251.578947368421,5741.879971570142,3.103905669720228,CRITICAL GAP,16.9,37133|Pulmonary
37133,North Carolina,Rheumatology,Arthritis,35486,0,0,0.0,0.0,10453.0,13315.598760659872,0.0,NO PROVIDER,100.0,37133|Rheumatology
37135,North Carolina,Cardiology,Heart Disease,82554,30,19093,38207.0,2751.8,10823.136363636364,15071.056217261126,0.254251624256118,LOW GAP,1.38,37135|Cardiology
37135,North Carolina,Endocrinology,Diabetes,46594,21,2627,6855.0,2218.7619047619046,18070.0,22988.768286620067,0.1227870450892033,LOW GAP,0.67,37135|Endocrinology
37135,North Carolina,Oncology,Cancer,9036,30,2851,11019.0,301.2,2055.6666666666665,2642.926682217817,0.1465218096319118,LOW GAP,0.8,37135|Oncology
37135,North Carolina,Neurology,Neurological Disorders,3258,58,6428,44887.0,56.172413793103445,637.0,906.5174241117586,0.0881827532073837,LOW GAP,0.48,37135|Neurology
37135,North Carolina,Psychiatry,Mental Health Disorders,29997,111,3016,13778.0,270.2432432432432,3104.5,4291.15957060345,0.087048878480671,LOW GAP,0.47,37135|Psychiatry
37135,North Carolina,Pulmonary,Respiratory Disease,18502,36,4918,13956.0,513.9444444444445,4251.578947368421,5741.879971570142,0.1208831944100575,LOW GAP,0.66,37135|Pulmonary
37135,North Carolina,Rheumatology,Arthritis,27723,15,1468,5363.0,1848.2,10453.0,13315.598760659872,0.1768104850282215,LOW GAP,0.96,37135|Rheumatology
37137,North Carolina,Cardiology,Heart Disease,9017,0,0,0.0,0.0,10823.136363636364,15071.056217261126,0.0,NO PROVIDER,100.0,37137|Cardiology
37137,North Carolina,Endocrinology,Diabetes,5229,0,0,0.0,0.0,18070.0,22988.768286620067,0.0,NO PROVIDER,100.0,37137|Endocrinology
37137,North Carolina,Oncology,Cancer,972,0,0,0.0,0.0,2055.6666666666665,2642.926682217817,0.0,NO PROVIDER,100.0,37137|Oncology
37137,North Carolina,Neurology,Neurological Disorders,438,0,0,0.0,0.0,637.0,906.5174241117586,0.0,NO PROVIDER,100.0,37137|Neurology
37137,North Carolina,Psychiatry,Mental Health Disorders,2585,0,0,0.0,0.0,3104.5,4291.15957060345,0.0,NO PROVIDER,100.0,37137|Psychiatry
37137,North Carolina,Pulmonary,Respiratory Disease,2014,0,0,0.0,0.0,4251.578947368421,5741.879971570142,0.0,NO PROVIDER,100.0,37137|Pulmonary
37137,North Carolina,Rheumatology,Arthritis,3226,0,0,0.0,0.0,10453.0,13315.598760659872,0.0,NO PROVIDER,100.0,37137|Rheumatology
37139,North Carolina,Cardiology,Heart Disease,25425,4,8007,29439.0,6356.25,10823.136363636364,15071.056217261126,0.5872835550105203,MODERATE GAP,3.2,37139|Cardiology
37139,North Carolina,Endocrinology,Diabetes,16617,1,432,851.0,16617.0,18070.0,22988.768286620067,0.9195904814609852,MODERATE GAP,5.01,37139|Endocrinology
37139,North Carolina,Oncology,Cancer,2329,6,5496,832326.0,388.1666666666667,2055.6666666666665,2642.926682217817,0.1888276309388682,LOW GAP,1.03,37139|Oncology
37139,North Carolina,Neurology,Neurological Disorders,1214,10,2860,4485.0,121.4,637.0,906.5174241117586,0.1905808477237048,LOW GAP,1.04,37139|Neurology
37139,North Carolina,Psychiatry,Mental Health Disorders,7890,0,0,0.0,0.0,3104.5,4291.15957060345,0.0,NO PROVIDER,100.0,37139|Psychiatry
37139,North Carolina,Pulmonary,Respiratory Disease,5938,3,2353,6076.0,1979.3333333333333,4251.578947368421,5741.879971570142,0.4655525295040026,LOW GAP,2.53,37139|Pulmonary
37139,North Carolina,Rheumatology,Arthritis,8579,0,0,0.0,0.0,10453.0,13315.598760659872,0.0,NO PROVIDER,100.0,37139|Rheumatology
37141,North Carolina,Cardiology,Heart Disease,39324,0,0,0.0,0.0,10823.136363636364,15071.056217261126,0.0,NO PROVIDER,100.0,37141|Cardiology
37141,North Carolina,Endocrinology,Diabetes,24800,0,0,0.0,0.0,18070.0,22988.768286620067,0.0,NO PROVIDER,100.0,37141|Endocrinology
37141,North Carolina,Oncology,Cancer,4195,0,0,0.0,0.0,2055.6666666666665,2642.926682217817,0.0,NO PROVIDER,100.0,37141|Oncology
37141,North Carolina,Neurology,Neurological Disorders,1752,0,0,0.0,0.0,637.0,906.5174241117586,0.0,NO PROVIDER,100.0,37141|Neurology
37141,North Carolina,Psychiatry,Mental Health Disorders,13436,0,0,0.0,0.0,3104.5,4291.15957060345,0.0,NO PROVIDER,100.0,37141|Psychiatry
37141,North Carolina,Pulmonary,Respiratory Disease,9240,0,0,0.0,0.0,4251.578947368421,5741.879971570142,0.0,NO PROVIDER,100.0,37141|Pulmonary
37141,North Carolina,Rheumatology,Arthritis,14073,0,0,0.0,0.0,10453.0,13315.598760659872,0.0,NO PROVIDER,100.0,37141|Rheumatology
37143,North Carolina,Cardiology,Heart Disease,9155,0,0,0.0,0.0,10823.136363636364,15071.056217261126,0.0,NO PROVIDER,100.0,37143|Cardiology
37143,North Carolina,Endocrinology,Diabetes,5512,0,0,0.0,0.0,18070.0,22988.768286620067,0.0,NO PROVIDER,100.0,37143|Endocrinology
37143,North Carolina,Oncology,Cancer,952,0,0,0.0,0.0,2055.6666666666665,2642.926682217817,0.0,NO PROVIDER,100.0,37143|Oncology
37143,North Carolina,Neurology,Neurological Disorders,459,0,0,0.0,0.0,637.0,906.5174241117586,0.0,NO PROVIDER,100.0,37143|Neurology
37143,North Carolina,Psychiatry,Mental Health Disorders,2729,0,0,0.0,0.0,3104.5,4291.15957060345,0.0,NO PROVIDER,100.0,37143|Psychiatry
37143,North Carolina,Pulmonary,Respiratory Disease,2143,0,0,0.0,0.0,4251.578947368421,5741.879971570142,0.0,NO PROVIDER,100.0,37143|Pulmonary
37143,North Carolina,Rheumatology,Arthritis,3265,0,0,0.0,0.0,10453.0,13315.598760659872,0.0,NO PROVIDER,100.0,37143|Rheumatology
37145,North Carolina,Cardiology,Heart Disease,25848,1,27,36.0,25848.0,10823.136363636364,15071.056217261126,2.388217161048092,CRITICAL GAP,13.0,37145|Cardiology
37145,North Carolina,Endocrinology,Diabetes,16370,0,0,0.0,0.0,18070.0,22988.768286620067,0.0,NO PROVIDER,100.0,37145|Endocrinology
37145,North Carolina,Oncology,Cancer,2429,0,0,0.0,0.0,2055.6666666666665,2642.926682217817,0.0,NO PROVIDER,100.0,37145|Oncology
37145,North Carolina,Neurology,Neurological Disorders,1309,0,0,0.0,0.0,637.0,906.5174241117586,0.0,NO PROVIDER,100.0,37145|Neurology
37145,North Carolina,Psychiatry,Mental Health Disorders,8043,1,0,0.0,8043.0,3104.5,4291.15957060345,2.5907553551296507,CRITICAL GAP,14.11,37145|Psychiatry
37145,North Carolina,Pulmonary,Respiratory Disease,6197,0,0,0.0,0.0,4251.578947368421,5741.879971570142,0.0,NO PROVIDER,100.0,37145|Pulmonary
37145,North Carolina,Rheumatology,Arthritis,9005,0,0,0.0,0.0,10453.0,13315.598760659872,0.0,NO PROVIDER,100.0,37145|Rheumatology
37147,North Carolina,Cardiology,Heart Disease,100787,19,24130,141150.0,5304.578947368421,10823.136363636364,15071.056217261126,0.4901147661033613,LOW GAP,2.67,37147|Cardiology
37147,North Carolina,Endocrinology,Diabetes,71557,8,4324,143003.0,8944.625,18070.0,22988.768286620067,0.4949986164914222,LOW GAP,2.7,37147|Endocrinology
37147,North Carolina,Oncology,Cancer,8893,6,2781,394802.0,1482.1666666666667,2055.6666666666665,2642.926682217817,0.7210150802659316,MODERATE GAP,3.93,37147|Oncology
37147,North Carolina,Neurology,Neurological Disorders,4964,16,2922,19082.0,310.25,637.0,906.5174241117586,0.4870486656200942,LOW GAP,2.65,37147|Neurology
37147,North Carolina,Psychiatry,Mental Health Disorders,34607,20,1676,6451.0,1730.35,3104.5,4291.15957060345,0.5573683362860363,MODERATE GAP,3.03,37147|Psychiatry
37147,North Carolina,Pulmonary,Respiratory Disease,25094,18,7666,24074.0,1394.111111111111,4251.578947368421,5741.879971570142,0.3279043217518088,LOW GAP,1.79,37147|Pulmonary
37147,North Carolina,Rheumatology,Arthritis,34951,4,2792,327706.3,8737.75,10453.0,13315.598760659872,0.8359083516693772,MODERATE GAP,4.55,37147|Rheumatology
37149,North Carolina,Cardiology,Heart Disease,14005,2,1529,3716.0,7002.5,10823.136363636364,15071.056217261126,0.646993603769702,MODERATE GAP,3.52,37149|Cardiology
37149,North Carolina,Endocrinology,Diabetes,8027,0,0,0.0,0.0,18070.0,22988.768286620067,0.0,NO PROVIDER,100.0,37149|Endocrinology
37149,North Carolina,Oncology,Cancer,1692,0,0,0.0,0.0,2055.6666666666665,2642.926682217817,0.0,NO PROVIDER,100.0,37149|Oncology
37149,North Carolina,Neurology,Neurological Disorders,646,0,0,0.0,0.0,637.0,906.5174241117586,0.0,NO PROVIDER,100.0,37149|Neurology
37149,North Carolina,Psychiatry,Mental Health Disorders,4303,1,0,0.0,4303.0,3104.5,4291.15957060345,1.3860525044290546,HIGH GAP,7.55,37149|Psychiatry
37149,North Carolina,Pulmonary,Respiratory Disease,3163,0,0,0.0,0.0,4251.578947368421,5741.879971570142,0.0,NO PROVIDER,100.0,37149|Pulmonary
37149,North Carolina,Rheumatology,Arthritis,5076,0,0,0.0,0.0,10453.0,13315.598760659872,0.0,NO PROVIDER,100.0,37149|Rheumatology
37151,North Carolina,Cardiology,Heart Disease,91043,5,3067,6557.0,18208.6,10823.136363636364,15071.056217261126,1.6823773985863617,HIGH GAP,9.16,37151|Cardiology
37151,North Carolina,Endocrinology,Diabetes,59566,0,0,0.0,0.0,18070.0,22988.768286620067,0.0,NO PROVIDER,100.0,37151|Endocrinology
37151,North Carolina,Oncology,Cancer,9076,2,287,802.0,4538.0,2055.6666666666665,2642.926682217817,2.207556348305497,CRITICAL GAP,12.02,37151|Oncology
37151,North Carolina,Neurology,Neurological Disorders,4308,0,0,0.0,0.0,637.0,906.5174241117586,0.0,NO PROVIDER,100.0,37151|Neurology
37151,North Carolina,Psychiatry,Mental Health Disorders,30960,2,36,109.0,15480.0,3104.5,4291.15957060345,4.986310194878402,CRITICAL GAP,27.15,37151|Psychiatry
37151,North Carolina,Pulmonary,Respiratory Disease,22229,1,430,6976.0,22229.0,4251.578947368421,5741.879971570142,5.228410497647933,CRITICAL GAP,28.47,37151|Pulmonary
37151,North Carolina,Rheumatology,Arthritis,31822,0,0,0.0,0.0,10453.0,13315.598760659872,0.0,NO PROVIDER,100.0,37151|Rheumatology
37153,North Carolina,Cardiology,Heart Disease,27384,5,4106,18537.0,5476.8,10823.136363636364,15071.056217261126,0.5060270716352595,MODERATE GAP,2.76,37153|Cardiology
37153,North Carolina,Endocrinology,Diabetes,18791,0,0,0.0,0.0,18070.0,22988.768286620067,0.0,NO PROVIDER,100.0,37153|Endocrinology
37153,North Carolina,Oncology,Cancer,2314,0,0,0.0,0.0,2055.6666666666665,2642.926682217817,0.0,NO PROVIDER,100.0,37153|Oncology
37153,North Carolina,Neurology,Neurological Disorders,1538,0,0,0.0,0.0,637.0,906.5174241117586,0.0,NO PROVIDER,100.0,37153|Neurology
37153,North Carolina,Psychiatry,Mental Health Disorders,8529,0,0,0.0,0.0,3104.5,4291.15957060345,0.0,NO PROVIDER,100.0,37153|Psychiatry
37153,North Carolina,Pulmonary,Respiratory Disease,7121,0,0,0.0,0.0,4251.578947368421,5741.879971570142,0.0,NO PROVIDER,100.0,37153|Pulmonary
37153,North Carolina,Rheumatology,Arthritis,9582,0,0,0.0,0.0,10453.0,13315.598760659872,0.0,NO PROVIDER,100.0,37153|Rheumatology
37155,North Carolina,Cardiology,Heart Disease,77320,8,3886,10896.0,9665.0,10823.136363636364,15071.056217261126,0.8929943849245513,MODERATE GAP,4.86,37155|Cardiology
37155,North Carolina,Endocrinology,Diabetes,56785,0,0,0.0,0.0,18070.0,22988.768286620067,0.0,NO PROVIDER,100.0,37155|Endocrinology
37155,North Carolina,Oncology,Cancer,5470,1,0,0.0,5470.0,2055.6666666666665,2642.926682217817,2.660937246635317,CRITICAL GAP,14.49,37155|Oncology
37155,North Carolina,Neurology,Neurological Disorders,4776,2,349,3634.0,2388.0,637.0,906.5174241117586,3.7488226059654632,CRITICAL GAP,20.41,37155|Neurology
37155,North Carolina,Psychiatry,Mental Health Disorders,20101,3,0,0.0,6700.333333333333,3104.5,4291.15957060345,2.158264884307725,CRITICAL GAP,11.75,37155|Psychiatry
37155,North Carolina,Pulmonary,Respiratory Disease,20969,2,455,11908.0,10484.5,4251.578947368421,5741.879971570142,2.466025006189651,CRITICAL GAP,13.43,37155|Pulmonary
37155,North Carolina,Rheumatology,Arthritis,26786,0,0,0.0,0.0,10453.0,13315.598760659872,0.0,NO PROVIDER,100.0,37155|Rheumatology
37157,North Carolina,Cardiology,Heart Disease,60419,2,1257,2739.0,30209.5,10823.136363636364,15071.056217261126,2.7911964688441007,CRITICAL GAP,15.2,37157|Cardiology
37157,North Carolina,Endocrinology,Diabetes,36982,1,223,925.0,36982.0,18070.0,22988.768286620067,2.0465965688987278,CRITICAL GAP,11.14,37157|Endocrinology
37157,North Carolina,Oncology,Cancer,5868,1,67,230.0,5868.0,2055.6666666666665,2642.926682217817,2.8545484027890384,CRITICAL GAP,15.54,37157|Oncology
37157,North Carolina,Neurology,Neurological Disorders,3063,0,0,0.0,0.0,637.0,906.5174241117586,0.0,NO PROVIDER,100.0,37157|Neurology
37157,North Carolina,Psychiatry,Mental Health Disorders,19155,1,39,134.0,19155.0,3104.5,4291.15957060345,6.170075696569496,CRITICAL GAP,33.59,37157|Psychiatry
37157,North Carolina,Pulmonary,Respiratory Disease,14837,0,0,0.0,0.0,4251.578947368421,5741.879971570142,0.0,NO PROVIDER,100.0,37157|Pulmonary
37157,North Carolina,Rheumatology,Arthritis,21185,0,0,0.0,0.0,10453.0,13315.598760659872,0.0,NO PROVIDER,100.0,37157|Rheumatology
37159,North Carolina,Cardiology,Heart Disease,90547,0,0,0.0,0.0,10823.136363636364,15071.056217261126,0.0,NO PROVIDER,100.0,37159|Cardiology
37159,North Carolina,Endocrinology,Diabetes,58136,0,0,0.0,0.0,18070.0,22988.768286620067,0.0,NO PROVIDER,100.0,37159|Endocrinology
37159,North Carolina,Oncology,Cancer,8930,1,169,654.0,8930.0,2055.6666666666665,2642.926682217817,4.344089508675207,CRITICAL GAP,23.65,37159|Oncology
37159,North Carolina,Neurology,Neurological Disorders,4377,6,1932,47859.0,729.5,637.0,906.5174241117586,1.1452119309262163,HIGH GAP,6.24,37159|Neurology
37159,North Carolina,Psychiatry,Mental Health Disorders,29630,6,372,2557.0,4938.333333333333,3104.5,4291.15957060345,1.5907016696193697,HIGH GAP,8.66,37159|Psychiatry
37159,North Carolina,Pulmonary,Respiratory Disease,22237,1,360,1034.0,22237.0,4251.578947368421,5741.879971570142,5.230292151522654,CRITICAL GAP,28.48,37159|Pulmonary
37159,North Carolina,Rheumatology,Arthritis,32292,2,326,113361.0,16146.0,10453.0,13315.598760659872,1.5446283363627666,HIGH GAP,8.41,37159|Rheumatology
37161,North Carolina,Cardiology,Heart Disease,42633,1,324,623.0,42633.0,10823.136363636364,15071.056217261126,3.939061522244014,CRITICAL GAP,21.45,37161|Cardiology
37161,North Carolina,Endocrinology,Diabetes,26639,0,0,0.0,0.0,18070.0,22988.768286620067,0.0,NO PROVIDER,100.0,37161|Endocrinology
37161,North Carolina,Oncology,Cancer,4457,1,167,517.0,4457.0,2055.6666666666665,2642.926682217817,2.1681530728068754,CRITICAL GAP,11.81,37161|Oncology
37161,North Carolina,Neurology,Neurological Disorders,2150,1,569,2793.0,2150.0,637.0,906.5174241117586,3.3751962323390896,CRITICAL GAP,18.38,37161|Neurology
37161,North Carolina,Psychiatry,Mental Health Disorders,14421,1,35,225.0,14421.0,3104.5,4291.15957060345,4.645192462554356,CRITICAL GAP,25.29,37161|Psychiatry
37161,North Carolina,Pulmonary,Respiratory Disease,10803,0,0,0.0,0.0,4251.578947368421,5741.879971570142,0.0,NO PROVIDER,100.0,37161|Pulmonary
37161,North Carolina,Rheumatology,Arthritis,15234,0,0,0.0,0.0,10453.0,13315.598760659872,0.0,NO PROVIDER,100.0,37161|Rheumatology
37163,North Carolina,Cardiology,Heart Disease,37299,1,419,910.0,37299.0,10823.136363636364,15071.056217261126,3.4462284079980177,CRITICAL GAP,18.76,37163|Cardiology
37163,North Carolina,Endocrinology,Diabetes,25203,1,0,0.0,25203.0,18070.0,22988.768286620067,1.394742667404538,HIGH GAP,7.59,37163|Endocrinology
37163,North Carolina,Oncology,Cancer,3125,0,0,0.0,0.0,2055.6666666666665,2642.926682217817,0.0,NO PROVIDER,100.0,37163|Oncology
37163,North Carolina,Neurology,Neurological Disorders,1934,0,0,0.0,0.0,637.0,906.5174241117586,0.0,NO PROVIDER,100.0,37163|Neurology
37163,North Carolina,Psychiatry,Mental Health Disorders,11219,1,12,59.0,11219.0,3104.5,4291.15957060345,3.613786439040103,CRITICAL GAP,19.68,37163|Psychiatry
37163,North Carolina,Pulmonary,Respiratory Disease,8903,0,0,0.0,0.0,4251.578947368421,5741.879971570142,0.0,NO PROVIDER,100.0,37163|Pulmonary
37163,North Carolina,Rheumatology,Arthritis,12478,0,0,0.0,0.0,10453.0,13315.598760659872,0.0,NO PROVIDER,100.0,37163|Rheumatology
37165,North Carolina,Cardiology,Heart Disease,23398,2,324,1732.0,11699.0,10823.136363636364,15071.056217261126,1.080925122527918,HIGH GAP,5.89,37165|Cardiology
37165,North Carolina,Endocrinology,Diabetes,16354,0,0,0.0,0.0,18070.0,22988.768286620067,0.0,NO PROVIDER,100.0,37165|Endocrinology
37165,North Carolina,Oncology,Cancer,1777,2,204,466.0,888.5,2055.6666666666665,2642.926682217817,0.4322198800064861,LOW GAP,2.35,37165|Oncology
37165,North Carolina,Neurology,Neurological Disorders,1379,0,0,0.0,0.0,637.0,906.5174241117586,0.0,NO PROVIDER,100.0,37165|Neurology
37165,North Carolina,Psychiatry,Mental Health Disorders,6539,1,24,121.0,6539.0,3104.5,4291.15957060345,2.106297310355935,CRITICAL GAP,11.47,37165|Psychiatry
37165,North Carolina,Pulmonary,Respiratory Disease,6022,1,433,2879.0,6022.0,4251.578947368421,5741.879971570142,1.4164149541965834,HIGH GAP,7.71,37165|Pulmonary
37165,North Carolina,Rheumatology,Arthritis,7653,0,0,0.0,0.0,10453.0,13315.598760659872,0.0,NO PROVIDER,100.0,37165|Rheumatology
37167,North Carolina,Cardiology,Heart Disease,39939,0,0,0.0,0.0,10823.136363636364,15071.056217261126,0.0,NO PROVIDER,100.0,37167|Cardiology
37167,North Carolina,Endocrinology,Diabetes,24637,0,0,0.0,0.0,18070.0,22988.768286620067,0.0,NO PROVIDER,100.0,37167|Endocrinology
37167,North Carolina,Oncology,Cancer,4089,1,117,335.0,4089.0,2055.6666666666665,2642.926682217817,1.9891357223933843,HIGH GAP,10.83,37167|Oncology
37167,North Carolina,Neurology,Neurological Disorders,1877,0,0,0.0,0.0,637.0,906.5174241117586,0.0,NO PROVIDER,100.0,37167|Neurology
37167,North Carolina,Psychiatry,Mental Health Disorders,13476,5,242,966.0,2695.2,3104.5,4291.15957060345,0.8681591238524722,MODERATE GAP,4.73,37167|Psychiatry
37167,North Carolina,Pulmonary,Respiratory Disease,9772,1,396,1231.0,9772.0,4251.578947368421,5741.879971570142,2.2984402079722703,CRITICAL GAP,12.51,37167|Pulmonary
37167,North Carolina,Rheumatology,Arthritis,14016,0,0,0.0,0.0,10453.0,13315.598760659872,0.0,NO PROVIDER,100.0,37167|Rheumatology
37169,North Carolina,Cardiology,Heart Disease,30011,0,0,0.0,0.0,10823.136363636364,15071.056217261126,0.0,NO PROVIDER,100.0,37169|Cardiology
37169,North Carolina,Endocrinology,Diabetes,17980,0,0,0.0,0.0,18070.0,22988.768286620067,0.0,NO PROVIDER,100.0,37169|Endocrinology
37169,North Carolina,Oncology,Cancer,3244,0,0,0.0,0.0,2055.6666666666665,2642.926682217817,0.0,NO PROVIDER,100.0,37169|Oncology
37169,North Carolina,Neurology,Neurological Disorders,1390,0,0,0.0,0.0,637.0,906.5174241117586,0.0,NO PROVIDER,100.0,37169|Neurology
37169,North Carolina,Psychiatry,Mental Health Disorders,10102,0,0,0.0,0.0,3104.5,4291.15957060345,0.0,NO PROVIDER,100.0,37169|Psychiatry
37169,North Carolina,Pulmonary,Respiratory Disease,7155,0,0,0.0,0.0,4251.578947368421,5741.879971570142,0.0,NO PROVIDER,100.0,37169|Pulmonary
37169,North Carolina,Rheumatology,Arthritis,10974,0,0,0.0,0.0,10453.0,13315.598760659872,0.0,NO PROVIDER,100.0,37169|Rheumatology
37171,North Carolina,Cardiology,Heart Disease,45958,2,1215,6556.0,22979.0,10823.136363636364,15071.056217261126,2.1231368826881805,CRITICAL GAP,11.56,37171|Cardiology
37171,North Carolina,Endocrinology,Diabetes,30017,1,215,903.0,30017.0,18070.0,22988.768286620067,1.6611510791366906,HIGH GAP,9.04,37171|Endocrinology
37171,North Carolina,Oncology,Cancer,4805,0,0,0.0,0.0,2055.6666666666665,2642.926682217817,0.0,NO PROVIDER,100.0,37171|Oncology
37171,North Carolina,Neurology,Neurological Disorders,2233,1,382,778.0,2233.0,637.0,906.5174241117586,3.505494505494505,CRITICAL GAP,19.09,37171|Neurology
37171,North Carolina,Psychiatry,Mental Health Disorders,15658,3,100,701.0,5219.333333333333,3104.5,4291.15957060345,1.6812154399527566,HIGH GAP,9.15,37171|Psychiatry
37171,North Carolina,Pulmonary,Respiratory Disease,11503,0,0,0.0,0.0,4251.578947368421,5741.879971570142,0.0,NO PROVIDER,100.0,37171|Pulmonary
37171,North Carolina,Rheumatology,Arthritis,16365,0,0,0.0,0.0,10453.0,13315.598760659872,0.0,NO PROVIDER,100.0,37171|Rheumatology
37173,North Carolina,Cardiology,Heart Disease,9041,1,1487,2490.0,9041.0,10823.136363636364,15071.056217261126,0.8353401173412176,MODERATE GAP,4.55,37173|Cardiology
37173,North Carolina,Endocrinology,Diabetes,5954,0,0,0.0,0.0,18070.0,22988.768286620067,0.0,NO PROVIDER,100.0,37173|Endocrinology
37173,North Carolina,Oncology,Cancer,878,0,0,0.0,0.0,2055.6666666666665,2642.926682217817,0.0,NO PROVIDER,100.0,37173|Oncology
37173,North Carolina,Neurology,Neurological Disorders,469,0,0,0.0,0.0,637.0,906.5174241117586,0.0,NO PROVIDER,100.0,37173|Neurology
37173,North Carolina,Psychiatry,Mental Health Disorders,2977,1,18,46.0,2977.0,3104.5,4291.15957060345,0.958930584635207,MODERATE GAP,5.22,37173|Psychiatry
37173,North Carolina,Pulmonary,Respiratory Disease,2362,0,0,0.0,0.0,4251.578947368421,5741.879971570142,0.0,NO PROVIDER,100.0,37173|Pulmonary
37173,North Carolina,Rheumatology,Arthritis,3157,0,0,0.0,0.0,10453.0,13315.598760659872,0.0,NO PROVIDER,100.0,37173|Rheumatology
37175,North Carolina,Cardiology,Heart Disease,22834,1,601,2300.0,22834.0,10823.136363636364,15071.056217261126,2.109739657047822,CRITICAL GAP,11.49,37175|Cardiology
37175,North Carolina,Endocrinology,Diabetes,12758,0,0,0.0,0.0,18070.0,22988.768286620067,0.0,NO PROVIDER,100.0,37175|Endocrinology
37175,North Carolina,Oncology,Cancer,2810,0,0,0.0,0.0,2055.6666666666665,2642.926682217817,0.0,NO PROVIDER,100.0,37175|Oncology
37175,North Carolina,Neurology,Neurological Disorders,1008,4,1402,11532.0,252.0,637.0,906.5174241117586,0.3956043956043956,LOW GAP,2.15,37175|Neurology
37175,North Carolina,Psychiatry,Mental Health Disorders,7266,2,103,289.0,3633.0,3104.5,4291.15957060345,1.170236753100338,HIGH GAP,6.37,37175|Psychiatry
37175,North Carolina,Pulmonary,Respiratory Disease,5038,0,0,0.0,0.0,4251.578947368421,5741.879971570142,0.0,NO PROVIDER,100.0,37175|Pulmonary
37175,North Carolina,Rheumatology,Arthritis,8330,0,0,0.0,0.0,10453.0,13315.598760659872,0.0,NO PROVIDER,100.0,37175|Rheumatology
37177,North Carolina,Cardiology,Heart Disease,2402,0,0,0.0,0.0,10823.136363636364,15071.056217261126,0.0,NO PROVIDER,100.0,37177|Cardiology
37177,North Carolina,Endocrinology,Diabetes,1572,0,0,0.0,0.0,18070.0,22988.768286620067,0.0,NO PROVIDER,100.0,37177|Endocrinology
37177,North Carolina,Oncology,Cancer,205,0,0,0.0,0.0,2055.6666666666665,2642.926682217817,0.0,NO PROVIDER,100.0,37177|Oncology
37177,North Carolina,Neurology,Neurological Disorders,136,0,0,0.0,0.0,637.0,906.5174241117586,0.0,NO PROVIDER,100.0,37177|Neurology
37177,North Carolina,Psychiatry,Mental Health Disorders,657,1,103,384.0,657.0,3104.5,4291.15957060345,0.2116282815268159,LOW GAP,1.15,37177|Psychiatry
37177,North Carolina,Pulmonary,Respiratory Disease,570,0,0,0.0,0.0,4251.578947368421,5741.879971570142,0.0,NO PROVIDER,100.0,37177|Pulmonary
37177,North Carolina,Rheumatology,Arthritis,821,0,0,0.0,0.0,10453.0,13315.598760659872,0.0,NO PROVIDER,100.0,37177|Rheumatology
37179,North Carolina,Cardiology,Heart Disease,136983,4,3991,14395.0,34245.75,10823.136363636364,15071.056217261126,3.164124413608893,CRITICAL GAP,17.23,37179|Cardiology
37179,North Carolina,Endocrinology,Diabetes,82631,2,638,15337.0,41315.5,18070.0,22988.768286620067,2.286413945766464,CRITICAL GAP,12.45,37179|Endocrinology
37179,North Carolina,Oncology,Cancer,13900,5,855,2365.0,2780.0,2055.6666666666665,2642.926682217817,1.352359331928004,HIGH GAP,7.36,37179|Oncology
37179,North Carolina,Neurology,Neurological Disorders,5368,4,1087,11494.0,1342.0,637.0,906.5174241117586,2.106750392464678,CRITICAL GAP,11.47,37179|Neurology
37179,North Carolina,Psychiatry,Mental Health Disorders,46684,3,188,860.0,15561.333333333334,3104.5,4291.15957060345,5.0125087238954205,CRITICAL GAP,27.29,37179|Psychiatry
37179,North Carolina,Pulmonary,Respiratory Disease,30100,5,2143,8394.0,6020.0,4251.578947368421,5741.879971570142,1.415944540727903,HIGH GAP,7.71,37179|Pulmonary
37179,North Carolina,Rheumatology,Arthritis,44958,0,0,0.0,0.0,10453.0,13315.598760659872,0.0,NO PROVIDER,100.0,37179|Rheumatology
37181,North Carolina,Cardiology,Heart Disease,27183,3,1114,3793.0,9061.0,10823.136363636364,15071.056217261126,0.8371880105329912,MODERATE GAP,4.56,37181|Cardiology
37181,North Carolina,Endocrinology,Diabetes,18641,0,0,0.0,0.0,18070.0,22988.768286620067,0.0,NO PROVIDER,100.0,37181|Endocrinology
37181,North Carolina,Oncology,Cancer,2136,1,178,329.0,2136.0,2055.6666666666665,2642.926682217817,1.0390789687043944,HIGH GAP,5.66,37181|Oncology
37181,North Carolina,Neurology,Neurological Disorders,1509,1,444,821.0,1509.0,637.0,906.5174241117586,2.368916797488226,CRITICAL GAP,12.9,37181|Neurology
37181,North Carolina,Psychiatry,Mental Health Disorders,7579,2,31,114.0,3789.5,3104.5,4291.15957060345,1.220647447253986,HIGH GAP,6.65,37181|Psychiatry
37181,North Carolina,Pulmonary,Respiratory Disease,6632,0,0,0.0,0.0,4251.578947368421,5741.879971570142,0.0,NO PROVIDER,100.0,37181|Pulmonary
37181,North Carolina,Rheumatology,Arthritis,9168,0,0,0.0,0.0,10453.0,13315.598760659872,0.0,NO PROVIDER,100.0,37181|Rheumatology
37183,North Carolina,Cardiology,Heart Disease,635401,73,76691,234529.0,8704.123287671233,10823.136363636364,15071.056217261126,0.8042145081822489,MODERATE GAP,4.38,37183|Cardiology
37183,North Carolina,Endocrinology,Diabetes,352643,21,10046,70948.0,16792.52380952381,18070.0,22988.768286620067,0.9293040293040292,MODERATE GAP,5.06,37183|Endocrinology
37183,North Carolina,Oncology,Cancer,62529,30,7524,342042.5,2084.3,2055.6666666666665,2642.926682217817,1.0139289768120645,HIGH GAP,5.52,37183|Oncology
37183,North Carolina,Neurology,Neurological Disorders,23448,36,10480,598884.0,651.3333333333334,637.0,906.5174241117586,1.022501308215594,HIGH GAP,5.57,37183|Neurology
37183,North Carolina,Psychiatry,Mental Health Disorders,212413,99,3638,23493.0,2145.5858585858587,3104.5,4291.15957060345,0.6911212300163823,MODERATE GAP,3.76,37183|Psychiatry
37183,North Carolina,Pulmonary,Respiratory Disease,133793,29,11520,41511.0,4613.551724137931,4251.578947368421,5741.879971570142,1.0851384347440047,HIGH GAP,5.91,37183|Pulmonary
37183,North Carolina,Rheumatology,Arthritis,193563,19,4240,972457.0,10187.526315789471,10453.0,13315.598760659872,0.9746031106657872,MODERATE GAP,5.31,37183|Rheumatology
37185,North Carolina,Cardiology,Heart Disease,14101,0,0,0.0,0.0,10823.136363636364,15071.056217261126,0.0,NO PROVIDER,100.0,37185|Cardiology
37185,North Carolina,Endocrinology,Diabetes,9535,0,0,0.0,0.0,18070.0,22988.768286620067,0.0,NO PROVIDER,100.0,37185|Endocrinology
37185,North Carolina,Oncology,Cancer,1132,0,0,0.0,0.0,2055.6666666666665,2642.926682217817,0.0,NO PROVIDER,100.0,37185|Oncology
37185,North Carolina,Neurology,Neurological Disorders,860,0,0,0.0,0.0,637.0,906.5174241117586,0.0,NO PROVIDER,100.0,37185|Neurology
37185,North Carolina,Psychiatry,Mental Health Disorders,3581,0,0,0.0,0.0,3104.5,4291.15957060345,0.0,NO PROVIDER,100.0,37185|Psychiatry
37185,North Carolina,Pulmonary,Respiratory Disease,3410,0,0,0.0,0.0,4251.578947368421,5741.879971570142,0.0,NO PROVIDER,100.0,37185|Pulmonary
37185,North Carolina,Rheumatology,Arthritis,4829,0,0,0.0,0.0,10453.0,13315.598760659872,0.0,NO PROVIDER,100.0,37185|Rheumatology
37187,North Carolina,Cardiology,Heart Disease,7996,0,0,0.0,0.0,10823.136363636364,15071.056217261126,0.0,NO PROVIDER,100.0,37187|Cardiology
37187,North Carolina,Endocrinology,Diabetes,5304,0,0,0.0,0.0,18070.0,22988.768286620067,0.0,NO PROVIDER,100.0,37187|Endocrinology
37187,North Carolina,Oncology,Cancer,664,0,0,0.0,0.0,2055.6666666666665,2642.926682217817,0.0,NO PROVIDER,100.0,37187|Oncology
37187,North Carolina,Neurology,Neurological Disorders,491,0,0,0.0,0.0,637.0,906.5174241117586,0.0,NO PROVIDER,100.0,37187|Neurology
37187,North Carolina,Psychiatry,Mental Health Disorders,2111,0,0,0.0,0.0,3104.5,4291.15957060345,0.0,NO PROVIDER,100.0,37187|Psychiatry
37187,North Carolina,Pulmonary,Respiratory Disease,1991,0,0,0.0,0.0,4251.578947368421,5741.879971570142,0.0,NO PROVIDER,100.0,37187|Pulmonary
37187,North Carolina,Rheumatology,Arthritis,2835,0,0,0.0,0.0,10453.0,13315.598760659872,0.0,NO PROVIDER,100.0,37187|Rheumatology
37189,North Carolina,Cardiology,Heart Disease,34382,1,884,2252.0,34382.0,10823.136363636364,15071.056217261126,3.1767131859778504,CRITICAL GAP,17.3,37189|Cardiology
37189,North Carolina,Endocrinology,Diabetes,21726,0,0,0.0,0.0,18070.0,22988.768286620067,0.0,NO PROVIDER,100.0,37189|Endocrinology
37189,North Carolina,Oncology,Cancer,3633,1,269,440.0,3633.0,2055.6666666666665,2642.926682217817,1.7673098751418843,HIGH GAP,9.62,37189|Oncology
37189,North Carolina,Neurology,Neurological Disorders,1516,3,1730,9777.0,505.3333333333333,637.0,906.5174241117586,0.793301936159079,MODERATE GAP,4.32,37189|Neurology
37189,North Carolina,Psychiatry,Mental Health Disorders,13618,1,0,0.0,13618.0,3104.5,4291.15957060345,4.386535674021582,CRITICAL GAP,23.88,37189|Psychiatry
37189,North Carolina,Pulmonary,Respiratory Disease,8662,3,658,5829.0,2887.333333333333,4251.578947368421,5741.879971570142,0.679120244284889,MODERATE GAP,3.7,37189|Pulmonary
37189,North Carolina,Rheumatology,Arthritis,11958,2,729,160119.0,5979.0,10453.0,13315.598760659872,0.5719889027073567,MODERATE GAP,3.11,37189|Rheumatology
37191,North Carolina,Cardiology,Heart Disease,72385,1,1518,9946.0,72385.0,10823.136363636364,15071.056217261126,6.687987434326296,CRITICAL GAP,36.41,37191|Cardiology
37191,North Carolina,Endocrinology,Diabetes,47940,2,279,1268.0,23970.0,18070.0,22988.768286620067,1.326508024349751,HIGH GAP,7.22,37191|Endocrinology
37191,North Carolina,Oncology,Cancer,6190,3,3540,747919.0,2063.333333333333,2055.6666666666665,2642.926682217817,1.0037295281336145,HIGH GAP,5.47,37191|Oncology
37191,North Carolina,Neurology,Neurological Disorders,3705,1,570,985.0,3705.0,637.0,906.5174241117586,5.816326530612245,CRITICAL GAP,31.67,37191|Neurology
37191,North Carolina,Psychiatry,Mental Health Disorders,22140,12,1087,6778.0,1845.0,3104.5,4291.15957060345,0.5942985988081817,MODERATE GAP,3.24,37191|Psychiatry
37191,North Carolina,Pulmonary,Respiratory Disease,17576,4,1121,2618.0,4394.0,4251.578947368421,5741.879971570142,1.033498390690765,HIGH GAP,5.63,37191|Pulmonary
37191,North Carolina,Rheumatology,Arthritis,24445,1,402,212194.0,24445.0,10453.0,13315.598760659872,2.3385630919353297,CRITICAL GAP,12.73,37191|Rheumatology
37193,North Carolina,Cardiology,Heart Disease,43486,4,1138,1826.0,10871.5,10823.136363636364,15071.056217261126,1.0044685417182886,HIGH GAP,5.47,37193|Cardiology
37193,North Carolina,Endocrinology,Diabetes,26712,0,0,0.0,0.0,18070.0,22988.768286620067,0.0,NO PROVIDER,100.0,37193|Endocrinology
37193,North Carolina,Oncology,Cancer,4611,0,0,0.0,0.0,2055.6666666666665,2642.926682217817,0.0,NO PROVIDER,100.0,37193|Oncology
37193,North Carolina,Neurology,Neurological Disorders,2173,3,250,467.0,724.3333333333334,637.0,906.5174241117586,1.1371009942438517,HIGH GAP,6.19,37193|Neurology
37193,North Carolina,Psychiatry,Mental Health Disorders,14654,1,476,2361.0,14654.0,3104.5,4291.15957060345,4.72024480592688,CRITICAL GAP,25.7,37193|Psychiatry
37193,North Carolina,Pulmonary,Respiratory Disease,10812,1,306,1767.0,10812.0,4251.578947368421,5741.879971570142,2.543055211686061,CRITICAL GAP,13.85,37193|Pulmonary
37193,North Carolina,Rheumatology,Arthritis,15476,0,0,0.0,0.0,10453.0,13315.598760659872,0.0,NO PROVIDER,100.0,37193|Rheumatology
37195,North Carolina,Cardiology,Heart Disease,51514,5,3139,23717.0,10302.8,10823.136363636364,15071.056217261126,0.9519236988102088,MODERATE GAP,5.18,37195|Cardiology
37195,North Carolina,Endocrinology,Diabetes,32810,1,29,100.0,32810.0,18070.0,22988.768286620067,1.815716657443276,HIGH GAP,9.89,37195|Endocrinology
37195,North Carolina,Oncology,Cancer,4204,3,1415,321848.0,1401.3333333333333,2055.6666666666665,2642.926682217817,0.6816928814658667,MODERATE GAP,3.71,37195|Oncology
37195,North Carolina,Neurology,Neurological Disorders,2894,8,2313,33826.0,361.75,637.0,906.5174241117586,0.5678963893249608,MODERATE GAP,3.09,37195|Neurology
37195,North Carolina,Psychiatry,Mental Health Disorders,14806,3,317,1470.0,4935.333333333333,3104.5,4291.15957060345,1.5897353304343156,HIGH GAP,8.66,37195|Psychiatry
37195,North Carolina,Pulmonary,Respiratory Disease,12825,2,825,2893.0,6412.5,4251.578947368421,5741.879971570142,1.508263183956425,HIGH GAP,8.21,37195|Pulmonary
37195,North Carolina,Rheumatology,Arthritis,17730,2,733,261505.0,8865.0,10453.0,13315.598760659872,0.848081890366402,MODERATE GAP,4.62,37195|Rheumatology
37197,North Carolina,Cardiology,Heart Disease,24176,0,0,0.0,0.0,10823.136363636364,15071.056217261126,0.0,NO PROVIDER,100.0,37197|Cardiology
37197,North Carolina,Endocrinology,Diabetes,14470,0,0,0.0,0.0,18070.0,22988.768286620067,0.0,NO PROVIDER,100.0,37197|Endocrinology
37197,North Carolina,Oncology,Cancer,2554,0,0,0.0,0.0,2055.6666666666665,2642.926682217817,0.0,NO PROVIDER,100.0,37197|Oncology
37197,North Carolina,Neurology,Neurological Disorders,1142,0,0,0.0,0.0,637.0,906.5174241117586,0.0,NO PROVIDER,100.0,37197|Neurology
37197,North Carolina,Psychiatry,Mental Health Disorders,8114,0,0,0.0,0.0,3104.5,4291.15957060345,0.0,NO PROVIDER,100.0,37197|Psychiatry
37197,North Carolina,Pulmonary,Respiratory Disease,5860,0,0,0.0,0.0,4251.578947368421,5741.879971570142,0.0,NO PROVIDER,100.0,37197|Pulmonary
37197,North Carolina,Rheumatology,Arthritis,8429,0,0,0.0,0.0,10453.0,13315.598760659872,0.0,NO PROVIDER,100.0,37197|Rheumatology
37199,North Carolina,Cardiology,Heart Disease,12590,0,0,0.0,0.0,10823.136363636364,15071.056217261126,0.0,NO PROVIDER,100.0,37199|Cardiology
37199,North Carolina,Endocrinology,Diabetes,7393,0,0,0.0,0.0,18070.0,22988.768286620067,0.0,NO PROVIDER,100.0,37199|Endocrinology
37199,North Carolina,Oncology,Cancer,1426,0,0,0.0,0.0,2055.6666666666665,2642.926682217817,0.0,NO PROVIDER,100.0,37199|Oncology
37199,North Carolina,Neurology,Neurological Disorders,600,0,0,0.0,0.0,637.0,906.5174241117586,0.0,NO PROVIDER,100.0,37199|Neurology
37199,North Carolina,Psychiatry,Mental Health Disorders,4238,0,0,0.0,0.0,3104.5,4291.15957060345,0.0,NO PROVIDER,100.0,37199|Psychiatry
37199,North Carolina,Pulmonary,Respiratory Disease,3061,0,0,0.0,0.0,4251.578947368421,5741.879971570142,0.0,NO PROVIDER,100.0,37199|Pulmonary
37199,North Carolina,Rheumatology,Arthritis,4589,0,0,0.0,0.0,10453.0,13315.598760659872,0.0,NO PROVIDER,100.0,37199|Rheumatology
48001,Texas,Cardiology,Heart Disease,36569,3,1450,7273.0,12189.666666666666,10823.136363636364,15071.056217261126,1.1262601021660947,HIGH GAP,6.13,48001|Cardiology
48001,Texas,Endocrinology,Diabetes,24650,1,629,36254.0,24650.0,18070.0,22988.768286620067,1.3641394576646375,HIGH GAP,7.43,48001|Endocrinology
48001,Texas,Oncology,Cancer,3038,1,598,167327.0,3038.0,2055.6666666666665,2642.926682217817,1.4778660612939842,HIGH GAP,8.05,48001|Oncology
48001,Texas,Neurology,Neurological Disorders,1762,0,0,0.0,0.0,637.0,906.5174241117586,0.0,NO PROVIDER,100.0,48001|Neurology
48001,Texas,Psychiatry,Mental Health Disorders,10227,2,77,1006.0,5113.5,3104.5,4291.15957060345,1.6471251409244645,HIGH GAP,8.97,48001|Psychiatry
48001,Texas,Pulmonary,Respiratory Disease,8094,0,0,0.0,0.0,4251.578947368421,5741.879971570142,0.0,NO PROVIDER,100.0,48001|Pulmonary
48001,Texas,Rheumatology,Arthritis,11131,0,0,0.0,0.0,10453.0,13315.598760659872,0.0,NO PROVIDER,100.0,48001|Rheumatology
48003,Texas,Cardiology,Heart Disease,9183,0,0,0.0,0.0,10823.136363636364,15071.056217261126,0.0,NO PROVIDER,100.0,48003|Cardiology
48003,Texas,Endocrinology,Diabetes,6364,0,0,0.0,0.0,18070.0,22988.768286620067,0.0,NO PROVIDER,100.0,48003|Endocrinology
48003,Texas,Oncology,Cancer,727,0,0,0.0,0.0,2055.6666666666665,2642.926682217817,0.0,NO PROVIDER,100.0,48003|Oncology
48003,Texas,Neurology,Neurological Disorders,405,0,0,0.0,0.0,637.0,906.5174241117586,0.0,NO PROVIDER,100.0,48003|Neurology
48003,Texas,Psychiatry,Mental Health Disorders,2825,0,0,0.0,0.0,3104.5,4291.15957060345,0.0,NO PROVIDER,100.0,48003|Psychiatry
48003,Texas,Pulmonary,Respiratory Disease,2015,0,0,0.0,0.0,4251.578947368421,5741.879971570142,0.0,NO PROVIDER,100.0,48003|Pulmonary
48003,Texas,Rheumatology,Arthritis,2690,0,0,0.0,0.0,10453.0,13315.598760659872,0.0,NO PROVIDER,100.0,48003|Rheumatology
48005,Texas,Cardiology,Heart Disease,55663,2,1916,27897.0,27831.5,10823.136363636364,15071.056217261126,2.57148196834223,CRITICAL GAP,14.0,48005|Cardiology
48005,Texas,Endocrinology,Diabetes,35792,1,472,2154.0,35792.0,18070.0,22988.768286620067,1.980741560597676,HIGH GAP,10.78,48005|Endocrinology
48005,Texas,Oncology,Cancer,4503,3,835,367404.0,1501.0,2055.6666666666665,2642.926682217817,0.730176747202854,MODERATE GAP,3.98,48005|Oncology
48005,Texas,Neurology,Neurological Disorders,2545,3,1526,8146.0,848.3333333333334,637.0,906.5174241117586,1.3317634746206175,HIGH GAP,7.25,48005|Neurology
48005,Texas,Psychiatry,Mental Health Disorders,16053,4,263,2862.0,4013.25,3104.5,4291.15957060345,1.292720244805927,HIGH GAP,7.04,48005|Psychiatry
48005,Texas,Pulmonary,Respiratory Disease,12595,2,1680,5793.0,6297.5,4251.578947368421,5741.879971570142,1.481214409507304,HIGH GAP,8.06,48005|Pulmonary
48005,Texas,Rheumatology,Arthritis,17358,1,371,74788.0,17358.0,10453.0,13315.598760659872,1.660575911221659,HIGH GAP,9.04,48005|Rheumatology
48007,Texas,Cardiology,Heart Disease,17672,0,0,0.0,0.0,10823.136363636364,15071.056217261126,0.0,NO PROVIDER,100.0,48007|Cardiology
48007,Texas,Endocrinology,Diabetes,10401,0,0,0.0,0.0,18070.0,22988.768286620067,0.0,NO PROVIDER,100.0,48007|Endocrinology
48007,Texas,Oncology,Cancer,1794,0,0,0.0,0.0,2055.6666666666665,2642.926682217817,0.0,NO PROVIDER,100.0,48007|Oncology
48007,Texas,Neurology,Neurological Disorders,803,0,0,0.0,0.0,637.0,906.5174241117586,0.0,NO PROVIDER,100.0,48007|Neurology
48007,Texas,Psychiatry,Mental Health Disorders,4872,1,57,390.0,4872.0,3104.5,4291.15957060345,1.5693348365276212,HIGH GAP,8.54,48007|Psychiatry
48007,Texas,Pulmonary,Respiratory Disease,3703,0,0,0.0,0.0,4251.578947368421,5741.879971570142,0.0,NO PROVIDER,100.0,48007|Pulmonary
48007,Texas,Rheumatology,Arthritis,5727,0,0,0.0,0.0,10453.0,13315.598760659872,0.0,NO PROVIDER,100.0,48007|Rheumatology
48009,Texas,Cardiology,Heart Disease,5368,0,0,0.0,0.0,10823.136363636364,15071.056217261126,0.0,NO PROVIDER,100.0,48009|Cardiology
48009,Texas,Endocrinology,Diabetes,3218,3,1486,7645.0,1072.6666666666667,18070.0,22988.768286620067,0.0593617413761298,LOW GAP,0.32,48009|Endocrinology
48009,Texas,Oncology,Cancer,579,0,0,0.0,0.0,2055.6666666666665,2642.926682217817,0.0,NO PROVIDER,100.0,48009|Oncology
48009,Texas,Neurology,Neurological Disorders,234,2,352,1154.0,117.0,637.0,906.5174241117586,0.1836734693877551,LOW GAP,1.0,48009|Neurology
48009,Texas,Psychiatry,Mental Health Disorders,1713,0,0,0.0,0.0,3104.5,4291.15957060345,0.0,NO PROVIDER,100.0,48009|Psychiatry
48009,Texas,Pulmonary,Respiratory Disease,1221,0,0,0.0,0.0,4251.578947368421,5741.879971570142,0.0,NO PROVIDER,100.0,48009|Pulmonary
48009,Texas,Rheumatology,Arthritis,1801,1,495,2153.0,1801.0,10453.0,13315.598760659872,0.1722950349182053,LOW GAP,0.94,48009|Rheumatology
48011,Texas,Cardiology,Heart Disease,1083,0,0,0.0,0.0,10823.136363636364,15071.056217261126,0.0,NO PROVIDER,100.0,48011|Cardiology
48011,Texas,Endocrinology,Diabetes,630,0,0,0.0,0.0,18070.0,22988.768286620067,0.0,NO PROVIDER,100.0,48011|Endocrinology
48011,Texas,Oncology,Cancer,123,0,0,0.0,0.0,2055.6666666666665,2642.926682217817,0.0,NO PROVIDER,100.0,48011|Oncology
48011,Texas,Neurology,Neurological Disorders,46,0,0,0.0,0.0,637.0,906.5174241117586,0.0,NO PROVIDER,100.0,48011|Neurology
48011,Texas,Psychiatry,Mental Health Disorders,340,0,0,0.0,0.0,3104.5,4291.15957060345,0.0,NO PROVIDER,100.0,48011|Psychiatry
48011,Texas,Pulmonary,Respiratory Disease,234,0,0,0.0,0.0,4251.578947368421,5741.879971570142,0.0,NO PROVIDER,100.0,48011|Pulmonary
48011,Texas,Rheumatology,Arthritis,363,0,0,0.0,0.0,10453.0,13315.598760659872,0.0,NO PROVIDER,100.0,48011|Rheumatology
48013,Texas,Cardiology,Heart Disease,29457,1,770,3811.0,29457.0,10823.136363636364,15071.056217261126,2.7216694875036223,CRITICAL GAP,14.82,48013|Cardiology
48013,Texas,Endocrinology,Diabetes,21626,0,0,0.0,0.0,18070.0,22988.768286620067,0.0,NO PROVIDER,100.0,48013|Endocrinology
48013,Texas,Oncology,Cancer,2166,0,0,0.0,0.0,2055.6666666666665,2642.926682217817,0.0,NO PROVIDER,100.0,48013|Oncology
48013,Texas,Neurology,Neurological Disorders,1273,0,0,0.0,0.0,637.0,906.5174241117586,0.0,NO PROVIDER,100.0,48013|Neurology
48013,Texas,Psychiatry,Mental Health Disorders,7925,6,269,2256.0,1320.8333333333333,3104.5,4291.15957060345,0.4254576689751436,LOW GAP,2.32,48013|Psychiatry
48013,Texas,Pulmonary,Respiratory Disease,5796,1,279,967.0,5796.0,4251.578947368421,5741.879971570142,1.363258232235702,HIGH GAP,7.42,48013|Pulmonary
48013,Texas,Rheumatology,Arthritis,8875,0,0,0.0,0.0,10453.0,13315.598760659872,0.0,NO PROVIDER,100.0,48013|Rheumatology
48015,Texas,Cardiology,Heart Disease,19131,1,1097,6969.0,19131.0,10823.136363636364,15071.056217261126,1.7676022325909562,HIGH GAP,9.62,48015|Cardiology
48015,Texas,Endocrinology,Diabetes,12266,0,0,0.0,0.0,18070.0,22988.768286620067,0.0,NO PROVIDER,100.0,48015|Endocrinology
48015,Texas,Oncology,Cancer,1840,0,0,0.0,0.0,2055.6666666666665,2642.926682217817,0.0,NO PROVIDER,100.0,48015|Oncology
48015,Texas,Neurology,Neurological Disorders,896,0,0,0.0,0.0,637.0,906.5174241117586,0.0,NO PROVIDER,100.0,48015|Neurology
48015,Texas,Psychiatry,Mental Health Disorders,5485,0,0,0.0,0.0,3104.5,4291.15957060345,0.0,NO PROVIDER,100.0,48015|Psychiatry
48015,Texas,Pulmonary,Respiratory Disease,4226,0,0,0.0,0.0,4251.578947368421,5741.879971570142,0.0,NO PROVIDER,100.0,48015|Pulmonary
48015,Texas,Rheumatology,Arthritis,6127,0,0,0.0,0.0,10453.0,13315.598760659872,0.0,NO PROVIDER,100.0,48015|Rheumatology
48017,Texas,Cardiology,Heart Disease,3591,0,0,0.0,0.0,10823.136363636364,15071.056217261126,0.0,NO PROVIDER,100.0,48017|Cardiology
48017,Texas,Endocrinology,Diabetes,2528,0,0,0.0,0.0,18070.0,22988.768286620067,0.0,NO PROVIDER,100.0,48017|Endocrinology
48017,Texas,Oncology,Cancer,276,0,0,0.0,0.0,2055.6666666666665,2642.926682217817,0.0,NO PROVIDER,100.0,48017|Oncology
48017,Texas,Neurology,Neurological Disorders,168,0,0,0.0,0.0,637.0,906.5174241117586,0.0,NO PROVIDER,100.0,48017|Neurology
48017,Texas,Psychiatry,Mental Health Disorders,1001,0,0,0.0,0.0,3104.5,4291.15957060345,0.0,NO PROVIDER,100.0,48017|Psychiatry
48017,Texas,Pulmonary,Respiratory Disease,760,0,0,0.0,0.0,4251.578947368421,5741.879971570142,0.0,NO PROVIDER,100.0,48017|Pulmonary
48017,Texas,Rheumatology,Arthritis,1061,0,0,0.0,0.0,10453.0,13315.598760659872,0.0,NO PROVIDER,100.0,48017|Rheumatology
48019,Texas,Cardiology,Heart Disease,15594,0,0,0.0,0.0,10823.136363636364,15071.056217261126,0.0,NO PROVIDER,100.0,48019|Cardiology
48019,Texas,Endocrinology,Diabetes,9160,0,0,0.0,0.0,18070.0,22988.768286620067,0.0,NO PROVIDER,100.0,48019|Endocrinology
48019,Texas,Oncology,Cancer,1684,0,0,0.0,0.0,2055.6666666666665,2642.926682217817,0.0,NO PROVIDER,100.0,48019|Oncology
48019,Texas,Neurology,Neurological Disorders,705,0,0,0.0,0.0,637.0,906.5174241117586,0.0,NO PROVIDER,100.0,48019|Neurology
48019,Texas,Psychiatry,Mental Health Disorders,4477,0,0,0.0,0.0,3104.5,4291.15957060345,0.0,NO PROVIDER,100.0,48019|Psychiatry
48019,Texas,Pulmonary,Respiratory Disease,3339,0,0,0.0,0.0,4251.578947368421,5741.879971570142,0.0,NO PROVIDER,100.0,48019|Pulmonary
48019,Texas,Rheumatology,Arthritis,5192,0,0,0.0,0.0,10453.0,13315.598760659872,0.0,NO PROVIDER,100.0,48019|Rheumatology
48021,Texas,Cardiology,Heart Disease,62264,0,0,0.0,0.0,10823.136363636364,15071.056217261126,0.0,NO PROVIDER,100.0,48021|Cardiology
48021,Texas,Endocrinology,Diabetes,43355,0,0,0.0,0.0,18070.0,22988.768286620067,0.0,NO PROVIDER,100.0,48021|Endocrinology
48021,Texas,Oncology,Cancer,5373,3,1446,372679.0,1791.0,2055.6666666666665,2642.926682217817,0.8712502026917465,MODERATE GAP,4.74,48021|Oncology
48021,Texas,Neurology,Neurological Disorders,2748,0,0,0.0,0.0,637.0,906.5174241117586,0.0,NO PROVIDER,100.0,48021|Neurology
48021,Texas,Psychiatry,Mental Health Disorders,18089,2,148,401.0,9044.5,3104.5,4291.15957060345,2.913351586406829,CRITICAL GAP,15.86,48021|Psychiatry
48021,Texas,Pulmonary,Respiratory Disease,13084,0,0,0.0,0.0,4251.578947368421,5741.879971570142,0.0,NO PROVIDER,100.0,48021|Pulmonary
48021,Texas,Rheumatology,Arthritis,18827,2,279,63006.0,9413.5,10453.0,13315.598760659872,0.900554864632163,MODERATE GAP,4.9,48021|Rheumatology
48023,Texas,Cardiology,Heart Disease,2205,0,0,0.0,0.0,10823.136363636364,15071.056217261126,0.0,NO PROVIDER,100.0,48023|Cardiology
48023,Texas,Endocrinology,Diabetes,1334,0,0,0.0,0.0,18070.0,22988.768286620067,0.0,NO PROVIDER,100.0,48023|Endocrinology
48023,Texas,Oncology,Cancer,223,0,0,0.0,0.0,2055.6666666666665,2642.926682217817,0.0,NO PROVIDER,100.0,48023|Oncology
48023,Texas,Neurology,Neurological Disorders,108,0,0,0.0,0.0,637.0,906.5174241117586,0.0,NO PROVIDER,100.0,48023|Neurology
48023,Texas,Psychiatry,Mental Health Disorders,667,0,0,0.0,0.0,3104.5,4291.15957060345,0.0,NO PROVIDER,100.0,48023|Psychiatry
48023,Texas,Pulmonary,Respiratory Disease,515,0,0,0.0,0.0,4251.578947368421,5741.879971570142,0.0,NO PROVIDER,100.0,48023|Pulmonary
48023,Texas,Rheumatology,Arthritis,727,0,0,0.0,0.0,10453.0,13315.598760659872,0.0,NO PROVIDER,100.0,48023|Rheumatology
48025,Texas,Cardiology,Heart Disease,18417,1,502,1169.0,18417.0,10823.136363636364,15071.056217261126,1.7016324456446417,HIGH GAP,9.26,48025|Cardiology
48025,Texas,Endocrinology,Diabetes,13206,0,0,0.0,0.0,18070.0,22988.768286620067,0.0,NO PROVIDER,100.0,48025|Endocrinology
48025,Texas,Oncology,Cancer,1269,0,0,0.0,0.0,2055.6666666666665,2642.926682217817,0.0,NO PROVIDER,100.0,48025|Oncology
48025,Texas,Neurology,Neurological Disorders,813,0,0,0.0,0.0,637.0,906.5174241117586,0.0,NO PROVIDER,100.0,48025|Neurology
48025,Texas,Psychiatry,Mental Health Disorders,4792,0,0,0.0,0.0,3104.5,4291.15957060345,0.0,NO PROVIDER,100.0,48025|Psychiatry
48025,Texas,Pulmonary,Respiratory Disease,3573,1,869,4096.0,3573.0,4251.578947368421,5741.879971570142,0.8403936617974747,MODERATE GAP,4.58,48025|Pulmonary
48025,Texas,Rheumatology,Arthritis,5051,0,0,0.0,0.0,10453.0,13315.598760659872,0.0,NO PROVIDER,100.0,48025|Rheumatology
48027,Texas,Cardiology,Heart Disease,199636,2,2069,4222.0,99818.0,10823.136363636364,15071.056217261126,9.22265013082244,CRITICAL GAP,50.22,48027|Cardiology
48027,Texas,Endocrinology,Diabetes,160137,1,172,547.0,160137.0,18070.0,22988.768286620067,8.862036524626452,CRITICAL GAP,48.25,48027|Endocrinology
48027,Texas,Oncology,Cancer,17112,1,66,345.0,17112.0,2055.6666666666665,2642.926682217817,8.32430679422734,CRITICAL GAP,45.32,48027|Oncology
48027,Texas,Neurology,Neurological Disorders,9269,2,354,3633.0,4634.5,637.0,906.5174241117586,7.275510204081633,CRITICAL GAP,39.61,48027|Neurology
48027,Texas,Psychiatry,Mental Health Disorders,70015,13,438,2396.0,5385.769230769231,3104.5,4291.15957060345,1.734826616450066,HIGH GAP,9.45,48027|Psychiatry
48027,Texas,Pulmonary,Respiratory Disease,47485,1,480,1027.0,47485.0,4251.578947368421,5741.879971570142,11.1687917801436,CRITICAL GAP,60.81,48027|Pulmonary
48027,Texas,Rheumatology,Arthritis,66593,0,0,0.0,0.0,10453.0,13315.598760659872,0.0,NO PROVIDER,100.0,48027|Rheumatology
48029,Texas,Cardiology,Heart Disease,1119698,113,56297,228158.0,9908.83185840708,10823.136363636364,15071.056217261126,0.9155231464789476,MODERATE GAP,4.98,48029|Cardiology
48029,Texas,Endocrinology,Diabetes,756979,39,13634,206135.0,19409.71794871795,18070.0,22988.768286620067,1.0741404509528472,HIGH GAP,5.85,48029|Endocrinology
48029,Texas,Oncology,Cancer,85160,53,14528,3242126.0,1606.7924528301887,2055.6666666666665,2642.926682217817,0.7816405640490622,MODERATE GAP,4.26,48029|Oncology
48029,Texas,Neurology,Neurological Disorders,47311,97,18939,273215.0,487.74226804123714,637.0,906.5174241117586,0.7656864490443284,MODERATE GAP,4.17,48029|Neurology
48029,Texas,Psychiatry,Mental Health Disorders,348526,129,4289,30068.0,2701.751937984496,3104.5,4291.15957060345,0.8702695886566263,MODERATE GAP,4.74,48029|Psychiatry
48029,Texas,Pulmonary,Respiratory Disease,221575,82,27247,104553.0,2702.1341463414637,4251.578947368421,5741.879971570142,0.6355601483100743,MODERATE GAP,3.46,48029|Pulmonary
48029,Texas,Rheumatology,Arthritis,345372,33,10308,2490627.2,10465.818181818182,10453.0,13315.598760659872,1.0012262682309558,HIGH GAP,5.45,48029|Rheumatology
48031,Texas,Cardiology,Heart Disease,8341,0,0,0.0,0.0,10823.136363636364,15071.056217261126,0.0,NO PROVIDER,100.0,48031|Cardiology
48031,Texas,Endocrinology,Diabetes,4963,0,0,0.0,0.0,18070.0,22988.768286620067,0.0,NO PROVIDER,100.0,48031|Endocrinology
48031,Texas,Oncology,Cancer,959,0,0,0.0,0.0,2055.6666666666665,2642.926682217817,0.0,NO PROVIDER,100.0,48031|Oncology
48031,Texas,Neurology,Neurological Disorders,343,0,0,0.0,0.0,637.0,906.5174241117586,0.0,NO PROVIDER,100.0,48031|Neurology
48031,Texas,Psychiatry,Mental Health Disorders,2441,0,0,0.0,0.0,3104.5,4291.15957060345,0.0,NO PROVIDER,100.0,48031|Psychiatry
48031,Texas,Pulmonary,Respiratory Disease,1716,0,0,0.0,0.0,4251.578947368421,5741.879971570142,0.0,NO PROVIDER,100.0,48031|Pulmonary
48031,Texas,Rheumatology,Arthritis,2768,0,0,0.0,0.0,10453.0,13315.598760659872,0.0,NO PROVIDER,100.0,48031|Rheumatology
48033,Texas,Cardiology,Heart Disease,355,0,0,0.0,0.0,10823.136363636364,15071.056217261126,0.0,NO PROVIDER,100.0,48033|Cardiology
48033,Texas,Endocrinology,Diabetes,202,0,0,0.0,0.0,18070.0,22988.768286620067,0.0,NO PROVIDER,100.0,48033|Endocrinology
48033,Texas,Oncology,Cancer,40,0,0,0.0,0.0,2055.6666666666665,2642.926682217817,0.0,NO PROVIDER,100.0,48033|Oncology
48033,Texas,Neurology,Neurological Disorders,15,0,0,0.0,0.0,637.0,906.5174241117586,0.0,NO PROVIDER,100.0,48033|Neurology
48033,Texas,Psychiatry,Mental Health Disorders,105,0,0,0.0,0.0,3104.5,4291.15957060345,0.0,NO PROVIDER,100.0,48033|Psychiatry
48033,Texas,Pulmonary,Respiratory Disease,73,0,0,0.0,0.0,4251.578947368421,5741.879971570142,0.0,NO PROVIDER,100.0,48033|Pulmonary
48033,Texas,Rheumatology,Arthritis,116,0,0,0.0,0.0,10453.0,13315.598760659872,0.0,NO PROVIDER,100.0,48033|Rheumatology
48035,Texas,Cardiology,Heart Disease,11953,1,975,3937.0,11953.0,10823.136363636364,15071.056217261126,1.1043933660634415,HIGH GAP,6.01,48035|Cardiology
48035,Texas,Endocrinology,Diabetes,7291,0,0,0.0,0.0,18070.0,22988.768286620067,0.0,NO PROVIDER,100.0,48035|Endocrinology
48035,Texas,Oncology,Cancer,1288,0,0,0.0,0.0,2055.6666666666665,2642.926682217817,0.0,NO PROVIDER,100.0,48035|Oncology
48035,Texas,Neurology,Neurological Disorders,550,0,0,0.0,0.0,637.0,906.5174241117586,0.0,NO PROVIDER,100.0,48035|Neurology
48035,Texas,Psychiatry,Mental Health Disorders,3593,1,0,0.0,3593.0,3104.5,4291.15957060345,1.1573522306329522,HIGH GAP,6.3,48035|Psychiatry
48035,Texas,Pulmonary,Respiratory Disease,2666,0,0,0.0,0.0,4251.578947368421,5741.879971570142,0.0,NO PROVIDER,100.0,48035|Pulmonary
48035,Texas,Rheumatology,Arthritis,4007,0,0,0.0,0.0,10453.0,13315.598760659872,0.0,NO PROVIDER,100.0,48035|Rheumatology
48037,Texas,Cardiology,Heart Disease,54274,5,7436,22895.0,10854.8,10823.136363636364,15071.056217261126,1.0029255509031576,HIGH GAP,5.46,48037|Cardiology
48037,Texas,Endocrinology,Diabetes,34795,1,576,1255.0,34795.0,18070.0,22988.768286620067,1.9255672385168787,HIGH GAP,10.48,48037|Endocrinology
48037,Texas,Oncology,Cancer,4966,1,355,840.0,4966.0,2055.6666666666665,2642.926682217817,2.415761310199449,CRITICAL GAP,13.15,48037|Oncology
48037,Texas,Neurology,Neurological Disorders,2658,1,329,540.0,2658.0,637.0,906.5174241117586,4.172684458398744,CRITICAL GAP,22.72,48037|Neurology
48037,Texas,Psychiatry,Mental Health Disorders,16716,3,477,1659.0,5572.0,3104.5,4291.15957060345,1.7948139797068772,HIGH GAP,9.77,48037|Psychiatry
48037,Texas,Pulmonary,Respiratory Disease,12905,1,369,4133.0,12905.0,4251.578947368421,5741.879971570142,3.0353429066600643,CRITICAL GAP,16.53,48037|Pulmonary
48037,Texas,Rheumatology,Arthritis,17800,1,319,95156.0,17800.0,10453.0,13315.598760659872,1.7028604228451163,HIGH GAP,9.27,48037|Rheumatology
48039,Texas,Cardiology,Heart Disease,214422,12,5632,34919.0,17868.5,10823.136363636364,15071.056217261126,1.650953974860253,HIGH GAP,8.99,48039|Cardiology
48039,Texas,Endocrinology,Diabetes,141857,3,926,6185.0,47285.66666666666,18070.0,22988.768286620067,2.6168050175244417,CRITICAL GAP,14.25,48039|Endocrinology
48039,Texas,Oncology,Cancer,18141,4,426,288936.5,4535.25,2055.6666666666665,2642.926682217817,2.206218582779309,CRITICAL GAP,12.01,48039|Oncology
48039,Texas,Neurology,Neurological Disorders,8476,20,3783,36494.0,423.8,637.0,906.5174241117586,0.6653061224489796,MODERATE GAP,3.62,48039|Neurology
48039,Texas,Psychiatry,Mental Health Disorders,59181,12,802,4668.0,4931.75,3104.5,4291.15957060345,1.588581091963279,HIGH GAP,8.65,48039|Psychiatry
48039,Texas,Pulmonary,Respiratory Disease,42527,4,822,2297.0,10631.75,4251.578947368421,5741.879971570142,2.500659197821243,CRITICAL GAP,13.62,48039|Pulmonary
48039,Texas,Rheumatology,Arthritis,62007,4,355,51309.0,15501.75,10453.0,13315.598760659872,1.4829953123505213,HIGH GAP,8.07,48039|Rheumatology
48041,Texas,Cardiology,Heart Disease,131387,9,7373,72661.0,14598.555555555557,10823.136363636364,15071.056217261126,1.348828571041927,HIGH GAP,7.34,48041|Cardiology
48041,Texas,Endocrinology,Diabetes,82385,2,446,1723.0,41192.5,18070.0,22988.768286620067,2.279607083563918,CRITICAL GAP,12.41,48041|Endocrinology
48041,Texas,Oncology,Cancer,10933,2,1033,292460.0,5466.5,2055.6666666666665,2642.926682217817,2.659234635965624,CRITICAL GAP,14.48,48041|Oncology
48041,Texas,Neurology,Neurological Disorders,5759,1,376,2920.0,5759.0,637.0,906.5174241117586,9.040816326530612,CRITICAL GAP,49.23,48041|Neurology
48041,Texas,Psychiatry,Mental Health Disorders,46073,8,193,1278.0,5759.125,3104.5,4291.15957060345,1.8550893863746172,HIGH GAP,10.1,48041|Psychiatry
48041,Texas,Pulmonary,Respiratory Disease,30455,6,2581,5337.0,5075.833333333333,4251.578947368421,5741.879971570142,1.19387018238838,HIGH GAP,6.5,48041|Pulmonary
48041,Texas,Rheumatology,Arthritis,38948,2,921,549291.5,19474.0,10453.0,13315.598760659872,1.8630058356452688,HIGH GAP,10.14,48041|Rheumatology
48043,Texas,Cardiology,Heart Disease,5779,0,0,0.0,0.0,10823.136363636364,15071.056217261126,0.0,NO PROVIDER,100.0,48043|Cardiology
48043,Texas,Endocrinology,Diabetes,3546,0,0,0.0,0.0,18070.0,22988.768286620067,0.0,NO PROVIDER,100.0,48043|Endocrinology
48043,Texas,Oncology,Cancer,581,0,0,0.0,0.0,2055.6666666666665,2642.926682217817,0.0,NO PROVIDER,100.0,48043|Oncology
48043,Texas,Neurology,Neurological Disorders,229,0,0,0.0,0.0,637.0,906.5174241117586,0.0,NO PROVIDER,100.0,48043|Neurology
48043,Texas,Psychiatry,Mental Health Disorders,1629,0,0,0.0,0.0,3104.5,4291.15957060345,0.0,NO PROVIDER,100.0,48043|Psychiatry
48043,Texas,Pulmonary,Respiratory Disease,1103,0,0,0.0,0.0,4251.578947368421,5741.879971570142,0.0,NO PROVIDER,100.0,48043|Pulmonary
48043,Texas,Rheumatology,Arthritis,1763,0,0,0.0,0.0,10453.0,13315.598760659872,0.0,NO PROVIDER,100.0,48043|Rheumatology
48045,Texas,Cardiology,Heart Disease,959,0,0,0.0,0.0,10823.136363636364,15071.056217261126,0.0,NO PROVIDER,100.0,48045|Cardiology
48045,Texas,Endocrinology,Diabetes,621,0,0,0.0,0.0,18070.0,22988.768286620067,0.0,NO PROVIDER,100.0,48045|Endocrinology
48045,Texas,Oncology,Cancer,90,0,0,0.0,0.0,2055.6666666666665,2642.926682217817,0.0,NO PROVIDER,100.0,48045|Oncology
48045,Texas,Neurology,Neurological Disorders,50,0,0,0.0,0.0,637.0,906.5174241117586,0.0,NO PROVIDER,100.0,48045|Neurology
48045,Texas,Psychiatry,Mental Health Disorders,267,0,0,0.0,0.0,3104.5,4291.15957060345,0.0,NO PROVIDER,100.0,48045|Psychiatry
48045,Texas,Pulmonary,Respiratory Disease,220,0,0,0.0,0.0,4251.578947368421,5741.879971570142,0.0,NO PROVIDER,100.0,48045|Pulmonary
48045,Texas,Rheumatology,Arthritis,314,0,0,0.0,0.0,10453.0,13315.598760659872,0.0,NO PROVIDER,100.0,48045|Rheumatology
48047,Texas,Cardiology,Heart Disease,4147,0,0,0.0,0.0,10823.136363636364,15071.056217261126,0.0,NO PROVIDER,100.0,48047|Cardiology
48047,Texas,Endocrinology,Diabetes,3164,0,0,0.0,0.0,18070.0,22988.768286620067,0.0,NO PROVIDER,100.0,48047|Endocrinology
48047,Texas,Oncology,Cancer,243,0,0,0.0,0.0,2055.6666666666665,2642.926682217817,0.0,NO PROVIDER,100.0,48047|Oncology
48047,Texas,Neurology,Neurological Disorders,212,0,0,0.0,0.0,637.0,906.5174241117586,0.0,NO PROVIDER,100.0,48047|Neurology
48047,Texas,Psychiatry,Mental Health Disorders,997,0,0,0.0,0.0,3104.5,4291.15957060345,0.0,NO PROVIDER,100.0,48047|Psychiatry
48047,Texas,Pulmonary,Respiratory Disease,800,0,0,0.0,0.0,4251.578947368421,5741.879971570142,0.0,NO PROVIDER,100.0,48047|Pulmonary
48047,Texas,Rheumatology,Arthritis,1153,0,0,0.0,0.0,10453.0,13315.598760659872,0.0,NO PROVIDER,100.0,48047|Rheumatology
48049,Texas,Cardiology,Heart Disease,24016,1,2229,6964.0,24016.0,10823.136363636364,15071.056217261126,2.2189501446816373,CRITICAL GAP,12.08,48049|Cardiology
48049,Texas,Endocrinology,Diabetes,14693,0,0,0.0,0.0,18070.0,22988.768286620067,0.0,NO PROVIDER,100.0,48049|Endocrinology
48049,Texas,Oncology,Cancer,2385,2,207,504.0,1192.5,2055.6666666666665,2642.926682217817,0.5801037781741528,MODERATE GAP,3.16,48049|Oncology
48049,Texas,Neurology,Neurological Disorders,1123,0,0,0.0,0.0,637.0,906.5174241117586,0.0,NO PROVIDER,100.0,48049|Neurology
48049,Texas,Psychiatry,Mental Health Disorders,7400,0,0,0.0,0.0,3104.5,4291.15957060345,0.0,NO PROVIDER,100.0,48049|Psychiatry
48049,Texas,Pulmonary,Respiratory Disease,5508,0,0,0.0,0.0,4251.578947368421,5741.879971570142,0.0,NO PROVIDER,100.0,48049|Pulmonary
48049,Texas,Rheumatology,Arthritis,7831,0,0,0.0,0.0,10453.0,13315.598760659872,0.0,NO PROVIDER,100.0,48049|Rheumatology
48051,Texas,Cardiology,Heart Disease,11853,3,3341,7267.0,3951.0,10823.136363636364,15071.056217261126,0.365051300034858,LOW GAP,1.99,48051|Cardiology
48051,Texas,Endocrinology,Diabetes,7319,1,0,0.0,7319.0,18070.0,22988.768286620067,0.4050359712230216,LOW GAP,2.21,48051|Endocrinology
48051,Texas,Oncology,Cancer,1151,2,571,1918.0,575.5,2055.6666666666665,2642.926682217817,0.2799578401167504,LOW GAP,1.52,48051|Oncology
48051,Texas,Neurology,Neurological Disorders,537,0,0,0.0,0.0,637.0,906.5174241117586,0.0,NO PROVIDER,100.0,48051|Neurology
48051,Texas,Psychiatry,Mental Health Disorders,3429,0,0,0.0,0.0,3104.5,4291.15957060345,0.0,NO PROVIDER,100.0,48051|Psychiatry
48051,Texas,Pulmonary,Respiratory Disease,2589,2,777,1669.0,1294.5,4251.578947368421,5741.879971570142,0.3044751176033672,LOW GAP,1.66,48051|Pulmonary
48051,Texas,Rheumatology,Arthritis,3777,2,141,329.0,1888.5,10453.0,13315.598760659872,0.1806658375585956,LOW GAP,0.98,48051|Rheumatology
48053,Texas,Cardiology,Heart Disease,33333,2,3120,7827.0,16666.5,10823.136363636364,15071.056217261126,1.5398955940346648,HIGH GAP,8.38,48053|Cardiology
48053,Texas,Endocrinology,Diabetes,20376,2,1049,2058.0,10188.0,18070.0,22988.768286620067,0.5638074156059768,MODERATE GAP,3.07,48053|Endocrinology
48053,Texas,Oncology,Cancer,3536,2,799,3768.0,1768.0,2055.6666666666665,2642.926682217817,0.8600616182909032,MODERATE GAP,4.68,48053|Oncology
48053,Texas,Neurology,Neurological Disorders,1466,5,1388,2832.0,293.2,637.0,906.5174241117586,0.4602825745682888,LOW GAP,2.51,48053|Neurology
48053,Texas,Psychiatry,Mental Health Disorders,9875,2,27,710.0,4937.5,3104.5,4291.15957060345,1.590433242067966,HIGH GAP,8.66,48053|Psychiatry
48053,Texas,Pulmonary,Respiratory Disease,7202,0,0,0.0,0.0,4251.578947368421,5741.879971570142,0.0,NO PROVIDER,100.0,48053|Pulmonary
48053,Texas,Rheumatology,Arthritis,11125,1,150,583.0,11125.0,10453.0,13315.598760659872,1.0642877642781976,HIGH GAP,5.79,48053|Rheumatology
48055,Texas,Cardiology,Heart Disease,28697,0,0,0.0,0.0,10823.136363636364,15071.056217261126,0.0,NO PROVIDER,100.0,48055|Cardiology
48055,Texas,Endocrinology,Diabetes,21575,0,0,0.0,0.0,18070.0,22988.768286620067,0.0,NO PROVIDER,100.0,48055|Endocrinology
48055,Texas,Oncology,Cancer,2259,0,0,0.0,0.0,2055.6666666666665,2642.926682217817,0.0,NO PROVIDER,100.0,48055|Oncology
48055,Texas,Neurology,Neurological Disorders,1321,0,0,0.0,0.0,637.0,906.5174241117586,0.0,NO PROVIDER,100.0,48055|Neurology
48055,Texas,Psychiatry,Mental Health Disorders,8232,0,0,0.0,0.0,3104.5,4291.15957060345,0.0,NO PROVIDER,100.0,48055|Psychiatry
48055,Texas,Pulmonary,Respiratory Disease,6088,0,0,0.0,0.0,4251.578947368421,5741.879971570142,0.0,NO PROVIDER,100.0,48055|Pulmonary
48055,Texas,Rheumatology,Arthritis,8672,0,0,0.0,0.0,10453.0,13315.598760659872,0.0,NO PROVIDER,100.0,48055|Rheumatology
48057,Texas,Cardiology,Heart Disease,11609,0,0,0.0,0.0,10823.136363636364,15071.056217261126,0.0,NO PROVIDER,100.0,48057|Cardiology
48057,Texas,Endocrinology,Diabetes,7344,0,0,0.0,0.0,18070.0,22988.768286620067,0.0,NO PROVIDER,100.0,48057|Endocrinology
48057,Texas,Oncology,Cancer,1017,0,0,0.0,0.0,2055.6666666666665,2642.926682217817,0.0,NO PROVIDER,100.0,48057|Oncology
48057,Texas,Neurology,Neurological Disorders,516,0,0,0.0,0.0,637.0,906.5174241117586,0.0,NO PROVIDER,100.0,48057|Neurology
48057,Texas,Psychiatry,Mental Health Disorders,3111,0,0,0.0,0.0,3104.5,4291.15957060345,0.0,NO PROVIDER,100.0,48057|Psychiatry
48057,Texas,Pulmonary,Respiratory Disease,2352,0,0,0.0,0.0,4251.578947368421,5741.879971570142,0.0,NO PROVIDER,100.0,48057|Pulmonary
48057,Texas,Rheumatology,Arthritis,3520,0,0,0.0,0.0,10453.0,13315.598760659872,0.0,NO PROVIDER,100.0,48057|Rheumatology
48059,Texas,Cardiology,Heart Disease,8786,0,0,0.0,0.0,10823.136363636364,15071.056217261126,0.0,NO PROVIDER,100.0,48059|Cardiology
48059,Texas,Endocrinology,Diabetes,5370,0,0,0.0,0.0,18070.0,22988.768286620067,0.0,NO PROVIDER,100.0,48059|Endocrinology
48059,Texas,Oncology,Cancer,927,0,0,0.0,0.0,2055.6666666666665,2642.926682217817,0.0,NO PROVIDER,100.0,48059|Oncology
48059,Texas,Neurology,Neurological Disorders,388,0,0,0.0,0.0,637.0,906.5174241117586,0.0,NO PROVIDER,100.0,48059|Neurology
48059,Texas,Psychiatry,Mental Health Disorders,2764,0,0,0.0,0.0,3104.5,4291.15957060345,0.0,NO PROVIDER,100.0,48059|Psychiatry
48059,Texas,Pulmonary,Respiratory Disease,1978,0,0,0.0,0.0,4251.578947368421,5741.879971570142,0.0,NO PROVIDER,100.0,48059|Pulmonary
48059,Texas,Rheumatology,Arthritis,2910,0,0,0.0,0.0,10453.0,13315.598760659872,0.0,NO PROVIDER,100.0,48059|Rheumatology
48061,Texas,Cardiology,Heart Disease,230488,20,10791,57488.0,11524.4,10823.136363636364,15071.056217261126,1.064793014963735,HIGH GAP,5.8,48061|Cardiology
48061,Texas,Endocrinology,Diabetes,179337,4,809,3143.0,44834.25,18070.0,22988.768286620067,2.481142778085224,CRITICAL GAP,13.51,48061|Endocrinology
48061,Texas,Oncology,Cancer,14549,3,1316,288462.0,4849.666666666667,2055.6666666666665,2642.926682217817,2.3591697746067783,CRITICAL GAP,12.85,48061|Oncology
48061,Texas,Neurology,Neurological Disorders,11486,15,2080,7124.0,765.7333333333333,637.0,906.5174241117586,1.202093144950288,HIGH GAP,6.55,48061|Neurology
48061,Texas,Psychiatry,Mental Health Disorders,58196,11,546,2452.0,5290.545454545455,3104.5,4291.15957060345,1.7041537943454517,HIGH GAP,9.28,48061|Psychiatry
48061,Texas,Pulmonary,Respiratory Disease,45179,6,1931,10938.0,7529.833333333333,4251.578947368421,5741.879971570142,1.7710675084591896,HIGH GAP,9.64,48061|Pulmonary
48061,Texas,Rheumatology,Arthritis,59881,2,256,5031.5,29940.5,10453.0,13315.598760659872,2.8642973309097868,CRITICAL GAP,15.6,48061|Rheumatology
48063,Texas,Cardiology,Heart Disease,7786,0,0,0.0,0.0,10823.136363636364,15071.056217261126,0.0,NO PROVIDER,100.0,48063|Cardiology
48063,Texas,Endocrinology,Diabetes,5222,0,0,0.0,0.0,18070.0,22988.768286620067,0.0,NO PROVIDER,100.0,48063|Endocrinology
48063,Texas,Oncology,Cancer,669,0,0,0.0,0.0,2055.6666666666665,2642.926682217817,0.0,NO PROVIDER,100.0,48063|Oncology
48063,Texas,Neurology,Neurological Disorders,408,0,0,0.0,0.0,637.0,906.5174241117586,0.0,NO PROVIDER,100.0,48063|Neurology
48063,Texas,Psychiatry,Mental Health Disorders,2269,0,0,0.0,0.0,3104.5,4291.15957060345,0.0,NO PROVIDER,100.0,48063|Psychiatry
48063,Texas,Pulmonary,Respiratory Disease,1856,0,0,0.0,0.0,4251.578947368421,5741.879971570142,0.0,NO PROVIDER,100.0,48063|Pulmonary
48063,Texas,Rheumatology,Arthritis,2521,0,0,0.0,0.0,10453.0,13315.598760659872,0.0,NO PROVIDER,100.0,48063|Rheumatology
48065,Texas,Cardiology,Heart Disease,3344,0,0,0.0,0.0,10823.136363636364,15071.056217261126,0.0,NO PROVIDER,100.0,48065|Cardiology
48065,Texas,Endocrinology,Diabetes,2003,0,0,0.0,0.0,18070.0,22988.768286620067,0.0,NO PROVIDER,100.0,48065|Endocrinology
48065,Texas,Oncology,Cancer,368,0,0,0.0,0.0,2055.6666666666665,2642.926682217817,0.0,NO PROVIDER,100.0,48065|Oncology
48065,Texas,Neurology,Neurological Disorders,138,0,0,0.0,0.0,637.0,906.5174241117586,0.0,NO PROVIDER,100.0,48065|Neurology
48065,Texas,Psychiatry,Mental Health Disorders,1076,0,0,0.0,0.0,3104.5,4291.15957060345,0.0,NO PROVIDER,100.0,48065|Psychiatry
48065,Texas,Pulmonary,Respiratory Disease,731,0,0,0.0,0.0,4251.578947368421,5741.879971570142,0.0,NO PROVIDER,100.0,48065|Pulmonary
48065,Texas,Rheumatology,Arthritis,1101,0,0,0.0,0.0,10453.0,13315.598760659872,0.0,NO PROVIDER,100.0,48065|Rheumatology
48067,Texas,Cardiology,Heart Disease,18312,0,0,0.0,0.0,10823.136363636364,15071.056217261126,0.0,NO PROVIDER,100.0,48067|Cardiology
48067,Texas,Endocrinology,Diabetes,11747,0,0,0.0,0.0,18070.0,22988.768286620067,0.0,NO PROVIDER,100.0,48067|Endocrinology
48067,Texas,Oncology,Cancer,1757,0,0,0.0,0.0,2055.6666666666665,2642.926682217817,0.0,NO PROVIDER,100.0,48067|Oncology
48067,Texas,Neurology,Neurological Disorders,939,0,0,0.0,0.0,637.0,906.5174241117586,0.0,NO PROVIDER,100.0,48067|Neurology
48067,Texas,Psychiatry,Mental Health Disorders,5503,1,18,112.0,5503.0,3104.5,4291.15957060345,1.772588178450636,HIGH GAP,9.65,48067|Psychiatry
48067,Texas,Pulmonary,Respiratory Disease,4387,0,0,0.0,0.0,4251.578947368421,5741.879971570142,0.0,NO PROVIDER,100.0,48067|Pulmonary
48067,Texas,Rheumatology,Arthritis,6189,0,0,0.0,0.0,10453.0,13315.598760659872,0.0,NO PROVIDER,100.0,48067|Rheumatology
48069,Texas,Cardiology,Heart Disease,3912,0,0,0.0,0.0,10823.136363636364,15071.056217261126,0.0,NO PROVIDER,100.0,48069|Cardiology
48069,Texas,Endocrinology,Diabetes,2715,0,0,0.0,0.0,18070.0,22988.768286620067,0.0,NO PROVIDER,100.0,48069|Endocrinology
48069,Texas,Oncology,Cancer,309,0,0,0.0,0.0,2055.6666666666665,2642.926682217817,0.0,NO PROVIDER,100.0,48069|Oncology
48069,Texas,Neurology,Neurological Disorders,179,0,0,0.0,0.0,637.0,906.5174241117586,0.0,NO PROVIDER,100.0,48069|Neurology
48069,Texas,Psychiatry,Mental Health Disorders,1042,0,0,0.0,0.0,3104.5,4291.15957060345,0.0,NO PROVIDER,100.0,48069|Psychiatry
48069,Texas,Pulmonary,Respiratory Disease,784,0,0,0.0,0.0,4251.578947368421,5741.879971570142,0.0,NO PROVIDER,100.0,48069|Pulmonary
48069,Texas,Rheumatology,Arthritis,1139,0,0,0.0,0.0,10453.0,13315.598760659872,0.0,NO PROVIDER,100.0,48069|Rheumatology
48071,Texas,Cardiology,Heart Disease,27207,1,475,9341.0,27207.0,10823.136363636364,15071.056217261126,2.513781503429102,CRITICAL GAP,13.69,48071|Cardiology
48071,Texas,Endocrinology,Diabetes,17742,0,0,0.0,0.0,18070.0,22988.768286620067,0.0,NO PROVIDER,100.0,48071|Endocrinology
48071,Texas,Oncology,Cancer,2512,0,0,0.0,0.0,2055.6666666666665,2642.926682217817,0.0,NO PROVIDER,100.0,48071|Oncology
48071,Texas,Neurology,Neurological Disorders,1130,0,0,0.0,0.0,637.0,906.5174241117586,0.0,NO PROVIDER,100.0,48071|Neurology
48071,Texas,Psychiatry,Mental Health Disorders,9095,0,0,0.0,0.0,3104.5,4291.15957060345,0.0,NO PROVIDER,100.0,48071|Psychiatry
48071,Texas,Pulmonary,Respiratory Disease,6096,0,0,0.0,0.0,4251.578947368421,5741.879971570142,0.0,NO PROVIDER,100.0,48071|Pulmonary
48071,Texas,Rheumatology,Arthritis,8511,0,0,0.0,0.0,10453.0,13315.598760659872,0.0,NO PROVIDER,100.0,48071|Rheumatology
48073,Texas,Cardiology,Heart Disease,30738,0,0,0.0,0.0,10823.136363636364,15071.056217261126,0.0,NO PROVIDER,100.0,48073|Cardiology
48073,Texas,Endocrinology,Diabetes,19301,0,0,0.0,0.0,18070.0,22988.768286620067,0.0,NO PROVIDER,100.0,48073|Endocrinology
48073,Texas,Oncology,Cancer,2771,1,1058,209861.0,2771.0,2055.6666666666665,2642.926682217817,1.3479811902059349,HIGH GAP,7.34,48073|Oncology
48073,Texas,Neurology,Neurological Disorders,1542,0,0,0.0,0.0,637.0,906.5174241117586,0.0,NO PROVIDER,100.0,48073|Neurology
48073,Texas,Psychiatry,Mental Health Disorders,9348,10,133,436.0,934.8,3104.5,4291.15957060345,0.301111290062812,LOW GAP,1.64,48073|Psychiatry
48073,Texas,Pulmonary,Respiratory Disease,7318,0,0,0.0,0.0,4251.578947368421,5741.879971570142,0.0,NO PROVIDER,100.0,48073|Pulmonary
48073,Texas,Rheumatology,Arthritis,9992,0,0,0.0,0.0,10453.0,13315.598760659872,0.0,NO PROVIDER,100.0,48073|Rheumatology
48075,Texas,Cardiology,Heart Disease,4047,0,0,0.0,0.0,10823.136363636364,15071.056217261126,0.0,NO PROVIDER,100.0,48075|Cardiology
48075,Texas,Endocrinology,Diabetes,2675,0,0,0.0,0.0,18070.0,22988.768286620067,0.0,NO PROVIDER,100.0,48075|Endocrinology
48075,Texas,Oncology,Cancer,357,0,0,0.0,0.0,2055.6666666666665,2642.926682217817,0.0,NO PROVIDER,100.0,48075|Oncology
48075,Texas,Neurology,Neurological Disorders,184,0,0,0.0,0.0,637.0,906.5174241117586,0.0,NO PROVIDER,100.0,48075|Neurology
48075,Texas,Psychiatry,Mental Health Disorders,1211,0,0,0.0,0.0,3104.5,4291.15957060345,0.0,NO PROVIDER,100.0,48075|Psychiatry
48075,Texas,Pulmonary,Respiratory Disease,897,0,0,0.0,0.0,4251.578947368421,5741.879971570142,0.0,NO PROVIDER,100.0,48075|Pulmonary
48075,Texas,Rheumatology,Arthritis,1247,0,0,0.0,0.0,10453.0,13315.598760659872,0.0,NO PROVIDER,100.0,48075|Rheumatology
48077,Texas,Cardiology,Heart Disease,6701,0,0,0.0,0.0,10823.136363636364,15071.056217261126,0.0,NO PROVIDER,100.0,48077|Cardiology
48077,Texas,Endocrinology,Diabetes,3959,0,0,0.0,0.0,18070.0,22988.768286620067,0.0,NO PROVIDER,100.0,48077|Endocrinology
48077,Texas,Oncology,Cancer,735,0,0,0.0,0.0,2055.6666666666665,2642.926682217817,0.0,NO PROVIDER,100.0,48077|Oncology
48077,Texas,Neurology,Neurological Disorders,295,0,0,0.0,0.0,637.0,906.5174241117586,0.0,NO PROVIDER,100.0,48077|Neurology
48077,Texas,Psychiatry,Mental Health Disorders,2093,0,0,0.0,0.0,3104.5,4291.15957060345,0.0,NO PROVIDER,100.0,48077|Psychiatry
48077,Texas,Pulmonary,Respiratory Disease,1495,0,0,0.0,0.0,4251.578947368421,5741.879971570142,0.0,NO PROVIDER,100.0,48077|Pulmonary
48077,Texas,Rheumatology,Arthritis,2268,0,0,0.0,0.0,10453.0,13315.598760659872,0.0,NO PROVIDER,100.0,48077|Rheumatology
48079,Texas,Cardiology,Heart Disease,1523,0,0,0.0,0.0,10823.136363636364,15071.056217261126,0.0,NO PROVIDER,100.0,48079|Cardiology
48079,Texas,Endocrinology,Diabetes,1109,0,0,0.0,0.0,18070.0,22988.768286620067,0.0,NO PROVIDER,100.0,48079|Endocrinology
48079,Texas,Oncology,Cancer,107,0,0,0.0,0.0,2055.6666666666665,2642.926682217817,0.0,NO PROVIDER,100.0,48079|Oncology
48079,Texas,Neurology,Neurological Disorders,85,0,0,0.0,0.0,637.0,906.5174241117586,0.0,NO PROVIDER,100.0,48079|Neurology
48079,Texas,Psychiatry,Mental Health Disorders,423,0,0,0.0,0.0,3104.5,4291.15957060345,0.0,NO PROVIDER,100.0,48079|Psychiatry
48079,Texas,Pulmonary,Respiratory Disease,355,0,0,0.0,0.0,4251.578947368421,5741.879971570142,0.0,NO PROVIDER,100.0,48079|Pulmonary
48079,Texas,Rheumatology,Arthritis,463,0,0,0.0,0.0,10453.0,13315.598760659872,0.0,NO PROVIDER,100.0,48079|Rheumatology
48081,Texas,Cardiology,Heart Disease,2184,0,0,0.0,0.0,10823.136363636364,15071.056217261126,0.0,NO PROVIDER,100.0,48081|Cardiology
48081,Texas,Endocrinology,Diabetes,1328,0,0,0.0,0.0,18070.0,22988.768286620067,0.0,NO PROVIDER,100.0,48081|Endocrinology
48081,Texas,Oncology,Cancer,225,0,0,0.0,0.0,2055.6666666666665,2642.926682217817,0.0,NO PROVIDER,100.0,48081|Oncology
48081,Texas,Neurology,Neurological Disorders,108,0,0,0.0,0.0,637.0,906.5174241117586,0.0,NO PROVIDER,100.0,48081|Neurology
48081,Texas,Psychiatry,Mental Health Disorders,631,0,0,0.0,0.0,3104.5,4291.15957060345,0.0,NO PROVIDER,100.0,48081|Psychiatry
48081,Texas,Pulmonary,Respiratory Disease,493,0,0,0.0,0.0,4251.578947368421,5741.879971570142,0.0,NO PROVIDER,100.0,48081|Pulmonary
48081,Texas,Rheumatology,Arthritis,729,0,0,0.0,0.0,10453.0,13315.598760659872,0.0,NO PROVIDER,100.0,48081|Rheumatology
48083,Texas,Cardiology,Heart Disease,5086,0,0,0.0,0.0,10823.136363636364,15071.056217261126,0.0,NO PROVIDER,100.0,48083|Cardiology
48083,Texas,Endocrinology,Diabetes,3128,0,0,0.0,0.0,18070.0,22988.768286620067,0.0,NO PROVIDER,100.0,48083|Endocrinology
48083,Texas,Oncology,Cancer,523,0,0,0.0,0.0,2055.6666666666665,2642.926682217817,0.0,NO PROVIDER,100.0,48083|Oncology
48083,Texas,Neurology,Neurological Disorders,241,0,0,0.0,0.0,637.0,906.5174241117586,0.0,NO PROVIDER,100.0,48083|Neurology
48083,Texas,Psychiatry,Mental Health Disorders,1501,0,0,0.0,0.0,3104.5,4291.15957060345,0.0,NO PROVIDER,100.0,48083|Psychiatry
48083,Texas,Pulmonary,Respiratory Disease,1141,0,0,0.0,0.0,4251.578947368421,5741.879971570142,0.0,NO PROVIDER,100.0,48083|Pulmonary
48083,Texas,Rheumatology,Arthritis,1705,0,0,0.0,0.0,10453.0,13315.598760659872,0.0,NO PROVIDER,100.0,48083|Rheumatology
48085,Texas,Cardiology,Heart Disease,618769,68,59591,286900.0,9099.54411764706,10823.136363636364,15071.056217261126,0.8407492811621371,MODERATE GAP,4.58,48085|Cardiology
48085,Texas,Endocrinology,Diabetes,372888,18,5615,70215.0,20716.0,18070.0,22988.768286620067,1.1464305478693968,HIGH GAP,6.24,48085|Endocrinology
48085,Texas,Oncology,Cancer,56950,23,10730,2219530.0,2476.086956521739,2055.6666666666665,2642.926682217817,1.2045177346465408,HIGH GAP,6.56,48085|Oncology
48085,Texas,Neurology,Neurological Disorders,20791,63,20645,584116.0,330.015873015873,637.0,906.5174241117586,0.5180782935884977,MODERATE GAP,2.82,48085|Neurology
48085,Texas,Psychiatry,Mental Health Disorders,180794,109,4346,32323.0,1658.6605504587155,3104.5,4291.15957060345,0.5342762282038059,MODERATE GAP,2.91,48085|Psychiatry
48085,Texas,Pulmonary,Respiratory Disease,116613,21,10224,98853.0,5553.0,4251.578947368421,5741.879971570142,1.3061029957910375,HIGH GAP,7.11,48085|Pulmonary
48085,Texas,Rheumatology,Arthritis,169043,17,2549,429413.0,9943.70588235294,10453.0,13315.598760659872,0.9512777080601684,MODERATE GAP,5.18,48085|Rheumatology
48087,Texas,Cardiology,Heart Disease,1530,0,0,0.0,0.0,10823.136363636364,15071.056217261126,0.0,NO PROVIDER,100.0,48087|Cardiology
48087,Texas,Endocrinology,Diabetes,1011,0,0,0.0,0.0,18070.0,22988.768286620067,0.0,NO PROVIDER,100.0,48087|Endocrinology
48087,Texas,Oncology,Cancer,139,0,0,0.0,0.0,2055.6666666666665,2642.926682217817,0.0,NO PROVIDER,100.0,48087|Oncology
48087,Texas,Neurology,Neurological Disorders,76,0,0,0.0,0.0,637.0,906.5174241117586,0.0,NO PROVIDER,100.0,48087|Neurology
48087,Texas,Psychiatry,Mental Health Disorders,451,0,0,0.0,0.0,3104.5,4291.15957060345,0.0,NO PROVIDER,100.0,48087|Psychiatry
48087,Texas,Pulmonary,Respiratory Disease,359,0,0,0.0,0.0,4251.578947368421,5741.879971570142,0.0,NO PROVIDER,100.0,48087|Pulmonary
48087,Texas,Rheumatology,Arthritis,490,0,0,0.0,0.0,10453.0,13315.598760659872,0.0,NO PROVIDER,100.0,48087|Rheumatology
48089,Texas,Cardiology,Heart Disease,12720,1,1239,3431.0,12720.0,10823.136363636364,15071.056217261126,1.1752600699679558,HIGH GAP,6.4,48089|Cardiology
48089,Texas,Endocrinology,Diabetes,7997,0,0,0.0,0.0,18070.0,22988.768286620067,0.0,NO PROVIDER,100.0,48089|Endocrinology
48089,Texas,Oncology,Cancer,1231,0,0,0.0,0.0,2055.6666666666665,2642.926682217817,0.0,NO PROVIDER,100.0,48089|Oncology
48089,Texas,Neurology,Neurological Disorders,587,0,0,0.0,0.0,637.0,906.5174241117586,0.0,NO PROVIDER,100.0,48089|Neurology
48089,Texas,Psychiatry,Mental Health Disorders,3500,0,0,0.0,0.0,3104.5,4291.15957060345,0.0,NO PROVIDER,100.0,48089|Psychiatry
48089,Texas,Pulmonary,Respiratory Disease,2711,1,0,0.0,2711.0,4251.578947368421,5741.879971570142,0.6376454567962367,MODERATE GAP,3.47,48089|Pulmonary
48089,Texas,Rheumatology,Arthritis,4063,0,0,0.0,0.0,10453.0,13315.598760659872,0.0,NO PROVIDER,100.0,48089|Rheumatology
48091,Texas,Cardiology,Heart Disease,103104,0,0,0.0,0.0,10823.136363636364,15071.056217261126,0.0,NO PROVIDER,100.0,48091|Cardiology
48091,Texas,Endocrinology,Diabetes,67905,1,336,1107.0,67905.0,18070.0,22988.768286620067,3.757885998893193,CRITICAL GAP,20.46,48091|Endocrinology
48091,Texas,Oncology,Cancer,11330,0,0,0.0,0.0,2055.6666666666665,2642.926682217817,0.0,NO PROVIDER,100.0,48091|Oncology
48091,Texas,Neurology,Neurological Disorders,4079,1,645,3750.0,4079.0,637.0,906.5174241117586,6.403453689167975,CRITICAL GAP,34.87,48091|Neurology
48091,Texas,Psychiatry,Mental Health Disorders,31271,5,0,0.0,6254.2,3104.5,4291.15957060345,2.014559510388146,CRITICAL GAP,10.97,48091|Psychiatry
48091,Texas,Pulmonary,Respiratory Disease,21904,0,0,0.0,0.0,4251.578947368421,5741.879971570142,0.0,NO PROVIDER,100.0,48091|Pulmonary
48091,Texas,Rheumatology,Arthritis,33613,0,0,0.0,0.0,10453.0,13315.598760659872,0.0,NO PROVIDER,100.0,48091|Rheumatology
48093,Texas,Cardiology,Heart Disease,8688,0,0,0.0,0.0,10823.136363636364,15071.056217261126,0.0,NO PROVIDER,100.0,48093|Cardiology
48093,Texas,Endocrinology,Diabetes,5440,0,0,0.0,0.0,18070.0,22988.768286620067,0.0,NO PROVIDER,100.0,48093|Endocrinology
48093,Texas,Oncology,Cancer,876,0,0,0.0,0.0,2055.6666666666665,2642.926682217817,0.0,NO PROVIDER,100.0,48093|Oncology
48093,Texas,Neurology,Neurological Disorders,403,0,0,0.0,0.0,637.0,906.5174241117586,0.0,NO PROVIDER,100.0,48093|Neurology
48093,Texas,Psychiatry,Mental Health Disorders,2524,0,0,0.0,0.0,3104.5,4291.15957060345,0.0,NO PROVIDER,100.0,48093|Psychiatry
48093,Texas,Pulmonary,Respiratory Disease,1915,0,0,0.0,0.0,4251.578947368421,5741.879971570142,0.0,NO PROVIDER,100.0,48093|Pulmonary
48093,Texas,Rheumatology,Arthritis,2824,0,0,0.0,0.0,10453.0,13315.598760659872,0.0,NO PROVIDER,100.0,48093|Rheumatology
48095,Texas,Cardiology,Heart Disease,2287,0,0,0.0,0.0,10823.136363636364,15071.056217261126,0.0,NO PROVIDER,100.0,48095|Cardiology
48095,Texas,Endocrinology,Diabetes,1471,0,0,0.0,0.0,18070.0,22988.768286620067,0.0,NO PROVIDER,100.0,48095|Endocrinology
48095,Texas,Oncology,Cancer,195,0,0,0.0,0.0,2055.6666666666665,2642.926682217817,0.0,NO PROVIDER,100.0,48095|Oncology
48095,Texas,Neurology,Neurological Disorders,107,0,0,0.0,0.0,637.0,906.5174241117586,0.0,NO PROVIDER,100.0,48095|Neurology
48095,Texas,Psychiatry,Mental Health Disorders,583,0,0,0.0,0.0,3104.5,4291.15957060345,0.0,NO PROVIDER,100.0,48095|Psychiatry
48095,Texas,Pulmonary,Respiratory Disease,473,0,0,0.0,0.0,4251.578947368421,5741.879971570142,0.0,NO PROVIDER,100.0,48095|Pulmonary
48095,Texas,Rheumatology,Arthritis,677,0,0,0.0,0.0,10453.0,13315.598760659872,0.0,NO PROVIDER,100.0,48095|Rheumatology
48097,Texas,Cardiology,Heart Disease,25640,2,1848,7078.0,12820.0,10823.136363636364,15071.056217261126,1.184499535926823,HIGH GAP,6.45,48097|Cardiology
48097,Texas,Endocrinology,Diabetes,16115,0,0,0.0,0.0,18070.0,22988.768286620067,0.0,NO PROVIDER,100.0,48097|Endocrinology
48097,Texas,Oncology,Cancer,2599,0,0,0.0,0.0,2055.6666666666665,2642.926682217817,0.0,NO PROVIDER,100.0,48097|Oncology
48097,Texas,Neurology,Neurological Disorders,1157,0,0,0.0,0.0,637.0,906.5174241117586,0.0,NO PROVIDER,100.0,48097|Neurology
48097,Texas,Psychiatry,Mental Health Disorders,8100,1,0,0.0,8100.0,3104.5,4291.15957060345,2.6091157996456755,CRITICAL GAP,14.21,48097|Psychiatry
48097,Texas,Pulmonary,Respiratory Disease,5836,0,0,0.0,0.0,4251.578947368421,5741.879971570142,0.0,NO PROVIDER,100.0,48097|Pulmonary
48097,Texas,Rheumatology,Arthritis,8418,0,0,0.0,0.0,10453.0,13315.598760659872,0.0,NO PROVIDER,100.0,48097|Rheumatology
48099,Texas,Cardiology,Heart Disease,44738,0,0,0.0,0.0,10823.136363636364,15071.056217261126,0.0,NO PROVIDER,100.0,48099|Cardiology
48099,Texas,Endocrinology,Diabetes,31942,0,0,0.0,0.0,18070.0,22988.768286620067,0.0,NO PROVIDER,100.0,48099|Endocrinology
48099,Texas,Oncology,Cancer,3915,0,0,0.0,0.0,2055.6666666666665,2642.926682217817,0.0,NO PROVIDER,100.0,48099|Oncology
48099,Texas,Neurology,Neurological Disorders,1974,0,0,0.0,0.0,637.0,906.5174241117586,0.0,NO PROVIDER,100.0,48099|Neurology
48099,Texas,Psychiatry,Mental Health Disorders,15626,0,0,0.0,0.0,3104.5,4291.15957060345,0.0,NO PROVIDER,100.0,48099|Psychiatry
48099,Texas,Pulmonary,Respiratory Disease,10757,0,0,0.0,0.0,4251.578947368421,5741.879971570142,0.0,NO PROVIDER,100.0,48099|Pulmonary
48099,Texas,Rheumatology,Arthritis,14968,0,0,0.0,0.0,10453.0,13315.598760659872,0.0,NO PROVIDER,100.0,48099|Rheumatology
48101,Texas,Cardiology,Heart Disease,906,0,0,0.0,0.0,10823.136363636364,15071.056217261126,0.0,NO PROVIDER,100.0,48101|Cardiology
48101,Texas,Endocrinology,Diabetes,594,0,0,0.0,0.0,18070.0,22988.768286620067,0.0,NO PROVIDER,100.0,48101|Endocrinology
48101,Texas,Oncology,Cancer,81,0,0,0.0,0.0,2055.6666666666665,2642.926682217817,0.0,NO PROVIDER,100.0,48101|Oncology
48101,Texas,Neurology,Neurological Disorders,49,0,0,0.0,0.0,637.0,906.5174241117586,0.0,NO PROVIDER,100.0,48101|Neurology
48101,Texas,Psychiatry,Mental Health Disorders,245,0,0,0.0,0.0,3104.5,4291.15957060345,0.0,NO PROVIDER,100.0,48101|Psychiatry
48101,Texas,Pulmonary,Respiratory Disease,211,0,0,0.0,0.0,4251.578947368421,5741.879971570142,0.0,NO PROVIDER,100.0,48101|Pulmonary
48101,Texas,Rheumatology,Arthritis,297,0,0,0.0,0.0,10453.0,13315.598760659872,0.0,NO PROVIDER,100.0,48101|Rheumatology
48103,Texas,Cardiology,Heart Disease,2425,0,0,0.0,0.0,10823.136363636364,15071.056217261126,0.0,NO PROVIDER,100.0,48103|Cardiology
48103,Texas,Endocrinology,Diabetes,1773,0,0,0.0,0.0,18070.0,22988.768286620067,0.0,NO PROVIDER,100.0,48103|Endocrinology
48103,Texas,Oncology,Cancer,172,0,0,0.0,0.0,2055.6666666666665,2642.926682217817,0.0,NO PROVIDER,100.0,48103|Oncology
48103,Texas,Neurology,Neurological Disorders,112,0,0,0.0,0.0,637.0,906.5174241117586,0.0,NO PROVIDER,100.0,48103|Neurology
48103,Texas,Psychiatry,Mental Health Disorders,662,0,0,0.0,0.0,3104.5,4291.15957060345,0.0,NO PROVIDER,100.0,48103|Psychiatry
48103,Texas,Pulmonary,Respiratory Disease,495,0,0,0.0,0.0,4251.578947368421,5741.879971570142,0.0,NO PROVIDER,100.0,48103|Pulmonary
48103,Texas,Rheumatology,Arthritis,695,0,0,0.0,0.0,10453.0,13315.598760659872,0.0,NO PROVIDER,100.0,48103|Rheumatology
48105,Texas,Cardiology,Heart Disease,1655,0,0,0.0,0.0,10823.136363636364,15071.056217261126,0.0,NO PROVIDER,100.0,48105|Cardiology
48105,Texas,Endocrinology,Diabetes,1115,0,0,0.0,0.0,18070.0,22988.768286620067,0.0,NO PROVIDER,100.0,48105|Endocrinology
48105,Texas,Oncology,Cancer,132,0,0,0.0,0.0,2055.6666666666665,2642.926682217817,0.0,NO PROVIDER,100.0,48105|Oncology
48105,Texas,Neurology,Neurological Disorders,77,0,0,0.0,0.0,637.0,906.5174241117586,0.0,NO PROVIDER,100.0,48105|Neurology
48105,Texas,Psychiatry,Mental Health Disorders,440,0,0,0.0,0.0,3104.5,4291.15957060345,0.0,NO PROVIDER,100.0,48105|Psychiatry
48105,Texas,Pulmonary,Respiratory Disease,340,0,0,0.0,0.0,4251.578947368421,5741.879971570142,0.0,NO PROVIDER,100.0,48105|Pulmonary
48105,Texas,Rheumatology,Arthritis,494,0,0,0.0,0.0,10453.0,13315.598760659872,0.0,NO PROVIDER,100.0,48105|Rheumatology
48107,Texas,Cardiology,Heart Disease,2961,0,0,0.0,0.0,10823.136363636364,15071.056217261126,0.0,NO PROVIDER,100.0,48107|Cardiology
48107,Texas,Endocrinology,Diabetes,2067,0,0,0.0,0.0,18070.0,22988.768286620067,0.0,NO PROVIDER,100.0,48107|Endocrinology
48107,Texas,Oncology,Cancer,236,0,0,0.0,0.0,2055.6666666666665,2642.926682217817,0.0,NO PROVIDER,100.0,48107|Oncology
48107,Texas,Neurology,Neurological Disorders,150,0,0,0.0,0.0,637.0,906.5174241117586,0.0,NO PROVIDER,100.0,48107|Neurology
48107,Texas,Psychiatry,Mental Health Disorders,803,0,0,0.0,0.0,3104.5,4291.15957060345,0.0,NO PROVIDER,100.0,48107|Psychiatry
48107,Texas,Pulmonary,Respiratory Disease,645,0,0,0.0,0.0,4251.578947368421,5741.879971570142,0.0,NO PROVIDER,100.0,48107|Pulmonary
48107,Texas,Rheumatology,Arthritis,913,0,0,0.0,0.0,10453.0,13315.598760659872,0.0,NO PROVIDER,100.0,48107|Rheumatology
48109,Texas,Cardiology,Heart Disease,1378,0,0,0.0,0.0,10823.136363636364,15071.056217261126,0.0,NO PROVIDER,100.0,48109|Cardiology
48109,Texas,Endocrinology,Diabetes,976,0,0,0.0,0.0,18070.0,22988.768286620067,0.0,NO PROVIDER,100.0,48109|Endocrinology
48109,Texas,Oncology,Cancer,93,0,0,0.0,0.0,2055.6666666666665,2642.926682217817,0.0,NO PROVIDER,100.0,48109|Oncology
48109,Texas,Neurology,Neurological Disorders,70,0,0,0.0,0.0,637.0,906.5174241117586,0.0,NO PROVIDER,100.0,48109|Neurology
48109,Texas,Psychiatry,Mental Health Disorders,343,0,0,0.0,0.0,3104.5,4291.15957060345,0.0,NO PROVIDER,100.0,48109|Psychiatry
48109,Texas,Pulmonary,Respiratory Disease,279,0,0,0.0,0.0,4251.578947368421,5741.879971570142,0.0,NO PROVIDER,100.0,48109|Pulmonary
48109,Texas,Rheumatology,Arthritis,400,0,0,0.0,0.0,10453.0,13315.598760659872,0.0,NO PROVIDER,100.0,48109|Rheumatology
48111,Texas,Cardiology,Heart Disease,3623,0,0,0.0,0.0,10823.136363636364,15071.056217261126,0.0,NO PROVIDER,100.0,48111|Cardiology
48111,Texas,Endocrinology,Diabetes,2570,0,0,0.0,0.0,18070.0,22988.768286620067,0.0,NO PROVIDER,100.0,48111|Endocrinology
48111,Texas,Oncology,Cancer,270,0,0,0.0,0.0,2055.6666666666665,2642.926682217817,0.0,NO PROVIDER,100.0,48111|Oncology
48111,Texas,Neurology,Neurological Disorders,173,0,0,0.0,0.0,637.0,906.5174241117586,0.0,NO PROVIDER,100.0,48111|Neurology
48111,Texas,Psychiatry,Mental Health Disorders,1053,0,0,0.0,0.0,3104.5,4291.15957060345,0.0,NO PROVIDER,100.0,48111|Psychiatry
48111,Texas,Pulmonary,Respiratory Disease,802,0,0,0.0,0.0,4251.578947368421,5741.879971570142,0.0,NO PROVIDER,100.0,48111|Pulmonary
48111,Texas,Rheumatology,Arthritis,1079,0,0,0.0,0.0,10453.0,13315.598760659872,0.0,NO PROVIDER,100.0,48111|Rheumatology
48113,Texas,Cardiology,Heart Disease,1448973,144,85570,319125.0,10062.3125,10823.136363636364,15071.056217261126,0.9297039381123772,MODERATE GAP,5.06,48113|Cardiology
48113,Texas,Endocrinology,Diabetes,945067,77,18286,93724.0,12273.597402597405,18070.0,22988.768286620067,0.6792250914553073,MODERATE GAP,3.7,48113|Endocrinology
48113,Texas,Oncology,Cancer,103918,91,20131,3482994.0,1141.956043956044,2055.6666666666665,2642.926682217817,0.5555161556458784,MODERATE GAP,3.02,48113|Oncology
48113,Texas,Neurology,Neurological Disorders,63723,140,28260,932777.0,455.1642857142857,637.0,906.5174241117586,0.7145436196456605,MODERATE GAP,3.89,48113|Neurology
48113,Texas,Psychiatry,Mental Health Disorders,376458,189,10726,50555.0,1991.8412698412696,3104.5,4291.15957060345,0.6415980898184152,MODERATE GAP,3.49,48113|Psychiatry
48113,Texas,Pulmonary,Respiratory Disease,299990,113,30154,95554.0,2654.778761061947,4251.578947368421,5741.879971570142,0.6244218427850582,MODERATE GAP,3.4,48113|Pulmonary
48113,Texas,Rheumatology,Arthritis,383321,42,6772,1058537.0,9126.690476190475,10453.0,13315.598760659872,0.8731168541270905,MODERATE GAP,4.75,48113|Rheumatology
48115,Texas,Cardiology,Heart Disease,7019,0,0,0.0,0.0,10823.136363636364,15071.056217261126,0.0,NO PROVIDER,100.0,48115|Cardiology
48115,Texas,Endocrinology,Diabetes,4953,0,0,0.0,0.0,18070.0,22988.768286620067,0.0,NO PROVIDER,100.0,48115|Endocrinology
48115,Texas,Oncology,Cancer,504,0,0,0.0,0.0,2055.6666666666665,2642.926682217817,0.0,NO PROVIDER,100.0,48115|Oncology
48115,Texas,Neurology,Neurological Disorders,347,0,0,0.0,0.0,637.0,906.5174241117586,0.0,NO PROVIDER,100.0,48115|Neurology
48115,Texas,Psychiatry,Mental Health Disorders,1900,0,0,0.0,0.0,3104.5,4291.15957060345,0.0,NO PROVIDER,100.0,48115|Psychiatry
48115,Texas,Pulmonary,Respiratory Disease,1526,0,0,0.0,0.0,4251.578947368421,5741.879971570142,0.0,NO PROVIDER,100.0,48115|Pulmonary
48115,Texas,Rheumatology,Arthritis,2017,0,0,0.0,0.0,10453.0,13315.598760659872,0.0,NO PROVIDER,100.0,48115|Rheumatology
48117,Texas,Cardiology,Heart Disease,9801,0,0,0.0,0.0,10823.136363636364,15071.056217261126,0.0,NO PROVIDER,100.0,48117|Cardiology
48117,Texas,Endocrinology,Diabetes,7214,0,0,0.0,0.0,18070.0,22988.768286620067,0.0,NO PROVIDER,100.0,48117|Endocrinology
48117,Texas,Oncology,Cancer,668,0,0,0.0,0.0,2055.6666666666665,2642.926682217817,0.0,NO PROVIDER,100.0,48117|Oncology
48117,Texas,Neurology,Neurological Disorders,486,0,0,0.0,0.0,637.0,906.5174241117586,0.0,NO PROVIDER,100.0,48117|Neurology
48117,Texas,Psychiatry,Mental Health Disorders,2636,0,0,0.0,0.0,3104.5,4291.15957060345,0.0,NO PROVIDER,100.0,48117|Psychiatry
48117,Texas,Pulmonary,Respiratory Disease,2075,0,0,0.0,0.0,4251.578947368421,5741.879971570142,0.0,NO PROVIDER,100.0,48117|Pulmonary
48117,Texas,Rheumatology,Arthritis,2813,0,0,0.0,0.0,10453.0,13315.598760659872,0.0,NO PROVIDER,100.0,48117|Rheumatology
48119,Texas,Cardiology,Heart Disease,3290,0,0,0.0,0.0,10823.136363636364,15071.056217261126,0.0,NO PROVIDER,100.0,48119|Cardiology
48119,Texas,Endocrinology,Diabetes,2066,0,0,0.0,0.0,18070.0,22988.768286620067,0.0,NO PROVIDER,100.0,48119|Endocrinology
48119,Texas,Oncology,Cancer,335,0,0,0.0,0.0,2055.6666666666665,2642.926682217817,0.0,NO PROVIDER,100.0,48119|Oncology
48119,Texas,Neurology,Neurological Disorders,153,0,0,0.0,0.0,637.0,906.5174241117586,0.0,NO PROVIDER,100.0,48119|Neurology
48119,Texas,Psychiatry,Mental Health Disorders,1049,0,0,0.0,0.0,3104.5,4291.15957060345,0.0,NO PROVIDER,100.0,48119|Psychiatry
48119,Texas,Pulmonary,Respiratory Disease,775,0,0,0.0,0.0,4251.578947368421,5741.879971570142,0.0,NO PROVIDER,100.0,48119|Pulmonary
48119,Texas,Rheumatology,Arthritis,1097,0,0,0.0,0.0,10453.0,13315.598760659872,0.0,NO PROVIDER,100.0,48119|Rheumatology
48121,Texas,Cardiology,Heart Disease,532567,23,12849,51706.0,23155.08695652174,10823.136363636364,15071.056217261126,2.1394063770940126,CRITICAL GAP,11.65,48121|Cardiology
48121,Texas,Endocrinology,Diabetes,335133,10,2507,13300.0,33513.3,18070.0,22988.768286620067,1.8546375207526289,HIGH GAP,10.1,48121|Endocrinology
48121,Texas,Oncology,Cancer,50037,14,5568,1458479.5,3574.0714285714284,2055.6666666666665,2642.926682217817,1.738643471009289,HIGH GAP,9.47,48121|Oncology
48121,Texas,Neurology,Neurological Disorders,18619,31,7333,75209.0,600.6129032258065,637.0,906.5174241117586,0.9428773990985972,MODERATE GAP,5.13,48121|Neurology
48121,Texas,Psychiatry,Mental Health Disorders,160972,26,2213,13657.0,6191.2307692307695,3104.5,4291.15957060345,1.9942762986731424,HIGH GAP,10.86,48121|Psychiatry
48121,Texas,Pulmonary,Respiratory Disease,105117,8,3303,14492.0,13139.625,4251.578947368421,5741.879971570142,3.09052828670463,CRITICAL GAP,16.83,48121|Pulmonary
48121,Texas,Rheumatology,Arthritis,161360,6,1178,104669.0,26893.33333333333,10453.0,13315.598760659872,2.5727861220064416,CRITICAL GAP,14.01,48121|Rheumatology
48123,Texas,Cardiology,Heart Disease,12325,2,1528,4713.0,6162.5,10823.136363636364,15071.056217261126,0.5693820897152144,MODERATE GAP,3.1,48123|Cardiology
48123,Texas,Endocrinology,Diabetes,7997,0,0,0.0,0.0,18070.0,22988.768286620067,0.0,NO PROVIDER,100.0,48123|Endocrinology
48123,Texas,Oncology,Cancer,1090,0,0,0.0,0.0,2055.6666666666665,2642.926682217817,0.0,NO PROVIDER,100.0,48123|Oncology
48123,Texas,Neurology,Neurological Disorders,606,0,0,0.0,0.0,637.0,906.5174241117586,0.0,NO PROVIDER,100.0,48123|Neurology
48123,Texas,Psychiatry,Mental Health Disorders,3377,1,17,41.0,3377.0,3104.5,4291.15957060345,1.0877758093090677,HIGH GAP,5.92,48123|Psychiatry
48123,Texas,Pulmonary,Respiratory Disease,2694,0,0,0.0,0.0,4251.578947368421,5741.879971570142,0.0,NO PROVIDER,100.0,48123|Pulmonary
48123,Texas,Rheumatology,Arthritis,3860,0,0,0.0,0.0,10453.0,13315.598760659872,0.0,NO PROVIDER,100.0,48123|Rheumatology
48125,Texas,Cardiology,Heart Disease,1173,0,0,0.0,0.0,10823.136363636364,15071.056217261126,0.0,NO PROVIDER,100.0,48125|Cardiology
48125,Texas,Endocrinology,Diabetes,731,0,0,0.0,0.0,18070.0,22988.768286620067,0.0,NO PROVIDER,100.0,48125|Endocrinology
48125,Texas,Oncology,Cancer,117,0,0,0.0,0.0,2055.6666666666665,2642.926682217817,0.0,NO PROVIDER,100.0,48125|Oncology
48125,Texas,Neurology,Neurological Disorders,58,0,0,0.0,0.0,637.0,906.5174241117586,0.0,NO PROVIDER,100.0,48125|Neurology
48125,Texas,Psychiatry,Mental Health Disorders,319,0,0,0.0,0.0,3104.5,4291.15957060345,0.0,NO PROVIDER,100.0,48125|Psychiatry
48125,Texas,Pulmonary,Respiratory Disease,257,0,0,0.0,0.0,4251.578947368421,5741.879971570142,0.0,NO PROVIDER,100.0,48125|Pulmonary
48125,Texas,Rheumatology,Arthritis,385,0,0,0.0,0.0,10453.0,13315.598760659872,0.0,NO PROVIDER,100.0,48125|Rheumatology
48127,Texas,Cardiology,Heart Disease,5184,0,0,0.0,0.0,10823.136363636364,15071.056217261126,0.0,NO PROVIDER,100.0,48127|Cardiology
48127,Texas,Endocrinology,Diabetes,4105,0,0,0.0,0.0,18070.0,22988.768286620067,0.0,NO PROVIDER,100.0,48127|Endocrinology
48127,Texas,Oncology,Cancer,286,0,0,0.0,0.0,2055.6666666666665,2642.926682217817,0.0,NO PROVIDER,100.0,48127|Oncology
48127,Texas,Neurology,Neurological Disorders,303,0,0,0.0,0.0,637.0,906.5174241117586,0.0,NO PROVIDER,100.0,48127|Neurology
48127,Texas,Psychiatry,Mental Health Disorders,1249,0,0,0.0,0.0,3104.5,4291.15957060345,0.0,NO PROVIDER,100.0,48127|Psychiatry
48127,Texas,Pulmonary,Respiratory Disease,1090,0,0,0.0,0.0,4251.578947368421,5741.879971570142,0.0,NO PROVIDER,100.0,48127|Pulmonary
48127,Texas,Rheumatology,Arthritis,1490,0,0,0.0,0.0,10453.0,13315.598760659872,0.0,NO PROVIDER,100.0,48127|Rheumatology
48129,Texas,Cardiology,Heart Disease,2033,0,0,0.0,0.0,10823.136363636364,15071.056217261126,0.0,NO PROVIDER,100.0,48129|Cardiology
48129,Texas,Endocrinology,Diabetes,1222,0,0,0.0,0.0,18070.0,22988.768286620067,0.0,NO PROVIDER,100.0,48129|Endocrinology
48129,Texas,Oncology,Cancer,212,0,0,0.0,0.0,2055.6666666666665,2642.926682217817,0.0,NO PROVIDER,100.0,48129|Oncology
48129,Texas,Neurology,Neurological Disorders,98,0,0,0.0,0.0,637.0,906.5174241117586,0.0,NO PROVIDER,100.0,48129|Neurology
48129,Texas,Psychiatry,Mental Health Disorders,629,0,0,0.0,0.0,3104.5,4291.15957060345,0.0,NO PROVIDER,100.0,48129|Psychiatry
48129,Texas,Pulmonary,Respiratory Disease,475,0,0,0.0,0.0,4251.578947368421,5741.879971570142,0.0,NO PROVIDER,100.0,48129|Pulmonary
48129,Texas,Rheumatology,Arthritis,682,0,0,0.0,0.0,10453.0,13315.598760659872,0.0,NO PROVIDER,100.0,48129|Rheumatology
48131,Texas,Cardiology,Heart Disease,5771,0,0,0.0,0.0,10823.136363636364,15071.056217261126,0.0,NO PROVIDER,100.0,48131|Cardiology
48131,Texas,Endocrinology,Diabetes,4255,0,0,0.0,0.0,18070.0,22988.768286620067,0.0,NO PROVIDER,100.0,48131|Endocrinology
48131,Texas,Oncology,Cancer,364,0,0,0.0,0.0,2055.6666666666665,2642.926682217817,0.0,NO PROVIDER,100.0,48131|Oncology
48131,Texas,Neurology,Neurological Disorders,286,0,0,0.0,0.0,637.0,906.5174241117586,0.0,NO PROVIDER,100.0,48131|Neurology
48131,Texas,Psychiatry,Mental Health Disorders,1406,0,0,0.0,0.0,3104.5,4291.15957060345,0.0,NO PROVIDER,100.0,48131|Psychiatry
48131,Texas,Pulmonary,Respiratory Disease,1114,0,0,0.0,0.0,4251.578947368421,5741.879971570142,0.0,NO PROVIDER,100.0,48131|Pulmonary
48131,Texas,Rheumatology,Arthritis,1613,0,0,0.0,0.0,10453.0,13315.598760659872,0.0,NO PROVIDER,100.0,48131|Rheumatology
48133,Texas,Cardiology,Heart Disease,11167,1,706,1112.0,11167.0,10823.136363636364,15071.056217261126,1.0317711636267424,HIGH GAP,5.62,48133|Cardiology
48133,Texas,Endocrinology,Diabetes,6879,0,0,0.0,0.0,18070.0,22988.768286620067,0.0,NO PROVIDER,100.0,48133|Endocrinology
48133,Texas,Oncology,Cancer,1132,0,0,0.0,0.0,2055.6666666666665,2642.926682217817,0.0,NO PROVIDER,100.0,48133|Oncology
48133,Texas,Neurology,Neurological Disorders,538,0,0,0.0,0.0,637.0,906.5174241117586,0.0,NO PROVIDER,100.0,48133|Neurology
48133,Texas,Psychiatry,Mental Health Disorders,3503,0,0,0.0,0.0,3104.5,4291.15957060345,0.0,NO PROVIDER,100.0,48133|Psychiatry
48133,Texas,Pulmonary,Respiratory Disease,2633,0,0,0.0,0.0,4251.578947368421,5741.879971570142,0.0,NO PROVIDER,100.0,48133|Pulmonary
48133,Texas,Rheumatology,Arthritis,3744,0,0,0.0,0.0,10453.0,13315.598760659872,0.0,NO PROVIDER,100.0,48133|Rheumatology
48135,Texas,Cardiology,Heart Disease,79764,4,6273,17842.0,19941.0,10823.136363636364,15071.056217261126,1.8424419068577835,HIGH GAP,10.03,48135|Cardiology
48135,Texas,Endocrinology,Diabetes,60807,5,669,6860.0,12161.4,18070.0,22988.768286620067,0.6730160486995019,MODERATE GAP,3.66,48135|Endocrinology
48135,Texas,Oncology,Cancer,5938,2,497,136309.0,2969.0,2055.6666666666665,2642.926682217817,1.4443003080914547,HIGH GAP,7.86,48135|Oncology
48135,Texas,Neurology,Neurological Disorders,3597,0,0,0.0,0.0,637.0,906.5174241117586,0.0,NO PROVIDER,100.0,48135|Neurology
48135,Texas,Psychiatry,Mental Health Disorders,23981,5,73,668.0,4796.2,3104.5,4291.15957060345,1.5449186664519243,HIGH GAP,8.41,48135|Psychiatry
48135,Texas,Pulmonary,Respiratory Disease,17072,2,260,542.0,8536.0,4251.578947368421,5741.879971570142,2.007724684327804,CRITICAL GAP,10.93,48135|Pulmonary
48135,Texas,Rheumatology,Arthritis,23295,0,0,0.0,0.0,10453.0,13315.598760659872,0.0,NO PROVIDER,100.0,48135|Rheumatology
48137,Texas,Cardiology,Heart Disease,946,0,0,0.0,0.0,10823.136363636364,15071.056217261126,0.0,NO PROVIDER,100.0,48137|Cardiology
48137,Texas,Endocrinology,Diabetes,604,0,0,0.0,0.0,18070.0,22988.768286620067,0.0,NO PROVIDER,100.0,48137|Endocrinology
48137,Texas,Oncology,Cancer,84,0,0,0.0,0.0,2055.6666666666665,2642.926682217817,0.0,NO PROVIDER,100.0,48137|Oncology
48137,Texas,Neurology,Neurological Disorders,48,0,0,0.0,0.0,637.0,906.5174241117586,0.0,NO PROVIDER,100.0,48137|Neurology
48137,Texas,Psychiatry,Mental Health Disorders,230,0,0,0.0,0.0,3104.5,4291.15957060345,0.0,NO PROVIDER,100.0,48137|Psychiatry
48137,Texas,Pulmonary,Respiratory Disease,197,0,0,0.0,0.0,4251.578947368421,5741.879971570142,0.0,NO PROVIDER,100.0,48137|Pulmonary
48137,Texas,Rheumatology,Arthritis,295,0,0,0.0,0.0,10453.0,13315.598760659872,0.0,NO PROVIDER,100.0,48137|Rheumatology
48139,Texas,Cardiology,Heart Disease,120311,5,1988,9607.0,24062.2,10823.136363636364,15071.056217261126,2.223218777954634,CRITICAL GAP,12.1,48139|Cardiology
48139,Texas,Endocrinology,Diabetes,79332,5,1727,13485.0,15866.4,18070.0,22988.768286620067,0.8780520199225235,MODERATE GAP,4.78,48139|Endocrinology
48139,Texas,Oncology,Cancer,10676,2,768,2466.0,5338.0,2055.6666666666665,2642.926682217817,2.596724501378304,CRITICAL GAP,14.14,48139|Oncology
48139,Texas,Neurology,Neurological Disorders,4845,6,2148,47522.0,807.5,637.0,906.5174241117586,1.2676609105180534,HIGH GAP,6.9,48139|Neurology
48139,Texas,Psychiatry,Mental Health Disorders,37202,2,88,517.0,18601.0,3104.5,4291.15957060345,5.991625060396199,CRITICAL GAP,32.62,48139|Psychiatry
48139,Texas,Pulmonary,Respiratory Disease,25458,2,1294,3391.0,12729.0,4251.578947368421,5741.879971570142,2.993946521416192,CRITICAL GAP,16.3,48139|Pulmonary
48139,Texas,Rheumatology,Arthritis,36873,4,1037,192998.0,9218.25,10453.0,13315.598760659872,0.8818760164546063,MODERATE GAP,4.8,48139|Rheumatology
48141,Texas,Cardiology,Heart Disease,463378,32,11813,53285.0,14480.5625,10823.136363636364,15071.056217261126,1.3379266428400438,HIGH GAP,7.28,48141|Cardiology
48141,Texas,Endocrinology,Diabetes,320228,6,1346,5370.0,53371.333333333336,18070.0,22988.768286620067,2.95358789891164,CRITICAL GAP,16.08,48141|Endocrinology
48141,Texas,Oncology,Cancer,29729,20,4206,726653.0,1486.45,2055.6666666666665,2642.926682217817,0.7230987514188423,MODERATE GAP,3.94,48141|Oncology
48141,Texas,Neurology,Neurological Disorders,20358,22,3587,26061.0,925.3636363636364,637.0,906.5174241117586,1.4526901669758814,HIGH GAP,7.91,48141|Neurology
48141,Texas,Psychiatry,Mental Health Disorders,128608,41,1716,9006.0,3136.7804878048782,3104.5,4291.15957060345,1.010397966759503,HIGH GAP,5.5,48141|Psychiatry
48141,Texas,Pulmonary,Respiratory Disease,86923,15,4666,38716.0,5794.866666666667,4251.578947368421,5741.879971570142,1.36299166460345,HIGH GAP,7.42,48141|Pulmonary
48141,Texas,Rheumatology,Arthritis,129901,8,1207,340647.0,16237.625,10453.0,13315.598760659872,1.553393762556204,HIGH GAP,8.46,48141|Rheumatology
48143,Texas,Cardiology,Heart Disease,24518,0,0,0.0,0.0,10823.136363636364,15071.056217261126,0.0,NO PROVIDER,100.0,48143|Cardiology
48143,Texas,Endocrinology,Diabetes,15959,0,0,0.0,0.0,18070.0,22988.768286620067,0.0,NO PROVIDER,100.0,48143|Endocrinology
48143,Texas,Oncology,Cancer,2438,1,468,329173.0,2438.0,2055.6666666666665,2642.926682217817,1.185989946489379,HIGH GAP,6.46,48143|Oncology
48143,Texas,Neurology,Neurological Disorders,1087,0,0,0.0,0.0,637.0,906.5174241117586,0.0,NO PROVIDER,100.0,48143|Neurology
48143,Texas,Psychiatry,Mental Health Disorders,8699,0,0,0.0,0.0,3104.5,4291.15957060345,0.0,NO PROVIDER,100.0,48143|Psychiatry
48143,Texas,Pulmonary,Respiratory Disease,5910,0,0,0.0,0.0,4251.578947368421,5741.879971570142,0.0,NO PROVIDER,100.0,48143|Pulmonary
48143,Texas,Rheumatology,Arthritis,7980,0,0,0.0,0.0,10453.0,13315.598760659872,0.0,NO PROVIDER,100.0,48143|Rheumatology
48145,Texas,Cardiology,Heart Disease,11052,0,0,0.0,0.0,10823.136363636364,15071.056217261126,0.0,NO PROVIDER,100.0,48145|Cardiology
48145,Texas,Endocrinology,Diabetes,7485,0,0,0.0,0.0,18070.0,22988.768286620067,0.0,NO PROVIDER,100.0,48145|Endocrinology
48145,Texas,Oncology,Cancer,931,0,0,0.0,0.0,2055.6666666666665,2642.926682217817,0.0,NO PROVIDER,100.0,48145|Oncology
48145,Texas,Neurology,Neurological Disorders,584,0,0,0.0,0.0,637.0,906.5174241117586,0.0,NO PROVIDER,100.0,48145|Neurology
48145,Texas,Psychiatry,Mental Health Disorders,3192,0,0,0.0,0.0,3104.5,4291.15957060345,0.0,NO PROVIDER,100.0,48145|Psychiatry
48145,Texas,Pulmonary,Respiratory Disease,2636,0,0,0.0,0.0,4251.578947368421,5741.879971570142,0.0,NO PROVIDER,100.0,48145|Pulmonary
48145,Texas,Rheumatology,Arthritis,3566,0,0,0.0,0.0,10453.0,13315.598760659872,0.0,NO PROVIDER,100.0,48145|Rheumatology
48147,Texas,Cardiology,Heart Disease,23055,0,0,0.0,0.0,10823.136363636364,15071.056217261126,0.0,NO PROVIDER,100.0,48147|Cardiology
48147,Texas,Endocrinology,Diabetes,15237,1,706,9557.0,15237.0,18070.0,22988.768286620067,0.8432208079690094,MODERATE GAP,4.59,48147|Endocrinology
48147,Texas,Oncology,Cancer,2221,0,0,0.0,0.0,2055.6666666666665,2642.926682217817,0.0,NO PROVIDER,100.0,48147|Oncology
48147,Texas,Neurology,Neurological Disorders,1066,0,0,0.0,0.0,637.0,906.5174241117586,0.0,NO PROVIDER,100.0,48147|Neurology
48147,Texas,Psychiatry,Mental Health Disorders,7344,0,0,0.0,0.0,3104.5,4291.15957060345,0.0,NO PROVIDER,100.0,48147|Psychiatry
48147,Texas,Pulmonary,Respiratory Disease,5420,0,0,0.0,0.0,4251.578947368421,5741.879971570142,0.0,NO PROVIDER,100.0,48147|Pulmonary
48147,Texas,Rheumatology,Arthritis,7507,0,0,0.0,0.0,10453.0,13315.598760659872,0.0,NO PROVIDER,100.0,48147|Rheumatology
48149,Texas,Cardiology,Heart Disease,15745,0,0,0.0,0.0,10823.136363636364,15071.056217261126,0.0,NO PROVIDER,100.0,48149|Cardiology
48149,Texas,Endocrinology,Diabetes,9359,0,0,0.0,0.0,18070.0,22988.768286620067,0.0,NO PROVIDER,100.0,48149|Endocrinology
48149,Texas,Oncology,Cancer,1726,0,0,0.0,0.0,2055.6666666666665,2642.926682217817,0.0,NO PROVIDER,100.0,48149|Oncology
48149,Texas,Neurology,Neurological Disorders,700,0,0,0.0,0.0,637.0,906.5174241117586,0.0,NO PROVIDER,100.0,48149|Neurology
48149,Texas,Psychiatry,Mental Health Disorders,4507,0,0,0.0,0.0,3104.5,4291.15957060345,0.0,NO PROVIDER,100.0,48149|Psychiatry
48149,Texas,Pulmonary,Respiratory Disease,3319,0,0,0.0,0.0,4251.578947368421,5741.879971570142,0.0,NO PROVIDER,100.0,48149|Pulmonary
48149,Texas,Rheumatology,Arthritis,5137,0,0,0.0,0.0,10453.0,13315.598760659872,0.0,NO PROVIDER,100.0,48149|Rheumatology
48151,Texas,Cardiology,Heart Disease,2225,0,0,0.0,0.0,10823.136363636364,15071.056217261126,0.0,NO PROVIDER,100.0,48151|Cardiology
48151,Texas,Endocrinology,Diabetes,1380,0,0,0.0,0.0,18070.0,22988.768286620067,0.0,NO PROVIDER,100.0,48151|Endocrinology
48151,Texas,Oncology,Cancer,225,0,0,0.0,0.0,2055.6666666666665,2642.926682217817,0.0,NO PROVIDER,100.0,48151|Oncology
48151,Texas,Neurology,Neurological Disorders,99,0,0,0.0,0.0,637.0,906.5174241117586,0.0,NO PROVIDER,100.0,48151|Neurology
48151,Texas,Psychiatry,Mental Health Disorders,637,0,0,0.0,0.0,3104.5,4291.15957060345,0.0,NO PROVIDER,100.0,48151|Psychiatry
48151,Texas,Pulmonary,Respiratory Disease,467,0,0,0.0,0.0,4251.578947368421,5741.879971570142,0.0,NO PROVIDER,100.0,48151|Pulmonary
48151,Texas,Rheumatology,Arthritis,722,0,0,0.0,0.0,10453.0,13315.598760659872,0.0,NO PROVIDER,100.0,48151|Rheumatology
48153,Texas,Cardiology,Heart Disease,3044,0,0,0.0,0.0,10823.136363636364,15071.056217261126,0.0,NO PROVIDER,100.0,48153|Cardiology
48153,Texas,Endocrinology,Diabetes,2087,0,0,0.0,0.0,18070.0,22988.768286620067,0.0,NO PROVIDER,100.0,48153|Endocrinology
48153,Texas,Oncology,Cancer,244,0,0,0.0,0.0,2055.6666666666665,2642.926682217817,0.0,NO PROVIDER,100.0,48153|Oncology
48153,Texas,Neurology,Neurological Disorders,152,0,0,0.0,0.0,637.0,906.5174241117586,0.0,NO PROVIDER,100.0,48153|Neurology
48153,Texas,Psychiatry,Mental Health Disorders,811,0,0,0.0,0.0,3104.5,4291.15957060345,0.0,NO PROVIDER,100.0,48153|Psychiatry
48153,Texas,Pulmonary,Respiratory Disease,652,0,0,0.0,0.0,4251.578947368421,5741.879971570142,0.0,NO PROVIDER,100.0,48153|Pulmonary
48153,Texas,Rheumatology,Arthritis,922,0,0,0.0,0.0,10453.0,13315.598760659872,0.0,NO PROVIDER,100.0,48153|Rheumatology
48155,Texas,Cardiology,Heart Disease,749,0,0,0.0,0.0,10823.136363636364,15071.056217261126,0.0,NO PROVIDER,100.0,48155|Cardiology
48155,Texas,Endocrinology,Diabetes,482,0,0,0.0,0.0,18070.0,22988.768286620067,0.0,NO PROVIDER,100.0,48155|Endocrinology
48155,Texas,Oncology,Cancer,71,0,0,0.0,0.0,2055.6666666666665,2642.926682217817,0.0,NO PROVIDER,100.0,48155|Oncology
48155,Texas,Neurology,Neurological Disorders,41,0,0,0.0,0.0,637.0,906.5174241117586,0.0,NO PROVIDER,100.0,48155|Neurology
48155,Texas,Psychiatry,Mental Health Disorders,213,0,0,0.0,0.0,3104.5,4291.15957060345,0.0,NO PROVIDER,100.0,48155|Psychiatry
48155,Texas,Pulmonary,Respiratory Disease,181,0,0,0.0,0.0,4251.578947368421,5741.879971570142,0.0,NO PROVIDER,100.0,48155|Pulmonary
48155,Texas,Rheumatology,Arthritis,251,0,0,0.0,0.0,10453.0,13315.598760659872,0.0,NO PROVIDER,100.0,48155|Rheumatology
48157,Texas,Cardiology,Heart Disease,468047,61,41254,124010.0,7672.901639344263,10823.136363636364,15071.056217261126,0.7089351350246054,MODERATE GAP,3.86,48157|Cardiology
48157,Texas,Endocrinology,Diabetes,278737,33,8514,101293.0,8446.575757575758,18070.0,22988.768286620067,0.4674364005299257,LOW GAP,2.55,48157|Endocrinology
48157,Texas,Oncology,Cancer,36445,21,3964,373691.0,1735.4761904761904,2055.6666666666665,2642.926682217817,0.8442400796868123,MODERATE GAP,4.6,48157|Oncology
48157,Texas,Neurology,Neurological Disorders,17885,62,19597,917184.0,288.46774193548384,637.0,906.5174241117586,0.4528535980148883,LOW GAP,2.47,48157|Neurology
48157,Texas,Psychiatry,Mental Health Disorders,118446,38,2007,18628.0,3117.0,3104.5,4291.15957060345,1.004026413271058,HIGH GAP,5.47,48157|Psychiatry
48157,Texas,Pulmonary,Respiratory Disease,87738,18,6889,43389.0,4874.333333333333,4251.578947368421,5741.879971570142,1.146476025418833,HIGH GAP,6.24,48157|Pulmonary
48157,Texas,Rheumatology,Arthritis,127557,22,3468,903950.2,5798.045454545455,10453.0,13315.598760659872,0.5546776480001392,MODERATE GAP,3.02,48157|Rheumatology
48159,Texas,Cardiology,Heart Disease,6488,0,0,0.0,0.0,10823.136363636364,15071.056217261126,0.0,NO PROVIDER,100.0,48159|Cardiology
48159,Texas,Endocrinology,Diabetes,3940,0,0,0.0,0.0,18070.0,22988.768286620067,0.0,NO PROVIDER,100.0,48159|Endocrinology
48159,Texas,Oncology,Cancer,706,0,0,0.0,0.0,2055.6666666666665,2642.926682217817,0.0,NO PROVIDER,100.0,48159|Oncology
48159,Texas,Neurology,Neurological Disorders,277,0,0,0.0,0.0,637.0,906.5174241117586,0.0,NO PROVIDER,100.0,48159|Neurology
48159,Texas,Psychiatry,Mental Health Disorders,1989,0,0,0.0,0.0,3104.5,4291.15957060345,0.0,NO PROVIDER,100.0,48159|Psychiatry
48159,Texas,Pulmonary,Respiratory Disease,1417,0,0,0.0,0.0,4251.578947368421,5741.879971570142,0.0,NO PROVIDER,100.0,48159|Pulmonary
48159,Texas,Rheumatology,Arthritis,2132,0,0,0.0,0.0,10453.0,13315.598760659872,0.0,NO PROVIDER,100.0,48159|Rheumatology
48161,Texas,Cardiology,Heart Disease,12721,0,0,0.0,0.0,10823.136363636364,15071.056217261126,0.0,NO PROVIDER,100.0,48161|Cardiology
48161,Texas,Endocrinology,Diabetes,8148,0,0,0.0,0.0,18070.0,22988.768286620067,0.0,NO PROVIDER,100.0,48161|Endocrinology
48161,Texas,Oncology,Cancer,1195,0,0,0.0,0.0,2055.6666666666665,2642.926682217817,0.0,NO PROVIDER,100.0,48161|Oncology
48161,Texas,Neurology,Neurological Disorders,617,0,0,0.0,0.0,637.0,906.5174241117586,0.0,NO PROVIDER,100.0,48161|Neurology
48161,Texas,Psychiatry,Mental Health Disorders,3679,0,0,0.0,0.0,3104.5,4291.15957060345,0.0,NO PROVIDER,100.0,48161|Psychiatry
48161,Texas,Pulmonary,Respiratory Disease,2864,0,0,0.0,0.0,4251.578947368421,5741.879971570142,0.0,NO PROVIDER,100.0,48161|Pulmonary
48161,Texas,Rheumatology,Arthritis,4098,0,0,0.0,0.0,10453.0,13315.598760659872,0.0,NO PROVIDER,100.0,48161|Rheumatology
48163,Texas,Cardiology,Heart Disease,10009,0,0,0.0,0.0,10823.136363636364,15071.056217261126,0.0,NO PROVIDER,100.0,48163|Cardiology
48163,Texas,Endocrinology,Diabetes,7593,0,0,0.0,0.0,18070.0,22988.768286620067,0.0,NO PROVIDER,100.0,48163|Endocrinology
48163,Texas,Oncology,Cancer,607,0,0,0.0,0.0,2055.6666666666665,2642.926682217817,0.0,NO PROVIDER,100.0,48163|Oncology
48163,Texas,Neurology,Neurological Disorders,467,0,0,0.0,0.0,637.0,906.5174241117586,0.0,NO PROVIDER,100.0,48163|Neurology
48163,Texas,Psychiatry,Mental Health Disorders,2576,0,0,0.0,0.0,3104.5,4291.15957060345,0.0,NO PROVIDER,100.0,48163|Psychiatry
48163,Texas,Pulmonary,Respiratory Disease,1955,0,0,0.0,0.0,4251.578947368421,5741.879971570142,0.0,NO PROVIDER,100.0,48163|Pulmonary
48163,Texas,Rheumatology,Arthritis,2696,0,0,0.0,0.0,10453.0,13315.598760659872,0.0,NO PROVIDER,100.0,48163|Rheumatology
48165,Texas,Cardiology,Heart Disease,10178,0,0,0.0,0.0,10823.136363636364,15071.056217261126,0.0,NO PROVIDER,100.0,48165|Cardiology
48165,Texas,Endocrinology,Diabetes,6965,0,0,0.0,0.0,18070.0,22988.768286620067,0.0,NO PROVIDER,100.0,48165|Endocrinology
48165,Texas,Oncology,Cancer,807,0,0,0.0,0.0,2055.6666666666665,2642.926682217817,0.0,NO PROVIDER,100.0,48165|Oncology
48165,Texas,Neurology,Neurological Disorders,461,0,0,0.0,0.0,637.0,906.5174241117586,0.0,NO PROVIDER,100.0,48165|Neurology
48165,Texas,Psychiatry,Mental Health Disorders,3400,0,0,0.0,0.0,3104.5,4291.15957060345,0.0,NO PROVIDER,100.0,48165|Psychiatry
48165,Texas,Pulmonary,Respiratory Disease,2434,1,98,479.0,2434.0,4251.578947368421,5741.879971570142,0.572493191384006,MODERATE GAP,3.12,48165|Pulmonary
48165,Texas,Rheumatology,Arthritis,3054,0,0,0.0,0.0,10453.0,13315.598760659872,0.0,NO PROVIDER,100.0,48165|Rheumatology
48167,Texas,Cardiology,Heart Disease,203085,19,15495,34330.0,10688.684210526317,10823.136363636364,15071.056217261126,0.9875773390824324,MODERATE GAP,5.38,48167|Cardiology
48167,Texas,Endocrinology,Diabetes,125923,7,935,2144.0,17989.0,18070.0,22988.768286620067,0.9955174322080796,MODERATE GAP,5.42,48167|Endocrinology
48167,Texas,Oncology,Cancer,18840,8,933,59914.0,2355.0,2055.6666666666665,2642.926682217817,1.1456137506080752,HIGH GAP,6.24,48167|Oncology
48167,Texas,Neurology,Neurological Disorders,8589,17,3788,8718.0,505.2352941176471,637.0,906.5174241117586,0.7931480284421462,MODERATE GAP,4.32,48167|Neurology
48167,Texas,Psychiatry,Mental Health Disorders,60815,33,1966,9863.0,1842.878787878788,3104.5,4291.15957060345,0.5936153286773355,MODERATE GAP,3.23,48167|Psychiatry
48167,Texas,Pulmonary,Respiratory Disease,42806,7,2150,7897.0,6115.142857142857,4251.578947368421,5741.879971570142,1.438322781452269,HIGH GAP,7.83,48167|Pulmonary
48167,Texas,Rheumatology,Arthritis,63031,7,1050,209142.0,9004.42857142857,10453.0,13315.598760659872,0.8614205081248034,MODERATE GAP,4.69,48167|Rheumatology
48169,Texas,Cardiology,Heart Disease,2774,0,0,0.0,0.0,10823.136363636364,15071.056217261126,0.0,NO PROVIDER,100.0,48169|Cardiology
48169,Texas,Endocrinology,Diabetes,1964,0,0,0.0,0.0,18070.0,22988.768286620067,0.0,NO PROVIDER,100.0,48169|Endocrinology
48169,Texas,Oncology,Cancer,205,0,0,0.0,0.0,2055.6666666666665,2642.926682217817,0.0,NO PROVIDER,100.0,48169|Oncology
48169,Texas,Neurology,Neurological Disorders,135,0,0,0.0,0.0,637.0,906.5174241117586,0.0,NO PROVIDER,100.0,48169|Neurology
48169,Texas,Psychiatry,Mental Health Disorders,750,0,0,0.0,0.0,3104.5,4291.15957060345,0.0,NO PROVIDER,100.0,48169|Psychiatry
48169,Texas,Pulmonary,Respiratory Disease,599,0,0,0.0,0.0,4251.578947368421,5741.879971570142,0.0,NO PROVIDER,100.0,48169|Pulmonary
48169,Texas,Rheumatology,Arthritis,804,0,0,0.0,0.0,10453.0,13315.598760659872,0.0,NO PROVIDER,100.0,48169|Rheumatology
48171,Texas,Cardiology,Heart Disease,17638,2,2376,8127.0,8819.0,10823.136363636364,15071.056217261126,0.8148285029125316,MODERATE GAP,4.44,48171|Cardiology
48171,Texas,Endocrinology,Diabetes,10041,0,0,0.0,0.0,18070.0,22988.768286620067,0.0,NO PROVIDER,100.0,48171|Endocrinology
48171,Texas,Oncology,Cancer,2051,1,769,299454.0,2051.0,2055.6666666666665,2642.926682217817,0.9977298524404088,MODERATE GAP,5.43,48171|Oncology
48171,Texas,Neurology,Neurological Disorders,751,2,754,4821.0,375.5,637.0,906.5174241117586,0.5894819466248038,MODERATE GAP,3.21,48171|Neurology
48171,Texas,Psychiatry,Mental Health Disorders,4953,0,0,0.0,0.0,3104.5,4291.15957060345,0.0,NO PROVIDER,100.0,48171|Psychiatry
48171,Texas,Pulmonary,Respiratory Disease,3586,0,0,0.0,0.0,4251.578947368421,5741.879971570142,0.0,NO PROVIDER,100.0,48171|Pulmonary
48171,Texas,Rheumatology,Arthritis,5838,1,459,32639.0,5838.0,10453.0,13315.598760659872,0.558499952166842,MODERATE GAP,3.04,48171|Rheumatology
48173,Texas,Cardiology,Heart Disease,597,0,0,0.0,0.0,10823.136363636364,15071.056217261126,0.0,NO PROVIDER,100.0,48173|Cardiology
48173,Texas,Endocrinology,Diabetes,377,0,0,0.0,0.0,18070.0,22988.768286620067,0.0,NO PROVIDER,100.0,48173|Endocrinology
48173,Texas,Oncology,Cancer,60,0,0,0.0,0.0,2055.6666666666665,2642.926682217817,0.0,NO PROVIDER,100.0,48173|Oncology
48173,Texas,Neurology,Neurological Disorders,23,0,0,0.0,0.0,637.0,906.5174241117586,0.0,NO PROVIDER,100.0,48173|Neurology
48173,Texas,Psychiatry,Mental Health Disorders,181,0,0,0.0,0.0,3104.5,4291.15957060345,0.0,NO PROVIDER,100.0,48173|Psychiatry
48173,Texas,Pulmonary,Respiratory Disease,120,0,0,0.0,0.0,4251.578947368421,5741.879971570142,0.0,NO PROVIDER,100.0,48173|Pulmonary
48173,Texas,Rheumatology,Arthritis,181,0,0,0.0,0.0,10453.0,13315.598760659872,0.0,NO PROVIDER,100.0,48173|Rheumatology
48175,Texas,Cardiology,Heart Disease,4607,0,0,0.0,0.0,10823.136363636364,15071.056217261126,0.0,NO PROVIDER,100.0,48175|Cardiology
48175,Texas,Endocrinology,Diabetes,2909,0,0,0.0,0.0,18070.0,22988.768286620067,0.0,NO PROVIDER,100.0,48175|Endocrinology
48175,Texas,Oncology,Cancer,448,0,0,0.0,0.0,2055.6666666666665,2642.926682217817,0.0,NO PROVIDER,100.0,48175|Oncology
48175,Texas,Neurology,Neurological Disorders,215,0,0,0.0,0.0,637.0,906.5174241117586,0.0,NO PROVIDER,100.0,48175|Neurology
48175,Texas,Psychiatry,Mental Health Disorders,1287,0,0,0.0,0.0,3104.5,4291.15957060345,0.0,NO PROVIDER,100.0,48175|Psychiatry
48175,Texas,Pulmonary,Respiratory Disease,991,0,0,0.0,0.0,4251.578947368421,5741.879971570142,0.0,NO PROVIDER,100.0,48175|Pulmonary
48175,Texas,Rheumatology,Arthritis,1493,0,0,0.0,0.0,10453.0,13315.598760659872,0.0,NO PROVIDER,100.0,48175|Rheumatology
48177,Texas,Cardiology,Heart Disease,11686,2,2410,30190.0,5843.0,10823.136363636364,15071.056217261126,0.5398619959766325,MODERATE GAP,2.94,48177|Cardiology
48177,Texas,Endocrinology,Diabetes,7987,0,0,0.0,0.0,18070.0,22988.768286620067,0.0,NO PROVIDER,100.0,48177|Endocrinology
48177,Texas,Oncology,Cancer,954,0,0,0.0,0.0,2055.6666666666665,2642.926682217817,0.0,NO PROVIDER,100.0,48177|Oncology
48177,Texas,Neurology,Neurological Disorders,572,0,0,0.0,0.0,637.0,906.5174241117586,0.0,NO PROVIDER,100.0,48177|Neurology
48177,Texas,Psychiatry,Mental Health Disorders,3249,1,0,0.0,3249.0,3104.5,4291.15957060345,1.046545337413432,HIGH GAP,5.7,48177|Psychiatry
48177,Texas,Pulmonary,Respiratory Disease,2574,0,0,0.0,0.0,4251.578947368421,5741.879971570142,0.0,NO PROVIDER,100.0,48177|Pulmonary
48177,Texas,Rheumatology,Arthritis,3565,0,0,0.0,0.0,10453.0,13315.598760659872,0.0,NO PROVIDER,100.0,48177|Rheumatology
48179,Texas,Cardiology,Heart Disease,12162,0,0,0.0,0.0,10823.136363636364,15071.056217261126,0.0,NO PROVIDER,100.0,48179|Cardiology
48179,Texas,Endocrinology,Diabetes,8090,0,0,0.0,0.0,18070.0,22988.768286620067,0.0,NO PROVIDER,100.0,48179|Endocrinology
48179,Texas,Oncology,Cancer,1081,0,0,0.0,0.0,2055.6666666666665,2642.926682217817,0.0,NO PROVIDER,100.0,48179|Oncology
48179,Texas,Neurology,Neurological Disorders,572,0,0,0.0,0.0,637.0,906.5174241117586,0.0,NO PROVIDER,100.0,48179|Neurology
48179,Texas,Psychiatry,Mental Health Disorders,3665,0,0,0.0,0.0,3104.5,4291.15957060345,0.0,NO PROVIDER,100.0,48179|Psychiatry
48179,Texas,Pulmonary,Respiratory Disease,2757,1,0,0.0,2757.0,4251.578947368421,5741.879971570142,0.6484649665758851,MODERATE GAP,3.53,48179|Pulmonary
48179,Texas,Rheumatology,Arthritis,3822,0,0,0.0,0.0,10453.0,13315.598760659872,0.0,NO PROVIDER,100.0,48179|Rheumatology
48181,Texas,Cardiology,Heart Disease,84453,2,2748,22813.0,42226.5,10823.136363636364,15071.056217261126,3.901503093121217,CRITICAL GAP,21.24,48181|Cardiology
48181,Texas,Endocrinology,Diabetes,50705,1,574,22361.0,50705.0,18070.0,22988.768286620067,2.806032097399004,CRITICAL GAP,15.28,48181|Endocrinology
48181,Texas,Oncology,Cancer,8479,3,2806,641450.0,2826.333333333333,2055.6666666666665,2642.926682217817,1.3748986541268042,HIGH GAP,7.49,48181|Oncology
48181,Texas,Neurology,Neurological Disorders,3682,6,2448,56620.0,613.6666666666666,637.0,906.5174241117586,0.9633699633699632,MODERATE GAP,5.25,48181|Neurology
48181,Texas,Psychiatry,Mental Health Disorders,27500,7,1019,9948.0,3928.571428571429,3104.5,4291.15957060345,1.2654441709039872,HIGH GAP,6.89,48181|Psychiatry
48181,Texas,Pulmonary,Respiratory Disease,19189,3,3056,22152.0,6396.333333333333,4251.578947368421,5741.879971570142,1.504460675084592,HIGH GAP,8.19,48181|Pulmonary
48181,Texas,Rheumatology,Arthritis,27444,0,0,0.0,0.0,10453.0,13315.598760659872,0.0,NO PROVIDER,100.0,48181|Rheumatology
48183,Texas,Cardiology,Heart Disease,71872,5,6057,28727.0,14374.4,10823.136363636364,15071.056217261126,1.328117794791461,HIGH GAP,7.23,48183|Cardiology
48183,Texas,Endocrinology,Diabetes,46789,1,374,5149.0,46789.0,18070.0,22988.768286620067,2.589319313779745,CRITICAL GAP,14.1,48183|Endocrinology
48183,Texas,Oncology,Cancer,6423,3,1882,352640.0,2141.0,2055.6666666666665,2642.926682217817,1.0415112696610995,HIGH GAP,5.67,48183|Oncology
48183,Texas,Neurology,Neurological Disorders,3469,3,1190,10592.0,1156.3333333333333,637.0,906.5174241117586,1.8152799581371009,HIGH GAP,9.88,48183|Neurology
48183,Texas,Psychiatry,Mental Health Disorders,22457,3,259,848.0,7485.666666666667,3104.5,4291.15957060345,2.4112310087507383,CRITICAL GAP,13.13,48183|Psychiatry
48183,Texas,Pulmonary,Respiratory Disease,16878,3,2344,10468.0,5626.0,4251.578947368421,5741.879971570142,1.3232730873978709,HIGH GAP,7.2,48183|Pulmonary
48183,Texas,Rheumatology,Arthritis,23207,2,1182,147888.0,11603.5,10453.0,13315.598760659872,1.1100640964316464,HIGH GAP,6.04,48183|Rheumatology
48185,Texas,Cardiology,Heart Disease,19682,0,0,0.0,0.0,10823.136363636364,15071.056217261126,0.0,NO PROVIDER,100.0,48185|Cardiology
48185,Texas,Endocrinology,Diabetes,12617,0,0,0.0,0.0,18070.0,22988.768286620067,0.0,NO PROVIDER,100.0,48185|Endocrinology
48185,Texas,Oncology,Cancer,1763,0,0,0.0,0.0,2055.6666666666665,2642.926682217817,0.0,NO PROVIDER,100.0,48185|Oncology
48185,Texas,Neurology,Neurological Disorders,938,0,0,0.0,0.0,637.0,906.5174241117586,0.0,NO PROVIDER,100.0,48185|Neurology
48185,Texas,Psychiatry,Mental Health Disorders,5739,0,0,0.0,0.0,3104.5,4291.15957060345,0.0,NO PROVIDER,100.0,48185|Psychiatry
48185,Texas,Pulmonary,Respiratory Disease,4402,0,0,0.0,0.0,4251.578947368421,5741.879971570142,0.0,NO PROVIDER,100.0,48185|Pulmonary
48185,Texas,Rheumatology,Arthritis,6227,0,0,0.0,0.0,10453.0,13315.598760659872,0.0,NO PROVIDER,100.0,48185|Rheumatology
48187,Texas,Cardiology,Heart Disease,103158,8,7732,40000.0,12894.75,10823.136363636364,15071.056217261126,1.1914060367310768,HIGH GAP,6.49,48187|Cardiology
48187,Texas,Endocrinology,Diabetes,67214,1,340,1513.0,67214.0,18070.0,22988.768286620067,3.7196458218040953,CRITICAL GAP,20.25,48187|Endocrinology
48187,Texas,Oncology,Cancer,9130,3,2039,459452.0,3043.333333333333,2055.6666666666665,2642.926682217817,1.480460515647803,HIGH GAP,8.06,48187|Oncology
48187,Texas,Neurology,Neurological Disorders,4169,0,0,0.0,0.0,637.0,906.5174241117586,0.0,NO PROVIDER,100.0,48187|Neurology
48187,Texas,Psychiatry,Mental Health Disorders,32061,1,50,96.0,32061.0,3104.5,4291.15957060345,10.327266870671606,CRITICAL GAP,56.23,48187|Psychiatry
48187,Texas,Pulmonary,Respiratory Disease,21206,1,842,2848.0,21206.0,4251.578947368421,5741.879971570142,4.987794008417925,CRITICAL GAP,27.16,48187|Pulmonary
48187,Texas,Rheumatology,Arthritis,33355,0,0,0.0,0.0,10453.0,13315.598760659872,0.0,NO PROVIDER,100.0,48187|Rheumatology
48189,Texas,Cardiology,Heart Disease,18382,0,0,0.0,0.0,10823.136363636364,15071.056217261126,0.0,NO PROVIDER,100.0,48189|Cardiology
48189,Texas,Endocrinology,Diabetes,12810,0,0,0.0,0.0,18070.0,22988.768286620067,0.0,NO PROVIDER,100.0,48189|Endocrinology
48189,Texas,Oncology,Cancer,1340,0,0,0.0,0.0,2055.6666666666665,2642.926682217817,0.0,NO PROVIDER,100.0,48189|Oncology
48189,Texas,Neurology,Neurological Disorders,881,0,0,0.0,0.0,637.0,906.5174241117586,0.0,NO PROVIDER,100.0,48189|Neurology
48189,Texas,Psychiatry,Mental Health Disorders,5019,1,36,83.0,5019.0,3104.5,4291.15957060345,1.6166854565952649,HIGH GAP,8.8,48189|Psychiatry
48189,Texas,Pulmonary,Respiratory Disease,3925,0,0,0.0,0.0,4251.578947368421,5741.879971570142,0.0,NO PROVIDER,100.0,48189|Pulmonary
48189,Texas,Rheumatology,Arthritis,5336,0,0,0.0,0.0,10453.0,13315.598760659872,0.0,NO PROVIDER,100.0,48189|Rheumatology
48191,Texas,Cardiology,Heart Disease,1852,0,0,0.0,0.0,10823.136363636364,15071.056217261126,0.0,NO PROVIDER,100.0,48191|Cardiology
48191,Texas,Endocrinology,Diabetes,1218,0,0,0.0,0.0,18070.0,22988.768286620067,0.0,NO PROVIDER,100.0,48191|Endocrinology
48191,Texas,Oncology,Cancer,166,0,0,0.0,0.0,2055.6666666666665,2642.926682217817,0.0,NO PROVIDER,100.0,48191|Oncology
48191,Texas,Neurology,Neurological Disorders,96,0,0,0.0,0.0,637.0,906.5174241117586,0.0,NO PROVIDER,100.0,48191|Neurology
48191,Texas,Psychiatry,Mental Health Disorders,505,0,0,0.0,0.0,3104.5,4291.15957060345,0.0,NO PROVIDER,100.0,48191|Psychiatry
48191,Texas,Pulmonary,Respiratory Disease,409,0,0,0.0,0.0,4251.578947368421,5741.879971570142,0.0,NO PROVIDER,100.0,48191|Pulmonary
48191,Texas,Rheumatology,Arthritis,598,0,0,0.0,0.0,10453.0,13315.598760659872,0.0,NO PROVIDER,100.0,48191|Rheumatology
48193,Texas,Cardiology,Heart Disease,5493,0,0,0.0,0.0,10823.136363636364,15071.056217261126,0.0,NO PROVIDER,100.0,48193|Cardiology
48193,Texas,Endocrinology,Diabetes,3318,0,0,0.0,0.0,18070.0,22988.768286620067,0.0,NO PROVIDER,100.0,48193|Endocrinology
48193,Texas,Oncology,Cancer,584,0,0,0.0,0.0,2055.6666666666665,2642.926682217817,0.0,NO PROVIDER,100.0,48193|Oncology
48193,Texas,Neurology,Neurological Disorders,263,0,0,0.0,0.0,637.0,906.5174241117586,0.0,NO PROVIDER,100.0,48193|Neurology
48193,Texas,Psychiatry,Mental Health Disorders,1634,0,0,0.0,0.0,3104.5,4291.15957060345,0.0,NO PROVIDER,100.0,48193|Psychiatry
48193,Texas,Pulmonary,Respiratory Disease,1242,0,0,0.0,0.0,4251.578947368421,5741.879971570142,0.0,NO PROVIDER,100.0,48193|Pulmonary
48193,Texas,Rheumatology,Arthritis,1843,0,0,0.0,0.0,10453.0,13315.598760659872,0.0,NO PROVIDER,100.0,48193|Rheumatology
48195,Texas,Cardiology,Heart Disease,2695,0,0,0.0,0.0,10823.136363636364,15071.056217261126,0.0,NO PROVIDER,100.0,48195|Cardiology
48195,Texas,Endocrinology,Diabetes,1811,0,0,0.0,0.0,18070.0,22988.768286620067,0.0,NO PROVIDER,100.0,48195|Endocrinology
48195,Texas,Oncology,Cancer,237,0,0,0.0,0.0,2055.6666666666665,2642.926682217817,0.0,NO PROVIDER,100.0,48195|Oncology
48195,Texas,Neurology,Neurological Disorders,123,0,0,0.0,0.0,637.0,906.5174241117586,0.0,NO PROVIDER,100.0,48195|Neurology
48195,Texas,Psychiatry,Mental Health Disorders,805,0,0,0.0,0.0,3104.5,4291.15957060345,0.0,NO PROVIDER,100.0,48195|Psychiatry
48195,Texas,Pulmonary,Respiratory Disease,589,0,0,0.0,0.0,4251.578947368421,5741.879971570142,0.0,NO PROVIDER,100.0,48195|Pulmonary
48195,Texas,Rheumatology,Arthritis,825,0,0,0.0,0.0,10453.0,13315.598760659872,0.0,NO PROVIDER,100.0,48195|Rheumatology
48197,Texas,Cardiology,Heart Disease,2179,0,0,0.0,0.0,10823.136363636364,15071.056217261126,0.0,NO PROVIDER,100.0,48197|Cardiology
48197,Texas,Endocrinology,Diabetes,1387,0,0,0.0,0.0,18070.0,22988.768286620067,0.0,NO PROVIDER,100.0,48197|Endocrinology
48197,Texas,Oncology,Cancer,213,0,0,0.0,0.0,2055.6666666666665,2642.926682217817,0.0,NO PROVIDER,100.0,48197|Oncology
48197,Texas,Neurology,Neurological Disorders,107,0,0,0.0,0.0,637.0,906.5174241117586,0.0,NO PROVIDER,100.0,48197|Neurology
48197,Texas,Psychiatry,Mental Health Disorders,646,0,0,0.0,0.0,3104.5,4291.15957060345,0.0,NO PROVIDER,100.0,48197|Psychiatry
48197,Texas,Pulmonary,Respiratory Disease,501,0,0,0.0,0.0,4251.578947368421,5741.879971570142,0.0,NO PROVIDER,100.0,48197|Pulmonary
48197,Texas,Rheumatology,Arthritis,720,0,0,0.0,0.0,10453.0,13315.598760659872,0.0,NO PROVIDER,100.0,48197|Rheumatology
48199,Texas,Cardiology,Heart Disease,33100,0,0,0.0,0.0,10823.136363636364,15071.056217261126,0.0,NO PROVIDER,100.0,48199|Cardiology
48199,Texas,Endocrinology,Diabetes,19772,0,0,0.0,0.0,18070.0,22988.768286620067,0.0,NO PROVIDER,100.0,48199|Endocrinology
48199,Texas,Oncology,Cancer,3387,0,0,0.0,0.0,2055.6666666666665,2642.926682217817,0.0,NO PROVIDER,100.0,48199|Oncology
48199,Texas,Neurology,Neurological Disorders,1486,0,0,0.0,0.0,637.0,906.5174241117586,0.0,NO PROVIDER,100.0,48199|Neurology
48199,Texas,Psychiatry,Mental Health Disorders,11033,0,0,0.0,0.0,3104.5,4291.15957060345,0.0,NO PROVIDER,100.0,48199|Psychiatry
48199,Texas,Pulmonary,Respiratory Disease,7822,0,0,0.0,0.0,4251.578947368421,5741.879971570142,0.0,NO PROVIDER,100.0,48199|Pulmonary
48199,Texas,Rheumatology,Arthritis,11077,0,0,0.0,0.0,10453.0,13315.598760659872,0.0,NO PROVIDER,100.0,48199|Rheumatology
48201,Texas,Cardiology,Heart Disease,2619624,358,215486,1042131.1,7317.385474860335,10823.136363636364,15071.056217261126,0.6760873400288413,MODERATE GAP,3.68,48201|Cardiology
48201,Texas,Endocrinology,Diabetes,1812341,138,25967,307049.0,13132.90579710145,18070.0,22988.768286620067,0.7267795128445739,MODERATE GAP,3.96,48201|Endocrinology
48201,Texas,Oncology,Cancer,190583,186,30797,4370301.0,1024.639784946237,2055.6666666666665,2642.926682217817,0.4984464658405562,LOW GAP,2.71,48201|Oncology
48201,Texas,Neurology,Neurological Disorders,118665,315,57812,1471597.0,376.7142857142857,637.0,906.5174241117586,0.5913882036331016,MODERATE GAP,3.22,48201|Neurology
48201,Texas,Psychiatry,Mental Health Disorders,704799,376,13780,75176.0,1874.465425531915,3104.5,4291.15957060345,0.6037897972401078,MODERATE GAP,3.29,48201|Psychiatry
48201,Texas,Pulmonary,Respiratory Disease,528599,146,46189,288455.0,3620.541095890411,4251.578947368421,5741.879971570142,0.8515756477088117,MODERATE GAP,4.64,48201|Pulmonary
48201,Texas,Rheumatology,Arthritis,703001,99,16396,3652869.0,7101.020202020202,10453.0,13315.598760659872,0.6793284417889794,MODERATE GAP,3.7,48201|Rheumatology
48203,Texas,Cardiology,Heart Disease,41658,1,83,348.0,41658.0,10823.136363636364,15071.056217261126,3.848976729145056,CRITICAL GAP,20.96,48203|Cardiology
48203,Texas,Endocrinology,Diabetes,27942,0,0,0.0,0.0,18070.0,22988.768286620067,0.0,NO PROVIDER,100.0,48203|Endocrinology
48203,Texas,Oncology,Cancer,3799,0,0,0.0,0.0,2055.6666666666665,2642.926682217817,0.0,NO PROVIDER,100.0,48203|Oncology
48203,Texas,Neurology,Neurological Disorders,2048,0,0,0.0,0.0,637.0,906.5174241117586,0.0,NO PROVIDER,100.0,48203|Neurology
48203,Texas,Psychiatry,Mental Health Disorders,12880,1,26,55.0,12880.0,3104.5,4291.15957060345,4.148816234498309,CRITICAL GAP,22.59,48203|Psychiatry
48203,Texas,Pulmonary,Respiratory Disease,9781,0,0,0.0,0.0,4251.578947368421,5741.879971570142,0.0,NO PROVIDER,100.0,48203|Pulmonary
48203,Texas,Rheumatology,Arthritis,13688,0,0,0.0,0.0,10453.0,13315.598760659872,0.0,NO PROVIDER,100.0,48203|Rheumatology
48205,Texas,Cardiology,Heart Disease,2955,0,0,0.0,0.0,10823.136363636364,15071.056217261126,0.0,NO PROVIDER,100.0,48205|Cardiology
48205,Texas,Endocrinology,Diabetes,1837,0,0,0.0,0.0,18070.0,22988.768286620067,0.0,NO PROVIDER,100.0,48205|Endocrinology
48205,Texas,Oncology,Cancer,279,0,0,0.0,0.0,2055.6666666666665,2642.926682217817,0.0,NO PROVIDER,100.0,48205|Oncology
48205,Texas,Neurology,Neurological Disorders,124,0,0,0.0,0.0,637.0,906.5174241117586,0.0,NO PROVIDER,100.0,48205|Neurology
48205,Texas,Psychiatry,Mental Health Disorders,839,0,0,0.0,0.0,3104.5,4291.15957060345,0.0,NO PROVIDER,100.0,48205|Psychiatry
48205,Texas,Pulmonary,Respiratory Disease,604,0,0,0.0,0.0,4251.578947368421,5741.879971570142,0.0,NO PROVIDER,100.0,48205|Pulmonary
48205,Texas,Rheumatology,Arthritis,887,0,0,0.0,0.0,10453.0,13315.598760659872,0.0,NO PROVIDER,100.0,48205|Rheumatology
48207,Texas,Cardiology,Heart Disease,3542,1,3181,9429.0,3542.0,10823.136363636364,15071.056217261126,0.3272618842630896,LOW GAP,1.78,48207|Cardiology
48207,Texas,Endocrinology,Diabetes,2224,0,0,0.0,0.0,18070.0,22988.768286620067,0.0,NO PROVIDER,100.0,48207|Endocrinology
48207,Texas,Oncology,Cancer,331,1,266,1118.0,331.0,2055.6666666666665,2642.926682217817,0.1610183233338738,LOW GAP,0.88,48207|Oncology
48207,Texas,Neurology,Neurological Disorders,170,0,0,0.0,0.0,637.0,906.5174241117586,0.0,NO PROVIDER,100.0,48207|Neurology
48207,Texas,Psychiatry,Mental Health Disorders,1031,0,0,0.0,0.0,3104.5,4291.15957060345,0.0,NO PROVIDER,100.0,48207|Psychiatry
48207,Texas,Pulmonary,Respiratory Disease,806,0,0,0.0,0.0,4251.578947368421,5741.879971570142,0.0,NO PROVIDER,100.0,48207|Pulmonary
48207,Texas,Rheumatology,Arthritis,1133,0,0,0.0,0.0,10453.0,13315.598760659872,0.0,NO PROVIDER,100.0,48207|Rheumatology
48209,Texas,Cardiology,Heart Disease,145856,7,5166,18578.0,20836.571428571428,10823.136363636364,15071.056217261126,1.9251879241379848,HIGH GAP,10.48,48209|Cardiology
48209,Texas,Endocrinology,Diabetes,99204,1,117,2415.0,99204.0,18070.0,22988.768286620067,5.489983397897067,CRITICAL GAP,29.89,48209|Endocrinology
48209,Texas,Oncology,Cancer,13438,1,290,47536.0,13438.0,2055.6666666666665,2642.926682217817,6.537052051240474,CRITICAL GAP,35.59,48209|Oncology
48209,Texas,Neurology,Neurological Disorders,5681,2,935,2744.0,2840.5,637.0,906.5174241117586,4.459183673469388,CRITICAL GAP,24.28,48209|Neurology
48209,Texas,Psychiatry,Mental Health Disorders,47417,3,82,444.0,15805.666666666666,3104.5,4291.15957060345,5.091211681967037,CRITICAL GAP,27.72,48209|Psychiatry
48209,Texas,Pulmonary,Respiratory Disease,31028,3,1717,6838.0,10342.666666666666,4251.578947368421,5741.879971570142,2.4326648510357347,CRITICAL GAP,13.25,48209|Pulmonary
48209,Texas,Rheumatology,Arthritis,44139,3,1099,163179.0,14713.0,10453.0,13315.598760659872,1.407538505692146,HIGH GAP,7.66,48209|Rheumatology
48211,Texas,Cardiology,Heart Disease,1682,0,0,0.0,0.0,10823.136363636364,15071.056217261126,0.0,NO PROVIDER,100.0,48211|Cardiology
48211,Texas,Endocrinology,Diabetes,1019,0,0,0.0,0.0,18070.0,22988.768286620067,0.0,NO PROVIDER,100.0,48211|Endocrinology
48211,Texas,Oncology,Cancer,178,0,0,0.0,0.0,2055.6666666666665,2642.926682217817,0.0,NO PROVIDER,100.0,48211|Oncology
48211,Texas,Neurology,Neurological Disorders,69,1,223,297.0,69.0,637.0,906.5174241117586,0.108320251177394,LOW GAP,0.59,48211|Neurology
48211,Texas,Psychiatry,Mental Health Disorders,514,0,0,0.0,0.0,3104.5,4291.15957060345,0.0,NO PROVIDER,100.0,48211|Psychiatry
48211,Texas,Pulmonary,Respiratory Disease,353,0,0,0.0,0.0,4251.578947368421,5741.879971570142,0.0,NO PROVIDER,100.0,48211|Pulmonary
48211,Texas,Rheumatology,Arthritis,534,0,0,0.0,0.0,10453.0,13315.598760659872,0.0,NO PROVIDER,100.0,48211|Rheumatology
48213,Texas,Cardiology,Heart Disease,54485,1,1220,3576.0,54485.0,10823.136363636364,15071.056217261126,5.034123027689,CRITICAL GAP,27.41,48213|Cardiology
48213,Texas,Endocrinology,Diabetes,32759,0,0,0.0,0.0,18070.0,22988.768286620067,0.0,NO PROVIDER,100.0,48213|Endocrinology
48213,Texas,Oncology,Cancer,5482,0,0,0.0,0.0,2055.6666666666665,2642.926682217817,0.0,NO PROVIDER,100.0,48213|Oncology
48213,Texas,Neurology,Neurological Disorders,2606,1,419,1246.0,2606.0,637.0,906.5174241117586,4.09105180533752,CRITICAL GAP,22.27,48213|Neurology
48213,Texas,Psychiatry,Mental Health Disorders,16887,1,73,263.0,16887.0,3104.5,4291.15957060345,5.439523272668707,CRITICAL GAP,29.62,48213|Psychiatry
48213,Texas,Pulmonary,Respiratory Disease,12691,0,0,0.0,0.0,4251.578947368421,5741.879971570142,0.0,NO PROVIDER,100.0,48213|Pulmonary
48213,Texas,Rheumatology,Arthritis,18410,0,0,0.0,0.0,10453.0,13315.598760659872,0.0,NO PROVIDER,100.0,48213|Rheumatology
48215,Texas,Cardiology,Heart Disease,467090,19,6360,21138.0,24583.68421052632,10823.136363636364,15071.056217261126,2.2714011340670823,CRITICAL GAP,12.37,48215|Cardiology
48215,Texas,Endocrinology,Diabetes,388096,11,1936,40386.0,35281.454545454544,18070.0,22988.768286620067,1.9524877999698145,HIGH GAP,10.63,48215|Endocrinology
48215,Texas,Oncology,Cancer,27788,14,2334,384568.0,1984.857142857143,2055.6666666666665,2642.926682217817,0.9655539854988534,MODERATE GAP,5.26,48215|Oncology
48215,Texas,Neurology,Neurological Disorders,22792,21,2742,22092.9,1085.3333333333333,637.0,906.5174241117586,1.7038199895342752,HIGH GAP,9.28,48215|Neurology
48215,Texas,Psychiatry,Mental Health Disorders,125515,20,1077,5268.0,6275.75,3104.5,4291.15957060345,2.0215010468674506,CRITICAL GAP,11.01,48215|Psychiatry
48215,Texas,Pulmonary,Respiratory Disease,91482,22,6935,29245.0,4158.272727272727,4251.578947368421,5741.879971570142,0.9780537486776656,MODERATE GAP,5.33,48215|Pulmonary
48215,Texas,Rheumatology,Arthritis,127700,4,1102,211587.0,31925.0,10453.0,13315.598760659872,3.054147134793839,CRITICAL GAP,16.63,48215|Rheumatology
48217,Texas,Cardiology,Heart Disease,23014,1,1451,5067.0,23014.0,10823.136363636364,15071.056217261126,2.126370695773784,CRITICAL GAP,11.58,48217|Cardiology
48217,Texas,Endocrinology,Diabetes,14581,0,0,0.0,0.0,18070.0,22988.768286620067,0.0,NO PROVIDER,100.0,48217|Endocrinology
48217,Texas,Oncology,Cancer,2255,0,0,0.0,0.0,2055.6666666666665,2642.926682217817,0.0,NO PROVIDER,100.0,48217|Oncology
48217,Texas,Neurology,Neurological Disorders,1069,0,0,0.0,0.0,637.0,906.5174241117586,0.0,NO PROVIDER,100.0,48217|Neurology
48217,Texas,Psychiatry,Mental Health Disorders,7027,0,0,0.0,0.0,3104.5,4291.15957060345,0.0,NO PROVIDER,100.0,48217|Psychiatry
48217,Texas,Pulmonary,Respiratory Disease,5241,0,0,0.0,0.0,4251.578947368421,5741.879971570142,0.0,NO PROVIDER,100.0,48217|Pulmonary
48217,Texas,Rheumatology,Arthritis,7569,0,0,0.0,0.0,10453.0,13315.598760659872,0.0,NO PROVIDER,100.0,48217|Rheumatology
48219,Texas,Cardiology,Heart Disease,11813,2,4199,39998.0,5906.5,10823.136363636364,15071.056217261126,0.5457290568605134,MODERATE GAP,2.97,48219|Cardiology
48219,Texas,Endocrinology,Diabetes,7852,2,766,2246.0,3926.0,18070.0,22988.768286620067,0.2172661870503597,LOW GAP,1.18,48219|Endocrinology
48219,Texas,Oncology,Cancer,1002,0,0,0.0,0.0,2055.6666666666665,2642.926682217817,0.0,NO PROVIDER,100.0,48219|Oncology
48219,Texas,Neurology,Neurological Disorders,545,0,0,0.0,0.0,637.0,906.5174241117586,0.0,NO PROVIDER,100.0,48219|Neurology
48219,Texas,Psychiatry,Mental Health Disorders,3504,0,0,0.0,0.0,3104.5,4291.15957060345,0.0,NO PROVIDER,100.0,48219|Psychiatry
48219,Texas,Pulmonary,Respiratory Disease,2588,4,1834,6754.0,647.0,4251.578947368421,5741.879971570142,0.1521787571180985,LOW GAP,0.83,48219|Pulmonary
48219,Texas,Rheumatology,Arthritis,3614,0,0,0.0,0.0,10453.0,13315.598760659872,0.0,NO PROVIDER,100.0,48219|Rheumatology
48221,Texas,Cardiology,Heart Disease,41299,1,968,3947.0,41299.0,10823.136363636364,15071.056217261126,3.8158070463527207,CRITICAL GAP,20.78,48221|Cardiology
48221,Texas,Endocrinology,Diabetes,23834,0,0,0.0,0.0,18070.0,22988.768286620067,0.0,NO PROVIDER,100.0,48221|Endocrinology
48221,Texas,Oncology,Cancer,4724,1,300,106875.0,4724.0,2055.6666666666665,2642.926682217817,2.2980379438949248,CRITICAL GAP,12.51,48221|Oncology
48221,Texas,Neurology,Neurological Disorders,1701,1,832,6584.0,1701.0,637.0,906.5174241117586,2.67032967032967,CRITICAL GAP,14.54,48221|Neurology
48221,Texas,Psychiatry,Mental Health Disorders,12687,5,192,573.0,2537.4,3104.5,4291.15957060345,0.8173296827186343,MODERATE GAP,4.45,48221|Psychiatry
48221,Texas,Pulmonary,Respiratory Disease,8800,1,1043,3139.0,8800.0,4251.578947368421,5741.879971570142,2.0698192621936125,CRITICAL GAP,11.27,48221|Pulmonary
48221,Texas,Rheumatology,Arthritis,13847,0,0,0.0,0.0,10453.0,13315.598760659872,0.0,NO PROVIDER,100.0,48221|Rheumatology
48223,Texas,Cardiology,Heart Disease,22134,9,9799,29911.0,2459.333333333333,10823.136363636364,15071.056217261126,0.2272292661484166,LOW GAP,1.24,48223|Cardiology
48223,Texas,Endocrinology,Diabetes,14438,0,0,0.0,0.0,18070.0,22988.768286620067,0.0,NO PROVIDER,100.0,48223|Endocrinology
48223,Texas,Oncology,Cancer,2184,0,0,0.0,0.0,2055.6666666666665,2642.926682217817,0.0,NO PROVIDER,100.0,48223|Oncology
48223,Texas,Neurology,Neurological Disorders,1042,0,0,0.0,0.0,637.0,906.5174241117586,0.0,NO PROVIDER,100.0,48223|Neurology
48223,Texas,Psychiatry,Mental Health Disorders,7103,0,0,0.0,0.0,3104.5,4291.15957060345,0.0,NO PROVIDER,100.0,48223|Psychiatry
48223,Texas,Pulmonary,Respiratory Disease,5236,4,1452,5465.0,1309.0,4251.578947368421,5741.879971570142,0.3078856152512998,LOW GAP,1.68,48223|Pulmonary
48223,Texas,Rheumatology,Arthritis,7335,1,157,687.0,7335.0,10453.0,13315.598760659872,0.7017124270544342,MODERATE GAP,3.82,48223|Rheumatology
48225,Texas,Cardiology,Heart Disease,14734,3,4311,13876.0,4911.333333333333,10823.136363636364,15071.056217261126,0.4537809714598496,LOW GAP,2.47,48225|Cardiology
48225,Texas,Endocrinology,Diabetes,9364,0,0,0.0,0.0,18070.0,22988.768286620067,0.0,NO PROVIDER,100.0,48225|Endocrinology
48225,Texas,Oncology,Cancer,1299,0,0,0.0,0.0,2055.6666666666665,2642.926682217817,0.0,NO PROVIDER,100.0,48225|Oncology
48225,Texas,Neurology,Neurological Disorders,790,0,0,0.0,0.0,637.0,906.5174241117586,0.0,NO PROVIDER,100.0,48225|Neurology
48225,Texas,Psychiatry,Mental Health Disorders,4081,0,0,0.0,0.0,3104.5,4291.15957060345,0.0,NO PROVIDER,100.0,48225|Psychiatry
48225,Texas,Pulmonary,Respiratory Disease,3431,0,0,0.0,0.0,4251.578947368421,5741.879971570142,0.0,NO PROVIDER,100.0,48225|Pulmonary
48225,Texas,Rheumatology,Arthritis,4721,0,0,0.0,0.0,10453.0,13315.598760659872,0.0,NO PROVIDER,100.0,48225|Rheumatology
48227,Texas,Cardiology,Heart Disease,17597,4,2122,8056.0,4399.25,10823.136363636364,15071.056217261126,0.4064672061954819,LOW GAP,2.21,48227|Cardiology
48227,Texas,Endocrinology,Diabetes,12154,0,0,0.0,0.0,18070.0,22988.768286620067,0.0,NO PROVIDER,100.0,48227|Endocrinology
48227,Texas,Oncology,Cancer,1411,1,667,205345.0,1411.0,2055.6666666666665,2642.926682217817,0.6863953299821631,MODERATE GAP,3.74,48227|Oncology
48227,Texas,Neurology,Neurological Disorders,788,5,3547,234648.0,157.6,637.0,906.5174241117586,0.2474097331240188,LOW GAP,1.35,48227|Neurology
48227,Texas,Psychiatry,Mental Health Disorders,5172,7,115,353.0,738.8571428571429,3104.5,4291.15957060345,0.2379955364332881,LOW GAP,1.3,48227|Psychiatry
48227,Texas,Pulmonary,Respiratory Disease,3761,2,700,3431.0,1880.5,4251.578947368421,5741.879971570142,0.4423062639267145,LOW GAP,2.41,48227|Pulmonary
48227,Texas,Rheumatology,Arthritis,5231,2,589,62572.0,2615.5,10453.0,13315.598760659872,0.2502152492107529,LOW GAP,1.36,48227|Rheumatology
48229,Texas,Cardiology,Heart Disease,2301,0,0,0.0,0.0,10823.136363636364,15071.056217261126,0.0,NO PROVIDER,100.0,48229|Cardiology
48229,Texas,Endocrinology,Diabetes,1727,0,0,0.0,0.0,18070.0,22988.768286620067,0.0,NO PROVIDER,100.0,48229|Endocrinology
48229,Texas,Oncology,Cancer,134,0,0,0.0,0.0,2055.6666666666665,2642.926682217817,0.0,NO PROVIDER,100.0,48229|Oncology
48229,Texas,Neurology,Neurological Disorders,114,0,0,0.0,0.0,637.0,906.5174241117586,0.0,NO PROVIDER,100.0,48229|Neurology
48229,Texas,Psychiatry,Mental Health Disorders,612,0,0,0.0,0.0,3104.5,4291.15957060345,0.0,NO PROVIDER,100.0,48229|Psychiatry
48229,Texas,Pulmonary,Respiratory Disease,490,0,0,0.0,0.0,4251.578947368421,5741.879971570142,0.0,NO PROVIDER,100.0,48229|Pulmonary
48229,Texas,Rheumatology,Arthritis,610,0,0,0.0,0.0,10453.0,13315.598760659872,0.0,NO PROVIDER,100.0,48229|Rheumatology
48231,Texas,Cardiology,Heart Disease,64240,2,1536,8086.0,32120.0,10823.136363636364,15071.056217261126,2.967716465988266,CRITICAL GAP,16.16,48231|Cardiology
48231,Texas,Endocrinology,Diabetes,41446,0,0,0.0,0.0,18070.0,22988.768286620067,0.0,NO PROVIDER,100.0,48231|Endocrinology
48231,Texas,Oncology,Cancer,6018,0,0,0.0,0.0,2055.6666666666665,2642.926682217817,0.0,NO PROVIDER,100.0,48231|Oncology
48231,Texas,Neurology,Neurological Disorders,2860,2,809,2232.0,1430.0,637.0,906.5174241117586,2.2448979591836733,CRITICAL GAP,12.22,48231|Neurology
48231,Texas,Psychiatry,Mental Health Disorders,20019,6,469,4843.0,3336.5,3104.5,4291.15957060345,1.074730230310839,HIGH GAP,5.85,48231|Psychiatry
48231,Texas,Pulmonary,Respiratory Disease,14811,1,709,2091.0,14811.0,4251.578947368421,5741.879971570142,3.4836469423124536,CRITICAL GAP,18.97,48231|Pulmonary
48231,Texas,Rheumatology,Arthritis,20232,0,0,0.0,0.0,10453.0,13315.598760659872,0.0,NO PROVIDER,100.0,48231|Rheumatology
48233,Texas,Cardiology,Heart Disease,11379,0,0,0.0,0.0,10823.136363636364,15071.056217261126,0.0,NO PROVIDER,100.0,48233|Cardiology
48233,Texas,Endocrinology,Diabetes,7118,0,0,0.0,0.0,18070.0,22988.768286620067,0.0,NO PROVIDER,100.0,48233|Endocrinology
48233,Texas,Oncology,Cancer,1111,0,0,0.0,0.0,2055.6666666666665,2642.926682217817,0.0,NO PROVIDER,100.0,48233|Oncology
48233,Texas,Neurology,Neurological Disorders,514,0,0,0.0,0.0,637.0,906.5174241117586,0.0,NO PROVIDER,100.0,48233|Neurology
48233,Texas,Psychiatry,Mental Health Disorders,3596,1,37,1781.0,3596.0,3104.5,4291.15957060345,1.158318569818006,HIGH GAP,6.31,48233|Psychiatry
48233,Texas,Pulmonary,Respiratory Disease,2584,0,0,0.0,0.0,4251.578947368421,5741.879971570142,0.0,NO PROVIDER,100.0,48233|Pulmonary
48233,Texas,Rheumatology,Arthritis,3672,0,0,0.0,0.0,10453.0,13315.598760659872,0.0,NO PROVIDER,100.0,48233|Rheumatology
48235,Texas,Cardiology,Heart Disease,906,0,0,0.0,0.0,10823.136363636364,15071.056217261126,0.0,NO PROVIDER,100.0,48235|Cardiology
48235,Texas,Endocrinology,Diabetes,558,0,0,0.0,0.0,18070.0,22988.768286620067,0.0,NO PROVIDER,100.0,48235|Endocrinology
48235,Texas,Oncology,Cancer,94,0,0,0.0,0.0,2055.6666666666665,2642.926682217817,0.0,NO PROVIDER,100.0,48235|Oncology
48235,Texas,Neurology,Neurological Disorders,39,0,0,0.0,0.0,637.0,906.5174241117586,0.0,NO PROVIDER,100.0,48235|Neurology
48235,Texas,Psychiatry,Mental Health Disorders,276,0,0,0.0,0.0,3104.5,4291.15957060345,0.0,NO PROVIDER,100.0,48235|Psychiatry
48235,Texas,Pulmonary,Respiratory Disease,192,0,0,0.0,0.0,4251.578947368421,5741.879971570142,0.0,NO PROVIDER,100.0,48235|Pulmonary
48235,Texas,Rheumatology,Arthritis,297,0,0,0.0,0.0,10453.0,13315.598760659872,0.0,NO PROVIDER,100.0,48235|Rheumatology
48237,Texas,Cardiology,Heart Disease,5417,0,0,0.0,0.0,10823.136363636364,15071.056217261126,0.0,NO PROVIDER,100.0,48237|Cardiology
48237,Texas,Endocrinology,Diabetes,3486,0,0,0.0,0.0,18070.0,22988.768286620067,0.0,NO PROVIDER,100.0,48237|Endocrinology
48237,Texas,Oncology,Cancer,511,0,0,0.0,0.0,2055.6666666666665,2642.926682217817,0.0,NO PROVIDER,100.0,48237|Oncology
48237,Texas,Neurology,Neurological Disorders,259,0,0,0.0,0.0,637.0,906.5174241117586,0.0,NO PROVIDER,100.0,48237|Neurology
48237,Texas,Psychiatry,Mental Health Disorders,1675,0,0,0.0,0.0,3104.5,4291.15957060345,0.0,NO PROVIDER,100.0,48237|Psychiatry
48237,Texas,Pulmonary,Respiratory Disease,1278,0,0,0.0,0.0,4251.578947368421,5741.879971570142,0.0,NO PROVIDER,100.0,48237|Pulmonary
48237,Texas,Rheumatology,Arthritis,1738,0,0,0.0,0.0,10453.0,13315.598760659872,0.0,NO PROVIDER,100.0,48237|Rheumatology
48239,Texas,Cardiology,Heart Disease,8888,0,0,0.0,0.0,10823.136363636364,15071.056217261126,0.0,NO PROVIDER,100.0,48239|Cardiology
48239,Texas,Endocrinology,Diabetes,5812,0,0,0.0,0.0,18070.0,22988.768286620067,0.0,NO PROVIDER,100.0,48239|Endocrinology
48239,Texas,Oncology,Cancer,827,0,0,0.0,0.0,2055.6666666666665,2642.926682217817,0.0,NO PROVIDER,100.0,48239|Oncology
48239,Texas,Neurology,Neurological Disorders,425,0,0,0.0,0.0,637.0,906.5174241117586,0.0,NO PROVIDER,100.0,48239|Neurology
48239,Texas,Psychiatry,Mental Health Disorders,2600,0,0,0.0,0.0,3104.5,4291.15957060345,0.0,NO PROVIDER,100.0,48239|Psychiatry
48239,Texas,Pulmonary,Respiratory Disease,1971,0,0,0.0,0.0,4251.578947368421,5741.879971570142,0.0,NO PROVIDER,100.0,48239|Pulmonary
48239,Texas,Rheumatology,Arthritis,2844,0,0,0.0,0.0,10453.0,13315.598760659872,0.0,NO PROVIDER,100.0,48239|Rheumatology
48241,Texas,Cardiology,Heart Disease,21196,0,0,0.0,0.0,10823.136363636364,15071.056217261126,0.0,NO PROVIDER,100.0,48241|Cardiology
48241,Texas,Endocrinology,Diabetes,13960,0,0,0.0,0.0,18070.0,22988.768286620067,0.0,NO PROVIDER,100.0,48241|Endocrinology
48241,Texas,Oncology,Cancer,1941,0,0,0.0,0.0,2055.6666666666665,2642.926682217817,0.0,NO PROVIDER,100.0,48241|Oncology
48241,Texas,Neurology,Neurological Disorders,1114,0,0,0.0,0.0,637.0,906.5174241117586,0.0,NO PROVIDER,100.0,48241|Neurology
48241,Texas,Psychiatry,Mental Health Disorders,6310,0,0,0.0,0.0,3104.5,4291.15957060345,0.0,NO PROVIDER,100.0,48241|Psychiatry
48241,Texas,Pulmonary,Respiratory Disease,5208,0,0,0.0,0.0,4251.578947368421,5741.879971570142,0.0,NO PROVIDER,100.0,48241|Pulmonary
48241,Texas,Rheumatology,Arthritis,7048,0,0,0.0,0.0,10453.0,13315.598760659872,0.0,NO PROVIDER,100.0,48241|Rheumatology
48243,Texas,Cardiology,Heart Disease,1618,0,0,0.0,0.0,10823.136363636364,15071.056217261126,0.0,NO PROVIDER,100.0,48243|Cardiology
48243,Texas,Endocrinology,Diabetes,972,0,0,0.0,0.0,18070.0,22988.768286620067,0.0,NO PROVIDER,100.0,48243|Endocrinology
48243,Texas,Oncology,Cancer,168,0,0,0.0,0.0,2055.6666666666665,2642.926682217817,0.0,NO PROVIDER,100.0,48243|Oncology
48243,Texas,Neurology,Neurological Disorders,84,0,0,0.0,0.0,637.0,906.5174241117586,0.0,NO PROVIDER,100.0,48243|Neurology
48243,Texas,Psychiatry,Mental Health Disorders,400,0,0,0.0,0.0,3104.5,4291.15957060345,0.0,NO PROVIDER,100.0,48243|Psychiatry
48243,Texas,Pulmonary,Respiratory Disease,340,0,0,0.0,0.0,4251.578947368421,5741.879971570142,0.0,NO PROVIDER,100.0,48243|Pulmonary
48243,Texas,Rheumatology,Arthritis,547,0,0,0.0,0.0,10453.0,13315.598760659872,0.0,NO PROVIDER,100.0,48243|Rheumatology
48245,Texas,Cardiology,Heart Disease,149931,15,11816,93031.0,9995.4,10823.136363636364,15071.056217261126,0.9235215804526498,MODERATE GAP,5.03,48245|Cardiology
48245,Texas,Endocrinology,Diabetes,106498,5,3402,165768.0,21299.6,18070.0,22988.768286620067,1.178727172108467,HIGH GAP,6.42,48245|Endocrinology
48245,Texas,Oncology,Cancer,11285,3,1371,305996.0,3761.6666666666665,2055.6666666666665,2642.926682217817,1.8299010864277607,HIGH GAP,9.96,48245|Oncology
48245,Texas,Neurology,Neurological Disorders,7776,8,2758,105584.0,972.0,637.0,906.5174241117586,1.5259026687598116,HIGH GAP,8.31,48245|Neurology
48245,Texas,Psychiatry,Mental Health Disorders,40399,14,871,5328.0,2885.6428571428573,3104.5,4291.15957060345,0.9295032556427306,MODERATE GAP,5.06,48245|Psychiatry
48245,Texas,Pulmonary,Respiratory Disease,34235,8,3893,12987.0,4279.375,4251.578947368421,5741.879971570142,1.0065378187670215,HIGH GAP,5.48,48245|Pulmonary
48245,Texas,Rheumatology,Arthritis,46658,5,1194,114130.0,9331.6,10453.0,13315.598760659872,0.8927197933607577,MODERATE GAP,4.86,48245|Rheumatology
48247,Texas,Cardiology,Heart Disease,2904,0,0,0.0,0.0,10823.136363636364,15071.056217261126,0.0,NO PROVIDER,100.0,48247|Cardiology
48247,Texas,Endocrinology,Diabetes,2244,0,0,0.0,0.0,18070.0,22988.768286620067,0.0,NO PROVIDER,100.0,48247|Endocrinology
48247,Texas,Oncology,Cancer,168,0,0,0.0,0.0,2055.6666666666665,2642.926682217817,0.0,NO PROVIDER,100.0,48247|Oncology
48247,Texas,Neurology,Neurological Disorders,163,0,0,0.0,0.0,637.0,906.5174241117586,0.0,NO PROVIDER,100.0,48247|Neurology
48247,Texas,Psychiatry,Mental Health Disorders,676,0,0,0.0,0.0,3104.5,4291.15957060345,0.0,NO PROVIDER,100.0,48247|Psychiatry
48247,Texas,Pulmonary,Respiratory Disease,587,0,0,0.0,0.0,4251.578947368421,5741.879971570142,0.0,NO PROVIDER,100.0,48247|Pulmonary
48247,Texas,Rheumatology,Arthritis,821,0,0,0.0,0.0,10453.0,13315.598760659872,0.0,NO PROVIDER,100.0,48247|Rheumatology
48249,Texas,Cardiology,Heart Disease,22312,2,2032,18251.0,11156.0,10823.136363636364,15071.056217261126,1.0307548223712668,HIGH GAP,5.61,48249|Cardiology
48249,Texas,Endocrinology,Diabetes,16283,0,0,0.0,0.0,18070.0,22988.768286620067,0.0,NO PROVIDER,100.0,48249|Endocrinology
48249,Texas,Oncology,Cancer,1465,0,0,0.0,0.0,2055.6666666666665,2642.926682217817,0.0,NO PROVIDER,100.0,48249|Oncology
48249,Texas,Neurology,Neurological Disorders,1071,0,0,0.0,0.0,637.0,906.5174241117586,0.0,NO PROVIDER,100.0,48249|Neurology
48249,Texas,Psychiatry,Mental Health Disorders,5705,1,0,0.0,5705.0,3104.5,4291.15957060345,1.837655016910936,HIGH GAP,10.01,48249|Psychiatry
48249,Texas,Pulmonary,Respiratory Disease,4381,0,0,0.0,0.0,4251.578947368421,5741.879971570142,0.0,NO PROVIDER,100.0,48249|Pulmonary
48249,Texas,Rheumatology,Arthritis,6437,0,0,0.0,0.0,10453.0,13315.598760659872,0.0,NO PROVIDER,100.0,48249|Rheumatology
48251,Texas,Cardiology,Heart Disease,109504,5,3670,14123.0,21900.8,10823.136363636364,15071.056217261126,2.0235169607196704,CRITICAL GAP,11.02,48251|Cardiology
48251,Texas,Endocrinology,Diabetes,67422,1,442,1656.0,67422.0,18070.0,22988.768286620067,3.7311566131710014,CRITICAL GAP,20.32,48251|Endocrinology
48251,Texas,Oncology,Cancer,10332,1,181,61805.0,10332.0,2055.6666666666665,2642.926682217817,5.026106696935301,CRITICAL GAP,27.37,48251|Oncology
48251,Texas,Neurology,Neurological Disorders,4676,2,825,2597.0,2338.0,637.0,906.5174241117586,3.67032967032967,CRITICAL GAP,19.98,48251|Neurology
48251,Texas,Psychiatry,Mental Health Disorders,35144,4,549,2521.0,8786.0,3104.5,4291.15957060345,2.8300853599613465,CRITICAL GAP,15.41,48251|Psychiatry
48251,Texas,Pulmonary,Respiratory Disease,25038,5,3341,14439.0,5007.6,4251.578947368421,5741.879971570142,1.1778212428819017,HIGH GAP,6.41,48251|Pulmonary
48251,Texas,Rheumatology,Arthritis,34993,1,346,18861.0,34993.0,10453.0,13315.598760659872,3.347651391944896,CRITICAL GAP,18.23,48251|Rheumatology
48253,Texas,Cardiology,Heart Disease,12973,6,9878,21593.0,2162.1666666666665,10823.136363636364,15071.056217261126,0.1997726531406484,LOW GAP,1.09,48253|Cardiology
48253,Texas,Endocrinology,Diabetes,8750,2,642,1588.0,4375.0,18070.0,22988.768286620067,0.2421140011068068,LOW GAP,1.32,48253|Endocrinology
48253,Texas,Oncology,Cancer,1075,6,2473,439010.0,179.16666666666666,2055.6666666666665,2642.926682217817,0.0871574509485973,LOW GAP,0.47,48253|Oncology
48253,Texas,Neurology,Neurological Disorders,609,3,2315,11640.0,203.0,637.0,906.5174241117586,0.3186813186813186,LOW GAP,1.74,48253|Neurology
48253,Texas,Psychiatry,Mental Health Disorders,3613,2,21,24.0,1806.5,3104.5,4291.15957060345,0.5818972459333226,MODERATE GAP,3.17,48253|Psychiatry
48253,Texas,Pulmonary,Respiratory Disease,2860,1,1101,4394.0,2860.0,4251.578947368421,5741.879971570142,0.672691260212924,MODERATE GAP,3.66,48253|Pulmonary
48253,Texas,Rheumatology,Arthritis,3867,2,835,8957.0,1933.5,10453.0,13315.598760659872,0.1849708217736535,LOW GAP,1.01,48253|Rheumatology
48255,Texas,Cardiology,Heart Disease,9091,0,0,0.0,0.0,10823.136363636364,15071.056217261126,0.0,NO PROVIDER,100.0,48255|Cardiology
48255,Texas,Endocrinology,Diabetes,6405,0,0,0.0,0.0,18070.0,22988.768286620067,0.0,NO PROVIDER,100.0,48255|Endocrinology
48255,Texas,Oncology,Cancer,673,0,0,0.0,0.0,2055.6666666666665,2642.926682217817,0.0,NO PROVIDER,100.0,48255|Oncology
48255,Texas,Neurology,Neurological Disorders,427,0,0,0.0,0.0,637.0,906.5174241117586,0.0,NO PROVIDER,100.0,48255|Neurology
48255,Texas,Psychiatry,Mental Health Disorders,2445,0,0,0.0,0.0,3104.5,4291.15957060345,0.0,NO PROVIDER,100.0,48255|Psychiatry
48255,Texas,Pulmonary,Respiratory Disease,1923,0,0,0.0,0.0,4251.578947368421,5741.879971570142,0.0,NO PROVIDER,100.0,48255|Pulmonary
48255,Texas,Rheumatology,Arthritis,2596,0,0,0.0,0.0,10453.0,13315.598760659872,0.0,NO PROVIDER,100.0,48255|Rheumatology
48257,Texas,Cardiology,Heart Disease,93559,4,4675,30346.0,23389.75,10823.136363636364,15071.056217261126,2.161087989114229,CRITICAL GAP,11.77,48257|Cardiology
48257,Texas,Endocrinology,Diabetes,64995,1,325,969.0,64995.0,18070.0,22988.768286620067,3.5968456004427227,CRITICAL GAP,19.58,48257|Endocrinology
48257,Texas,Oncology,Cancer,8000,0,0,0.0,0.0,2055.6666666666665,2642.926682217817,0.0,NO PROVIDER,100.0,48257|Oncology
48257,Texas,Neurology,Neurological Disorders,3967,1,23,967.0,3967.0,637.0,906.5174241117586,6.227629513343799,CRITICAL GAP,33.91,48257|Neurology
48257,Texas,Psychiatry,Mental Health Disorders,29159,18,333,1719.0,1619.9444444444443,3104.5,4291.15957060345,0.5218052647590415,MODERATE GAP,2.84,48257|Psychiatry
48257,Texas,Pulmonary,Respiratory Disease,21489,0,0,0.0,0.0,4251.578947368421,5741.879971570142,0.0,NO PROVIDER,100.0,48257|Pulmonary
48257,Texas,Rheumatology,Arthritis,28431,1,382,31865.0,28431.0,10453.0,13315.598760659872,2.719889027073568,CRITICAL GAP,14.81,48257|Rheumatology
48259,Texas,Cardiology,Heart Disease,28370,1,1366,4824.0,28370.0,10823.136363636364,15071.056217261126,2.6212364925307314,CRITICAL GAP,14.27,48259|Cardiology
48259,Texas,Endocrinology,Diabetes,17408,0,0,0.0,0.0,18070.0,22988.768286620067,0.0,NO PROVIDER,100.0,48259|Endocrinology
48259,Texas,Oncology,Cancer,3174,0,0,0.0,0.0,2055.6666666666665,2642.926682217817,0.0,NO PROVIDER,100.0,48259|Oncology
48259,Texas,Neurology,Neurological Disorders,1084,5,1590,14649.0,216.8,637.0,906.5174241117586,0.3403453689167975,LOW GAP,1.85,48259|Neurology
48259,Texas,Psychiatry,Mental Health Disorders,8260,1,0,0.0,8260.0,3104.5,4291.15957060345,2.66065388951522,CRITICAL GAP,14.49,48259|Psychiatry
48259,Texas,Pulmonary,Respiratory Disease,5619,2,984,3489.0,2809.5,4251.578947368421,5741.879971570142,0.6608133201287448,MODERATE GAP,3.6,48259|Pulmonary
48259,Texas,Rheumatology,Arthritis,9128,0,0,0.0,0.0,10453.0,13315.598760659872,0.0,NO PROVIDER,100.0,48259|Rheumatology
48261,Texas,Cardiology,Heart Disease,230,0,0,0.0,0.0,10823.136363636364,15071.056217261126,0.0,NO PROVIDER,100.0,48261|Cardiology
48261,Texas,Endocrinology,Diabetes,158,0,0,0.0,0.0,18070.0,22988.768286620067,0.0,NO PROVIDER,100.0,48261|Endocrinology
48261,Texas,Oncology,Cancer,15,0,0,0.0,0.0,2055.6666666666665,2642.926682217817,0.0,NO PROVIDER,100.0,48261|Oncology
48261,Texas,Neurology,Neurological Disorders,11,0,0,0.0,0.0,637.0,906.5174241117586,0.0,NO PROVIDER,100.0,48261|Neurology
48261,Texas,Psychiatry,Mental Health Disorders,58,0,0,0.0,0.0,3104.5,4291.15957060345,0.0,NO PROVIDER,100.0,48261|Psychiatry
48261,Texas,Pulmonary,Respiratory Disease,46,0,0,0.0,0.0,4251.578947368421,5741.879971570142,0.0,NO PROVIDER,100.0,48261|Pulmonary
48261,Texas,Rheumatology,Arthritis,65,0,0,0.0,0.0,10453.0,13315.598760659872,0.0,NO PROVIDER,100.0,48261|Rheumatology
48263,Texas,Cardiology,Heart Disease,426,0,0,0.0,0.0,10823.136363636364,15071.056217261126,0.0,NO PROVIDER,100.0,48263|Cardiology
48263,Texas,Endocrinology,Diabetes,245,0,0,0.0,0.0,18070.0,22988.768286620067,0.0,NO PROVIDER,100.0,48263|Endocrinology
48263,Texas,Oncology,Cancer,50,0,0,0.0,0.0,2055.6666666666665,2642.926682217817,0.0,NO PROVIDER,100.0,48263|Oncology
48263,Texas,Neurology,Neurological Disorders,18,0,0,0.0,0.0,637.0,906.5174241117586,0.0,NO PROVIDER,100.0,48263|Neurology
48263,Texas,Psychiatry,Mental Health Disorders,127,0,0,0.0,0.0,3104.5,4291.15957060345,0.0,NO PROVIDER,100.0,48263|Psychiatry
48263,Texas,Pulmonary,Respiratory Disease,88,0,0,0.0,0.0,4251.578947368421,5741.879971570142,0.0,NO PROVIDER,100.0,48263|Pulmonary
48263,Texas,Rheumatology,Arthritis,143,0,0,0.0,0.0,10453.0,13315.598760659872,0.0,NO PROVIDER,100.0,48263|Rheumatology
48265,Texas,Cardiology,Heart Disease,34861,4,3288,11240.0,8715.25,10823.136363636364,15071.056217261126,0.8052425569802065,MODERATE GAP,4.38,48265|Cardiology
48265,Texas,Endocrinology,Diabetes,20952,1,632,1861.0,20952.0,18070.0,22988.768286620067,1.159490868843387,HIGH GAP,6.31,48265|Endocrinology
48265,Texas,Oncology,Cancer,3807,1,680,195395.0,3807.0,2055.6666666666665,2642.926682217817,1.85195394843522,HIGH GAP,10.08,48265|Oncology
48265,Texas,Neurology,Neurological Disorders,1607,3,1480,11471.0,535.6666666666666,637.0,906.5174241117586,0.8409209837781266,MODERATE GAP,4.58,48265|Neurology
48265,Texas,Psychiatry,Mental Health Disorders,9838,3,65,215.0,3279.333333333333,3104.5,4291.15957060345,1.0563161002845332,HIGH GAP,5.75,48265|Psychiatry
48265,Texas,Pulmonary,Respiratory Disease,7439,1,1148,2932.0,7439.0,4251.578947368421,5741.879971570142,1.749702896756623,HIGH GAP,9.53,48265|Pulmonary
48265,Texas,Rheumatology,Arthritis,11444,1,462,20342.0,11444.0,10453.0,13315.598760659872,1.0948053190471634,HIGH GAP,5.96,48265|Rheumatology
48267,Texas,Cardiology,Heart Disease,3075,0,0,0.0,0.0,10823.136363636364,15071.056217261126,0.0,NO PROVIDER,100.0,48267|Cardiology
48267,Texas,Endocrinology,Diabetes,1861,0,0,0.0,0.0,18070.0,22988.768286620067,0.0,NO PROVIDER,100.0,48267|Endocrinology
48267,Texas,Oncology,Cancer,319,0,0,0.0,0.0,2055.6666666666665,2642.926682217817,0.0,NO PROVIDER,100.0,48267|Oncology
48267,Texas,Neurology,Neurological Disorders,151,0,0,0.0,0.0,637.0,906.5174241117586,0.0,NO PROVIDER,100.0,48267|Neurology
48267,Texas,Psychiatry,Mental Health Disorders,858,0,0,0.0,0.0,3104.5,4291.15957060345,0.0,NO PROVIDER,100.0,48267|Psychiatry
48267,Texas,Pulmonary,Respiratory Disease,678,0,0,0.0,0.0,4251.578947368421,5741.879971570142,0.0,NO PROVIDER,100.0,48267|Pulmonary
48267,Texas,Rheumatology,Arthritis,1030,0,0,0.0,0.0,10453.0,13315.598760659872,0.0,NO PROVIDER,100.0,48267|Rheumatology
48269,Texas,Cardiology,Heart Disease,144,0,0,0.0,0.0,10823.136363636364,15071.056217261126,0.0,NO PROVIDER,100.0,48269|Cardiology
48269,Texas,Endocrinology,Diabetes,88,0,0,0.0,0.0,18070.0,22988.768286620067,0.0,NO PROVIDER,100.0,48269|Endocrinology
48269,Texas,Oncology,Cancer,15,0,0,0.0,0.0,2055.6666666666665,2642.926682217817,0.0,NO PROVIDER,100.0,48269|Oncology
48269,Texas,Neurology,Neurological Disorders,7,0,0,0.0,0.0,637.0,906.5174241117586,0.0,NO PROVIDER,100.0,48269|Neurology
48269,Texas,Psychiatry,Mental Health Disorders,41,0,0,0.0,0.0,3104.5,4291.15957060345,0.0,NO PROVIDER,100.0,48269|Psychiatry
48269,Texas,Pulmonary,Respiratory Disease,34,0,0,0.0,0.0,4251.578947368421,5741.879971570142,0.0,NO PROVIDER,100.0,48269|Pulmonary
48269,Texas,Rheumatology,Arthritis,48,0,0,0.0,0.0,10453.0,13315.598760659872,0.0,NO PROVIDER,100.0,48269|Rheumatology
48271,Texas,Cardiology,Heart Disease,2080,0,0,0.0,0.0,10823.136363636364,15071.056217261126,0.0,NO PROVIDER,100.0,48271|Cardiology
48271,Texas,Endocrinology,Diabetes,1353,0,0,0.0,0.0,18070.0,22988.768286620067,0.0,NO PROVIDER,100.0,48271|Endocrinology
48271,Texas,Oncology,Cancer,190,0,0,0.0,0.0,2055.6666666666665,2642.926682217817,0.0,NO PROVIDER,100.0,48271|Oncology
48271,Texas,Neurology,Neurological Disorders,97,0,0,0.0,0.0,637.0,906.5174241117586,0.0,NO PROVIDER,100.0,48271|Neurology
48271,Texas,Psychiatry,Mental Health Disorders,516,0,0,0.0,0.0,3104.5,4291.15957060345,0.0,NO PROVIDER,100.0,48271|Psychiatry
48271,Texas,Pulmonary,Respiratory Disease,402,0,0,0.0,0.0,4251.578947368421,5741.879971570142,0.0,NO PROVIDER,100.0,48271|Pulmonary
48271,Texas,Rheumatology,Arthritis,631,0,0,0.0,0.0,10453.0,13315.598760659872,0.0,NO PROVIDER,100.0,48271|Rheumatology
48273,Texas,Cardiology,Heart Disease,16452,4,2338,5586.0,4113.0,10823.136363636364,15071.056217261126,0.3800192348882234,LOW GAP,2.07,48273|Cardiology
48273,Texas,Endocrinology,Diabetes,12176,0,0,0.0,0.0,18070.0,22988.768286620067,0.0,NO PROVIDER,100.0,48273|Endocrinology
48273,Texas,Oncology,Cancer,1143,0,0,0.0,0.0,2055.6666666666665,2642.926682217817,0.0,NO PROVIDER,100.0,48273|Oncology
48273,Texas,Neurology,Neurological Disorders,755,0,0,0.0,0.0,637.0,906.5174241117586,0.0,NO PROVIDER,100.0,48273|Neurology
48273,Texas,Psychiatry,Mental Health Disorders,4768,0,0,0.0,0.0,3104.5,4291.15957060345,0.0,NO PROVIDER,100.0,48273|Psychiatry
48273,Texas,Pulmonary,Respiratory Disease,3373,0,0,0.0,0.0,4251.578947368421,5741.879971570142,0.0,NO PROVIDER,100.0,48273|Pulmonary
48273,Texas,Rheumatology,Arthritis,4745,0,0,0.0,0.0,10453.0,13315.598760659872,0.0,NO PROVIDER,100.0,48273|Rheumatology
48275,Texas,Cardiology,Heart Disease,1940,0,0,0.0,0.0,10823.136363636364,15071.056217261126,0.0,NO PROVIDER,100.0,48275|Cardiology
48275,Texas,Endocrinology,Diabetes,1251,0,0,0.0,0.0,18070.0,22988.768286620067,0.0,NO PROVIDER,100.0,48275|Endocrinology
48275,Texas,Oncology,Cancer,178,0,0,0.0,0.0,2055.6666666666665,2642.926682217817,0.0,NO PROVIDER,100.0,48275|Oncology
48275,Texas,Neurology,Neurological Disorders,94,0,0,0.0,0.0,637.0,906.5174241117586,0.0,NO PROVIDER,100.0,48275|Neurology
48275,Texas,Psychiatry,Mental Health Disorders,560,0,0,0.0,0.0,3104.5,4291.15957060345,0.0,NO PROVIDER,100.0,48275|Psychiatry
48275,Texas,Pulmonary,Respiratory Disease,433,0,0,0.0,0.0,4251.578947368421,5741.879971570142,0.0,NO PROVIDER,100.0,48275|Pulmonary
48275,Texas,Rheumatology,Arthritis,622,0,0,0.0,0.0,10453.0,13315.598760659872,0.0,NO PROVIDER,100.0,48275|Rheumatology
48277,Texas,Cardiology,Heart Disease,30665,3,3082,43845.0,10221.666666666666,10823.136363636364,15071.056217261126,0.9444274120955808,MODERATE GAP,5.14,48277|Cardiology
48277,Texas,Endocrinology,Diabetes,19930,1,273,748.0,19930.0,18070.0,22988.768286620067,1.1029330381848368,HIGH GAP,6.01,48277|Endocrinology
48277,Texas,Oncology,Cancer,2949,0,0,0.0,0.0,2055.6666666666665,2642.926682217817,0.0,NO PROVIDER,100.0,48277|Oncology
48277,Texas,Neurology,Neurological Disorders,1503,2,165,1931.0,751.5,637.0,906.5174241117586,1.1797488226059654,HIGH GAP,6.42,48277|Neurology
48277,Texas,Psychiatry,Mental Health Disorders,9676,1,73,637.0,9676.0,3104.5,4291.15957060345,3.116765984860686,CRITICAL GAP,16.97,48277|Psychiatry
48277,Texas,Pulmonary,Respiratory Disease,7498,1,509,1332.0,7498.0,4251.578947368421,5741.879971570142,1.7635800940826938,HIGH GAP,9.6,48277|Pulmonary
48277,Texas,Rheumatology,Arthritis,10235,0,0,0.0,0.0,10453.0,13315.598760659872,0.0,NO PROVIDER,100.0,48277|Rheumatology
48279,Texas,Cardiology,Heart Disease,7328,0,0,0.0,0.0,10823.136363636364,15071.056217261126,0.0,NO PROVIDER,100.0,48279|Cardiology
48279,Texas,Endocrinology,Diabetes,5148,0,0,0.0,0.0,18070.0,22988.768286620067,0.0,NO PROVIDER,100.0,48279|Endocrinology
48279,Texas,Oncology,Cancer,583,0,0,0.0,0.0,2055.6666666666665,2642.926682217817,0.0,NO PROVIDER,100.0,48279|Oncology
48279,Texas,Neurology,Neurological Disorders,356,0,0,0.0,0.0,637.0,906.5174241117586,0.0,NO PROVIDER,100.0,48279|Neurology
48279,Texas,Psychiatry,Mental Health Disorders,2012,0,0,0.0,0.0,3104.5,4291.15957060345,0.0,NO PROVIDER,100.0,48279|Psychiatry
48279,Texas,Pulmonary,Respiratory Disease,1563,0,0,0.0,0.0,4251.578947368421,5741.879971570142,0.0,NO PROVIDER,100.0,48279|Pulmonary
48279,Texas,Rheumatology,Arthritis,2239,0,0,0.0,0.0,10453.0,13315.598760659872,0.0,NO PROVIDER,100.0,48279|Rheumatology
48281,Texas,Cardiology,Heart Disease,14262,0,0,0.0,0.0,10823.136363636364,15071.056217261126,0.0,NO PROVIDER,100.0,48281|Cardiology
48281,Texas,Endocrinology,Diabetes,8698,0,0,0.0,0.0,18070.0,22988.768286620067,0.0,NO PROVIDER,100.0,48281|Endocrinology
48281,Texas,Oncology,Cancer,1439,0,0,0.0,0.0,2055.6666666666665,2642.926682217817,0.0,NO PROVIDER,100.0,48281|Oncology
48281,Texas,Neurology,Neurological Disorders,632,1,207,327.0,632.0,637.0,906.5174241117586,0.9921507064364208,MODERATE GAP,5.4,48281|Neurology
48281,Texas,Psychiatry,Mental Health Disorders,4445,0,0,0.0,0.0,3104.5,4291.15957060345,0.0,NO PROVIDER,100.0,48281|Psychiatry
48281,Texas,Pulmonary,Respiratory Disease,3172,0,0,0.0,0.0,4251.578947368421,5741.879971570142,0.0,NO PROVIDER,100.0,48281|Pulmonary
48281,Texas,Rheumatology,Arthritis,4665,0,0,0.0,0.0,10453.0,13315.598760659872,0.0,NO PROVIDER,100.0,48281|Rheumatology
48283,Texas,Cardiology,Heart Disease,4024,0,0,0.0,0.0,10823.136363636364,15071.056217261126,0.0,NO PROVIDER,100.0,48283|Cardiology
48283,Texas,Endocrinology,Diabetes,2960,0,0,0.0,0.0,18070.0,22988.768286620067,0.0,NO PROVIDER,100.0,48283|Endocrinology
48283,Texas,Oncology,Cancer,259,0,0,0.0,0.0,2055.6666666666665,2642.926682217817,0.0,NO PROVIDER,100.0,48283|Oncology
48283,Texas,Neurology,Neurological Disorders,204,0,0,0.0,0.0,637.0,906.5174241117586,0.0,NO PROVIDER,100.0,48283|Neurology
48283,Texas,Psychiatry,Mental Health Disorders,1038,0,0,0.0,0.0,3104.5,4291.15957060345,0.0,NO PROVIDER,100.0,48283|Psychiatry
48283,Texas,Pulmonary,Respiratory Disease,831,0,0,0.0,0.0,4251.578947368421,5741.879971570142,0.0,NO PROVIDER,100.0,48283|Pulmonary
48283,Texas,Rheumatology,Arthritis,1117,0,0,0.0,0.0,10453.0,13315.598760659872,0.0,NO PROVIDER,100.0,48283|Rheumatology
48285,Texas,Cardiology,Heart Disease,12648,1,861,2162.0,12648.0,10823.136363636364,15071.056217261126,1.1686076544775712,HIGH GAP,6.36,48285|Cardiology
48285,Texas,Endocrinology,Diabetes,7776,0,0,0.0,0.0,18070.0,22988.768286620067,0.0,NO PROVIDER,100.0,48285|Endocrinology
48285,Texas,Oncology,Cancer,1299,0,0,0.0,0.0,2055.6666666666665,2642.926682217817,0.0,NO PROVIDER,100.0,48285|Oncology
48285,Texas,Neurology,Neurological Disorders,590,0,0,0.0,0.0,637.0,906.5174241117586,0.0,NO PROVIDER,100.0,48285|Neurology
48285,Texas,Psychiatry,Mental Health Disorders,3731,0,0,0.0,0.0,3104.5,4291.15957060345,0.0,NO PROVIDER,100.0,48285|Psychiatry
48285,Texas,Pulmonary,Respiratory Disease,2810,0,0,0.0,0.0,4251.578947368421,5741.879971570142,0.0,NO PROVIDER,100.0,48285|Pulmonary
48285,Texas,Rheumatology,Arthritis,4187,0,0,0.0,0.0,10453.0,13315.598760659872,0.0,NO PROVIDER,100.0,48285|Rheumatology
48287,Texas,Cardiology,Heart Disease,11677,0,0,0.0,0.0,10823.136363636364,15071.056217261126,0.0,NO PROVIDER,100.0,48287|Cardiology
48287,Texas,Endocrinology,Diabetes,7712,0,0,0.0,0.0,18070.0,22988.768286620067,0.0,NO PROVIDER,100.0,48287|Endocrinology
48287,Texas,Oncology,Cancer,1065,0,0,0.0,0.0,2055.6666666666665,2642.926682217817,0.0,NO PROVIDER,100.0,48287|Oncology
48287,Texas,Neurology,Neurological Disorders,568,0,0,0.0,0.0,637.0,906.5174241117586,0.0,NO PROVIDER,100.0,48287|Neurology
48287,Texas,Psychiatry,Mental Health Disorders,3374,0,0,0.0,0.0,3104.5,4291.15957060345,0.0,NO PROVIDER,100.0,48287|Psychiatry
48287,Texas,Pulmonary,Respiratory Disease,2655,0,0,0.0,0.0,4251.578947368421,5741.879971570142,0.0,NO PROVIDER,100.0,48287|Pulmonary
48287,Texas,Rheumatology,Arthritis,3756,0,0,0.0,0.0,10453.0,13315.598760659872,0.0,NO PROVIDER,100.0,48287|Rheumatology
48289,Texas,Cardiology,Heart Disease,10372,0,0,0.0,0.0,10823.136363636364,15071.056217261126,0.0,NO PROVIDER,100.0,48289|Cardiology
48289,Texas,Endocrinology,Diabetes,6319,0,0,0.0,0.0,18070.0,22988.768286620067,0.0,NO PROVIDER,100.0,48289|Endocrinology
48289,Texas,Oncology,Cancer,1044,0,0,0.0,0.0,2055.6666666666665,2642.926682217817,0.0,NO PROVIDER,100.0,48289|Oncology
48289,Texas,Neurology,Neurological Disorders,503,0,0,0.0,0.0,637.0,906.5174241117586,0.0,NO PROVIDER,100.0,48289|Neurology
48289,Texas,Psychiatry,Mental Health Disorders,3067,0,0,0.0,0.0,3104.5,4291.15957060345,0.0,NO PROVIDER,100.0,48289|Psychiatry
48289,Texas,Pulmonary,Respiratory Disease,2393,0,0,0.0,0.0,4251.578947368421,5741.879971570142,0.0,NO PROVIDER,100.0,48289|Pulmonary
48289,Texas,Rheumatology,Arthritis,3487,0,0,0.0,0.0,10453.0,13315.598760659872,0.0,NO PROVIDER,100.0,48289|Rheumatology
48291,Texas,Cardiology,Heart Disease,57564,2,479,3357.0,28782.0,10823.136363636364,15071.056217261126,2.659303092281266,CRITICAL GAP,14.48,48291|Cardiology
48291,Texas,Endocrinology,Diabetes,40611,0,0,0.0,0.0,18070.0,22988.768286620067,0.0,NO PROVIDER,100.0,48291|Endocrinology
48291,Texas,Oncology,Cancer,4558,0,0,0.0,0.0,2055.6666666666665,2642.926682217817,0.0,NO PROVIDER,100.0,48291|Oncology
48291,Texas,Neurology,Neurological Disorders,2825,0,0,0.0,0.0,637.0,906.5174241117586,0.0,NO PROVIDER,100.0,48291|Neurology
48291,Texas,Psychiatry,Mental Health Disorders,17782,1,0,0.0,17782.0,3104.5,4291.15957060345,5.72781446287647,CRITICAL GAP,31.19,48291|Psychiatry
48291,Texas,Pulmonary,Respiratory Disease,13939,0,0,0.0,0.0,4251.578947368421,5741.879971570142,0.0,NO PROVIDER,100.0,48291|Pulmonary
48291,Texas,Rheumatology,Arthritis,17782,0,0,0.0,0.0,10453.0,13315.598760659872,0.0,NO PROVIDER,100.0,48291|Rheumatology
48293,Texas,Cardiology,Heart Disease,14162,0,0,0.0,0.0,10823.136363636364,15071.056217261126,0.0,NO PROVIDER,100.0,48293|Cardiology
48293,Texas,Endocrinology,Diabetes,9378,0,0,0.0,0.0,18070.0,22988.768286620067,0.0,NO PROVIDER,100.0,48293|Endocrinology
48293,Texas,Oncology,Cancer,1267,0,0,0.0,0.0,2055.6666666666665,2642.926682217817,0.0,NO PROVIDER,100.0,48293|Oncology
48293,Texas,Neurology,Neurological Disorders,724,0,0,0.0,0.0,637.0,906.5174241117586,0.0,NO PROVIDER,100.0,48293|Neurology
48293,Texas,Psychiatry,Mental Health Disorders,4017,4,118,250.0,1004.25,3104.5,4291.15957060345,0.3234820421968111,LOW GAP,1.76,48293|Psychiatry
48293,Texas,Pulmonary,Respiratory Disease,3267,0,0,0.0,0.0,4251.578947368421,5741.879971570142,0.0,NO PROVIDER,100.0,48293|Pulmonary
48293,Texas,Rheumatology,Arthritis,4611,0,0,0.0,0.0,10453.0,13315.598760659872,0.0,NO PROVIDER,100.0,48293|Rheumatology
48295,Texas,Cardiology,Heart Disease,1717,0,0,0.0,0.0,10823.136363636364,15071.056217261126,0.0,NO PROVIDER,100.0,48295|Cardiology
48295,Texas,Endocrinology,Diabetes,1095,0,0,0.0,0.0,18070.0,22988.768286620067,0.0,NO PROVIDER,100.0,48295|Endocrinology
48295,Texas,Oncology,Cancer,166,0,0,0.0,0.0,2055.6666666666665,2642.926682217817,0.0,NO PROVIDER,100.0,48295|Oncology
48295,Texas,Neurology,Neurological Disorders,80,0,0,0.0,0.0,637.0,906.5174241117586,0.0,NO PROVIDER,100.0,48295|Neurology
48295,Texas,Psychiatry,Mental Health Disorders,490,0,0,0.0,0.0,3104.5,4291.15957060345,0.0,NO PROVIDER,100.0,48295|Psychiatry
48295,Texas,Pulmonary,Respiratory Disease,376,0,0,0.0,0.0,4251.578947368421,5741.879971570142,0.0,NO PROVIDER,100.0,48295|Pulmonary
48295,Texas,Rheumatology,Arthritis,547,0,0,0.0,0.0,10453.0,13315.598760659872,0.0,NO PROVIDER,100.0,48295|Rheumatology
48297,Texas,Cardiology,Heart Disease,7696,0,0,0.0,0.0,10823.136363636364,15071.056217261126,0.0,NO PROVIDER,100.0,48297|Cardiology
48297,Texas,Endocrinology,Diabetes,5183,0,0,0.0,0.0,18070.0,22988.768286620067,0.0,NO PROVIDER,100.0,48297|Endocrinology
48297,Texas,Oncology,Cancer,640,0,0,0.0,0.0,2055.6666666666665,2642.926682217817,0.0,NO PROVIDER,100.0,48297|Oncology
48297,Texas,Neurology,Neurological Disorders,381,0,0,0.0,0.0,637.0,906.5174241117586,0.0,NO PROVIDER,100.0,48297|Neurology
48297,Texas,Psychiatry,Mental Health Disorders,2041,0,0,0.0,0.0,3104.5,4291.15957060345,0.0,NO PROVIDER,100.0,48297|Psychiatry
48297,Texas,Pulmonary,Respiratory Disease,1665,0,0,0.0,0.0,4251.578947368421,5741.879971570142,0.0,NO PROVIDER,100.0,48297|Pulmonary
48297,Texas,Rheumatology,Arthritis,2333,0,0,0.0,0.0,10453.0,13315.598760659872,0.0,NO PROVIDER,100.0,48297|Rheumatology
48299,Texas,Cardiology,Heart Disease,16294,0,0,0.0,0.0,10823.136363636364,15071.056217261126,0.0,NO PROVIDER,100.0,48299|Cardiology
48299,Texas,Endocrinology,Diabetes,9494,0,0,0.0,0.0,18070.0,22988.768286620067,0.0,NO PROVIDER,100.0,48299|Endocrinology
48299,Texas,Oncology,Cancer,1922,0,0,0.0,0.0,2055.6666666666665,2642.926682217817,0.0,NO PROVIDER,100.0,48299|Oncology
48299,Texas,Neurology,Neurological Disorders,753,0,0,0.0,0.0,637.0,906.5174241117586,0.0,NO PROVIDER,100.0,48299|Neurology
48299,Texas,Psychiatry,Mental Health Disorders,4453,0,0,0.0,0.0,3104.5,4291.15957060345,0.0,NO PROVIDER,100.0,48299|Psychiatry
48299,Texas,Pulmonary,Respiratory Disease,3438,0,0,0.0,0.0,4251.578947368421,5741.879971570142,0.0,NO PROVIDER,100.0,48299|Pulmonary
48299,Texas,Rheumatology,Arthritis,5631,0,0,0.0,0.0,10453.0,13315.598760659872,0.0,NO PROVIDER,100.0,48299|Rheumatology
48303,Texas,Cardiology,Heart Disease,172188,13,14280,52963.0,13245.23076923077,10823.136363636364,15071.056217261126,1.2237885880965311,HIGH GAP,6.66,48303|Cardiology
48303,Texas,Endocrinology,Diabetes,117949,2,903,7780.0,58974.5,18070.0,22988.768286620067,3.2636690647482016,CRITICAL GAP,17.77,48303|Endocrinology
48303,Texas,Oncology,Cancer,15251,13,3175,42470.0,1173.1538461538462,2055.6666666666665,2642.926682217817,0.5706926444724402,MODERATE GAP,3.11,48303|Oncology
48303,Texas,Neurology,Neurological Disorders,7502,6,2015,27746.0,1250.3333333333333,637.0,906.5174241117586,1.9628466771323916,HIGH GAP,10.69,48303|Neurology
48303,Texas,Psychiatry,Mental Health Disorders,55469,36,1108,3309.0,1540.8055555555557,3104.5,4291.15957060345,0.4963135949607201,LOW GAP,2.7,48303|Psychiatry
48303,Texas,Pulmonary,Respiratory Disease,38496,6,2250,10549.0,6416.0,4251.578947368421,5741.879971570142,1.5090864075266155,HIGH GAP,8.22,48303|Pulmonary
48303,Texas,Rheumatology,Arthritis,52271,6,2895,727942.4,8711.833333333334,10453.0,13315.598760659872,0.8334289996492236,MODERATE GAP,4.54,48303|Rheumatology
48305,Texas,Cardiology,Heart Disease,3261,0,0,0.0,0.0,10823.136363636364,15071.056217261126,0.0,NO PROVIDER,100.0,48305|Cardiology
48305,Texas,Endocrinology,Diabetes,2196,0,0,0.0,0.0,18070.0,22988.768286620067,0.0,NO PROVIDER,100.0,48305|Endocrinology
48305,Texas,Oncology,Cancer,276,0,0,0.0,0.0,2055.6666666666665,2642.926682217817,0.0,NO PROVIDER,100.0,48305|Oncology
48305,Texas,Neurology,Neurological Disorders,156,0,0,0.0,0.0,637.0,906.5174241117586,0.0,NO PROVIDER,100.0,48305|Neurology
48305,Texas,Psychiatry,Mental Health Disorders,964,0,0,0.0,0.0,3104.5,4291.15957060345,0.0,NO PROVIDER,100.0,48305|Psychiatry
48305,Texas,Pulmonary,Respiratory Disease,725,0,0,0.0,0.0,4251.578947368421,5741.879971570142,0.0,NO PROVIDER,100.0,48305|Pulmonary
48305,Texas,Rheumatology,Arthritis,1008,0,0,0.0,0.0,10453.0,13315.598760659872,0.0,NO PROVIDER,100.0,48305|Rheumatology
48307,Texas,Cardiology,Heart Disease,4751,0,0,0.0,0.0,10823.136363636364,15071.056217261126,0.0,NO PROVIDER,100.0,48307|Cardiology
48307,Texas,Endocrinology,Diabetes,2961,0,0,0.0,0.0,18070.0,22988.768286620067,0.0,NO PROVIDER,100.0,48307|Endocrinology
48307,Texas,Oncology,Cancer,460,0,0,0.0,0.0,2055.6666666666665,2642.926682217817,0.0,NO PROVIDER,100.0,48307|Oncology
48307,Texas,Neurology,Neurological Disorders,227,0,0,0.0,0.0,637.0,906.5174241117586,0.0,NO PROVIDER,100.0,48307|Neurology
48307,Texas,Psychiatry,Mental Health Disorders,1382,0,0,0.0,0.0,3104.5,4291.15957060345,0.0,NO PROVIDER,100.0,48307|Psychiatry
48307,Texas,Pulmonary,Respiratory Disease,1057,0,0,0.0,0.0,4251.578947368421,5741.879971570142,0.0,NO PROVIDER,100.0,48307|Pulmonary
48307,Texas,Rheumatology,Arthritis,1547,0,0,0.0,0.0,10453.0,13315.598760659872,0.0,NO PROVIDER,100.0,48307|Rheumatology
48309,Texas,Cardiology,Heart Disease,148419,15,25658,72522.0,9894.6,10823.136363636364,15071.056217261126,0.9142081987661114,MODERATE GAP,4.98,48309|Cardiology
48309,Texas,Endocrinology,Diabetes,97720,3,986,5093.0,32573.33333333333,18070.0,22988.768286620067,1.8026194429072129,HIGH GAP,9.81,48309|Endocrinology
48309,Texas,Oncology,Cancer,13390,5,1361,211721.1,2678.0,2055.6666666666665,2642.926682217817,1.302740392411221,HIGH GAP,7.09,48309|Oncology
48309,Texas,Neurology,Neurological Disorders,6951,11,3109,7705.0,631.9090909090909,637.0,906.5174241117586,0.992007992007992,MODERATE GAP,5.4,48309|Neurology
48309,Texas,Psychiatry,Mental Health Disorders,48349,27,1526,3744.0,1790.7037037037037,3104.5,4291.15957060345,0.5768090525700447,MODERATE GAP,3.14,48309|Psychiatry
48309,Texas,Pulmonary,Respiratory Disease,34856,11,4244,14904.0,3168.7272727272725,4251.578947368421,5741.879971570142,0.7453059938328569,MODERATE GAP,4.06,48309|Pulmonary
48309,Texas,Rheumatology,Arthritis,47940,1,173,6807.0,47940.0,10453.0,13315.598760659872,4.586243183774993,CRITICAL GAP,24.97,48309|Rheumatology
48311,Texas,Cardiology,Heart Disease,373,0,0,0.0,0.0,10823.136363636364,15071.056217261126,0.0,NO PROVIDER,100.0,48311|Cardiology
48311,Texas,Endocrinology,Diabetes,244,0,0,0.0,0.0,18070.0,22988.768286620067,0.0,NO PROVIDER,100.0,48311|Endocrinology
48311,Texas,Oncology,Cancer,32,0,0,0.0,0.0,2055.6666666666665,2642.926682217817,0.0,NO PROVIDER,100.0,48311|Oncology
48311,Texas,Neurology,Neurological Disorders,19,0,0,0.0,0.0,637.0,906.5174241117586,0.0,NO PROVIDER,100.0,48311|Neurology
48311,Texas,Psychiatry,Mental Health Disorders,98,0,0,0.0,0.0,3104.5,4291.15957060345,0.0,NO PROVIDER,100.0,48311|Psychiatry
48311,Texas,Pulmonary,Respiratory Disease,79,0,0,0.0,0.0,4251.578947368421,5741.879971570142,0.0,NO PROVIDER,100.0,48311|Pulmonary
48311,Texas,Rheumatology,Arthritis,116,0,0,0.0,0.0,10453.0,13315.598760659872,0.0,NO PROVIDER,100.0,48311|Rheumatology
48313,Texas,Cardiology,Heart Disease,8157,0,0,0.0,0.0,10823.136363636364,15071.056217261126,0.0,NO PROVIDER,100.0,48313|Cardiology
48313,Texas,Endocrinology,Diabetes,5386,0,0,0.0,0.0,18070.0,22988.768286620067,0.0,NO PROVIDER,100.0,48313|Endocrinology
48313,Texas,Oncology,Cancer,677,0,0,0.0,0.0,2055.6666666666665,2642.926682217817,0.0,NO PROVIDER,100.0,48313|Oncology
48313,Texas,Neurology,Neurological Disorders,394,0,0,0.0,0.0,637.0,906.5174241117586,0.0,NO PROVIDER,100.0,48313|Neurology
48313,Texas,Psychiatry,Mental Health Disorders,2350,0,0,0.0,0.0,3104.5,4291.15957060345,0.0,NO PROVIDER,100.0,48313|Psychiatry
48313,Texas,Pulmonary,Respiratory Disease,1875,0,0,0.0,0.0,4251.578947368421,5741.879971570142,0.0,NO PROVIDER,100.0,48313|Pulmonary
48313,Texas,Rheumatology,Arthritis,2499,0,0,0.0,0.0,10453.0,13315.598760659872,0.0,NO PROVIDER,100.0,48313|Rheumatology
48315,Texas,Cardiology,Heart Disease,6866,0,0,0.0,0.0,10823.136363636364,15071.056217261126,0.0,NO PROVIDER,100.0,48315|Cardiology
48315,Texas,Endocrinology,Diabetes,4276,0,0,0.0,0.0,18070.0,22988.768286620067,0.0,NO PROVIDER,100.0,48315|Endocrinology
48315,Texas,Oncology,Cancer,647,0,0,0.0,0.0,2055.6666666666665,2642.926682217817,0.0,NO PROVIDER,100.0,48315|Oncology
48315,Texas,Neurology,Neurological Disorders,368,0,0,0.0,0.0,637.0,906.5174241117586,0.0,NO PROVIDER,100.0,48315|Neurology
48315,Texas,Psychiatry,Mental Health Disorders,1901,0,0,0.0,0.0,3104.5,4291.15957060345,0.0,NO PROVIDER,100.0,48315|Psychiatry
48315,Texas,Pulmonary,Respiratory Disease,1630,0,0,0.0,0.0,4251.578947368421,5741.879971570142,0.0,NO PROVIDER,100.0,48315|Pulmonary
48315,Texas,Rheumatology,Arthritis,2312,0,0,0.0,0.0,10453.0,13315.598760659872,0.0,NO PROVIDER,100.0,48315|Rheumatology
48317,Texas,Cardiology,Heart Disease,2530,0,0,0.0,0.0,10823.136363636364,15071.056217261126,0.0,NO PROVIDER,100.0,48317|Cardiology
48317,Texas,Endocrinology,Diabetes,1699,0,0,0.0,0.0,18070.0,22988.768286620067,0.0,NO PROVIDER,100.0,48317|Endocrinology
48317,Texas,Oncology,Cancer,216,0,0,0.0,0.0,2055.6666666666665,2642.926682217817,0.0,NO PROVIDER,100.0,48317|Oncology
48317,Texas,Neurology,Neurological Disorders,105,0,0,0.0,0.0,637.0,906.5174241117586,0.0,NO PROVIDER,100.0,48317|Neurology
48317,Texas,Psychiatry,Mental Health Disorders,793,1,107,660.0,793.0,3104.5,4291.15957060345,0.2554356579159285,LOW GAP,1.39,48317|Psychiatry
48317,Texas,Pulmonary,Respiratory Disease,552,0,0,0.0,0.0,4251.578947368421,5741.879971570142,0.0,NO PROVIDER,100.0,48317|Pulmonary
48317,Texas,Rheumatology,Arthritis,759,0,0,0.0,0.0,10453.0,13315.598760659872,0.0,NO PROVIDER,100.0,48317|Rheumatology
48319,Texas,Cardiology,Heart Disease,2567,0,0,0.0,0.0,10823.136363636364,15071.056217261126,0.0,NO PROVIDER,100.0,48319|Cardiology
48319,Texas,Endocrinology,Diabetes,1475,0,0,0.0,0.0,18070.0,22988.768286620067,0.0,NO PROVIDER,100.0,48319|Endocrinology
48319,Texas,Oncology,Cancer,293,0,0,0.0,0.0,2055.6666666666665,2642.926682217817,0.0,NO PROVIDER,100.0,48319|Oncology
48319,Texas,Neurology,Neurological Disorders,112,0,0,0.0,0.0,637.0,906.5174241117586,0.0,NO PROVIDER,100.0,48319|Neurology
48319,Texas,Psychiatry,Mental Health Disorders,711,0,0,0.0,0.0,3104.5,4291.15957060345,0.0,NO PROVIDER,100.0,48319|Psychiatry
48319,Texas,Pulmonary,Respiratory Disease,525,0,0,0.0,0.0,4251.578947368421,5741.879971570142,0.0,NO PROVIDER,100.0,48319|Pulmonary
48319,Texas,Rheumatology,Arthritis,849,0,0,0.0,0.0,10453.0,13315.598760659872,0.0,NO PROVIDER,100.0,48319|Rheumatology
48321,Texas,Cardiology,Heart Disease,21577,1,1408,11567.0,21577.0,10823.136363636364,15071.056217261126,1.9935995699448568,HIGH GAP,10.85,48321|Cardiology
48321,Texas,Endocrinology,Diabetes,14680,0,0,0.0,0.0,18070.0,22988.768286620067,0.0,NO PROVIDER,100.0,48321|Endocrinology
48321,Texas,Oncology,Cancer,1788,0,0,0.0,0.0,2055.6666666666665,2642.926682217817,0.0,NO PROVIDER,100.0,48321|Oncology
48321,Texas,Neurology,Neurological Disorders,1062,0,0,0.0,0.0,637.0,906.5174241117586,0.0,NO PROVIDER,100.0,48321|Neurology
48321,Texas,Psychiatry,Mental Health Disorders,6009,2,0,0.0,3004.5,3104.5,4291.15957060345,0.9677886938315348,MODERATE GAP,5.27,48321|Psychiatry
48321,Texas,Pulmonary,Respiratory Disease,4718,0,0,0.0,0.0,4251.578947368421,5741.879971570142,0.0,NO PROVIDER,100.0,48321|Pulmonary
48321,Texas,Rheumatology,Arthritis,6708,0,0,0.0,0.0,10453.0,13315.598760659872,0.0,NO PROVIDER,100.0,48321|Rheumatology
48323,Texas,Cardiology,Heart Disease,30496,0,0,0.0,0.0,10823.136363636364,15071.056217261126,0.0,NO PROVIDER,100.0,48323|Cardiology
48323,Texas,Endocrinology,Diabetes,24845,2,161,521.0,12422.5,18070.0,22988.768286620067,0.6874654122855561,MODERATE GAP,3.74,48323|Endocrinology
48323,Texas,Oncology,Cancer,1658,0,0,0.0,0.0,2055.6666666666665,2642.926682217817,0.0,NO PROVIDER,100.0,48323|Oncology
48323,Texas,Neurology,Neurological Disorders,1458,0,0,0.0,0.0,637.0,906.5174241117586,0.0,NO PROVIDER,100.0,48323|Neurology
48323,Texas,Psychiatry,Mental Health Disorders,7849,0,0,0.0,0.0,3104.5,4291.15957060345,0.0,NO PROVIDER,100.0,48323|Psychiatry
48323,Texas,Pulmonary,Respiratory Disease,5832,0,0,0.0,0.0,4251.578947368421,5741.879971570142,0.0,NO PROVIDER,100.0,48323|Pulmonary
48323,Texas,Rheumatology,Arthritis,8248,0,0,0.0,0.0,10453.0,13315.598760659872,0.0,NO PROVIDER,100.0,48323|Rheumatology
48325,Texas,Cardiology,Heart Disease,32236,0,0,0.0,0.0,10823.136363636364,15071.056217261126,0.0,NO PROVIDER,100.0,48325|Cardiology
48325,Texas,Endocrinology,Diabetes,22489,1,298,938.0,22489.0,18070.0,22988.768286620067,1.2445489762036526,HIGH GAP,6.78,48325|Endocrinology
48325,Texas,Oncology,Cancer,2761,0,0,0.0,0.0,2055.6666666666665,2642.926682217817,0.0,NO PROVIDER,100.0,48325|Oncology
48325,Texas,Neurology,Neurological Disorders,1338,0,0,0.0,0.0,637.0,906.5174241117586,0.0,NO PROVIDER,100.0,48325|Neurology
48325,Texas,Psychiatry,Mental Health Disorders,8877,0,0,0.0,0.0,3104.5,4291.15957060345,0.0,NO PROVIDER,100.0,48325|Psychiatry
48325,Texas,Pulmonary,Respiratory Disease,6328,0,0,0.0,0.0,4251.578947368421,5741.879971570142,0.0,NO PROVIDER,100.0,48325|Pulmonary
48325,Texas,Rheumatology,Arthritis,9599,0,0,0.0,0.0,10453.0,13315.598760659872,0.0,NO PROVIDER,100.0,48325|Rheumatology
48327,Texas,Cardiology,Heart Disease,1351,0,0,0.0,0.0,10823.136363636364,15071.056217261126,0.0,NO PROVIDER,100.0,48327|Cardiology
48327,Texas,Endocrinology,Diabetes,826,0,0,0.0,0.0,18070.0,22988.768286620067,0.0,NO PROVIDER,100.0,48327|Endocrinology
48327,Texas,Oncology,Cancer,136,0,0,0.0,0.0,2055.6666666666665,2642.926682217817,0.0,NO PROVIDER,100.0,48327|Oncology
48327,Texas,Neurology,Neurological Disorders,67,0,0,0.0,0.0,637.0,906.5174241117586,0.0,NO PROVIDER,100.0,48327|Neurology
48327,Texas,Psychiatry,Mental Health Disorders,353,0,0,0.0,0.0,3104.5,4291.15957060345,0.0,NO PROVIDER,100.0,48327|Psychiatry
48327,Texas,Pulmonary,Respiratory Disease,288,0,0,0.0,0.0,4251.578947368421,5741.879971570142,0.0,NO PROVIDER,100.0,48327|Pulmonary
48327,Texas,Rheumatology,Arthritis,440,0,0,0.0,0.0,10453.0,13315.598760659872,0.0,NO PROVIDER,100.0,48327|Rheumatology
48329,Texas,Cardiology,Heart Disease,85141,4,2599,12953.0,21285.25,10823.136363636364,15071.056217261126,1.966643428009861,HIGH GAP,10.71,48329|Cardiology
48329,Texas,Endocrinology,Diabetes,58785,1,361,800.0,58785.0,18070.0,22988.768286620067,3.2531820697288323,CRITICAL GAP,17.71,48329|Endocrinology
48329,Texas,Oncology,Cancer,7262,3,1439,342275.0,2420.6666666666665,2055.6666666666665,2642.926682217817,1.1775579698394685,HIGH GAP,6.41,48329|Oncology
48329,Texas,Neurology,Neurological Disorders,3381,2,375,717.0,1690.5,637.0,906.5174241117586,2.6538461538461537,CRITICAL GAP,14.45,48329|Neurology
48329,Texas,Psychiatry,Mental Health Disorders,26544,6,289,1049.0,4424.0,3104.5,4291.15957060345,1.4250281848928974,HIGH GAP,7.76,48329|Psychiatry
48329,Texas,Pulmonary,Respiratory Disease,18030,5,982,3898.0,3606.0,4251.578947368421,5741.879971570142,0.8481554840307007,MODERATE GAP,4.62,48329|Pulmonary
48329,Texas,Rheumatology,Arthritis,24979,1,165,610.0,24979.0,10453.0,13315.598760659872,2.389648904620683,CRITICAL GAP,13.01,48329|Rheumatology
48331,Texas,Cardiology,Heart Disease,15936,2,986,1524.0,7968.0,10823.136363636364,15071.056217261126,0.7362006476025685,MODERATE GAP,4.01,48331|Cardiology
48331,Texas,Endocrinology,Diabetes,10155,0,0,0.0,0.0,18070.0,22988.768286620067,0.0,NO PROVIDER,100.0,48331|Endocrinology
48331,Texas,Oncology,Cancer,1515,0,0,0.0,0.0,2055.6666666666665,2642.926682217817,0.0,NO PROVIDER,100.0,48331|Oncology
48331,Texas,Neurology,Neurological Disorders,763,0,0,0.0,0.0,637.0,906.5174241117586,0.0,NO PROVIDER,100.0,48331|Neurology
48331,Texas,Psychiatry,Mental Health Disorders,4676,0,0,0.0,0.0,3104.5,4291.15957060345,0.0,NO PROVIDER,100.0,48331|Psychiatry
48331,Texas,Pulmonary,Respiratory Disease,3572,2,1255,3121.0,1786.0,4251.578947368421,5741.879971570142,0.4200792275315672,LOW GAP,2.29,48331|Pulmonary
48331,Texas,Rheumatology,Arthritis,5218,0,0,0.0,0.0,10453.0,13315.598760659872,0.0,NO PROVIDER,100.0,48331|Rheumatology
48333,Texas,Cardiology,Heart Disease,2875,0,0,0.0,0.0,10823.136363636364,15071.056217261126,0.0,NO PROVIDER,100.0,48333|Cardiology
48333,Texas,Endocrinology,Diabetes,1642,0,0,0.0,0.0,18070.0,22988.768286620067,0.0,NO PROVIDER,100.0,48333|Endocrinology
48333,Texas,Oncology,Cancer,324,0,0,0.0,0.0,2055.6666666666665,2642.926682217817,0.0,NO PROVIDER,100.0,48333|Oncology
48333,Texas,Neurology,Neurological Disorders,129,0,0,0.0,0.0,637.0,906.5174241117586,0.0,NO PROVIDER,100.0,48333|Neurology
48333,Texas,Psychiatry,Mental Health Disorders,834,0,0,0.0,0.0,3104.5,4291.15957060345,0.0,NO PROVIDER,100.0,48333|Psychiatry
48333,Texas,Pulmonary,Respiratory Disease,614,0,0,0.0,0.0,4251.578947368421,5741.879971570142,0.0,NO PROVIDER,100.0,48333|Pulmonary
48333,Texas,Rheumatology,Arthritis,962,0,0,0.0,0.0,10453.0,13315.598760659872,0.0,NO PROVIDER,100.0,48333|Rheumatology
48335,Texas,Cardiology,Heart Disease,5544,0,0,0.0,0.0,10823.136363636364,15071.056217261126,0.0,NO PROVIDER,100.0,48335|Cardiology
48335,Texas,Endocrinology,Diabetes,3792,0,0,0.0,0.0,18070.0,22988.768286620067,0.0,NO PROVIDER,100.0,48335|Endocrinology
48335,Texas,Oncology,Cancer,436,0,0,0.0,0.0,2055.6666666666665,2642.926682217817,0.0,NO PROVIDER,100.0,48335|Oncology
48335,Texas,Neurology,Neurological Disorders,258,0,0,0.0,0.0,637.0,906.5174241117586,0.0,NO PROVIDER,100.0,48335|Neurology
48335,Texas,Psychiatry,Mental Health Disorders,1523,0,0,0.0,0.0,3104.5,4291.15957060345,0.0,NO PROVIDER,100.0,48335|Psychiatry
48335,Texas,Pulmonary,Respiratory Disease,1185,0,0,0.0,0.0,4251.578947368421,5741.879971570142,0.0,NO PROVIDER,100.0,48335|Pulmonary
48335,Texas,Rheumatology,Arthritis,1618,0,0,0.0,0.0,10453.0,13315.598760659872,0.0,NO PROVIDER,100.0,48335|Rheumatology
48337,Texas,Cardiology,Heart Disease,13026,0,0,0.0,0.0,10823.136363636364,15071.056217261126,0.0,NO PROVIDER,100.0,48337|Cardiology
48337,Texas,Endocrinology,Diabetes,7846,0,0,0.0,0.0,18070.0,22988.768286620067,0.0,NO PROVIDER,100.0,48337|Endocrinology
48337,Texas,Oncology,Cancer,1379,0,0,0.0,0.0,2055.6666666666665,2642.926682217817,0.0,NO PROVIDER,100.0,48337|Oncology
48337,Texas,Neurology,Neurological Disorders,602,0,0,0.0,0.0,637.0,906.5174241117586,0.0,NO PROVIDER,100.0,48337|Neurology
48337,Texas,Psychiatry,Mental Health Disorders,4203,0,0,0.0,0.0,3104.5,4291.15957060345,0.0,NO PROVIDER,100.0,48337|Psychiatry
48337,Texas,Pulmonary,Respiratory Disease,3058,0,0,0.0,0.0,4251.578947368421,5741.879971570142,0.0,NO PROVIDER,100.0,48337|Pulmonary
48337,Texas,Rheumatology,Arthritis,4412,0,0,0.0,0.0,10453.0,13315.598760659872,0.0,NO PROVIDER,100.0,48337|Rheumatology
48339,Texas,Cardiology,Heart Disease,375154,46,33125,141810.0,8155.521739130435,10823.136363636364,15071.056217261126,0.7535266548550016,MODERATE GAP,4.1,48339|Cardiology
48339,Texas,Endocrinology,Diabetes,224405,5,1632,84852.0,44881.0,18070.0,22988.768286620067,2.4837299391256225,CRITICAL GAP,13.52,48339|Endocrinology
48339,Texas,Oncology,Cancer,36169,14,3875,926362.0,2583.5,2055.6666666666665,2642.926682217817,1.2567699043294958,HIGH GAP,6.84,48339|Oncology
48339,Texas,Neurology,Neurological Disorders,14784,40,7759,455916.0,369.6,637.0,906.5174241117586,0.5802197802197803,MODERATE GAP,3.16,48339|Neurology
48339,Texas,Psychiatry,Mental Health Disorders,114051,21,1236,10773.0,5431.0,3104.5,4291.15957060345,1.7493960380093412,HIGH GAP,9.53,48339|Psychiatry
48339,Texas,Pulmonary,Respiratory Disease,78410,21,9602,129077.0,3733.809523809524,4251.578947368421,5741.879971570142,0.8782171447435128,MODERATE GAP,4.78,48339|Pulmonary
48339,Texas,Rheumatology,Arthritis,117219,12,2782,1289425.0,9768.25,10453.0,13315.598760659872,0.9344924901942028,MODERATE GAP,5.09,48339|Rheumatology
48341,Texas,Cardiology,Heart Disease,10954,0,0,0.0,0.0,10823.136363636364,15071.056217261126,0.0,NO PROVIDER,100.0,48341|Cardiology
48341,Texas,Endocrinology,Diabetes,7797,0,0,0.0,0.0,18070.0,22988.768286620067,0.0,NO PROVIDER,100.0,48341|Endocrinology
48341,Texas,Oncology,Cancer,782,0,0,0.0,0.0,2055.6666666666665,2642.926682217817,0.0,NO PROVIDER,100.0,48341|Oncology
48341,Texas,Neurology,Neurological Disorders,521,0,0,0.0,0.0,637.0,906.5174241117586,0.0,NO PROVIDER,100.0,48341|Neurology
48341,Texas,Psychiatry,Mental Health Disorders,3077,0,0,0.0,0.0,3104.5,4291.15957060345,0.0,NO PROVIDER,100.0,48341|Psychiatry
48341,Texas,Pulmonary,Respiratory Disease,2345,0,0,0.0,0.0,4251.578947368421,5741.879971570142,0.0,NO PROVIDER,100.0,48341|Pulmonary
48341,Texas,Rheumatology,Arthritis,3164,0,0,0.0,0.0,10453.0,13315.598760659872,0.0,NO PROVIDER,100.0,48341|Rheumatology
48343,Texas,Cardiology,Heart Disease,7684,1,911,2457.0,7684.0,10823.136363636364,15071.056217261126,0.7099605642793846,MODERATE GAP,3.87,48343|Cardiology
48343,Texas,Endocrinology,Diabetes,4966,0,0,0.0,0.0,18070.0,22988.768286620067,0.0,NO PROVIDER,100.0,48343|Endocrinology
48343,Texas,Oncology,Cancer,704,0,0,0.0,0.0,2055.6666666666665,2642.926682217817,0.0,NO PROVIDER,100.0,48343|Oncology
48343,Texas,Neurology,Neurological Disorders,396,0,0,0.0,0.0,637.0,906.5174241117586,0.0,NO PROVIDER,100.0,48343|Neurology
48343,Texas,Psychiatry,Mental Health Disorders,2252,0,0,0.0,0.0,3104.5,4291.15957060345,0.0,NO PROVIDER,100.0,48343|Psychiatry
48343,Texas,Pulmonary,Respiratory Disease,1828,0,0,0.0,0.0,4251.578947368421,5741.879971570142,0.0,NO PROVIDER,100.0,48343|Pulmonary
48343,Texas,Rheumatology,Arthritis,2555,0,0,0.0,0.0,10453.0,13315.598760659872,0.0,NO PROVIDER,100.0,48343|Rheumatology
48345,Texas,Cardiology,Heart Disease,667,0,0,0.0,0.0,10823.136363636364,15071.056217261126,0.0,NO PROVIDER,100.0,48345|Cardiology
48345,Texas,Endocrinology,Diabetes,394,0,0,0.0,0.0,18070.0,22988.768286620067,0.0,NO PROVIDER,100.0,48345|Endocrinology
48345,Texas,Oncology,Cancer,72,0,0,0.0,0.0,2055.6666666666665,2642.926682217817,0.0,NO PROVIDER,100.0,48345|Oncology
48345,Texas,Neurology,Neurological Disorders,31,0,0,0.0,0.0,637.0,906.5174241117586,0.0,NO PROVIDER,100.0,48345|Neurology
48345,Texas,Psychiatry,Mental Health Disorders,192,0,0,0.0,0.0,3104.5,4291.15957060345,0.0,NO PROVIDER,100.0,48345|Psychiatry
48345,Texas,Pulmonary,Respiratory Disease,146,0,0,0.0,0.0,4251.578947368421,5741.879971570142,0.0,NO PROVIDER,100.0,48345|Pulmonary
48345,Texas,Rheumatology,Arthritis,222,0,0,0.0,0.0,10453.0,13315.598760659872,0.0,NO PROVIDER,100.0,48345|Rheumatology
48347,Texas,Cardiology,Heart Disease,37924,2,1757,10456.0,18962.0,10823.136363636364,15071.056217261126,1.75198753512047,HIGH GAP,9.54,48347|Cardiology
48347,Texas,Endocrinology,Diabetes,23731,0,0,0.0,0.0,18070.0,22988.768286620067,0.0,NO PROVIDER,100.0,48347|Endocrinology
48347,Texas,Oncology,Cancer,3354,0,0,0.0,0.0,2055.6666666666665,2642.926682217817,0.0,NO PROVIDER,100.0,48347|Oncology
48347,Texas,Neurology,Neurological Disorders,1877,3,765,7337.0,625.6666666666666,637.0,906.5174241117586,0.9822082679225536,MODERATE GAP,5.35,48347|Neurology
48347,Texas,Psychiatry,Mental Health Disorders,12216,1,73,323.0,12216.0,3104.5,4291.15957060345,3.9349331615397,CRITICAL GAP,21.42,48347|Psychiatry
48347,Texas,Pulmonary,Respiratory Disease,9362,4,2034,21774.0,2340.5,4251.578947368421,5741.879971570142,0.5505013617231989,MODERATE GAP,3.0,48347|Pulmonary
48347,Texas,Rheumatology,Arthritis,11966,0,0,0.0,0.0,10453.0,13315.598760659872,0.0,NO PROVIDER,100.0,48347|Rheumatology
48349,Texas,Cardiology,Heart Disease,32303,1,754,1933.0,32303.0,10823.136363636364,15071.056217261126,2.984624688692993,CRITICAL GAP,16.25,48349|Cardiology
48349,Texas,Endocrinology,Diabetes,21482,0,0,0.0,0.0,18070.0,22988.768286620067,0.0,NO PROVIDER,100.0,48349|Endocrinology
48349,Texas,Oncology,Cancer,2751,1,164,29134.0,2751.0,2055.6666666666665,2642.926682217817,1.338251986379115,HIGH GAP,7.29,48349|Oncology
48349,Texas,Neurology,Neurological Disorders,1610,0,0,0.0,0.0,637.0,906.5174241117586,0.0,NO PROVIDER,100.0,48349|Neurology
48349,Texas,Psychiatry,Mental Health Disorders,9620,0,0,0.0,0.0,3104.5,4291.15957060345,0.0,NO PROVIDER,100.0,48349|Psychiatry
48349,Texas,Pulmonary,Respiratory Disease,7623,0,0,0.0,0.0,4251.578947368421,5741.879971570142,0.0,NO PROVIDER,100.0,48349|Pulmonary
48349,Texas,Rheumatology,Arthritis,10292,0,0,0.0,0.0,10453.0,13315.598760659872,0.0,NO PROVIDER,100.0,48349|Rheumatology
48351,Texas,Cardiology,Heart Disease,8562,0,0,0.0,0.0,10823.136363636364,15071.056217261126,0.0,NO PROVIDER,100.0,48351|Cardiology
48351,Texas,Endocrinology,Diabetes,5710,0,0,0.0,0.0,18070.0,22988.768286620067,0.0,NO PROVIDER,100.0,48351|Endocrinology
48351,Texas,Oncology,Cancer,754,0,0,0.0,0.0,2055.6666666666665,2642.926682217817,0.0,NO PROVIDER,100.0,48351|Oncology
48351,Texas,Neurology,Neurological Disorders,503,0,0,0.0,0.0,637.0,906.5174241117586,0.0,NO PROVIDER,100.0,48351|Neurology
48351,Texas,Psychiatry,Mental Health Disorders,2504,0,0,0.0,0.0,3104.5,4291.15957060345,0.0,NO PROVIDER,100.0,48351|Psychiatry
48351,Texas,Pulmonary,Respiratory Disease,2234,0,0,0.0,0.0,4251.578947368421,5741.879971570142,0.0,NO PROVIDER,100.0,48351|Pulmonary
48351,Texas,Rheumatology,Arthritis,2935,0,0,0.0,0.0,10453.0,13315.598760659872,0.0,NO PROVIDER,100.0,48351|Rheumatology
48353,Texas,Cardiology,Heart Disease,8816,0,0,0.0,0.0,10823.136363636364,15071.056217261126,0.0,NO PROVIDER,100.0,48353|Cardiology
48353,Texas,Endocrinology,Diabetes,6000,0,0,0.0,0.0,18070.0,22988.768286620067,0.0,NO PROVIDER,100.0,48353|Endocrinology
48353,Texas,Oncology,Cancer,751,0,0,0.0,0.0,2055.6666666666665,2642.926682217817,0.0,NO PROVIDER,100.0,48353|Oncology
48353,Texas,Neurology,Neurological Disorders,445,0,0,0.0,0.0,637.0,906.5174241117586,0.0,NO PROVIDER,100.0,48353|Neurology
48353,Texas,Psychiatry,Mental Health Disorders,2527,0,0,0.0,0.0,3104.5,4291.15957060345,0.0,NO PROVIDER,100.0,48353|Psychiatry
48353,Texas,Pulmonary,Respiratory Disease,2023,0,0,0.0,0.0,4251.578947368421,5741.879971570142,0.0,NO PROVIDER,100.0,48353|Pulmonary
48353,Texas,Rheumatology,Arthritis,2785,0,0,0.0,0.0,10453.0,13315.598760659872,0.0,NO PROVIDER,100.0,48353|Rheumatology
48355,Texas,Cardiology,Heart Disease,206302,19,9121,39929.0,10858.0,10823.136363636364,15071.056217261126,1.0032212138138414,HIGH GAP,5.46,48355|Cardiology
48355,Texas,Endocrinology,Diabetes,148031,5,969,11701.0,29606.2,18070.0,22988.768286620067,1.6384172661870504,HIGH GAP,8.92,48355|Endocrinology
48355,Texas,Oncology,Cancer,15476,9,3958,1148702.0,1719.5555555555557,2055.6666666666665,2642.926682217817,0.83649532457705,MODERATE GAP,4.55,48355|Oncology
48355,Texas,Neurology,Neurological Disorders,8882,10,2452,14725.0,888.2,637.0,906.5174241117586,1.3943485086342229,HIGH GAP,7.59,48355|Neurology
48355,Texas,Psychiatry,Mental Health Disorders,54368,7,634,2773.0,7766.857142857143,3104.5,4291.15957060345,2.5018061339530178,CRITICAL GAP,13.62,48355|Psychiatry
48355,Texas,Pulmonary,Respiratory Disease,40507,5,2748,14513.0,8101.4,4251.578947368421,5741.879971570142,1.90550383758356,HIGH GAP,10.37,48355|Pulmonary
48355,Texas,Rheumatology,Arthritis,56521,5,1197,150031.0,11304.2,10453.0,13315.598760659872,1.0814311680857172,HIGH GAP,5.89,48355|Rheumatology
48357,Texas,Cardiology,Heart Disease,5132,0,0,0.0,0.0,10823.136363636364,15071.056217261126,0.0,NO PROVIDER,100.0,48357|Cardiology
48357,Texas,Endocrinology,Diabetes,3616,0,0,0.0,0.0,18070.0,22988.768286620067,0.0,NO PROVIDER,100.0,48357|Endocrinology
48357,Texas,Oncology,Cancer,418,0,0,0.0,0.0,2055.6666666666665,2642.926682217817,0.0,NO PROVIDER,100.0,48357|Oncology
48357,Texas,Neurology,Neurological Disorders,238,0,0,0.0,0.0,637.0,906.5174241117586,0.0,NO PROVIDER,100.0,48357|Neurology
48357,Texas,Psychiatry,Mental Health Disorders,1506,0,0,0.0,0.0,3104.5,4291.15957060345,0.0,NO PROVIDER,100.0,48357|Psychiatry
48357,Texas,Pulmonary,Respiratory Disease,1118,0,0,0.0,0.0,4251.578947368421,5741.879971570142,0.0,NO PROVIDER,100.0,48357|Pulmonary
48357,Texas,Rheumatology,Arthritis,1543,0,0,0.0,0.0,10453.0,13315.598760659872,0.0,NO PROVIDER,100.0,48357|Rheumatology
48359,Texas,Cardiology,Heart Disease,1057,0,0,0.0,0.0,10823.136363636364,15071.056217261126,0.0,NO PROVIDER,100.0,48359|Cardiology
48359,Texas,Endocrinology,Diabetes,671,0,0,0.0,0.0,18070.0,22988.768286620067,0.0,NO PROVIDER,100.0,48359|Endocrinology
48359,Texas,Oncology,Cancer,102,0,0,0.0,0.0,2055.6666666666665,2642.926682217817,0.0,NO PROVIDER,100.0,48359|Oncology
48359,Texas,Neurology,Neurological Disorders,47,0,0,0.0,0.0,637.0,906.5174241117586,0.0,NO PROVIDER,100.0,48359|Neurology
48359,Texas,Psychiatry,Mental Health Disorders,345,0,0,0.0,0.0,3104.5,4291.15957060345,0.0,NO PROVIDER,100.0,48359|Psychiatry
48359,Texas,Pulmonary,Respiratory Disease,242,0,0,0.0,0.0,4251.578947368421,5741.879971570142,0.0,NO PROVIDER,100.0,48359|Pulmonary
48359,Texas,Rheumatology,Arthritis,345,0,0,0.0,0.0,10453.0,13315.598760659872,0.0,NO PROVIDER,100.0,48359|Rheumatology
48361,Texas,Cardiology,Heart Disease,48072,0,0,0.0,0.0,10823.136363636364,15071.056217261126,0.0,NO PROVIDER,100.0,48361|Cardiology
48361,Texas,Endocrinology,Diabetes,31847,0,0,0.0,0.0,18070.0,22988.768286620067,0.0,NO PROVIDER,100.0,48361|Endocrinology
48361,Texas,Oncology,Cancer,4686,0,0,0.0,0.0,2055.6666666666665,2642.926682217817,0.0,NO PROVIDER,100.0,48361|Oncology
48361,Texas,Neurology,Neurological Disorders,2168,0,0,0.0,0.0,637.0,906.5174241117586,0.0,NO PROVIDER,100.0,48361|Neurology
48361,Texas,Psychiatry,Mental Health Disorders,16130,0,0,0.0,0.0,3104.5,4291.15957060345,0.0,NO PROVIDER,100.0,48361|Psychiatry
48361,Texas,Pulmonary,Respiratory Disease,11412,0,0,0.0,0.0,4251.578947368421,5741.879971570142,0.0,NO PROVIDER,100.0,48361|Pulmonary
48361,Texas,Rheumatology,Arthritis,15780,0,0,0.0,0.0,10453.0,13315.598760659872,0.0,NO PROVIDER,100.0,48361|Rheumatology
48363,Texas,Cardiology,Heart Disease,17975,1,717,2579.0,17975.0,10823.136363636364,15071.056217261126,1.660794006106447,HIGH GAP,9.04,48363|Cardiology
48363,Texas,Endocrinology,Diabetes,11968,1,225,2235.0,11968.0,18070.0,22988.768286620067,0.6623132263420033,MODERATE GAP,3.61,48363|Endocrinology
48363,Texas,Oncology,Cancer,1793,1,413,153664.0,1793.0,2055.6666666666665,2642.926682217817,0.8722231230744285,MODERATE GAP,4.75,48363|Oncology
48363,Texas,Neurology,Neurological Disorders,856,0,0,0.0,0.0,637.0,906.5174241117586,0.0,NO PROVIDER,100.0,48363|Neurology
48363,Texas,Psychiatry,Mental Health Disorders,5607,0,0,0.0,0.0,3104.5,4291.15957060345,0.0,NO PROVIDER,100.0,48363|Psychiatry
48363,Texas,Pulmonary,Respiratory Disease,4259,0,0,0.0,0.0,4251.578947368421,5741.879971570142,0.0,NO PROVIDER,100.0,48363|Pulmonary
48363,Texas,Rheumatology,Arthritis,6007,0,0,0.0,0.0,10453.0,13315.598760659872,0.0,NO PROVIDER,100.0,48363|Rheumatology
48365,Texas,Cardiology,Heart Disease,13819,0,0,0.0,0.0,10823.136363636364,15071.056217261126,0.0,NO PROVIDER,100.0,48365|Cardiology
48365,Texas,Endocrinology,Diabetes,8769,0,0,0.0,0.0,18070.0,22988.768286620067,0.0,NO PROVIDER,100.0,48365|Endocrinology
48365,Texas,Oncology,Cancer,1333,0,0,0.0,0.0,2055.6666666666665,2642.926682217817,0.0,NO PROVIDER,100.0,48365|Oncology
48365,Texas,Neurology,Neurological Disorders,658,0,0,0.0,0.0,637.0,906.5174241117586,0.0,NO PROVIDER,100.0,48365|Neurology
48365,Texas,Psychiatry,Mental Health Disorders,4226,0,0,0.0,0.0,3104.5,4291.15957060345,0.0,NO PROVIDER,100.0,48365|Psychiatry
48365,Texas,Pulmonary,Respiratory Disease,3227,0,0,0.0,0.0,4251.578947368421,5741.879971570142,0.0,NO PROVIDER,100.0,48365|Pulmonary
48365,Texas,Rheumatology,Arthritis,4507,0,0,0.0,0.0,10453.0,13315.598760659872,0.0,NO PROVIDER,100.0,48365|Rheumatology
48367,Texas,Cardiology,Heart Disease,93938,2,2788,13063.0,46969.0,10823.136363636364,15071.056217261126,4.339684766220512,CRITICAL GAP,23.63,48367|Cardiology
48367,Texas,Endocrinology,Diabetes,59219,3,725,4973.0,19739.666666666668,18070.0,22988.768286620067,1.0923999262128758,HIGH GAP,5.95,48367|Endocrinology
48367,Texas,Oncology,Cancer,10088,8,3255,1160130.0,1261.0,2055.6666666666665,2642.926682217817,0.6134263012810118,MODERATE GAP,3.34,48367|Oncology
48367,Texas,Neurology,Neurological Disorders,3799,1,347,1228.0,3799.0,637.0,906.5174241117586,5.963893249607535,CRITICAL GAP,32.47,48367|Neurology
48367,Texas,Psychiatry,Mental Health Disorders,31902,4,186,684.0,7975.5,3104.5,4291.15957060345,2.5690127234659363,CRITICAL GAP,13.99,48367|Psychiatry
48367,Texas,Pulmonary,Respiratory Disease,20962,1,1470,11410.0,20962.0,4251.578947368421,5741.879971570142,4.930403565238921,CRITICAL GAP,26.84,48367|Pulmonary
48367,Texas,Rheumatology,Arthritis,31640,1,310,39919.0,31640.0,10453.0,13315.598760659872,3.0268822347651394,CRITICAL GAP,16.48,48367|Rheumatology
48369,Texas,Cardiology,Heart Disease,5211,0,0,0.0,0.0,10823.136363636364,15071.056217261126,0.0,NO PROVIDER,100.0,48369|Cardiology
48369,Texas,Endocrinology,Diabetes,3568,0,0,0.0,0.0,18070.0,22988.768286620067,0.0,NO PROVIDER,100.0,48369|Endocrinology
48369,Texas,Oncology,Cancer,406,0,0,0.0,0.0,2055.6666666666665,2642.926682217817,0.0,NO PROVIDER,100.0,48369|Oncology
48369,Texas,Neurology,Neurological Disorders,236,0,0,0.0,0.0,637.0,906.5174241117586,0.0,NO PROVIDER,100.0,48369|Neurology
48369,Texas,Psychiatry,Mental Health Disorders,1408,0,0,0.0,0.0,3104.5,4291.15957060345,0.0,NO PROVIDER,100.0,48369|Psychiatry
48369,Texas,Pulmonary,Respiratory Disease,1051,0,0,0.0,0.0,4251.578947368421,5741.879971570142,0.0,NO PROVIDER,100.0,48369|Pulmonary
48369,Texas,Rheumatology,Arthritis,1515,0,0,0.0,0.0,10453.0,13315.598760659872,0.0,NO PROVIDER,100.0,48369|Rheumatology
48371,Texas,Cardiology,Heart Disease,8500,0,0,0.0,0.0,10823.136363636364,15071.056217261126,0.0,NO PROVIDER,100.0,48371|Cardiology
48371,Texas,Endocrinology,Diabetes,6198,0,0,0.0,0.0,18070.0,22988.768286620067,0.0,NO PROVIDER,100.0,48371|Endocrinology
48371,Texas,Oncology,Cancer,550,0,0,0.0,0.0,2055.6666666666665,2642.926682217817,0.0,NO PROVIDER,100.0,48371|Oncology
48371,Texas,Neurology,Neurological Disorders,402,0,0,0.0,0.0,637.0,906.5174241117586,0.0,NO PROVIDER,100.0,48371|Neurology
48371,Texas,Psychiatry,Mental Health Disorders,2158,1,0,0.0,2158.0,3104.5,4291.15957060345,0.6951199871154775,MODERATE GAP,3.78,48371|Psychiatry
48371,Texas,Pulmonary,Respiratory Disease,1662,0,0,0.0,0.0,4251.578947368421,5741.879971570142,0.0,NO PROVIDER,100.0,48371|Pulmonary
48371,Texas,Rheumatology,Arthritis,2378,0,0,0.0,0.0,10453.0,13315.598760659872,0.0,NO PROVIDER,100.0,48371|Rheumatology
48373,Texas,Cardiology,Heart Disease,35114,0,0,0.0,0.0,10823.136363636364,15071.056217261126,0.0,NO PROVIDER,100.0,48373|Cardiology
48373,Texas,Endocrinology,Diabetes,22692,1,277,741.0,22692.0,18070.0,22988.768286620067,1.2557830658550082,HIGH GAP,6.84,48373|Endocrinology
48373,Texas,Oncology,Cancer,3186,1,285,135945.0,3186.0,2055.6666666666665,2642.926682217817,1.5498621696124537,HIGH GAP,8.44,48373|Oncology
48373,Texas,Neurology,Neurological Disorders,1701,0,0,0.0,0.0,637.0,906.5174241117586,0.0,NO PROVIDER,100.0,48373|Neurology
48373,Texas,Psychiatry,Mental Health Disorders,10808,0,0,0.0,0.0,3104.5,4291.15957060345,0.0,NO PROVIDER,100.0,48373|Psychiatry
48373,Texas,Pulmonary,Respiratory Disease,8418,1,395,1473.0,8418.0,4251.578947368421,5741.879971570142,1.9799702896756624,HIGH GAP,10.78,48373|Pulmonary
48373,Texas,Rheumatology,Arthritis,11518,0,0,0.0,0.0,10453.0,13315.598760659872,0.0,NO PROVIDER,100.0,48373|Rheumatology
48375,Texas,Cardiology,Heart Disease,66827,10,21130,98749.0,6682.7,10823.136363636364,15071.056217261126,0.6174457916332435,MODERATE GAP,3.36,48375|Cardiology
48375,Texas,Endocrinology,Diabetes,47734,4,2135,49700.0,11933.5,18070.0,22988.768286620067,0.660403984504704,MODERATE GAP,3.6,48375|Endocrinology
48375,Texas,Oncology,Cancer,5215,8,5227,854812.0,651.875,2055.6666666666665,2642.926682217817,0.31711123723042,LOW GAP,1.73,48375|Oncology
48375,Texas,Neurology,Neurological Disorders,3322,5,3089,118933.0,664.4,637.0,906.5174241117586,1.0430141287284145,HIGH GAP,5.68,48375|Neurology
48375,Texas,Psychiatry,Mental Health Disorders,19388,10,531,3624.0,1938.8,3104.5,4291.15957060345,0.624512803994202,MODERATE GAP,3.4,48375|Psychiatry
48375,Texas,Pulmonary,Respiratory Disease,15182,10,5907,28368.0,1518.2,4251.578947368421,5741.879971570142,0.3570908640752662,LOW GAP,1.94,48375|Pulmonary
48375,Texas,Rheumatology,Arthritis,20523,9,3988,872598.0,2280.333333333333,10453.0,13315.598760659872,0.2181510890015625,LOW GAP,1.19,48375|Rheumatology
48377,Texas,Cardiology,Heart Disease,3636,0,0,0.0,0.0,10823.136363636364,15071.056217261126,0.0,NO PROVIDER,100.0,48377|Cardiology
48377,Texas,Endocrinology,Diabetes,2605,0,0,0.0,0.0,18070.0,22988.768286620067,0.0,NO PROVIDER,100.0,48377|Endocrinology
48377,Texas,Oncology,Cancer,245,0,0,0.0,0.0,2055.6666666666665,2642.926682217817,0.0,NO PROVIDER,100.0,48377|Oncology
48377,Texas,Neurology,Neurological Disorders,198,0,0,0.0,0.0,637.0,906.5174241117586,0.0,NO PROVIDER,100.0,48377|Neurology
48377,Texas,Psychiatry,Mental Health Disorders,829,0,0,0.0,0.0,3104.5,4291.15957060345,0.0,NO PROVIDER,100.0,48377|Psychiatry
48377,Texas,Pulmonary,Respiratory Disease,701,0,0,0.0,0.0,4251.578947368421,5741.879971570142,0.0,NO PROVIDER,100.0,48377|Pulmonary
48377,Texas,Rheumatology,Arthritis,1046,0,0,0.0,0.0,10453.0,13315.598760659872,0.0,NO PROVIDER,100.0,48377|Rheumatology
48379,Texas,Cardiology,Heart Disease,8326,0,0,0.0,0.0,10823.136363636364,15071.056217261126,0.0,NO PROVIDER,100.0,48379|Cardiology
48379,Texas,Endocrinology,Diabetes,4989,0,0,0.0,0.0,18070.0,22988.768286620067,0.0,NO PROVIDER,100.0,48379|Endocrinology
48379,Texas,Oncology,Cancer,901,0,0,0.0,0.0,2055.6666666666665,2642.926682217817,0.0,NO PROVIDER,100.0,48379|Oncology
48379,Texas,Neurology,Neurological Disorders,380,0,0,0.0,0.0,637.0,906.5174241117586,0.0,NO PROVIDER,100.0,48379|Neurology
48379,Texas,Psychiatry,Mental Health Disorders,2525,0,0,0.0,0.0,3104.5,4291.15957060345,0.0,NO PROVIDER,100.0,48379|Psychiatry
48379,Texas,Pulmonary,Respiratory Disease,1864,0,0,0.0,0.0,4251.578947368421,5741.879971570142,0.0,NO PROVIDER,100.0,48379|Pulmonary
48379,Texas,Rheumatology,Arthritis,2807,0,0,0.0,0.0,10453.0,13315.598760659872,0.0,NO PROVIDER,100.0,48379|Rheumatology
48381,Texas,Cardiology,Heart Disease,79929,0,0,0.0,0.0,10823.136363636364,15071.056217261126,0.0,NO PROVIDER,100.0,48381|Cardiology
48381,Texas,Endocrinology,Diabetes,51645,0,0,0.0,0.0,18070.0,22988.768286620067,0.0,NO PROVIDER,100.0,48381|Endocrinology
48381,Texas,Oncology,Cancer,8146,0,0,0.0,0.0,2055.6666666666665,2642.926682217817,0.0,NO PROVIDER,100.0,48381|Oncology
48381,Texas,Neurology,Neurological Disorders,3224,0,0,0.0,0.0,637.0,906.5174241117586,0.0,NO PROVIDER,100.0,48381|Neurology
48381,Texas,Psychiatry,Mental Health Disorders,26812,1,148,637.0,26812.0,3104.5,4291.15957060345,8.636495409888871,CRITICAL GAP,47.02,48381|Psychiatry
48381,Texas,Pulmonary,Respiratory Disease,17422,0,0,0.0,0.0,4251.578947368421,5741.879971570142,0.0,NO PROVIDER,100.0,48381|Pulmonary
48381,Texas,Rheumatology,Arthritis,25738,0,0,0.0,0.0,10453.0,13315.598760659872,0.0,NO PROVIDER,100.0,48381|Rheumatology
48383,Texas,Cardiology,Heart Disease,1657,0,0,0.0,0.0,10823.136363636364,15071.056217261126,0.0,NO PROVIDER,100.0,48383|Cardiology
48383,Texas,Endocrinology,Diabetes,1192,0,0,0.0,0.0,18070.0,22988.768286620067,0.0,NO PROVIDER,100.0,48383|Endocrinology
48383,Texas,Oncology,Cancer,120,0,0,0.0,0.0,2055.6666666666665,2642.926682217817,0.0,NO PROVIDER,100.0,48383|Oncology
48383,Texas,Neurology,Neurological Disorders,71,0,0,0.0,0.0,637.0,906.5174241117586,0.0,NO PROVIDER,100.0,48383|Neurology
48383,Texas,Psychiatry,Mental Health Disorders,441,0,0,0.0,0.0,3104.5,4291.15957060345,0.0,NO PROVIDER,100.0,48383|Psychiatry
48383,Texas,Pulmonary,Respiratory Disease,315,0,0,0.0,0.0,4251.578947368421,5741.879971570142,0.0,NO PROVIDER,100.0,48383|Pulmonary
48383,Texas,Rheumatology,Arthritis,469,0,0,0.0,0.0,10453.0,13315.598760659872,0.0,NO PROVIDER,100.0,48383|Rheumatology
48385,Texas,Cardiology,Heart Disease,2016,0,0,0.0,0.0,10823.136363636364,15071.056217261126,0.0,NO PROVIDER,100.0,48385|Cardiology
48385,Texas,Endocrinology,Diabetes,1250,0,0,0.0,0.0,18070.0,22988.768286620067,0.0,NO PROVIDER,100.0,48385|Endocrinology
48385,Texas,Oncology,Cancer,199,0,0,0.0,0.0,2055.6666666666665,2642.926682217817,0.0,NO PROVIDER,100.0,48385|Oncology
48385,Texas,Neurology,Neurological Disorders,104,0,0,0.0,0.0,637.0,906.5174241117586,0.0,NO PROVIDER,100.0,48385|Neurology
48385,Texas,Psychiatry,Mental Health Disorders,555,0,0,0.0,0.0,3104.5,4291.15957060345,0.0,NO PROVIDER,100.0,48385|Psychiatry
48385,Texas,Pulmonary,Respiratory Disease,457,0,0,0.0,0.0,4251.578947368421,5741.879971570142,0.0,NO PROVIDER,100.0,48385|Pulmonary
48385,Texas,Rheumatology,Arthritis,679,0,0,0.0,0.0,10453.0,13315.598760659872,0.0,NO PROVIDER,100.0,48385|Rheumatology
48387,Texas,Cardiology,Heart Disease,7918,0,0,0.0,0.0,10823.136363636364,15071.056217261126,0.0,NO PROVIDER,100.0,48387|Cardiology
48387,Texas,Endocrinology,Diabetes,4936,0,0,0.0,0.0,18070.0,22988.768286620067,0.0,NO PROVIDER,100.0,48387|Endocrinology
48387,Texas,Oncology,Cancer,759,0,0,0.0,0.0,2055.6666666666665,2642.926682217817,0.0,NO PROVIDER,100.0,48387|Oncology
48387,Texas,Neurology,Neurological Disorders,417,0,0,0.0,0.0,637.0,906.5174241117586,0.0,NO PROVIDER,100.0,48387|Neurology
48387,Texas,Psychiatry,Mental Health Disorders,2292,0,0,0.0,0.0,3104.5,4291.15957060345,0.0,NO PROVIDER,100.0,48387|Psychiatry
48387,Texas,Pulmonary,Respiratory Disease,1894,0,0,0.0,0.0,4251.578947368421,5741.879971570142,0.0,NO PROVIDER,100.0,48387|Pulmonary
48387,Texas,Rheumatology,Arthritis,2663,0,0,0.0,0.0,10453.0,13315.598760659872,0.0,NO PROVIDER,100.0,48387|Rheumatology
48389,Texas,Cardiology,Heart Disease,6607,0,0,0.0,0.0,10823.136363636364,15071.056217261126,0.0,NO PROVIDER,100.0,48389|Cardiology
48389,Texas,Endocrinology,Diabetes,4965,0,0,0.0,0.0,18070.0,22988.768286620067,0.0,NO PROVIDER,100.0,48389|Endocrinology
48389,Texas,Oncology,Cancer,378,0,0,0.0,0.0,2055.6666666666665,2642.926682217817,0.0,NO PROVIDER,100.0,48389|Oncology
48389,Texas,Neurology,Neurological Disorders,319,0,0,0.0,0.0,637.0,906.5174241117586,0.0,NO PROVIDER,100.0,48389|Neurology
48389,Texas,Psychiatry,Mental Health Disorders,1662,0,0,0.0,0.0,3104.5,4291.15957060345,0.0,NO PROVIDER,100.0,48389|Psychiatry
48389,Texas,Pulmonary,Respiratory Disease,1263,0,0,0.0,0.0,4251.578947368421,5741.879971570142,0.0,NO PROVIDER,100.0,48389|Pulmonary
48389,Texas,Rheumatology,Arthritis,1777,0,0,0.0,0.0,10453.0,13315.598760659872,0.0,NO PROVIDER,100.0,48389|Rheumatology
48391,Texas,Cardiology,Heart Disease,4258,0,0,0.0,0.0,10823.136363636364,15071.056217261126,0.0,NO PROVIDER,100.0,48391|Cardiology
48391,Texas,Endocrinology,Diabetes,2901,0,0,0.0,0.0,18070.0,22988.768286620067,0.0,NO PROVIDER,100.0,48391|Endocrinology
48391,Texas,Oncology,Cancer,352,0,0,0.0,0.0,2055.6666666666665,2642.926682217817,0.0,NO PROVIDER,100.0,48391|Oncology
48391,Texas,Neurology,Neurological Disorders,211,0,0,0.0,0.0,637.0,906.5174241117586,0.0,NO PROVIDER,100.0,48391|Neurology
48391,Texas,Psychiatry,Mental Health Disorders,1125,0,0,0.0,0.0,3104.5,4291.15957060345,0.0,NO PROVIDER,100.0,48391|Psychiatry
48391,Texas,Pulmonary,Respiratory Disease,896,0,0,0.0,0.0,4251.578947368421,5741.879971570142,0.0,NO PROVIDER,100.0,48391|Pulmonary
48391,Texas,Rheumatology,Arthritis,1320,0,0,0.0,0.0,10453.0,13315.598760659872,0.0,NO PROVIDER,100.0,48391|Rheumatology
48393,Texas,Cardiology,Heart Disease,466,0,0,0.0,0.0,10823.136363636364,15071.056217261126,0.0,NO PROVIDER,100.0,48393|Cardiology
48393,Texas,Endocrinology,Diabetes,278,0,0,0.0,0.0,18070.0,22988.768286620067,0.0,NO PROVIDER,100.0,48393|Endocrinology
48393,Texas,Oncology,Cancer,53,0,0,0.0,0.0,2055.6666666666665,2642.926682217817,0.0,NO PROVIDER,100.0,48393|Oncology
48393,Texas,Neurology,Neurological Disorders,19,0,0,0.0,0.0,637.0,906.5174241117586,0.0,NO PROVIDER,100.0,48393|Neurology
48393,Texas,Psychiatry,Mental Health Disorders,150,0,0,0.0,0.0,3104.5,4291.15957060345,0.0,NO PROVIDER,100.0,48393|Psychiatry
48393,Texas,Pulmonary,Respiratory Disease,100,0,0,0.0,0.0,4251.578947368421,5741.879971570142,0.0,NO PROVIDER,100.0,48393|Pulmonary
48393,Texas,Rheumatology,Arthritis,155,0,0,0.0,0.0,10453.0,13315.598760659872,0.0,NO PROVIDER,100.0,48393|Rheumatology
48395,Texas,Cardiology,Heart Disease,10573,0,0,0.0,0.0,10823.136363636364,15071.056217261126,0.0,NO PROVIDER,100.0,48395|Cardiology
48395,Texas,Endocrinology,Diabetes,6795,0,0,0.0,0.0,18070.0,22988.768286620067,0.0,NO PROVIDER,100.0,48395|Endocrinology
48395,Texas,Oncology,Cancer,958,0,0,0.0,0.0,2055.6666666666665,2642.926682217817,0.0,NO PROVIDER,100.0,48395|Oncology
48395,Texas,Neurology,Neurological Disorders,525,0,0,0.0,0.0,637.0,906.5174241117586,0.0,NO PROVIDER,100.0,48395|Neurology
48395,Texas,Psychiatry,Mental Health Disorders,2991,0,0,0.0,0.0,3104.5,4291.15957060345,0.0,NO PROVIDER,100.0,48395|Psychiatry
48395,Texas,Pulmonary,Respiratory Disease,2407,0,0,0.0,0.0,4251.578947368421,5741.879971570142,0.0,NO PROVIDER,100.0,48395|Pulmonary
48395,Texas,Rheumatology,Arthritis,3404,0,0,0.0,0.0,10453.0,13315.598760659872,0.0,NO PROVIDER,100.0,48395|Rheumatology
48397,Texas,Cardiology,Heart Disease,64582,2,4166,14637.0,32291.0,10823.136363636364,15071.056217261126,2.983515952777929,CRITICAL GAP,16.24,48397|Cardiology
48397,Texas,Endocrinology,Diabetes,42314,0,0,0.0,0.0,18070.0,22988.768286620067,0.0,NO PROVIDER,100.0,48397|Endocrinology
48397,Texas,Oncology,Cancer,6618,1,401,51935.0,6618.0,2055.6666666666665,2642.926682217817,3.219393546294795,CRITICAL GAP,17.53,48397|Oncology
48397,Texas,Neurology,Neurological Disorders,2367,1,557,2734.0,2367.0,637.0,906.5174241117586,3.71585557299843,CRITICAL GAP,20.23,48397|Neurology
48397,Texas,Psychiatry,Mental Health Disorders,21157,2,921,5654.0,10578.5,3104.5,4291.15957060345,3.407473023031084,CRITICAL GAP,18.55,48397|Psychiatry
48397,Texas,Pulmonary,Respiratory Disease,13524,3,1285,5952.0,4508.0,4251.578947368421,5741.879971570142,1.060311958405546,HIGH GAP,5.77,48397|Pulmonary
48397,Texas,Rheumatology,Arthritis,19514,1,65,817.0,19514.0,10453.0,13315.598760659872,1.866832488280876,HIGH GAP,10.16,48397|Rheumatology
48399,Texas,Cardiology,Heart Disease,5868,0,0,0.0,0.0,10823.136363636364,15071.056217261126,0.0,NO PROVIDER,100.0,48399|Cardiology
48399,Texas,Endocrinology,Diabetes,3714,0,0,0.0,0.0,18070.0,22988.768286620067,0.0,NO PROVIDER,100.0,48399|Endocrinology
48399,Texas,Oncology,Cancer,558,0,0,0.0,0.0,2055.6666666666665,2642.926682217817,0.0,NO PROVIDER,100.0,48399|Oncology
48399,Texas,Neurology,Neurological Disorders,272,0,0,0.0,0.0,637.0,906.5174241117586,0.0,NO PROVIDER,100.0,48399|Neurology
48399,Texas,Psychiatry,Mental Health Disorders,1697,0,0,0.0,0.0,3104.5,4291.15957060345,0.0,NO PROVIDER,100.0,48399|Psychiatry
48399,Texas,Pulmonary,Respiratory Disease,1264,0,0,0.0,0.0,4251.578947368421,5741.879971570142,0.0,NO PROVIDER,100.0,48399|Pulmonary
48399,Texas,Rheumatology,Arthritis,1878,0,0,0.0,0.0,10453.0,13315.598760659872,0.0,NO PROVIDER,100.0,48399|Rheumatology
48401,Texas,Cardiology,Heart Disease,32290,2,1367,3728.0,16145.0,10823.136363636364,15071.056217261126,1.4917117790591703,HIGH GAP,8.12,48401|Cardiology
48401,Texas,Endocrinology,Diabetes,20781,5,2853,11542.0,4156.2,18070.0,22988.768286620067,0.230005534034311,LOW GAP,1.25,48401|Endocrinology
48401,Texas,Oncology,Cancer,2857,0,0,0.0,0.0,2055.6666666666665,2642.926682217817,0.0,NO PROVIDER,100.0,48401|Oncology
48401,Texas,Neurology,Neurological Disorders,1542,2,957,3726.0,771.0,637.0,906.5174241117586,1.2103610675039247,HIGH GAP,6.59,48401|Neurology
48401,Texas,Psychiatry,Mental Health Disorders,9434,3,125,333.0,3144.6666666666665,3104.5,4291.15957060345,1.0129382079776668,HIGH GAP,5.52,48401|Psychiatry
48401,Texas,Pulmonary,Respiratory Disease,7358,2,666,2985.0,3679.0,4251.578947368421,5741.879971570142,0.8653255756375341,MODERATE GAP,4.71,48401|Pulmonary
48401,Texas,Rheumatology,Arthritis,10277,3,1470,4901.0,3425.6666666666665,10453.0,13315.598760659872,0.3277209094677764,LOW GAP,1.78,48401|Rheumatology
48403,Texas,Cardiology,Heart Disease,7131,0,0,0.0,0.0,10823.136363636364,15071.056217261126,0.0,NO PROVIDER,100.0,48403|Cardiology
48403,Texas,Endocrinology,Diabetes,4105,0,0,0.0,0.0,18070.0,22988.768286620067,0.0,NO PROVIDER,100.0,48403|Endocrinology
48403,Texas,Oncology,Cancer,759,0,0,0.0,0.0,2055.6666666666665,2642.926682217817,0.0,NO PROVIDER,100.0,48403|Oncology
48403,Texas,Neurology,Neurological Disorders,365,0,0,0.0,0.0,637.0,906.5174241117586,0.0,NO PROVIDER,100.0,48403|Neurology
48403,Texas,Psychiatry,Mental Health Disorders,2044,0,0,0.0,0.0,3104.5,4291.15957060345,0.0,NO PROVIDER,100.0,48403|Psychiatry
48403,Texas,Pulmonary,Respiratory Disease,1671,0,0,0.0,0.0,4251.578947368421,5741.879971570142,0.0,NO PROVIDER,100.0,48403|Pulmonary
48403,Texas,Rheumatology,Arthritis,2463,0,0,0.0,0.0,10453.0,13315.598760659872,0.0,NO PROVIDER,100.0,48403|Rheumatology
48405,Texas,Cardiology,Heart Disease,5790,0,0,0.0,0.0,10823.136363636364,15071.056217261126,0.0,NO PROVIDER,100.0,48405|Cardiology
48405,Texas,Endocrinology,Diabetes,3848,0,0,0.0,0.0,18070.0,22988.768286620067,0.0,NO PROVIDER,100.0,48405|Endocrinology
48405,Texas,Oncology,Cancer,505,0,0,0.0,0.0,2055.6666666666665,2642.926682217817,0.0,NO PROVIDER,100.0,48405|Oncology
48405,Texas,Neurology,Neurological Disorders,355,0,0,0.0,0.0,637.0,906.5174241117586,0.0,NO PROVIDER,100.0,48405|Neurology
48405,Texas,Psychiatry,Mental Health Disorders,1589,0,0,0.0,0.0,3104.5,4291.15957060345,0.0,NO PROVIDER,100.0,48405|Psychiatry
48405,Texas,Pulmonary,Respiratory Disease,1489,0,0,0.0,0.0,4251.578947368421,5741.879971570142,0.0,NO PROVIDER,100.0,48405|Pulmonary
48405,Texas,Rheumatology,Arthritis,1954,0,0,0.0,0.0,10453.0,13315.598760659872,0.0,NO PROVIDER,100.0,48405|Rheumatology
48407,Texas,Cardiology,Heart Disease,19048,0,0,0.0,0.0,10823.136363636364,15071.056217261126,0.0,NO PROVIDER,100.0,48407|Cardiology
48407,Texas,Endocrinology,Diabetes,12205,0,0,0.0,0.0,18070.0,22988.768286620067,0.0,NO PROVIDER,100.0,48407|Endocrinology
48407,Texas,Oncology,Cancer,1765,0,0,0.0,0.0,2055.6666666666665,2642.926682217817,0.0,NO PROVIDER,100.0,48407|Oncology
48407,Texas,Neurology,Neurological Disorders,956,0,0,0.0,0.0,637.0,906.5174241117586,0.0,NO PROVIDER,100.0,48407|Neurology
48407,Texas,Psychiatry,Mental Health Disorders,5613,0,0,0.0,0.0,3104.5,4291.15957060345,0.0,NO PROVIDER,100.0,48407|Psychiatry
48407,Texas,Pulmonary,Respiratory Disease,4474,0,0,0.0,0.0,4251.578947368421,5741.879971570142,0.0,NO PROVIDER,100.0,48407|Pulmonary
48407,Texas,Rheumatology,Arthritis,6296,0,0,0.0,0.0,10453.0,13315.598760659872,0.0,NO PROVIDER,100.0,48407|Rheumatology
48409,Texas,Cardiology,Heart Disease,41989,0,0,0.0,0.0,10823.136363636364,15071.056217261126,0.0,NO PROVIDER,100.0,48409|Cardiology
48409,Texas,Endocrinology,Diabetes,29385,0,0,0.0,0.0,18070.0,22988.768286620067,0.0,NO PROVIDER,100.0,48409|Endocrinology
48409,Texas,Oncology,Cancer,3177,0,0,0.0,0.0,2055.6666666666665,2642.926682217817,0.0,NO PROVIDER,100.0,48409|Oncology
48409,Texas,Neurology,Neurological Disorders,1812,0,0,0.0,0.0,637.0,906.5174241117586,0.0,NO PROVIDER,100.0,48409|Neurology
48409,Texas,Psychiatry,Mental Health Disorders,10977,0,0,0.0,0.0,3104.5,4291.15957060345,0.0,NO PROVIDER,100.0,48409|Psychiatry
48409,Texas,Pulmonary,Respiratory Disease,8482,0,0,0.0,0.0,4251.578947368421,5741.879971570142,0.0,NO PROVIDER,100.0,48409|Pulmonary
48409,Texas,Rheumatology,Arthritis,12237,0,0,0.0,0.0,10453.0,13315.598760659872,0.0,NO PROVIDER,100.0,48409|Rheumatology
48411,Texas,Cardiology,Heart Disease,3744,0,0,0.0,0.0,10823.136363636364,15071.056217261126,0.0,NO PROVIDER,100.0,48411|Cardiology
48411,Texas,Endocrinology,Diabetes,2347,0,0,0.0,0.0,18070.0,22988.768286620067,0.0,NO PROVIDER,100.0,48411|Endocrinology
48411,Texas,Oncology,Cancer,358,0,0,0.0,0.0,2055.6666666666665,2642.926682217817,0.0,NO PROVIDER,100.0,48411|Oncology
48411,Texas,Neurology,Neurological Disorders,178,0,0,0.0,0.0,637.0,906.5174241117586,0.0,NO PROVIDER,100.0,48411|Neurology
48411,Texas,Psychiatry,Mental Health Disorders,1062,0,0,0.0,0.0,3104.5,4291.15957060345,0.0,NO PROVIDER,100.0,48411|Psychiatry
48411,Texas,Pulmonary,Respiratory Disease,830,0,0,0.0,0.0,4251.578947368421,5741.879971570142,0.0,NO PROVIDER,100.0,48411|Pulmonary
48411,Texas,Rheumatology,Arthritis,1188,0,0,0.0,0.0,10453.0,13315.598760659872,0.0,NO PROVIDER,100.0,48411|Rheumatology
48413,Texas,Cardiology,Heart Disease,1382,0,0,0.0,0.0,10823.136363636364,15071.056217261126,0.0,NO PROVIDER,100.0,48413|Cardiology
48413,Texas,Endocrinology,Diabetes,897,0,0,0.0,0.0,18070.0,22988.768286620067,0.0,NO PROVIDER,100.0,48413|Endocrinology
48413,Texas,Oncology,Cancer,124,0,0,0.0,0.0,2055.6666666666665,2642.926682217817,0.0,NO PROVIDER,100.0,48413|Oncology
48413,Texas,Neurology,Neurological Disorders,61,0,0,0.0,0.0,637.0,906.5174241117586,0.0,NO PROVIDER,100.0,48413|Neurology
48413,Texas,Psychiatry,Mental Health Disorders,376,0,0,0.0,0.0,3104.5,4291.15957060345,0.0,NO PROVIDER,100.0,48413|Psychiatry
48413,Texas,Pulmonary,Respiratory Disease,275,0,0,0.0,0.0,4251.578947368421,5741.879971570142,0.0,NO PROVIDER,100.0,48413|Pulmonary
48413,Texas,Rheumatology,Arthritis,421,0,0,0.0,0.0,10453.0,13315.598760659872,0.0,NO PROVIDER,100.0,48413|Rheumatology
48415,Texas,Cardiology,Heart Disease,9040,0,0,0.0,0.0,10823.136363636364,15071.056217261126,0.0,NO PROVIDER,100.0,48415|Cardiology
48415,Texas,Endocrinology,Diabetes,6153,0,0,0.0,0.0,18070.0,22988.768286620067,0.0,NO PROVIDER,100.0,48415|Endocrinology
48415,Texas,Oncology,Cancer,785,0,0,0.0,0.0,2055.6666666666665,2642.926682217817,0.0,NO PROVIDER,100.0,48415|Oncology
48415,Texas,Neurology,Neurological Disorders,407,0,0,0.0,0.0,637.0,906.5174241117586,0.0,NO PROVIDER,100.0,48415|Neurology
48415,Texas,Psychiatry,Mental Health Disorders,2672,0,0,0.0,0.0,3104.5,4291.15957060345,0.0,NO PROVIDER,100.0,48415|Psychiatry
48415,Texas,Pulmonary,Respiratory Disease,1947,1,385,1915.0,1947.0,4251.578947368421,5741.879971570142,0.4579475117603367,LOW GAP,2.49,48415|Pulmonary
48415,Texas,Rheumatology,Arthritis,2780,0,0,0.0,0.0,10453.0,13315.598760659872,0.0,NO PROVIDER,100.0,48415|Rheumatology
48417,Texas,Cardiology,Heart Disease,1866,0,0,0.0,0.0,10823.136363636364,15071.056217261126,0.0,NO PROVIDER,100.0,48417|Cardiology
48417,Texas,Endocrinology,Diabetes,1107,0,0,0.0,0.0,18070.0,22988.768286620067,0.0,NO PROVIDER,100.0,48417|Endocrinology
48417,Texas,Oncology,Cancer,207,0,0,0.0,0.0,2055.6666666666665,2642.926682217817,0.0,NO PROVIDER,100.0,48417|Oncology
48417,Texas,Neurology,Neurological Disorders,78,0,0,0.0,0.0,637.0,906.5174241117586,0.0,NO PROVIDER,100.0,48417|Neurology
48417,Texas,Psychiatry,Mental Health Disorders,592,0,0,0.0,0.0,3104.5,4291.15957060345,0.0,NO PROVIDER,100.0,48417|Psychiatry
48417,Texas,Pulmonary,Respiratory Disease,403,0,0,0.0,0.0,4251.578947368421,5741.879971570142,0.0,NO PROVIDER,100.0,48417|Pulmonary
48417,Texas,Rheumatology,Arthritis,617,0,0,0.0,0.0,10453.0,13315.598760659872,0.0,NO PROVIDER,100.0,48417|Rheumatology
48419,Texas,Cardiology,Heart Disease,14908,0,0,0.0,0.0,10823.136363636364,15071.056217261126,0.0,NO PROVIDER,100.0,48419|Cardiology
48419,Texas,Endocrinology,Diabetes,10006,0,0,0.0,0.0,18070.0,22988.768286620067,0.0,NO PROVIDER,100.0,48419|Endocrinology
48419,Texas,Oncology,Cancer,1263,0,0,0.0,0.0,2055.6666666666665,2642.926682217817,0.0,NO PROVIDER,100.0,48419|Oncology
48419,Texas,Neurology,Neurological Disorders,783,0,0,0.0,0.0,637.0,906.5174241117586,0.0,NO PROVIDER,100.0,48419|Neurology
48419,Texas,Psychiatry,Mental Health Disorders,4332,1,0,0.0,4332.0,3104.5,4291.15957060345,1.3953937832179095,HIGH GAP,7.6,48419|Psychiatry
48419,Texas,Pulmonary,Respiratory Disease,3611,0,0,0.0,0.0,4251.578947368421,5741.879971570142,0.0,NO PROVIDER,100.0,48419|Pulmonary
48419,Texas,Rheumatology,Arthritis,4821,0,0,0.0,0.0,10453.0,13315.598760659872,0.0,NO PROVIDER,100.0,48419|Rheumatology
48421,Texas,Cardiology,Heart Disease,1426,0,0,0.0,0.0,10823.136363636364,15071.056217261126,0.0,NO PROVIDER,100.0,48421|Cardiology
48421,Texas,Endocrinology,Diabetes,928,0,0,0.0,0.0,18070.0,22988.768286620067,0.0,NO PROVIDER,100.0,48421|Endocrinology
48421,Texas,Oncology,Cancer,131,0,0,0.0,0.0,2055.6666666666665,2642.926682217817,0.0,NO PROVIDER,100.0,48421|Oncology
48421,Texas,Neurology,Neurological Disorders,59,0,0,0.0,0.0,637.0,906.5174241117586,0.0,NO PROVIDER,100.0,48421|Neurology
48421,Texas,Psychiatry,Mental Health Disorders,415,0,0,0.0,0.0,3104.5,4291.15957060345,0.0,NO PROVIDER,100.0,48421|Psychiatry
48421,Texas,Pulmonary,Respiratory Disease,294,0,0,0.0,0.0,4251.578947368421,5741.879971570142,0.0,NO PROVIDER,100.0,48421|Pulmonary
48421,Texas,Rheumatology,Arthritis,430,0,0,0.0,0.0,10453.0,13315.598760659872,0.0,NO PROVIDER,100.0,48421|Rheumatology
48423,Texas,Cardiology,Heart Disease,140823,15,13731,41555.0,9388.2,10823.136363636364,15071.056217261126,0.8674195431504059,MODERATE GAP,4.72,48423|Cardiology
48423,Texas,Endocrinology,Diabetes,93416,5,1554,5495.0,18683.2,18070.0,22988.768286620067,1.03393469839513,HIGH GAP,5.63,48423|Endocrinology
48423,Texas,Oncology,Cancer,13132,11,5257,428623.0,1193.8181818181818,2055.6666666666665,2642.926682217817,0.5807450211536477,MODERATE GAP,3.16,48423|Oncology
48423,Texas,Neurology,Neurological Disorders,6426,23,6886,28646.0,279.39130434782606,637.0,906.5174241117586,0.438604873387482,LOW GAP,2.39,48423|Neurology
48423,Texas,Psychiatry,Mental Health Disorders,43961,23,905,4863.0,1911.3478260869565,3104.5,4291.15957060345,0.615670100205172,MODERATE GAP,3.35,48423|Psychiatry
48423,Texas,Pulmonary,Respiratory Disease,31853,10,3347,13980.0,3185.3,4251.578947368421,5741.879971570142,0.7492040108937856,MODERATE GAP,4.08,48423|Pulmonary
48423,Texas,Rheumatology,Arthritis,44613,6,1639,42287.0,7435.5,10453.0,13315.598760659872,0.7113268918013967,MODERATE GAP,3.87,48423|Rheumatology
48425,Texas,Cardiology,Heart Disease,5813,0,0,0.0,0.0,10823.136363636364,15071.056217261126,0.0,NO PROVIDER,100.0,48425|Cardiology
48425,Texas,Endocrinology,Diabetes,3502,0,0,0.0,0.0,18070.0,22988.768286620067,0.0,NO PROVIDER,100.0,48425|Endocrinology
48425,Texas,Oncology,Cancer,617,0,0,0.0,0.0,2055.6666666666665,2642.926682217817,0.0,NO PROVIDER,100.0,48425|Oncology
48425,Texas,Neurology,Neurological Disorders,244,0,0,0.0,0.0,637.0,906.5174241117586,0.0,NO PROVIDER,100.0,48425|Neurology
48425,Texas,Psychiatry,Mental Health Disorders,1838,1,36,365.0,1838.0,3104.5,4291.15957060345,0.5920438073763891,MODERATE GAP,3.22,48425|Psychiatry
48425,Texas,Pulmonary,Respiratory Disease,1264,0,0,0.0,0.0,4251.578947368421,5741.879971570142,0.0,NO PROVIDER,100.0,48425|Pulmonary
48425,Texas,Rheumatology,Arthritis,1908,0,0,0.0,0.0,10453.0,13315.598760659872,0.0,NO PROVIDER,100.0,48425|Rheumatology
48427,Texas,Cardiology,Heart Disease,36121,0,0,0.0,0.0,10823.136363636364,15071.056217261126,0.0,NO PROVIDER,100.0,48427|Cardiology
48427,Texas,Endocrinology,Diabetes,29294,0,0,0.0,0.0,18070.0,22988.768286620067,0.0,NO PROVIDER,100.0,48427|Endocrinology
48427,Texas,Oncology,Cancer,1852,0,0,0.0,0.0,2055.6666666666665,2642.926682217817,0.0,NO PROVIDER,100.0,48427|Oncology
48427,Texas,Neurology,Neurological Disorders,1919,0,0,0.0,0.0,637.0,906.5174241117586,0.0,NO PROVIDER,100.0,48427|Neurology
48427,Texas,Psychiatry,Mental Health Disorders,9415,0,0,0.0,0.0,3104.5,4291.15957060345,0.0,NO PROVIDER,100.0,48427|Psychiatry
48427,Texas,Pulmonary,Respiratory Disease,7385,0,0,0.0,0.0,4251.578947368421,5741.879971570142,0.0,NO PROVIDER,100.0,48427|Pulmonary
48427,Texas,Rheumatology,Arthritis,10129,0,0,0.0,0.0,10453.0,13315.598760659872,0.0,NO PROVIDER,100.0,48427|Rheumatology
48429,Texas,Cardiology,Heart Disease,5777,0,0,0.0,0.0,10823.136363636364,15071.056217261126,0.0,NO PROVIDER,100.0,48429|Cardiology
48429,Texas,Endocrinology,Diabetes,3667,0,0,0.0,0.0,18070.0,22988.768286620067,0.0,NO PROVIDER,100.0,48429|Endocrinology
48429,Texas,Oncology,Cancer,556,0,0,0.0,0.0,2055.6666666666665,2642.926682217817,0.0,NO PROVIDER,100.0,48429|Oncology
48429,Texas,Neurology,Neurological Disorders,271,0,0,0.0,0.0,637.0,906.5174241117586,0.0,NO PROVIDER,100.0,48429|Neurology
48429,Texas,Psychiatry,Mental Health Disorders,1721,0,0,0.0,0.0,3104.5,4291.15957060345,0.0,NO PROVIDER,100.0,48429|Psychiatry
48429,Texas,Pulmonary,Respiratory Disease,1305,0,0,0.0,0.0,4251.578947368421,5741.879971570142,0.0,NO PROVIDER,100.0,48429|Pulmonary
48429,Texas,Rheumatology,Arthritis,1858,0,0,0.0,0.0,10453.0,13315.598760659872,0.0,NO PROVIDER,100.0,48429|Rheumatology
48431,Texas,Cardiology,Heart Disease,668,0,0,0.0,0.0,10823.136363636364,15071.056217261126,0.0,NO PROVIDER,100.0,48431|Cardiology
48431,Texas,Endocrinology,Diabetes,423,0,0,0.0,0.0,18070.0,22988.768286620067,0.0,NO PROVIDER,100.0,48431|Endocrinology
48431,Texas,Oncology,Cancer,66,0,0,0.0,0.0,2055.6666666666665,2642.926682217817,0.0,NO PROVIDER,100.0,48431|Oncology
48431,Texas,Neurology,Neurological Disorders,25,0,0,0.0,0.0,637.0,906.5174241117586,0.0,NO PROVIDER,100.0,48431|Neurology
48431,Texas,Psychiatry,Mental Health Disorders,212,0,0,0.0,0.0,3104.5,4291.15957060345,0.0,NO PROVIDER,100.0,48431|Psychiatry
48431,Texas,Pulmonary,Respiratory Disease,137,0,0,0.0,0.0,4251.578947368421,5741.879971570142,0.0,NO PROVIDER,100.0,48431|Pulmonary
48431,Texas,Rheumatology,Arthritis,205,0,0,0.0,0.0,10453.0,13315.598760659872,0.0,NO PROVIDER,100.0,48431|Rheumatology
48433,Texas,Cardiology,Heart Disease,789,0,0,0.0,0.0,10823.136363636364,15071.056217261126,0.0,NO PROVIDER,100.0,48433|Cardiology
48433,Texas,Endocrinology,Diabetes,476,0,0,0.0,0.0,18070.0,22988.768286620067,0.0,NO PROVIDER,100.0,48433|Endocrinology
48433,Texas,Oncology,Cancer,81,0,0,0.0,0.0,2055.6666666666665,2642.926682217817,0.0,NO PROVIDER,100.0,48433|Oncology
48433,Texas,Neurology,Neurological Disorders,39,0,0,0.0,0.0,637.0,906.5174241117586,0.0,NO PROVIDER,100.0,48433|Neurology
48433,Texas,Psychiatry,Mental Health Disorders,222,0,0,0.0,0.0,3104.5,4291.15957060345,0.0,NO PROVIDER,100.0,48433|Psychiatry
48433,Texas,Pulmonary,Respiratory Disease,175,0,0,0.0,0.0,4251.578947368421,5741.879971570142,0.0,NO PROVIDER,100.0,48433|Pulmonary
48433,Texas,Rheumatology,Arthritis,263,0,0,0.0,0.0,10453.0,13315.598760659872,0.0,NO PROVIDER,100.0,48433|Rheumatology
48435,Texas,Cardiology,Heart Disease,1958,0,0,0.0,0.0,10823.136363636364,15071.056217261126,0.0,NO PROVIDER,100.0,48435|Cardiology
48435,Texas,Endocrinology,Diabetes,1329,0,0,0.0,0.0,18070.0,22988.768286620067,0.0,NO PROVIDER,100.0,48435|Endocrinology
48435,Texas,Oncology,Cancer,157,0,0,0.0,0.0,2055.6666666666665,2642.926682217817,0.0,NO PROVIDER,100.0,48435|Oncology
48435,Texas,Neurology,Neurological Disorders,92,0,0,0.0,0.0,637.0,906.5174241117586,0.0,NO PROVIDER,100.0,48435|Neurology
48435,Texas,Psychiatry,Mental Health Disorders,507,0,0,0.0,0.0,3104.5,4291.15957060345,0.0,NO PROVIDER,100.0,48435|Psychiatry
48435,Texas,Pulmonary,Respiratory Disease,392,0,0,0.0,0.0,4251.578947368421,5741.879971570142,0.0,NO PROVIDER,100.0,48435|Pulmonary
48435,Texas,Rheumatology,Arthritis,588,0,0,0.0,0.0,10453.0,13315.598760659872,0.0,NO PROVIDER,100.0,48435|Rheumatology
48437,Texas,Cardiology,Heart Disease,4328,0,0,0.0,0.0,10823.136363636364,15071.056217261126,0.0,NO PROVIDER,100.0,48437|Cardiology
48437,Texas,Endocrinology,Diabetes,3023,0,0,0.0,0.0,18070.0,22988.768286620067,0.0,NO PROVIDER,100.0,48437|Endocrinology
48437,Texas,Oncology,Cancer,334,0,0,0.0,0.0,2055.6666666666665,2642.926682217817,0.0,NO PROVIDER,100.0,48437|Oncology
48437,Texas,Neurology,Neurological Disorders,223,0,0,0.0,0.0,637.0,906.5174241117586,0.0,NO PROVIDER,100.0,48437|Neurology
48437,Texas,Psychiatry,Mental Health Disorders,1172,0,0,0.0,0.0,3104.5,4291.15957060345,0.0,NO PROVIDER,100.0,48437|Psychiatry
48437,Texas,Pulmonary,Respiratory Disease,974,0,0,0.0,0.0,4251.578947368421,5741.879971570142,0.0,NO PROVIDER,100.0,48437|Pulmonary
48437,Texas,Rheumatology,Arthritis,1308,0,0,0.0,0.0,10453.0,13315.598760659872,0.0,NO PROVIDER,100.0,48437|Rheumatology
48439,Texas,Cardiology,Heart Disease,1115311,99,73301,298503.0,11265.767676767677,10823.136363636364,15071.056217261126,1.0408967695000562,HIGH GAP,5.67,48439|Cardiology
48439,Texas,Endocrinology,Diabetes,731003,34,9500,74245.0,21500.08823529412,18070.0,22988.768286620067,1.1898222598391874,HIGH GAP,6.48,48439|Endocrinology
48439,Texas,Oncology,Cancer,98121,38,10134,1894303.0,2582.1315789473683,2055.6666666666665,2642.926682217817,1.2561042219623977,HIGH GAP,6.84,48439|Oncology
48439,Texas,Neurology,Neurological Disorders,49061,75,22754,395207.5,654.1466666666666,637.0,906.5174241117586,1.0269178440607012,HIGH GAP,5.59,48439|Neurology
48439,Texas,Psychiatry,Mental Health Disorders,370407,83,3578,18988.0,4462.734939759036,3104.5,4291.15957060345,1.437505214932851,HIGH GAP,7.83,48439|Psychiatry
48439,Texas,Pulmonary,Respiratory Disease,251844,51,16366,53329.0,4938.117647058823,4251.578947368421,5741.879971570142,1.1614785255523354,HIGH GAP,6.32,48439|Pulmonary
48439,Texas,Rheumatology,Arthritis,348330,36,8583,1200962.5,9675.833333333334,10453.0,13315.598760659872,0.9256513281673524,MODERATE GAP,5.04,48439|Rheumatology
48441,Texas,Cardiology,Heart Disease,80161,3,2926,9995.0,26720.33333333333,10823.136363636364,15071.056217261126,2.468816102429279,CRITICAL GAP,13.44,48441|Cardiology
48441,Texas,Endocrinology,Diabetes,51314,2,1079,21229.0,25657.0,18070.0,22988.768286620067,1.4198671831765357,HIGH GAP,7.73,48441|Endocrinology
48441,Texas,Oncology,Cancer,7489,1,709,204888.0,7489.0,2055.6666666666665,2642.926682217817,3.6431003729528135,CRITICAL GAP,19.84,48441|Oncology
48441,Texas,Neurology,Neurological Disorders,3384,5,532,10653.0,676.8,637.0,906.5174241117586,1.062480376766091,HIGH GAP,5.78,48441|Neurology
48441,Texas,Psychiatry,Mental Health Disorders,25962,7,298,1885.0,3708.857142857143,3104.5,4291.15957060345,1.1946713296367024,HIGH GAP,6.5,48441|Psychiatry
48441,Texas,Pulmonary,Respiratory Disease,17974,2,665,1276.0,8987.0,4251.578947368421,5741.879971570142,2.1138029215152265,CRITICAL GAP,11.51,48441|Pulmonary
48441,Texas,Rheumatology,Arthritis,25019,1,369,1355.0,25019.0,10453.0,13315.598760659872,2.39347555725629,CRITICAL GAP,13.03,48441|Rheumatology
48443,Texas,Cardiology,Heart Disease,429,0,0,0.0,0.0,10823.136363636364,15071.056217261126,0.0,NO PROVIDER,100.0,48443|Cardiology
48443,Texas,Endocrinology,Diabetes,260,0,0,0.0,0.0,18070.0,22988.768286620067,0.0,NO PROVIDER,100.0,48443|Endocrinology
48443,Texas,Oncology,Cancer,43,0,0,0.0,0.0,2055.6666666666665,2642.926682217817,0.0,NO PROVIDER,100.0,48443|Oncology
48443,Texas,Neurology,Neurological Disorders,17,0,0,0.0,0.0,637.0,906.5174241117586,0.0,NO PROVIDER,100.0,48443|Neurology
48443,Texas,Psychiatry,Mental Health Disorders,106,0,0,0.0,0.0,3104.5,4291.15957060345,0.0,NO PROVIDER,100.0,48443|Psychiatry
48443,Texas,Pulmonary,Respiratory Disease,74,0,0,0.0,0.0,4251.578947368421,5741.879971570142,0.0,NO PROVIDER,100.0,48443|Pulmonary
48443,Texas,Rheumatology,Arthritis,129,0,0,0.0,0.0,10453.0,13315.598760659872,0.0,NO PROVIDER,100.0,48443|Rheumatology
48445,Texas,Cardiology,Heart Disease,6563,0,0,0.0,0.0,10823.136363636364,15071.056217261126,0.0,NO PROVIDER,100.0,48445|Cardiology
48445,Texas,Endocrinology,Diabetes,4672,0,0,0.0,0.0,18070.0,22988.768286620067,0.0,NO PROVIDER,100.0,48445|Endocrinology
48445,Texas,Oncology,Cancer,494,0,0,0.0,0.0,2055.6666666666665,2642.926682217817,0.0,NO PROVIDER,100.0,48445|Oncology
48445,Texas,Neurology,Neurological Disorders,330,0,0,0.0,0.0,637.0,906.5174241117586,0.0,NO PROVIDER,100.0,48445|Neurology
48445,Texas,Psychiatry,Mental Health Disorders,1817,0,0,0.0,0.0,3104.5,4291.15957060345,0.0,NO PROVIDER,100.0,48445|Psychiatry
48445,Texas,Pulmonary,Respiratory Disease,1446,0,0,0.0,0.0,4251.578947368421,5741.879971570142,0.0,NO PROVIDER,100.0,48445|Pulmonary
48445,Texas,Rheumatology,Arthritis,1982,0,0,0.0,0.0,10453.0,13315.598760659872,0.0,NO PROVIDER,100.0,48445|Rheumatology
48447,Texas,Cardiology,Heart Disease,965,0,0,0.0,0.0,10823.136363636364,15071.056217261126,0.0,NO PROVIDER,100.0,48447|Cardiology
48447,Texas,Endocrinology,Diabetes,569,0,0,0.0,0.0,18070.0,22988.768286620067,0.0,NO PROVIDER,100.0,48447|Endocrinology
48447,Texas,Oncology,Cancer,104,0,0,0.0,0.0,2055.6666666666665,2642.926682217817,0.0,NO PROVIDER,100.0,48447|Oncology
48447,Texas,Neurology,Neurological Disorders,47,0,0,0.0,0.0,637.0,906.5174241117586,0.0,NO PROVIDER,100.0,48447|Neurology
48447,Texas,Psychiatry,Mental Health Disorders,281,0,0,0.0,0.0,3104.5,4291.15957060345,0.0,NO PROVIDER,100.0,48447|Psychiatry
48447,Texas,Pulmonary,Respiratory Disease,215,0,0,0.0,0.0,4251.578947368421,5741.879971570142,0.0,NO PROVIDER,100.0,48447|Pulmonary
48447,Texas,Rheumatology,Arthritis,326,0,0,0.0,0.0,10453.0,13315.598760659872,0.0,NO PROVIDER,100.0,48447|Rheumatology
48449,Texas,Cardiology,Heart Disease,17762,1,992,2724.0,17762.0,10823.136363636364,15071.056217261126,1.6411139436140592,HIGH GAP,8.94,48449|Cardiology
48449,Texas,Endocrinology,Diabetes,12074,0,0,0.0,0.0,18070.0,22988.768286620067,0.0,NO PROVIDER,100.0,48449|Endocrinology
48449,Texas,Oncology,Cancer,1444,0,0,0.0,0.0,2055.6666666666665,2642.926682217817,0.0,NO PROVIDER,100.0,48449|Oncology
48449,Texas,Neurology,Neurological Disorders,891,2,722,1703.0,445.5,637.0,906.5174241117586,0.6993720565149136,MODERATE GAP,3.81,48449|Neurology
48449,Texas,Psychiatry,Mental Health Disorders,5123,3,221,3562.0,1707.6666666666667,3104.5,4291.15957060345,0.5500617383368229,MODERATE GAP,2.99,48449|Psychiatry
48449,Texas,Pulmonary,Respiratory Disease,4108,3,973,2792.0,1369.3333333333333,4251.578947368421,5741.879971570142,0.3220764215564908,LOW GAP,1.75,48449|Pulmonary
48449,Texas,Rheumatology,Arthritis,5507,0,0,0.0,0.0,10453.0,13315.598760659872,0.0,NO PROVIDER,100.0,48449|Rheumatology
48451,Texas,Cardiology,Heart Disease,67158,6,10092,35927.0,11193.0,10823.136363636364,15071.056217261126,1.034173424776048,HIGH GAP,5.63,48451|Cardiology
48451,Texas,Endocrinology,Diabetes,45059,4,1192,5313.0,11264.75,18070.0,22988.768286620067,0.6233951300498063,MODERATE GAP,3.39,48451|Endocrinology
48451,Texas,Oncology,Cancer,6093,9,2905,13206.0,677.0,2055.6666666666665,2642.926682217817,0.3293335495378628,LOW GAP,1.79,48451|Oncology
48451,Texas,Neurology,Neurological Disorders,2910,13,3788,64933.0,223.84615384615384,637.0,906.5174241117586,0.3514068349233184,LOW GAP,1.91,48451|Neurology
48451,Texas,Psychiatry,Mental Health Disorders,21098,11,355,1675.0,1918.0,3104.5,4291.15957060345,0.6178128523111612,MODERATE GAP,3.36,48451|Psychiatry
48451,Texas,Pulmonary,Respiratory Disease,14323,3,512,1683.0,4774.333333333333,4251.578947368421,5741.879971570142,1.1229553519848148,HIGH GAP,6.11,48451|Pulmonary
48451,Texas,Rheumatology,Arthritis,21325,3,511,35633.0,7108.333333333333,10453.0,13315.598760659872,0.6800280621193278,MODERATE GAP,3.7,48451|Rheumatology
48453,Texas,Cardiology,Heart Disease,687055,71,50885,195004.0,9676.830985915492,10823.136363636364,15071.056217261126,0.8940875048408117,MODERATE GAP,4.87,48453|Cardiology
48453,Texas,Endocrinology,Diabetes,423380,31,8050,109146.0,13657.41935483871,18070.0,22988.768286620067,0.7558062730956674,MODERATE GAP,4.12,48453|Endocrinology
48453,Texas,Oncology,Cancer,63775,22,6594,1059790.0,2898.8636363636365,2055.6666666666665,2642.926682217817,1.4101817592169468,HIGH GAP,7.68,48453|Oncology
48453,Texas,Neurology,Neurological Disorders,25188,90,17163,238401.0,279.8666666666667,637.0,906.5174241117586,0.4393511250654108,LOW GAP,2.39,48453|Neurology
48453,Texas,Psychiatry,Mental Health Disorders,234199,124,4154,17856.0,1888.7016129032256,3104.5,4291.15957060345,0.6083754591409972,MODERATE GAP,3.31,48453|Psychiatry
48453,Texas,Pulmonary,Respiratory Disease,142020,29,7260,33997.0,4897.241379310345,4251.578947368421,5741.879971570142,1.151864152103201,HIGH GAP,6.27,48453|Pulmonary
48453,Texas,Rheumatology,Arthritis,195612,19,4705,1146001.0,10295.368421052632,10453.0,13315.598760659872,0.984919967574154,MODERATE GAP,5.36,48453|Rheumatology
48455,Texas,Cardiology,Heart Disease,9594,0,0,0.0,0.0,10823.136363636364,15071.056217261126,0.0,NO PROVIDER,100.0,48455|Cardiology
48455,Texas,Endocrinology,Diabetes,5912,0,0,0.0,0.0,18070.0,22988.768286620067,0.0,NO PROVIDER,100.0,48455|Endocrinology
48455,Texas,Oncology,Cancer,969,0,0,0.0,0.0,2055.6666666666665,2642.926682217817,0.0,NO PROVIDER,100.0,48455|Oncology
48455,Texas,Neurology,Neurological Disorders,485,0,0,0.0,0.0,637.0,906.5174241117586,0.0,NO PROVIDER,100.0,48455|Neurology
48455,Texas,Psychiatry,Mental Health Disorders,2827,0,0,0.0,0.0,3104.5,4291.15957060345,0.0,NO PROVIDER,100.0,48455|Psychiatry
48455,Texas,Pulmonary,Respiratory Disease,2268,0,0,0.0,0.0,4251.578947368421,5741.879971570142,0.0,NO PROVIDER,100.0,48455|Pulmonary
48455,Texas,Rheumatology,Arthritis,3283,0,0,0.0,0.0,10453.0,13315.598760659872,0.0,NO PROVIDER,100.0,48455|Rheumatology
48457,Texas,Cardiology,Heart Disease,13889,0,0,0.0,0.0,10823.136363636364,15071.056217261126,0.0,NO PROVIDER,100.0,48457|Cardiology
48457,Texas,Endocrinology,Diabetes,8739,0,0,0.0,0.0,18070.0,22988.768286620067,0.0,NO PROVIDER,100.0,48457|Endocrinology
48457,Texas,Oncology,Cancer,1277,0,0,0.0,0.0,2055.6666666666665,2642.926682217817,0.0,NO PROVIDER,100.0,48457|Oncology
48457,Texas,Neurology,Neurological Disorders,717,0,0,0.0,0.0,637.0,906.5174241117586,0.0,NO PROVIDER,100.0,48457|Neurology
48457,Texas,Psychiatry,Mental Health Disorders,4086,0,0,0.0,0.0,3104.5,4291.15957060345,0.0,NO PROVIDER,100.0,48457|Psychiatry
48457,Texas,Pulmonary,Respiratory Disease,3377,0,0,0.0,0.0,4251.578947368421,5741.879971570142,0.0,NO PROVIDER,100.0,48457|Pulmonary
48457,Texas,Rheumatology,Arthritis,4498,0,0,0.0,0.0,10453.0,13315.598760659872,0.0,NO PROVIDER,100.0,48457|Rheumatology
48459,Texas,Cardiology,Heart Disease,26003,0,0,0.0,0.0,10823.136363636364,15071.056217261126,0.0,NO PROVIDER,100.0,48459|Cardiology
48459,Texas,Endocrinology,Diabetes,16532,0,0,0.0,0.0,18070.0,22988.768286620067,0.0,NO PROVIDER,100.0,48459|Endocrinology
48459,Texas,Oncology,Cancer,2557,0,0,0.0,0.0,2055.6666666666665,2642.926682217817,0.0,NO PROVIDER,100.0,48459|Oncology
48459,Texas,Neurology,Neurological Disorders,1254,0,0,0.0,0.0,637.0,906.5174241117586,0.0,NO PROVIDER,100.0,48459|Neurology
48459,Texas,Psychiatry,Mental Health Disorders,8398,0,0,0.0,0.0,3104.5,4291.15957060345,0.0,NO PROVIDER,100.0,48459|Psychiatry
48459,Texas,Pulmonary,Respiratory Disease,6286,0,0,0.0,0.0,4251.578947368421,5741.879971570142,0.0,NO PROVIDER,100.0,48459|Pulmonary
48459,Texas,Rheumatology,Arthritis,8777,0,0,0.0,0.0,10453.0,13315.598760659872,0.0,NO PROVIDER,100.0,48459|Rheumatology
48461,Texas,Cardiology,Heart Disease,1810,0,0,0.0,0.0,10823.136363636364,15071.056217261126,0.0,NO PROVIDER,100.0,48461|Cardiology
48461,Texas,Endocrinology,Diabetes,1301,0,0,0.0,0.0,18070.0,22988.768286620067,0.0,NO PROVIDER,100.0,48461|Endocrinology
48461,Texas,Oncology,Cancer,139,0,0,0.0,0.0,2055.6666666666665,2642.926682217817,0.0,NO PROVIDER,100.0,48461|Oncology
48461,Texas,Neurology,Neurological Disorders,91,0,0,0.0,0.0,637.0,906.5174241117586,0.0,NO PROVIDER,100.0,48461|Neurology
48461,Texas,Psychiatry,Mental Health Disorders,510,0,0,0.0,0.0,3104.5,4291.15957060345,0.0,NO PROVIDER,100.0,48461|Psychiatry
48461,Texas,Pulmonary,Respiratory Disease,399,0,0,0.0,0.0,4251.578947368421,5741.879971570142,0.0,NO PROVIDER,100.0,48461|Pulmonary
48461,Texas,Rheumatology,Arthritis,551,0,0,0.0,0.0,10453.0,13315.598760659872,0.0,NO PROVIDER,100.0,48461|Rheumatology
48463,Texas,Cardiology,Heart Disease,13918,2,1122,4731.0,6959.0,10823.136363636364,15071.056217261126,0.6429744360775947,MODERATE GAP,3.5,48463|Cardiology
48463,Texas,Endocrinology,Diabetes,10214,0,0,0.0,0.0,18070.0,22988.768286620067,0.0,NO PROVIDER,100.0,48463|Endocrinology
48463,Texas,Oncology,Cancer,1064,1,0,0.0,1064.0,2055.6666666666665,2642.926682217817,0.5175936435868331,MODERATE GAP,2.82,48463|Oncology
48463,Texas,Neurology,Neurological Disorders,642,0,0,0.0,0.0,637.0,906.5174241117586,0.0,NO PROVIDER,100.0,48463|Neurology
48463,Texas,Psychiatry,Mental Health Disorders,3814,3,70,166.0,1271.3333333333333,3104.5,4291.15957060345,0.4095130724217533,LOW GAP,2.23,48463|Psychiatry
48463,Texas,Pulmonary,Respiratory Disease,2833,1,407,1083.0,2833.0,4251.578947368421,5741.879971570142,0.6663406783857391,MODERATE GAP,3.63,48463|Pulmonary
48463,Texas,Rheumatology,Arthritis,4080,0,0,0.0,0.0,10453.0,13315.598760659872,0.0,NO PROVIDER,100.0,48463|Rheumatology
48465,Texas,Cardiology,Heart Disease,25337,1,427,909.0,25337.0,10823.136363636364,15071.056217261126,2.341003489998278,CRITICAL GAP,12.75,48465|Cardiology
48465,Texas,Endocrinology,Diabetes,18523,0,0,0.0,0.0,18070.0,22988.768286620067,0.0,NO PROVIDER,100.0,48465|Endocrinology
48465,Texas,Oncology,Cancer,1648,0,0,0.0,0.0,2055.6666666666665,2642.926682217817,0.0,NO PROVIDER,100.0,48465|Oncology
48465,Texas,Neurology,Neurological Disorders,1167,0,0,0.0,0.0,637.0,906.5174241117586,0.0,NO PROVIDER,100.0,48465|Neurology
48465,Texas,Psychiatry,Mental Health Disorders,6678,1,157,403.0,6678.0,3104.5,4291.15957060345,2.1510710259301016,CRITICAL GAP,11.71,48465|Psychiatry
48465,Texas,Pulmonary,Respiratory Disease,4926,0,0,0.0,0.0,4251.578947368421,5741.879971570142,0.0,NO PROVIDER,100.0,48465|Pulmonary
48465,Texas,Rheumatology,Arthritis,7038,0,0,0.0,0.0,10453.0,13315.598760659872,0.0,NO PROVIDER,100.0,48465|Rheumatology
48467,Texas,Cardiology,Heart Disease,38947,0,0,0.0,0.0,10823.136363636364,15071.056217261126,0.0,NO PROVIDER,100.0,48467|Cardiology
48467,Texas,Endocrinology,Diabetes,23678,0,0,0.0,0.0,18070.0,22988.768286620067,0.0,NO PROVIDER,100.0,48467|Endocrinology
48467,Texas,Oncology,Cancer,3996,0,0,0.0,0.0,2055.6666666666665,2642.926682217817,0.0,NO PROVIDER,100.0,48467|Oncology
48467,Texas,Neurology,Neurological Disorders,1751,0,0,0.0,0.0,637.0,906.5174241117586,0.0,NO PROVIDER,100.0,48467|Neurology
48467,Texas,Psychiatry,Mental Health Disorders,12530,0,0,0.0,0.0,3104.5,4291.15957060345,0.0,NO PROVIDER,100.0,48467|Psychiatry
48467,Texas,Pulmonary,Respiratory Disease,8953,0,0,0.0,0.0,4251.578947368421,5741.879971570142,0.0,NO PROVIDER,100.0,48467|Pulmonary
48467,Texas,Rheumatology,Arthritis,12925,0,0,0.0,0.0,10453.0,13315.598760659872,0.0,NO PROVIDER,100.0,48467|Rheumatology
48469,Texas,Cardiology,Heart Disease,51096,7,4824,36846.0,7299.428571428572,10823.136363636364,15071.056217261126,0.6744282180489968,MODERATE GAP,3.67,48469|Cardiology
48469,Texas,Endocrinology,Diabetes,35117,0,0,0.0,0.0,18070.0,22988.768286620067,0.0,NO PROVIDER,100.0,48469|Endocrinology
48469,Texas,Oncology,Cancer,4433,2,768,3481.0,2216.5,2055.6666666666665,2642.926682217817,1.0782390141073457,HIGH GAP,5.87,48469|Oncology
48469,Texas,Neurology,Neurological Disorders,2371,1,185,410.0,2371.0,637.0,906.5174241117586,3.722135007849293,CRITICAL GAP,20.27,48469|Neurology
48469,Texas,Psychiatry,Mental Health Disorders,15016,1,42,100.0,15016.0,3104.5,4291.15957060345,4.836849734256724,CRITICAL GAP,26.34,48469|Psychiatry
48469,Texas,Pulmonary,Respiratory Disease,11099,2,1041,3461.0,5549.5,4251.578947368421,5741.879971570142,1.305279772220847,HIGH GAP,7.11,48469|Pulmonary
48469,Texas,Rheumatology,Arthritis,15772,1,412,97196.0,15772.0,10453.0,13315.598760659872,1.5088491342198411,HIGH GAP,8.22,48469|Rheumatology
48471,Texas,Cardiology,Heart Disease,53350,3,351,854.0,17783.333333333332,10823.136363636364,15071.056217261126,1.643085029685284,HIGH GAP,8.95,48471|Cardiology
48471,Texas,Endocrinology,Diabetes,37067,0,0,0.0,0.0,18070.0,22988.768286620067,0.0,NO PROVIDER,100.0,48471|Endocrinology
48471,Texas,Oncology,Cancer,4226,0,0,0.0,0.0,2055.6666666666665,2642.926682217817,0.0,NO PROVIDER,100.0,48471|Oncology
48471,Texas,Neurology,Neurological Disorders,2564,1,108,731.0,2564.0,637.0,906.5174241117586,4.025117739403454,CRITICAL GAP,21.92,48471|Neurology
48471,Texas,Psychiatry,Mental Health Disorders,15624,1,15,116.0,15624.0,3104.5,4291.15957060345,5.032694475760992,CRITICAL GAP,27.4,48471|Psychiatry
48471,Texas,Pulmonary,Respiratory Disease,12090,1,722,4175.0,12090.0,4251.578947368421,5741.879971570142,2.843649418172815,CRITICAL GAP,15.48,48471|Pulmonary
48471,Texas,Rheumatology,Arthritis,15762,1,330,95023.0,15762.0,10453.0,13315.598760659872,1.5078924710609394,HIGH GAP,8.21,48471|Rheumatology
48473,Texas,Cardiology,Heart Disease,33919,0,0,0.0,0.0,10823.136363636364,15071.056217261126,0.0,NO PROVIDER,100.0,48473|Cardiology
48473,Texas,Endocrinology,Diabetes,23882,0,0,0.0,0.0,18070.0,22988.768286620067,0.0,NO PROVIDER,100.0,48473|Endocrinology
48473,Texas,Oncology,Cancer,2740,0,0,0.0,0.0,2055.6666666666665,2642.926682217817,0.0,NO PROVIDER,100.0,48473|Oncology
48473,Texas,Neurology,Neurological Disorders,1479,0,0,0.0,0.0,637.0,906.5174241117586,0.0,NO PROVIDER,100.0,48473|Neurology
48473,Texas,Psychiatry,Mental Health Disorders,10426,1,0,0.0,10426.0,3104.5,4291.15957060345,3.3583507811241744,CRITICAL GAP,18.29,48473|Psychiatry
48473,Texas,Pulmonary,Respiratory Disease,7637,0,0,0.0,0.0,4251.578947368421,5741.879971570142,0.0,NO PROVIDER,100.0,48473|Pulmonary
48473,Texas,Rheumatology,Arthritis,10038,0,0,0.0,0.0,10453.0,13315.598760659872,0.0,NO PROVIDER,100.0,48473|Rheumatology
48475,Texas,Cardiology,Heart Disease,5852,0,0,0.0,0.0,10823.136363636364,15071.056217261126,0.0,NO PROVIDER,100.0,48475|Cardiology
48475,Texas,Endocrinology,Diabetes,4042,0,0,0.0,0.0,18070.0,22988.768286620067,0.0,NO PROVIDER,100.0,48475|Endocrinology
48475,Texas,Oncology,Cancer,450,0,0,0.0,0.0,2055.6666666666665,2642.926682217817,0.0,NO PROVIDER,100.0,48475|Oncology
48475,Texas,Neurology,Neurological Disorders,266,0,0,0.0,0.0,637.0,906.5174241117586,0.0,NO PROVIDER,100.0,48475|Neurology
48475,Texas,Psychiatry,Mental Health Disorders,1675,0,0,0.0,0.0,3104.5,4291.15957060345,0.0,NO PROVIDER,100.0,48475|Psychiatry
48475,Texas,Pulmonary,Respiratory Disease,1221,0,0,0.0,0.0,4251.578947368421,5741.879971570142,0.0,NO PROVIDER,100.0,48475|Pulmonary
48475,Texas,Rheumatology,Arthritis,1745,1,20,44.0,1745.0,10453.0,13315.598760659872,0.1669377212283554,LOW GAP,0.91,48475|Rheumatology
48477,Texas,Cardiology,Heart Disease,22508,0,0,0.0,0.0,10823.136363636364,15071.056217261126,0.0,NO PROVIDER,100.0,48477|Cardiology
48477,Texas,Endocrinology,Diabetes,14110,0,0,0.0,0.0,18070.0,22988.768286620067,0.0,NO PROVIDER,100.0,48477|Endocrinology
48477,Texas,Oncology,Cancer,2279,0,0,0.0,0.0,2055.6666666666665,2642.926682217817,0.0,NO PROVIDER,100.0,48477|Oncology
48477,Texas,Neurology,Neurological Disorders,993,0,0,0.0,0.0,637.0,906.5174241117586,0.0,NO PROVIDER,100.0,48477|Neurology
48477,Texas,Psychiatry,Mental Health Disorders,6529,1,0,0.0,6529.0,3104.5,4291.15957060345,2.103076179739088,CRITICAL GAP,11.45,48477|Psychiatry
48477,Texas,Pulmonary,Respiratory Disease,4821,0,0,0.0,0.0,4251.578947368421,5741.879971570142,0.0,NO PROVIDER,100.0,48477|Pulmonary
48477,Texas,Rheumatology,Arthritis,7274,0,0,0.0,0.0,10453.0,13315.598760659872,0.0,NO PROVIDER,100.0,48477|Rheumatology
48479,Texas,Cardiology,Heart Disease,133284,2,1653,8255.0,66642.0,10823.136363636364,15071.056217261126,6.157364904308531,CRITICAL GAP,33.53,48479|Cardiology
48479,Texas,Endocrinology,Diabetes,109567,1,228,1006.0,109567.0,18070.0,22988.768286620067,6.063475373547316,CRITICAL GAP,33.01,48479|Endocrinology
48479,Texas,Oncology,Cancer,7906,2,735,64880.0,3953.0,2055.6666666666665,2642.926682217817,1.922977136371007,HIGH GAP,10.47,48479|Oncology
48479,Texas,Neurology,Neurological Disorders,6139,3,923,4689.0,2046.3333333333333,637.0,906.5174241117586,3.212454212454212,CRITICAL GAP,17.49,48479|Neurology
48479,Texas,Psychiatry,Mental Health Disorders,35251,3,89,169.0,11750.333333333334,3104.5,4291.15957060345,3.784935845815215,CRITICAL GAP,20.61,48479|Psychiatry
48479,Texas,Pulmonary,Respiratory Disease,25578,6,1509,12560.0,4263.0,4251.578947368421,5741.879971570142,1.002686308492201,HIGH GAP,5.46,48479|Pulmonary
48479,Texas,Rheumatology,Arthritis,35809,1,267,88136.0,35809.0,10453.0,13315.598760659872,3.425715105711279,CRITICAL GAP,18.65,48479|Rheumatology
48481,Texas,Cardiology,Heart Disease,24236,0,0,0.0,0.0,10823.136363636364,15071.056217261126,0.0,NO PROVIDER,100.0,48481|Cardiology
48481,Texas,Endocrinology,Diabetes,16896,0,0,0.0,0.0,18070.0,22988.768286620067,0.0,NO PROVIDER,100.0,48481|Endocrinology
48481,Texas,Oncology,Cancer,2057,0,0,0.0,0.0,2055.6666666666665,2642.926682217817,0.0,NO PROVIDER,100.0,48481|Oncology
48481,Texas,Neurology,Neurological Disorders,1153,0,0,0.0,0.0,637.0,906.5174241117586,0.0,NO PROVIDER,100.0,48481|Neurology
48481,Texas,Psychiatry,Mental Health Disorders,6811,1,68,375.0,6811.0,3104.5,4291.15957060345,2.19391206313416,CRITICAL GAP,11.95,48481|Psychiatry
48481,Texas,Pulmonary,Respiratory Disease,5237,3,1763,9735.0,1745.6666666666667,4251.578947368421,5741.879971570142,0.4105925559131799,LOW GAP,2.24,48481|Pulmonary
48481,Texas,Rheumatology,Arthritis,7513,0,0,0.0,0.0,10453.0,13315.598760659872,0.0,NO PROVIDER,100.0,48481|Rheumatology
48483,Texas,Cardiology,Heart Disease,2882,0,0,0.0,0.0,10823.136363636364,15071.056217261126,0.0,NO PROVIDER,100.0,48483|Cardiology
48483,Texas,Endocrinology,Diabetes,1821,0,0,0.0,0.0,18070.0,22988.768286620067,0.0,NO PROVIDER,100.0,48483|Endocrinology
48483,Texas,Oncology,Cancer,283,0,0,0.0,0.0,2055.6666666666665,2642.926682217817,0.0,NO PROVIDER,100.0,48483|Oncology
48483,Texas,Neurology,Neurological Disorders,137,0,0,0.0,0.0,637.0,906.5174241117586,0.0,NO PROVIDER,100.0,48483|Neurology
48483,Texas,Psychiatry,Mental Health Disorders,867,0,0,0.0,0.0,3104.5,4291.15957060345,0.0,NO PROVIDER,100.0,48483|Psychiatry
48483,Texas,Pulmonary,Respiratory Disease,669,0,0,0.0,0.0,4251.578947368421,5741.879971570142,0.0,NO PROVIDER,100.0,48483|Pulmonary
48483,Texas,Rheumatology,Arthritis,948,0,0,0.0,0.0,10453.0,13315.598760659872,0.0,NO PROVIDER,100.0,48483|Rheumatology
48485,Texas,Cardiology,Heart Disease,73832,10,14720,55794.0,7383.2,10823.136363636364,15071.056217261126,0.6821682506751109,MODERATE GAP,3.71,48485|Cardiology
48485,Texas,Endocrinology,Diabetes,47750,0,0,0.0,0.0,18070.0,22988.768286620067,0.0,NO PROVIDER,100.0,48485|Endocrinology
48485,Texas,Oncology,Cancer,6771,1,1598,368193.0,6771.0,2055.6666666666665,2642.926682217817,3.2938219555699693,CRITICAL GAP,17.93,48485|Oncology
48485,Texas,Neurology,Neurological Disorders,3310,5,3260,156911.0,662.0,637.0,906.5174241117586,1.0392464678178963,HIGH GAP,5.66,48485|Neurology
48485,Texas,Psychiatry,Mental Health Disorders,24076,11,1557,9616.0,2188.7272727272725,3104.5,4291.15957060345,0.7050176430108785,MODERATE GAP,3.84,48485|Psychiatry
48485,Texas,Pulmonary,Respiratory Disease,17254,0,0,0.0,0.0,4251.578947368421,5741.879971570142,0.0,NO PROVIDER,100.0,48485|Pulmonary
48485,Texas,Rheumatology,Arthritis,23373,3,1550,725578.0,7791.0,10453.0,13315.598760659872,0.7453362671003539,MODERATE GAP,4.06,48485|Rheumatology
48487,Texas,Cardiology,Heart Disease,8089,0,0,0.0,0.0,10823.136363636364,15071.056217261126,0.0,NO PROVIDER,100.0,48487|Cardiology
48487,Texas,Endocrinology,Diabetes,5452,0,0,0.0,0.0,18070.0,22988.768286620067,0.0,NO PROVIDER,100.0,48487|Endocrinology
48487,Texas,Oncology,Cancer,688,0,0,0.0,0.0,2055.6666666666665,2642.926682217817,0.0,NO PROVIDER,100.0,48487|Oncology
48487,Texas,Neurology,Neurological Disorders,425,0,0,0.0,0.0,637.0,906.5174241117586,0.0,NO PROVIDER,100.0,48487|Neurology
48487,Texas,Psychiatry,Mental Health Disorders,2380,0,0,0.0,0.0,3104.5,4291.15957060345,0.0,NO PROVIDER,100.0,48487|Psychiatry
48487,Texas,Pulmonary,Respiratory Disease,1944,0,0,0.0,0.0,4251.578947368421,5741.879971570142,0.0,NO PROVIDER,100.0,48487|Pulmonary
48487,Texas,Rheumatology,Arthritis,2632,0,0,0.0,0.0,10453.0,13315.598760659872,0.0,NO PROVIDER,100.0,48487|Rheumatology
48489,Texas,Cardiology,Heart Disease,12227,0,0,0.0,0.0,10823.136363636364,15071.056217261126,0.0,NO PROVIDER,100.0,48489|Cardiology
48489,Texas,Endocrinology,Diabetes,9637,0,0,0.0,0.0,18070.0,22988.768286620067,0.0,NO PROVIDER,100.0,48489|Endocrinology
48489,Texas,Oncology,Cancer,699,0,0,0.0,0.0,2055.6666666666665,2642.926682217817,0.0,NO PROVIDER,100.0,48489|Oncology
48489,Texas,Neurology,Neurological Disorders,646,0,0,0.0,0.0,637.0,906.5174241117586,0.0,NO PROVIDER,100.0,48489|Neurology
48489,Texas,Psychiatry,Mental Health Disorders,2990,0,0,0.0,0.0,3104.5,4291.15957060345,0.0,NO PROVIDER,100.0,48489|Psychiatry
48489,Texas,Pulmonary,Respiratory Disease,2467,0,0,0.0,0.0,4251.578947368421,5741.879971570142,0.0,NO PROVIDER,100.0,48489|Pulmonary
48489,Texas,Rheumatology,Arthritis,3420,0,0,0.0,0.0,10453.0,13315.598760659872,0.0,NO PROVIDER,100.0,48489|Rheumatology
48491,Texas,Cardiology,Heart Disease,347478,16,11523,39375.0,21717.375,10823.136363636364,15071.056217261126,2.0065694702846173,CRITICAL GAP,10.93,48491|Cardiology
48491,Texas,Endocrinology,Diabetes,223492,12,5286,34290.0,18624.33333333333,18070.0,22988.768286620067,1.0306769968640472,HIGH GAP,5.61,48491|Endocrinology
48491,Texas,Oncology,Cancer,35120,21,9728,2169349.0,1672.3809523809523,2055.6666666666665,2642.926682217817,0.8135467580902963,MODERATE GAP,4.43,48491|Oncology
48491,Texas,Neurology,Neurological Disorders,12771,21,3496,104477.0,608.1428571428571,637.0,906.5174241117586,0.954698362861628,MODERATE GAP,5.2,48491|Neurology
48491,Texas,Psychiatry,Mental Health Disorders,108554,49,595,2858.0,2215.387755102041,3104.5,4291.15957060345,0.7136053326146049,MODERATE GAP,3.89,48491|Psychiatry
48491,Texas,Pulmonary,Respiratory Disease,70506,6,2486,7799.0,11751.0,4251.578947368421,5741.879971570142,2.763914335231493,CRITICAL GAP,15.05,48491|Pulmonary
48491,Texas,Rheumatology,Arthritis,103232,9,2515,445247.0,11470.222222222224,10453.0,13315.598760659872,1.097313902441617,HIGH GAP,5.97,48491|Rheumatology
48493,Texas,Cardiology,Heart Disease,30246,1,649,2228.0,30246.0,10823.136363636364,15071.056217261126,2.7945688739190877,CRITICAL GAP,15.22,48493|Cardiology
48493,Texas,Endocrinology,Diabetes,19536,0,0,0.0,0.0,18070.0,22988.768286620067,0.0,NO PROVIDER,100.0,48493|Endocrinology
48493,Texas,Oncology,Cancer,2838,0,0,0.0,0.0,2055.6666666666665,2642.926682217817,0.0,NO PROVIDER,100.0,48493|Oncology
48493,Texas,Neurology,Neurological Disorders,1264,0,0,0.0,0.0,637.0,906.5174241117586,0.0,NO PROVIDER,100.0,48493|Neurology
48493,Texas,Psychiatry,Mental Health Disorders,8825,0,0,0.0,0.0,3104.5,4291.15957060345,0.0,NO PROVIDER,100.0,48493|Psychiatry
48493,Texas,Pulmonary,Respiratory Disease,6236,0,0,0.0,0.0,4251.578947368421,5741.879971570142,0.0,NO PROVIDER,100.0,48493|Pulmonary
48493,Texas,Rheumatology,Arthritis,9488,0,0,0.0,0.0,10453.0,13315.598760659872,0.0,NO PROVIDER,100.0,48493|Rheumatology
48495,Texas,Cardiology,Heart Disease,3881,0,0,0.0,0.0,10823.136363636364,15071.056217261126,0.0,NO PROVIDER,100.0,48495|Cardiology
48495,Texas,Endocrinology,Diabetes,2706,0,0,0.0,0.0,18070.0,22988.768286620067,0.0,NO PROVIDER,100.0,48495|Endocrinology
48495,Texas,Oncology,Cancer,290,0,0,0.0,0.0,2055.6666666666665,2642.926682217817,0.0,NO PROVIDER,100.0,48495|Oncology
48495,Texas,Neurology,Neurological Disorders,172,0,0,0.0,0.0,637.0,906.5174241117586,0.0,NO PROVIDER,100.0,48495|Neurology
48495,Texas,Psychiatry,Mental Health Disorders,1088,0,0,0.0,0.0,3104.5,4291.15957060345,0.0,NO PROVIDER,100.0,48495|Psychiatry
48495,Texas,Pulmonary,Respiratory Disease,792,0,0,0.0,0.0,4251.578947368421,5741.879971570142,0.0,NO PROVIDER,100.0,48495|Pulmonary
48495,Texas,Rheumatology,Arthritis,1122,0,0,0.0,0.0,10453.0,13315.598760659872,0.0,NO PROVIDER,100.0,48495|Rheumatology
48497,Texas,Cardiology,Heart Disease,43162,2,1376,12539.0,21581.0,10823.136363636364,15071.056217261126,1.993969148583212,HIGH GAP,10.86,48497|Cardiology
48497,Texas,Endocrinology,Diabetes,26546,0,0,0.0,0.0,18070.0,22988.768286620067,0.0,NO PROVIDER,100.0,48497|Endocrinology
48497,Texas,Oncology,Cancer,4331,0,0,0.0,0.0,2055.6666666666665,2642.926682217817,0.0,NO PROVIDER,100.0,48497|Oncology
48497,Texas,Neurology,Neurological Disorders,1856,0,0,0.0,0.0,637.0,906.5174241117586,0.0,NO PROVIDER,100.0,48497|Neurology
48497,Texas,Psychiatry,Mental Health Disorders,13994,1,412,2946.0,13994.0,3104.5,4291.15957060345,4.50765018521501,CRITICAL GAP,24.54,48497|Psychiatry
48497,Texas,Pulmonary,Respiratory Disease,9899,1,256,756.0,9899.0,4251.578947368421,5741.879971570142,2.3283114632334736,CRITICAL GAP,12.68,48497|Pulmonary
48497,Texas,Rheumatology,Arthritis,14201,1,769,115716.0,14201.0,10453.0,13315.598760659872,1.358557351956376,HIGH GAP,7.4,48497|Rheumatology
48499,Texas,Cardiology,Heart Disease,31593,0,0,0.0,0.0,10823.136363636364,15071.056217261126,0.0,NO PROVIDER,100.0,48499|Cardiology
48499,Texas,Endocrinology,Diabetes,18391,1,458,1269.0,18391.0,18070.0,22988.768286620067,1.0177642501383508,HIGH GAP,5.54,48499|Endocrinology
48499,Texas,Oncology,Cancer,3413,1,284,34162.0,3413.0,2055.6666666666665,2642.926682217817,1.6602886330468625,HIGH GAP,9.04,48499|Oncology
48499,Texas,Neurology,Neurological Disorders,1482,1,453,553.0,1482.0,637.0,906.5174241117586,2.326530612244898,CRITICAL GAP,12.67,48499|Neurology
48499,Texas,Psychiatry,Mental Health Disorders,9439,1,42,247.0,9439.0,3104.5,4291.15957060345,3.040425189241424,CRITICAL GAP,16.55,48499|Psychiatry
48499,Texas,Pulmonary,Respiratory Disease,7196,0,0,0.0,0.0,4251.578947368421,5741.879971570142,0.0,NO PROVIDER,100.0,48499|Pulmonary
48499,Texas,Rheumatology,Arthritis,10726,0,0,0.0,0.0,10453.0,13315.598760659872,0.0,NO PROVIDER,100.0,48499|Rheumatology
48501,Texas,Cardiology,Heart Disease,3629,0,0,0.0,0.0,10823.136363636364,15071.056217261126,0.0,NO PROVIDER,100.0,48501|Cardiology
48501,Texas,Endocrinology,Diabetes,2564,0,0,0.0,0.0,18070.0,22988.768286620067,0.0,NO PROVIDER,100.0,48501|Endocrinology
48501,Texas,Oncology,Cancer,286,0,0,0.0,0.0,2055.6666666666665,2642.926682217817,0.0,NO PROVIDER,100.0,48501|Oncology
48501,Texas,Neurology,Neurological Disorders,158,0,0,0.0,0.0,637.0,906.5174241117586,0.0,NO PROVIDER,100.0,48501|Neurology
48501,Texas,Psychiatry,Mental Health Disorders,1050,0,0,0.0,0.0,3104.5,4291.15957060345,0.0,NO PROVIDER,100.0,48501|Psychiatry
48501,Texas,Pulmonary,Respiratory Disease,747,0,0,0.0,0.0,4251.578947368421,5741.879971570142,0.0,NO PROVIDER,100.0,48501|Pulmonary
48501,Texas,Rheumatology,Arthritis,1063,0,0,0.0,0.0,10453.0,13315.598760659872,0.0,NO PROVIDER,100.0,48501|Rheumatology
48503,Texas,Cardiology,Heart Disease,10708,0,0,0.0,0.0,10823.136363636364,15071.056217261126,0.0,NO PROVIDER,100.0,48503|Cardiology
48503,Texas,Endocrinology,Diabetes,6803,0,0,0.0,0.0,18070.0,22988.768286620067,0.0,NO PROVIDER,100.0,48503|Endocrinology
48503,Texas,Oncology,Cancer,1097,1,1437,364512.0,1097.0,2055.6666666666665,2642.926682217817,0.5336468299010865,MODERATE GAP,2.91,48503|Oncology
48503,Texas,Neurology,Neurological Disorders,483,0,0,0.0,0.0,637.0,906.5174241117586,0.0,NO PROVIDER,100.0,48503|Neurology
48503,Texas,Psychiatry,Mental Health Disorders,3312,0,0,0.0,0.0,3104.5,4291.15957060345,0.0,NO PROVIDER,100.0,48503|Psychiatry
48503,Texas,Pulmonary,Respiratory Disease,2401,0,0,0.0,0.0,4251.578947368421,5741.879971570142,0.0,NO PROVIDER,100.0,48503|Pulmonary
48503,Texas,Rheumatology,Arthritis,3525,0,0,0.0,0.0,10453.0,13315.598760659872,0.0,NO PROVIDER,100.0,48503|Rheumatology
48505,Texas,Cardiology,Heart Disease,7757,0,0,0.0,0.0,10823.136363636364,15071.056217261126,0.0,NO PROVIDER,100.0,48505|Cardiology
48505,Texas,Endocrinology,Diabetes,6083,0,0,0.0,0.0,18070.0,22988.768286620067,0.0,NO PROVIDER,100.0,48505|Endocrinology
48505,Texas,Oncology,Cancer,429,0,0,0.0,0.0,2055.6666666666665,2642.926682217817,0.0,NO PROVIDER,100.0,48505|Oncology
48505,Texas,Neurology,Neurological Disorders,424,0,0,0.0,0.0,637.0,906.5174241117586,0.0,NO PROVIDER,100.0,48505|Neurology
48505,Texas,Psychiatry,Mental Health Disorders,1932,3,117,647.0,644.0,3104.5,4291.15957060345,0.2074408117249154,LOW GAP,1.13,48505|Psychiatry
48505,Texas,Pulmonary,Respiratory Disease,1593,0,0,0.0,0.0,4251.578947368421,5741.879971570142,0.0,NO PROVIDER,100.0,48505|Pulmonary
48505,Texas,Rheumatology,Arthritis,2163,0,0,0.0,0.0,10453.0,13315.598760659872,0.0,NO PROVIDER,100.0,48505|Rheumatology
48507,Texas,Cardiology,Heart Disease,5621,0,0,0.0,0.0,10823.136363636364,15071.056217261126,0.0,NO PROVIDER,100.0,48507|Cardiology
48507,Texas,Endocrinology,Diabetes,4584,0,0,0.0,0.0,18070.0,22988.768286620067,0.0,NO PROVIDER,100.0,48507|Endocrinology
48507,Texas,Oncology,Cancer,295,0,0,0.0,0.0,2055.6666666666665,2642.926682217817,0.0,NO PROVIDER,100.0,48507|Oncology
48507,Texas,Neurology,Neurological Disorders,312,0,0,0.0,0.0,637.0,906.5174241117586,0.0,NO PROVIDER,100.0,48507|Neurology
48507,Texas,Psychiatry,Mental Health Disorders,1375,0,0,0.0,0.0,3104.5,4291.15957060345,0.0,NO PROVIDER,100.0,48507|Psychiatry
48507,Texas,Pulmonary,Respiratory Disease,1152,0,0,0.0,0.0,4251.578947368421,5741.879971570142,0.0,NO PROVIDER,100.0,48507|Pulmonary
48507,Texas,Rheumatology,Arthritis,1582,0,0,0.0,0.0,10453.0,13315.598760659872,0.0,NO PROVIDER,100.0,48507|Rheumatology
