ESTIMATED_PATIENTS,PROVIDER_COUNT,TOTAL_BENEFICIARIES,TOTAL_SERVICES,PATIENTS_PER_PROVIDER,MEDIAN_PATIENTS_PER_PROVIDER,MEAN_PATIENTS_PER_PROVIDER,REQUIRED_SPECIALTY_Cardiology,REQUIRED_SPECIALTY_Endocrinology,REQUIRED_SPECIALTY_Psychiatry,REQUIRED_SPECIALTY_Pulmonary,REQUIRED_SPECIALTY_Rheumatology
0.23262169780484968,0.6175713988598247,-0.16989303429270355,0.11725663902449569,0.214544654991112,1.6276866518733035,1.5818236366153744,0.0,1.0,0.0,0.0,0.0
-0.413409864132786,-0.18905246903872183,0.034187893932894536,0.2835032958524457,-0.48537378795007796,-1.162876035755522,-1.1802849814952894,0.0,0.0,1.0,0.0,0.0
-0.41070775759707356,-0.9956763369372683,-0.7946305696771875,-0.7405433861830719,-0.5215680603330946,-0.9489843709756773,-0.9659769711537248,0.0,0.0,0.0,1.0,0.0
-0.3789667788756204,-0.18905246903872183,-0.12685555963288353,-0.15749599428789715,-0.40881198117436507,0.20737219584652442,0.15285240729734365,0.0,0.0,0.0,0.0,1.0
-0.4133923179864502,1.424195266758371,1.5849252873206026,1.9737852850878774,-0.5094903007557778,-1.162876035755522,-1.1802849814952894,0.0,0.0,1.0,0.0,0.0
-0.0958421616012325,1.424195266758371,1.8112191056932045,0.6183647955030457,-0.2742015312338742,0.20737219584652442,0.15285240729734365,0.0,0.0,0.0,0.0,1.0
0.8978838361265168,-0.18905246903872183,0.06750722915340034,-0.1138783140582381,2.4294352123434155,0.2763901856706533,0.41217777032063846,1.0,0.0,0.0,0.0,0.0
-0.41953346920397844,-0.9956763369372683,-0.7946305696771875,-0.7405433861830719,-0.5215680603330946,0.2763901856706533,0.41217777032063846,1.0,0.0,0.0,0.0,0.0
-0.33734731976711474,-0.18905246903872183,-0.1948825357080829,-0.3981898072037842,-0.3162981728850166,-1.162876035755522,-1.1802849814952894,0.0,0.0,1.0,0.0,0.0
-0.32439826377129805,0.6175713988598247,1.437764890096702,1.0982023359564705,-0.40454121304296387,-1.162876035755522,-1.1802849814952894,0.0,0.0,1.0,0.0,0.0
-0.03344806523114552,-0.18905246903872183,0.4395731391157152,0.08913981257832858,0.3592242384014569,1.6276866518733035,1.5818236366153744,0.0,1.0,0.0,0.0,0.0
-0.4249025899827317,-0.9956763369372683,-0.7946305696771875,-0.7405433861830719,-0.5215680603330946,-0.9489843709756773,-0.9659769711537248,0.0,0.0,0.0,1.0,0.0
-0.35957828717456697,0.6175713988598247,-0.26568612305165773,-0.008128044913082727,-0.44364116785328084,-1.162876035755522,-1.1802849814952894,0.0,0.0,1.0,0.0,0.0
0.015137213972670803,-0.18905246903872183,-0.668294756966103,-0.668938053288775,0.4672220188201777,0.2763901856706533,0.41217777032063846,1.0,0.0,0.0,0.0,0.0
-0.29974592816950607,0.6175713988598247,0.4520678898234049,0.6881616954559352,-0.37714199283922556,-0.9489843709756773,-0.9659769711537248,0.0,0.0,0.0,1.0,0.0
-0.24300169091954507,-0.18905246903872183,0.40070058135845843,0.1323699714634002,-0.10658200628643878,1.6276866518733035,1.5818236366153744,0.0,1.0,0.0,0.0,0.0
-0.18246748606105237,-0.18905246903872183,-0.34481954420035904,-0.528310863130763,0.027976441689215585,1.6276866518733035,1.5818236366153744,0.0,1.0,0.0,0.0,0.0
-0.22589419824214496,0.6175713988598247,-0.5294641935473288,-0.47134522547643043,-0.2950613395740764,0.2763901856706533,0.41217777032063846,1.0,0.0,0.0,0.0,0.0
-0.36389463917317255,-0.9956763369372683,-0.7946305696771875,-0.7405433861830719,-0.5215680603330946,1.6276866518733035,1.5818236366153744,0.0,1.0,0.0,0.0,0.0
-0.09656155360100009,0.6175713988598247,1.1920347928454713,0.5649729658043515,-0.1513178149322578,0.2763901856706533,0.41217777032063846,1.0,0.0,0.0,0.0,0.0
0.45438744134296255,0.6175713988598247,0.3215671602097571,0.3712553514378799,0.46102062947869105,1.6276866518733035,1.5818236366153744,0.0,1.0,0.0,0.0,0.0
-0.39961859311285114,-0.9956763369372683,-0.7946305696771875,-0.7405433861830719,-0.5215680603330946,0.20737219584652442,0.15285240729734365,0.0,0.0,0.0,0.0,1.0
-0.1799057486960263,0.6175713988598247,-0.5627835287678346,-0.4755218444125379,-0.24394863056767202,0.2763901856706533,0.41217777032063846,1.0,0.0,0.0,0.0,0.0
-0.3422777868874731,-0.18905246903872183,0.24382204469524357,0.32397774739822993,-0.32725786096651194,0.20737219584652442,0.15285240729734365,0.0,0.0,0.0,0.0,1.0
-0.4200072151550449,-0.9956763369372683,-0.7946305696771875,-0.7405433861830719,-0.5215680603330946,0.20737219584652442,0.15285240729734365,0.0,0.0,0.0,0.0,1.0
-0.3989518395520909,-0.18905246903872183,-0.5183577484738268,-0.4004288194169553,-0.4532357702306753,1.6276866518733035,1.5818236366153744,0.0,1.0,0.0,0.0,0.0
-0.16627239299311358,-0.18905246903872183,0.005033475614951951,-0.33868375184604615,0.0639757018287892,1.6276866518733035,1.5818236366153744,0.0,1.0,0.0,0.0,0.0
0.06319610878641328,0.6175713988598247,0.9615760575703062,0.9735496367808907,0.026240832722573087,1.6276866518733035,1.5818236366153744,0.0,1.0,0.0,0.0,0.0
-0.39224921165181725,-0.9956763369372683,-0.7946305696771875,-0.7405433861830719,-0.5215680603330946,0.20737219584652442,0.15285240729734365,0.0,0.0,0.0,0.0,1.0
-0.3841955304836873,-0.9956763369372683,-0.7946305696771875,-0.7405433861830719,-0.5215680603330946,0.2763901856706533,0.41217777032063846,1.0,0.0,0.0,0.0,0.0
-0.057345916540498296,-0.18905246903872183,-0.3656441287131752,-0.4690200974089066,0.3061029032875899,0.20737219584652442,0.15285240729734365,0.0,0.0,0.0,0.0,1.0
-0.18136207884189728,-0.18905246903872183,0.2771413799157494,-0.23719621749135097,0.030433595956597097,1.6276866518733035,1.5818236366153744,0.0,1.0,0.0,0.0,0.0
-0.4032330992580249,-0.9956763369372683,-0.7946305696771875,-0.7405433861830719,-0.5215680603330946,1.6276866518733035,1.5818236366153744,0.0,1.0,0.0,0.0,0.0
-0.3917403734080792,-0.9956763369372683,-0.7946305696771875,-0.7405433861830719,-0.5215680603330946,1.6276866518733035,1.5818236366153744,0.0,1.0,0.0,0.0,0.0
-0.37579092638884154,-0.18905246903872183,-0.7224386766994249,-0.6429310652742497,-0.4017525379617293,-1.162876035755522,-1.1802849814952894,0.0,0.0,1.0,0.0,0.0
0.17845674406625056,0.6175713988598247,-0.14768014414569966,-0.08696710957300922,0.1543443754402649,1.6276866518733035,1.5818236366153744,0.0,1.0,0.0,0.0,0.0
-0.37551018804746883,-0.18905246903872183,-0.4697670512772558,-0.560647366440214,-0.40112849878271173,-0.9489843709756773,-0.9659769711537248,0.0,0.0,0.0,1.0,0.0
-0.32320512582046396,-0.9956763369372683,-0.7946305696771875,-0.7405433861830719,-0.5215680603330946,-1.162876035755522,-1.1802849814952894,0.0,0.0,1.0,0.0,0.0
0.3859399244870263,-0.18905246903872183,-0.6127625315985933,-0.5964285039237742,1.2914607669562657,1.6276866518733035,1.5818236366153744,0.0,1.0,0.0,0.0,0.0
-0.1662899391394494,-0.18905246903872183,0.4548445010917804,0.24655959433512342,0.0639366993801006,0.20737219584652442,0.15285240729734365,0.0,0.0,0.0,0.0,1.0
-0.34082145674160214,-0.18905246903872183,0.15635878974141584,0.23523535948773902,-0.3240206577253585,0.20737219584652442,0.15285240729734365,0.0,0.0,0.0,0.0,1.0
-0.41905972325291196,-0.9956763369372683,-0.7946305696771875,-0.7405433861830719,-0.5215680603330946,0.2763901856706533,0.41217777032063846,1.0,0.0,0.0,0.0,0.0
-0.28788473324650865,-0.18905246903872183,-0.43783602169093777,-0.29450631856309434,-0.20635027003186598,0.2763901856706533,0.41217777032063846,1.0,0.0,0.0,0.0,0.0
1.0274972191090344,-0.18905246903872183,-0.6238689766720952,-0.6242439248797068,2.7175463008060707,0.20737219584652442,0.15285240729734365,0.0,0.0,0.0,0.0,1.0
0.2682228287201777,2.2308191346569175,-0.485038413253321,-0.35022327632931227,-0.13372771057370123,0.20737219584652442,0.15285240729734365,0.0,0.0,0.0,0.0,1.0
-0.38486228404444756,-0.9956763369372683,-0.7946305696771875,-0.7405433861830719,-0.5215680603330946,1.6276866518733035,1.5818236366153744,0.0,1.0,0.0,0.0,0.0
-0.33797898103520335,-0.9956763369372683,-0.7946305696771875,-0.7405433861830719,-0.5215680603330946,-0.9489843709756773,-0.9659769711537248,0.0,0.0,0.0,1.0,0.0
-0.3920211117494519,-0.9956763369372683,-0.7946305696771875,-0.7405433861830719,-0.5215680603330946,0.2763901856706533,0.41217777032063846,1.0,0.0,0.0,0.0,0.0
-0.293078392561904,-0.18905246903872183,-0.10464266948587966,-0.3104377516183499,-0.21789499484369024,-0.9489843709756773,-0.9659769711537248,0.0,0.0,0.0,1.0,0.0
-0.33310115235385235,-0.9956763369372683,-0.7946305696771875,-0.7405433861830719,-0.5215680603330946,-1.162876035755522,-1.1802849814952894,0.0,0.0,1.0,0.0,0.0
-0.31492334474996875,-0.9956763369372683,-0.7946305696771875,-0.7405433861830719,-0.5215680603330946,0.20737219584652442,0.15285240729734365,0.0,0.0,0.0,0.0,1.0
-0.3720886895119888,-0.18905246903872183,-0.7196620654310494,-0.6704881386671241,-0.39352302128843564,-1.162876035755522,-1.1802849814952894,0.0,0.0,1.0,0.0,0.0
-0.07278652531599789,0.6175713988598247,0.7005745983430107,0.6051460118599012,-0.12489365594573436,0.2763901856706533,0.41217777032063846,1.0,0.0,0.0,0.0,0.0
-0.3305569611351621,1.424195266758371,-0.15045675541407516,-0.008257218694611806,-0.44811344993632135,0.20737219584652442,0.15285240729734365,0.0,0.0,0.0,0.0,1.0
-0.12756559417634983,0.6175713988598247,0.590898453242179,0.3349575188282033,-0.18577647834863187,0.20737219584652442,0.15285240729734365,0.0,0.0,0.0,0.0,1.0
-0.3795984401437091,-0.9956763369372683,-0.7946305696771875,-0.7405433861830719,-0.5215680603330946,-1.162876035755522,-1.1802849814952894,0.0,0.0,1.0,0.0,0.0
-0.26963674105728186,0.6175713988598247,1.609914788735982,0.7086572687918855,-0.3436778918644106,-1.162876035755522,-1.1802849814952894,0.0,0.0,1.0,0.0,0.0
0.2537998964321542,-0.18905246903872183,0.17024184608329326,0.3542474702032153,0.9977333258824532,0.2763901856706533,0.41217777032063846,1.0,0.0,0.0,0.0,0.0
-0.052415449420139905,1.424195266758371,0.4437380560182784,0.42903908970856347,-0.24202451106578293,0.2763901856706533,0.41217777032063846,1.0,0.0,0.0,0.0,0.0
-0.4065493209154902,0.6175713988598247,-0.12130233709613257,0.08526459913245563,-0.49584594542296584,-1.162876035755522,-1.1802849814952894,0.0,0.0,1.0,0.0,0.0
-0.3433656479602924,-0.18905246903872183,-0.27540426249097194,-0.3069500595170642,-0.32967601278520486,1.6276866518733035,1.5818236366153744,0.0,1.0,0.0,0.0,0.0
-0.15734140450819395,0.6175713988598247,0.1952313474986726,0.1921774323113728,-0.21887005606090512,0.2763901856706533,0.41217777032063846,1.0,0.0,0.0,0.0,0.0
-0.0005665869978657118,0.6175713988598247,-0.5947145583541527,-0.4920130305210862,-0.044626616544604876,0.2763901856706533,0.41217777032063846,1.0,0.0,0.0,0.0,0.0
-0.34612039293501223,-0.9956763369372683,-0.7946305696771875,-0.7405433861830719,-0.5215680603330946,-1.162876035755522,-1.1802849814952894,0.0,0.0,1.0,0.0,0.0
-0.12391599573850448,-0.9956763369372683,-0.7946305696771875,-0.7405433861830719,-0.5215680603330946,1.6276866518733035,1.5818236366153744,0.0,1.0,0.0,0.0,0.0
-0.02095520904005949,4.650690738352557,6.602261849275101,3.4484762329512435,-0.3917734845473665,-0.9489843709756773,-0.9659769711537248,0.0,0.0,0.0,1.0,0.0
-0.39937294706415,-0.9956763369372683,-0.7946305696771875,-0.7405433861830719,-0.5215680603330946,-0.9489843709756773,-0.9659769711537248,0.0,0.0,0.0,1.0,0.0
-0.3717026742926013,-0.18905246903872183,-0.5350174160840797,-0.5696034152928982,-0.3926649674172865,-0.9489843709756773,-0.9659769711537248,0.0,0.0,0.0,1.0,0.0
0.04536922410924557,0.6175713988598247,0.8144156603464056,0.7780235894730116,0.006427588788766588,1.6276866518733035,1.5818236366153744,0.0,1.0,0.0,0.0,0.0
0.41731243413542773,0.6175713988598247,0.4159719433345236,0.03712583654927812,0.41981454243919,1.6276866518733035,1.5818236366153744,0.0,1.0,0.0,0.0,0.0
0.28808506637229764,0.6175713988598247,1.1975880153822223,1.9654320472156623,0.27618802514343715,-0.9489843709756773,-0.9659769711537248,0.0,0.0,0.0,1.0,0.0
0.05382646664309875,0.6175713988598247,-0.5516770836943325,-0.536793274784507,0.015827178922718097,1.6276866518733035,1.5818236366153744,0.0,1.0,0.0,0.0,0.0
0.06902142936989722,-0.18905246903872183,0.300742575696941,0.13495344709398216,0.5869985387428545,-0.9489843709756773,-0.9659769711537248,0.0,0.0,0.0,1.0,0.0
-0.2898499016361177,-0.18905246903872183,-0.1088075863884429,0.03333673895775791,-0.21071854428498868,-0.9489843709756773,-0.9659769711537248,0.0,0.0,0.0,1.0,0.0
-0.23601832467789866,0.6175713988598247,-0.32260665405335515,-0.40370122188235913,-0.3063135460207362,1.6276866518733035,1.5818236366153744,0.0,1.0,0.0,0.0,0.0
-0.3697024136103207,-0.9956763369372683,-0.7946305696771875,-0.7405433861830719,-0.5215680603330946,1.6276866518733035,1.5818236366153744,0.0,1.0,0.0,0.0,0.0
-0.35789385712633065,-0.9956763369372683,-0.7946305696771875,-0.7405433861830719,-0.5215680603330946,1.6276866518733035,1.5818236366153744,0.0,1.0,0.0,0.0,0.0
-0.21855990907378264,0.6175713988598247,0.908820443471172,0.8127713367043391,-0.28690982779815993,-1.162876035755522,-1.1802849814952894,0.0,0.0,1.0,0.0,0.0
-0.28997272466046825,2.2308191346569175,3.023209924339103,2.266450016105639,-0.44392393560627313,0.2763901856706533,0.41217777032063846,1.0,0.0,0.0,0.0,0.0
-0.20636533737040513,1.424195266758371,1.2073061548215365,0.6062655179664868,-0.35609367006353193,1.6276866518733035,1.5818236366153744,0.0,1.0,0.0,0.0,0.0
-0.1679568230413499,-0.18905246903872183,-0.007461275092737727,0.08578129425857194,0.060231466754684035,0.20737219584652442,0.15285240729734365,0.0,0.0,0.0,0.0,1.0
-0.25645958515909983,-0.9956763369372683,-0.7946305696771875,-0.7405433861830719,-0.5215680603330946,-1.162876035755522,-1.1802849814952894,0.0,0.0,1.0,0.0,0.0
-0.3365401970356682,0.6175713988598247,1.4502596408043915,2.0127096512553124,-0.4180360602892179,0.20737219584652442,0.15285240729734365,0.0,0.0,0.0,0.0,1.0
-0.37600148014487106,-0.9956763369372683,-0.7946305696771875,-0.7405433861830719,-0.5215680603330946,-1.162876035755522,-1.1802849814952894,0.0,0.0,1.0,0.0,0.0
-0.39510923350455185,-0.18905246903872183,-0.2046006751473971,0.015252409543684106,-0.4446942339678729,-0.9489843709756773,-0.9659769711537248,0.0,0.0,0.0,1.0,0.0
-0.3955303410166109,0.6175713988598247,0.0564007840798984,0.4402341507744187,-0.4835991765347469,-1.162876035755522,-1.1802849814952894,0.0,0.0,1.0,0.0,0.0
-0.3998116007225449,0.6175713988598247,-0.06715841736281064,-0.015447892533064982,-0.48835747527475554,0.2763901856706533,0.41217777032063846,1.0,0.0,0.0,0.0,0.0
-0.38108986258225164,-0.9956763369372683,-0.7946305696771875,-0.7405433861830719,-0.5215680603330946,-1.162876035755522,-1.1802849814952894,0.0,0.0,1.0,0.0,0.0
-0.14318166441520738,-0.18905246903872183,0.15358217847304034,-0.23439745222488717,0.11530292430298084,1.6276866518733035,1.5818236366153744,0.0,1.0,0.0,0.0,0.0
0.9337130669442101,2.2308191346569175,3.1773118497339428,4.045775798741796,0.236093507891561,0.2763901856706533,0.41217777032063846,1.0,0.0,0.0,0.0,0.0
-0.41949837691130687,-0.9956763369372683,-0.7946305696771875,-0.7405433861830719,-0.5215680603330946,-0.9489843709756773,-0.9659769711537248,0.0,0.0,0.0,1.0,0.0
-0.20294383883492512,3.037443002555464,2.4664993650298186,1.777484195090824,-0.4207623314525507,0.2763901856706533,0.41217777032063846,1.0,0.0,0.0,0.0,0.0
-0.16186831026282905,-0.18905246903872183,-0.48087349635075777,-0.43018184709582435,0.07376531644962667,1.6276866518733035,1.5818236366153744,0.0,1.0,0.0,0.0,0.0
0.0351047285028055,-0.18905246903872183,-0.2781808737593474,-0.2948938399076817,0.5116068054277993,-0.9489843709756773,-0.9659769711537248,0.0,0.0,0.0,1.0,0.0
-0.10926496354811567,-0.18905246903872183,0.12165114888672228,0.16922755712636972,0.1906946576180359,1.6276866518733035,1.5818236366153744,0.0,1.0,0.0,0.0,0.0
2.4163624323188864,-0.18905246903872183,-0.09214791877819,0.2172802038551944,5.804785126751845,1.6276866518733035,1.5818236366153744,0.0,1.0,0.0,0.0,0.0
0.21490009000569674,-0.18905246903872183,0.23549221089011713,0.5167480873668214,0.911264897139837,-0.9489843709756773,-0.9659769711537248,0.0,0.0,0.0,1.0,0.0
-0.22205159219460585,0.6175713988598247,1.3239238280933068,1.3503495575012712,-0.29079057144267517,-0.9489843709756773,-0.9659769711537248,0.0,0.0,0.0,1.0,0.0
0.05033478352227555,1.424195266758371,1.3739028309240655,1.430265070340607,-0.16589173122564457,0.20737219584652442,0.15285240729734365,0.0,0.0,0.0,0.0,1.0
0.07789977941580947,1.424195266758371,1.3794560534608165,1.8933530771224256,-0.14546744762896846,0.2763901856706533,0.41217777032063846,1.0,0.0,0.0,0.0,0.0
-0.3744574192673211,-0.9956763369372683,-0.7946305696771875,-0.7405433861830719,-0.5215680603330946,-0.9489843709756773,-0.9659769711537248,0.0,0.0,0.0,1.0,0.0
0.9107276152443187,-0.18905246903872183,-0.5725016682071488,-0.5803248391598133,2.4579850047834677,1.6276866518733035,1.5818236366153744,0.0,1.0,0.0,0.0,0.0
-0.40874258920746454,-0.18905246903872183,0.027246365761955823,-0.08946446934923853,-0.4749991365989116,0.2763901856706533,0.41217777032063846,1.0,0.0,0.0,0.0,0.0
-0.4052333599403055,-0.9956763369372683,-0.7946305696771875,-0.7405433861830719,-0.5215680603330946,0.20737219584652442,0.15285240729734365,0.0,0.0,0.0,0.0,1.0
2.995227346083099,0.6175713988598247,1.182316653406157,0.42667090371386335,3.284973425552102,0.2763901856706533,0.41217777032063846,1.0,0.0,0.0,0.0,0.0
-0.42163900676427385,-0.9956763369372683,-0.7946305696771875,-0.7405433861830719,-0.5215680603330946,0.2763901856706533,0.41217777032063846,1.0,0.0,0.0,0.0,0.0
19.65334566967717,4.650690738352557,0.5548025067532978,1.0222481524173606,5.855800329636528,1.6276866518733035,1.5818236366153744,0.0,1.0,0.0,0.0,0.0
-0.3408740951806095,-0.18905246903872183,0.10082656437390615,-0.05583622822449647,-0.3241376650714243,0.20737219584652442,0.15285240729734365,0.0,0.0,0.0,0.0,1.0
-0.34438332444776854,-0.18905246903872183,-0.06715841736281064,-0.08025007293349613,-0.3319381548091434,0.20737219584652442,0.15285240729734365,0.0,0.0,0.0,0.0,1.0
-0.0888412492132503,-0.18905246903872183,-0.29345223573541257,-0.4846931829011039,0.236093507891561,0.20737219584652442,0.15285240729734365,0.0,0.0,0.0,0.0,1.0
-0.3921439347738025,-0.9956763369372683,-0.7946305696771875,-0.7405433861830719,-0.5215680603330946,-0.9489843709756773,-0.9659769711537248,0.0,0.0,0.0,1.0,0.0
-0.41920009242359835,-0.9956763369372683,-0.7946305696771875,-0.7405433861830719,-0.5215680603330946,-0.9489843709756773,-0.9659769711537248,0.0,0.0,0.0,1.0,0.0
-0.4084969431587634,-0.9956763369372683,-0.7946305696771875,-0.7405433861830719,-0.5215680603330946,-0.9489843709756773,-0.9659769711537248,0.0,0.0,0.0,1.0,0.0
-0.23914153872567018,-0.9956763369372683,-0.7946305696771875,-0.7405433861830719,-0.5215680603330946,-1.162876035755522,-1.1802849814952894,0.0,0.0,1.0,0.0,0.0
-0.09710548413740974,-0.18905246903872183,-0.3142768202482287,-0.25652922679353946,0.21772335455923253,0.20737219584652442,0.15285240729734365,0.0,0.0,0.0,0.0,1.0
-0.4222180295933551,0.6175713988598247,0.9157619716421107,1.0570820155030407,-0.5132605387624237,-1.162876035755522,-1.1802849814952894,0.0,0.0,1.0,0.0,0.0
-0.24126462243230137,0.6175713988598247,1.1337259562095863,1.9368846414977317,-0.3121444120996812,-1.162876035755522,-1.1802849814952894,0.0,0.0,1.0,0.0,0.0
0.5769823657911622,2.2308191346569175,3.843698554144059,2.167502899454349,0.03785381181960239,-0.9489843709756773,-0.9659769711537248,0.0,0.0,0.0,1.0,0.0
0.6114780894873352,0.6175713988598247,-0.04772213848418225,0.014132903437098623,0.6356150910331887,1.6276866518733035,1.5818236366153744,0.0,1.0,0.0,0.0,0.0
-0.3126247995799796,-0.18905246903872183,-0.6419169499165358,-0.6216604492491248,-0.2613437226827856,0.20737219584652442,0.15285240729734365,0.0,0.0,0.0,0.0,1.0
-0.3927755960418911,-0.9956763369372683,-0.7946305696771875,-0.7405433861830719,-0.5215680603330946,-1.162876035755522,-1.1802849814952894,0.0,0.0,1.0,0.0,0.0
-0.3857922298002447,-0.9956763369372683,-0.7946305696771875,-0.7405433861830719,-0.5215680603330946,0.20737219584652442,0.15285240729734365,0.0,0.0,0.0,0.0,1.0
-0.37191322804863086,-0.18905246903872183,-0.31150020897985325,-0.3407505323505117,-0.3931329968015497,-1.162876035755522,-1.1802849814952894,0.0,0.0,1.0,0.0,0.0
-0.32418771001526847,-0.18905246903872183,0.11470962071578357,-0.18531141524382969,-0.28704633636857,0.20737219584652442,0.15285240729734365,0.0,0.0,0.0,0.0,1.0
-0.3728607199507638,-0.18905246903872183,0.22716237708499068,0.07260556854260392,-0.3952391290307338,0.2763901856706533,0.41217777032063846,1.0,0.0,0.0,0.0,0.0
-0.10329927379394536,-0.18905246903872183,-0.22126034275765,-0.08347941747172359,0.20395549017215833,-1.162876035755522,-1.1802849814952894,0.0,0.0,1.0,0.0,0.0
-0.13946188139201884,-0.18905246903872183,0.2479869615978068,0.15282248687217426,0.12357144342496308,0.20737219584652442,0.15285240729734365,0.0,0.0,0.0,0.0,1.0
-0.40902332754883725,-0.18905246903872183,-0.5350174160840797,-0.5333486406103978,-0.4756231757779291,-1.162876035755522,-1.1802849814952894,0.0,0.0,1.0,0.0,0.0
-0.3910385275546474,-0.9956763369372683,-0.7946305696771875,-0.7405433861830719,-0.5215680603330946,1.6276866518733035,1.5818236366153744,0.0,1.0,0.0,0.0,0.0
-0.4055140982816783,-0.18905246903872183,0.043906033372208726,-0.265657507354929,-0.46782268604021,-0.9489843709756773,-0.9659769711537248,0.0,0.0,0.0,1.0,0.0
-0.3892137283357247,-0.9956763369372683,-0.7946305696771875,-0.7405433861830719,-0.5215680603330946,-0.9489843709756773,-0.9659769711537248,0.0,0.0,0.0,1.0,0.0
2.971592686968783,0.6175713988598247,-0.01717941453205192,-0.26268651037975976,3.258705276360333,1.6276866518733035,1.5818236366153744,0.0,1.0,0.0,0.0,0.0
0.7154916449659279,0.6175713988598247,0.48399891940972295,0.8503178492021304,0.7512183489461856,1.6276866518733035,1.5818236366153744,0.0,1.0,0.0,0.0,0.0
-0.4091461505731878,-0.9956763369372683,-0.7946305696771875,-0.7405433861830719,-0.5215680603330946,0.2763901856706533,0.41217777032063846,1.0,0.0,0.0,0.0,0.0
-0.33964586493710386,-0.9956763369372683,-0.7946305696771875,-0.7405433861830719,-0.5215680603330946,-0.9489843709756773,-0.9659769711537248,0.0,0.0,0.0,1.0,0.0
-0.3206433884554379,-0.9956763369372683,-0.7946305696771875,-0.7405433861830719,-0.5215680603330946,-1.162876035755522,-1.1802849814952894,0.0,0.0,1.0,0.0,0.0
0.2284632611232663,1.424195266758371,2.038901229699994,2.5052492802257658,-0.033907444863437504,1.6276866518733035,1.5818236366153744,0.0,1.0,0.0,0.0,0.0
-0.3836866922399493,-0.9956763369372683,-0.7946305696771875,-0.7405433861830719,-0.5215680603330946,0.20737219584652442,0.15285240729734365,0.0,0.0,0.0,0.0,1.0
-0.11286192354695364,0.6175713988598247,1.6834949873479321,0.7853434370929939,-0.1694344523481104,0.2763901856706533,0.41217777032063846,1.0,0.0,0.0,0.0,0.0
-0.16879903806546806,1.424195266758371,1.3627963858505636,0.8453661875768482,-0.3282589251162675,-1.162876035755522,-1.1802849814952894,0.0,0.0,1.0,0.0,0.0
4.498739079451036,0.6175713988598247,0.12720437142347324,0.2427704967436031,4.95601383839063,1.6276866518733035,1.5818236366153744,0.0,1.0,0.0,0.0,0.0
-0.4203756842280966,-0.9956763369372683,-0.7946305696771875,-0.7405433861830719,-0.5215680603330946,0.2763901856706533,0.41217777032063846,1.0,0.0,0.0,0.0,0.0
-0.4115148803285201,-0.9956763369372683,-0.7946305696771875,-0.7405433861830719,-0.5215680603330946,1.6276866518733035,1.5818236366153744,0.0,1.0,0.0,0.0,0.0
-0.39781134004026425,-0.9956763369372683,-0.7946305696771875,-0.7405433861830719,-0.5215680603330946,0.2763901856706533,0.41217777032063846,1.0,0.0,0.0,0.0,0.0
-0.0321321042559609,0.6175713988598247,1.210082766089912,1.7773119633821186,-0.0797093191399965,0.20737219584652442,0.15285240729734365,0.0,0.0,0.0,0.0,1.0
-0.35720955741923466,-0.9956763369372683,-0.7946305696771875,-0.7405433861830719,-0.5215680603330946,-1.162876035755522,-1.1802849814952894,0.0,0.0,1.0,0.0,0.0
-0.3766155952666239,-0.9956763369372683,-0.7946305696771875,-0.7405433861830719,-0.5215680603330946,1.6276866518733035,1.5818236366153744,0.0,1.0,0.0,0.0,0.0
-0.408532035451435,-0.9956763369372683,-0.7946305696771875,-0.7405433861830719,-0.5215680603330946,-1.162876035755522,-1.1802849814952894,0.0,0.0,1.0,0.0,0.0
-0.1449362790487869,0.6175713988598247,1.3322536618984333,2.1757700214722115,-0.20508269044948663,0.20737219584652442,0.15285240729734365,0.0,0.0,0.0,0.0,1.0
-0.30723813265489053,-0.9956763369372683,-0.7946305696771875,-0.7405433861830719,-0.5215680603330946,0.20737219584652442,0.15285240729734365,0.0,0.0,0.0,0.0,1.0
-0.3437867554723515,-0.18905246903872183,-0.09214791877819,-0.12968057333196453,-0.3306120715537311,1.6276866518733035,1.5818236366153744,0.0,1.0,0.0,0.0,0.0
-0.39996951603956704,1.424195266758371,2.306844217098228,3.2344352769575275,-0.499544676340186,-0.9489843709756773,-0.9659769711537248,0.0,0.0,0.0,1.0,0.0
-0.40128547701475165,-0.9956763369372683,-0.7946305696771875,-0.7405433861830719,-0.5215680603330946,-0.9489843709756773,-0.9659769711537248,0.0,0.0,0.0,1.0,0.0
0.03928071133072471,1.424195266758371,2.20133298889996,2.1840371434900736,-0.1740822454502496,0.2763901856706533,0.41217777032063846,1.0,0.0,0.0,0.0,0.0
-0.3181693818220908,-0.18905246903872183,-0.6544117006242255,-0.5983661106467107,-0.27366849646838176,0.2763901856706533,0.41217777032063846,1.0,0.0,0.0,0.0,0.0
0.44142083920081004,1.424195266758371,1.4502596408043915,0.4983192945353366,0.12388346301447184,0.2763901856706533,0.41217777032063846,1.0,0.0,0.0,0.0,0.0
-0.40805828950036854,-0.18905246903872183,-0.3864687132259913,-0.3071653491529461,-0.47347804110005637,-0.9489843709756773,-0.9659769711537248,0.0,0.0,0.0,1.0,0.0
-0.4221829373006835,-0.9956763369372683,-0.7946305696771875,-0.7405433861830719,-0.5215680603330946,0.2763901856706533,0.41217777032063846,1.0,0.0,0.0,0.0,0.0
-0.3767208721446387,-0.9956763369372683,-0.7946305696771875,-0.7405433861830719,-0.5215680603330946,0.20737219584652442,0.15285240729734365,0.0,0.0,0.0,0.0,1.0
0.007171263536219878,2.2308191346569175,0.6977979870746353,-0.04136876469323746,-0.2787973184709321,0.20737219584652442,0.15285240729734365,0.0,0.0,0.0,0.0,1.0
-0.4138836100838525,-0.18905246903872183,-0.12963217090125903,-0.1508650735027367,-0.48642685406467007,0.20737219584652442,0.15285240729734365,0.0,0.0,0.0,0.0,1.0
-0.13549645232012916,2.2308191346569175,0.08833181366621647,0.04022600730597651,-0.3580795460426745,0.2763901856706533,0.41217777032063846,1.0,0.0,0.0,0.0,0.0
1.0966290356720665,-0.18905246903872183,0.12720437142347324,-0.02070095964858168,2.871215948639137,0.20737219584652442,0.15285240729734365,0.0,0.0,0.0,0.0,1.0
-0.056749347565081265,0.6175713988598247,1.3627963858505636,0.7735455650466695,-0.10706953689504622,1.6276866518733035,1.5818236366153744,0.0,1.0,0.0,0.0,0.0
-0.3937581802366956,-0.9956763369372683,-0.7946305696771875,-0.7405433861830719,-0.5215680603330946,-0.9489843709756773,-0.9659769711537248,0.0,0.0,0.0,1.0,0.0
-0.2742689236899317,0.6175713988598247,-0.07132333426537386,-0.2994579801883765,-0.34882621509130524,-0.9489843709756773,-0.9659769711537248,0.0,0.0,0.0,1.0,0.0
-0.12603907944513568,-0.18905246903872183,-0.4725436625456313,-0.3780817552124212,0.1534083166717386,0.20737219584652442,0.15285240729734365,0.0,0.0,0.0,0.0,1.0
0.6773638689782453,0.6175713988598247,-0.15600997795082613,0.10545876697817132,0.7088421884460266,1.6276866518733035,1.5818236366153744,0.0,1.0,0.0,0.0,0.0
-0.39288087291990587,-0.9956763369372683,-0.7946305696771875,-0.7405433861830719,-0.5215680603330946,0.20737219584652442,0.15285240729734365,0.0,0.0,0.0,0.0,1.0
0.46205510729170496,-0.18905246903872183,0.2563167954029333,0.21366333797237957,1.4606533893673928,0.20737219584652442,0.15285240729734365,0.0,0.0,0.0,0.0,1.0
1.555495854645777,-0.18905246903872183,-0.47670857944819456,-0.30298873021683853,3.8912079867432854,1.6276866518733035,1.5818236366153744,0.0,1.0,0.0,0.0,0.0
0.21065392259243437,0.6175713988598247,0.21605593201148873,0.26356747556978805,0.19012912211205124,0.2763901856706533,0.41217777032063846,1.0,0.0,0.0,0.0,0.0
-0.018446110114040806,-0.18905246903872183,0.17440676298585647,0.33978000667195624,0.392571332030206,1.6276866518733035,1.5818236366153744,0.0,1.0,0.0,0.0,0.0
-0.27737459159136746,0.6175713988598247,1.5113450887086521,1.205244342916917,-0.3522779318002459,-1.162876035755522,-1.1802849814952894,0.0,0.0,1.0,0.0,0.0
-0.3234683180155009,0.6175713988598247,1.322535522459119,1.3592194904996027,-0.40350764815271606,-0.9489843709756773,-0.9659769711537248,0.0,0.0,0.0,1.0,0.0
-0.315414636847371,-0.18905246903872183,-0.2878990131986616,-0.3547443586828307,-0.2675451120242723,0.20737219584652442,0.15285240729734365,0.0,0.0,0.0,0.0,1.0
-0.30334288816834404,0.6175713988598247,0.9129853603737352,0.10726719991957871,-0.3811397438298066,1.6276866518733035,1.5818236366153744,0.0,1.0,0.0,0.0,0.0
0.03736818138012305,-0.18905246903872183,-0.0727116398995616,-0.22272875396009195,0.5166381213086282,1.6276866518733035,1.5818236366153744,0.0,1.0,0.0,0.0,0.0
-0.2760761767625186,-0.18905246903872183,-0.5836081132806507,-0.5509593328255316,-0.18010162206444125,0.20737219584652442,0.15285240729734365,0.0,0.0,0.0,0.0,1.0
-0.4166559012049081,-0.18905246903872183,0.37571107994307906,0.25431002122686935,-0.49258924095746814,-1.162876035755522,-1.1802849814952894,0.0,0.0,1.0,0.0,0.0
-0.4201475843257313,-0.18905246903872183,0.29518935316019,0.08892452294244675,-0.5003507282464986,-1.162876035755522,-1.1802849814952894,0.0,0.0,1.0,0.0,0.0
0.1428907054435941,2.2308191346569175,0.7616600462472713,1.0089863108470398,-0.20337633331936059,0.20737219584652442,0.15285240729734365,0.0,0.0,0.0,0.0,1.0
-0.3555777658100057,-0.9956763369372683,-0.7946305696771875,-0.7405433861830719,-0.5215680603330946,0.20737219584652442,0.15285240729734365,0.0,0.0,0.0,0.0,1.0
-0.28605993402758595,-0.18905246903872183,0.41874855460289906,-0.0622949173009514,-0.20229401536825206,1.6276866518733035,1.5818236366153744,0.0,1.0,0.0,0.0,0.0
-0.08238426736167774,0.6175713988598247,-0.46282552310631714,-0.3395879683167498,-0.1355608256620652,0.20737219584652442,0.15285240729734365,0.0,0.0,0.0,0.0,1.0
-0.23459708682469926,-0.18905246903872183,-0.24486153853884163,-0.15267350644414412,-0.08789983336460155,-1.162876035755522,-1.1802849814952894,0.0,0.0,1.0,0.0,0.0
-0.41293611818171955,-0.9956763369372683,-0.7946305696771875,-0.7405433861830719,-0.5215680603330946,1.6276866518733035,1.5818236366153744,0.0,1.0,0.0,0.0,0.0
1.3735949555825906,-0.18905246903872183,-0.355925989273861,-0.19672176594556673,3.486869601188616,0.2763901856706533,0.41217777032063846,1.0,0.0,0.0,0.0,0.0
-0.31278271489700177,0.6175713988598247,1.4419298069992652,1.9656903947787208,-0.39163140252703876,-1.162876035755522,-1.1802849814952894,0.0,0.0,1.0,0.0,0.0
0.3992749957022305,0.6175713988598247,1.6946014324214342,0.5649299078771752,0.3997672838132519,1.6276866518733035,1.5818236366153744,0.0,1.0,0.0,0.0,0.0
-0.40100473867337894,0.6175713988598247,0.9699058913754327,1.57407854710967,-0.48968355853016776,-0.9489843709756773,-0.9659769711537248,0.0,0.0,0.0,1.0,0.0
-0.3860729681416174,-0.9956763369372683,-0.7946305696771875,-0.7405433861830719,-0.5215680603330946,0.20737219584652442,0.15285240729734365,0.0,0.0,0.0,0.0,1.0
-0.3620522938079141,-0.9956763369372683,-0.7946305696771875,-0.7405433861830719,-0.5215680603330946,1.6276866518733035,1.5818236366153744,0.0,1.0,0.0,0.0,0.0
-0.1336190146621991,-0.18905246903872183,0.09943825873971841,0.11837614513108118,0.13655925883826536,0.20737219584652442,0.15285240729734365,0.0,0.0,0.0,0.0,1.0
-0.3753522727304467,-0.9956763369372683,-0.7946305696771875,-0.7405433861830719,-0.5215680603330946,1.6276866518733035,1.5818236366153744,0.0,1.0,0.0,0.0,0.0
0.15399741607415235,0.6175713988598247,0.5409194504114204,0.40806987917367304,0.12715966870431386,1.6276866518733035,1.5818236366153744,0.0,1.0,0.0,0.0,0.0
-0.3130634532383745,-0.9956763369372683,-0.7946305696771875,-0.7405433861830719,-0.5215680603330946,0.20737219584652442,0.15285240729734365,0.0,0.0,0.0,0.0,1.0
-0.02239399303959468,0.6175713988598247,-0.20598898078158484,-0.11684931103340741,-0.06888613962891126,1.6276866518733035,1.5818236366153744,0.0,1.0,0.0,0.0,0.0
-0.06480302873321117,-0.18905246903872183,-0.5211343597422022,-0.4842195457021639,0.2895268625949368,1.6276866518733035,1.5818236366153744,0.0,1.0,0.0,0.0,0.0
-0.33539969752384147,-0.9956763369372683,-0.7946305696771875,-0.7405433861830719,-0.5215680603330946,1.6276866518733035,1.5818236366153744,0.0,1.0,0.0,0.0,0.0
1.242279596405501,3.844066870454011,0.7144576546848881,0.9205883863539602,0.09785583022303075,0.2763901856706533,0.41217777032063846,1.0,0.0,0.0,0.0,0.0
-0.11289701583962523,-0.18905246903872183,0.2813062968183126,0.10842976395334063,0.1826211507394966,0.2763901856706533,0.41217777032063846,1.0,0.0,0.0,0.0,0.0
-0.14509419436580903,-0.18905246903872183,0.08139028549527776,0.4417411782255915,0.11105165739592393,0.2763901856706533,0.41217777032063846,1.0,0.0,0.0,0.0,0.0
-0.32843387742853086,-0.18905246903872183,-0.0990894469491287,0.16220911499662197,-0.2964849289512101,-1.162876035755522,-1.1802849814952894,0.0,0.0,1.0,0.0,0.0
-0.315923475091109,-0.9956763369372683,-0.7946305696771875,-0.7405433861830719,-0.5215680603330946,1.6276866518733035,1.5818236366153744,0.0,1.0,0.0,0.0,0.0
-0.32752147781906954,-0.9956763369372683,-0.7946305696771875,-0.7405433861830719,-0.5215680603330946,0.20737219584652442,0.15285240729734365,0.0,0.0,0.0,0.0,1.0
-0.3205907500164305,-0.9956763369372683,-0.7946305696771875,-0.7405433861830719,-0.5215680603330946,-0.9489843709756773,-0.9659769711537248,0.0,0.0,0.0,1.0,0.0
-0.11752919847227511,3.037443002555464,3.0967901229510537,1.8531800310668758,-0.3827895474093342,1.6276866518733035,1.5818236366153744,0.0,1.0,0.0,0.0,0.0
-0.16997462986996634,-0.18905246903872183,0.4492912785550294,0.7317793756855943,0.05574618515549556,0.2763901856706533,0.41217777032063846,1.0,0.0,0.0,0.0,0.0
2.676413867161704,-0.18905246903872183,-0.30178206954053904,-0.32387182489737615,6.382840418765518,1.6276866518733035,1.5818236366153744,0.0,1.0,0.0,0.0,0.0
-0.39703930960148925,-0.18905246903872183,-0.3434312385661713,-0.2824931568808882,-0.4489845033236184,-1.162876035755522,-1.1802849814952894,0.0,0.0,1.0,0.0,0.0
-0.3695795905859701,-0.18905246903872183,0.257705101037121,-0.05054010318180344,-0.3879456711259665,-0.9489843709756773,-0.9659769711537248,0.0,0.0,0.0,1.0,0.0
-0.4028119917459658,-0.9956763369372683,-0.7946305696771875,-0.7405433861830719,-0.5215680603330946,1.6276866518733035,1.5818236366153744,0.0,1.0,0.0,0.0,0.0
-0.42416565183662835,-0.18905246903872183,-0.49753316396101066,-0.4976536189811901,-0.509282288996187,-0.9489843709756773,-0.9659769711537248,0.0,0.0,0.0,1.0,0.0
-0.35677090376083975,0.6175713988598247,1.3808443590950044,1.6240257426342548,-0.4405209719581932,-1.162876035755522,-1.1802849814952894,0.0,0.0,1.0,0.0,0.0
-0.4041981373064936,-0.9956763369372683,-0.7946305696771875,-0.7405433861830719,-0.5215680603330946,-0.9489843709756773,-0.9659769711537248,0.0,0.0,0.0,1.0,0.0
-0.34820838434897183,-0.9956763369372683,-0.7946305696771875,-0.7405433861830719,-0.5215680603330946,1.6276866518733035,1.5818236366153744,0.0,1.0,0.0,0.0,0.0
0.20800445449572932,-0.18905246903872183,-0.014402803263676437,-0.2804263763764227,0.8959369348052191,0.2763901856706533,0.41217777032063846,1.0,0.0,0.0,0.0,0.0
-0.4112867804261548,-0.9956763369372683,-0.7946305696771875,-0.7405433861830719,-0.5215680603330946,0.2763901856706533,0.41217777032063846,1.0,0.0,0.0,0.0,0.0
-0.3951443257972234,-0.18905246903872183,0.006421781249139693,0.3288432931691592,-0.4447722388652501,-1.162876035755522,-1.1802849814952894,0.0,0.0,1.0,0.0,0.0
-0.1602716109462717,-0.18905246903872183,0.35905141233282617,0.19936810614982609,0.07731453928028885,0.20737219584652442,0.15285240729734365,0.0,0.0,0.0,0.0,1.0
-0.3919333810177729,-0.9956763369372683,-0.7946305696771875,-0.7405433861830719,-0.5215680603330946,0.2763901856706533,0.41217777032063846,1.0,0.0,0.0,0.0,0.0
-0.41328704110843545,-0.9956763369372683,-0.7946305696771875,-0.7405433861830719,-0.5215680603330946,0.2763901856706533,0.41217777032063846,1.0,0.0,0.0,0.0,0.0
-0.41362041788881554,-0.9956763369372683,-0.7946305696771875,-0.7405433861830719,-0.5215680603330946,0.20737219584652442,0.15285240729734365,0.0,0.0,0.0,0.0,1.0
0.08090017043923042,-0.18905246903872183,-0.6335871161114094,-0.6443089189438935,0.6134031965050336,-1.162876035755522,-1.1802849814952894,0.0,0.0,1.0,0.0,0.0
-0.34008451859549876,-0.18905246903872183,-0.3836921019576158,-0.5036817287858814,-0.3223825548804375,-0.9489843709756773,-0.9659769711537248,0.0,0.0,0.0,1.0,0.0
0.7165619598924113,-0.18905246903872183,0.35488649543026296,0.11859143476696302,2.02638390759547,0.20737219584652442,0.15285240729734365,0.0,0.0,0.0,0.0,1.0
-0.41879653105787507,-0.18905246903872183,-0.6766245907712294,-0.6107667936735043,-0.49734753969747675,-1.162876035755522,-1.1802849814952894,0.0,0.0,1.0,0.0,0.0
-0.32681963196563774,-0.18905246903872183,-0.014402803263676437,0.1266432671489435,-0.2928967036718593,1.6276866518733035,1.5818236366153744,0.0,1.0,0.0,0.0,0.0
0.21382977507921325,0.6175713988598247,0.4256900827738378,-0.06746186856211535,0.19365884371836914,0.2763901856706533,0.41217777032063846,1.0,0.0,0.0,0.0,0.0
-0.33038149967180414,0.6175713988598247,0.7894261589310262,1.1067708634645677,-0.4111911305443694,-1.162876035755522,-1.1802849814952894,0.0,0.0,1.0,0.0,0.0
0.004837626073559144,0.6175713988598247,1.6987663493239973,2.0454336759093508,-0.03862023944656118,0.2763901856706533,0.41217777032063846,1.0,0.0,0.0,0.0,0.0
3.2906342657925434,0.6175713988598247,-0.571113362572961,-0.52538292408277,3.6132960386126984,1.6276866518733035,1.5818236366153744,0.0,1.0,0.0,0.0,0.0
-0.38793285965321167,-0.9956763369372683,-0.7946305696771875,-0.7405433861830719,-0.5215680603330946,-0.9489843709756773,-0.9659769711537248,0.0,0.0,0.0,1.0,0.0
-0.38735383682413044,-0.18905246903872183,-0.019956025800427404,-0.0708203868818719,-0.4274551516475137,-1.162876035755522,-1.1802849814952894,0.0,0.0,1.0,0.0,0.0
-0.35615678863908695,-0.18905246903872183,0.1619120122781668,-0.030432051190440405,-0.358108797879191,-1.162876035755522,-1.1802849814952894,0.0,0.0,1.0,0.0,0.0
-0.361631186295855,-0.18905246903872183,-0.44477754986187645,-0.5287414424025266,-0.37027756187003275,0.2763901856706533,0.41217777032063846,1.0,0.0,0.0,0.0,0.0
-0.4044613295015306,-0.9956763369372683,-0.7946305696771875,-0.7405433861830719,-0.5215680603330946,1.6276866518733035,1.5818236366153744,0.0,1.0,0.0,0.0,0.0
-0.3254861248441173,-0.18905246903872183,0.21605593201148873,0.5474914473707468,-0.28993251757152605,0.2763901856706533,0.41217777032063846,1.0,0.0,0.0,0.0,0.0
-0.38103722414324426,-0.18905246903872183,-0.38091549068924035,-0.3699007490489116,-0.41341427011961934,-0.9489843709756773,-0.9659769711537248,0.0,0.0,0.0,1.0,0.0
-0.3832129462888828,-0.9956763369372683,-0.7946305696771875,-0.7405433861830719,-0.5215680603330946,1.6276866518733035,1.5818236366153744,0.0,1.0,0.0,0.0,0.0
-0.346225669813027,0.6175713988598247,-0.004684663824362243,0.27359997260188146,-0.4288007361272702,0.20737219584652442,0.15285240729734365,0.0,0.0,0.0,0.0,1.0
-0.29965819743782707,-0.9956763369372683,-0.7946305696771875,-0.7405433861830719,-0.5215680603330946,1.6276866518733035,1.5818236366153744,0.0,1.0,0.0,0.0,0.0
0.4523871806606819,-0.18905246903872183,0.4423497503840907,0.6054043594229594,1.4391630401399766,0.20737219584652442,0.15285240729734365,0.0,0.0,0.0,0.0,1.0
0.15122512495309673,-0.18905246903872183,-0.2476381498072171,-0.25769179082730126,0.7697250108489241,-1.162876035755522,-1.1802849814952894,0.0,0.0,1.0,0.0,0.0
-0.40482979857458223,-0.18905246903872183,0.01058669815170292,-0.0981191127116881,-0.4663015905413548,-1.162876035755522,-1.1802849814952894,0.0,0.0,1.0,0.0,0.0
10.013141949864684,1.424195266758371,2.4304034185409376,3.3514667230228907,7.216049730099983,1.6276866518733035,1.5818236366153744,0.0,1.0,0.0,0.0,0.0
-0.37365029653587456,-0.18905246903872183,-0.31011190334566546,-0.2600599768220014,-0.3969942392217206,-0.9489843709756773,-0.9659769711537248,0.0,0.0,0.0,1.0,0.0
-0.39816226296698015,-0.9956763369372683,-0.7946305696771875,-0.7405433861830719,-0.5215680603330946,0.2763901856706533,0.41217777032063846,1.0,0.0,0.0,0.0,0.0
-0.37224660482901095,-0.18905246903872183,-0.21570712022089902,-0.3182312364372722,-0.393874043326633,0.20737219584652442,0.15285240729734365,0.0,0.0,0.0,0.0,1.0
-0.42177937593496023,-0.9956763369372683,-0.7946305696771875,-0.7405433861830719,-0.5215680603330946,-0.9489843709756773,-0.9659769711537248,0.0,0.0,0.0,1.0,0.0
-0.3752469958524319,-0.9956763369372683,-0.7946305696771875,-0.7405433861830719,-0.5215680603330946,-0.9489843709756773,-0.9659769711537248,0.0,0.0,0.0,1.0,0.0
1.5275623896791914,-0.18905246903872183,0.10637978691065712,-0.19629118667380308,3.8291160884310416,0.2763901856706533,0.41217777032063846,1.0,0.0,0.0,0.0,0.0
-0.23078957306983175,-0.18905246903872183,-0.2837340962960984,-0.29084639475310325,-0.07943630199917634,1.6276866518733035,1.5818236366153744,0.0,1.0,0.0,0.0,0.0
-0.3716675819999297,-0.9956763369372683,-0.7946305696771875,-0.7405433861830719,-0.5215680603330946,0.20737219584652442,0.15285240729734365,0.0,0.0,0.0,0.0,1.0
-0.3153093599693562,-0.18905246903872183,-0.43783602169093777,-0.4547248655863531,-0.2673110973321407,0.20737219584652442,0.15285240729734365,0.0,0.0,0.0,0.0,1.0
-0.42379718276357664,-0.18905246903872183,-0.06993502863118611,-0.19629118667380308,-0.5084632375737265,-1.162876035755522,-1.1802849814952894,0.0,0.0,1.0,0.0,0.0
-0.38596769126360264,-0.9956763369372683,-0.7946305696771875,-0.7405433861830719,-0.5215680603330946,-0.9489843709756773,-0.9659769711537248,0.0,0.0,0.0,1.0,0.0
-0.26588186574142175,2.2308191346569175,1.7348622958128788,1.599611897925255,-0.43053634509391275,-0.9489843709756773,-0.9659769711537248,0.0,0.0,0.0,1.0,0.0
1.1120520983012303,-0.18905246903872183,0.4520678898234049,0.4106964127314313,2.9054991010364124,0.2763901856706533,0.41217777032063846,1.0,0.0,0.0,0.0,0.0
-0.4119184416942434,-0.9956763369372683,-0.7946305696771875,-0.7405433861830719,-0.5215680603330946,0.2763901856706533,0.41217777032063846,1.0,0.0,0.0,0.0,0.0
4.80737579349767,2.2308191346569175,2.5220315903973285,3.7341225218392577,2.3887361571368664,0.2763901856706533,0.41217777032063846,1.0,0.0,0.0,0.0,0.0
-0.4054439136963351,-0.18905246903872183,0.3298969940148836,0.07221804719801658,-0.4676666762454556,-1.162876035755522,-1.1802849814952894,0.0,0.0,1.0,0.0,0.0
0.7583042420252676,2.2308191346569175,2.4789941157375086,2.468563926271502,0.13861663800658877,0.2763901856706533,0.41217777032063846,1.0,0.0,0.0,0.0,0.0
-0.38631861419031854,-0.18905246903872183,0.4423497503840907,0.4171981597350628,-0.42515400717488655,-0.9489843709756773,-0.9659769711537248,0.0,0.0,0.0,1.0,0.0
0.7579884113912233,0.6175713988598247,-0.40590499210461967,-0.41648942625373986,0.7984503143080747,-1.162876035755522,-1.1802849814952894,0.0,0.0,1.0,0.0,0.0
-0.3819847160453772,-0.18905246903872183,0.44512636165246616,0.11467316339391373,-0.4155204023488035,-1.162876035755522,-1.1802849814952894,0.0,0.0,1.0,0.0,0.0
-0.40375948364809877,-0.9956763369372683,-0.7946305696771875,-0.7405433861830719,-0.5215680603330946,0.20737219584652442,0.15285240729734365,0.0,0.0,0.0,0.0,1.0
-0.32220499547932363,-0.18905246903872183,-0.6016560865250913,-0.6151587022454935,-0.28263905966675873,-1.162876035755522,-1.1802849814952894,0.0,0.0,1.0,0.0,0.0
-0.16418440157915398,-0.18905246903872183,-0.6072093090618423,-0.5391184028520308,0.06861699322273206,0.2763901856706533,0.41217777032063846,1.0,0.0,0.0,0.0,0.0
-0.3836515999472777,-0.18905246903872183,-0.34204293293198357,-0.5201729148944297,-0.41922563497422005,-1.162876035755522,-1.1802849814952894,0.0,0.0,1.0,0.0,0.0
-0.38065120892385673,-0.9956763369372683,-0.7946305696771875,-0.7405433861830719,-0.5215680603330946,-0.9489843709756773,-0.9659769711537248,0.0,0.0,0.0,1.0,0.0
-0.3536301435667325,-0.9956763369372683,-0.7946305696771875,-0.7405433861830719,-0.5215680603330946,1.6276866518733035,1.5818236366153744,0.0,1.0,0.0,0.0,0.0
-0.37222905868267514,0.6175713988598247,1.7015429605923729,0.9408686700540284,-0.4577015506055195,-0.9489843709756773,-0.9659769711537248,0.0,0.0,0.0,1.0,0.0
-0.3449798934231855,-0.18905246903872183,0.4340199165789642,0.5251874410933891,-0.33326423806455563,1.6276866518733035,1.5818236366153744,0.0,1.0,0.0,0.0,0.0
-0.11952945915455573,-0.18905246903872183,0.4548445010917804,0.10235859622147293,0.16787822513520753,0.20737219584652442,0.15285240729734365,0.0,0.0,0.0,0.0,1.0
-0.0888412492132503,-0.18905246903872183,-0.4489424667644397,-0.3796748985179467,0.236093507891561,0.2763901856706533,0.41217777032063846,1.0,0.0,0.0,0.0,0.0
-0.2778658836887697,-0.18905246903872183,0.14802895593628937,0.5110213830523646,-0.18407987183067798,1.6276866518733035,1.5818236366153744,0.0,1.0,0.0,0.0,0.0
-0.39009103565251446,-0.18905246903872183,0.18551320805935842,0.06093687027780871,-0.43353953364293457,0.2763901856706533,0.41217777032063846,1.0,0.0,0.0,0.0,0.0
-0.14465554070741415,0.6175713988598247,1.2739448252625483,1.6569219989969985,-0.20477067085997788,0.2763901856706533,0.41217777032063846,1.0,0.0,0.0,0.0,0.0
-0.39851318589369605,-0.9956763369372683,-0.7946305696771875,-0.7405433861830719,-0.5215680603330946,-0.9489843709756773,-0.9659769711537248,0.0,0.0,0.0,1.0,0.0
-0.250879910624317,1.424195266758371,-0.33232479349266936,-0.30363459912448404,-0.38907674213793575,-0.9489843709756773,-0.9659769711537248,0.0,0.0,0.0,1.0,0.0
-0.34278662513121116,-0.18905246903872183,0.08000197986109002,-0.12563312817738614,-0.3283889319784812,-1.162876035755522,-1.1802849814952894,0.0,0.0,1.0,0.0,0.0
-0.33483822084109605,-0.9956763369372683,-0.7946305696771875,-0.7405433861830719,-0.5215680603330946,1.6276866518733035,1.5818236366153744,0.0,1.0,0.0,0.0,0.0
-0.3375227812304727,-0.18905246903872183,0.2646466292080597,0.7282916835843086,-0.31668819737190257,0.2763901856706533,0.41217777032063846,1.0,0.0,0.0,0.0,0.0
-0.4222180295933551,-0.18905246903872183,-0.6849544245763558,-0.6109390253822097,-0.5049530171917529,-0.9489843709756773,-0.9659769711537248,0.0,0.0,0.0,1.0,0.0
-0.31532690611569203,-0.9956763369372683,-0.7946305696771875,-0.7405433861830719,-0.5215680603330946,0.20737219584652442,0.15285240729734365,0.0,0.0,0.0,0.0,1.0
-0.36738632229399576,1.424195266758371,0.6464306786096887,0.7871949279615775,-0.47540216060194546,-0.9489843709756773,-0.9659769711537248,0.0,0.0,0.0,1.0,0.0
0.1559450383174256,-0.18905246903872183,-0.45033077239862745,-0.31233230041411003,0.7802166695461563,0.2763901856706533,0.41217777032063846,1.0,0.0,0.0,0.0,0.0
-0.37942297868035113,-0.9956763369372683,-0.7946305696771875,-0.7405433861830719,-0.5215680603330946,-0.9489843709756773,-0.9659769711537248,0.0,0.0,0.0,1.0,0.0
0.09748127872655668,4.650690738352557,3.7118095188962235,3.413470138156858,-0.3541639771117252,0.2763901856706533,0.41217777032063846,1.0,0.0,0.0,0.0,0.0
-0.40554919057434985,-0.18905246903872183,0.3701578574063281,0.08806336439891943,-0.4679006909375872,-0.9489843709756773,-0.9659769711537248,0.0,0.0,0.0,1.0,0.0
-0.4229198754467869,-0.9956763369372683,-0.7946305696771875,-0.7405433861830719,-0.5215680603330946,0.2763901856706533,0.41217777032063846,1.0,0.0,0.0,0.0,0.0
-0.1375844437340888,-0.18905246903872183,0.2077260982063623,0.11760110244190661,0.12774470543464278,0.20737219584652442,0.15285240729734365,0.0,0.0,0.0,0.0,1.0
-0.250879910624317,0.6175713988598247,0.36599294050376485,-0.16188790285988644,-0.32283108304035635,0.2763901856706533,0.41217777032063846,1.0,0.0,0.0,0.0,0.0
-0.22522744468138475,0.6175713988598247,0.3534981897960752,0.6311960578016028,-0.29432029304899304,-1.162876035755522,-1.1802849814952894,0.0,0.0,1.0,0.0,0.0
-0.3548057353712307,-0.18905246903872183,-0.4656021343746926,-0.4445631947727307,-0.3551056093301691,-1.162876035755522,-1.1802849814952894,0.0,0.0,1.0,0.0,0.0
-0.20132959337203196,-0.18905246903872183,-0.7224386766994249,-0.6402184158621387,-0.013951190651024544,1.6276866518733035,1.5818236366153744,0.0,1.0,0.0,0.0,0.0
-0.37714197965669777,-0.9956763369372683,-0.7946305696771875,-0.7405433861830719,-0.5215680603330946,0.20737219584652442,0.15285240729734365,0.0,0.0,0.0,0.0,1.0
-0.38019500911912607,-0.9956763369372683,-0.7946305696771875,-0.7405433861830719,-0.5215680603330946,-0.9489843709756773,-0.9659769711537248,0.0,0.0,0.0,1.0,0.0
-0.3981271706743086,-0.18905246903872183,-0.49336824705844745,-0.578990043417346,-0.4514026551423113,-1.162876035755522,-1.1802849814952894,0.0,0.0,1.0,0.0,0.0
-0.35022619117758824,-0.18905246903872183,0.15913540100979132,-0.17540809199326546,-0.3449259702224457,0.20737219584652442,0.15285240729734365,0.0,0.0,0.0,0.0,1.0
-0.2820067742240173,-0.9956763369372683,-0.7946305696771875,-0.7405433861830719,-0.5215680603330946,0.2763901856706533,0.41217777032063846,1.0,0.0,0.0,0.0,0.0
-0.2383168698478878,-0.18905246903872183,-0.0727116398995616,0.06545795263132717,-0.09616835248658379,1.6276866518733035,1.5818236366153744,0.0,1.0,0.0,0.0,0.0
-0.2730406934464261,-0.9956763369372683,-0.7946305696771875,-0.7405433861830719,-0.5215680603330946,0.20737219584652442,0.15285240729734365,0.0,0.0,0.0,0.0,1.0
-0.3543670817128359,-0.9956763369372683,-0.7946305696771875,-0.7405433861830719,-0.5215680603330946,-0.9489843709756773,-0.9659769711537248,0.0,0.0,0.0,1.0,0.0
2.038611447855556,0.6175713988598247,1.6515639577616141,1.4088652805339525,2.221766674300989,0.20737219584652442,0.15285240729734365,0.0,0.0,0.0,0.0,1.0
-0.40095210023437156,0.6175713988598247,-0.6405286442823481,-0.5386878235802672,-0.48962505485713487,-1.162876035755522,-1.1802849814952894,0.0,0.0,1.0,0.0,0.0
-0.14830513914525953,-0.18905246903872183,-0.6669064513319152,-0.6330707999508619,0.10391420928591096,0.2763901856706533,0.41217777032063846,1.0,0.0,0.0,0.0,0.0
-0.393038788236928,0.6175713988598247,1.3475250238744985,0.7049542870547181,-0.4808300026778566,-0.9489843709756773,-0.9659769711537248,0.0,0.0,0.0,1.0,0.0
-0.28655122612498823,-0.18905246903872183,-0.0560519722893087,-0.09600927428004613,-0.20338608393153274,0.20737219584652442,0.15285240729734365,0.0,0.0,0.0,0.0,1.0
-0.07245314853561778,0.6175713988598247,-0.08798300187562677,-0.31775759923833213,-0.12452313268319269,0.2763901856706533,0.41217777032063846,1.0,0.0,0.0,0.0,0.0
-0.2583019305243583,-0.9956763369372683,-0.7946305696771875,-0.7405433861830719,-0.5215680603330946,1.6276866518733035,1.5818236366153744,0.0,1.0,0.0,0.0,0.0
-0.3624558551736374,-0.18905246903872183,0.24243373906105584,-0.025781795055392874,-0.3721106769583967,-0.9489843709756773,-0.9659769711537248,0.0,0.0,0.0,1.0,0.0
-0.03507985684037446,3.037443002555464,2.610883150985344,1.1604210407263196,-0.34613504613179213,1.6276866518733035,1.5818236366153744,0.0,1.0,0.0,0.0,0.0
-0.12365280354346755,-0.18905246903872183,-0.1282438652670713,0.13538402636574584,0.15871264969338758,0.20737219584652442,0.15285240729734365,0.0,0.0,0.0,0.0,1.0
-0.11177406247413435,1.424195266758371,0.6283827053652481,1.0355530519148577,-0.28600626977012583,-1.162876035755522,-1.1802849814952894,0.0,0.0,1.0,0.0,0.0
-0.38826623643359176,-0.9956763369372683,-0.7946305696771875,-0.7405433861830719,-0.5215680603330946,0.2763901856706533,0.41217777032063846,1.0,0.0,0.0,0.0,0.0
-0.13711069778302232,-0.9956763369372683,-0.7946305696771875,-0.7405433861830719,-0.5215680603330946,1.6276866518733035,1.5818236366153744,0.0,1.0,0.0,0.0,0.0
-0.3548934661029097,-0.18905246903872183,-0.5933262527199649,-0.6244592145155886,-0.3553006215736121,-1.162876035755522,-1.1802849814952894,0.0,0.0,1.0,0.0,0.0
-0.22247269970666494,0.6175713988598247,-0.2781808737593474,-0.14845382958086026,-0.29125860082693833,0.20737219584652442,0.15285240729734365,0.0,0.0,0.0,0.0,1.0
-0.21155899668580044,0.6175713988598247,0.7450003786370184,0.012711991840278557,-0.2791288392847851,-0.9489843709756773,-0.9659769711537248,0.0,0.0,0.0,1.0,0.0
-0.1770457268432917,1.424195266758371,1.2239658224317895,1.089806040157079,-0.33436930614398425,-1.162876035755522,-1.1802849814952894,0.0,0.0,1.0,0.0,0.0
-0.3401020647418345,-0.18905246903872183,-0.6724596738686661,-0.6364723761977948,-0.3224215573291261,-0.9489843709756773,-0.9659769711537248,0.0,0.0,0.0,1.0,0.0
-0.3864589833610049,0.6175713988598247,1.0559808406950726,1.3396711915615322,-0.47351704354874496,1.6276866518733035,1.5818236366153744,0.0,1.0,0.0,0.0,0.0
-0.2397381077010872,-0.18905246903872183,-0.3475961554687345,-0.43896566423980304,-0.09932755083036002,0.20737219584652442,0.15285240729734365,0.0,0.0,0.0,0.0,1.0
-0.41209390315760136,-0.9956763369372683,-0.7946305696771875,-0.7405433861830719,-0.5215680603330946,-0.9489843709756773,-0.9659769711537248,0.0,0.0,0.0,1.0,0.0
-0.42586762803120043,-0.18905246903872183,-0.52252266537639,-0.48564045729898403,-0.5130655265189807,-1.162876035755522,-1.1802849814952894,0.0,0.0,1.0,0.0,0.0
-0.26160060603548774,-0.18905246903872183,-0.7099439259917352,-0.6609723367611472,-0.14792460189634998,0.2763901856706533,0.41217777032063846,1.0,0.0,0.0,0.0,0.0
-0.166237300700442,1.424195266758371,2.0722205649205,1.100139942679407,-0.3263608046466742,-1.162876035755522,-1.1802849814952894,0.0,0.0,1.0,0.0,0.0
3.42166888662826,0.6175713988598247,0.9740708082779959,1.02900824698405,3.758931182015914,0.20737219584652442,0.15285240729734365,0.0,0.0,0.0,0.0,1.0
-0.28577919568621324,-0.9956763369372683,-0.7946305696771875,-0.7405433861830719,-0.5215680603330946,0.20737219584652442,0.15285240729734365,0.0,0.0,0.0,0.0,1.0
-0.2695139180329313,0.6175713988598247,0.7172342659532636,-0.0066210174619099095,-0.3435413832940005,-0.9489843709756773,-0.9659769711537248,0.0,0.0,0.0,1.0,0.0
-0.26802249559438873,-0.9956763369372683,-0.7946305696771875,-0.7405433861830719,-0.5215680603330946,-0.9489843709756773,-0.9659769711537248,0.0,0.0,0.0,1.0,0.0
-0.27139135569086137,-0.18905246903872183,0.04529433900639647,0.3684996440985924,-0.16968796826458624,0.2763901856706533,0.41217777032063846,1.0,0.0,0.0,0.0,0.0
0.33123104021201755,1.424195266758371,1.7931711324487638,2.1747366312199787,0.04223833839309361,1.6276866518733035,1.5818236366153744,0.0,1.0,0.0,0.0,0.0
-0.1416551496839932,-0.18905246903872183,-0.40590499210461967,-0.5435103114240202,0.11869613733888865,0.20737219584652442,0.15285240729734365,0.0,0.0,0.0,0.0,1.0
-0.4025487995509289,-0.9956763369372683,-0.7946305696771875,-0.7405433861830719,-0.5215680603330946,1.6276866518733035,1.5818236366153744,0.0,1.0,0.0,0.0,0.0
-0.41069021145073775,-0.9956763369372683,-0.7946305696771875,-0.7405433861830719,-0.5215680603330946,0.2763901856706533,0.41217777032063846,1.0,0.0,0.0,0.0,0.0
-0.3735976580968672,-0.9956763369372683,-0.7946305696771875,-0.7405433861830719,-0.5215680603330946,0.2763901856706533,0.41217777032063846,1.0,0.0,0.0,0.0,0.0
-0.28307708915050084,-0.9956763369372683,-0.7946305696771875,-0.7405433861830719,-0.5215680603330946,0.20737219584652442,0.15285240729734365,0.0,0.0,0.0,0.0,1.0
-0.3396107726444323,-0.18905246903872183,0.23271559962174165,0.07152912036319477,-0.32132948876584544,-0.9489843709756773,-0.9659769711537248,0.0,0.0,0.0,1.0,0.0
1.4985761559324582,2.2308191346569175,0.000868558712388725,-0.08851719495135846,0.5499949655495495,1.6276866518733035,1.5818236366153744,0.0,1.0,0.0,0.0,0.0
2.801535436682258,2.2308191346569175,0.21883254327986423,0.23532147534209186,1.274065674841152,1.6276866518733035,1.5818236366153744,0.0,1.0,0.0,0.0,0.0
-0.2541259476964391,-0.18905246903872183,0.12165114888672228,-0.14647316493074733,-0.1313095587550083,0.20737219584652442,0.15285240729734365,0.0,0.0,0.0,0.0,1.0
3.495801354896994,0.6175713988598247,0.5992282870473056,0.1507557063677086,3.8413238548705717,1.6276866518733035,1.5818236366153744,0.0,1.0,0.0,0.0,0.0
-0.3049395874849014,-0.18905246903872183,-0.6738479795028539,-0.6114557205083261,-0.2442606501571808,0.20737219584652442,0.15285240729734365,0.0,0.0,0.0,0.0,1.0
0.49493658552498476,3.037443002555464,5.057077678424146,6.361258890578065,-0.1105056526245115,0.2763901856706533,0.41217777032063846,1.0,0.0,0.0,0.0,0.0
2.8447340489609854,3.844066870454011,4.991827313617321,7.2460992940523905,0.6915251012282903,1.6276866518733035,1.5818236366153744,0.0,1.0,0.0,0.0,0.0
-0.12970622402931684,0.6175713988598247,0.8949373871292946,1.1776872695240426,-0.1881556277186362,0.2763901856706533,0.41217777032063846,1.0,0.0,0.0,0.0,0.0
0.08853274409530124,1.424195266758371,2.3123974396349793,2.8405844170753056,-0.13758895299387217,-1.162876035755522,-1.1802849814952894,0.0,0.0,1.0,0.0,0.0
-0.4029523609166522,0.6175713988598247,-0.4003517695678687,-0.5105709971341,-0.4918481944323848,0.2763901856706533,0.41217777032063846,1.0,0.0,0.0,0.0,0.0
-0.3349434977191108,0.6175713988598247,-0.36286751744479967,-0.17786239384231836,-0.4162614488738868,-1.162876035755522,-1.1802849814952894,0.0,0.0,1.0,0.0,0.0
-0.05888997741804825,3.037443002555464,2.530361424202455,3.6201912465305925,-0.35672031070587695,0.2763901856706533,0.41217777032063846,1.0,0.0,0.0,0.0,0.0
-0.20350531551767057,-0.18905246903872183,-0.44477754986187645,-0.25855294937082857,-0.01878749428841038,0.20737219584652442,0.15285240729734365,0.0,0.0,0.0,0.0,1.0
-0.37168512814626553,-0.9956763369372683,-0.7946305696771875,-0.7405433861830719,-0.5215680603330946,0.2763901856706533,0.41217777032063846,1.0,0.0,0.0,0.0,0.0
5.785538359425568,2.2308191346569175,3.2661634103219583,3.00476429339879,2.9323132845098216,1.6276866518733035,1.5818236366153744,0.0,1.0,0.0,0.0,0.0
-0.07068098775570249,-0.18905246903872183,-0.11852572582775708,-0.2661311445538691,0.27646104228425733,0.20737219584652442,0.15285240729734365,0.0,0.0,0.0,0.0,1.0
-0.21917402419553547,-0.18905246903872183,-0.6391403386481603,-0.5314971497418141,-0.053616680967326136,0.2763901856706533,0.41217777032063846,1.0,0.0,0.0,0.0,0.0
-0.3062380023137502,-0.9956763369372683,-0.7946305696771875,-0.7405433861830719,-0.5215680603330946,-1.162876035755522,-1.1802849814952894,0.0,0.0,1.0,0.0,0.0
-0.38526584541017084,-0.9956763369372683,-0.7946305696771875,-0.7405433861830719,-0.5215680603330946,0.2763901856706533,0.41217777032063846,1.0,0.0,0.0,0.0,0.0
-0.0030055013385412153,0.6175713988598247,-0.06993502863118611,-0.23831572359793646,-0.04733728672846226,1.6276866518733035,1.5818236366153744,0.0,1.0,0.0,0.0,0.0
-0.3393300343030596,-0.18905246903872183,-0.4961448583268229,-0.35750006602211815,-0.3207054495868279,-1.162876035755522,-1.1802849814952894,0.0,0.0,1.0,0.0,0.0
-0.3370314891330704,2.2308191346569175,0.581180313802865,0.7521457752400154,-0.4700750774519764,0.2763901856706533,0.41217777032063846,1.0,0.0,0.0,0.0,0.0
-0.2142084647825055,-0.9956763369372683,-0.7946305696771875,-0.7405433861830719,-0.5215680603330946,1.6276866518733035,1.5818236366153744,0.0,1.0,0.0,0.0,0.0
-0.3956180717482899,0.6175713988598247,-0.4919799414242597,-0.3947882309568513,-0.48369668265646837,0.2763901856706533,0.41217777032063846,1.0,0.0,0.0,0.0,0.0
-0.42504295915341805,-0.18905246903872183,0.45067958418921716,0.4513861539130974,-0.5112324114306167,-0.9489843709756773,-0.9659769711537248,0.0,0.0,0.0,1.0,0.0
-0.32913572328196267,-0.18905246903872183,0.06056570098246163,0.055856034870997426,-0.29804502689875395,-0.9489843709756773,-0.9659769711537248,0.0,0.0,0.0,1.0,0.0
-0.32890762337959734,-0.18905246903872183,0.1355342052285997,0.5133895690470648,-0.2975379950658022,0.2763901856706533,0.41217777032063846,1.0,0.0,0.0,0.0,0.0
0.777183895482583,1.424195266758371,2.302679300195665,3.1823782430013003,0.3726670836828745,-0.9489843709756773,-0.9659769711537248,0.0,0.0,0.0,1.0,0.0
-0.29200807763542047,0.6175713988598247,-0.17405795119526676,-0.14664539663945284,-0.36854195290339026,-0.9489843709756773,-0.9659769711537248,0.0,0.0,0.0,1.0,0.0
-0.25951261462152814,-0.18905246903872183,0.021693143225204856,-0.14190902465005256,-0.1432833105024071,0.2763901856706533,0.41217777032063846,1.0,0.0,0.0,0.0,0.0
-0.08275273643472944,-0.18905246903872183,0.009198392517515178,0.268734426830952,0.24962735758650362,0.20737219584652442,0.15285240729734365,0.0,0.0,0.0,0.0,1.0
-0.37222905868267514,-0.18905246903872183,0.31046071513625517,-0.10096093590532824,-0.3938350408779444,0.20737219584652442,0.15285240729734365,0.0,0.0,0.0,0.0,1.0
-0.2835332889552315,-0.18905246903872183,0.33267360528325907,0.030494915764117784,-0.1966776627570943,0.2763901856706533,0.41217777032063846,1.0,0.0,0.0,0.0,0.0
0.4104694370644677,2.2308191346569175,-0.3767505737866771,-0.41140859084692866,-0.05467949769409036,1.6276866518733035,1.5818236366153744,0.0,1.0,0.0,0.0,0.0
-0.39558297945561827,-0.9956763369372683,-0.7946305696771875,-0.7405433861830719,-0.5215680603330946,0.2763901856706533,0.41217777032063846,1.0,0.0,0.0,0.0,0.0
-0.2047335457611762,-0.18905246903872183,-0.65163508935585,-0.564651753667616,-0.021517665696612065,1.6276866518733035,1.5818236366153744,0.0,1.0,0.0,0.0,0.0
-0.07643612375384325,0.6175713988598247,0.7463886842712062,0.32746543949951556,-0.12894991060934827,1.6276866518733035,1.5818236366153744,0.0,1.0,0.0,0.0,0.0
-0.3458747468863111,-0.9956763369372683,-0.7946305696771875,-0.7405433861830719,-0.5215680603330946,1.6276866518733035,1.5818236366153744,0.0,1.0,0.0,0.0,0.0
0.8257867208327352,-0.18905246903872183,-0.019956025800427404,0.028815656604239463,2.2691741506819767,0.20737219584652442,0.15285240729734365,0.0,0.0,0.0,0.0,1.0
-0.4096900811095975,-0.9956763369372683,-0.7946305696771875,-0.7405433861830719,-0.5215680603330946,-1.162876035755522,-1.1802849814952894,0.0,0.0,1.0,0.0,0.0
-0.030640681817418323,-0.18905246903872183,-0.07132333426537386,-0.13743100022371044,0.36546463019163217,1.6276866518733035,1.5818236366153744,0.0,1.0,0.0,0.0,0.0
-0.33411882884132843,2.2308191346569175,-0.269851039954221,-0.13385719226807205,-0.46845647583139965,0.20737219584652442,0.15285240729734365,0.0,0.0,0.0,0.0,1.0
1.3538379948084853,0.6175713988598247,0.1327575939602242,-0.07435113691033395,1.4606923918160815,0.2763901856706533,0.41217777032063846,1.0,0.0,0.0,0.0,0.0
-0.42470958237303796,-0.18905246903872183,-0.19210592443970742,-0.32283843464514334,-0.5104913649055335,-1.162876035755522,-1.1802849814952894,0.0,0.0,1.0,0.0,0.0
-0.35240191332322685,-0.18905246903872183,-0.1948825357080829,-0.24188953155357493,-0.3497622738598315,0.20737219584652442,0.15285240729734365,0.0,0.0,0.0,0.0,1.0
-0.40103983096605056,-0.9956763369372683,-0.7946305696771875,-0.7405433861830719,-0.5215680603330946,-1.162876035755522,-1.1802849814952894,0.0,0.0,1.0,0.0,0.0
0.1415396521757379,-0.18905246903872183,-0.4947565526926352,-0.42019240799090735,0.7481956591728194,1.6276866518733035,1.5818236366153744,0.0,1.0,0.0,0.0,0.0
-0.28641085695430185,-0.18905246903872183,0.44790297292084164,0.7278180463853685,-0.20307406434202396,-0.9489843709756773,-0.9659769711537248,0.0,0.0,0.0,1.0,0.0
-0.05946900024712949,-0.18905246903872183,-0.4780968850823823,-0.5568152109215173,0.3013836069962698,0.20737219584652442,0.15285240729734365,0.0,0.0,0.0,0.0,1.0
-0.4190948155455836,-0.9956763369372683,-0.7946305696771875,-0.7405433861830719,-0.5215680603330946,0.2763901856706533,0.41217777032063846,1.0,0.0,0.0,0.0,0.0
0.4429298077856884,2.2308191346569175,1.3364185788009966,0.40957690662484586,-0.036640865175614955,0.2763901856706533,0.41217777032063846,1.0,0.0,0.0,0.0,0.0
-0.3733344659018302,-0.9956763369372683,-0.7946305696771875,-0.7405433861830719,-0.5215680603330946,1.6276866518733035,1.5818236366153744,0.0,1.0,0.0,0.0,0.0
-0.31241424582395005,-0.9956763369372683,-0.7946305696771875,-0.7405433861830719,-0.5215680603330946,-1.162876035755522,-1.1802849814952894,0.0,0.0,1.0,0.0,0.0
-0.3015005428030856,-0.18905246903872183,-0.15323336668245063,0.022959778508253696,-0.23661617021421608,1.6276866518733035,1.5818236366153744,0.0,1.0,0.0,0.0,0.0
1.0536585232957048,2.2308191346569175,1.0851352590130152,1.8040939940858183,0.30274869270037064,1.6276866518733035,1.5818236366153744,0.0,1.0,0.0,0.0,0.0
0.02257678001904788,-0.18905246903872183,-0.23236678783115194,-0.41700612137985626,0.48375905706414224,1.6276866518733035,1.5818236366153744,0.0,1.0,0.0,0.0,0.0
0.6253921835316206,-0.18905246903872183,-0.6002677808909036,-0.6093028241495078,1.823727184209528,0.2763901856706533,0.41217777032063846,1.0,0.0,0.0,0.0,0.0
-0.2586002150120668,-0.18905246903872183,0.21050270947473776,-0.02707353287068386,-0.14125518317060015,0.20737219584652442,0.15285240729734365,0.0,0.0,0.0,0.0,1.0
0.016418082655183838,-0.18905246903872183,0.3562748010644507,0.43648811111007474,0.4700691975744452,-0.9489843709756773,-0.9659769711537248,0.0,0.0,0.0,1.0,0.0
0.06524900790770129,0.6175713988598247,-0.0629935004602474,-0.16399774129152841,0.028522475970855922,-1.162876035755522,-1.1802849814952894,0.0,0.0,1.0,0.0,0.0
-0.2547927012571993,0.6175713988598247,-0.29900545827216357,-0.43362648126993364,-0.32717985606913474,0.20737219584652442,0.15285240729734365,0.0,0.0,0.0,0.0,1.0
-0.3848973763371191,-0.18905246903872183,-0.5419589442550184,-0.4147671091666852,-0.42199480883111035,-1.162876035755522,-1.1802849814952894,0.0,0.0,1.0,0.0,0.0
0.16899937119125705,-0.18905246903872183,-0.45033077239862745,-0.47526349684947966,0.8092344913704713,0.20737219584652442,0.15285240729734365,0.0,0.0,0.0,0.0,1.0
-0.383283130874226,-0.9956763369372683,-0.7946305696771875,-0.7405433861830719,-0.5215680603330946,-1.162876035755522,-1.1802849814952894,0.0,0.0,1.0,0.0,0.0
-0.4084618508660918,-0.9956763369372683,-0.7946305696771875,-0.7405433861830719,-0.5215680603330946,-1.162876035755522,-1.1802849814952894,0.0,0.0,1.0,0.0,0.0
-0.07740116180231196,1.424195266758371,1.108736454794207,1.0196646767867785,-0.260537670776473,0.20737219584652442,0.15285240729734365,0.0,0.0,0.0,0.0,1.0
-0.3703867133174167,-0.9956763369372683,-0.7946305696771875,-0.7405433861830719,-0.5215680603330946,-0.9489843709756773,-0.9659769711537248,0.0,0.0,0.0,1.0,0.0
0.17849183635892216,-0.18905246903872183,-0.26290951178328226,-0.3302874560466547,0.8303348161110015,1.6276866518733035,1.5818236366153744,0.0,1.0,0.0,0.0,0.0
-0.4032155531116891,-0.9956763369372683,-0.7946305696771875,-0.7405433861830719,-0.5215680603330946,-0.9489843709756773,-0.9659769711537248,0.0,0.0,0.0,1.0,0.0
0.6804344445870094,1.424195266758371,1.4821906703907097,1.8760007324703498,0.300980582993236,1.6276866518733035,1.5818236366153744,0.0,1.0,0.0,0.0,0.0
-0.3038868187047537,-0.9956763369372683,-0.7946305696771875,-0.7405433861830719,-0.5215680603330946,-1.162876035755522,-1.1802849814952894,0.0,0.0,1.0,0.0,0.0
-0.2693910950085807,-0.18905246903872183,-0.2823457906619106,-0.34634806288343933,-0.16524168911408638,0.20737219584652442,0.15285240729734365,0.0,0.0,0.0,0.0,1.0
-0.3639999160511873,-0.18905246903872183,-0.11297250329100612,0.15200438625582324,-0.3755428924429931,-0.9489843709756773,-0.9659769711537248,0.0,0.0,0.0,1.0,0.0
-0.24863400389333526,-0.9956763369372683,-0.7946305696771875,-0.7405433861830719,-0.5215680603330946,0.20737219584652442,0.15285240729734365,0.0,0.0,0.0,0.0,1.0
-0.21403300331914754,0.6175713988598247,0.8449583842985359,1.5224090344980306,-0.2818785119173311,0.20737219584652442,0.15285240729734365,0.0,0.0,0.0,0.0,1.0
-0.41291857203538374,-0.9956763369372683,-0.7946305696771875,-0.7405433861830719,-0.5215680603330946,0.20737219584652442,0.15285240729734365,0.0,0.0,0.0,0.0,1.0
0.8200315848345944,0.6175713988598247,0.1882898193277339,0.1542433984689942,0.8674066435895115,-0.9489843709756773,-0.9659769711537248,0.0,0.0,0.0,1.0,0.0
-0.25982844525557247,-0.18905246903872183,0.18551320805935842,0.35209457384439696,-0.14398535457880182,0.2763901856706533,0.41217777032063846,1.0,0.0,0.0,0.0,0.0
0.3839045715120741,0.6175713988598247,1.582148676052227,0.5676856152164627,0.38268421128764707,1.6276866518733035,1.5818236366153744,0.0,1.0,0.0,0.0,0.0
-0.28314727373584403,-0.18905246903872183,0.09666164747134293,0.3864547997311373,-0.1958196088859452,0.2763901856706533,0.41217777032063846,1.0,0.0,0.0,0.0,0.0
-0.23080711921616756,-0.9956763369372683,-0.7946305696771875,-0.7405433861830719,-0.5215680603330946,-1.162876035755522,-1.1802849814952894,0.0,0.0,1.0,0.0,0.0
-0.2793222138346407,-0.18905246903872183,-0.32260665405335515,-0.301869224110253,-0.1873170750718314,0.2763901856706533,0.41217777032063846,1.0,0.0,0.0,0.0,0.0
1.3491356275904922,0.6175713988598247,-0.21293050895252355,-0.21054336056918024,1.4554660636918095,0.20737219584652442,0.15285240729734365,0.0,0.0,0.0,0.0,1.0
-0.1286710013955049,1.424195266758371,0.5825686194370526,0.7895200560291014,-0.29852605579916497,1.6276866518733035,1.5818236366153744,0.0,1.0,0.0,0.0,0.0
-0.29165715470870457,-0.18905246903872183,-0.40451668647043193,-0.2776706690371352,-0.214735796499914,0.20737219584652442,0.15285240729734365,0.0,0.0,0.0,0.0,1.0
-0.3396809572297755,1.424195266758371,2.7163943791836123,1.631776169526001,-0.4548738730755963,-1.162876035755522,-1.1802849814952894,0.0,0.0,1.0,0.0,0.0
-0.2450370438944973,-0.18905246903872183,0.29796596442856554,-0.11624650005293824,-0.11110629033431585,0.2763901856706533,0.41217777032063846,1.0,0.0,0.0,0.0,0.0
-0.24749350438150858,-0.18905246903872183,-0.3475961554687345,-0.3825167217115869,-0.11656663315071922,1.6276866518733035,1.5818236366153744,0.0,1.0,0.0,0.0,0.0
0.6050912922211058,4.650690738352557,-0.05466366665512096,-0.09562175293545888,-0.19297243013167775,0.2763901856706533,0.41217777032063846,1.0,0.0,0.0,0.0,0.0
-0.415550493985753,-0.9956763369372683,-0.7946305696771875,-0.7405433861830719,-0.5215680603330946,0.2763901856706533,0.41217777032063846,1.0,0.0,0.0,0.0,0.0
0.26134473935654606,1.424195266758371,1.049039312524134,1.247225821913874,-0.009543913949213256,1.6276866518733035,1.5818236366153744,0.0,1.0,0.0,0.0,0.0
-0.3660177228798037,-0.9956763369372683,-0.7946305696771875,-0.7405433861830719,-0.5215680603330946,0.2763901856706533,0.41217777032063846,1.0,0.0,0.0,0.0,0.0
-0.09356116257757915,0.6175713988598247,0.028634671396143566,0.18141295051728126,-0.14798310556938288,0.20737219584652442,0.15285240729734365,0.0,0.0,0.0,0.0,1.0
-0.39293351135891325,-0.18905246903872183,-0.1282438652670713,0.17977674928457946,-0.43985793033048703,-1.162876035755522,-1.1802849814952894,0.0,0.0,1.0,0.0,0.0
-0.3180816510904118,-0.18905246903872183,-0.07687655680212482,-0.18686150062217882,-0.2734734842249388,0.2763901856706533,0.41217777032063846,1.0,0.0,0.0,0.0,0.0
0.08460240731608316,-0.18905246903872183,-0.09075961314400224,-0.12124121960539679,0.6216327131783272,-1.162876035755522,-1.1802849814952894,0.0,0.0,1.0,0.0,0.0
-0.3879679519458833,-0.9956763369372683,-0.7946305696771875,-0.7405433861830719,-0.5215680603330946,-0.9489843709756773,-0.9659769711537248,0.0,0.0,0.0,1.0,0.0
-0.20959382829619141,-0.9956763369372683,-0.7946305696771875,-0.7405433861830719,-0.5215680603330946,0.2763901856706533,0.41217777032063846,1.0,0.0,0.0,0.0,0.0
-0.42309533691014484,-0.9956763369372683,-0.7946305696771875,-0.7405433861830719,-0.5215680603330946,0.2763901856706533,0.41217777032063846,1.0,0.0,0.0,0.0,0.0
-0.39433720306577685,-0.9956763369372683,-0.7946305696771875,-0.7405433861830719,-0.5215680603330946,0.20737219584652442,0.15285240729734365,0.0,0.0,0.0,0.0,1.0
-0.39633746374805745,-0.9956763369372683,-0.7946305696771875,-0.7405433861830719,-0.5215680603330946,1.6276866518733035,1.5818236366153744,0.0,1.0,0.0,0.0,0.0
-0.2909026704162654,0.6175713988598247,1.2031412379189734,0.9003942185082442,-0.36731337576969947,-0.9489843709756773,-0.9659769711537248,0.0,0.0,0.0,1.0,0.0
-0.36949185985429117,-0.18905246903872183,-0.5738899738413364,-0.47745945113547444,-0.3877506588825235,-0.9489843709756773,-0.9659769711537248,0.0,0.0,0.0,1.0,0.0
-0.2799714212490651,-0.18905246903872183,0.10776809254484486,-0.0673757527077626,-0.18876016567330944,1.6276866518733035,1.5818236366153744,0.0,1.0,0.0,0.0,0.0
-0.4028470840386374,-0.9956763369372683,-0.7946305696771875,-0.7405433861830719,-0.5215680603330946,-1.162876035755522,-1.1802849814952894,0.0,0.0,1.0,0.0,0.0
-0.3971621326258398,-0.9956763369372683,-0.7946305696771875,-0.7405433861830719,-0.5215680603330946,1.6276866518733035,1.5818236366153744,0.0,1.0,0.0,0.0,0.0
-0.35301602844497965,-0.18905246903872183,-0.6669064513319152,-0.5915199002256685,-0.3511273595639324,0.2763901856706533,0.41217777032063846,1.0,0.0,0.0,0.0,0.0
0.9584882255703526,0.6175713988598247,-0.18794100753714418,-0.04731075864357598,1.0212908048903648,-0.9489843709756773,-0.9659769711537248,0.0,0.0,0.0,1.0,0.0
1.4385683354640393,-0.18905246903872183,-0.09631283568075322,-0.1636532778741175,3.631295668682485,0.2763901856706533,0.41217777032063846,1.0,0.0,0.0,0.0,0.0
-0.21562970263570488,-0.18905246903872183,-0.3795271850550526,-0.23878936079687654,-0.04573818633222985,1.6276866518733035,1.5818236366153744,0.0,1.0,0.0,0.0,0.0
-0.3109228233854075,-0.18905246903872183,0.01752822632264163,0.23243659422127522,-0.25756048515999186,0.20737219584652442,0.15285240729734365,0.0,0.0,0.0,0.0,1.0
-0.4190246309602404,-0.9956763369372683,-0.7946305696771875,-0.7405433861830719,-0.5215680603330946,-0.9489843709756773,-0.9659769711537248,0.0,0.0,0.0,1.0,0.0
0.05128227542440848,-0.18905246903872183,-0.23653170473371515,-0.011529621160015697,0.5475670631186844,-1.162876035755522,-1.1802849814952894,0.0,0.0,1.0,0.0,0.0
0.07970703248839636,-0.18905246903872183,-0.46282552310631714,-0.5510023907527078,0.610751029994209,1.6276866518733035,1.5818236366153744,0.0,1.0,0.0,0.0,0.0
1.2027305825646188,-0.18905246903872183,0.01752822632264163,0.08896758086962307,3.1070637558590737,0.20737219584652442,0.15285240729734365,0.0,0.0,0.0,0.0,1.0
-0.3903717739938872,-0.9956763369372683,-0.7946305696771875,-0.7405433861830719,-0.5215680603330946,-0.9489843709756773,-0.9659769711537248,0.0,0.0,0.0,1.0,0.0
-0.37121138219519906,-0.9956763369372683,-0.7946305696771875,-0.7405433861830719,-0.5215680603330946,1.6276866518733035,1.5818236366153744,0.0,1.0,0.0,0.0,0.0
-0.178817887623207,2.2308191346569175,1.3697379140215025,1.6466742123290232,-0.38215380749571004,1.6276866518733035,1.5818236366153744,0.0,1.0,0.0,0.0,0.0
-0.3546653662005444,-0.9956763369372683,-0.7946305696771875,-0.7405433861830719,-0.5215680603330946,-0.9489843709756773,-0.9659769711537248,0.0,0.0,0.0,1.0,0.0
-0.3930563343832638,-0.9956763369372683,-0.7946305696771875,-0.7405433861830719,-0.5215680603330946,-1.162876035755522,-1.1802849814952894,0.0,0.0,1.0,0.0,0.0
-0.3370490352794062,0.6175713988598247,1.022661505474567,0.5899896214938203,-0.4186015957952025,-1.162876035755522,-1.1802849814952894,0.0,0.0,1.0,0.0,0.0
-0.3857220452149015,-0.18905246903872183,-0.008849580726925469,-0.24602309256250604,-0.4238279239194743,-0.9489843709756773,-0.9659769711537248,0.0,0.0,0.0,1.0,0.0
0.6326387419683039,2.2308191346569175,4.02140167532009,2.299561562104264,0.06878275362965859,1.6276866518733035,1.5818236366153744,0.0,1.0,0.0,0.0,0.0
2.781445099127773,-0.18905246903872183,0.37848769121145454,0.7193356347316244,6.616309076615451,1.6276866518733035,1.5818236366153744,0.0,1.0,0.0,0.0,0.0
-0.2793573061273123,-0.18905246903872183,-0.2143188145867113,-0.13321132336042657,-0.1873950799692086,0.20737219584652442,0.15285240729734365,0.0,0.0,0.0,0.0,1.0
0.22362052473458685,0.6175713988598247,0.6061698152182442,0.5809905147139597,0.20454052690248728,0.20737219584652442,0.15285240729734365,0.0,0.0,0.0,0.0,1.0
-0.40946198120723215,-0.9956763369372683,-0.7946305696771875,-0.7405433861830719,-0.5215680603330946,1.6276866518733035,1.5818236366153744,0.0,1.0,0.0,0.0,0.0
-0.22071808507308543,-0.18905246903872183,-0.38785701886017904,-0.1863017475688861,-0.057048896451922536,1.6276866518733035,1.5818236366153744,0.0,1.0,0.0,0.0,0.0
1.7391689144888791,1.424195266758371,2.6594738481819147,1.8997256503445275,1.0854498329831044,1.6276866518733035,1.5818236366153744,0.0,1.0,0.0,0.0,0.0
-0.36675466102590715,-0.18905246903872183,-0.4475541611302519,-0.28662671788981936,-0.38166627688710264,0.20737219584652442,0.15285240729734365,0.0,0.0,0.0,0.0,1.0
-0.04413366834964467,3.037443002555464,1.253120240749732,1.5124626533202898,-0.35016009883645516,0.2763901856706533,0.41217777032063846,1.0,0.0,0.0,0.0,0.0
-0.28823565617322455,-0.18905246903872183,-0.0296741652397416,0.19153156340372732,-0.2071303190056379,-1.162876035755522,-1.1802849814952894,0.0,0.0,1.0,0.0,0.0
-0.1476910240235067,0.6175713988598247,-0.2406966216362784,-0.14160761915981798,-0.20814438267154137,-1.162876035755522,-1.1802849814952894,0.0,0.0,1.0,0.0,0.0
-0.3720535972193172,-0.18905246903872183,-0.32815987659010615,-0.09488976817346065,-0.39344501639105844,-0.9489843709756773,-0.9659769711537248,0.0,0.0,0.0,1.0,0.0
0.017769135923040053,-0.18905246903872183,-0.21570712022089902,-0.02591096883692195,0.4730723861234671,1.6276866518733035,1.5818236366153744,0.0,1.0,0.0,0.0,0.0
-0.1949603422521384,-0.18905246903872183,-0.4558839949353784,-0.478708131023589,0.00020669822293561138,1.6276866518733035,1.5818236366153744,0.0,1.0,0.0,0.0,0.0
-0.37651031838860916,-0.18905246903872183,0.0661189235192126,0.024122342542015604,-0.4033516383579617,-1.162876035755522,-1.1802849814952894,0.0,0.0,1.0,0.0,0.0
-0.3534195898107029,0.6175713988598247,0.747776989905394,0.8978968587320149,-0.4367962381084323,1.6276866518733035,1.5818236366153744,0.0,1.0,0.0,0.0,0.0
2.9949290615953905,0.6175713988598247,1.516898311245403,1.2121766691923122,3.284641904738249,0.20737219584652442,0.15285240729734365,0.0,0.0,0.0,0.0,1.0
-0.3277671238677707,-0.9956763369372683,-0.7946305696771875,-0.7405433861830719,-0.5215680603330946,-1.162876035755522,-1.1802849814952894,0.0,0.0,1.0,0.0,0.0
-0.346997700251802,-0.18905246903872183,-0.6780128964054172,-0.6832332851113286,-0.3377495196637441,0.2763901856706533,0.41217777032063846,1.0,0.0,0.0,0.0,0.0
-0.37293090453610694,-0.9956763369372683,-0.7946305696771875,-0.7405433861830719,-0.5215680603330946,1.6276866518733035,1.5818236366153744,0.0,1.0,0.0,0.0,0.0
-0.40777755115899583,0.6175713988598247,0.8407934673959726,1.3347625878634266,-0.49721103112706666,-1.162876035755522,-1.1802849814952894,0.0,0.0,1.0,0.0,0.0
-0.40993572715829857,-0.9956763369372683,-0.7946305696771875,-0.7405433861830719,-0.5215680603330946,-1.162876035755522,-1.1802849814952894,0.0,0.0,1.0,0.0,0.0
-0.42170919134961704,-0.18905246903872183,-0.5516770836943325,-0.502562222679296,-0.5038219461797836,-1.162876035755522,-1.1802849814952894,0.0,0.0,1.0,0.0,0.0
-0.34422540913074634,-0.18905246903872183,-0.17683456246364226,0.05353090680347371,-0.33158713277094604,-0.9489843709756773,-0.9659769711537248,0.0,0.0,0.0,1.0,0.0
-0.30639591763077234,-0.18905246903872183,-0.1324087821696345,-0.3140115595739883,-0.24749785339833422,0.20737219584652442,0.15285240729734365,0.0,0.0,0.0,0.0,1.0
-0.4101989193533355,-0.9956763369372683,-0.7946305696771875,-0.7405433861830719,-0.5215680603330946,-0.9489843709756773,-0.9659769711537248,0.0,0.0,0.0,1.0,0.0
-0.3931089728222712,-0.9956763369372683,-0.7946305696771875,-0.7405433861830719,-0.5215680603330946,-0.9489843709756773,-0.9659769711537248,0.0,0.0,0.0,1.0,0.0
-0.20726019083353067,0.6175713988598247,1.5529942577342846,1.3081527888684323,-0.2743510393204322,0.2763901856706533,0.41217777032063846,1.0,0.0,0.0,0.0,0.0
0.7427934486644249,1.424195266758371,0.9393631674233024,0.12539458726082886,0.3471854812728287,-0.9489843709756773,-0.9659769711537248,0.0,0.0,0.0,1.0,0.0
0.3298448946514897,1.424195266758371,1.8278787733034574,2.8575922983099704,0.04121127131079737,0.2763901856706533,0.41217777032063846,1.0,0.0,0.0,0.0,0.0
0.1765968525546563,-0.18905246903872183,-0.6655181456977275,-0.6393572573186114,0.8261225516526332,1.6276866518733035,1.5818236366153744,0.0,1.0,0.0,0.0,0.0
-0.33699639684039884,-0.9956763369372683,-0.7946305696771875,-0.7405433861830719,-0.5215680603330946,-0.9489843709756773,-0.9659769711537248,0.0,0.0,0.0,1.0,0.0
-0.10019360589250965,-0.18905246903872183,0.2743647686473739,0.3333213175955013,0.21085892359003974,0.2763901856706533,0.41217777032063846,1.0,0.0,0.0,0.0,0.0
-0.25077463374630227,0.6175713988598247,-0.14768014414569966,-0.25295541883790096,-0.32271407569429056,0.20737219584652442,0.15285240729734365,0.0,0.0,0.0,0.0,1.0
-0.31623930572515335,-0.9956763369372683,-0.7946305696771875,-0.7405433861830719,-0.5215680603330946,-1.162876035755522,-1.1802849814952894,0.0,0.0,1.0,0.0,0.0
-0.20318948488362623,-0.9956763369372683,-0.7946305696771875,-0.7405433861830719,-0.5215680603330946,1.6276866518733035,1.5818236366153744,0.0,1.0,0.0,0.0,0.0
0.9087098084157023,-0.18905246903872183,-0.38508040759180356,-0.4580403259789332,2.453499723184279,0.2763901856706533,0.41217777032063846,1.0,0.0,0.0,0.0,0.0
-0.3622628475639436,-0.18905246903872183,-0.5863847245490261,-0.597461894176007,-0.37168165002282216,-0.9489843709756773,-0.9659769711537248,0.0,0.0,0.0,1.0,0.0
-0.21176955044183,-0.18905246903872183,-0.2559679836123436,-0.1776471042064365,-0.037157647620738844,0.20737219584652442,0.15285240729734365,0.0,0.0,0.0,0.0,1.0
-0.36812326044009913,-0.9956763369372683,-0.7946305696771875,-0.7405433861830719,-0.5215680603330946,0.20737219584652442,0.15285240729734365,0.0,0.0,0.0,0.0,1.0
-0.38903826687236676,-0.9956763369372683,-0.7946305696771875,-0.7405433861830719,-0.5215680603330946,0.2763901856706533,0.41217777032063846,1.0,0.0,0.0,0.0,0.0
-0.09378926247994449,1.424195266758371,-0.4725436625456313,-0.47285225292760324,-0.27268043573501893,0.2763901856706533,0.41217777032063846,1.0,0.0,0.0,0.0,0.0
3.7547298363743207,1.424195266758371,-0.3600909061764242,-0.45347618569823844,2.5788795962019657,0.20737219584652442,0.15285240729734365,0.0,0.0,0.0,0.0,1.0
-0.41530484793705186,-0.18905246903872183,-0.5419589442550184,-0.5060068568534052,-0.48958605240844627,-0.9489843709756773,-0.9659769711537248,0.0,0.0,0.0,1.0,0.0
0.6884003950234604,-0.18905246903872183,0.2674232404764352,0.010817443044518406,1.9637849774502745,0.2763901856706533,0.41217777032063846,1.0,0.0,0.0,0.0,0.0
-0.3104841697270126,0.6175713988598247,0.41874855460289906,0.8740858250034846,-0.38907674213793575,-1.162876035755522,-1.1802849814952894,0.0,0.0,1.0,0.0,0.0
-0.26804004174072454,-0.18905246903872183,-0.43228279915418677,-0.25127615967802275,-0.1622385005650645,0.20737219584652442,0.15285240729734365,0.0,0.0,0.0,0.0,1.0
0.8200842232736018,1.424195266758371,0.9726825026438082,1.4557553632290157,0.4044540793640798,-1.162876035755522,-1.1802849814952894,0.0,0.0,1.0,0.0,0.0
0.14568054271098552,3.037443002555464,4.194939879593558,4.667273919605465,-0.26577440085381004,0.2763901856706533,0.41217777032063846,1.0,0.0,0.0,0.0,0.0
-0.3479100998612633,-0.18905246903872183,-0.34065462729779583,-0.47522043892230337,-0.3397776469955511,-1.162876035755522,-1.1802849814952894,0.0,0.0,1.0,0.0,0.0
-0.4130764873524059,-0.9956763369372683,-0.7946305696771875,-0.7405433861830719,-0.5215680603330946,0.2763901856706533,0.41217777032063846,1.0,0.0,0.0,0.0,0.0
-0.36312260873439756,-0.18905246903872183,-0.19627084134227063,-0.3666283465835078,-0.37359277000856334,0.20737219584652442,0.15285240729734365,0.0,0.0,0.0,0.0,1.0
-0.376176941608229,-0.18905246903872183,0.13969912213116292,-0.27792901660019337,-0.4026105918328784,-0.9489843709756773,-0.9659769711537248,0.0,0.0,0.0,1.0,0.0
-0.13904077387995975,-0.9956763369372683,-0.7946305696771875,-0.7405433861830719,-0.5215680603330946,0.20737219584652442,0.15285240729734365,0.0,0.0,0.0,0.0,1.0
-0.3578061263946517,-0.18905246903872183,-0.5641718344020222,-0.5489786681754187,-0.36177502805591893,0.2763901856706533,0.41217777032063846,1.0,0.0,0.0,0.0,0.0
-0.30509750280192355,-0.9956763369372683,-0.7946305696771875,-0.7405433861830719,-0.5215680603330946,0.20737219584652442,0.15285240729734365,0.0,0.0,0.0,0.0,1.0
-0.3699656058053576,-0.9956763369372683,-0.7946305696771875,-0.7405433861830719,-0.5215680603330946,1.6276866518733035,1.5818236366153744,0.0,1.0,0.0,0.0,0.0
-0.16079799533634556,-0.18905246903872183,0.31184902077044296,-0.023026087716105398,0.07614446581963098,0.20737219584652442,0.15285240729734365,0.0,0.0,0.0,0.0,1.0
-0.32892516952593315,-0.18905246903872183,0.37571107994307906,0.8241386294788998,-0.2975769975144908,1.6276866518733035,1.5818236366153744,0.0,1.0,0.0,0.0,0.0
-0.42351644442220393,-0.9956763369372683,-0.7946305696771875,-0.7405433861830719,-0.5215680603330946,0.2763901856706533,0.41217777032063846,1.0,0.0,0.0,0.0,0.0
-0.2507044491609591,-0.9956763369372683,-0.7946305696771875,-0.7405433861830719,-0.5215680603330946,1.6276866518733035,1.5818236366153744,0.0,1.0,0.0,0.0,0.0
-0.34278662513121116,0.6175713988598247,1.4044455548761958,2.1354678016351323,-0.42497849615578787,-0.9489843709756773,-0.9659769711537248,0.0,0.0,0.0,1.0,0.0
-0.34459387820379805,-0.18905246903872183,0.020304837591017113,0.10881728529792786,-0.33240618419340656,0.2763901856706533,0.41217777032063846,1.0,0.0,0.0,0.0,0.0
-0.33620682025528803,-0.18905246903872183,0.20911440384055002,0.35304184824227713,-0.3137630137202579,-0.9489843709756773,-0.9659769711537248,0.0,0.0,0.0,1.0,0.0
-0.3356453435725426,-0.9956763369372683,-0.7946305696771875,-0.7405433861830719,-0.5215680603330946,-1.162876035755522,-1.1802849814952894,0.0,0.0,1.0,0.0,0.0
-0.38135305477728854,-0.18905246903872183,-0.5003097752293861,-0.3575861818764709,-0.414116314196014,0.2763901856706533,0.41217777032063846,1.0,0.0,0.0,0.0,0.0
-0.40776000501266,-0.9956763369372683,-0.7946305696771875,-0.7405433861830719,-0.5215680603330946,0.20737219584652442,0.15285240729734365,0.0,0.0,0.0,0.0,1.0
-0.38931900521373947,-0.9956763369372683,-0.7946305696771875,-0.7405433861830719,-0.5215680603330946,-1.162876035755522,-1.1802849814952894,0.0,0.0,1.0,0.0,0.0
-0.3671757685379662,-0.9956763369372683,-0.7946305696771875,-0.7405433861830719,-0.5215680603330946,-0.9489843709756773,-0.9659769711537248,0.0,0.0,0.0,1.0,0.0
-0.14079538851353926,-0.18905246903872183,-0.019956025800427404,0.2672273993797792,0.12060725732462982,0.2763901856706533,0.41217777032063846,1.0,0.0,0.0,0.0,0.0
-0.06790869663464688,-0.18905246903872183,-0.24486153853884163,-0.002659688161684199,0.2826234291770554,0.2763901856706533,0.41217777032063846,1.0,0.0,0.0,0.0,0.0
0.6604318377642032,2.2308191346569175,0.19384304186448487,-0.11426583540282544,0.0842277233103424,0.2763901856706533,0.41217777032063846,1.0,0.0,0.0,0.0,0.0
-0.22278853034070925,1.424195266758371,0.8407934673959726,0.87520533111007,-0.3682624340543737,1.6276866518733035,1.5818236366153744,0.0,1.0,0.0,0.0,0.0
-0.3686145525375014,-0.9956763369372683,-0.7946305696771875,-0.7405433861830719,-0.5215680603330946,0.20737219584652442,0.15285240729734365,0.0,0.0,0.0,0.0,1.0
-0.35161233673811604,0.6175713988598247,-0.3392663216636081,-0.28697118130723026,-0.43478761200096966,-0.9489843709756773,-0.9659769711537248,0.0,0.0,0.0,1.0,0.0
-0.406987974573885,-0.9956763369372683,-0.7946305696771875,-0.7405433861830719,-0.5215680603330946,1.6276866518733035,1.5818236366153744,0.0,1.0,0.0,0.0,0.0
1.0065120280914235,-0.18905246903872183,0.4395731391157152,-0.06479227707718062,2.6708993721745107,0.2763901856706533,0.41217777032063846,1.0,0.0,0.0,0.0,0.0
-0.37161494356092234,-0.18905246903872183,-0.41006990900718293,-0.44301310939438143,-0.39246995517384353,0.2763901856706533,0.41217777032063846,1.0,0.0,0.0,0.0,0.0
-0.34712052327615256,-0.9956763369372683,-0.7946305696771875,-0.7405433861830719,-0.5215680603330946,-1.162876035755522,-1.1802849814952894,0.0,0.0,1.0,0.0,0.0
0.525975718393006,0.6175713988598247,-0.04911044411836999,-0.052779115394974506,0.5405856248034259,1.6276866518733035,1.5818236366153744,0.0,1.0,0.0,0.0,0.0
-0.29249936973282276,-0.18905246903872183,-0.6016560865250913,-0.47125910962207773,-0.21660791403696658,0.2763901856706533,0.41217777032063846,1.0,0.0,0.0,0.0,0.0
3.66113869181919,0.6175713988598247,0.8144156603464056,0.6369227621160595,4.025083891866889,0.2763901856706533,0.41217777032063846,1.0,0.0,0.0,0.0,0.0
1.4890135061794498,-0.18905246903872183,-0.6446935611849113,-0.5742536714279457,3.7434277086621974,0.2763901856706533,0.41217777032063846,1.0,0.0,0.0,0.0,0.0
1.4597465340913438,-0.18905246903872183,-0.4197880484464971,-0.4139490085503343,3.67837162424962,0.20737219584652442,0.15285240729734365,0.0,0.0,0.0,0.0,1.0
-0.1861346306452335,0.6175713988598247,-0.2906756244670371,-0.31788677301986124,-0.25087156520989773,-0.9489843709756773,-0.9659769711537248,0.0,0.0,0.0,1.0,0.0
-0.3328555063051512,-0.18905246903872183,-0.44477754986187645,-0.3241732303876107,-0.3063135460207362,-1.162876035755522,-1.1802849814952894,0.0,0.0,1.0,0.0,0.0
1.015969400966417,-0.18905246903872183,-0.34204293293198357,-0.19379382689757385,2.6919216920176634,1.6276866518733035,1.5818236366153744,0.0,1.0,0.0,0.0,0.0
0.21282964473807295,-0.18905246903872183,-0.6044326977934668,-0.521378536855368,0.9066626081945828,0.20737219584652442,0.15285240729734365,0.0,0.0,0.0,0.0,1.0
-0.33792634259619597,-0.9956763369372683,-0.7946305696771875,-0.7405433861830719,-0.5215680603330946,1.6276866518733035,1.5818236366153744,0.0,1.0,0.0,0.0,0.0
0.9297476378723204,-0.18905246903872183,0.14108742776535066,0.5647576761684697,2.500263659161905,0.20737219584652442,0.15285240729734365,0.0,0.0,0.0,0.0,1.0
0.27017045096345094,-0.18905246903872183,-0.5683367513045855,-0.6112404308724443,1.0341226105089127,-0.9489843709756773,-0.9659769711537248,0.0,0.0,0.0,1.0,0.0
-0.17657198089222526,-0.9956763369372683,-0.7946305696771875,-0.7405433861830719,-0.5215680603330946,1.6276866518733035,1.5818236366153744,0.0,1.0,0.0,0.0,0.0
-0.3423479714728163,-0.18905246903872183,-0.20321236951320934,-0.2938604496554489,-0.3274138707612663,-1.162876035755522,-1.1802849814952894,0.0,0.0,1.0,0.0,0.0
-0.35971865634525335,-0.18905246903872183,-0.2573562892465313,-0.17127453098433434,-0.36602629496297584,-1.162876035755522,-1.1802849814952894,0.0,0.0,1.0,0.0,0.0
-0.4186912541798603,-0.9956763369372683,-0.7946305696771875,-0.7405433861830719,-0.5215680603330946,-0.9489843709756773,-0.9659769711537248,0.0,0.0,0.0,1.0,0.0
2.444208166553793,0.6175713988598247,0.5145416433618533,0.6658576891785777,2.6725569762437758,0.20737219584652442,0.15285240729734365,0.0,0.0,0.0,0.0,1.0
-0.34466406278914125,-0.18905246903872183,0.041129422103833246,0.25353497853769463,-0.3325621939881609,-1.162876035755522,-1.1802849814952894,0.0,0.0,1.0,0.0,0.0
-0.3224506415280248,-0.18905246903872183,0.39237074755333196,0.15928117594862917,-0.2831850939483991,0.2763901856706533,0.41217777032063846,1.0,0.0,0.0,0.0,0.0
-0.3787386789732551,-0.18905246903872183,-0.1976591469764584,-0.1611559180978883,-0.4083049493414133,0.20737219584652442,0.15285240729734365,0.0,0.0,0.0,0.0,1.0
0.17040306289812066,0.6175713988598247,0.6755850969276314,0.5482664900599213,0.14539331346623224,1.6276866518733035,1.5818236366153744,0.0,1.0,0.0,0.0,0.0
-0.4179016775947495,-0.18905246903872183,-0.5197460541080146,-0.3740773679850191,-0.4953584148143584,-1.162876035755522,-1.1802849814952894,0.0,0.0,1.0,0.0,0.0
-0.27275995510505335,-0.18905246903872183,-0.48781502452169645,-0.3807513466973559,-0.1727301592622967,0.20737219584652442,0.15285240729734365,0.0,0.0,0.0,0.0,1.0
-0.3536827820057399,0.6175713988598247,0.4520678898234049,0.05921455319075407,-0.4370887564735968,0.2763901856706533,0.41217777032063846,1.0,0.0,0.0,0.0,0.0
-0.1273199481276487,-0.18905246903872183,-0.1976591469764584,-0.04649265802722498,0.15056113791747114,1.6276866518733035,1.5818236366153744,0.0,1.0,0.0,0.0,0.0
-0.2019612546401206,-0.18905246903872183,0.11193300944740808,0.5080073281500189,-0.01535527880381398,0.2763901856706533,0.41217777032063846,1.0,0.0,0.0,0.0,0.0
-0.3499805451288871,-0.9956763369372683,-0.7946305696771875,-0.7405433861830719,-0.5215680603330946,1.6276866518733035,1.5818236366153744,0.0,1.0,0.0,0.0,0.0
-0.310361346702662,-0.18905246903872183,0.036964505201270016,0.21461061237025975,-0.25631240680195677,-0.9489843709756773,-0.9659769711537248,0.0,0.0,0.0,1.0,0.0
-0.3501209142995735,-0.9956763369372683,-0.7946305696771875,-0.7405433861830719,-0.5215680603330946,-1.162876035755522,-1.1802849814952894,0.0,0.0,1.0,0.0,0.0
-0.42123544539855057,-0.9956763369372683,-0.7946305696771875,-0.7405433861830719,-0.5215680603330946,0.2763901856706533,0.41217777032063846,1.0,0.0,0.0,0.0,0.0
-0.10858066384101966,-0.18905246903872183,-0.000519746921799017,-0.3008358338580202,0.1922157531168911,0.2763901856706533,0.41217777032063846,1.0,0.0,0.0,0.0,0.0
-0.42062133027679777,-0.9956763369372683,-0.7946305696771875,-0.7405433861830719,-0.5215680603330946,-0.9489843709756773,-0.9659769711537248,0.0,0.0,0.0,1.0,0.0
0.07891745590328558,3.037443002555464,2.3110091340007917,1.8371624821572676,-0.2954552643058312,-0.9489843709756773,-0.9659769711537248,0.0,0.0,0.0,1.0,0.0
-0.31381793753081366,-0.9956763369372683,-0.7946305696771875,-0.7405433861830719,-0.5215680603330946,-1.162876035755522,-1.1802849814952894,0.0,0.0,1.0,0.0,0.0
0.7430566408594618,6.26393847414965,2.727500824257114,1.326969103044504,-0.23191854368338738,-0.9489843709756773,-0.9659769711537248,0.0,0.0,0.0,1.0,0.0
-0.17055365269904757,-0.18905246903872183,-0.5863847245490261,-0.45726528328975874,0.05445910434877191,0.2763901856706533,0.41217777032063846,1.0,0.0,0.0,0.0,0.0
-0.13572455222249452,-0.18905246903872183,-0.3267715709559184,-0.25691674813812665,0.13187896499563392,1.6276866518733035,1.5818236366153744,0.0,1.0,0.0,0.0,0.0
-0.3486821303000383,-0.18905246903872183,0.2479869615978068,-0.03947421589747731,-0.34149375473784926,0.20737219584652442,0.15285240729734365,0.0,0.0,0.0,0.0,1.0
-0.42232330647136984,-0.18905246903872183,-0.16156320048757708,0.06907481851414186,-0.5051870318838845,-1.162876035755522,-1.1802849814952894,0.0,0.0,1.0,0.0,0.0
2.375725557405185,2.2308191346569175,3.1731469328313793,2.6860495164393274,1.0374378186474433,-0.9489843709756773,-0.9659769711537248,0.0,0.0,0.0,1.0,0.0
-0.2580913767683288,0.6175713988598247,0.1327575939602242,-0.09837746027474627,-0.3308460862458627,1.6276866518733035,1.5818236366153744,0.0,1.0,0.0,0.0,0.0
0.6083373292932278,0.6175713988598247,1.350301635142874,1.4823651622240102,0.6321243718755594,-0.9489843709756773,-0.9659769711537248,0.0,0.0,0.0,1.0,0.0
-0.32778467001410644,-0.9956763369372683,-0.7946305696771875,-0.7405433861830719,-0.5215680603330946,-1.162876035755522,-1.1802849814952894,0.0,0.0,1.0,0.0,0.0
-0.3320132912810331,-0.9956763369372683,-0.7946305696771875,-0.7405433861830719,-0.5215680603330946,0.20737219584652442,0.15285240729734365,0.0,0.0,0.0,0.0,1.0
-0.16506170889594374,1.424195266758371,2.6178246791562825,1.7837706524585735,-0.32548975125937724,-1.162876035755522,-1.1802849814952894,0.0,0.0,1.0,0.0,0.0
-0.4105147499873798,-0.9956763369372683,-0.7946305696771875,-0.7405433861830719,-0.5215680603330946,0.20737219584652442,0.15285240729734365,0.0,0.0,0.0,0.0,1.0
-0.1168624449115149,1.424195266758371,-0.47532027381400677,-0.3406213585689826,-0.2897765077767717,-0.9489843709756773,-0.9659769711537248,0.0,0.0,0.0,1.0,0.0
5.230834489165746,1.424195266758371,2.2415938522914045,2.5494267135087174,3.672599261843708,0.2763901856706533,0.41217777032063846,1.0,0.0,0.0,0.0,0.0
-0.2761989997868692,-0.9956763369372683,-0.7946305696771875,-0.7405433861830719,-0.5215680603330946,-1.162876035755522,-1.1802849814952894,0.0,0.0,1.0,0.0,0.0
-0.11233553915687979,0.6175713988598247,0.8866075533241682,0.48006273341255745,-0.16884941561778144,0.20737219584652442,0.15285240729734365,0.0,0.0,0.0,0.0,1.0
-0.41218163388928036,-0.18905246903872183,-0.5808315020122752,-0.5068249574697562,-0.48264361654187626,-1.162876035755522,-1.1802849814952894,0.0,0.0,1.0,0.0,0.0
2.231145311598235,-0.18905246903872183,0.24243373906105584,0.2084533287840393,5.393075278395031,1.6276866518733035,1.5818236366153744,0.0,1.0,0.0,0.0,0.0
-0.0038652625089951697,0.6175713988598247,1.3655729971189392,1.2910157338522383,-0.048292846721332855,-1.162876035755522,-1.1802849814952894,0.0,0.0,1.0,0.0,0.0
-0.40584747506205837,-0.9956763369372683,-0.7946305696771875,-0.7405433861830719,-0.5215680603330946,-0.9489843709756773,-0.9659769711537248,0.0,0.0,0.0,1.0,0.0
2.031470166296888,4.650690738352557,0.4687275574336578,0.9940021521896646,0.2599741494885718,0.2763901856706533,0.41217777032063846,1.0,0.0,0.0,0.0,0.0
-0.3763348569252512,-0.18905246903872183,-0.21293050895252355,-0.24714259866909152,-0.40296161387107576,-1.162876035755522,-1.1802849814952894,0.0,0.0,1.0,0.0,0.0
-0.348278568934315,-0.18905246903872183,-0.27123934558840873,-0.18561282073406427,-0.3405966984180116,0.2763901856706533,0.41217777032063846,1.0,0.0,0.0,0.0,0.0
-0.33829481166924763,-0.18905246903872183,0.2021728756696113,0.6458788109687437,-0.31840430511420076,-0.9489843709756773,-0.9659769711537248,0.0,0.0,0.0,1.0,0.0
0.7067361179443662,0.6175713988598247,-0.17405795119526676,-0.022466334662812656,0.741487237998381,1.6276866518733035,1.5818236366153744,0.0,1.0,0.0,0.0,0.0
-0.23300038750814192,0.6175713988598247,1.1489973181856514,1.6904641242673877,-0.30295933543351694,-0.9489843709756773,-0.9659769711537248,0.0,0.0,0.0,1.0,0.0
-0.34676960034943666,-0.18905246903872183,-0.1851643962687687,-0.24077002544698933,-0.33724248783079236,0.20737219584652442,0.15285240729734365,0.0,0.0,0.0,0.0,1.0
-0.23435144077599815,0.6175713988598247,-0.25319137234396805,0.004358753968063474,-0.3044609297080279,1.6276866518733035,1.5818236366153744,0.0,1.0,0.0,0.0,0.0
0.4089429223332535,2.2308191346569175,3.009326867997226,2.34416957465898,-0.055527800953067315,-0.9489843709756773,-0.9659769711537248,0.0,0.0,0.0,1.0,0.0
1.9474767637874373,-0.18905246903872183,0.2452103503294313,0.0426803091550294,4.7625226904465086,1.6276866518733035,1.5818236366153744,0.0,1.0,0.0,0.0,0.0
-0.26686444993622627,-0.18905246903872183,-0.01579110889786418,0.21258688979297044,-0.15962533650292862,0.20737219584652442,0.15285240729734365,0.0,0.0,0.0,0.0,1.0
-0.3446289704964696,-0.9956763369372683,-0.7946305696771875,-0.7405433861830719,-0.5215680603330946,-0.9489843709756773,-0.9659769711537248,0.0,0.0,0.0,1.0,0.0
-0.3704042594637525,-0.18905246903872183,0.12303945452091003,-0.24029638824804936,-0.3897787862143305,0.20737219584652442,0.15285240729734365,0.0,0.0,0.0,0.0,1.0
-0.25875813032908895,-0.18905246903872183,0.02446975449358034,0.10481289807052582,-0.14160620520879752,0.20737219584652442,0.15285240729734365,0.0,0.0,0.0,0.0,1.0
-0.09694756882038759,-0.18905246903872183,0.12303945452091003,0.18688130726867988,0.2180743765974299,0.2763901856706533,0.41217777032063846,1.0,0.0,0.0,0.0,0.0
0.08456731502341157,0.6175713988598247,0.28824782498925133,0.24535397237418508,0.04999332397392773,0.20737219584652442,0.15285240729734365,0.0,0.0,0.0,0.0,1.0
-0.3787035866805835,-0.18905246903872183,0.2382688221584926,0.3991568882481653,-0.4082269444440361,-1.162876035755522,-1.1802849814952894,0.0,0.0,1.0,0.0,0.0
-0.3262581552828923,-0.18905246903872183,0.343780050356761,-0.12068146655210404,-0.2916486253138243,0.20737219584652442,0.15285240729734365,0.0,0.0,0.0,0.0,1.0
-0.4031629146726817,-0.9956763369372683,-0.7946305696771875,-0.7405433861830719,-0.5215680603330946,-0.9489843709756773,-0.9659769711537248,0.0,0.0,0.0,1.0,0.0
-0.3796686247290522,-0.18905246903872183,0.09943825873971841,-0.00468341073897343,-0.4103720791219089,-1.162876035755522,-1.1802849814952894,0.0,0.0,1.0,0.0,0.0
-0.38477455331276855,-0.9956763369372683,-0.7946305696771875,-0.7405433861830719,-0.5215680603330946,0.20737219584652442,0.15285240729734365,0.0,0.0,0.0,0.0,1.0
-0.21640173307447988,-0.18905246903872183,-0.2240369540260255,-0.32912489201289286,-0.04745429407452805,0.20737219584652442,0.15285240729734365,0.0,0.0,0.0,0.0,1.0
-0.2278067281927466,-0.18905246903872183,-0.6780128964054172,-0.6467632207929463,-0.0728058857221151,1.6276866518733035,1.5818236366153744,0.0,1.0,0.0,0.0,0.0
-0.4154978555467456,-0.9956763369372683,-0.7946305696771875,-0.7405433861830719,-0.5215680603330946,1.6276866518733035,1.5818236366153744,0.0,1.0,0.0,0.0,0.0
-0.3203100116750578,-0.18905246903872183,0.11332131508159583,0.1652231698989676,-0.2784267952083904,0.20737219584652442,0.15285240729734365,0.0,0.0,0.0,0.0,1.0
2.34724816190219,6.26393847414965,6.731374273254562,3.3520264760761833,0.16428999985585674,0.2763901856706533,0.41217777032063846,1.0,0.0,0.0,0.0,0.0
-0.396635748235766,-0.9956763369372683,-0.7946305696771875,-0.7405433861830719,-0.5215680603330946,-1.162876035755522,-1.1802849814952894,0.0,0.0,1.0,0.0,0.0
-0.2965349833900556,-0.9956763369372683,-0.7946305696771875,-0.7405433861830719,-0.5215680603330946,0.20737219584652442,0.15285240729734365,0.0,0.0,0.0,0.0,1.0
-0.1442344331953551,0.6175713988598247,0.4492912785550294,0.9518053835568258,-0.20430264147571472,-0.9489843709756773,-0.9659769711537248,0.0,0.0,0.0,1.0,0.0
0.19461674484151775,0.6175713988598247,1.0948533984523294,0.9625698653509173,0.17230500306136312,1.6276866518733035,1.5818236366153744,0.0,1.0,0.0,0.0,0.0
0.12390577510826394,-0.18905246903872183,-0.04216891594743128,-0.2733648763194986,0.708998198240781,-1.162876035755522,-1.1802849814952894,0.0,0.0,1.0,0.0,0.0
-0.11589740686304617,-0.18905246903872183,0.3951473588217075,0.641573018251107,0.17595173201374678,0.2763901856706533,0.41217777032063846,1.0,0.0,0.0,0.0,0.0
2.647392541122299,-0.18905246903872183,-0.5725016682071488,-0.46846034435561396,6.318330368634581,1.6276866518733035,1.5818236366153744,0.0,1.0,0.0,0.0,0.0
1.2496665240128704,-0.18905246903872183,0.021693143225204856,0.2140078013897906,3.2113953061010663,0.20737219584652442,0.15285240729734365,0.0,0.0,0.0,0.0,1.0
-0.22380620682818536,1.424195266758371,2.2304874072179026,1.9086816991972118,-0.36901648399584974,-1.162876035755522,-1.1802849814952894,0.0,0.0,1.0,0.0,0.0
-0.1213718045198142,2.2308191346569175,2.3915308607836807,1.7839428841672789,-0.35023030324409465,-1.162876035755522,-1.1802849814952894,0.0,0.0,1.0,0.0,0.0
-0.3774402641444063,-0.18905246903872183,0.36738124613795264,0.45035276366086474,-0.40541876813845723,-1.162876035755522,-1.1802849814952894,0.0,0.0,1.0,0.0,0.0
0.32349318967793195,1.424195266758371,-0.5600069174994591,-0.5538011560191717,0.03650497843587008,-1.162876035755522,-1.1802849814952894,0.0,0.0,1.0,0.0,0.0
1.4088802558638742,-0.18905246903872183,-0.028285859605553857,-0.10100399383250466,3.5653035255013816,0.2763901856706533,0.41217777032063846,1.0,0.0,0.0,0.0,0.0
-0.33134653772027284,-0.18905246903872183,-0.5780548907438997,-0.5252106923740645,-0.30295933543351694,-1.162876035755522,-1.1802849814952894,0.0,0.0,1.0,0.0,0.0
-0.42527105905578344,-0.9956763369372683,-0.7946305696771875,-0.7405433861830719,-0.5215680603330946,-0.9489843709756773,-0.9659769711537248,0.0,0.0,0.0,1.0,0.0
0.9339938052855828,1.424195266758371,-0.04355722158161902,0.19424421281583845,0.4888553783262004,1.6276866518733035,1.5818236366153744,0.0,1.0,0.0,0.0,0.0
1.0879963316748555,-0.18905246903872183,0.10915639817903261,0.4413967148081805,2.852026743884348,0.20737219584652442,0.15285240729734365,0.0,0.0,0.0,0.0,1.0
-0.40777755115899583,-0.18905246903872183,-0.11297250329100612,-0.36215032215716575,-0.4728540019210388,-1.162876035755522,-1.1802849814952894,0.0,0.0,1.0,0.0,0.0
0.314842939534385,0.6175713988598247,-0.32815987659010615,-0.12860412515255537,0.3059273922684912,-1.162876035755522,-1.1802849814952894,0.0,0.0,1.0,0.0,0.0
0.041596802647049645,-0.18905246903872183,-0.2309784821969642,-0.08085288391396529,0.5260377114425797,1.6276866518733035,1.5818236366153744,0.0,1.0,0.0,0.0,0.0
-0.39609181769935636,-0.9956763369372683,-0.7946305696771875,-0.7405433861830719,-0.5215680603330946,-1.162876035755522,-1.1802849814952894,0.0,0.0,1.0,0.0,0.0
-0.31860803548048566,0.6175713988598247,-0.11019589202263064,-0.18109173838054582,-0.3981058090093456,-0.9489843709756773,-0.9659769711537248,0.0,0.0,0.0,1.0,0.0
0.0739343503439198,-0.18905246903872183,0.15774709537560358,0.016931668703562427,0.5979192243756611,1.6276866518733035,1.5818236366153744,0.0,1.0,0.0,0.0,0.0
-0.37961598629004484,-0.9956763369372683,-0.7946305696771875,-0.7405433861830719,-0.5215680603330946,0.20737219584652442,0.15285240729734365,0.0,0.0,0.0,0.0,1.0
-0.39961859311285114,-0.9956763369372683,-0.7946305696771875,-0.7405433861830719,-0.5215680603330946,0.2763901856706533,0.41217777032063846,1.0,0.0,0.0,0.0,0.0
-0.37566810336449097,-0.9956763369372683,-0.7946305696771875,-0.7405433861830719,-0.5215680603330946,-1.162876035755522,-1.1802849814952894,0.0,0.0,1.0,0.0,0.0
-0.3471380694224883,-0.9956763369372683,-0.7946305696771875,-0.7405433861830719,-0.5215680603330946,0.2763901856706533,0.41217777032063846,1.0,0.0,0.0,0.0,0.0
-0.2893761556850512,-0.9956763369372683,-0.7946305696771875,-0.7405433861830719,-0.5215680603330946,1.6276866518733035,1.5818236366153744,0.0,1.0,0.0,0.0,0.0
-0.38568695292222993,-0.9956763369372683,-0.7946305696771875,-0.7405433861830719,-0.5215680603330946,-1.162876035755522,-1.1802849814952894,0.0,0.0,1.0,0.0,0.0
-0.3807915780945431,-0.18905246903872183,0.1619120122781668,-0.18970332381581906,-0.412868235837979,1.6276866518733035,1.5818236366153744,0.0,1.0,0.0,0.0,0.0
-0.30572916407001216,-0.9956763369372683,-0.7946305696771875,-0.7405433861830719,-0.5215680603330946,1.6276866518733035,1.5818236366153744,0.0,1.0,0.0,0.0,0.0
-0.34529572405722986,0.6175713988598247,0.4992702813857881,0.03191582736093785,-0.42776717123702246,-0.9489843709756773,-0.9659769711537248,0.0,0.0,0.0,1.0,0.0
-0.403654206770084,-0.9956763369372683,-0.7946305696771875,-0.7405433861830719,-0.5215680603330946,0.2763901856706533,0.41217777032063846,1.0,0.0,0.0,0.0,0.0
-0.3468924233737872,-0.9956763369372683,-0.7946305696771875,-0.7405433861830719,-0.5215680603330946,1.6276866518733035,1.5818236366153744,0.0,1.0,0.0,0.0,0.0
-0.3615610017105118,-0.9956763369372683,-0.7946305696771875,-0.7405433861830719,-0.5215680603330946,-0.9489843709756773,-0.9659769711537248,0.0,0.0,0.0,1.0,0.0
-0.038887370595241964,1.424195266758371,0.6117230377549953,1.0187604603160751,-0.2320008817528139,0.2763901856706533,0.41217777032063846,1.0,0.0,0.0,0.0,0.0
1.4093715479612765,-0.18905246903872183,-0.07826486243631257,-0.12317882632833327,3.5663955940646623,0.2763901856706533,0.41217777032063846,1.0,0.0,0.0,0.0,0.0
0.28383889895903525,0.6175713988598247,0.5325896166062939,0.5193746209245796,0.2714687288521171,0.2763901856706533,0.41217777032063846,1.0,0.0,0.0,0.0,0.0
0.5787369804247418,2.2308191346569175,2.1610721255085155,2.913610661566423,0.03882887303681727,0.20737219584652442,0.15285240729734365,0.0,0.0,0.0,0.0,1.0
-0.37635240307158696,-0.18905246903872183,-0.6058210034276545,-0.5369655064932125,-0.40300061631976436,1.6276866518733035,1.5818236366153744,0.0,1.0,0.0,0.0,0.0
-0.3896523819941196,-0.18905246903872183,0.085555202397841,-0.051229030016625265,-0.4325644724257197,-0.9489843709756773,-0.9659769711537248,0.0,0.0,0.0,1.0,0.0
-0.061872822295133405,1.424195266758371,0.951857918130992,1.5723562300226155,-0.24903194841333734,0.2763901856706533,0.41217777032063846,1.0,0.0,0.0,0.0,0.0
0.7034725347259083,1.424195266758371,0.27575307428156165,0.7210148938915028,0.31805065210244793,0.20737219584652442,0.15285240729734365,0.0,0.0,0.0,0.0,1.0
4.071192131686719,2.2308191346569175,0.9213151941788617,0.7770763150751314,1.9796297222300163,0.20737219584652442,0.15285240729734365,0.0,0.0,0.0,0.0,1.0
-0.331504453037295,1.424195266758371,0.41874855460289906,0.5441329290509902,-0.4488154940127161,-0.9489843709756773,-0.9659769711537248,0.0,0.0,0.0,1.0,0.0
4.4868252460890305,1.424195266758371,1.011555060401065,0.8774874012504176,3.121325652562952,0.2763901856706533,0.41217777032063846,1.0,0.0,0.0,0.0,0.0
0.31003529543837716,0.6175713988598247,-0.5961028639883403,-0.610852909527857,0.3005840567981536,-0.9489843709756773,-0.9659769711537248,0.0,0.0,0.0,1.0,0.0
-0.1631491789453421,-0.18905246903872183,-0.22126034275765,0.006942229598645447,0.07091813769535919,1.6276866518733035,1.5818236366153744,0.0,1.0,0.0,0.0,0.0
-0.26377632818112634,-0.9956763369372683,-0.7946305696771875,-0.7405433861830719,-0.5215680603330946,-1.162876035755522,-1.1802849814952894,0.0,0.0,1.0,0.0,0.0
-0.3681758988791065,-0.18905246903872183,0.0924967305687797,0.16272581012273848,-0.38482547523087884,-0.9489843709756773,-0.9659769711537248,0.0,0.0,0.0,1.0,0.0
-0.34882249947072463,-0.18905246903872183,0.22716237708499068,-0.16619369557752306,-0.34180577432735804,-1.162876035755522,-1.1802849814952894,0.0,0.0,1.0,0.0,0.0
-0.3950741412118802,1.424195266758371,2.488712255176823,1.675436907682836,-0.49591744861214665,0.20737219584652442,0.15285240729734365,0.0,0.0,0.0,0.0,1.0
0.07374134273422607,-0.18905246903872183,-0.2615212061490945,-0.4762107712473599,0.5974901974400866,1.6276866518733035,1.5818236366153744,0.0,1.0,0.0,0.0,0.0
-0.3194151582119322,-0.18905246903872183,-0.539182332986643,-0.52490928688383,-0.27643767032527206,0.20737219584652442,0.15285240729734365,0.0,0.0,0.0,0.0,1.0
-0.2611093139380855,-0.9956763369372683,-0.7946305696771875,-0.7405433861830719,-0.5215680603330946,1.6276866518733035,1.5818236366153744,0.0,1.0,0.0,0.0,0.0
-0.3419970485461004,-0.9956763369372683,-0.7946305696771875,-0.7405433861830719,-0.5215680603330946,0.20737219584652442,0.15285240729734365,0.0,0.0,0.0,0.0,1.0
-0.3695094060006269,-0.9956763369372683,-0.7946305696771875,-0.7405433861830719,-0.5215680603330946,-0.9489843709756773,-0.9659769711537248,0.0,0.0,0.0,1.0,0.0
-0.2927274696351881,-0.9956763369372683,-0.7946305696771875,-0.7405433861830719,-0.5215680603330946,-0.9489843709756773,-0.9659769711537248,0.0,0.0,0.0,1.0,0.0
-0.06134643790505955,-0.18905246903872183,0.3076841038678797,0.7845253364766429,0.2972103449865901,0.2763901856706533,0.41217777032063846,1.0,0.0,0.0,0.0,0.0
2.54766024534964,0.6175713988598247,-0.21154220331833581,-0.2853349800745284,2.787536194977755,0.2763901856706533,0.41217777032063846,1.0,0.0,0.0,0.0,0.0
-0.4214810914472517,-0.9956763369372683,-0.7946305696771875,-0.7405433861830719,-0.5215680603330946,-0.9489843709756773,-0.9659769711537248,0.0,0.0,0.0,1.0,0.0
0.15952445216992778,-0.18905246903872183,-0.6294221992088461,-0.6139530802845553,0.7881731690786298,-1.162876035755522,-1.1802849814952894,0.0,0.0,1.0,0.0,0.0
-0.34166367176572027,-0.9956763369372683,-0.7946305696771875,-0.7405433861830719,-0.5215680603330946,-1.162876035755522,-1.1802849814952894,0.0,0.0,1.0,0.0,0.0
-0.4228496908614437,-0.9956763369372683,-0.7946305696771875,-0.7405433861830719,-0.5215680603330946,0.2763901856706533,0.41217777032063846,1.0,0.0,0.0,0.0,0.0
-0.3514017829820865,-0.18905246903872183,0.18690151369354616,-0.03628792928642627,-0.34753913428458155,0.2763901856706533,0.41217777032063846,1.0,0.0,0.0,0.0,0.0
-0.2499850571611915,3.844066870454011,0.07306045169015131,0.3312975950182122,-0.4549908804216621,0.2763901856706533,0.41217777032063846,1.0,0.0,0.0,0.0,0.0
-0.416919093399945,-0.9956763369372683,-0.7946305696771875,-0.7405433861830719,-0.5215680603330946,-0.9489843709756773,-0.9659769711537248,0.0,0.0,0.0,1.0,0.0
-0.40916369671952363,-0.9956763369372683,-0.7946305696771875,-0.7405433861830719,-0.5215680603330946,1.6276866518733035,1.5818236366153744,0.0,1.0,0.0,0.0,0.0
-0.3751592651207529,-0.9956763369372683,-0.7946305696771875,-0.7405433861830719,-0.5215680603330946,0.2763901856706533,0.41217777032063846,1.0,0.0,0.0,0.0,0.0
-0.34140047957068337,-0.18905246903872183,0.13136928832603648,-0.0652659142761207,-0.32530773853208217,0.20737219584652442,0.15285240729734365,0.0,0.0,0.0,0.0,1.0
0.6074424758301022,2.2308191346569175,0.6394891504387501,0.2828574269448002,0.05478087455045282,0.20737219584652442,0.15285240729734365,0.0,0.0,0.0,0.0,1.0
-0.2659871426194365,-0.9956763369372683,-0.7946305696771875,-0.7405433861830719,-0.5215680603330946,-0.9489843709756773,-0.9659769711537248,0.0,0.0,0.0,1.0,0.0
0.0921647963868108,0.6175713988598247,0.09388503620296744,-0.2586390652251813,0.058437354115008645,-1.162876035755522,-1.1802849814952894,0.0,0.0,1.0,0.0,0.0
-0.409128604426852,-0.9956763369372683,-0.7946305696771875,-0.7405433861830719,-0.5215680603330946,-1.162876035755522,-1.1802849814952894,0.0,0.0,1.0,0.0,0.0
-0.31511635235966245,-0.9956763369372683,-0.7946305696771875,-0.7405433861830719,-0.5215680603330946,-1.162876035755522,-1.1802849814952894,0.0,0.0,1.0,0.0,0.0
-0.38945937438442585,-0.18905246903872183,0.048070950274771956,0.32122204005894245,-0.43213544549014515,-0.9489843709756773,-0.9659769711537248,0.0,0.0,0.0,1.0,0.0
-0.306255548460086,0.6175713988598247,0.15635878974141584,0.5336267948199569,-0.38437694707096,-1.162876035755522,-1.1802849814952894,0.0,0.0,1.0,0.0,0.0
-0.2849369806620951,1.424195266758371,1.1004066209890804,1.0381795854726161,-0.414311326439457,-1.162876035755522,-1.1802849814952894,0.0,0.0,1.0,0.0,0.0
0.005907941000042639,0.6175713988598247,0.47705739123878427,0.5299668710099658,-0.03743066476155901,0.20737219584652442,0.15285240729734365,0.0,0.0,0.0,0.0,1.0
-0.3219067109916151,0.6175713988598247,-0.24624984417302936,-0.16735625961128495,-0.40177203918607357,0.20737219584652442,0.15285240729734365,0.0,0.0,0.0,0.0,1.0
-0.33789125030352435,-0.18905246903872183,-0.662741534429352,-0.6791427820295738,-0.3175072487943631,1.6276866518733035,1.5818236366153744,0.0,1.0,0.0,0.0,0.0
1.1614971386755006,1.424195266758371,0.1521938728388526,0.13900089224856063,0.65742396155831,1.6276866518733035,1.5818236366153744,0.0,1.0,0.0,0.0,0.0
0.41866348740328396,1.424195266758371,2.2318757128520903,0.944227188373785,0.10702140566485067,0.20737219584652442,0.15285240729734365,0.0,0.0,0.0,0.0,1.0
-0.3381368963522255,0.6175713988598247,-0.31150020897985325,-0.28662671788981936,-0.419810671704549,-0.9489843709756773,-0.9659769711537248,0.0,0.0,0.0,1.0,0.0
-0.220840908097436,-0.18905246903872183,0.21883254327986423,-0.14341605210122538,-0.057321913592742704,-1.162876035755522,-1.1802849814952894,0.0,0.0,1.0,0.0,0.0
0.11046542701504497,-0.18905246903872183,-0.47393196817981903,-0.32029801694173776,0.6791223225453169,-1.162876035755522,-1.1802849814952894,0.0,0.0,1.0,0.0,0.0
-0.3984254551620171,-0.18905246903872183,-0.7196620654310494,-0.6658378825320765,-0.45206569677001746,-0.9489843709756773,-0.9659769711537248,0.0,0.0,0.0,1.0,0.0
-0.33643492015765336,-0.18905246903872183,0.26325832357387197,-0.20227623855131802,-0.31427004555320964,-1.162876035755522,-1.1802849814952894,0.0,0.0,1.0,0.0,0.0
0.11551871715975394,1.424195266758371,-0.1712813399268913,-0.39969683465495703,-0.11759369633277061,0.2763901856706533,0.41217777032063846,1.0,0.0,0.0,0.0,0.0
-0.3844236303860527,-0.9956763369372683,-0.7946305696771875,-0.7405433861830719,-0.5215680603330946,-0.9489843709756773,-0.9659769711537248,0.0,0.0,0.0,1.0,0.0
-0.3731590044384723,-0.9956763369372683,-0.7946305696771875,-0.7405433861830719,-0.5215680603330946,0.20737219584652442,0.15285240729734365,0.0,0.0,0.0,0.0,1.0
-0.36828117575712127,-0.9956763369372683,-0.7946305696771875,-0.7405433861830719,-0.5215680603330946,0.20737219584652442,0.15285240729734365,0.0,0.0,0.0,0.0,1.0
-0.38554658375154355,-0.18905246903872183,-0.25319137234396805,-0.092693813887466,-0.42343789943258836,-1.162876035755522,-1.1802849814952894,0.0,0.0,1.0,0.0,0.0
0.3223351440197695,-0.18905246903872183,0.32850868838069586,0.5653174292217625,1.150076890460107,1.6276866518733035,1.5818236366153744,0.0,1.0,0.0,0.0,0.0
1.042586904957818,2.2308191346569175,2.4081905283939338,3.5295543098243414,0.29659605641974474,1.6276866518733035,1.5818236366153744,0.0,1.0,0.0,0.0,0.0
-0.33896156523000787,-0.18905246903872183,-0.19627084134227063,-0.0010665448561586295,-0.31988639816436737,-1.162876035755522,-1.1802849814952894,0.0,0.0,1.0,0.0,0.0
-0.09717566872275292,-0.18905246903872183,-0.5364057217182674,-0.5717993695788929,0.21756734476447814,0.2763901856706533,0.41217777032063846,1.0,0.0,0.0,0.0,0.0
-0.40193468442917607,-0.9956763369372683,-0.7946305696771875,-0.7405433861830719,-0.5215680603330946,0.2763901856706533,0.41217777032063846,1.0,0.0,0.0,0.0,0.0
-0.4235690828612113,-0.9956763369372683,-0.7946305696771875,-0.7405433861830719,-0.5215680603330946,-0.9489843709756773,-0.9659769711537248,0.0,0.0,0.0,1.0,0.0
-0.3913017197496843,-0.9956763369372683,-0.7946305696771875,-0.7405433861830719,-0.5215680603330946,0.2763901856706533,0.41217777032063846,1.0,0.0,0.0,0.0,0.0
-0.15556924372827866,2.2308191346569175,4.057497621808971,5.032534315842581,-0.3692342463676128,0.2763901856706533,0.41217777032063846,1.0,0.0,0.0,0.0,0.0
-0.18397645464593074,1.424195266758371,-0.40451668647043193,-0.31504494982622105,-0.3395046298547309,1.6276866518733035,1.5818236366153744,0.0,1.0,0.0,0.0,0.0
-0.351787798201474,-0.9956763369372683,-0.7946305696771875,-0.7405433861830719,-0.5215680603330946,1.6276866518733035,1.5818236366153744,0.0,1.0,0.0,0.0,0.0
-0.38688009087306396,-0.18905246903872183,0.2646466292080597,0.6107866003200052,-0.42640208553292164,-0.9489843709756773,-0.9659769711537248,0.0,0.0,0.0,1.0,0.0
-0.3341714672803358,-0.18905246903872183,-0.2948405413696003,-0.045416209847815824,-0.3092387296723808,-1.162876035755522,-1.1802849814952894,0.0,0.0,1.0,0.0,0.0
-0.304202649338798,0.6175713988598247,0.2382688221584926,-0.16907857669833962,-0.38209530382267715,1.6276866518733035,1.5818236366153744,0.0,1.0,0.0,0.0,0.0
0.06946008302829208,-0.18905246903872183,-0.10047775258331644,-0.39599385291778955,0.5879735999600693,-1.162876035755522,-1.1802849814952894,0.0,0.0,1.0,0.0,0.0
-0.05953918483247267,0.6175713988598247,-0.30594698644310225,-0.09790382307580628,-0.11017023156578956,1.6276866518733035,1.5818236366153744,0.0,1.0,0.0,0.0,0.0
-0.38696782160474297,-0.9956763369372683,-0.7946305696771875,-0.7405433861830719,-0.5215680603330946,-1.162876035755522,-1.1802849814952894,0.0,0.0,1.0,0.0,0.0
-0.31516899079866983,-0.9956763369372683,-0.7946305696771875,-0.7405433861830719,-0.5215680603330946,0.20737219584652442,0.15285240729734365,0.0,0.0,0.0,0.0,1.0
-0.41823505437512964,-0.9956763369372683,-0.7946305696771875,-0.7405433861830719,-0.5215680603330946,-0.9489843709756773,-0.9659769711537248,0.0,0.0,0.0,1.0,0.0
-0.34569928542295314,-0.18905246903872183,-0.52252266537639,-0.5708520951810127,-0.33486333846078803,-1.162876035755522,-1.1802849814952894,0.0,0.0,1.0,0.0,0.0
1.592728777170334,1.424195266758371,1.4405415013650773,1.268410322084646,0.9769450207314319,0.2763901856706533,0.41217777032063846,1.0,0.0,0.0,0.0,0.0
-0.28516508056446044,-0.9956763369372683,-0.7946305696771875,-0.7405433861830719,-0.5215680603330946,0.20737219584652442,0.15285240729734365,0.0,0.0,0.0,0.0,1.0
-0.4043034141845084,-0.18905246903872183,-0.6433052555507236,-0.5866112965275627,-0.4651315170806969,-1.162876035755522,-1.1802849814952894,0.0,0.0,1.0,0.0,0.0
-0.390389320140223,-0.9956763369372683,-0.7946305696771875,-0.7405433861830719,-0.5215680603330946,-1.162876035755522,-1.1802849814952894,0.0,0.0,1.0,0.0,0.0
-0.36945676756161955,-0.18905246903872183,-0.1449035328773242,-0.11870080190199114,-0.38767265398514633,-0.9489843709756773,-0.9659769711537248,0.0,0.0,0.0,1.0,0.0
-0.3777385486321148,-0.18905246903872183,-0.6113742259644055,-0.609905635129977,-0.40608180976616337,-0.9489843709756773,-0.9659769711537248,0.0,0.0,0.0,1.0,0.0
-0.3347329439630813,0.6175713988598247,0.16746523481491776,0.3486499396702877,-0.4160274341817552,-0.9489843709756773,-0.9659769711537248,0.0,0.0,0.0,1.0,0.0
-0.39389854940738195,-0.18905246903872183,-0.3698090456157384,-0.5306359911982867,-0.4420030650083598,-0.9489843709756773,-0.9659769711537248,0.0,0.0,0.0,1.0,0.0
2.5128837833120947,0.6175713988598247,0.11887453761834679,0.36948997642364895,2.748884768327357,1.6276866518733035,1.5818236366153744,0.0,1.0,0.0,0.0,0.0
-0.2835332889552315,-0.18905246903872183,0.3257320771123204,0.5309141454078459,-0.1966776627570943,-0.9489843709756773,-0.9659769711537248,0.0,0.0,0.0,1.0,0.0
-0.07883994580184715,0.6175713988598247,0.17718337425423197,0.36303128734719403,-0.13162157834451707,1.6276866518733035,1.5818236366153744,0.0,1.0,0.0,0.0,0.0
-0.33559270513353523,-0.9956763369372683,-0.7946305696771875,-0.7405433861830719,-0.5215680603330946,0.2763901856706533,0.41217777032063846,1.0,0.0,0.0,0.0,0.0
-0.4224461294957204,-0.9956763369372683,-0.7946305696771875,-0.7405433861830719,-0.5215680603330946,-0.9489843709756773,-0.9659769711537248,0.0,0.0,0.0,1.0,0.0
0.3513740162055102,-0.18905246903872183,0.014751615054266145,-0.1183132805574039,1.2146259430397326,-0.9489843709756773,-0.9659769711537248,0.0,0.0,0.0,1.0,0.0
-0.14651543221900842,0.6175713988598247,-0.019956025800427404,-0.1488844088526239,-0.20683780064047344,-0.9489843709756773,-0.9659769711537248,0.0,0.0,0.0,1.0,0.0
-0.41291857203538374,-0.9956763369372683,-0.7946305696771875,-0.7405433861830719,-0.5215680603330946,-0.9489843709756773,-0.9659769711537248,0.0,0.0,0.0,1.0,0.0
0.048790722644725594,-0.18905246903872183,0.36599294050376485,0.3183371589381258,0.5420287154049038,-1.162876035755522,-1.1802849814952894,0.0,0.0,1.0,0.0,0.0
0.23172684434172414,-0.18905246903872183,-0.5697250569387733,-0.4552846186396458,0.9486682454322001,-0.9489843709756773,-0.9659769711537248,0.0,0.0,0.0,1.0,0.0
-0.39431965691944104,-0.18905246903872183,0.08416689676365324,-0.29907045884378924,-0.4429391237768861,-1.162876035755522,-1.1802849814952894,0.0,0.0,1.0,0.0,0.0
-0.3545074508835222,-0.18905246903872183,0.45067958418921716,0.8575085230405836,-0.35444256770246296,0.2763901856706533,0.41217777032063846,1.0,0.0,0.0,0.0,0.0
0.06998646741836594,-0.18905246903872183,0.12720437142347324,-0.23547390040429633,0.5891436734207272,-0.9489843709756773,-0.9659769711537248,0.0,0.0,0.0,1.0,0.0
-0.38514302238582027,-0.9956763369372683,-0.7946305696771875,-0.7405433861830719,-0.5215680603330946,1.6276866518733035,1.5818236366153744,0.0,1.0,0.0,0.0,0.0
-0.3915122735057139,-0.9956763369372683,-0.7946305696771875,-0.7405433861830719,-0.5215680603330946,0.2763901856706533,0.41217777032063846,1.0,0.0,0.0,0.0,0.0
-0.3742468655112916,-0.9956763369372683,-0.7946305696771875,-0.7405433861830719,-0.5215680603330946,0.2763901856706533,0.41217777032063846,1.0,0.0,0.0,0.0,0.0
-0.41709455486330294,-0.9956763369372683,-0.7946305696771875,-0.7405433861830719,-0.5215680603330946,-0.9489843709756773,-0.9659769711537248,0.0,0.0,0.0,1.0,0.0
-0.33899665752267943,-0.9956763369372683,-0.7946305696771875,-0.7405433861830719,-0.5215680603330946,0.20737219584652442,0.15285240729734365,0.0,0.0,0.0,0.0,1.0
-0.359402825711209,0.6175713988598247,0.06750722915340034,-0.18048892740007666,-0.44344615560983786,-1.162876035755522,-1.1802849814952894,0.0,0.0,1.0,0.0,0.0
-0.14902453114502712,-0.18905246903872183,0.34100343908838554,0.5492998803121542,0.10231510888967854,0.2763901856706533,0.41217777032063846,1.0,0.0,0.0,0.0,0.0
-0.41119904969447585,-0.18905246903872183,-0.004684663824362243,0.01348703452945313,-0.4804594794153149,0.20737219584652442,0.15285240729734365,0.0,0.0,0.0,0.0,1.0
-0.4011275616977295,-0.9956763369372683,-0.7946305696771875,-0.7405433861830719,-0.5215680603330946,-1.162876035755522,-1.1802849814952894,0.0,0.0,1.0,0.0,0.0
-0.3608416097107442,-0.18905246903872183,-0.3475961554687345,-0.13148900627337193,-0.36852245167904596,1.6276866518733035,1.5818236366153744,0.0,1.0,0.0,0.0,0.0
-0.3083786321667172,-0.9956763369372683,-0.7946305696771875,-0.7405433861830719,-0.5215680603330946,-1.162876035755522,-1.1802849814952894,0.0,0.0,1.0,0.0,0.0
-0.3976885170159137,-0.18905246903872183,-0.41423482590974614,-0.502562222679296,-0.4504275939250964,-1.162876035755522,-1.1802849814952894,0.0,0.0,1.0,0.0,0.0
-0.4078126434516674,-0.18905246903872183,-0.5641718344020222,-0.4670394327587938,-0.472932006818416,0.20737219584652442,0.15285240729734365,0.0,0.0,0.0,0.0,1.0
-0.37551018804746883,-0.9956763369372683,-0.7946305696771875,-0.7405433861830719,-0.5215680603330946,0.20737219584652442,0.15285240729734365,0.0,0.0,0.0,0.0,1.0
-0.4046894294038959,-0.18905246903872183,-0.5738899738413364,-0.5661587811187888,-0.465989570951846,-1.162876035755522,-1.1802849814952894,0.0,0.0,1.0,0.0,0.0
-0.3653334231727077,-0.18905246903872183,0.32295546584394486,0.04405816282467314,-0.3785070785433264,-0.9489843709756773,-0.9659769711537248,0.0,0.0,0.0,1.0,0.0
0.08955042058277735,0.6175713988598247,1.3516899407770617,1.7224992220866044,0.055531671687708284,0.20737219584652442,0.15285240729734365,0.0,0.0,0.0,0.0,1.0
0.1659814340215003,0.6175713988598247,-0.2504147610755926,-0.03654627684948442,0.1404790049314692,1.6276866518733035,1.5818236366153744,0.0,1.0,0.0,0.0,0.0
-0.41397134081553144,-0.18905246903872183,0.09666164747134293,0.37530279659245835,-0.486621866308113,-0.9489843709756773,-0.9659769711537248,0.0,0.0,0.0,1.0,0.0
-0.4191123616919194,-0.9956763369372683,-0.7946305696771875,-0.7405433861830719,-0.5215680603330946,0.2763901856706533,0.41217777032063846,1.0,0.0,0.0,0.0,0.0
-0.18383608547524438,0.6175713988598247,-0.04078061031324354,0.24996117058205639,-0.24831690482079471,0.20737219584652442,0.15285240729734365,0.0,0.0,0.0,0.0,1.0
-0.4182526005214654,-0.9956763369372683,-0.7946305696771875,-0.7405433861830719,-0.5215680603330946,-0.9489843709756773,-0.9659769711537248,0.0,0.0,0.0,1.0,0.0
-0.32987266142806604,-0.18905246903872183,-0.24902645544140484,-0.44598410636955066,-0.29968312974367495,0.2763901856706533,0.41217777032063846,1.0,0.0,0.0,0.0,0.0
0.12950299578938254,0.6175713988598247,1.6946014324214342,0.6658146312514012,0.09993595951967423,0.20737219584652442,0.15285240729734365,0.0,0.0,0.0,0.0,1.0
0.5164306147863337,1.424195266758371,2.1180346508486956,2.588221905894623,0.17946195239572038,0.20737219584652442,0.15285240729734365,0.0,0.0,0.0,0.0,1.0
-0.41504165574201496,-0.9956763369372683,-0.7946305696771875,-0.7405433861830719,-0.5215680603330946,0.2763901856706533,0.41217777032063846,1.0,0.0,0.0,0.0,0.0
-0.3874942059948168,-0.9956763369372683,-0.7946305696771875,-0.7405433861830719,-0.5215680603330946,-1.162876035755522,-1.1802849814952894,0.0,0.0,1.0,0.0,0.0
-0.2849018883694235,-0.18905246903872183,-0.17683456246364226,-0.3333876268033531,-0.19971985375480475,0.20737219584652442,0.15285240729734365,0.0,0.0,0.0,0.0,1.0
0.6143205651937339,0.6175713988598247,0.3271203827465081,-0.2148922112139933,0.6387742893769649,1.6276866518733035,1.5818236366153744,0.0,1.0,0.0,0.0,0.0
-0.41918254627726254,-0.9956763369372683,-0.7946305696771875,-0.7405433861830719,-0.5215680603330946,0.2763901856706533,0.41217777032063846,1.0,0.0,0.0,0.0,0.0
-0.25891604564611115,2.2308191346569175,2.093045149433316,3.118092757726986,-0.42666535206156964,0.2763901856706533,0.41217777032063846,1.0,0.0,0.0,0.0,0.0
-0.35803422629701703,-0.9956763369372683,-0.7946305696771875,-0.7405433861830719,-0.5215680603330946,1.6276866518733035,1.5818236366153744,0.0,1.0,0.0,0.0,0.0
-0.315923475091109,-0.18905246903872183,-0.3087235977114777,-0.4610974388084553,-0.2686761830362415,0.20737219584652442,0.15285240729734365,0.0,0.0,0.0,0.0,1.0
-0.11319530032733374,0.6175713988598247,-0.2906756244670371,-0.3916450022729766,-0.16980497561065203,0.2763901856706533,0.41217777032063846,1.0,0.0,0.0,0.0,0.0
-0.1410059422695688,0.6175713988598247,-0.1254672539986958,0.09792362972230723,-0.20071441619636393,-0.9489843709756773,-0.9659769711537248,0.0,0.0,0.0,1.0,0.0
0.022980341384771164,-0.18905246903872183,0.2507635728661823,0.2775613019021071,0.4846561133839799,0.20737219584652442,0.15285240729734365,0.0,0.0,0.0,0.0,1.0
-0.08540220453143449,1.424195266758371,0.6047815095840565,0.7791000376524208,-0.2664660429771395,-0.9489843709756773,-0.9659769711537248,0.0,0.0,0.0,1.0,0.0
-0.4204809611061114,-0.18905246903872183,-0.6807895076737926,-0.6595944830915035,-0.501091774771582,-0.9489843709756773,-0.9659769711537248,0.0,0.0,0.0,1.0,0.0
-0.38828378257992757,-0.9956763369372683,-0.7946305696771875,-0.7405433861830719,-0.5215680603330946,-0.9489843709756773,-0.9659769711537248,0.0,0.0,0.0,1.0,0.0
-0.15251621426585033,0.6175713988598247,0.27991799118412486,0.7043084181470726,-0.21350721936622324,-0.9489843709756773,-0.9659769711537248,0.0,0.0,0.0,1.0,0.0
-0.41600669379048366,-0.18905246903872183,-0.09631283568075322,0.031399132234821436,-0.4911461503559901,-1.162876035755522,-1.1802849814952894,0.0,0.0,1.0,0.0,0.0
-0.41111131896279685,-0.9956763369372683,-0.7946305696771875,-0.7405433861830719,-0.5215680603330946,1.6276866518733035,1.5818236366153744,0.0,1.0,0.0,0.0,0.0
-0.04343182249621287,0.6175713988598247,1.1712102083326552,1.36434338383359,-0.09226810761772425,0.20737219584652442,0.15285240729734365,0.0,0.0,0.0,0.0,1.0
-0.3658773537091174,-0.18905246903872183,0.009198392517515178,0.09034543453926681,-0.3797161544526728,-0.9489843709756773,-0.9659769711537248,0.0,0.0,0.0,1.0,0.0
-0.2898849939287893,-0.9956763369372683,-0.7946305696771875,-0.7405433861830719,-0.5215680603330946,1.6276866518733035,1.5818236366153744,0.0,1.0,0.0,0.0,0.0
-0.018832125333428294,1.424195266758371,2.787197966527187,3.0947123032702195,-0.21714094880245902,-0.9489843709756773,-0.9659769711537248,0.0,0.0,0.0,1.0,0.0
0.7743589659225201,2.2308191346569175,3.988082340099584,2.7604966725272644,0.147538448144105,1.6276866518733035,1.5818236366153744,0.0,1.0,0.0,0.0,0.0
0.10969339657627,1.424195266758371,1.1226195111360844,0.3306086681833902,-0.1219099686210568,0.20737219584652442,0.15285240729734365,0.0,0.0,0.0,0.0,1.0
-0.4183227851068086,0.6175713988598247,0.6394891504387501,0.8926437916164983,-0.5089312669579896,-0.9489843709756773,-0.9659769711537248,0.0,0.0,0.0,1.0,0.0
-0.3768963336079966,-0.18905246903872183,-0.17961117373201774,-0.32408711453325795,-0.4042096922291108,0.20737219584652442,0.15285240729734365,0.0,0.0,0.0,0.0,1.0
-0.32952173850135014,-0.18905246903872183,-0.4697670512772558,-0.32934018164877465,-0.298903080769903,0.2763901856706533,0.41217777032063846,1.0,0.0,0.0,0.0,0.0
-0.334241651865679,-0.18905246903872183,-0.08104147370468806,0.07975318445388067,-0.3093947394671352,0.20737219584652442,0.15285240729734365,0.0,0.0,0.0,0.0,1.0
5.4599520680185565,1.424195266758371,1.6501756521274265,2.0276507519855116,3.842363921469016,0.20737219584652442,0.15285240729734365,0.0,0.0,0.0,0.0,1.0
0.1776145290421324,-0.18905246903872183,-0.7196620654310494,-0.7029968736852806,0.8283846936765717,1.6276866518733035,1.5818236366153744,0.0,1.0,0.0,0.0,0.0
-0.373615204243203,-0.9956763369372683,-0.7946305696771875,-0.7405433861830719,-0.5215680603330946,-0.9489843709756773,-0.9659769711537248,0.0,0.0,0.0,1.0,0.0
-0.2684436031064478,-0.9956763369372683,-0.7946305696771875,-0.7405433861830719,-0.5215680603330946,0.20737219584652442,0.15285240729734365,0.0,0.0,0.0,0.0,1.0
4.105582578504877,1.424195266758371,2.1888382381922704,2.491513801456505,2.8388439162276025,0.2763901856706533,0.41217777032063846,1.0,0.0,0.0,0.0,0.0
-0.3493313377144627,-0.18905246903872183,-0.4989214695951984,-0.5938880862203686,-0.34293684533932733,-0.9489843709756773,-0.9659769711537248,0.0,0.0,0.0,1.0,0.0
-0.13495252178371953,-0.18905246903872183,0.41874855460289906,0.9355294870841592,0.1335950727379321,0.2763901856706533,0.41217777032063846,1.0,0.0,0.0,0.0,0.0
1.1538996573121014,1.424195266758371,-0.3906336301285545,-0.42169943544208016,0.6517946055307593,-0.9489843709756773,-0.9659769711537248,0.0,0.0,0.0,1.0,0.0
0.06379267776183031,-0.18905246903872183,-0.43228279915418677,-0.5463521346176604,0.5753758090336529,1.6276866518733035,1.5818236366153744,0.0,1.0,0.0,0.0,0.0
-0.12554778734773342,0.6175713988598247,0.31462563203881844,0.19058428900584734,-0.18353383754903763,0.20737219584652442,0.15285240729734365,0.0,0.0,0.0,0.0,1.0
-0.17787039572107408,-0.18905246903872183,-0.36703243434736293,-0.18802406465594074,0.0381950832456276,1.6276866518733035,1.5818236366153744,0.0,1.0,0.0,0.0,0.0
-0.3933195265783007,-0.18905246903872183,0.29657765879437775,0.014391251000156782,-0.44071598420163616,-0.9489843709756773,-0.9659769711537248,0.0,0.0,0.0,1.0,0.0
-0.40170658452681074,-0.9956763369372683,-0.7946305696771875,-0.7405433861830719,-0.5215680603330946,0.2763901856706533,0.41217777032063846,1.0,0.0,0.0,0.0,0.0
-0.34603266220333323,0.6175713988598247,0.11609792634997132,-0.22350379664926653,-0.428586222659483,-1.162876035755522,-1.1802849814952894,0.0,0.0,1.0,0.0,0.0
-0.3954952487239393,-0.9956763369372683,-0.7946305696771875,-0.7405433861830719,-0.5215680603330946,0.20737219584652442,0.15285240729734365,0.0,0.0,0.0,0.0,1.0
-0.37712443351036196,-0.9956763369372683,-0.7946305696771875,-0.7405433861830719,-0.5215680603330946,-0.9489843709756773,-0.9659769711537248,0.0,0.0,0.0,1.0,0.0
-0.12460029544560049,0.6175713988598247,0.3160139376730062,0.19859306346065142,-0.18248077143444555,0.2763901856706533,0.41217777032063846,1.0,0.0,0.0,0.0,0.0
0.8840399266675745,1.424195266758371,2.6442024862058497,3.8022401626322684,0.4518420545207233,-0.9489843709756773,-0.9659769711537248,0.0,0.0,0.0,1.0,0.0
-0.3497699913728576,-0.18905246903872183,-0.11852572582775708,-0.37902902961030127,-0.3439119065565422,-0.9489843709756773,-0.9659769711537248,0.0,0.0,0.0,1.0,0.0
-0.39538997184592456,-0.9956763369372683,-0.7946305696771875,-0.7405433861830719,-0.5215680603330946,-1.162876035755522,-1.1802849814952894,0.0,0.0,1.0,0.0,0.0
-0.2894638864167302,0.6175713988598247,1.1545505407224024,1.6287621146236553,-0.36571427537346707,-0.9489843709756773,-0.9659769711537248,0.0,0.0,0.0,1.0,0.0
-0.3765454106812807,-0.9956763369372683,-0.7946305696771875,-0.7405433861830719,-0.5215680603330946,1.6276866518733035,1.5818236366153744,0.0,1.0,0.0,0.0,0.0
0.16285821997372882,-0.18905246903872183,-0.42395296534906035,-0.32128834926679417,0.7955836343294629,0.20737219584652442,0.15285240729734365,0.0,0.0,0.0,0.0,1.0
-0.3954075179922603,-0.18905246903872183,-0.2476381498072171,-0.21304072034540955,-0.445357275595579,-1.162876035755522,-1.1802849814952894,0.0,0.0,1.0,0.0,0.0
-0.1851695925967648,-0.18905246903872183,0.3396151334541978,0.7600684338404669,0.021970064591171883,-0.9489843709756773,-0.9659769711537248,0.0,0.0,0.0,1.0,0.0
-0.35233172873788365,-0.18905246903872183,-0.10186605821750419,-0.33442101705558586,-0.34960626406507717,-1.162876035755522,-1.1802849814952894,0.0,0.0,1.0,0.0,0.0
-0.3941441954560831,1.424195266758371,-0.14629183851151192,-0.2387463028697001,-0.4952284079521447,-1.162876035755522,-1.1802849814952894,0.0,0.0,1.0,0.0,0.0
-0.34780482298324855,-0.18905246903872183,-0.01717941453205192,-0.03684768233971901,-0.3395436323034195,1.6276866518733035,1.5818236366153744,0.0,1.0,0.0,0.0,0.0
0.5680689234525783,-0.18905246903872183,-0.6932842583814823,-0.6412087481871951,1.6963061843438867,0.20737219584652442,0.15285240729734365,0.0,0.0,0.0,0.0,1.0
-0.3758435648278489,-0.18905246903872183,-0.6072093090618423,-0.520215972821606,-0.40186954530779506,-1.162876035755522,-1.1802849814952894,0.0,0.0,1.0,0.0,0.0
-0.2104184971739738,-0.18905246903872183,-0.08798300187562677,-0.2916214374422779,-0.034154459071717,1.6276866518733035,1.5818236366153744,0.0,1.0,0.0,0.0,0.0
-0.37152721282924334,-0.18905246903872183,-0.05188705538674547,0.22115541730106736,-0.3922749429304006,-0.9489843709756773,-0.9659769711537248,0.0,0.0,0.0,1.0,0.0
-0.3879679519458833,-0.18905246903872183,-0.013014497629488695,-0.1983149092510923,-0.4288202373516145,-0.9489843709756773,-0.9659769711537248,0.0,0.0,0.0,1.0,0.0
-0.2488094653566932,-0.9956763369372683,-0.7946305696771875,-0.7405433861830719,-0.5215680603330946,-1.162876035755522,-1.1802849814952894,0.0,0.0,1.0,0.0,0.0
-0.18629254596225567,-0.9956763369372683,-0.7946305696771875,-0.7405433861830719,-0.5215680603330946,1.6276866518733035,1.5818236366153744,0.0,1.0,0.0,0.0,0.0
-0.37651031838860916,-0.9956763369372683,-0.7946305696771875,-0.7405433861830719,-0.5215680603330946,0.2763901856706533,0.41217777032063846,1.0,0.0,0.0,0.0,0.0
-0.33275022942713645,-0.18905246903872183,-0.14629183851151192,-0.27392462937279133,-0.3060795313286046,-0.9489843709756773,-0.9659769711537248,0.0,0.0,0.0,1.0,0.0
-0.418287692814137,-0.9956763369372683,-0.7946305696771875,-0.7405433861830719,-0.5215680603330946,0.2763901856706533,0.41217777032063846,1.0,0.0,0.0,0.0,0.0
0.07165335132026646,-0.18905246903872183,-0.5489004724259571,-0.5835111257708644,0.5928489060461437,-1.162876035755522,-1.1802849814952894,0.0,0.0,1.0,0.0,0.0
-0.34631340054470594,-0.18905246903872183,-0.5072513034003249,-0.3804929991342977,-0.3362284241648889,-0.9489843709756773,-0.9659769711537248,0.0,0.0,0.0,1.0,0.0
-0.3256089478684679,-0.9956763369372683,-0.7946305696771875,-0.7405433861830719,-0.5215680603330946,-1.162876035755522,-1.1802849814952894,0.0,0.0,1.0,0.0,0.0
0.11708032418363969,0.6175713988598247,1.6918248211530587,1.976885455844576,0.08612909268391143,0.2763901856706533,0.41217777032063846,1.0,0.0,0.0,0.0,0.0
-0.24042240740818321,-0.18905246903872183,-0.6613532287951642,-0.6387975042653187,-0.10084864632921525,0.20737219584652442,0.15285240729734365,0.0,0.0,0.0,0.0,1.0
-0.31185276914120463,0.6175713988598247,-0.2046006751473971,-0.1320918172538411,-0.39059783763679096,-1.162876035755522,-1.1802849814952894,0.0,0.0,1.0,0.0,0.0
-0.3285391543065456,-0.18905246903872183,0.4395731391157152,-0.11482558845611818,-0.29671894364334167,0.2763901856706533,0.41217777032063846,1.0,0.0,0.0,0.0,0.0
-0.4277275195427947,-0.9956763369372683,-0.7946305696771875,-0.7405433861830719,-0.5215680603330946,-0.9489843709756773,-0.9659769711537248,0.0,0.0,0.0,1.0,0.0
-0.1693605147482135,0.6175713988598247,1.161492068893341,0.6580211464324789,-0.23222839473674908,-0.9489843709756773,-0.9659769711537248,0.0,0.0,0.0,1.0,0.0
0.6836453893664599,0.6175713988598247,-0.1712813399268913,-0.18746431160264798,0.7158236267612852,1.6276866518733035,1.5818236366153744,0.0,1.0,0.0,0.0,0.0
-0.06383799068474244,-0.18905246903872183,0.24659865596361907,0.2659787194916645,0.29167199727280957,1.6276866518733035,1.5818236366153744,0.0,1.0,0.0,0.0,0.0
-0.3244509022103054,-0.18905246903872183,-0.46282552310631714,-0.4500315515241291,-0.28763137309889897,-0.9489843709756773,-0.9659769711537248,0.0,0.0,0.0,1.0,0.0
-0.27874319100555944,0.6175713988598247,-0.39757515829949325,-0.249424668809439,-0.3537990272991012,0.2763901856706533,0.41217777032063846,1.0,0.0,0.0,0.0,0.0
-0.4112867804261548,1.424195266758371,0.35488649543026296,0.33336437552267767,-0.5079302028082341,-0.9489843709756773,-0.9659769711537248,0.0,0.0,0.0,1.0,0.0
-0.40449642179420214,-0.9956763369372683,-0.7946305696771875,-0.7405433861830719,-0.5215680603330946,-0.9489843709756773,-0.9659769711537248,0.0,0.0,0.0,1.0,0.0
-0.3993027624788068,1.424195266758371,-0.2240369540260255,-0.17734569871620193,-0.4990506479236271,-1.162876035755522,-1.1802849814952894,0.0,0.0,1.0,0.0,0.0
-0.32460881752732756,-0.9956763369372683,-0.7946305696771875,-0.7405433861830719,-0.5215680603330946,0.2763901856706533,0.41217777032063846,1.0,0.0,0.0,0.0,0.0
-0.2663380655461524,-0.9956763369372683,-0.7946305696771875,-0.7405433861830719,-0.5215680603330946,-0.9489843709756773,-0.9659769711537248,0.0,0.0,0.0,1.0,0.0
0.07567141883116352,1.424195266758371,2.491488866445198,3.4875728308273843,-0.1471185499900374,1.6276866518733035,1.5818236366153744,0.0,1.0,0.0,0.0,0.0
-0.3613329018081465,1.424195266758371,0.214667626377301,0.20152100250864438,-0.47091687900275697,0.2763901856706533,0.41217777032063846,1.0,0.0,0.0,0.0,0.0
-0.3165024979201903,-0.9956763369372683,-0.7946305696771875,-0.7405433861830719,-0.5215680603330946,-0.9489843709756773,-0.9659769711537248,0.0,0.0,0.0,1.0,0.0
-0.3876170290191674,-0.9956763369372683,-0.7946305696771875,-0.7405433861830719,-0.5215680603330946,0.2763901856706533,0.41217777032063846,1.0,0.0,0.0,0.0,0.0
0.4037843553105298,1.424195266758371,0.4951053644832249,0.16048679790956732,0.09599671220212608,0.2763901856706533,0.41217777032063846,1.0,0.0,0.0,0.0,0.0
-0.403654206770084,-0.18905246903872183,-0.6321988104772216,-0.5910462630267285,-0.4636884264792189,0.20737219584652442,0.15285240729734365,0.0,0.0,0.0,0.0,1.0
0.16343724280281005,-0.18905246903872183,0.1785716798884197,-0.19999416841097054,0.7968707151361866,0.2763901856706533,0.41217777032063846,1.0,0.0,0.0,0.0,0.0
-0.2847088807597298,-0.18905246903872183,0.42846669404221327,0.6762777075552582,-0.19929082681923022,1.6276866518733035,1.5818236366153744,0.0,1.0,0.0,0.0,0.0
-0.40900578140250143,-0.9956763369372683,-0.7946305696771875,-0.7405433861830719,-0.5215680603330946,0.2763901856706533,0.41217777032063846,1.0,0.0,0.0,0.0,0.0
-0.1511827071443299,0.6175713988598247,0.45762111236015585,0.21672045080190155,-0.21202512631605663,1.6276866518733035,1.5818236366153744,0.0,1.0,0.0,0.0,0.0
-0.3696848674639849,-0.9956763369372683,-0.7946305696771875,-0.7405433861830719,-0.5215680603330946,-1.162876035755522,-1.1802849814952894,0.0,0.0,1.0,0.0,0.0
-0.3646140311729401,-0.9956763369372683,-0.7946305696771875,-0.7405433861830719,-0.5215680603330946,-1.162876035755522,-1.1802849814952894,0.0,0.0,1.0,0.0,0.0
-0.18990705210742945,-0.18905246903872183,-0.5336291104498919,-0.5306790491254632,0.011439403445251106,0.20737219584652442,0.15285240729734365,0.0,0.0,0.0,0.0,1.0
-0.36424556209988845,-0.18905246903872183,0.3271203827465081,0.35080283602910595,-0.37608892672463345,-1.162876035755522,-1.1802849814952894,0.0,0.0,1.0,0.0,0.0
0.27743455554647006,1.424195266758371,0.9074321378369843,0.15712827958981088,0.0023778358333490395,1.6276866518733035,1.5818236366153744,0.0,1.0,0.0,0.0,0.0
-0.4103392885240219,-0.9956763369372683,-0.7946305696771875,-0.7405433861830719,-0.5215680603330946,-0.9489843709756773,-0.9659769711537248,0.0,0.0,0.0,1.0,0.0
0.14168002134642427,-0.18905246903872183,-0.1282438652670713,0.03006433649235412,0.7485076787623282,0.20737219584652442,0.15285240729734365,0.0,0.0,0.0,0.0,1.0
0.08218103912174346,-0.18905246903872183,-0.5294641935473288,-0.5547053724898754,0.616250375259301,1.6276866518733035,1.5818236366153744,0.0,1.0,0.0,0.0,0.0
0.49770887664604035,2.2308191346569175,1.4183286112180733,0.940567264563794,-0.0061994539741661945,0.20737219584652442,0.15285240729734365,0.0,0.0,0.0,0.0,1.0
1.3152891113087437,0.6175713988598247,1.1476090125514637,1.0598807807695045,1.4178482019316594,0.2763901856706533,0.41217777032063846,1.0,0.0,0.0,0.0,0.0
-0.38630106804398273,-0.9956763369372683,-0.7946305696771875,-0.7405433861830719,-0.5215680603330946,-1.162876035755522,-1.1802849814952894,0.0,0.0,1.0,0.0,0.0
-0.3075013248499274,1.424195266758371,2.4192969734674357,2.167502899454349,-0.43103037741071654,-0.9489843709756773,-0.9659769711537248,0.0,0.0,0.0,1.0,0.0
-0.341347841131676,-0.9956763369372683,-0.7946305696771875,-0.7405433861830719,-0.5215680603330946,-1.162876035755522,-1.1802849814952894,0.0,0.0,1.0,0.0,0.0
-0.4036191144774124,-0.9956763369372683,-0.7946305696771875,-0.7405433861830719,-0.5215680603330946,0.2763901856706533,0.41217777032063846,1.0,0.0,0.0,0.0,0.0
-0.28518262671079625,-0.18905246903872183,0.07861367422690228,0.07820309907553152,-0.2003438929338223,0.20737219584652442,0.15285240729734365,0.0,0.0,0.0,0.0,1.0
1.30704242253092,1.424195266758371,0.9129853603737352,0.9312236943665226,0.7652657321822763,1.6276866518733035,1.5818236366153744,0.0,1.0,0.0,0.0,0.0
-0.1364439442222621,-0.18905246903872183,0.3604397179670139,0.6995289882304959,0.1302798645994015,0.20737219584652442,0.15285240729734365,0.0,0.0,0.0,0.0,1.0
-0.3891610898967173,-0.18905246903872183,-0.312888514614041,-0.19491333300415933,-0.431472403862439,-1.162876035755522,-1.1802849814952894,0.0,0.0,1.0,0.0,0.0
-0.4076020896956379,-0.9956763369372683,-0.7946305696771875,-0.7405433861830719,-0.5215680603330946,1.6276866518733035,1.5818236366153744,0.0,1.0,0.0,0.0,0.0
5.440668853195518,3.037443002555464,0.2049494869379868,0.3012431618491085,2.0882183897463693,1.6276866518733035,1.5818236366153744,0.0,1.0,0.0,0.0,0.0
-0.4158312323271257,1.424195266758371,2.147189069166638,2.1348649906546635,-0.511297416811846,-1.162876035755522,-1.1802849814952894,0.0,0.0,1.0,0.0,0.0
-0.3170639746029357,-0.18905246903872183,-0.5086396090345126,-0.34669252630085023,-0.27121134220100024,0.2763901856706533,0.41217777032063846,1.0,0.0,0.0,0.0,0.0
-0.19031061347315273,0.6175713988598247,0.3895941362849565,-0.11051979573848156,-0.2555128566038406,-0.9489843709756773,-0.9659769711537248,0.0,0.0,0.0,1.0,0.0
-0.1911001900582635,2.2308191346569175,4.007518618978213,3.648523362612641,-0.38897923601621426,0.2763901856706533,0.41217777032063846,1.0,0.0,0.0,0.0,0.0
-0.3997940545762091,-0.18905246903872183,-0.47115535691144356,-0.5409268357934381,-0.45510788776772787,0.2763901856706533,0.41217777032063846,1.0,0.0,0.0,0.0,0.0
-0.2549681627205573,-0.18905246903872183,0.11193300944740808,0.5241971087683328,-0.1331816762920609,0.2763901856706533,0.41217777032063846,1.0,0.0,0.0,0.0,0.0
-0.27986614437105034,-0.18905246903872183,0.22438576581661518,0.411815918838017,-0.18852615098117786,0.2763901856706533,0.41217777032063846,1.0,0.0,0.0,0.0,0.0
6.229385677135839,0.6175713988598247,-0.02273263706880289,-0.2821056355363009,6.879497600366093,1.6276866518733035,1.5818236366153744,0.0,1.0,0.0,0.0,0.0
0.09965700087219527,0.6175713988598247,-0.6530233949900378,-0.6466771049385936,0.06676437691002378,1.6276866518733035,1.5818236366153744,0.0,1.0,0.0,0.0,0.0
-0.35931509497953007,0.6175713988598247,-0.000519746921799017,-0.10014283528897734,-0.44334864948811636,-1.162876035755522,-1.1802849814952894,0.0,0.0,1.0,0.0,0.0
-0.06883864239044402,-0.18905246903872183,-0.021344331434615147,0.18942172497208554,0.28055629939655985,0.20737219584652442,0.15285240729734365,0.0,0.0,0.0,0.0,1.0
-0.3988992011130835,-0.18905246903872183,0.36599294050376485,0.6866546680047624,-0.4531187628846095,1.6276866518733035,1.5818236366153744,0.0,1.0,0.0,0.0,0.0
-0.37586111097418473,-0.18905246903872183,-0.11297250329100612,-0.11943278666398938,-0.40190854775648366,-1.162876035755522,-1.1802849814952894,0.0,0.0,1.0,0.0,0.0
-0.3198362657239913,-0.18905246903872183,-0.12269064273032032,0.017749769319913327,-0.2773737290937983,-0.9489843709756773,-0.9659769711537248,0.0,0.0,0.0,1.0,0.0
-0.40193468442917607,-0.9956763369372683,-0.7946305696771875,-0.7405433861830719,-0.5215680603330946,0.2763901856706533,0.41217777032063846,1.0,0.0,0.0,0.0,0.0
-0.38456399955673903,-0.9956763369372683,-0.7946305696771875,-0.7405433861830719,-0.5215680603330946,0.2763901856706533,0.41217777032063846,1.0,0.0,0.0,0.0,0.0
-0.4070406130128924,-0.18905246903872183,-0.13518539343801,0.03738418411233638,-0.47121589907611783,-1.162876035755522,-1.1802849814952894,0.0,0.0,1.0,0.0,0.0
-0.24794970418623927,-0.18905246903872183,0.39792397009008296,0.3491235768692276,-0.1175806968166227,1.6276866518733035,1.5818236366153744,0.0,1.0,0.0,0.0,0.0
-0.24668638165006201,2.2308191346569175,1.268391602725797,1.8541273054647558,-0.4198691753775819,-0.9489843709756773,-0.9659769711537248,0.0,0.0,0.0,1.0,0.0
-0.3629471472710396,0.6175713988598247,1.6487873464932388,1.077405357130286,-0.447385402927386,-1.162876035755522,-1.1802849814952894,0.0,0.0,1.0,0.0,0.0
1.2328222235305073,0.6175713988598247,0.20911440384055002,0.21340499040932143,1.3261924475134599,0.2763901856706533,0.41217777032063846,1.0,0.0,0.0,0.0,0.0
-0.2390187157013196,0.6175713988598247,-0.355925989273861,-0.31185866321517,-0.30964825538361107,-0.9489843709756773,-0.9659769711537248,0.0,0.0,0.0,1.0,0.0
-0.3191519660168953,-0.18905246903872183,-0.03383908214230483,-0.06858137466870093,-0.2758526335949431,0.20737219584652442,0.15285240729734365,0.0,0.0,0.0,0.0,1.0
-0.19129319766795724,-0.18905246903872183,-0.5072513034003249,-0.34660641044649754,0.008358209998852064,1.6276866518733035,1.5818236366153744,0.0,1.0,0.0,0.0,0.0
-0.3473310770321821,-0.18905246903872183,-0.0032963581901745012,0.10631992552169864,-0.33849056618882745,-0.9489843709756773,-0.9659769711537248,0.0,0.0,0.0,1.0,0.0
-0.27540942320175843,-0.18905246903872183,0.043906033372208726,-0.03900057869853732,-0.1786195290142746,0.20737219584652442,0.15285240729734365,0.0,0.0,0.0,0.0,1.0
-0.3202398270897146,-0.18905246903872183,0.2813062968183126,0.33258933283350317,-0.27827078541363603,-0.9489843709756773,-0.9659769711537248,0.0,0.0,0.0,1.0,0.0
2.7691277044000446,0.6175713988598247,1.3863975816317553,1.7746423718971835,3.0336806486514813,0.2763901856706533,0.41217777032063846,1.0,0.0,0.0,0.0,0.0
0.12529192066879175,-0.18905246903872183,0.2507635728661823,0.6479455914732092,0.71207939168718,1.6276866518733035,1.5818236366153744,0.0,1.0,0.0,0.0,0.0
-0.36285941653936066,-0.18905246903872183,-0.4697670512772558,-0.4976536189811901,-0.37300773327823444,0.20737219584652442,0.15285240729734365,0.0,0.0,0.0,0.0,1.0
-0.35405125107879154,-0.18905246903872183,-0.3656441287131752,-0.33394737985664585,-0.3534285040365595,-1.162876035755522,-1.1802849814952894,0.0,0.0,1.0,0.0,0.0
-0.40798810491502535,-0.9956763369372683,-0.7946305696771875,-0.7405433861830719,-0.5215680603330946,-1.162876035755522,-1.1802849814952894,0.0,0.0,1.0,0.0,0.0
-0.3310657993789001,-0.9956763369372683,-0.7946305696771875,-0.7405433861830719,-0.5215680603330946,0.20737219584652442,0.15285240729734365,0.0,0.0,0.0,0.0,1.0
-0.3839849767276578,-0.9956763369372683,-0.7946305696771875,-0.7405433861830719,-0.5215680603330946,0.20737219584652442,0.15285240729734365,0.0,0.0,0.0,0.0,1.0
-0.3912490813106769,-0.18905246903872183,0.34100343908838554,0.3684135282442398,-0.4361136952563819,-0.9489843709756773,-0.9659769711537248,0.0,0.0,0.0,1.0,0.0
-0.38526584541017084,0.6175713988598247,1.3378068844351843,1.9085525254156825,-0.4721909602933327,-0.9489843709756773,-0.9659769711537248,0.0,0.0,0.0,1.0,0.0
-0.3287497080625752,-0.18905246903872183,-0.6113742259644055,-0.6231244187731213,-0.29718697302760483,1.6276866518733035,1.5818236366153744,0.0,1.0,0.0,0.0,0.0
-0.28372629656492526,-0.18905246903872183,-0.5266875822789533,-0.4984286616703648,-0.19710668969266887,0.20737219584652442,0.15285240729734365,0.0,0.0,0.0,0.0,1.0
-0.288200563880553,-0.18905246903872183,0.35905141233282617,0.11811779756802303,-0.2070523141082607,1.6276866518733035,1.5818236366153744,0.0,1.0,0.0,0.0,0.0
-0.38728365223878725,0.6175713988598247,0.26325832357387197,-0.2143755160878769,-0.4744336010929269,0.20737219584652442,0.15285240729734365,0.0,0.0,0.0,0.0,1.0
-0.09252593994376725,0.6175713988598247,0.37848769121145454,0.07303614781436758,-0.1468325333330693,0.2763901856706533,0.41217777032063846,1.0,0.0,0.0,0.0,0.0
-0.30723813265489053,-0.18905246903872183,0.4131953320661481,0.05107660495442081,-0.2493699709353868,-0.9489843709756773,-0.9659769711537248,0.0,0.0,0.0,1.0,0.0
-0.16769363084631297,-0.18905246903872183,-0.5433472498892061,-0.5000218049758902,0.06081650348501297,1.6276866518733035,1.5818236366153744,0.0,1.0,0.0,0.0,0.0
-0.08622687340921685,-0.18905246903872183,0.09110842493459195,0.20552538973604634,0.24190487274616174,1.6276866518733035,1.5818236366153744,0.0,1.0,0.0,0.0,0.0
0.4618620996820112,2.2308191346569175,3.1606521821236897,2.1517867560349755,-0.026119954641866328,0.20737219584652442,0.15285240729734365,0.0,0.0,0.0,0.0,1.0
-0.3938810032610462,-0.9956763369372683,-0.7946305696771875,-0.7405433861830719,-0.5215680603330946,1.6276866518733035,1.5818236366153744,0.0,1.0,0.0,0.0,0.0
-0.3163445826031681,-0.18905246903872183,-0.7238269823336126,-0.7052789438256281,-0.26961224180476784,1.6276866518733035,1.5818236366153744,0.0,1.0,0.0,0.0,0.0
-0.40905841984150887,-0.18905246903872183,0.3604397179670139,-0.09381331999405149,-0.4757011806753063,-1.162876035755522,-1.1802849814952894,0.0,0.0,1.0,0.0,0.0
-0.37968617087538803,-0.9956763369372683,-0.7946305696771875,-0.7405433861830719,-0.5215680603330946,0.2763901856706533,0.41217777032063846,1.0,0.0,0.0,0.0,0.0
1.3398537161788566,-0.18905246903872183,-0.6502467837216623,-0.5432089059337857,3.4118678923604473,1.6276866518733035,1.5818236366153744,0.0,1.0,0.0,0.0,0.0
1.6345763361812051,-0.18905246903872183,0.42846669404221327,0.2968512532771192,4.066992022982785,0.2763901856706533,0.41217777032063846,1.0,0.0,0.0,0.0,0.0
-0.17899334908656495,-0.18905246903872183,-0.3462078498345468,-0.4513232893394201,0.03569892652955749,1.6276866518733035,1.5818236366153744,0.0,1.0,0.0,0.0,0.0
0.1065526363821627,3.844066870454011,5.370834751750575,3.646327408326646,-0.32290258622953716,-0.9489843709756773,-0.9659769711537248,0.0,0.0,0.0,1.0,0.0
-0.35817459546770336,-0.9956763369372683,-0.7946305696771875,-0.7405433861830719,-0.5215680603330946,1.6276866518733035,1.5818236366153744,0.0,1.0,0.0,0.0,0.0
-0.24065050731054854,1.424195266758371,2.050007674773496,0.8955286727373147,-0.38149726757620034,0.20737219584652442,0.15285240729734365,0.0,0.0,0.0,0.0,1.0
-0.4067072362325123,-0.9956763369372683,-0.7946305696771875,-0.7405433861830719,-0.5215680603330946,-1.162876035755522,-1.1802849814952894,0.0,0.0,1.0,0.0,0.0
-0.24719521989380008,-0.18905246903872183,-0.21570712022089902,-0.06840914295999542,-0.11590359152301309,0.2763901856706533,0.41217777032063846,1.0,0.0,0.0,0.0,0.0
-0.39679366355278817,-0.18905246903872183,-0.5891613358174016,-0.537137738201918,-0.44843846904197804,0.2763901856706533,0.41217777032063846,1.0,0.0,0.0,0.0,0.0
-0.3263634321609071,-0.18905246903872183,-0.30594698644310225,-0.22203982712527004,-0.2918826400059559,-1.162876035755522,-1.1802849814952894,0.0,0.0,1.0,0.0,0.0
-0.40053099272231246,-0.18905246903872183,-0.3517610723712978,-0.5196562197683133,-0.45674599061264887,0.2763901856706533,0.41217777032063846,1.0,0.0,0.0,0.0,0.0
-0.23228099550837433,-0.18905246903872183,0.15080556720466487,0.11648159633532112,-0.08275151013770694,1.6276866518733035,1.5818236366153744,0.0,1.0,0.0,0.0,0.0
0.9302740222623943,-0.18905246903872183,-0.23236678783115194,-0.37338844115019726,2.501433732622563,0.20737219584652442,0.15285240729734365,0.0,0.0,0.0,0.0,1.0
-0.4242709287146431,-0.9956763369372683,-0.7946305696771875,-0.7405433861830719,-0.5215680603330946,-0.9489843709756773,-0.9659769711537248,0.0,0.0,0.0,1.0,0.0
2.6678162554571645,1.424195266758371,1.802889271888078,2.66800824495243,1.7735310327473057,1.6276866518733035,1.5818236366153744,0.0,1.0,0.0,0.0,0.0
-0.3797914477534028,-0.18905246903872183,-0.21015389768414805,-0.29209507464121787,-0.41064509626272905,0.2763901856706533,0.41217777032063846,1.0,0.0,0.0,0.0,0.0
-0.34452369361845486,-0.18905246903872183,-0.3795271850550526,-0.42927763062512064,-0.3322501743986522,-1.162876035755522,-1.1802849814952894,0.0,0.0,1.0,0.0,0.0
0.2823299303741569,0.6175713988598247,1.204529543553161,0.5018931024909751,0.2697916235585075,0.20737219584652442,0.15285240729734365,0.0,0.0,0.0,0.0,1.0
-0.283059543004165,-0.9956763369372683,-0.7946305696771875,-0.7405433861830719,-0.5215680603330946,0.20737219584652442,0.15285240729734365,0.0,0.0,0.0,0.0,1.0
-0.30244803470521847,1.424195266758371,2.626154512961409,1.154780452266216,-0.4272861423366114,-1.162876035755522,-1.1802849814952894,0.0,0.0,1.0,0.0,0.0
-0.4228145985687721,-0.18905246903872183,-0.6807895076737926,-0.6846111387809722,-0.5062791004471652,-0.9489843709756773,-0.9659769711537248,0.0,0.0,0.0,1.0,0.0
-0.41119904969447585,0.6175713988598247,0.9740708082779959,0.79830387317308,-0.5010137698742048,-1.162876035755522,-1.1802849814952894,0.0,0.0,1.0,0.0,0.0
-0.39616200228469955,-0.9956763369372683,-0.7946305696771875,-0.7405433861830719,-0.5215680603330946,-1.162876035755522,-1.1802849814952894,0.0,0.0,1.0,0.0,0.0
-0.3565428038584744,-0.18905246903872183,0.12026284325253454,-0.01092681017954653,-0.35896685175034004,-1.162876035755522,-1.1802849814952894,0.0,0.0,1.0,0.0,0.0
-0.24208929131008372,-0.18905246903872183,-0.06715841736281064,0.10623380966734589,-0.10455387895463182,0.2763901856706533,0.41217777032063846,1.0,0.0,0.0,0.0,0.0
-0.39258258843219734,-0.9956763369372683,-0.7946305696771875,-0.7405433861830719,-0.5215680603330946,0.20737219584652442,0.15285240729734365,0.0,0.0,0.0,0.0,1.0
-0.3513842368357507,-0.9956763369372683,-0.7946305696771875,-0.7405433861830719,-0.5215680603330946,1.6276866518733035,1.5818236366153744,0.0,1.0,0.0,0.0,0.0
-0.38061611663118516,-0.9956763369372683,-0.7946305696771875,-0.7405433861830719,-0.5215680603330946,0.20737219584652442,0.15285240729734365,0.0,0.0,0.0,0.0,1.0
-0.32259101069871116,-0.9956763369372683,-0.7946305696771875,-0.7405433861830719,-0.5215680603330946,-1.162876035755522,-1.1802849814952894,0.0,0.0,1.0,0.0,0.0
-0.05338048746860863,-0.18905246903872183,-0.21709542585508676,-0.3547874166100071,0.31491745669121246,-1.162876035755522,-1.1802849814952894,0.0,0.0,1.0,0.0,0.0
-0.40130302316108746,-0.9956763369372683,-0.7946305696771875,-0.7405433861830719,-0.5215680603330946,-1.162876035755522,-1.1802849814952894,0.0,0.0,1.0,0.0,0.0
-0.2733565240804704,0.6175713988598247,0.5825686194370526,0.6882047533831116,-0.3478121514254017,0.20737219584652442,0.15285240729734365,0.0,0.0,0.0,0.0,1.0
-0.41676117808292285,-0.18905246903872183,-0.4336711047883745,-0.2512331017508463,-0.4928232556495997,-0.9489843709756773,-0.9659769711537248,0.0,0.0,0.0,1.0,0.0
0.4272260068151519,1.424195266758371,2.3054559114640405,1.4939908025616289,0.11336580138469898,0.20737219584652442,0.15285240729734365,0.0,0.0,0.0,0.0,1.0
-0.008655360458667202,3.037443002555464,4.808570969904539,6.524147029086259,-0.33438750858678723,0.2763901856706533,0.41217777032063846,1.0,0.0,0.0,0.0,0.0
-0.35580586571237105,-0.18905246903872183,-0.14768014414569966,0.03325062310340516,-0.35732874890541905,-1.162876035755522,-1.1802849814952894,0.0,0.0,1.0,0.0,0.0
-0.12510913368933854,-0.18905246903872183,-0.2767925681251597,-0.07323163080374846,0.15547544645223416,0.20737219584652442,0.15285240729734365,0.0,0.0,0.0,0.0,1.0
-0.4246569439340306,-0.9956763369372683,-0.7946305696771875,-0.7405433861830719,-0.5215680603330946,0.2763901856706533,0.41217777032063846,1.0,0.0,0.0,0.0,0.0
-0.4291663035423299,-0.9956763369372683,-0.7946305696771875,-0.7405433861830719,-0.5215680603330946,-1.162876035755522,-1.1802849814952894,0.0,0.0,1.0,0.0,0.0
-0.400144977502925,-0.9956763369372683,-0.7946305696771875,-0.7405433861830719,-0.5215680603330946,-0.9489843709756773,-0.9659769711537248,0.0,0.0,0.0,1.0,0.0
-0.36501759253866345,-0.18905246903872183,0.03835281083545776,-0.02776245970550568,-0.37780503446693164,-1.162876035755522,-1.1802849814952894,0.0,0.0,1.0,0.0,0.0
-0.34333055566762083,-0.18905246903872183,0.07028384042177582,-0.0647492191500043,-0.32959800788782767,-0.9489843709756773,-0.9659769711537248,0.0,0.0,0.0,1.0,0.0
-0.22354301463314843,2.2308191346569175,2.4415098636144394,2.0519784808401584,-0.4070081179225175,-1.162876035755522,-1.1802849814952894,0.0,0.0,1.0,0.0,0.0
-0.39070515077426726,-0.9956763369372683,-0.7946305696771875,-0.7405433861830719,-0.5215680603330946,0.20737219584652442,0.15285240729734365,0.0,0.0,0.0,0.0,1.0
2.8572795435910785,0.6175713988598247,-0.13657369907219774,0.06308976663662702,3.131654799757233,0.2763901856706533,0.41217777032063846,1.0,0.0,0.0,0.0,0.0
-0.31030870826365464,-0.18905246903872183,0.09943825873971841,0.49147308411429447,-0.256195399455891,-0.9489843709756773,-0.9659769711537248,0.0,0.0,0.0,1.0,0.0
0.5292217554651282,1.424195266758371,2.1458007635324505,1.6624334136755734,0.18893954742704908,-0.9489843709756773,-0.9659769711537248,0.0,0.0,0.0,1.0,0.0
-0.28391930417461897,-0.18905246903872183,-0.5988794752567158,-0.6284636017429908,-0.1975357166282434,1.6276866518733035,1.5818236366153744,0.0,1.0,0.0,0.0,0.0
-0.3963725560407291,-0.9956763369372683,-0.7946305696771875,-0.7405433861830719,-0.5215680603330946,0.20737219584652442,0.15285240729734365,0.0,0.0,0.0,0.0,1.0
-0.41870880032619606,-0.18905246903872183,0.08972011930040422,-0.048344148895808806,-0.4971525274540338,-0.9489843709756773,-0.9659769711537248,0.0,0.0,0.0,1.0,0.0
-0.34422540913074634,-0.18905246903872183,0.10637978691065712,0.0586117422102849,-0.33158713277094604,-0.9489843709756773,-0.9659769711537248,0.0,0.0,0.0,1.0,0.0
-0.0835774053125118,-0.18905246903872183,-0.662741534429352,-0.5637905951240887,0.24779424249813964,0.2763901856706533,0.41217777032063846,1.0,0.0,0.0,0.0,0.0
-0.2852528112961394,-0.18905246903872183,0.21189101510892552,-0.21730345513586977,-0.20049990272857668,0.2763901856706533,0.41217777032063846,1.0,0.0,0.0,0.0,0.0
-0.40437359876985157,-0.9956763369372683,-0.7946305696771875,-0.7405433861830719,-0.5215680603330946,0.2763901856706533,0.41217777032063846,1.0,0.0,0.0,0.0,0.0
-0.3360313587919301,-0.18905246903872183,-0.03800399904486805,0.3108881375366146,-0.3133729892333719,-0.9489843709756773,-0.9659769711537248,0.0,0.0,0.0,1.0,0.0
-0.4178490391557421,-0.9956763369372683,-0.7946305696771875,-0.7405433861830719,-0.5215680603330946,0.2763901856706533,0.41217777032063846,1.0,0.0,0.0,0.0,0.0
-0.3573674727362568,-0.9956763369372683,-0.7946305696771875,-0.7405433861830719,-0.5215680603330946,-1.162876035755522,-1.1802849814952894,0.0,0.0,1.0,0.0,0.0
0.8803376897907218,0.6175713988598247,1.415551999949698,0.8546666998469434,0.9344323516608628,-0.9489843709756773,-0.9659769711537248,0.0,0.0,0.0,1.0,0.0
-0.42377963661724083,-0.18905246903872183,-0.4156231315439339,-0.3133656906663428,-0.5084242351250379,-1.162876035755522,-1.1802849814952894,0.0,0.0,1.0,0.0,0.0
-0.21859500136645424,3.037443002555464,2.67474521015798,1.0708174942723017,-0.42772036829859617,-0.9489843709756773,-0.9659769711537248,0.0,0.0,0.0,1.0,0.0
-0.398776378088733,-0.18905246903872183,-0.48781502452169645,-0.33244035240547304,-0.45284574574378933,-0.9489843709756773,-0.9659769711537248,0.0,0.0,0.0,1.0,0.0
-0.39988178530788804,-0.18905246903872183,-0.05744027792349644,0.0839298033899882,-0.45530290001117085,0.2763901856706533,0.41217777032063846,1.0,0.0,0.0,0.0,0.0
-0.4045315140868737,-0.18905246903872183,0.028634671396143566,0.03691054691339629,-0.46563854891364864,-1.162876035755522,-1.1802849814952894,0.0,0.0,1.0,0.0,0.0
2.0434892765369073,0.6175713988598247,-0.6224806710379075,-0.6236841718264141,2.227188014668704,0.2763901856706533,0.41217777032063846,1.0,0.0,0.0,0.0,0.0
-0.3884416978969497,-0.9956763369372683,-0.7946305696771875,-0.7405433861830719,-0.5215680603330946,0.20737219584652442,0.15285240729734365,0.0,0.0,0.0,0.0,1.0
-0.21569988722104808,-0.18905246903872183,0.28269460245250033,-0.09441613097452066,-0.045894196126984234,0.20737219584652442,0.15285240729734365,0.0,0.0,0.0,0.0,1.0
-0.3884592440432855,-0.18905246903872183,-0.4864267188875087,-0.5920796532789613,-0.4299123059148952,0.2763901856706533,0.41217777032063846,1.0,0.0,0.0,0.0,0.0
-0.3961970945773711,-0.9956763369372683,-0.7946305696771875,-0.7405433861830719,-0.5215680603330946,0.20737219584652442,0.15285240729734365,0.0,0.0,0.0,0.0,1.0
-0.4127606567183616,-0.18905246903872183,-0.35453768363967325,-0.18595728415147517,-0.48393069734859995,-0.9489843709756773,-0.9659769711537248,0.0,0.0,0.0,1.0,0.0
0.4414734776398174,0.6175713988598247,1.1378908731121495,1.5472534584787938,0.44666772836128793,1.6276866518733035,1.5818236366153744,0.0,1.0,0.0,0.0,0.0
-0.3724045201460331,-0.18905246903872183,0.1619120122781668,0.15631017897345986,-0.3942250653648304,0.2763901856706533,0.41217777032063846,1.0,0.0,0.0,0.0,0.0
-0.3573674727362568,-0.18905246903872183,0.12026284325253454,0.4942718493807583,-0.360799966838704,-1.162876035755522,-1.1802849814952894,0.0,0.0,1.0,0.0,0.0
-0.15039313055921913,0.6175713988598247,0.2646466292080597,0.1739208711885937,-0.21114757122056324,-1.162876035755522,-1.1802849814952894,0.0,0.0,1.0,0.0,0.0
-0.1952937190325185,0.6175713988598247,0.47983400250715974,0.1142856420493264,-0.26105120431762113,0.20737219584652442,0.15285240729734365,0.0,0.0,0.0,0.0,1.0
-0.22075317736575703,-0.18905246903872183,-0.20737728641577258,-0.22303015945032645,-0.05712690134929973,1.6276866518733035,1.5818236366153744,0.0,1.0,0.0,0.0,0.0
0.7773418107996052,0.6175713988598247,-0.11991403146194483,-0.00614738026296992,0.8199601647598351,0.2763901856706533,0.41217777032063846,1.0,0.0,0.0,0.0,0.0
-0.18560824625515968,-0.9956763369372683,-0.7946305696771875,-0.7405433861830719,-0.5215680603330946,0.20737219584652442,0.15285240729734365,0.0,0.0,0.0,0.0,1.0
-0.10979134793818952,1.424195266758371,1.280886353433487,0.3551516866739189,-0.284537180136352,0.2763901856706533,0.41217777032063846,1.0,0.0,0.0,0.0,0.0
-0.3490681455194258,-0.9956763369372683,-0.7946305696771875,-0.7405433861830719,-0.5215680603330946,1.6276866518733035,1.5818236366153744,0.0,1.0,0.0,0.0,0.0
-0.38805568267756224,-0.9956763369372683,-0.7946305696771875,-0.7405433861830719,-0.5215680603330946,0.20737219584652442,0.15285240729734365,0.0,0.0,0.0,0.0,1.0
-0.321064495967497,-0.9956763369372683,-0.7946305696771875,-0.7405433861830719,-0.5215680603330946,0.2763901856706533,0.41217777032063846,1.0,0.0,0.0,0.0,0.0
-0.37984408619241017,-0.9956763369372683,-0.7946305696771875,-0.7405433861830719,-0.5215680603330946,-0.9489843709756773,-0.9659769711537248,0.0,0.0,0.0,1.0,0.0
-0.42506050529975387,-0.18905246903872183,-0.11991403146194483,-0.21510750084987512,-0.5112714138793053,-1.162876035755522,-1.1802849814952894,0.0,0.0,1.0,0.0,0.0
-0.20143487025004675,-0.9956763369372683,-0.7946305696771875,-0.7405433861830719,-0.5215680603330946,-1.162876035755522,-1.1802849814952894,0.0,0.0,1.0,0.0,0.0
-0.3945302106754706,-0.9956763369372683,-0.7946305696771875,-0.7405433861830719,-0.5215680603330946,0.20737219584652442,0.15285240729734365,0.0,0.0,0.0,0.0,1.0
-0.35122632151872857,-0.18905246903872183,0.3965356644558952,0.3492096927235805,-0.34714910979769564,-0.9489843709756773,-0.9659769711537248,0.0,0.0,0.0,1.0,0.0
-0.025692668550724135,0.6175713988598247,-0.1712813399268913,0.06468290994215249,-0.07255236980563923,1.6276866518733035,1.5818236366153744,0.0,1.0,0.0,0.0,0.0
0.7017530123850003,0.6175713988598247,-0.23514339909952742,-0.14397580515451813,0.7359488902846004,-1.162876035755522,-1.1802849814952894,0.0,0.0,1.0,0.0,0.0
-0.4211126223742,-0.9956763369372683,-0.7946305696771875,-0.7405433861830719,-0.5215680603330946,1.6276866518733035,1.5818236366153744,0.0,1.0,0.0,0.0,0.0
0.025050786652394973,0.6175713988598247,1.162880374527529,0.7477108087408497,-0.016154829001930188,0.20737219584652442,0.15285240729734365,0.0,0.0,0.0,0.0,1.0
-0.37879131741226246,-0.9956763369372683,-0.7946305696771875,-0.7405433861830719,-0.5215680603330946,-0.9489843709756773,-0.9659769711537248,0.0,0.0,0.0,1.0,0.0
-0.35370032815207564,-0.9956763369372683,-0.7946305696771875,-0.7405433861830719,-0.5215680603330946,-0.9489843709756773,-0.9659769711537248,0.0,0.0,0.0,1.0,0.0
-0.3789843250219562,-0.9956763369372683,-0.7946305696771875,-0.7405433861830719,-0.5215680603330946,-1.162876035755522,-1.1802849814952894,0.0,0.0,1.0,0.0,0.0
-0.25981089910923666,-0.9956763369372683,-0.7946305696771875,-0.7405433861830719,-0.5215680603330946,-0.9489843709756773,-0.9659769711537248,0.0,0.0,0.0,1.0,0.0
-0.33799652718153916,-0.9956763369372683,-0.7946305696771875,-0.7405433861830719,-0.5215680603330946,-0.9489843709756773,-0.9659769711537248,0.0,0.0,0.0,1.0,0.0
-0.4113043265724906,1.424195266758371,1.9056238888179708,1.229959593116151,-0.5079432062246269,-0.9489843709756773,-0.9659769711537248,0.0,0.0,0.0,1.0,0.0
-0.35920981810151525,-0.9956763369372683,-0.7946305696771875,-0.7405433861830719,-0.5215680603330946,0.20737219584652442,0.15285240729734365,0.0,0.0,0.0,0.0,1.0
-0.26949637188659553,0.6175713988598247,0.8505116068352868,0.238507761953143,-0.3435218820696562,-0.9489843709756773,-0.9659769711537248,0.0,0.0,0.0,1.0,0.0
-0.3623330321492868,-0.18905246903872183,-0.5849964189148384,-0.5320138448679305,-0.37183765981757655,-0.9489843709756773,-0.9659769711537248,0.0,0.0,0.0,1.0,0.0
-0.3514017829820865,-0.9956763369372683,-0.7946305696771875,-0.7405433861830719,-0.5215680603330946,1.6276866518733035,1.5818236366153744,0.0,1.0,0.0,0.0,0.0
0.885022510862379,2.2308191346569175,-0.4253412709832481,-0.47487597550489247,0.20903555911384789,0.20737219584652442,0.15285240729734365,0.0,0.0,0.0,0.0,1.0
-0.2607759371577054,-0.18905246903872183,-0.26429781741747,-0.3666714045106842,-0.14609148680798598,1.6276866518733035,1.5818236366153744,0.0,1.0,0.0,0.0,0.0
1.0004235153129026,-0.18905246903872183,-0.4475541611302519,-0.4186423226125582,2.657365522479568,0.20737219584652442,0.15285240729734365,0.0,0.0,0.0,0.0,1.0
0.30689453524426985,-0.18905246903872183,0.24659865596361907,-0.09338274072228782,1.115754735614143,1.6276866518733035,1.5818236366153744,0.0,1.0,0.0,0.0,0.0
-0.4042683218918368,-0.9956763369372683,-0.7946305696771875,-0.7405433861830719,-0.5215680603330946,0.20737219584652442,0.15285240729734365,0.0,0.0,0.0,0.0,1.0
-0.3443657783014327,-0.9956763369372683,-0.7946305696771875,-0.7405433861830719,-0.5215680603330946,-1.162876035755522,-1.1802849814952894,0.0,0.0,1.0,0.0,0.0
1.5894301016592047,-0.18905246903872183,-0.6655181456977275,-0.5695603573657216,3.966638722507029,0.2763901856706533,0.41217777032063846,1.0,0.0,0.0,0.0,0.0
-0.4119886262795866,0.6175713988598247,-0.5364057217182674,-0.6173115986043118,-0.5018913249696981,-0.9489843709756773,-0.9659769711537248,0.0,0.0,0.0,1.0,0.0
-0.39400382628539676,0.6175713988598247,0.43679652784733974,0.5544668315733181,-0.481902570016793,0.20737219584652442,0.15285240729734365,0.0,0.0,0.0,0.0,1.0
-0.35720955741923466,-0.9956763369372683,-0.7946305696771875,-0.7405433861830719,-0.5215680603330946,1.6276866518733035,1.5818236366153744,0.0,1.0,0.0,0.0,0.0
-0.38347613848391976,-0.18905246903872183,-0.6363637273797849,-0.6034900039806983,-0.4188356104873341,0.20737219584652442,0.15285240729734365,0.0,0.0,0.0,0.0,1.0
-0.38673972170237764,-0.18905246903872183,-0.21293050895252355,-0.37102025515549714,-0.42609006594341287,-1.162876035755522,-1.1802849814952894,0.0,0.0,1.0,0.0,0.0
-0.23121068058189084,-0.18905246903872183,-0.3309364878584816,-0.45890148452246055,-0.08037236076770263,-1.162876035755522,-1.1802849814952894,0.0,0.0,1.0,0.0,0.0
-0.3735450196578598,-0.18905246903872183,-0.1823877850003932,-0.3329570475315894,-0.39676022452958903,-0.9489843709756773,-0.9659769711537248,0.0,0.0,0.0,1.0,0.0
-0.3938283648220388,-0.9956763369372683,-0.7946305696771875,-0.7405433861830719,-0.5215680603330946,0.20737219584652442,0.15285240729734365,0.0,0.0,0.0,0.0,1.0
-0.293762692269,-0.18905246903872183,-0.6183157541353442,-0.5492370157384769,-0.21941609034254547,0.20737219584652442,0.15285240729734365,0.0,0.0,0.0,0.0,1.0
-0.3968638481381313,-0.18905246903872183,-0.05188705538674547,-0.08838802116982938,-0.4485944788367324,-1.162876035755522,-1.1802849814952894,0.0,0.0,1.0,0.0,0.0
-0.40456660637954533,-0.9956763369372683,-0.7946305696771875,-0.7405433861830719,-0.5215680603330946,1.6276866518733035,1.5818236366153744,0.0,1.0,0.0,0.0,0.0
-0.24759878125952337,-0.18905246903872183,-0.6613532287951642,-0.6413809798959006,-0.1168006478428508,1.6276866518733035,1.5818236366153744,0.0,1.0,0.0,0.0,0.0
-0.39286332677357005,-0.9956763369372683,-0.7946305696771875,-0.7405433861830719,-0.5215680603330946,0.20737219584652442,0.15285240729734365,0.0,0.0,0.0,0.0,1.0
0.07502221141673909,1.424195266758371,2.1083165114093814,2.8870869784257813,-0.1475995827906933,1.6276866518733035,1.5818236366153744,0.0,1.0,0.0,0.0,0.0
0.6654324894699047,0.6175713988598247,-0.6169274485011564,-0.4984717195975411,0.6955813558919042,1.6276866518733035,1.5818236366153744,0.0,1.0,0.0,0.0,0.0
-0.3629471472710396,-0.9956763369372683,-0.7946305696771875,-0.7405433861830719,-0.5215680603330946,-0.9489843709756773,-0.9659769711537248,0.0,0.0,0.0,1.0,0.0
-0.36185928619822033,-0.9956763369372683,-0.7946305696771875,-0.7405433861830719,-0.5215680603330946,-0.9489843709756773,-0.9659769711537248,0.0,0.0,0.0,1.0,0.0
-0.038641724546540836,1.424195266758371,0.5728504799977384,0.3784460252763332,-0.23181886902551882,0.2763901856706533,0.41217777032063846,1.0,0.0,0.0,0.0,0.0
-0.16930787630920613,-0.18905246903872183,-0.000519746921799017,-0.004984816229208013,0.05722827820566218,1.6276866518733035,1.5818236366153744,0.0,1.0,0.0,0.0,0.0
-0.36277168580768165,-0.9956763369372683,-0.7946305696771875,-0.7405433861830719,-0.5215680603330946,0.20737219584652442,0.15285240729734365,0.0,0.0,0.0,0.0,1.0
-0.2682155032040825,-0.9956763369372683,-0.7946305696771875,-0.7405433861830719,-0.5215680603330946,-1.162876035755522,-1.1802849814952894,0.0,0.0,1.0,0.0,0.0
-0.3730537275604575,-0.18905246903872183,0.4034771926268339,0.12789194703705817,-0.3956681559663084,-1.162876035755522,-1.1802849814952894,0.0,0.0,1.0,0.0,0.0
0.6568173316190294,-0.18905246903872183,-0.13102047653544677,-0.0169549199842378,1.8935805698108026,1.6276866518733035,1.5818236366153744,0.0,1.0,0.0,0.0,0.0
-0.3423479714728163,0.6175713988598247,1.1587154576249656,0.2753653476161124,-0.42449096554718047,-1.162876035755522,-1.1802849814952894,0.0,0.0,1.0,0.0,0.0
-0.30857163977641094,-0.9956763369372683,-0.7946305696771875,-0.7405433861830719,-0.5215680603330946,0.20737219584652442,0.15285240729734365,0.0,0.0,0.0,0.0,1.0
-0.4175683008143694,-0.9956763369372683,-0.7946305696771875,-0.7405433861830719,-0.5215680603330946,-1.162876035755522,-1.1802849814952894,0.0,0.0,1.0,0.0,0.0
-0.28042762105379576,1.424195266758371,2.520643284763141,3.1862103985199974,-0.41097011536838574,-0.9489843709756773,-0.9659769711537248,0.0,0.0,0.0,1.0,0.0
-0.29107813187962334,0.6175713988598247,0.1258160657892855,-0.15069284179403122,-0.36750838801314245,-1.162876035755522,-1.1802849814952894,0.0,0.0,1.0,0.0,0.0
-0.4120237185722582,-0.18905246903872183,-0.6794012020396049,-0.6225646657198286,-0.4822925945036789,-1.162876035755522,-1.1802849814952894,0.0,0.0,1.0,0.0,0.0
-0.3139232144088284,0.6175713988598247,-0.4267295766174358,-0.5477299882873041,-0.3928989821094181,-1.162876035755522,-1.1802849814952894,0.0,0.0,1.0,0.0,0.0
-0.40974271954860486,-0.18905246903872183,-0.5072513034003249,-0.5780427690194659,-0.4772222761741615,-1.162876035755522,-1.1802849814952894,0.0,0.0,1.0,0.0,0.0
-0.40876013535380035,-0.18905246903872183,0.257705101037121,0.4640451845029491,-0.47503813904760017,-1.162876035755522,-1.1802849814952894,0.0,0.0,1.0,0.0,0.0
-0.3973025017965262,-0.9956763369372683,-0.7946305696771875,-0.7405433861830719,-0.5215680603330946,1.6276866518733035,1.5818236366153744,0.0,1.0,0.0,0.0,0.0
-0.35685863449251876,-0.9956763369372683,-0.7946305696771875,-0.7405433861830719,-0.5215680603330946,1.6276866518733035,1.5818236366153744,0.0,1.0,0.0,0.0,0.0
-0.3868976370193998,-0.9956763369372683,-0.7946305696771875,-0.7405433861830719,-0.5215680603330946,0.2763901856706533,0.41217777032063846,1.0,0.0,0.0,0.0,0.0
-0.3511210446407138,-0.9956763369372683,-0.7946305696771875,-0.7405433861830719,-0.5215680603330946,0.20737219584652442,0.15285240729734365,0.0,0.0,0.0,0.0,1.0
-0.4050929907696192,-0.9956763369372683,-0.7946305696771875,-0.7405433861830719,-0.5215680603330946,0.2763901856706533,0.41217777032063846,1.0,0.0,0.0,0.0,0.0
-0.37077272853680415,-0.9956763369372683,-0.7946305696771875,-0.7405433861830719,-0.5215680603330946,-0.9489843709756773,-0.9659769711537248,0.0,0.0,0.0,1.0,0.0
0.11792253920775785,0.6175713988598247,1.6001966492966677,0.664738183071992,0.08706515145243772,0.20737219584652442,0.15285240729734365,0.0,0.0,0.0,0.0,1.0
-0.4209020686181705,-0.9956763369372683,-0.7946305696771875,-0.7405433861830719,-0.5215680603330946,-0.9489843709756773,-0.9659769711537248,0.0,0.0,0.0,1.0,0.0
-0.38284447721583115,-0.18905246903872183,-0.08798300187562677,0.19523454514089497,-0.41743152233454467,-1.162876035755522,-1.1802849814952894,0.0,0.0,1.0,0.0,0.0
-0.39435474921211267,-0.9956763369372683,-0.7946305696771875,-0.7405433861830719,-0.5215680603330946,-0.9489843709756773,-0.9659769711537248,0.0,0.0,0.0,1.0,0.0
-0.41891935408222564,0.6175713988598247,0.3646046348695771,-0.046621831808754156,-0.5095943085856958,-1.162876035755522,-1.1802849814952894,0.0,0.0,1.0,0.0,0.0
-0.29414870748838745,-0.18905246903872183,-0.07548825116793709,-0.16193096078706284,-0.22027414421369457,0.20737219584652442,0.15285240729734365,0.0,0.0,0.0,0.0,1.0
-0.35517420444428244,-0.9956763369372683,-0.7946305696771875,-0.7405433861830719,-0.5215680603330946,0.20737219584652442,0.15285240729734365,0.0,0.0,0.0,0.0,1.0
0.2822772919351495,-0.18905246903872183,-0.29206393010122483,-0.34242979151039,1.0610343001040436,1.6276866518733035,1.5818236366153744,0.0,1.0,0.0,0.0,0.0
-0.4199370305697017,-0.9956763369372683,-0.7946305696771875,-0.7405433861830719,-0.5215680603330946,-0.9489843709756773,-0.9659769711537248,0.0,0.0,0.0,1.0,0.0
-0.3880205903848907,-0.9956763369372683,-0.7946305696771875,-0.7405433861830719,-0.5215680603330946,-1.162876035755522,-1.1802849814952894,0.0,0.0,1.0,0.0,0.0
-0.30855409363007513,-0.18905246903872183,-0.16156320048757708,-0.20046780560991062,-0.25229515458703144,0.2763901856706533,0.41217777032063846,1.0,0.0,0.0,0.0,0.0
0.16308631987609415,-0.18905246903872183,0.37154616304051585,0.07841838871141335,0.7960906661624146,-1.162876035755522,-1.1802849814952894,0.0,0.0,1.0,0.0,0.0
-0.3035008034853662,-0.18905246903872183,-0.21015389768414805,-0.22681925704184674,-0.24106244936471596,-0.9489843709756773,-0.9659769711537248,0.0,0.0,0.0,1.0,0.0
-0.40730380520792936,-0.9956763369372683,-0.7946305696771875,-0.7405433861830719,-0.5215680603330946,-1.162876035755522,-1.1802849814952894,0.0,0.0,1.0,0.0,0.0
-0.19876785600700592,1.424195266758371,2.1180346508486956,1.3863459846207133,-0.35046431793622623,-0.9489843709756773,-0.9659769711537248,0.0,0.0,0.0,1.0,0.0
-0.3444359628867759,-0.9956763369372683,-0.7946305696771875,-0.7405433861830719,-0.5215680603330946,-1.162876035755522,-1.1802849814952894,0.0,0.0,1.0,0.0,0.0
-0.3251176557710656,-0.18905246903872183,-0.23375509346533968,-0.2898130045008705,-0.2891134661490656,-1.162876035755522,-1.1802849814952894,0.0,0.0,1.0,0.0,0.0
-0.348366299665994,-0.18905246903872183,-0.1851643962687687,-0.08244602721949076,-0.3407917106614546,0.20737219584652442,0.15285240729734365,0.0,0.0,0.0,0.0,1.0
-0.28335782749187355,-0.18905246903872183,-0.12963217090125903,0.10063627913441828,-0.19628763827020834,-0.9489843709756773,-0.9659769711537248,0.0,0.0,0.0,1.0,0.0
1.0602734204642994,-0.18905246903872183,0.17440676298585647,-0.23732539127288005,2.790402874956367,0.2763901856706533,0.41217777032063846,1.0,0.0,0.0,0.0,0.0
0.36207716547034513,-0.18905246903872183,-0.5933262527199649,-0.46234611869656983,1.2384174367397758,0.20737219584652442,0.15285240729734365,0.0,0.0,0.0,0.0,1.0
0.5951250811023742,-0.18905246903872183,0.45345619545759264,0.10679356272063872,1.756447960221701,0.20737219584652442,0.15285240729734365,0.0,0.0,0.0,0.0,1.0
-0.09407000082131721,0.6175713988598247,0.2049494869379868,-0.27147032752373845,-0.1485486410753675,1.6276866518733035,1.5818236366153744,0.0,1.0,0.0,0.0,0.0
-0.4189018079358898,-0.9956763369372683,-0.7946305696771875,-0.7405433861830719,-0.5215680603330946,-0.9489843709756773,-0.9659769711537248,0.0,0.0,0.0,1.0,0.0
-0.42097225320351367,-0.9956763369372683,-0.7946305696771875,-0.7405433861830719,-0.5215680603330946,0.2763901856706533,0.41217777032063846,1.0,0.0,0.0,0.0,0.0
-0.3291006309892911,-0.18905246903872183,0.2479869615978068,0.27885303971739805,-0.29796702200137676,-1.162876035755522,-1.1802849814952894,0.0,0.0,1.0,0.0,0.0
-0.39224921165181725,-0.18905246903872183,0.32850868838069586,-0.1801014060554894,-0.4383368348316318,1.6276866518733035,1.5818236366153744,0.0,1.0,0.0,0.0,0.0
-0.38172152385034025,-0.9956763369372683,-0.7946305696771875,-0.7405433861830719,-0.5215680603330946,-0.9489843709756773,-0.9659769711537248,0.0,0.0,0.0,1.0,0.0
-0.4033383761360397,-0.9956763369372683,-0.7946305696771875,-0.7405433861830719,-0.5215680603330946,0.20737219584652442,0.15285240729734365,0.0,0.0,0.0,0.0,1.0
0.5162376071766399,0.6175713988598247,1.625186150712047,2.088017965886777,0.5297624452923406,1.6276866518733035,1.5818236366153744,0.0,1.0,0.0,0.0,0.0
-0.3648245849289697,-0.18905246903872183,-0.33510140476104483,-0.47237861572866324,-0.37737600753135714,-0.9489843709756773,-0.9659769711537248,0.0,0.0,0.0,1.0,0.0
-0.3830023925328533,-0.18905246903872183,0.1355342052285997,-0.250371943207319,-0.41778254437274204,-0.9489843709756773,-0.9659769711537248,0.0,0.0,0.0,1.0,0.0
0.12039654584110494,2.2308191346569175,0.9060438322027965,1.0479967928688276,-0.21587661812405542,0.2763901856706533,0.41217777032063846,1.0,0.0,0.0,0.0,0.0
-0.34357620171632197,2.2308191346569175,1.604361566199231,1.8050412684836983,-0.4737120557921879,-0.9489843709756773,-0.9659769711537248,0.0,0.0,0.0,1.0,0.0
-0.293078392561904,-0.18905246903872183,-0.45727230056956614,-0.31904933705362315,-0.21789499484369024,-1.162876035755522,-1.1802849814952894,0.0,0.0,1.0,0.0,0.0
-0.39377572638303143,-0.18905246903872183,-0.3698090456157384,-0.23848795530664196,-0.4417300478675396,-0.9489843709756773,-0.9659769711537248,0.0,0.0,0.0,1.0,0.0
0.5476803014103845,1.424195266758371,1.6293510676146103,1.4743563877692059,0.20261640740059825,0.20737219584652442,0.15285240729734365,0.0,0.0,0.0,0.0,1.0
2.2592366918818425,-0.18905246903872183,0.34516835599094875,0.23437420094421169,5.455518198745472,1.6276866518733035,1.5818236366153744,0.0,1.0,0.0,0.0,0.0
0.4976035997680256,2.2308191346569175,0.19384304186448487,-0.23711010163699822,-0.0062579576471990875,1.6276866518733035,1.5818236366153744,0.0,1.0,0.0,0.0,0.0
0.2915416572004493,0.6175713988598247,-0.10603097512006741,-0.23306265648241986,0.2800297663392638,0.2763901856706533,0.41217777032063846,1.0,0.0,0.0,0.0,0.0
-0.3141162220185222,-0.18905246903872183,0.18273659679098292,0.37263320510752374,-0.2646589308213162,0.20737219584652442,0.15285240729734365,0.0,0.0,0.0,0.0,1.0
0.34326769659837286,1.424195266758371,1.296157715409552,0.62968903035043,0.051156895726389214,0.20737219584652442,0.15285240729734365,0.0,0.0,0.0,0.0,1.0
0.3967308044835402,-0.18905246903872183,-0.6530233949900378,-0.6023274399469364,1.315447272899752,1.6276866518733035,1.5818236366153744,0.0,1.0,0.0,0.0,0.0
-0.4082162048173907,-0.9956763369372683,-0.7946305696771875,-0.7405433861830719,-0.5215680603330946,0.2763901856706533,0.41217777032063846,1.0,0.0,0.0,0.0,0.0
-0.15076159963227082,-0.18905246903872183,-0.48087349635075777,-0.431086063566528,0.0984538664695076,-1.162876035755522,-1.1802849814952894,0.0,0.0,1.0,0.0,0.0
-0.40721607447625036,-0.9956763369372683,-0.7946305696771875,-0.7405433861830719,-0.5215680603330946,0.2763901856706533,0.41217777032063846,1.0,0.0,0.0,0.0,0.0
-0.40442623720885895,-0.18905246903872183,-0.23514339909952742,-0.14246877770334532,-0.46540453422151706,-1.162876035755522,-1.1802849814952894,0.0,0.0,1.0,0.0,0.0
-0.38988048189648494,-0.9956763369372683,-0.7946305696771875,-0.7405433861830719,-0.5215680603330946,-0.9489843709756773,-0.9659769711537248,0.0,0.0,0.0,1.0,0.0
0.6494654963043313,-0.18905246903872183,-0.4489424667644397,-0.5609487719304485,1.877238543810281,0.2763901856706533,0.41217777032063846,1.0,0.0,0.0,0.0,0.0
-0.27742723003037484,-0.18905246903872183,-0.039392304679055794,-0.2245802448286757,-0.1831048106134631,-1.162876035755522,-1.1802849814952894,0.0,0.0,1.0,0.0,0.0
-0.34555891625226676,-0.9956763369372683,-0.7946305696771875,-0.7405433861830719,-0.5215680603330946,-1.162876035755522,-1.1802849814952894,0.0,0.0,1.0,0.0,0.0
-0.3902489509695366,0.6175713988598247,0.01752822632264163,-0.10952946341342515,-0.4777293080071133,-0.9489843709756773,-0.9659769711537248,0.0,0.0,0.0,1.0,0.0
-0.42302515232480165,-0.18905246903872183,-0.014402803263676437,0.2912106648170151,-0.5067471298314283,-1.162876035755522,-1.1802849814952894,0.0,0.0,1.0,0.0,0.0
-0.40065381574666303,0.6175713988598247,-0.3309364878584816,-0.5228855643065408,-0.4892935340432818,-1.162876035755522,-1.1802849814952894,0.0,0.0,1.0,0.0,0.0
-0.348278568934315,-0.9956763369372683,-0.7946305696771875,-0.7405433861830719,-0.5215680603330946,-1.162876035755522,-1.1802849814952894,0.0,0.0,1.0,0.0,0.0
-0.3894242820917542,-0.9956763369372683,-0.7946305696771875,-0.7405433861830719,-0.5215680603330946,-1.162876035755522,-1.1802849814952894,0.0,0.0,1.0,0.0,0.0
-0.39216148092013825,-0.9956763369372683,-0.7946305696771875,-0.7405433861830719,-0.5215680603330946,0.20737219584652442,0.15285240729734365,0.0,0.0,0.0,0.0,1.0
-0.3493488838607985,-0.9956763369372683,-0.7946305696771875,-0.7405433861830719,-0.5215680603330946,1.6276866518733035,1.5818236366153744,0.0,1.0,0.0,0.0,0.0
-0.2061372374680398,0.6175713988598247,-0.21709542585508676,-0.39276450837956206,-0.2731029609623971,-0.9489843709756773,-0.9659769711537248,0.0,0.0,0.0,1.0,0.0
-0.359490556442888,-0.9956763369372683,-0.7946305696771875,-0.7405433861830719,-0.5215680603330946,-0.9489843709756773,-0.9659769711537248,0.0,0.0,0.0,1.0,0.0
-0.42165655291060966,-0.9956763369372683,-0.7946305696771875,-0.7405433861830719,-0.5215680603330946,-1.162876035755522,-1.1802849814952894,0.0,0.0,1.0,0.0,0.0
-0.3718079511706161,-0.18905246903872183,0.009198392517515178,-0.13708653680629954,-0.3928989821094181,-1.162876035755522,-1.1802849814952894,0.0,0.0,1.0,0.0,0.0
-0.21998114692698204,1.424195266758371,2.2152160452418372,1.9505340044126396,-0.3661823047577302,-0.9489843709756773,-0.9659769711537248,0.0,0.0,0.0,1.0,0.0
-0.38702046004375035,-0.18905246903872183,0.35488649543026296,0.23674238693891184,-0.42671410512243035,-1.162876035755522,-1.1802849814952894,0.0,0.0,1.0,0.0,0.0
-0.3468924233737872,-0.9956763369372683,-0.7946305696771875,-0.7405433861830719,-0.5215680603330946,1.6276866518733035,1.5818236366153744,0.0,1.0,0.0,0.0,0.0
-0.3697024136103207,-0.18905246903872183,0.35488649543026296,0.3257000644852846,-0.3882186882667866,0.2763901856706533,0.41217777032063846,1.0,0.0,0.0,0.0,0.0
0.04266711757353314,-0.18905246903872183,-0.2559679836123436,-0.0880866156795948,0.528416860812584,0.20737219584652442,0.15285240729734365,0.0,0.0,0.0,0.0,1.0
-0.07898031497253352,1.424195266758371,-0.4253412709832481,-0.29717591004802907,-0.2617077442371309,-0.9489843709756773,-0.9659769711537248,0.0,0.0,0.0,1.0,0.0
-0.42198992969098975,-0.9956763369372683,-0.7946305696771875,-0.7405433861830719,-0.5215680603330946,0.2763901856706533,0.41217777032063846,1.0,0.0,0.0,0.0,0.0
0.6593790689840555,0.6175713988598247,1.5543825633684722,0.7629533149612835,0.6888534334931214,1.6276866518733035,1.5818236366153744,0.0,1.0,0.0,0.0,0.0
2.8800018030959333,-0.18905246903872183,-0.7016140921866088,-0.6287219493060489,6.835385830899291,1.6276866518733035,1.5818236366153744,0.0,1.0,0.0,0.0,0.0
-0.40409286042847886,-0.9956763369372683,-0.7946305696771875,-0.7405433861830719,-0.5215680603330946,-1.162876035755522,-1.1802849814952894,0.0,0.0,1.0,0.0,0.0
-0.37510662668174555,-0.9956763369372683,-0.7946305696771875,-0.7405433861830719,-0.5215680603330946,1.6276866518733035,1.5818236366153744,0.0,1.0,0.0,0.0,0.0
0.31394808607125946,-0.18905246903872183,-0.6058210034276545,-0.5984522265010634,1.1314337199869584,1.6276866518733035,1.5818236366153744,0.0,1.0,0.0,0.0,0.0
-0.07736606950964038,-0.18905246903872183,-0.6197040597695319,-0.6552886903738668,0.26160110933390246,0.2763901856706533,0.41217777032063846,1.0,0.0,0.0,0.0,0.0
-0.35198080581116775,0.6175713988598247,-0.14073861597476095,-0.03301552682102238,-0.43519713771219987,0.20737219584652442,0.15285240729734365,0.0,0.0,0.0,0.0,1.0
0.2515539897011725,0.6175713988598247,1.1753751252352185,0.3814170222515023,0.23558647605860927,0.20737219584652442,0.15285240729734365,0.0,0.0,0.0,0.0,1.0
-0.27505850027504253,-0.18905246903872183,-0.5600069174994591,-0.5398934455412054,-0.1778394800405027,0.2763901856706533,0.41217777032063846,1.0,0.0,0.0,0.0,0.0
-0.25388030164773795,-0.18905246903872183,0.1452523446679139,-0.07814023450185414,-0.13076352447336798,1.6276866518733035,1.5818236366153744,0.0,1.0,0.0,0.0,0.0
-0.42341116754418917,-0.18905246903872183,-0.046333832849994504,-0.1418229087956998,-0.5076051837025773,-1.162876035755522,-1.1802849814952894,0.0,0.0,1.0,0.0,0.0
-0.22691187472962107,0.6175713988598247,0.048070950274771956,-0.2940757392913307,-0.2961924105860457,-1.162876035755522,-1.1802849814952894,0.0,0.0,1.0,0.0,0.0
-0.3973025017965262,-0.18905246903872183,-0.662741534429352,-0.6374196505956748,-0.44956954005394734,0.20737219584652442,0.15285240729734365,0.0,0.0,0.0,0.0,1.0
-0.2748830388116846,-0.18905246903872183,-0.11297250329100612,-0.07176766127975197,-0.17744945555361674,0.20737219584652442,0.15285240729734365,0.0,0.0,0.0,0.0,1.0
-0.23712373189705374,-0.9956763369372683,-0.7946305696771875,-0.7405433861830719,-0.5215680603330946,0.20737219584652442,0.15285240729734365,0.0,0.0,0.0,0.0,1.0
-0.08015590677703179,-0.18905246903872183,-0.46143721747212935,-0.48921426525462236,0.25539971999241573,0.20737219584652442,0.15285240729734365,0.0,0.0,0.0,0.0,1.0
-0.15281449875355882,0.6175713988598247,0.9560228350335552,0.29736794840323555,-0.21383874018007631,0.20737219584652442,0.15285240729734365,0.0,0.0,0.0,0.0,1.0
-0.42025286120374605,-0.9956763369372683,-0.7946305696771875,-0.7405433861830719,-0.5215680603330946,-0.9489843709756773,-0.9659769711537248,0.0,0.0,0.0,1.0,0.0
-0.3594730102965522,-0.9956763369372683,-0.7946305696771875,-0.7405433861830719,-0.5215680603330946,0.2763901856706533,0.41217777032063846,1.0,0.0,0.0,0.0,0.0
0.26080080882013645,0.6175713988598247,1.2600617689206708,0.31829410101094946,0.24586362128805417,0.20737219584652442,0.15285240729734365,0.0,0.0,0.0,0.0,1.0
-0.07638348531483585,3.037443002555464,4.347653499354209,2.7312172820473357,-0.36449739897438294,-0.9489843709756773,-0.9659769711537248,0.0,0.0,0.0,1.0,0.0
-0.34290944815556174,-0.18905246903872183,0.1521938728388526,0.5357796911787752,-0.32866194911930136,-0.9489843709756773,-0.9659769711537248,0.0,0.0,0.0,1.0,0.0
-0.3567182653218324,-0.9956763369372683,-0.7946305696771875,-0.7405433861830719,-0.5215680603330946,1.6276866518733035,1.5818236366153744,0.0,1.0,0.0,0.0,0.0
0.8870403176909955,0.6175713988598247,0.2785296855499371,-0.14552589053286727,0.9418818193603845,0.20737219584652442,0.15285240729734365,0.0,0.0,0.0,0.0,1.0
0.1964590902067762,-0.18905246903872183,0.3993122757242707,-0.10530978655014128,0.8702733235681233,1.6276866518733035,1.5818236366153744,0.0,1.0,0.0,0.0,0.0
-0.35894662590647836,1.424195266758371,0.7561068237105204,0.9169715204711452,-0.46914876929562227,0.2763901856706533,0.41217777032063846,1.0,0.0,0.0,0.0,0.0
1.0071085970668405,1.424195266758371,2.4845473382742593,1.9231061048012943,0.5430297795546595,-1.162876035755522,-1.1802849814952894,0.0,0.0,1.0,0.0,0.0
-0.4046367909648885,-0.9956763369372683,-0.7946305696771875,-0.7405433861830719,-0.5215680603330946,1.6276866518733035,1.5818236366153744,0.0,1.0,0.0,0.0,0.0
0.6036525082215706,5.457314606251104,8.191871800420067,9.948543977422664,-0.23444665900591294,0.2763901856706533,0.41217777032063846,1.0,0.0,0.0,0.0,0.0
-0.28188395119966675,-0.18905246903872183,0.05917739534827389,0.3312545370910357,-0.19301143258036635,-0.9489843709756773,-0.9659769711537248,0.0,0.0,0.0,1.0,0.0
-0.3426638021068606,-0.9956763369372683,-0.7946305696771875,-0.7405433861830719,-0.5215680603330946,1.6276866518733035,1.5818236366153744,0.0,1.0,0.0,0.0,0.0
-0.41418189457156096,-0.18905246903872183,-0.49753316396101066,-0.4991175885051866,-0.48708989569237615,0.2763901856706533,0.41217777032063846,1.0,0.0,0.0,0.0,0.0
-0.25249415608721015,-0.18905246903872183,-0.3573142949080487,-0.5320138448679305,-0.12768233102696894,1.6276866518733035,1.5818236366153744,0.0,1.0,0.0,0.0,0.0
0.40359134770083605,1.424195266758371,1.1878698759429083,0.46271038876048176,0.09585370192351962,0.2763901856706533,0.41217777032063846,1.0,0.0,0.0,0.0,0.0
0.16410399636357026,1.424195266758371,1.9764274761615457,2.7076645958818633,-0.081594436193197,0.2763901856706533,0.41217777032063846,1.0,0.0,0.0,0.0,0.0
-0.36180664775921295,-0.18905246903872183,-0.08937130750981451,0.20109042323688073,-0.3706675863569187,0.2763901856706533,0.41217777032063846,1.0,0.0,0.0,0.0,0.0
-0.12816216315176687,-0.18905246903872183,-0.013014497629488695,0.3391771956914871,0.14868902038041856,1.6276866518733035,1.5818236366153744,0.0,1.0,0.0,0.0,0.0
1.918823906821084,2.2308191346569175,0.48399891940972295,0.413236830434837,0.7835318776846869,1.6276866518733035,1.5818236366153744,0.0,1.0,0.0,0.0,0.0
-0.2061723297607114,-0.18905246903872183,0.4215251658712746,0.10502818770640765,-0.024715866489076893,0.2763901856706533,0.41217777032063846,1.0,0.0,0.0,0.0,0.0
-0.4130238489133985,-0.9956763369372683,-0.7946305696771875,-0.7405433861830719,-0.5215680603330946,1.6276866518733035,1.5818236366153744,0.0,1.0,0.0,0.0,0.0
-0.4028646301849732,-0.9956763369372683,-0.7946305696771875,-0.7405433861830719,-0.5215680603330946,0.20737219584652442,0.15285240729734365,0.0,0.0,0.0,0.0,1.0
3.2796679243326716,1.424195266758371,-0.05466366665512096,0.17564318827564834,2.2268824967873915,0.2763901856706533,0.41217777032063846,1.0,0.0,0.0,0.0,0.0
-0.38556412989787936,-0.18905246903872183,-0.657188311892601,-0.5552220676159919,-0.42347690188127696,-0.9489843709756773,-0.9659769711537248,0.0,0.0,0.0,1.0,0.0
-0.38658180638535544,1.424195266758371,-0.3378780160294203,-0.5203020886759588,-0.48962505485713487,-1.162876035755522,-1.1802849814952894,0.0,0.0,1.0,0.0,0.0
4.546815520411114,2.2308191346569175,-0.01717941453205192,-0.13411553983113023,2.2439395663804556,0.2763901856706533,0.41217777032063846,1.0,0.0,0.0,0.0,0.0
0.9816666848799378,-0.18905246903872183,-0.2837340962960984,-0.30040525458625655,2.6156719048314594,0.2763901856706533,0.41217777032063846,1.0,0.0,0.0,0.0,0.0
-0.3871959215071083,-0.18905246903872183,0.214667626377301,0.4652077485367111,-0.4271041296093163,-1.162876035755522,-1.1802849814952894,0.0,0.0,1.0,0.0,0.0
-0.40714588989090716,-0.18905246903872183,-0.2906756244670371,-0.2542040987260156,-0.4714499137682494,0.2763901856706533,0.41217777032063846,1.0,0.0,0.0,0.0,0.0
0.27868033193631153,0.6175713988598247,1.5210632281479664,0.5258333100010346,0.2657353688948936,0.2763901856706533,0.41217777032063846,1.0,0.0,0.0,0.0,0.0
-0.2972368292434874,0.6175713988598247,-0.04911044411836999,0.22494451489258765,-0.37435331775799097,-1.162876035755522,-1.1802849814952894,0.0,0.0,1.0,0.0,0.0
-0.22649076721756198,2.2308191346569175,1.5738188422471007,1.1205063422338282,-0.4086462207674385,-1.162876035755522,-1.1802849814952894,0.0,0.0,1.0,0.0,0.0
-0.19345137366726003,-0.18905246903872183,-0.42395296534906035,-0.39181723398168206,0.0035609088101548215,0.2763901856706533,0.41217777032063846,1.0,0.0,0.0,0.0,0.0
-0.38456399955673903,-0.18905246903872183,-0.10741928075425515,0.17039012116013155,-0.421253762306027,-1.162876035755522,-1.1802849814952894,0.0,0.0,1.0,0.0,0.0
0.4005558643847435,-0.18905246903872183,-0.4780968850823823,-0.5349417839159233,1.3239498067138658,0.2763901856706533,0.41217777032063846,1.0,0.0,0.0,0.0,0.0
-0.4088654122318151,-0.9956763369372683,-0.7946305696771875,-0.7405433861830719,-0.5215680603330946,0.2763901856706533,0.41217777032063846,1.0,0.0,0.0,0.0,0.0
-0.31555500601805736,-0.9956763369372683,-0.7946305696771875,-0.7405433861830719,-0.5215680603330946,0.2763901856706533,0.41217777032063846,1.0,0.0,0.0,0.0,0.0
0.017944597386398,0.6175713988598247,-0.35870260054223646,-0.5005385001020067,-0.02405282486137077,1.6276866518733035,1.5818236366153744,0.0,1.0,0.0,0.0,0.0
-0.1826955859634177,0.6175713988598247,0.06750722915340034,-0.31147114187058267,-0.24704932523841536,0.20737219584652442,0.15285240729734365,0.0,0.0,0.0,0.0,1.0
-0.22175330770689733,-0.18905246903872183,0.30213088133112875,0.6698190184788032,-0.059350040924549666,0.20737219584652442,0.15285240729734365,0.0,0.0,0.0,0.0,1.0
0.2994198769052212,-0.18905246903872183,-0.42811788225162356,-0.5552651255431682,1.0991396924728014,-0.9489843709756773,-0.9659769711537248,0.0,0.0,0.0,1.0,0.0
-0.23361450262989475,0.6175713988598247,-0.08798300187562677,0.09633048641678166,-0.3036418782855674,-0.9489843709756773,-0.9659769711537248,0.0,0.0,0.0,1.0,0.0
-0.25938979159717757,1.424195266758371,2.1499656804350136,0.8133741476848082,-0.3953821393093403,-1.162876035755522,-1.1802849814952894,0.0,0.0,1.0,0.0,0.0
-0.1042467656960783,0.6175713988598247,1.1170662885993332,1.5593957939425291,-0.1598593511950602,1.6276866518733035,1.5818236366153744,0.0,1.0,0.0,0.0,0.0
-0.3255387632831247,0.6175713988598247,0.9490813068626165,0.3648397202886013,-0.4058087926253432,-0.9489843709756773,-0.9659769711537248,0.0,0.0,0.0,1.0,0.0
1.0765737904102528,-0.18905246903872183,-0.6460818668190991,-0.6157615132259627,2.8266361497880723,0.20737219584652442,0.15285240729734365,0.0,0.0,0.0,0.0,1.0
-0.32329285655214296,-0.18905246903872183,-0.21987203712346226,-0.2455925132907424,-0.28505721148545166,-0.9489843709756773,-0.9659769711537248,0.0,0.0,0.0,1.0,0.0
-0.16860603045577433,-0.18905246903872183,-0.625257282306283,-0.5811429397761643,0.05878837615320601,-1.162876035755522,-1.1802849814952894,0.0,0.0,1.0,0.0,0.0
0.9312741526035346,-0.18905246903872183,0.4381848334815275,0.6429078139935743,2.503656872197813,1.6276866518733035,1.5818236366153744,0.0,1.0,0.0,0.0,0.0
-0.32011700406536403,-0.18905246903872183,-0.5058629977661371,-0.48159301214440564,-0.27799776827281586,-0.9489843709756773,-0.9659769711537248,0.0,0.0,0.0,1.0,0.0
-0.1144235305708394,1.424195266758371,0.1980079587670481,0.3991999461753416,-0.28796939562094837,0.2763901856706533,0.41217777032063846,1.0,0.0,0.0,0.0,0.0
-0.2884637560755899,1.424195266758371,0.29796596442856554,0.3040419271155723,-0.4169244905015929,0.2763901856706533,0.41217777032063846,1.0,0.0,0.0,0.0,0.0
-0.4164628935952143,0.6175713988598247,-0.09075961314400224,-0.37825398692112666,-0.506864137177494,-1.162876035755522,-1.1802849814952894,0.0,0.0,1.0,0.0,0.0
0.3516021161078755,-0.18905246903872183,-0.3767505737866771,-0.2881337453409922,1.2151329748726845,1.6276866518733035,1.5818236366153744,0.0,1.0,0.0,0.0,0.0
-0.11391469232710134,-0.18905246903872183,-0.38091549068924035,-0.35306509952295245,0.18035900871555807,0.20737219584652442,0.15285240729734365,0.0,0.0,0.0,0.0,1.0
-0.40518072150129814,-0.9956763369372683,-0.7946305696771875,-0.7405433861830719,-0.5215680603330946,0.2763901856706533,0.41217777032063846,1.0,0.0,0.0,0.0,0.0
-0.3441903168380748,-0.9956763369372683,-0.7946305696771875,-0.7405433861830719,-0.5215680603330946,-1.162876035755522,-1.1802849814952894,0.0,0.0,1.0,0.0,0.0
-0.08873597233523553,-0.18905246903872183,0.2771413799157494,-0.18488083597206603,0.23632752258369258,0.2763901856706533,0.41217777032063846,1.0,0.0,0.0,0.0,0.0
-0.3503841064946104,-0.9956763369372683,-0.7946305696771875,-0.7405433861830719,-0.5215680603330946,0.2763901856706533,0.41217777032063846,1.0,0.0,0.0,0.0,0.0
0.5673670775991465,0.6175713988598247,0.4520678898234049,0.5943815300658097,0.5865890130316241,1.6276866518733035,1.5818236366153744,0.0,1.0,0.0,0.0,0.0
1.110122022204293,0.6175713988598247,0.7394471561002675,1.2718549562587556,1.189820385673786,0.20737219584652442,0.15285240729734365,0.0,0.0,0.0,0.0,1.0
0.31666773875330767,0.6175713988598247,0.6408774560729378,0.056028266579702925,0.30795551960029816,-0.9489843709756773,-0.9659769711537248,0.0,0.0,0.0,1.0,0.0
-0.05932863107644313,0.6175713988598247,1.1420557900147126,1.8232117137521249,-0.109936216873658,1.6276866518733035,1.5818236366153744,0.0,1.0,0.0,0.0,0.0
0.3656565793228473,1.424195266758371,-0.23514339909952742,-0.37252728260666995,0.06774593983543505,1.6276866518733035,1.5818236366153744,0.0,1.0,0.0,0.0,0.0
-0.32569667860014684,-0.18905246903872183,-0.5294641935473288,-0.4714743992579596,-0.2904005469557892,0.20737219584652442,0.15285240729734365,0.0,0.0,0.0,0.0,1.0
0.30796485017075337,0.6175713988598247,1.3516899407770617,1.5302025193169526,0.29828291232552645,0.2763901856706533,0.41217777032063846,1.0,0.0,0.0,0.0,0.0
0.21386486737188484,0.6175713988598247,0.8435700786643482,0.6003665819433245,0.19369784616705774,1.6276866518733035,1.5818236366153744,0.0,1.0,0.0,0.0,0.0
-0.42053359954511876,-0.9956763369372683,-0.7946305696771875,-0.7405433861830719,-0.5215680603330946,0.2763901856706533,0.41217777032063846,1.0,0.0,0.0,0.0,0.0
-0.3073785018255769,-0.9956763369372683,-0.7946305696771875,-0.7405433861830719,-0.5215680603330946,-1.162876035755522,-1.1802849814952894,0.0,0.0,1.0,0.0,0.0
-0.10280798169654311,-0.18905246903872183,-0.33232479349266936,-0.1454397746785146,0.205047558735439,0.20737219584652442,0.15285240729734365,0.0,0.0,0.0,0.0,1.0
-0.39460039526081375,-0.18905246903872183,-0.5863847245490261,-0.47224944194713403,-0.44356316295590364,-1.162876035755522,-1.1802849814952894,0.0,0.0,1.0,0.0,0.0
1.3050246157023038,-0.18905246903872183,-0.18377609063458097,-0.09493282610063697,3.334448031713585,0.20737219584652442,0.15285240729734365,0.0,0.0,0.0,0.0,1.0
-0.28041007490746,0.6175713988598247,1.4433181126334529,1.1231328757915866,-0.35565164361180945,1.6276866518733035,1.5818236366153744,0.0,1.0,0.0,0.0,0.0
-0.3934072573099797,0.6175713988598247,0.5298130053379184,0.39041612903136286,-0.48123952838908685,-0.9489843709756773,-0.9659769711537248,0.0,0.0,0.0,1.0,0.0
-0.13103973115083725,1.424195266758371,1.9472730578436033,1.2370210931730754,-0.3002811659901518,0.20737219584652442,0.15285240729734365,0.0,0.0,0.0,0.0,1.0
-0.3431024557652555,-0.9956763369372683,-0.7946305696771875,-0.7405433861830719,-0.5215680603330946,-0.9489843709756773,-0.9659769711537248,0.0,0.0,0.0,1.0,0.0
-0.10272025096486413,0.6175713988598247,-0.26429781741747,-0.471646630966665,-0.15816274467710628,0.2763901856706533,0.41217777032063846,1.0,0.0,0.0,0.0,0.0
-0.23150896506959937,-0.9956763369372683,-0.7946305696771875,-0.7405433861830719,-0.5215680603330946,1.6276866518733035,1.5818236366153744,0.0,1.0,0.0,0.0,0.0
-0.3708253669758116,-0.18905246903872183,-0.07132333426537386,-0.234139104661829,-0.39071484498285675,-0.9489843709756773,-0.9659769711537248,0.0,0.0,0.0,1.0,0.0
-0.07350591731576547,-0.18905246903872183,0.45345619545759264,0.06373563554427251,0.27018164804539346,1.6276866518733035,1.5818236366153744,0.0,1.0,0.0,0.0,0.0
-0.418463154277495,-0.18905246903872183,-0.7099439259917352,-0.6294539340680472,-0.49660649317239347,0.20737219584652442,0.15285240729734365,0.0,0.0,0.0,0.0,1.0
-0.3630699702953902,-0.18905246903872183,0.2993542700627533,0.06653440081073632,-0.37347576266249755,-0.9489843709756773,-0.9659769711537248,0.0,0.0,0.0,1.0,0.0
-0.15062123046158446,1.424195266758371,2.653920625645164,2.527768576139005,-0.3147900769023093,-1.162876035755522,-1.1802849814952894,0.0,0.0,1.0,0.0,0.0
-0.3292410001599774,-0.18905246903872183,0.24243373906105584,0.5132603952655358,-0.29827904159088553,-1.162876035755522,-1.1802849814952894,0.0,0.0,1.0,0.0,0.0
-0.10331681994028116,-0.18905246903872183,-0.4919799414242597,-0.38062217291582684,0.20391648772346974,1.6276866518733035,1.5818236366153744,0.0,1.0,0.0,0.0,0.0
-0.1865557381572926,-0.18905246903872183,-0.69467256401567,-0.6933518979977746,0.01888887114477284,0.20737219584652442,0.15285240729734365,0.0,0.0,0.0,0.0,1.0
1.4549037977026644,0.6175713988598247,1.3475250238744985,1.5567262024575945,1.5730194440392364,0.2763901856706533,0.41217777032063846,1.0,0.0,0.0,0.0,0.0
-0.3510859523480422,0.6175713988598247,0.8532882181036623,1.2265149589420417,-0.4342025752706407,-0.9489843709756773,-0.9659769711537248,0.0,0.0,0.0,1.0,0.0
-0.4217442836422886,-0.18905246903872183,0.4118070264319604,0.8398978308254498,-0.5038999510771608,-0.9489843709756773,-0.9659769711537248,0.0,0.0,0.0,1.0,0.0
1.6274175084762008,1.424195266758371,0.7144576546848881,0.4117728609108405,1.0026476344172162,0.20737219584652442,0.15285240729734365,0.0,0.0,0.0,0.0,1.0
-0.05701253976011819,-0.18905246903872183,0.11887453761834679,-0.20649591541460188,0.30684394981267316,-0.9489843709756773,-0.9659769711537248,0.0,0.0,0.0,1.0,0.0
-0.04034370074111295,0.6175713988598247,0.6047815095840565,0.2706289756267122,-0.08883589213312784,1.6276866518733035,1.5818236366153744,0.0,1.0,0.0,0.0,0.0
-0.2755848846651164,-0.18905246903872183,-0.3767505737866771,-0.38070828877017954,-0.17900955350116057,-1.162876035755522,-1.1802849814952894,0.0,0.0,1.0,0.0,0.0
-0.41284838745004054,0.6175713988598247,0.3770993855772668,0.5745318256375047,-0.5028468849625687,-1.162876035755522,-1.1802849814952894,0.0,0.0,1.0,0.0,0.0
0.6129695119258777,1.424195266758371,2.9510180313613406,3.3220151008342564,0.2509924432906045,0.2763901856706533,0.41217777032063846,1.0,0.0,0.0,0.0,0.0
-0.3643332928315674,-0.9956763369372683,-0.7946305696771875,-0.7405433861830719,-0.5215680603330946,0.20737219584652442,0.15285240729734365,0.0,0.0,0.0,0.0,1.0
1.2399635050891757,1.424195266758371,0.633935927901999,0.6644367775817575,0.7155636091366129,-0.9489843709756773,-0.9659769711537248,0.0,0.0,0.0,1.0,0.0
0.6672221963961559,-0.18905246903872183,0.32295546584394486,0.587707551353473,1.9167090218831397,1.6276866518733035,1.5818236366153744,0.0,1.0,0.0,0.0,0.0
0.6695909261514882,0.6175713988598247,-0.35453768363967325,-0.2493816108822626,0.7002031460615027,-1.162876035755522,-1.1802849814952894,0.0,0.0,1.0,0.0,0.0
-0.14442744080504882,2.2308191346569175,-0.3170534315166042,-0.32064248035914866,-0.36304260763829826,-0.9489843709756773,-0.9659769711537248,0.0,0.0,0.0,1.0,0.0
-0.3805634781921778,-0.9956763369372683,-0.7946305696771875,-0.7405433861830719,-0.5215680603330946,-0.9489843709756773,-0.9659769711537248,0.0,0.0,0.0,1.0,0.0
-0.241808552968711,-0.9956763369372683,-0.7946305696771875,-0.7405433861830719,-0.5215680603330946,-1.162876035755522,-1.1802849814952894,0.0,0.0,1.0,0.0,0.0
-0.4086373123294498,-0.9956763369372683,-0.7946305696771875,-0.7405433861830719,-0.5215680603330946,-0.9489843709756773,-0.9659769711537248,0.0,0.0,0.0,1.0,0.0
0.7140879532590643,0.6175713988598247,0.000868558712388725,0.33939248532736893,0.7496582509986418,1.6276866518733035,1.5818236366153744,0.0,1.0,0.0,0.0,0.0
0.3409340591357122,0.6175713988598247,-0.6016560865250913,-0.5404531985944981,0.3349257128684619,-1.162876035755522,-1.1802849814952894,0.0,0.0,1.0,0.0,0.0
-0.04036124688744874,1.424195266758371,2.0916568437991283,1.4653572809893454,-0.23309295031609456,0.20737219584652442,0.15285240729734365,0.0,0.0,0.0,0.0,1.0
-0.3860729681416174,-0.9956763369372683,-0.7946305696771875,-0.7405433861830719,-0.5215680603330946,-1.162876035755522,-1.1802849814952894,0.0,0.0,1.0,0.0,0.0
1.8849072059539922,1.424195266758371,1.436376584462514,1.1743718091314626,1.1934346138856775,0.2763901856706533,0.41217777032063846,1.0,0.0,0.0,0.0,0.0
-0.34557646239860257,-0.18905246903872183,-0.3378780160294203,-0.1304556160211391,-0.3345903213199679,-1.162876035755522,-1.1802849814952894,0.0,0.0,1.0,0.0,0.0
0.7503382915888167,1.424195266758371,1.6085264831017942,2.0425918527157108,0.3527758348516908,0.20737219584652442,0.15285240729734365,0.0,0.0,0.0,0.0,1.0
-0.3788088635585983,-0.9956763369372683,-0.7946305696771875,-0.7405433861830719,-0.5215680603330946,-1.162876035755522,-1.1802849814952894,0.0,0.0,1.0,0.0,0.0
-0.17362422830781168,-0.18905246903872183,-0.657188311892601,-0.5678810982058434,0.0476336758282677,1.6276866518733035,1.5818236366153744,0.0,1.0,0.0,0.0,0.0
-0.35015600659224505,-0.18905246903872183,-0.7016140921866088,-0.6927490870173055,-0.3447699604276913,-1.162876035755522,-1.1802849814952894,0.0,0.0,1.0,0.0,0.0
-0.16814983065104364,-0.18905246903872183,0.14247573339953842,0.18929255119055635,0.05980243981910949,1.6276866518733035,1.5818236366153744,0.0,1.0,0.0,0.0,0.0
-0.26021446047495994,-0.18905246903872183,-0.0990894469491287,-0.02479146273033647,-0.14484340844995094,0.2763901856706533,0.41217777032063846,1.0,0.0,0.0,0.0,0.0
-0.36917602922024684,-0.9956763369372683,-0.7946305696771875,-0.7405433861830719,-0.5215680603330946,0.20737219584652442,0.15285240729734365,0.0,0.0,0.0,0.0,1.0
-0.4060404826717521,-0.9956763369372683,-0.7946305696771875,-0.7405433861830719,-0.5215680603330946,1.6276866518733035,1.5818236366153744,0.0,1.0,0.0,0.0,0.0
4.488895691356655,2.2308191346569175,0.6686435687566926,0.7735886229738458,2.211752795600192,0.20737219584652442,0.15285240729734365,0.0,0.0,0.0,0.0,1.0
-0.3899155741891565,-0.9956763369372683,-0.7946305696771875,-0.7405433861830719,-0.5215680603330946,-0.9489843709756773,-0.9659769711537248,0.0,0.0,0.0,1.0,0.0
0.4321213816428387,2.2308191346569175,2.337386941050359,0.962311517787859,-0.04264724227365866,-1.162876035755522,-1.1802849814952894,0.0,0.0,1.0,0.0,0.0
-0.16035934167795068,-0.18905246903872183,0.4215251658712746,0.8650436602964477,0.07711952703684588,1.6276866518733035,1.5818236366153744,0.0,1.0,0.0,0.0,0.0
-0.3764050415105944,-0.9956763369372683,-0.7946305696771875,-0.7405433861830719,-0.5215680603330946,-1.162876035755522,-1.1802849814952894,0.0,0.0,1.0,0.0,0.0
1.3522939339309354,-0.18905246903872183,-0.6002677808909036,-0.47410093281571786,3.439520628480661,0.20737219584652442,0.15285240729734365,0.0,0.0,0.0,0.0,1.0
-0.3175201744076664,-0.9956763369372683,-0.7946305696771875,-0.7405433861830719,-0.5215680603330946,0.2763901856706533,0.41217777032063846,1.0,0.0,0.0,0.0,0.0
-0.36305242414905436,-0.9956763369372683,-0.7946305696771875,-0.7405433861830719,-0.5215680603330946,-1.162876035755522,-1.1802849814952894,0.0,0.0,1.0,0.0,0.0
-0.2499850571611915,-0.18905246903872183,0.15080556720466487,0.21895946301507271,-0.12210498086449978,0.2763901856706533,0.41217777032063846,1.0,0.0,0.0,0.0,0.0
-0.1613419258727552,-0.9956763369372683,-0.7946305696771875,-0.7405433861830719,-0.5215680603330946,0.20737219584652442,0.15285240729734365,0.0,0.0,0.0,0.0,1.0
-0.2972543753898232,-0.9956763369372683,-0.7946305696771875,-0.7405433861830719,-0.5215680603330946,0.20737219584652442,0.15285240729734365,0.0,0.0,0.0,0.0,1.0
-0.33510141303613294,0.6175713988598247,1.4113870830471347,0.7840947572048792,-0.41643695989298546,-1.162876035755522,-1.1802849814952894,0.0,0.0,1.0,0.0,0.0
-0.10826483320697536,0.6175713988598247,-0.3003937639063513,-0.3652074349866877,-0.16432513156990436,0.20737219584652442,0.15285240729734365,0.0,0.0,0.0,0.0,1.0
-0.2624779133522775,1.424195266758371,1.103183232257456,0.7774638364197188,-0.39767028036557467,-0.9489843709756773,-0.9659769711537248,0.0,0.0,0.0,1.0,0.0
-0.390898158383961,-0.18905246903872183,-0.2282018709285887,-0.4395254172930958,-0.43533364628260995,-1.162876035755522,-1.1802849814952894,0.0,0.0,1.0,0.0,0.0
-0.4075143589639589,-0.9956763369372683,-0.7946305696771875,-0.7405433861830719,-0.5215680603330946,-1.162876035755522,-1.1802849814952894,0.0,0.0,1.0,0.0,0.0
0.031735868406332864,0.6175713988598247,-0.269851039954221,-0.4154129780743307,-0.00872486252675275,0.2763901856706533,0.41217777032063846,1.0,0.0,0.0,0.0,0.0
-0.39614445613836374,-0.9956763369372683,-0.7946305696771875,-0.7405433861830719,-0.5215680603330946,0.20737219584652442,0.15285240729734365,0.0,0.0,0.0,0.0,1.0
1.0522197392961694,-0.18905246903872183,-0.3434312385661713,-0.41024602681316674,2.7725007510083017,0.20737219584652442,0.15285240729734365,0.0,0.0,0.0,0.0,1.0
0.2644679534043176,1.424195266758371,2.093045149433316,3.118480279071573,-0.007229769960438205,-1.162876035755522,-1.1802849814952894,0.0,0.0,1.0,0.0,0.0
0.2632572693071477,0.6175713988598247,-0.23236678783115194,-0.16537559496117216,0.24859379269625584,0.2763901856706533,0.41217777032063846,1.0,0.0,0.0,0.0,0.0
-0.11424806910748145,-0.18905246903872183,-0.5030863864977616,-0.37205364540772995,0.17961796219047477,0.20737219584652442,0.15285240729734365,0.0,0.0,0.0,0.0,1.0
-0.40695288228121346,-0.9956763369372683,-0.7946305696771875,-0.7405433861830719,-0.5215680603330946,-1.162876035755522,-1.1802849814952894,0.0,0.0,1.0,0.0,0.0
-0.36708803780628724,-0.9956763369372683,-0.7946305696771875,-0.7405433861830719,-0.5215680603330946,0.2763901856706533,0.41217777032063846,1.0,0.0,0.0,0.0,0.0
0.042017910159108725,1.424195266758371,1.9458847522094154,2.804717163737393,-0.17205411811844265,0.20737219584652442,0.15285240729734365,0.0,0.0,0.0,0.0,1.0
-0.3373999582061221,-0.9956763369372683,-0.7946305696771875,-0.7405433861830719,-0.5215680603330946,-1.162876035755522,-1.1802849814952894,0.0,0.0,1.0,0.0,0.0
-0.2879198255391802,-0.18905246903872183,0.12720437142347324,0.014821830271920444,-0.20642827492924318,0.20737219584652442,0.15285240729734365,0.0,0.0,0.0,0.0,1.0
-0.40618085184243846,-0.18905246903872183,-0.24902645544140484,-0.24602309256250604,-0.46930477909037666,0.2763901856706533,0.41217777032063846,1.0,0.0,0.0,0.0,0.0
-0.27633936895755556,-0.9956763369372683,-0.7946305696771875,-0.7405433861830719,-0.5215680603330946,0.20737219584652442,0.15285240729734365,0.0,0.0,0.0,0.0,1.0
-0.41279574901103316,-0.9956763369372683,-0.7946305696771875,-0.7405433861830719,-0.5215680603330946,-0.9489843709756773,-0.9659769711537248,0.0,0.0,0.0,1.0,0.0
0.45884416251225446,-0.18905246903872183,-0.28928731883284936,-0.3857460662498144,1.45351594125738,0.2763901856706533,0.41217777032063846,1.0,0.0,0.0,0.0,0.0
-0.35162988288445185,-0.18905246903872183,-0.0727116398995616,-0.3765747277612484,-0.3480461661175333,-1.162876035755522,-1.1802849814952894,0.0,0.0,1.0,0.0,0.0
-0.40402267584313567,0.6175713988598247,1.333641967532621,0.41758568107964994,-0.49303776911738695,-0.9489843709756773,-0.9659769711537248,0.0,0.0,0.0,1.0,0.0
0.8596156909681478,1.424195266758371,-0.04216891594743128,0.12746136776529451,0.43374491832921497,-0.9489843709756773,-0.9659769711537248,0.0,0.0,0.0,1.0,0.0
4.662848186129726,2.2308191346569175,1.2892161872386134,1.729431548361999,2.308420364674876,0.20737219584652442,0.15285240729734365,0.0,0.0,0.0,0.0,1.0
-0.11214253154718605,1.424195266758371,1.7778997704726986,2.644154153296723,-0.286279286910946,-1.162876035755522,-1.1802849814952894,0.0,0.0,1.0,0.0,0.0
-0.11487973037557006,2.2308191346569175,2.841341886260509,1.0133782194190295,-0.3466225767403996,-0.9489843709756773,-0.9659769711537248,0.0,0.0,0.0,1.0,0.0
1.5500740954280166,-0.18905246903872183,-0.27123934558840873,-0.30471104730389315,3.8791562300985096,0.20737219584652442,0.15285240729734365,0.0,0.0,0.0,0.0,1.0
-0.307027578898861,-0.18905246903872183,-0.4128465202755584,-0.4659629845793846,-0.24890194155112363,0.20737219584652442,0.15285240729734365,0.0,0.0,0.0,0.0,1.0
-0.3250650173320582,-0.9956763369372683,-0.7946305696771875,-0.7405433861830719,-0.5215680603330946,-1.162876035755522,-1.1802849814952894,0.0,0.0,1.0,0.0,0.0
-0.3821952698014067,-0.18905246903872183,0.1355342052285997,0.04582353783890412,-0.4159884317330666,0.20737219584652442,0.15285240729734365,0.0,0.0,0.0,0.0,1.0
-0.18473093893836992,-0.18905246903872183,-0.6377520330139727,-0.666010114240782,0.022945125808386767,0.20737219584652442,0.15285240729734365,0.0,0.0,0.0,0.0,1.0
0.5278005176119288,2.2308191346569175,3.0662473989989234,3.9050624927294315,0.010522845901069113,-0.9489843709756773,-0.9659769711537248,0.0,0.0,0.0,1.0,0.0
-0.26518001988798995,1.424195266758371,1.097630009720705,0.24599984128183058,-0.3996724086650858,-0.9489843709756773,-0.9659769711537248,0.0,0.0,0.0,1.0,0.0
-0.17729137289199284,-0.18905246903872183,-0.37536226815248935,-0.5117766190950384,0.03948216405235125,0.20737219584652442,0.15285240729734365,0.0,0.0,0.0,0.0,1.0
0.47472342494614894,-0.18905246903872183,0.05223586717733518,0.06838589167932005,1.4888131573205587,0.20737219584652442,0.15285240729734365,0.0,0.0,0.0,0.0,1.0
0.8306119110750788,-0.18905246903872183,-0.6905076471131069,-0.6532219098694013,2.279899824071341,0.2763901856706533,0.41217777032063846,1.0,0.0,0.0,0.0,0.0
0.8047664375224527,-0.18905246903872183,-0.2809574850277229,-0.2148922112139933,2.2224492171530397,0.20737219584652442,0.15285240729734365,0.0,0.0,0.0,0.0,1.0
-0.4000046083322386,-0.18905246903872183,-0.6058210034276545,-0.5183644819530223,-0.45557591715199103,-1.162876035755522,-1.1802849814952894,0.0,0.0,1.0,0.0,0.0
-0.25712633871986,-0.9956763369372683,-0.7946305696771875,-0.7405433861830719,-0.5215680603330946,-1.162876035755522,-1.1802849814952894,0.0,0.0,1.0,0.0,0.0
-0.36494740795332026,-0.18905246903872183,-0.44061263295931324,-0.46962290838937576,-0.37764902467217726,0.2763901856706533,0.41217777032063846,1.0,0.0,0.0,0.0,0.0
-0.3391370266933658,-0.18905246903872183,-0.39757515829949325,-0.4303540788045298,-0.32027642265125333,-1.162876035755522,-1.1802849814952894,0.0,0.0,1.0,0.0,0.0
-0.1266356484205527,-0.18905246903872183,0.4520678898234049,0.9023318252311807,0.15208223341632637,0.20737219584652442,0.15285240729734365,0.0,0.0,0.0,0.0,1.0
-0.39016122023785765,0.6175713988598247,1.1337259562095863,1.8823302477652757,-0.4776318018853918,-1.162876035755522,-1.1802849814952894,0.0,0.0,1.0,0.0,0.0
-0.3923369423834962,-0.18905246903872183,0.35210988416188743,0.7324252445932398,-0.4385318470750748,-1.162876035755522,-1.1802849814952894,0.0,0.0,1.0,0.0,0.0
-0.30418510319246217,-0.18905246903872183,-0.6335871161114094,-0.5510023907527078,-0.24258354486357117,-0.9489843709756773,-0.9659769711537248,0.0,0.0,0.0,1.0,0.0
-0.40139075389276646,-0.18905246903872183,0.171630151717481,0.13383394098739668,-0.4586571105983901,-0.9489843709756773,-0.9659769711537248,0.0,0.0,0.0,1.0,0.0
-0.36491231566064863,-0.18905246903872183,-0.5697250569387733,-0.502346933043414,-0.37757101977480007,0.20737219584652442,0.15285240729734365,0.0,0.0,0.0,0.0,1.0
-0.3998642391615523,-0.9956763369372683,-0.7946305696771875,-0.7405433861830719,-0.5215680603330946,0.20737219584652442,0.15285240729734365,0.0,0.0,0.0,0.0,1.0
-0.06176754541711863,0.6175713988598247,1.5266164506847173,0.3930426625891212,-0.11264688705751537,0.2763901856706533,0.41217777032063846,1.0,0.0,0.0,0.0,0.0
-0.42016513047206705,-0.9956763369372683,-0.7946305696771875,-0.7405433861830719,-0.5215680603330946,0.2763901856706533,0.41217777032063846,1.0,0.0,0.0,0.0,0.0
-0.41635761671719956,-0.9956763369372683,-0.7946305696771875,-0.7405433861830719,-0.5215680603330946,0.20737219584652442,0.15285240729734365,0.0,0.0,0.0,0.0,1.0
-0.37907205575363523,-0.9956763369372683,-0.7946305696771875,-0.7405433861830719,-0.5215680603330946,1.6276866518733035,1.5818236366153744,0.0,1.0,0.0,0.0,0.0
2.620371475765175,-0.18905246903872183,-0.23653170473371515,-0.24731483037779703,6.258266597654145,1.6276866518733035,1.5818236366153744,0.0,1.0,0.0,0.0,0.0
-0.19427604254504238,-0.18905246903872183,-0.705779009089172,-0.6600681202904435,0.0017277937217908346,1.6276866518733035,1.5818236366153744,0.0,1.0,0.0,0.0,0.0
-0.32745129323372635,-0.9956763369372683,-0.7946305696771875,-0.7405433861830719,-0.5215680603330946,-1.162876035755522,-1.1802849814952894,0.0,0.0,1.0,0.0,0.0
-0.28802510241719503,-0.9956763369372683,-0.7946305696771875,-0.7405433861830719,-0.5215680603330946,1.6276866518733035,1.5818236366153744,0.0,1.0,0.0,0.0,0.0
-0.3252404787954162,0.6175713988598247,0.7727664913207732,1.0974272932672962,-0.4054772718114901,-0.9489843709756773,-0.9659769711537248,0.0,0.0,0.0,1.0,0.0
-0.42339362139785336,-0.18905246903872183,-0.40174007520205646,-0.43168887454699717,-0.5075661812538887,-1.162876035755522,-1.1802849814952894,0.0,0.0,1.0,0.0,0.0
-0.4122693646209593,-0.9956763369372683,-0.7946305696771875,-0.7405433861830719,-0.5215680603330946,-1.162876035755522,-1.1802849814952894,0.0,0.0,1.0,0.0,0.0
0.17610556045725403,-0.18905246903872183,0.4131953320661481,0.34451637866135654,0.8250304830893525,1.6276866518733035,1.5818236366153744,0.0,1.0,0.0,0.0,0.0
-0.40207505359986245,-0.9956763369372683,-0.7946305696771875,-0.7405433861830719,-0.5215680603330946,0.20737219584652442,0.15285240729734365,0.0,0.0,0.0,0.0,1.0
-0.18904729093697548,-0.18905246903872183,-0.44061263295931324,-0.5354154211148634,0.013350523430992285,0.2763901856706533,0.41217777032063846,1.0,0.0,0.0,0.0,0.0
-0.4110060420847821,-0.9956763369372683,-0.7946305696771875,-0.7405433861830719,-0.5215680603330946,1.6276866518733035,1.5818236366153744,0.0,1.0,0.0,0.0,0.0
1.5841487116121304,-0.18905246903872183,-0.269851039954221,-0.3198243797427977,3.954898985451762,1.6276866518733035,1.5818236366153744,0.0,1.0,0.0,0.0,0.0
-0.3017110965591151,-0.9956763369372683,-0.7946305696771875,-0.7405433861830719,-0.5215680603330946,-0.9489843709756773,-0.9659769711537248,0.0,0.0,0.0,1.0,0.0
4.362142330226872,4.650690738352557,4.521191703627677,2.360187123568588,1.0000790462536866,1.6276866518733035,1.5818236366153744,0.0,1.0,0.0,0.0,0.0
0.26917032062231067,-0.18905246903872183,-0.31011190334566546,-0.481291606654171,1.0318994709336629,-0.9489843709756773,-0.9659769711537248,0.0,0.0,0.0,1.0,0.0
0.34279395064730644,0.6175713988598247,-0.06438180609443515,-0.09316745108640599,0.33699284264895746,-1.162876035755522,-1.1802849814952894,0.0,0.0,1.0,0.0,0.0
-0.27200547081261417,-0.18905246903872183,-0.43644771605675003,-0.331622251789122,-0.17105305396868709,0.20737219584652442,0.15285240729734365,0.0,0.0,0.0,0.0,1.0
-0.3311710762569149,-0.9956763369372683,-0.7946305696771875,-0.7405433861830719,-0.5215680603330946,-1.162876035755522,-1.1802849814952894,0.0,0.0,1.0,0.0,0.0
-0.29135887022099605,-0.18905246903872183,-0.355925989273861,-0.5156518325409113,-0.2140727548722079,0.2763901856706533,0.41217777032063846,1.0,0.0,0.0,0.0,0.0
0.32200176723938934,1.424195266758371,1.750133657788944,2.1595371829267216,0.035399906456196645,-0.9489843709756773,-0.9659769711537248,0.0,0.0,0.0,1.0,0.0
1.0048626903358588,0.6175713988598247,-0.2948405413696003,-0.1863017475688861,1.0728325408323438,-0.9489843709756773,-0.9659769711537248,0.0,0.0,0.0,1.0,0.0
0.8724419239396141,1.424195266758371,0.645042372975501,0.9437535511748449,0.44324851239283936,-0.9489843709756773,-0.9659769711537248,0.0,0.0,0.0,1.0,0.0
-0.34166367176572027,-0.18905246903872183,-0.48781502452169645,-0.4405157496181522,-0.3258927752624111,-1.162876035755522,-1.1802849814952894,0.0,0.0,1.0,0.0,0.0
0.5701920071592095,-0.18905246903872183,-0.5600069174994591,-0.5038970184217633,1.7010254806352068,0.20737219584652442,0.15285240729734365,0.0,0.0,0.0,0.0,1.0
-0.34389203235036625,-0.9956763369372683,-0.7946305696771875,-0.7405433861830719,-0.5215680603330946,-1.162876035755522,-1.1802849814952894,0.0,0.0,1.0,0.0,0.0
-0.29142905480633924,-0.18905246903872183,-0.3767505737866771,-0.36783396854444605,-0.21422876466696228,0.2763901856706533,0.41217777032063846,1.0,0.0,0.0,0.0,0.0
-0.05927599263743574,-0.18905246903872183,-0.6766245907712294,-0.6586472086936234,0.3018126339318444,0.2763901856706533,0.41217777032063846,1.0,0.0,0.0,0.0,0.0
-0.2671100959849274,-0.18905246903872183,-0.019956025800427404,0.207936633657923,-0.16017137078456894,0.2763901856706533,0.41217777032063846,1.0,0.0,0.0,0.0,0.0
-0.37970371702172384,-0.9956763369372683,-0.7946305696771875,-0.7405433861830719,-0.5215680603330946,0.20737219584652442,0.15285240729734365,0.0,0.0,0.0,0.0,1.0
-0.4046016986722169,-0.9956763369372683,-0.7946305696771875,-0.7405433861830719,-0.5215680603330946,-0.9489843709756773,-0.9659769711537248,0.0,0.0,0.0,1.0,0.0
0.03610485884394581,-0.18905246903872183,0.257705101037121,-0.2000802842653233,0.5138299450030493,0.2763901856706533,0.41217777032063846,1.0,0.0,0.0,0.0,0.0
-0.3062730946064218,-0.9956763369372683,-0.7946305696771875,-0.7405433861830719,-0.5215680603330946,0.20737219584652442,0.15285240729734365,0.0,0.0,0.0,0.0,1.0
0.29055907300564476,0.6175713988598247,1.268391602725797,1.7415308258985582,0.2789376977759831,-1.162876035755522,-1.1802849814952894,0.0,0.0,1.0,0.0,0.0
-0.2397205615547514,-0.18905246903872183,-0.17266964556107903,-0.30105112349390206,-0.09928854838167142,1.6276866518733035,1.5818236366153744,0.0,1.0,0.0,0.0,0.0
-0.28648104153964504,1.424195266758371,1.0504276181583216,1.6443060263343232,-0.4154553969675742,-0.9489843709756773,-0.9659769711537248,0.0,0.0,0.0,1.0,0.0
-0.0014614404609912563,0.6175713988598247,0.12998098269184874,0.23424502716268272,-0.045621178986164065,0.20737219584652442,0.15285240729734365,0.0,0.0,0.0,0.0,1.0
-0.24372108291931266,-0.18905246903872183,-0.40590499210461967,-0.4610113229541025,-0.1081811066826712,1.6276866518733035,1.5818236366153744,0.0,1.0,0.0,0.0,0.0
8.587728113837372,3.037443002555464,5.070960734766023,4.540425266143891,3.4873064286139286,1.6276866518733035,1.5818236366153744,0.0,1.0,0.0,0.0,0.0
-0.3979868015036222,-0.9956763369372683,-0.7946305696771875,-0.7405433861830719,-0.5215680603330946,-1.162876035755522,-1.1802849814952894,0.0,0.0,1.0,0.0,0.0
0.13116987969128308,-0.18905246903872183,-0.5947145583541527,-0.6327693944606274,0.7251452119978595,1.6276866518733035,1.5818236366153744,0.0,1.0,0.0,0.0,0.0
-0.3987588319423972,-0.9956763369372683,-0.7946305696771875,-0.7405433861830719,-0.5215680603330946,-1.162876035755522,-1.1802849814952894,0.0,0.0,1.0,0.0,0.0
-0.3374701427914653,-0.18905246903872183,0.4062538038952094,0.611475527154827,-0.3165711900258368,-0.9489843709756773,-0.9659769711537248,0.0,0.0,0.0,1.0,0.0
-0.2264732210712262,0.6175713988598247,-0.23930831600209065,-0.19456886958674843,-0.2957048799774382,-1.162876035755522,-1.1802849814952894,0.0,0.0,1.0,0.0,0.0
0.3628141036164485,1.424195266758371,2.0916568437991283,1.0238843536500626,0.06563980760625089,0.20737219584652442,0.15285240729734365,0.0,0.0,0.0,0.0,1.0
-0.29344686163495565,-0.9956763369372683,-0.7946305696771875,-0.7405433861830719,-0.5215680603330946,-1.162876035755522,-1.1802849814952894,0.0,0.0,1.0,0.0,0.0
0.12459007481535994,0.6175713988598247,0.8463466899327237,0.8968634684797823,0.09447561670327086,0.2763901856706533,0.41217777032063846,1.0,0.0,0.0,0.0,0.0
-0.4019697767218477,-0.9956763369372683,-0.7946305696771875,-0.7405433861830719,-0.5215680603330946,0.20737219584652442,0.15285240729734365,0.0,0.0,0.0,0.0,1.0
0.0329991909425101,-0.18905246903872183,-0.49753316396101066,-0.515264311196324,0.5069265115851679,-1.162876035755522,-1.1802849814952894,0.0,0.0,1.0,0.0,0.0
-0.4137256947668303,-0.9956763369372683,-0.7946305696771875,-0.7405433861830719,-0.5215680603330946,1.6276866518733035,1.5818236366153744,0.0,1.0,0.0,0.0,0.0
8.965093083081314,1.424195266758371,2.5039836171528878,1.3842361461890713,6.439497977193899,1.6276866518733035,1.5818236366153744,0.0,1.0,0.0,0.0,0.0
-0.36835136034246446,1.424195266758371,2.4831590326400717,3.830572278714318,-0.4761172080947329,-0.9489843709756773,-0.9659769711537248,0.0,0.0,0.0,1.0,0.0
-0.38249355428911525,-0.9956763369372683,-0.7946305696771875,-0.7405433861830719,-0.5215680603330946,-0.9489843709756773,-0.9659769711537248,0.0,0.0,0.0,1.0,0.0
-0.1333031840281548,-0.18905246903872183,0.42430177713965006,0.2810059360762164,0.13726130291466007,0.20737219584652442,0.15285240729734365,0.0,0.0,0.0,0.0,1.0
-0.30190410416880886,-0.9956763369372683,-0.7946305696771875,-0.7405433861830719,-0.5215680603330946,0.20737219584652442,0.15285240729734365,0.0,0.0,0.0,0.0,1.0
0.005346464317297199,-0.18905246903872183,-0.40590499210461967,-0.2364642327293527,0.4454586524519415,-0.9489843709756773,-0.9659769711537248,0.0,0.0,0.0,1.0,0.0
-0.2690577182282006,0.6175713988598247,-0.5072513034003249,-0.6058581899753985,-0.3430343514610488,-1.162876035755522,-1.1802849814952894,0.0,0.0,1.0,0.0,0.0
-0.10661549545141062,-0.18905246903872183,0.03141128266451905,-0.3480273220433176,0.1965840273700138,0.2763901856706533,0.41217777032063846,1.0,0.0,0.0,0.0,0.0
-0.40797055876868954,0.6175713988598247,-0.04772213848418225,0.03790087923845279,-0.49742554459485394,-1.162876035755522,-1.1802849814952894,0.0,0.0,1.0,0.0,0.0
-0.22826292799747727,0.6175713988598247,0.4256900827738378,-0.12106898789669128,-0.2976940048605566,-0.9489843709756773,-0.9659769711537248,0.0,0.0,0.0,1.0,0.0
-0.21864763980546162,-0.18905246903872183,-0.5239109710105777,-0.38156944731370684,-0.05244660750666827,0.2763901856706533,0.41217777032063846,1.0,0.0,0.0,0.0,0.0
-0.30894010884946266,0.6175713988598247,-0.34065462729779583,-0.12335105803703866,-0.38736063439563756,-0.9489843709756773,-0.9659769711537248,0.0,0.0,0.0,1.0,0.0
-0.09131525584659739,-0.18905246903872183,-0.06160519482605967,-0.3300291084835965,0.23059416262646903,0.2763901856706533,0.41217777032063846,1.0,0.0,0.0,0.0,0.0
-0.33282041401247964,-0.9956763369372683,-0.7946305696771875,-0.7405433861830719,-0.5215680603330946,-1.162876035755522,-1.1802849814952894,0.0,0.0,1.0,0.0,0.0
-0.3810723164359158,-0.18905246903872183,-0.3642558230789874,-0.3083709711138843,-0.41349227501699654,0.2763901856706533,0.41217777032063846,1.0,0.0,0.0,0.0,0.0
0.23128819068332926,0.6175713988598247,1.3530782464112494,0.5687620633958719,0.2130625619409454,0.2763901856706533,0.41217777032063846,1.0,0.0,0.0,0.0,0.0
-0.0951754080404723,1.424195266758371,0.257705101037121,0.48053637061149745,-0.27370749891707036,-0.9489843709756773,-0.9659769711537248,0.0,0.0,0.0,1.0,0.0
0.22565587770953907,0.6175713988598247,0.4381848334815275,0.6246081949436187,0.2068026689264258,1.6276866518733035,1.5818236366153744,0.0,1.0,0.0,0.0,0.0
0.0010125661723558372,-0.18905246903872183,0.32850868838069586,0.5046488098302625,0.4358250476258584,-1.162876035755522,-1.1802849814952894,0.0,0.0,1.0,0.0,0.0
-0.38889789770168043,0.6175713988598247,0.05917739534827389,0.44010497699288953,-0.4762277137326023,-1.162876035755522,-1.1802849814952894,0.0,0.0,1.0,0.0,0.0
-0.2737249931535221,-0.18905246903872183,-0.41839974281230935,-0.5181922502443169,-0.17487529394016946,0.2763901856706533,0.41217777032063846,1.0,0.0,0.0,0.0,0.0
-0.1445151715367278,-0.18905246903872183,0.013363309420078403,-0.12494420134256423,0.11233873820264759,-0.9489843709756773,-0.9659769711537248,0.0,0.0,0.0,1.0,0.0
-0.4014083000391022,-0.9956763369372683,-0.7946305696771875,-0.7405433861830719,-0.5215680603330946,1.6276866518733035,1.5818236366153744,0.0,1.0,0.0,0.0,0.0
-0.32597741694151955,-0.18905246903872183,0.22993898835336615,0.5358227491059517,-0.29102458613480675,0.20737219584652442,0.15285240729734365,0.0,0.0,0.0,0.0,1.0
0.05896748751948668,-0.18905246903872183,0.3993122757242707,0.4926356481480563,0.5646501356442892,1.6276866518733035,1.5818236366153744,0.0,1.0,0.0,0.0,0.0
-0.3485768534220235,-0.9956763369372683,-0.7946305696771875,-0.7405433861830719,-0.5215680603330946,-1.162876035755522,-1.1802849814952894,0.0,0.0,1.0,0.0,0.0
-0.19236351259444073,-0.18905246903872183,-0.6932842583814823,-0.6045233942329312,0.005979060628847741,1.6276866518733035,1.5818236366153744,0.0,1.0,0.0,0.0,0.0
-0.29876334397470156,-0.9956763369372683,-0.7946305696771875,-0.7405433861830719,-0.5215680603330946,0.20737219584652442,0.15285240729734365,0.0,0.0,0.0,0.0,1.0
-0.3139933989941716,-0.9956763369372683,-0.7946305696771875,-0.7405433861830719,-0.5215680603330946,-1.162876035755522,-1.1802849814952894,0.0,0.0,1.0,0.0,0.0
0.4226991010605168,-0.18905246903872183,-0.20321236951320934,-0.11577286285399825,1.3731708969588732,0.20737219584652442,0.15285240729734365,0.0,0.0,0.0,0.0,1.0
0.07554859580681295,0.6175713988598247,-0.5322408048157042,-0.3876406150455745,0.03996969466095869,1.6276866518733035,1.5818236366153744,0.0,1.0,0.0,0.0,0.0
-0.3433831941066282,-0.18905246903872183,-0.6821778133079803,-0.6362140286347366,-0.32971501523389346,-1.162876035755522,-1.1802849814952894,0.0,0.0,1.0,0.0,0.0
0.49541033147605124,-0.18905246903872183,0.40486549826102164,0.469685772963053,1.5347970443244128,0.20737219584652442,0.15285240729734365,0.0,0.0,0.0,0.0,1.0
-0.39984669301521647,-0.9956763369372683,-0.7946305696771875,-0.7405433861830719,-0.5215680603330946,0.2763901856706533,0.41217777032063846,1.0,0.0,0.0,0.0,0.0
4.493036581891903,4.650690738352557,2.8066342454058155,3.3450941498007887,1.0416445096558942,1.6276866518733035,1.5818236366153744,0.0,1.0,0.0,0.0,0.0
-0.3532792206400166,2.2308191346569175,4.175503600714929,5.625700320624201,-0.4791041443233862,-0.9489843709756773,-0.9659769711537248,0.0,0.0,0.0,1.0,0.0
0.2882956201283272,0.6175713988598247,-0.01717941453205192,-0.11542839943658735,0.27642203983556873,0.2763901856706533,0.41217777032063846,1.0,0.0,0.0,0.0,0.0
5.620464214698409,0.6175713988598247,0.06056570098246163,0.35304184824227713,6.202727110721584,1.6276866518733035,1.5818236366153744,0.0,1.0,0.0,0.0,0.0
-0.394582849114478,-0.9956763369372683,-0.7946305696771875,-0.7405433861830719,-0.5215680603330946,-1.162876035755522,-1.1802849814952894,0.0,0.0,1.0,0.0,0.0
0.2157598511761507,-0.18905246903872183,-0.41006990900718293,-0.36271007521045845,0.9131760171255783,-0.9489843709756773,-0.9659769711537248,0.0,0.0,0.0,1.0,0.0
-0.3740889501942694,-0.9956763369372683,-0.7946305696771875,-0.7405433861830719,-0.5215680603330946,-0.9489843709756773,-0.9659769711537248,0.0,0.0,0.0,1.0,0.0
-0.062136014490170324,-0.18905246903872183,-0.2615212061490945,-0.03525453903419344,0.2954552347956033,1.6276866518733035,1.5818236366153744,0.0,1.0,0.0,0.0,0.0
-0.36619318434316167,-0.18905246903872183,-0.22681356529440097,-0.31293511139457914,-0.38041819852906755,0.20737219584652442,0.15285240729734365,0.0,0.0,0.0,0.0,1.0
-0.3279250391847928,-0.18905246903872183,-0.22681356529440097,-0.25097475418778814,-0.29535385793924085,-1.162876035755522,-1.1802849814952894,0.0,0.0,1.0,0.0,0.0
-0.32090658065047484,0.6175713988598247,1.2572851576522952,0.9354003133026301,-0.4006604693984486,-0.9489843709756773,-0.9659769711537248,0.0,0.0,0.0,1.0,0.0
-0.2933415847569409,-0.9956763369372683,-0.7946305696771875,-0.7405433861830719,-0.5215680603330946,0.20737219584652442,0.15285240729734365,0.0,0.0,0.0,0.0,1.0
-0.3120282306045626,-0.9956763369372683,-0.7946305696771875,-0.7405433861830719,-0.5215680603330946,0.2763901856706533,0.41217777032063846,1.0,0.0,0.0,0.0,0.0
-0.09501749272345014,0.6175713988598247,0.2674232404764352,0.6072127923643668,-0.14960170718995958,0.20737219584652442,0.15285240729734365,0.0,0.0,0.0,0.0,1.0
-0.3602450407353272,-0.9956763369372683,-0.7946305696771875,-0.7405433861830719,-0.5215680603330946,-1.162876035755522,-1.1802849814952894,0.0,0.0,1.0,0.0,0.0
-0.3228892951864197,-0.18905246903872183,-0.08104147370468806,-0.3585765142015273,-0.28416015516561394,-0.9489843709756773,-0.9659769711537248,0.0,0.0,0.0,1.0,0.0
-0.2828314431017997,-0.18905246903872183,-0.42395296534906035,-0.32283843464514334,-0.1951175648095505,1.6276866518733035,1.5818236366153744,0.0,1.0,0.0,0.0,0.0
-0.40758454354930207,-0.9956763369372683,-0.7946305696771875,-0.7405433861830719,-0.5215680603330946,-1.162876035755522,-1.1802849814952894,0.0,0.0,1.0,0.0,0.0
0.2382540107786399,0.6175713988598247,0.5062118095567268,0.5903771428384076,0.22080454800563157,0.2763901856706533,0.41217777032063846,1.0,0.0,0.0,0.0,0.0
-0.418199962082458,-0.18905246903872183,-0.14768014414569966,-0.2390477083599347,-0.4960214564420645,0.2763901856706533,0.41217777032063846,1.0,0.0,0.0,0.0,0.0
-0.12135425837347841,-0.18905246903872183,-0.5475121667917694,-0.41554215185585985,0.1638219704715936,0.2763901856706533,0.41217777032063846,1.0,0.0,0.0,0.0,0.0
0.8185050701033803,-0.18905246903872183,-0.5030863864977616,-0.5115613294591564,2.25298813447621,1.6276866518733035,1.5818236366153744,0.0,1.0,0.0,0.0,0.0
-0.4052333599403055,-0.18905246903872183,-0.4031283808362442,-0.5358890583138034,-0.4671986468611925,0.20737219584652442,0.15285240729734365,0.0,0.0,0.0,0.0,1.0
-0.2831648198821798,-0.18905246903872183,-0.3003937639063513,-0.26824098298551097,-0.1958586113346338,0.20737219584652442,0.15285240729734365,0.0,0.0,0.0,0.0,1.0
-0.33866328074229934,-0.9956763369372683,-0.7946305696771875,-0.7405433861830719,-0.5215680603330946,0.20737219584652442,0.15285240729734365,0.0,0.0,0.0,0.0,1.0
0.2732234804258793,-0.18905246903872183,0.42846669404221327,0.3230735309275261,1.0409090365807283,0.20737219584652442,0.15285240729734365,0.0,0.0,0.0,0.0,1.0
-0.38135305477728854,-0.9956763369372683,-0.7946305696771875,-0.7405433861830719,-0.5215680603330946,1.6276866518733035,1.5818236366153744,0.0,1.0,0.0,0.0,0.0
-0.3878626750678685,-0.9956763369372683,-0.7946305696771875,-0.7405433861830719,-0.5215680603330946,-0.9489843709756773,-0.9659769711537248,0.0,0.0,0.0,1.0,0.0
-0.411356965011498,-0.9956763369372683,-0.7946305696771875,-0.7405433861830719,-0.5215680603330946,1.6276866518733035,1.5818236366153744,0.0,1.0,0.0,0.0,0.0
0.9782978247834652,-0.18905246903872183,0.2646466292080597,0.4814836450093774,2.608183434683249,0.20737219584652442,0.15285240729734365,0.0,0.0,0.0,0.0,1.0
-0.05039764259152348,0.6175713988598247,1.6807183760795568,0.969846655043723,-0.10001009368241044,0.20737219584652442,0.15285240729734365,0.0,0.0,0.0,0.0,1.0
-0.38737138297046625,-0.9956763369372683,-0.7946305696771875,-0.7405433861830719,-0.5215680603330946,0.2763901856706533,0.41217777032063846,1.0,0.0,0.0,0.0,0.0
-0.32592477850251217,-0.18905246903872183,0.050847561543147436,0.16487870648155678,-0.29090757878874096,-1.162876035755522,-1.1802849814952894,0.0,0.0,1.0,0.0,0.0
-0.35617433478542276,-0.9956763369372683,-0.7946305696771875,-0.7405433861830719,-0.5215680603330946,1.6276866518733035,1.5818236366153744,0.0,1.0,0.0,0.0,0.0
-0.3210118575284896,1.424195266758371,-0.11713742019356935,0.09611519678089983,-0.44104100330729284,-0.9489843709756773,-0.9659769711537248,0.0,0.0,0.0,1.0,0.0
-0.30704512504519677,-0.9956763369372683,-0.7946305696771875,-0.7405433861830719,-0.5215680603330946,1.6276866518733035,1.5818236366153744,0.0,1.0,0.0,0.0,0.0
0.8125218342028742,-0.18905246903872183,-0.15600997795082613,0.10567405661405314,2.2396882994733986,0.20737219584652442,0.15285240729734365,0.0,0.0,0.0,0.0,1.0
-0.29637706807303343,-0.18905246903872183,0.10082656437390615,0.3006834087958157,-0.22522745519714618,1.6276866518733035,1.5818236366153744,0.0,1.0,0.0,0.0,0.0
-0.4213231761302295,-0.9956763369372683,-0.7946305696771875,-0.7405433861830719,-0.5215680603330946,0.20737219584652442,0.15285240729734365,0.0,0.0,0.0,0.0,1.0
-0.37752799487608524,-0.9956763369372683,-0.7946305696771875,-0.7405433861830719,-0.5215680603330946,-1.162876035755522,-1.1802849814952894,0.0,0.0,1.0,0.0,0.0
-0.4009871925270431,-0.9956763369372683,-0.7946305696771875,-0.7405433861830719,-0.5215680603330946,-0.9489843709756773,-0.9659769711537248,0.0,0.0,0.0,1.0,0.0
-0.06350461390436234,-0.18905246903872183,-0.5058629977661371,-0.5193548142780787,0.29241304379789285,0.2763901856706533,0.41217777032063846,1.0,0.0,0.0,0.0,0.0
-0.41007609632898495,-0.9956763369372683,-0.7946305696771875,-0.7405433861830719,-0.5215680603330946,-0.9489843709756773,-0.9659769711537248,0.0,0.0,0.0,1.0,0.0
0.04189508713475816,0.6175713988598247,-0.3198300427849797,-0.4704410090057268,0.0025663463685956373,0.20737219584652442,0.15285240729734365,0.0,0.0,0.0,0.0,1.0
-0.028394775086436563,0.6175713988598247,-0.5100279146687003,-0.6013801655490564,-0.07555555835466109,1.6276866518733035,1.5818236366153744,0.0,1.0,0.0,0.0,0.0
-0.12163499671485113,2.2308191346569175,0.9587994463019307,1.1572347541152688,-0.3503765624266769,-1.162876035755522,-1.1802849814952894,0.0,0.0,1.0,0.0,0.0
-0.390301589408544,-0.9956763369372683,-0.7946305696771875,-0.7405433861830719,-0.5215680603330946,0.2763901856706533,0.41217777032063846,1.0,0.0,0.0,0.0,0.0
-0.38145833165530335,0.6175713988598247,-0.08798300187562677,-0.13575174106383223,-0.4679591946106201,-1.162876035755522,-1.1802849814952894,0.0,0.0,1.0,0.0,0.0
0.07772431795245152,-0.18905246903872183,0.20633779257217455,-0.21484915328681686,0.6063437532923978,1.6276866518733035,1.5818236366153744,0.0,1.0,0.0,0.0,0.0
-0.3767559644373103,-0.18905246903872183,0.4492912785550294,0.17964757550305027,-0.403897672639602,-1.162876035755522,-1.1802849814952894,0.0,0.0,1.0,0.0,0.0
-0.34041789537587885,-0.18905246903872183,-0.20043575824483387,-0.3594376727450546,-0.3231236014055208,-0.9489843709756773,-0.9659769711537248,0.0,0.0,0.0,1.0,0.0
-0.3461028467886764,0.6175713988598247,-0.013014497629488695,-0.18483777804488968,-0.4286642275568602,-0.9489843709756773,-0.9659769711537248,0.0,0.0,0.0,1.0,0.0
-0.35789385712633065,-0.9956763369372683,-0.7946305696771875,-0.7405433861830719,-0.5215680603330946,1.6276866518733035,1.5818236366153744,0.0,1.0,0.0,0.0,0.0
-0.18309914732914098,-0.18905246903872183,-0.15323336668245063,-0.01445756020800858,0.026572353536426147,0.20737219584652442,0.15285240729734365,0.0,0.0,0.0,0.0,1.0
-0.3478399152759201,-0.9956763369372683,-0.7946305696771875,-0.7405433861830719,-0.5215680603330946,-0.9489843709756773,-0.9659769711537248,0.0,0.0,0.0,1.0,0.0
-0.37677351058364605,-0.18905246903872183,0.23965712779268036,0.5032278982334424,-0.4039366750882906,-1.162876035755522,-1.1802849814952894,0.0,0.0,1.0,0.0,0.0
-0.3490856916657616,1.424195266758371,1.3794560534608165,1.477413500598728,-0.461842311874707,0.2763901856706533,0.41217777032063846,1.0,0.0,0.0,0.0,0.0
-0.39579353321164784,-0.18905246903872183,0.3951473588217075,0.6609921434076482,-0.4462153294667281,-1.162876035755522,-1.1802849814952894,0.0,0.0,1.0,0.0,0.0
-0.02067447069868677,1.424195266758371,0.2729764630131862,0.2943538935008899,-0.21850603450655987,0.20737219584652442,0.15285240729734365,0.0,0.0,0.0,0.0,1.0
0.19870499693775798,-0.18905246903872183,0.05362417281152292,-0.10720433534590133,0.8752656370002635,1.6276866518733035,1.5818236366153744,0.0,1.0,0.0,0.0,0.0
-0.1686937611874533,-0.18905246903872183,-0.5947145583541527,-0.6005620649327054,0.058593363909763024,1.6276866518733035,1.5818236366153744,0.0,1.0,0.0,0.0,0.0
-0.35331431293268817,-0.18905246903872183,-0.4989214695951984,-0.5635322475610304,-0.3517904011916385,-1.162876035755522,-1.1802849814952894,0.0,0.0,1.0,0.0,0.0
-0.40939179662188896,-0.9956763369372683,-0.7946305696771875,-0.7405433861830719,-0.5215680603330946,0.2763901856706533,0.41217777032063846,1.0,0.0,0.0,0.0,0.0
-0.4037770297944345,-0.18905246903872183,-0.5350174160840797,-0.47819143589747265,-0.46396144362003905,-1.162876035755522,-1.1802849814952894,0.0,0.0,1.0,0.0,0.0
0.11250077998999719,0.6175713988598247,1.103183232257456,1.5699449861007388,0.08103927313004972,0.20737219584652442,0.15285240729734365,0.0,0.0,0.0,0.0,1.0
0.5847728547642552,1.424195266758371,1.9875339212350478,2.790551105696368,0.23010013030966514,1.6276866518733035,1.5818236366153744,0.0,1.0,0.0,0.0,0.0
-0.3416285794730487,0.6175713988598247,0.09666164747134293,0.4448844069094661,-0.42369141534906424,-1.162876035755522,-1.1802849814952894,0.0,0.0,1.0,0.0,0.0
-0.418199962082458,-0.9956763369372683,-0.7946305696771875,-0.7405433861830719,-0.5215680603330946,0.2763901856706533,0.41217777032063846,1.0,0.0,0.0,0.0,0.0
-0.23042110399678006,-0.18905246903872183,-0.5780548907438997,-0.5381280705269743,-0.07861725057671583,0.2763901856706533,0.41217777032063846,1.0,0.0,0.0,0.0,0.0
-0.41814732364345064,-0.9956763369372683,-0.7946305696771875,-0.7405433861830719,-0.5215680603330946,-0.9489843709756773,-0.9659769711537248,0.0,0.0,0.0,1.0,0.0
-0.22857875863152158,3.037443002555464,1.9930871437717987,1.7759341097124746,-0.4321588469593583,-1.162876035755522,-1.1802849814952894,0.0,0.0,1.0,0.0,0.0
0.18573839479560547,-0.18905246903872183,-0.5155811372054513,-0.4346598715221664,0.8464428274193914,1.6276866518733035,1.5818236366153744,0.0,1.0,0.0,0.0,0.0
-0.4144801790592695,-0.18905246903872183,0.435408222213152,0.4399758032113604,-0.4877529373200823,0.20737219584652442,0.15285240729734365,0.0,0.0,0.0,0.0,1.0
-0.35148951371376547,-0.9956763369372683,-0.7946305696771875,-0.7405433861830719,-0.5215680603330946,0.20737219584652442,0.15285240729734365,0.0,0.0,0.0,0.0,1.0
-0.3502788296165956,-0.9956763369372683,-0.7946305696771875,-0.7405433861830719,-0.5215680603330946,0.20737219584652442,0.15285240729734365,0.0,0.0,0.0,0.0,1.0
-0.3548057353712307,-0.9956763369372683,-0.7946305696771875,-0.7405433861830719,-0.5215680603330946,-0.9489843709756773,-0.9659769711537248,0.0,0.0,0.0,1.0,0.0
-0.35456008932252964,-0.9956763369372683,-0.7946305696771875,-0.7405433861830719,-0.5215680603330946,1.6276866518733035,1.5818236366153744,0.0,1.0,0.0,0.0,0.0
0.5381001055110405,-0.18905246903872183,0.4062538038952094,0.6583225519227136,1.6296900019837657,0.2763901856706533,0.41217777032063846,1.0,0.0,0.0,0.0,0.0
-0.34536590864257305,-0.18905246903872183,0.34100343908838554,-0.03796718844630449,-0.33412229193570475,-1.162876035755522,-1.1802849814952894,0.0,0.0,1.0,0.0,0.0
-0.34361129400899354,-0.9956763369372683,-0.7946305696771875,-0.7405433861830719,-0.5215680603330946,1.6276866518733035,1.5818236366153744,0.0,1.0,0.0,0.0,0.0
-0.3326274064027859,-0.9956763369372683,-0.7946305696771875,-0.7405433861830719,-0.5215680603330946,1.6276866518733035,1.5818236366153744,0.0,1.0,0.0,0.0,0.0
-0.34104955664396747,-0.18905246903872183,-0.04355722158161902,0.0978805717951309,-0.32452768955831024,0.2763901856706533,0.41217777032063846,1.0,0.0,0.0,0.0,0.0
0.1110970882831336,1.424195266758371,2.0833270099940018,2.79360821852589,-0.12086990202261264,1.6276866518733035,1.5818236366153744,0.0,1.0,0.0,0.0,0.0
-0.41383097164484506,-0.9956763369372683,-0.7946305696771875,-0.7405433861830719,-0.5215680603330946,-0.9489843709756773,-0.9659769711537248,0.0,0.0,0.0,1.0,0.0
-0.2863055800762871,-0.9956763369372683,-0.7946305696771875,-0.7405433861830719,-0.5215680603330946,0.20737219584652442,0.15285240729734365,0.0,0.0,0.0,0.0,1.0
-0.3611398941984527,-0.9956763369372683,-0.7946305696771875,-0.7405433861830719,-0.5215680603330946,1.6276866518733035,1.5818236366153744,0.0,1.0,0.0,0.0,0.0
-0.1826604936707461,-0.18905246903872183,0.06889553478758809,0.1775807949985848,0.027547414753641034,1.6276866518733035,1.5818236366153744,0.0,1.0,0.0,0.0,0.0
0.41271534379544944,3.844066870454011,2.465111059395631,1.5890627057670452,-0.20947696763515,-0.9489843709756773,-0.9659769711537248,0.0,0.0,0.0,1.0,0.0
-0.3315219991836308,-0.18905246903872183,0.13969912213116292,0.014907946126273195,-0.3033493599204029,-0.9489843709756773,-0.9659769711537248,0.0,0.0,0.0,1.0,0.0
-0.398688647357054,-0.9956763369372683,-0.7946305696771875,-0.7405433861830719,-0.5215680603330946,1.6276866518733035,1.5818236366153744,0.0,1.0,0.0,0.0,0.0
-0.3063081868990934,-0.18905246903872183,-0.6072093090618423,-0.6407781689154315,-0.24730284115489123,0.20737219584652442,0.15285240729734365,0.0,0.0,0.0,0.0,1.0
-0.34276907898487535,-0.18905246903872183,0.2701998517448107,0.6491512134341475,-0.3283499295297926,0.2763901856706533,0.41217777032063846,1.0,0.0,0.0,0.0,0.0
1.3446613602748645,-0.18905246903872183,0.18690151369354616,0.4491471416999264,3.4225545633011225,0.2763901856706533,0.41217777032063846,1.0,0.0,0.0,0.0,0.0
0.08962060516812052,0.6175713988598247,1.4891321985616484,1.5832929435254124,0.05560967658508548,0.20737219584652442,0.15285240729734365,0.0,0.0,0.0,0.0,1.0
-0.22947361209464714,2.2308191346569175,2.025018173358117,1.0543263081637535,-0.41030382483670386,-1.162876035755522,-1.1802849814952894,0.0,0.0,1.0,0.0,0.0
-0.201241862640353,-0.18905246903872183,0.014751615054266145,-0.07168154542539922,-0.013756178407581567,0.2763901856706533,0.41217777032063846,1.0,0.0,0.0,0.0,0.0
0.2899449578838919,1.424195266758371,1.0018369209617508,0.16952896261660422,0.011647415204842002,0.20737219584652442,0.15285240729734365,0.0,0.0,0.0,0.0,1.0
-0.3990922087227773,-0.9956763369372683,-0.7946305696771875,-0.7405433861830719,-0.5215680603330946,1.6276866518733035,1.5818236366153744,0.0,1.0,0.0,0.0,0.0
-0.41333967954744283,-0.9956763369372683,-0.7946305696771875,-0.7405433861830719,-0.5215680603330946,-1.162876035755522,-1.1802849814952894,0.0,0.0,1.0,0.0,0.0
3.382172511226386,1.424195266758371,-0.5100279146687003,-0.3893198742054528,2.3028332639002347,0.2763901856706533,0.41217777032063846,1.0,0.0,0.0,0.0,0.0
-0.33475049010941704,-0.9956763369372683,-0.7946305696771875,-0.7405433861830719,-0.5215680603330946,0.2763901856706533,0.41217777032063846,1.0,0.0,0.0,0.0,0.0
-0.42100734549618524,-0.9956763369372683,-0.7946305696771875,-0.7405433861830719,-0.5215680603330946,-0.9489843709756773,-0.9659769711537248,0.0,0.0,0.0,1.0,0.0
-0.31520408309134146,-0.9956763369372683,-0.7946305696771875,-0.7405433861830719,-0.5215680603330946,-0.9489843709756773,-0.9659769711537248,0.0,0.0,0.0,1.0,0.0
0.7609010716829653,2.2308191346569175,0.023081448859392596,0.14843057830018477,0.1400597286080668,0.2763901856706533,0.41217777032063846,1.0,0.0,0.0,0.0,0.0
2.7815328298594517,0.6175713988598247,-0.013014497629488695,-0.3068208857355352,3.0474680142628996,0.2763901856706533,0.41217777032063846,1.0,0.0,0.0,0.0,0.0
0.22502421644145046,0.6175713988598247,0.1952313474986726,-0.01411309679059767,0.20610062485003108,-1.162876035755522,-1.1802849814952894,0.0,0.0,1.0,0.0,0.0
-0.3814232393626317,-0.18905246903872183,0.38126430247983006,0.1243181390814197,-0.4142723239907684,-1.162876035755522,-1.1802849814952894,0.0,0.0,1.0,0.0,0.0
-0.359490556442888,3.844066870454011,5.624894682806932,8.188034508962579,-0.49555992876599775,-0.9489843709756773,-0.9659769711537248,0.0,0.0,0.0,1.0,0.0
-0.2946750918784613,-0.18905246903872183,0.06750722915340034,-0.07181071920692839,-0.22144421767435243,0.2763901856706533,0.41217777032063846,1.0,0.0,0.0,0.0,0.0
-0.12498631066498797,1.424195266758371,2.551186008715271,2.8868716887898995,-0.2957958843909633,0.2763901856706533,0.41217777032063846,1.0,0.0,0.0,0.0,0.0
-0.29686836017043566,1.424195266758371,-0.025509248337178374,0.10868811151639879,-0.42315188277562027,-0.9489843709756773,-0.9659769711537248,0.0,0.0,0.0,1.0,0.0
-0.11605532218006832,-0.18905246903872183,0.020304837591017113,0.05981736417122313,0.17560070997554944,0.20737219584652442,0.15285240729734365,0.0,0.0,0.0,0.0,1.0
-0.28439305012568544,-0.9956763369372683,-0.7946305696771875,-0.7405433861830719,-0.5215680603330946,0.20737219584652442,0.15285240729734365,0.0,0.0,0.0,0.0,1.0
-0.19653949542235993,-0.9956763369372683,-0.7946305696771875,-0.7405433861830719,-0.5215680603330946,1.6276866518733035,1.5818236366153744,0.0,1.0,0.0,0.0,0.0
0.06577539229777514,0.6175713988598247,-0.4683787456430681,-0.37743588630477576,0.029107512701184852,1.6276866518733035,1.5818236366153744,0.0,1.0,0.0,0.0,0.0
0.7407931879821442,0.6175713988598247,0.000868558712388725,-0.1449230795523982,0.779339114450663,0.2763901856706533,0.41217777032063846,1.0,0.0,0.0,0.0,0.0
-0.04201058464301347,0.6175713988598247,1.6834949873479321,1.0063167193621052,-0.09068850844583613,0.2763901856706533,0.41217777032063846,1.0,0.0,0.0,0.0,0.0
-0.35866588756510565,-0.9956763369372683,-0.7946305696771875,-0.7405433861830719,-0.5215680603330946,-0.9489843709756773,-0.9659769711537248,0.0,0.0,0.0,1.0,0.0
0.42666453013240646,-0.18905246903872183,0.023081448859392596,0.38688537900290093,1.3819854503624958,0.2763901856706533,0.41217777032063846,1.0,0.0,0.0,0.0,0.0
5.432387072125023,1.424195266758371,0.4215251658712746,-0.0009373710746295504,3.82193963787234,0.2763901856706533,0.41217777032063846,1.0,0.0,0.0,0.0,0.0
0.1873701864048344,-0.18905246903872183,0.18967812496192163,0.20707547511439567,0.8500700551474308,0.20737219584652442,0.15285240729734365,0.0,0.0,0.0,0.0,1.0
-0.3329432370368302,-0.18905246903872183,0.003645169980764209,0.27618344823246344,-0.30650855826417917,0.20737219584652442,0.15285240729734365,0.0,0.0,0.0,0.0,1.0
-0.31309854553104605,-0.18905246903872183,0.1327575939602242,0.2994777868348775,-0.26239678879737766,-0.9489843709756773,-0.9659769711537248,0.0,0.0,0.0,1.0,0.0
-0.3894944666770974,-0.9956763369372683,-0.7946305696771875,-0.7405433861830719,-0.5215680603330946,-1.162876035755522,-1.1802849814952894,0.0,0.0,1.0,0.0,0.0
0.08402338448700193,-0.18905246903872183,-0.5308524991815164,-0.5471271773068349,0.6203456323716036,-1.162876035755522,-1.1802849814952894,0.0,0.0,1.0,0.0,0.0
-0.32388942552755995,-0.9956763369372683,-0.7946305696771875,-0.7405433861830719,-0.5215680603330946,1.6276866518733035,1.5818236366153744,0.0,1.0,0.0,0.0,0.0
-0.39461794140714956,-0.9956763369372683,-0.7946305696771875,-0.7405433861830719,-0.5215680603330946,-1.162876035755522,-1.1802849814952894,0.0,0.0,1.0,0.0,0.0
1.3723316330464133,2.2308191346569175,-0.4586606062037539,-0.3354113493806423,0.4798393109709384,1.6276866518733035,1.5818236366153744,0.0,1.0,0.0,0.0,0.0
-0.305483518021311,0.6175713988598247,0.22022084891405197,0.13297278244386937,-0.3835188931998109,-0.9489843709756773,-0.9659769711537248,0.0,0.0,0.0,1.0,0.0
-0.3584026953700687,-0.18905246903872183,0.4437380560182784,-0.012692185193777506,-0.36310111131133116,-0.9489843709756773,-0.9659769711537248,0.0,0.0,0.0,1.0,0.0
-0.07178639497485757,-0.18905246903872183,-0.4336711047883745,-0.38591829795851984,0.2740038880168758,0.2763901856706533,0.41217777032063846,1.0,0.0,0.0,0.0,0.0
-0.35610415020007957,-0.9956763369372683,-0.7946305696771875,-0.7405433861830719,-0.5215680603330946,0.20737219584652442,0.15285240729734365,0.0,0.0,0.0,0.0,1.0
-0.23466727141004246,0.6175713988598247,1.6710002366402426,2.6663289857925516,-0.3048119517462252,-0.9489843709756773,-0.9659769711537248,0.0,0.0,0.0,1.0,0.0
-0.28228751256539003,-0.18905246903872183,-0.0560519722893087,-0.2637629585591689,-0.19390848890020404,0.20737219584652442,0.15285240729734365,0.0,0.0,0.0,0.0,1.0
-0.3745626961453359,-0.9956763369372683,-0.7946305696771875,-0.7405433861830719,-0.5215680603330946,-0.9489843709756773,-0.9659769711537248,0.0,0.0,0.0,1.0,0.0
-0.3458747468863111,-0.9956763369372683,-0.7946305696771875,-0.7405433861830719,-0.5215680603330946,1.6276866518733035,1.5818236366153744,0.0,1.0,0.0,0.0,0.0
0.3124215713400453,0.6175713988598247,-0.16572811739014032,-0.29980244360578745,0.3032362233089781,1.6276866518733035,1.5818236366153744,0.0,1.0,0.0,0.0,0.0
-0.1742558895759003,-0.18905246903872183,0.22716237708499068,0.6843295399372386,0.046229587675478266,0.2763901856706533,0.41217777032063846,1.0,0.0,0.0,0.0,0.0
-0.4097602656949406,-0.9956763369372683,-0.7946305696771875,-0.7405433861830719,-0.5215680603330946,-0.9489843709756773,-0.9659769711537248,0.0,0.0,0.0,1.0,0.0
-0.2789712909079248,-0.18905246903872183,-0.7182737597968617,-0.696796532171884,-0.1865370260980595,0.20737219584652442,0.15285240729734365,0.0,0.0,0.0,0.0,1.0
-0.3122914227995995,-0.18905246903872183,-0.5502887780601449,-0.5860946014014463,-0.2606026761577023,-0.9489843709756773,-0.9659769711537248,0.0,0.0,0.0,1.0,0.0
-0.34254097908251,0.6175713988598247,-0.65163508935585,-0.6591208458925635,-0.4247054790149677,0.2763901856706533,0.41217777032063846,1.0,0.0,0.0,0.0,0.0
2.565066022514749,0.6175713988598247,-0.6155391428669688,-0.6115418363626788,2.8068814095272985,0.20737219584652442,0.15285240729734365,0.0,0.0,0.0,0.0,1.0
-0.3100104237759461,-0.18905246903872183,0.11748623198415906,0.5263500051271511,-0.2555323578281849,-0.9489843709756773,-0.9659769711537248,0.0,0.0,0.0,1.0,0.0
-0.18352025484120005,0.6175713988598247,-0.528075887913141,-0.3794596088820649,-0.24796588278259735,0.2763901856706533,0.41217777032063846,1.0,0.0,0.0,0.0,0.0
-0.2435105291632831,-0.18905246903872183,-0.5738899738413364,-0.5849320373676845,-0.10771307729840805,0.20737219584652442,0.15285240729734365,0.0,0.0,0.0,0.0,1.0
0.008364401487053938,1.424195266758371,-0.1282438652670713,-0.20253458611437616,-0.19698968234660308,-0.9489843709756773,-0.9659769711537248,0.0,0.0,0.0,1.0,0.0
-0.021832516356849237,0.6175713988598247,1.3155939942881805,1.553626031700896,-0.06826210044989373,1.6276866518733035,1.5818236366153744,0.0,1.0,0.0,0.0,0.0
0.3712538000039659,1.424195266758371,1.464142697146269,1.1688603944528875,0.07189319891257408,0.20737219584652442,0.15285240729734365,0.0,0.0,0.0,0.0,1.0
-0.4141117099862178,-0.18905246903872183,-0.5252992766447655,-0.41562826771021255,-0.48693388589762177,-0.9489843709756773,-0.9659769711537248,0.0,0.0,0.0,1.0,0.0
0.4502465508077149,0.6175713988598247,0.5756270912661139,0.29822910694676286,0.4564183405334368,1.6276866518733035,1.5818236366153744,0.0,1.0,0.0,0.0,0.0
-0.35273529010360694,-0.9956763369372683,-0.7946305696771875,-0.7405433861830719,-0.5215680603330946,0.2763901856706533,0.41217777032063846,1.0,0.0,0.0,0.0,0.0
-0.3445587859111265,-0.9956763369372683,-0.7946305696771875,-0.7405433861830719,-0.5215680603330946,0.2763901856706533,0.41217777032063846,1.0,0.0,0.0,0.0,0.0
1.6315759451577843,0.6175713988598247,-0.01717941453205192,0.2611992895750879,1.7693772719619703,1.6276866518733035,1.5818236366153744,0.0,1.0,0.0,0.0,0.0
-0.36487722336797707,-0.9956763369372683,-0.7946305696771875,-0.7405433861830719,-0.5215680603330946,-0.9489843709756773,-0.9659769711537248,0.0,0.0,0.0,1.0,0.0
-0.3997765084298733,-0.18905246903872183,-0.6918959527472945,-0.6281191383255798,-0.4550688853190393,-1.162876035755522,-1.1802849814952894,0.0,0.0,1.0,0.0,0.0
-0.3482610227879792,0.6175713988598247,1.0420977843531953,1.7330053563176375,-0.43106287815120875,0.20737219584652442,0.15285240729734365,0.0,0.0,0.0,0.0,1.0
-0.4031629146726817,-0.9956763369372683,-0.7946305696771875,-0.7405433861830719,-0.5215680603330946,0.20737219584652442,0.15285240729734365,0.0,0.0,0.0,0.0,1.0
-0.24905511140539435,-0.18905246903872183,0.3743227743088913,0.3489082872333458,-0.12003785108400422,0.20737219584652442,0.15285240729734365,0.0,0.0,0.0,0.0,1.0
0.09628814077572262,1.424195266758371,2.6067182340827806,3.618856450788125,-0.13184259352050073,0.2763901856706533,0.41217777032063846,1.0,0.0,0.0,0.0,0.0
-0.21747204800096337,1.424195266758371,2.0208532564555535,2.3453321386927417,-0.36432318673682557,-0.9489843709756773,-0.9659769711537248,0.0,0.0,0.0,1.0,0.0
