COUNTY_FIPS,STATEDESC,REQUIRED_SPECIALTY,DISEASE,ESTIMATED_PATIENTS,PROVIDER_COUNT,TOTAL_BENEFICIARIES,TOTAL_SERVICES,PATIENTS_PER_PROVIDER,MEDIAN_PATIENTS_PER_PROVIDER,MEAN_PATIENTS_PER_PROVIDER,GAP_RATIO,ACCESS_GAP_LEVEL,GAP_SCORE,UC05_KEY,COUNTY_NAME,providers_per_1000_patients,services_per_beneficiary,is_anomaly,anomaly_label,anomaly_score
37119,North Carolina,Psychiatry,Mental Health Disorders,4706,0,0,0.0,0.0,3104.5,4291.159571,0.0,NO PROVIDER,100.0,37119|Psychiatry,Mecklenburg County,0.0,0.0,False,1,0.08653208169514648
37119,North Carolina,Psychiatry,Mental Health Disorders,4846,1,602,2308.7,4846.0,3104.5,4291.159571,1.56096,HIGH GAP,8.5,37119|Psychiatry,Mecklenburg County,0.20635575732562939,3.828689883913764,False,1,0.12152350241264803
48201,Texas,Endocrinology,Diabetes,13872,0,0,0.0,0.0,18070.0,22988.768287,0.0,NO PROVIDER,100.0,48201|Endocrinology,Harris County,0.0,0.0,False,1,0.08653208169514648
37081,North Carolina,Cardiology,Heart Disease,298474,4,2389,10392.2,74618.5,10823.136364,15071.056217,6.894351,CRITICAL GAP,37.54,37081|Cardiology,Guilford County,0.013401502308408773,4.348200836820084,False,1,0.04322089686435626
26049,Michigan,Pulmonary,Respiratory Disease,631,0,0,0.0,0.0,4251.578947,5741.879972,0.0,NO PROVIDER,100.0,26049|Pulmonary,Genesee County,0.0,0.0,False,1,0.08653208169514648
48029,Texas,Endocrinology,Diabetes,27850,1,860,2864.0,27850.0,18070.0,22988.768287,1.541229,HIGH GAP,8.39,48029|Endocrinology,Bexar County,0.03590664272890485,3.326364692218351,False,1,0.1256608129403971
26125,Michigan,Rheumatology,Arthritis,50823,1,757,2216.1,50823.0,10453.0,13315.598761,4.862049,CRITICAL GAP,26.47,26125|Rheumatology,Oakland County,0.01967613088562265,2.9236147757255937,False,1,0.10513568820079505
26049,Michigan,Rheumatology,Arthritis,1512,0,0,0.0,0.0,10453.0,13315.598761,0.0,NO PROVIDER,100.0,26049|Rheumatology,Genesee County,0.0,0.0,False,1,0.08653208169514648
26099,Michigan,Rheumatology,Arthritis,86989,1,664,1671.8,86989.0,10453.0,13315.598761,8.321917,CRITICAL GAP,45.31,26099|Rheumatology,Macomb County,0.011495706353676902,2.513984962406015,False,1,0.06555541667679732
26049,Michigan,Pulmonary,Respiratory Disease,3426,1,758,1602.5,3426.0,4251.578947,5741.879972,0.805818,MODERATE GAP,4.39,26049|Pulmonary,Genesee County,0.29188558085230587,2.11133069828722,False,1,0.11240657791975756
37119,North Carolina,Endocrinology,Diabetes,2539,0,0,0.0,0.0,18070.0,22988.768287,0.0,NO PROVIDER,100.0,37119|Endocrinology,Mecklenburg County,0.0,0.0,False,1,0.08653208169514648
26099,Michigan,Rheumatology,Arthritis,6171,0,0,0.0,0.0,10453.0,13315.598761,0.0,NO PROVIDER,100.0,26099|Rheumatology,Macomb County,0.0,0.0,False,1,0.08653208169514648
26077,Michigan,Pulmonary,Respiratory Disease,36786,1,277,877.5,36786.0,4251.578947,5741.879972,8.652315,CRITICAL GAP,47.11,26077|Pulmonary,Kalamazoo County,0.027184254879573752,3.156474820143885,False,1,0.11885731173454156
26099,Michigan,Pulmonary,Respiratory Disease,6064,1,414,1149.5,6064.0,4251.578947,5741.879972,1.426294,HIGH GAP,7.77,26099|Pulmonary,Macomb County,0.16490765171503957,2.769879518072289,False,1,0.14627579228014648
37183,North Carolina,Endocrinology,Diabetes,22583,1,889,1926.9,22583.0,18070.0,22988.768287,1.249751,HIGH GAP,6.8,37183|Endocrinology,Wake County,0.04428109639994686,2.165056179775281,False,1,0.13061226090182526
37081,North Carolina,Rheumatology,Arthritis,8401,1,532,1107.3,8401.0,10453.0,13315.598761,0.803693,MODERATE GAP,4.38,37081|Rheumatology,Guilford County,0.11903344839900012,2.077485928705441,False,1,0.13594959169628967
37119,North Carolina,Rheumatology,Arthritis,8087,1,485,1040.8,8087.0,10453.0,13315.598761,0.773653,MODERATE GAP,4.21,37119|Rheumatology,Mecklenburg County,0.12365524916532707,2.14156378600823,False,1,0.1351130174935019
37183,North Carolina,Psychiatry,Mental Health Disorders,18820,1,445,1126.5,18820.0,3104.5,4291.159571,6.062168,CRITICAL GAP,33.01,37183|Psychiatry,Wake County,0.053134962805526036,2.5257847533632285,False,1,0.14745749797292057
48085,Texas,Pulmonary,Respiratory Disease,2068,2,954,2626.6,1034.0,4251.578947,5741.879972,0.243204,LOW GAP,1.32,48085|Pulmonary,Collin County,0.9671179883945842,2.750366492146597,False,1,0.011512735082081726
26099,Michigan,Rheumatology,Arthritis,290237,4,1501,5736.4,72559.25,10453.0,13315.598761,6.941476,CRITICAL GAP,37.8,26099|Rheumatology,Macomb County,0.013781840358052213,3.8191744340878824,False,1,0.07462124454398755
26163,Michigan,Rheumatology,Arthritis,12881,2,117,426.5,6440.5,10453.0,13315.598761,0.616139,MODERATE GAP,3.35,26163|Rheumatology,Wayne County,0.15526744817948918,3.614406779661017,False,1,0.13767985404226352
37183,North Carolina,Psychiatry,Mental Health Disorders,1434,1,593,1805.6,1434.0,3104.5,4291.159571,0.46191,LOW GAP,2.52,37183|Psychiatry,Wake County,0.6973500697350069,3.0397306397306396,False,1,0.05573266055295756
48439,Texas,Endocrinology,Diabetes,31630,1,753,3224.7,31630.0,18070.0,22988.768287,1.750415,HIGH GAP,9.53,48439|Endocrinology,Tarrant County,0.031615554852987664,4.276790450928382,False,1,0.09128533467057687
37081,North Carolina,Psychiatry,Mental Health Disorders,2375,0,0,0.0,0.0,3104.5,4291.159571,0.0,NO PROVIDER,100.0,37081|Psychiatry,Guilford County,0.0,0.0,False,1,0.08653208169514648
48201,Texas,Cardiology,Heart Disease,51672,5,3747,10604.9,10334.4,10823.136364,15071.056217,0.954843,MODERATE GAP,5.2,48201|Cardiology,Harris County,0.09676420498529184,2.8294823906083244,False,1,0.15645468358785147
37119,North Carolina,Psychiatry,Mental Health Disorders,33784,1,840,1902.0,33784.0,3104.5,4291.159571,10.882268,CRITICAL GAP,59.25,37119|Psychiatry,Mecklenburg County,0.029599810561212407,2.2615933412604043,False,1,0.12067850942872438
26099,Michigan,Psychiatry,Mental Health Disorders,2890,0,0,0.0,0.0,3104.5,4291.159571,0.0,NO PROVIDER,100.0,26099|Psychiatry,Macomb County,0.0,0.0,False,1,0.08653208169514648
48029,Texas,Cardiology,Heart Disease,20360,2,509,981.9,10180.0,10823.136364,15071.056217,0.940578,MODERATE GAP,5.12,48029|Cardiology,Bexar County,0.09823182711198428,1.9252941176470588,False,1,0.12438710611622306
37119,North Carolina,Psychiatry,Mental Health Disorders,7993,2,1193,4125.3,3996.5,3104.5,4291.159571,1.287325,HIGH GAP,7.01,37119|Psychiatry,Mecklenburg County,0.25021894157387714,3.455025125628141,False,1,0.1278885984666902
48029,Texas,Cardiology,Heart Disease,59424,3,2698,9435.1,19808.0,10823.136364,15071.056217,1.830153,HIGH GAP,9.96,48029|Cardiology,Bexar County,0.050484652665589665,3.495776213412375,False,1,0.14416052855230577
37081,North Carolina,Endocrinology,Diabetes,1294,0,0,0.0,0.0,18070.0,22988.768287,0.0,NO PROVIDER,100.0,37081|Endocrinology,Guilford County,0.0,0.0,False,1,0.08653208169514648
48029,Texas,Pulmonary,Respiratory Disease,44515,1,583,1445.1,44515.0,4251.578947,5741.879972,10.470228,CRITICAL GAP,57.01,48029|Pulmonary,Bexar County,0.022464337863641468,2.474486301369863,False,1,0.10156243497362999
48085,Texas,Endocrinology,Diabetes,25776,1,405,751.4,25776.0,18070.0,22988.768287,1.426453,HIGH GAP,7.77,48085|Endocrinology,Collin County,0.03879577901924271,1.8507389162561576,False,1,0.10765637041342602
26049,Michigan,Psychiatry,Mental Health Disorders,2855,0,0,0.0,0.0,3104.5,4291.159571,0.0,NO PROVIDER,100.0,26049|Psychiatry,Genesee County,0.0,0.0,False,1,0.08653208169514648
37081,North Carolina,Rheumatology,Arthritis,1478,0,0,0.0,0.0,10453.0,13315.598761,0.0,NO PROVIDER,100.0,37081|Rheumatology,Guilford County,0.0,0.0,False,1,0.08653208169514648
37067,North Carolina,Psychiatry,Mental Health Disorders,15015,3,2065,4274.9,5005.0,3104.5,4291.159571,1.612176,HIGH GAP,8.78,37067|Psychiatry,Forsyth County,0.1998001998001998,2.069167473378509,False,1,0.12707522082892492
37067,North Carolina,Rheumatology,Arthritis,1754,0,0,0.0,0.0,10453.0,13315.598761,0.0,NO PROVIDER,100.0,37067|Rheumatology,Forsyth County,0.0,0.0,False,1,0.08653208169514648
48085,Texas,Cardiology,Heart Disease,5834,1,226,543.8,5834.0,10823.136364,15071.056217,0.53903,MODERATE GAP,2.93,48085|Cardiology,Collin County,0.17140898183064793,2.3955947136563873,False,1,0.14277191063400546
26163,Michigan,Rheumatology,Arthritis,4982,1,748,2472.3,4982.0,10453.0,13315.598761,0.47661,LOW GAP,2.6,26163|Rheumatology,Wayne County,0.2007226013649137,3.300801068090788,False,1,0.13550202846560555
48201,Texas,Endocrinology,Diabetes,8626,0,0,0.0,0.0,18070.0,22988.768287,0.0,NO PROVIDER,100.0,48201|Endocrinology,Harris County,0.0,0.0,False,1,0.08653208169514648
37051,North Carolina,Cardiology,Heart Disease,1524,2,284,534.1,762.0,10823.136364,15071.056217,0.070405,LOW GAP,0.38,37051|Cardiology,Cumberland County,1.3123359580052494,1.8740350877192984,True,-1,-0.05633826139308451
37067,North Carolina,Cardiology,Heart Disease,778,0,0,0.0,0.0,10823.136364,15071.056217,0.0,NO PROVIDER,100.0,37067|Cardiology,Forsyth County,0.0,0.0,False,1,0.08653208169514648
37081,North Carolina,Rheumatology,Arthritis,3449,0,0,0.0,0.0,10453.0,13315.598761,0.0,NO PROVIDER,100.0,37081|Rheumatology,Guilford County,0.0,0.0,False,1,0.08653208169514648
26163,Michigan,Psychiatry,Mental Health Disorders,928,1,597,2378.3,928.0,3104.5,4291.159571,0.298921,LOW GAP,1.63,26163|Psychiatry,Wayne County,1.0775862068965516,3.977090301003345,True,-1,-0.018920325395970328
26099,Michigan,Pulmonary,Respiratory Disease,1728,0,0,0.0,0.0,4251.578947,5741.879972,0.0,NO PROVIDER,100.0,26099|Pulmonary,Macomb County,0.0,0.0,False,1,0.08653208169514648
48439,Texas,Pulmonary,Respiratory Disease,2248,2,585,1465.5,1124.0,4251.578947,5741.879972,0.264372,LOW GAP,1.44,48439|Pulmonary,Tarrant County,0.889679715302491,2.500853242320819,False,1,0.013845008618829424
37119,North Carolina,Rheumatology,Arthritis,5188,0,0,0.0,0.0,10453.0,13315.598761,0.0,NO PROVIDER,100.0,37119|Rheumatology,Mecklenburg County,0.0,0.0,False,1,0.08653208169514648
26099,Michigan,Rheumatology,Arthritis,16892,1,878,2372.5,16892.0,10453.0,13315.598761,1.615995,HIGH GAP,8.8,26099|Rheumatology,Macomb County,0.059199621122424814,2.6990898748577927,False,1,0.14786730933720188
37081,North Carolina,Rheumatology,Arthritis,52855,4,1594,3904.3,13213.75,10453.0,13315.598761,1.264111,HIGH GAP,6.88,37081|Rheumatology,Guilford County,0.07567874373285403,2.4478369905956114,False,1,0.1429383054811736
37119,North Carolina,Endocrinology,Diabetes,63452,2,449,1284.5,31726.0,18070.0,22988.768287,1.755728,HIGH GAP,9.56,37119|Endocrinology,Mecklenburg County,0.03151988904999054,2.8544444444444443,False,1,0.13203152797957984
37119,North Carolina,Endocrinology,Diabetes,3855,0,0,0.0,0.0,18070.0,22988.768287,0.0,NO PROVIDER,100.0,37119|Endocrinology,Mecklenburg County,0.0,0.0,False,1,0.08653208169514648
37081,North Carolina,Rheumatology,Arthritis,2622,0,0,0.0,0.0,10453.0,13315.598761,0.0,NO PROVIDER,100.0,37081|Rheumatology,Guilford County,0.0,0.0,False,1,0.08653208169514648
26049,Michigan,Psychiatry,Mental Health Disorders,2259,0,0,0.0,0.0,3104.5,4291.159571,0.0,NO PROVIDER,100.0,26049|Psychiatry,Genesee County,0.0,0.0,False,1,0.08653208169514648
26125,Michigan,Pulmonary,Respiratory Disease,6087,1,514,887.1,6087.0,4251.578947,5741.879972,1.431703,HIGH GAP,7.8,26125|Pulmonary,Oakland County,0.1642845408247084,1.7225242718446603,False,1,0.0918849561023547
26049,Michigan,Pulmonary,Respiratory Disease,11834,2,1526,4856.0,5917.0,4251.578947,5741.879972,1.391718,HIGH GAP,7.58,26049|Pulmonary,Genesee County,0.1690045631232043,3.1800916830386377,False,1,0.14278525168089207
37119,North Carolina,Psychiatry,Mental Health Disorders,7036,0,0,0.0,0.0,3104.5,4291.159571,0.0,NO PROVIDER,100.0,37119|Psychiatry,Mecklenburg County,0.0,0.0,False,1,0.08653208169514648
26077,Michigan,Pulmonary,Respiratory Disease,197,0,0,0.0,0.0,4251.578947,5741.879972,0.0,NO PROVIDER,100.0,26077|Pulmonary,Kalamazoo County,0.0,0.0,False,1,0.08653208169514648
48085,Texas,Cardiology,Heart Disease,18055,1,775,1971.7,18055.0,10823.136364,15071.056217,1.668186,HIGH GAP,9.08,48085|Cardiology,Collin County,0.055386319579063974,2.5408505154639176,False,1,0.14665466742159666
26077,Michigan,Pulmonary,Respiratory Disease,74212,3,1037,3911.7,24737.3333,4251.578947,5741.879972,5.818387,CRITICAL GAP,31.68,26077|Pulmonary,Kalamazoo County,0.040424729154314665,3.7684971098265896,False,1,0.12999319576048174
37183,North Carolina,Endocrinology,Diabetes,4777,0,0,0.0,0.0,18070.0,22988.768287,0.0,NO PROVIDER,100.0,37183|Endocrinology,Wake County,0.0,0.0,False,1,0.08653208169514648
48113,Texas,Pulmonary,Respiratory Disease,2378,0,0,0.0,0.0,4251.578947,5741.879972,0.0,NO PROVIDER,100.0,48113|Pulmonary,Dallas County,0.0,0.0,False,1,0.08653208169514648
26049,Michigan,Psychiatry,Mental Health Disorders,3079,0,0,0.0,0.0,3104.5,4291.159571,0.0,NO PROVIDER,100.0,26049|Psychiatry,Genesee County,0.0,0.0,False,1,0.08653208169514648
37051,North Carolina,Rheumatology,Arthritis,2351,0,0,0.0,0.0,10453.0,13315.598761,0.0,NO PROVIDER,100.0,37051|Rheumatology,Cumberland County,0.0,0.0,False,1,0.08653208169514648
37051,North Carolina,Cardiology,Heart Disease,482,0,0,0.0,0.0,10823.136364,15071.056217,0.0,NO PROVIDER,100.0,37051|Cardiology,Cumberland County,0.0,0.0,False,1,0.08653208169514648
48085,Texas,Cardiology,Heart Disease,3690,1,255,629.2,3690.0,10823.136364,15071.056217,0.340936,LOW GAP,1.86,48085|Cardiology,Collin County,0.27100271002710025,2.4578125,False,1,0.12542273032869905
48201,Texas,Pulmonary,Respiratory Disease,2280,7,3438,13510.7,325.7143,4251.578947,5741.879972,0.07661,LOW GAP,0.42,48201|Pulmonary,Harris County,3.0701754385964914,3.92867112532713,True,-1,-0.12921601231373303
48085,Texas,Endocrinology,Diabetes,184156,4,730,2266.4,46039.0,18070.0,22988.768287,2.547814,CRITICAL GAP,13.87,48085|Endocrinology,Collin County,0.02172071504593931,3.1004103967168266,False,1,0.10944440402289723
48439,Texas,Cardiology,Heart Disease,14802,1,896,3419.4,14802.0,10823.136364,15071.056217,1.367626,HIGH GAP,7.45,48439|Cardiology,Tarrant County,0.0675584380489123,3.812040133779264,False,1,0.14506896622994497
37119,North Carolina,Rheumatology,Arthritis,6991,1,275,637.7,6991.0,10453.0,13315.598761,0.668803,MODERATE GAP,3.64,37119|Rheumatology,Mecklenburg County,0.14304105278214846,2.3105072463768117,False,1,0.13577418983701467
37051,North Carolina,Rheumatology,Arthritis,36563,3,725,2004.7,12187.6667,10453.0,13315.598761,1.165949,HIGH GAP,6.35,37051|Rheumatology,Cumberland County,0.082050159997812,2.7612947658402205,False,1,0.14896448512302135
26125,Michigan,Psychiatry,Mental Health Disorders,6594,0,0,0.0,0.0,3104.5,4291.159571,0.0,NO PROVIDER,100.0,26125|Psychiatry,Oakland County,0.0,0.0,False,1,0.08653208169514648
48085,Texas,Pulmonary,Respiratory Disease,42159,2,143,301.2,21079.5,4251.578947,5741.879972,4.95804,CRITICAL GAP,27.0,48085|Pulmonary,Collin County,0.047439455395052066,2.091666666666667,False,1,0.1343782685888732
37119,North Carolina,Endocrinology,Diabetes,3907,0,0,0.0,0.0,18070.0,22988.768287,0.0,NO PROVIDER,100.0,37119|Endocrinology,Mecklenburg County,0.0,0.0,False,1,0.08653208169514648
48029,Texas,Endocrinology,Diabetes,83909,4,2307,9917.1,20977.25,18070.0,22988.768287,1.160888,HIGH GAP,6.32,48029|Endocrinology,Bexar County,0.047670690867487396,4.296837088388215,False,1,0.10877523320416282
37051,North Carolina,Cardiology,Heart Disease,111549,1,649,1264.0,111549.0,10823.136364,15071.056217,10.306532,CRITICAL GAP,56.12,37051|Cardiology,Cumberland County,0.00896467023460542,1.9446153846153846,False,1,0.023744605368967164
26163,Michigan,Psychiatry,Mental Health Disorders,5660,2,1141,4290.3,2830.0,3104.5,4291.159571,0.91158,MODERATE GAP,4.96,26163|Psychiatry,Wayne County,0.3533568904593639,3.756830122591944,False,1,0.10694381629096722
48439,Texas,Endocrinology,Diabetes,12742,2,145,540.9,6371.0,18070.0,22988.768287,0.352573,LOW GAP,1.92,48439|Endocrinology,Tarrant County,0.15696123057604772,3.704794520547945,False,1,0.13727980112157806
37119,North Carolina,Psychiatry,Mental Health Disorders,4263,1,145,269.6,4263.0,3104.5,4291.159571,1.373168,HIGH GAP,7.48,37119|Psychiatry,Mecklenburg County,0.2345765892563922,1.8465753424657536,False,1,0.10336619259301444
26125,Michigan,Psychiatry,Mental Health Disorders,929,3,1714,6303.9,309.6667,3104.5,4291.159571,0.099748,LOW GAP,0.54,26125|Psychiatry,Oakland County,3.2292787944025836,3.675743440233236,True,-1,-0.13148660196706452
26099,Michigan,Pulmonary,Respiratory Disease,24966,3,480,1249.5,8322.0,4251.578947,5741.879972,1.95739,HIGH GAP,10.66,26099|Pulmonary,Macomb County,0.1201634222542658,2.5977130977130978,False,1,0.1471515510798448
26125,Michigan,Rheumatology,Arthritis,4862,1,524,1533.5,4862.0,10453.0,13315.598761,0.46513,LOW GAP,2.53,26125|Rheumatology,Oakland County,0.20567667626491157,2.920952380952381,False,1,0.14785188077153044
37067,North Carolina,Endocrinology,Diabetes,34201,2,1059,2993.2,17100.5,18070.0,22988.768287,0.946348,MODERATE GAP,5.15,37067|Endocrinology,Forsyth County,0.058477822285898075,2.82377358490566,False,1,0.15363360819977895
26049,Michigan,Psychiatry,Mental Health Disorders,4006,2,621,1300.7,2003.0,3104.5,4291.159571,0.645192,MODERATE GAP,3.51,26049|Psychiatry,Genesee County,0.4992511233150275,2.0911575562700966,False,1,0.05855241763189212
26099,Michigan,Pulmonary,Respiratory Disease,2661,1,670,1138.4,2661.0,4251.578947,5741.879972,0.625885,MODERATE GAP,3.41,26099|Pulmonary,Macomb County,0.37579857196542654,1.6965722801788377,False,1,0.05060510640747029
37081,North Carolina,Cardiology,Heart Disease,76279,1,295,656.1,76279.0,10823.136364,15071.056217,7.047772,CRITICAL GAP,38.37,37081|Cardiology,Guilford County,0.01310976808820252,2.216554054054054,False,1,0.06695674074550528
26163,Michigan,Psychiatry,Mental Health Disorders,998,1,154,542.8,998.0,3104.5,4291.159571,0.321469,LOW GAP,1.75,26163|Psychiatry,Wayne County,1.002004008016032,3.5019354838709673,False,1,0.005888804951514226
48201,Texas,Pulmonary,Respiratory Disease,3496,3,2361,10616.2,1165.3333,4251.578947,5741.879972,0.274094,LOW GAP,1.49,48201|Pulmonary,Harris County,0.8581235697940502,4.4945808636748525,True,-1,-0.02008242581550712
48029,Texas,Endocrinology,Diabetes,16046,2,1594,2850.5,8023.0,18070.0,22988.768287,0.443996,LOW GAP,2.42,48029|Endocrinology,Bexar County,0.12464165524118162,1.7871473354231975,False,1,0.11171257985950422
37067,North Carolina,Rheumatology,Arthritis,170679,2,129,299.6,85339.5,10453.0,13315.598761,8.164116,CRITICAL GAP,44.45,37067|Rheumatology,Forsyth County,0.011717903198401677,2.304615384615385,False,1,0.0648521865312438
37051,North Carolina,Rheumatology,Arthritis,2047,0,0,0.0,0.0,10453.0,13315.598761,0.0,NO PROVIDER,100.0,37051|Rheumatology,Cumberland County,0.0,0.0,False,1,0.08653208169514648
26099,Michigan,Pulmonary,Respiratory Disease,4580,1,213,340.6,4580.0,4251.578947,5741.879972,1.077247,HIGH GAP,5.87,26099|Pulmonary,Macomb County,0.2183406113537118,1.5915887850467292,False,1,0.07699243494371633
48201,Texas,Cardiology,Heart Disease,217248,3,205,815.7,72416.0,10823.136364,15071.056217,6.690852,CRITICAL GAP,36.43,48201|Cardiology,Harris County,0.013809102960671676,3.959708737864078,False,1,0.07006230222730825
48439,Texas,Pulmonary,Respiratory Disease,2378,1,563,1259.3,2378.0,4251.578947,5741.879972,0.559322,MODERATE GAP,3.05,48439|Pulmonary,Tarrant County,0.42052144659377627,2.232801418439716,False,1,0.0874695019364301
37081,North Carolina,Cardiology,Heart Disease,9580,1,61,184.8,9580.0,10823.136364,15071.056217,0.885141,MODERATE GAP,4.82,37081|Cardiology,Guilford County,0.10438413361169104,2.980645161290323,False,1,0.15493787493526268
37119,North Carolina,Rheumatology,Arthritis,6647,0,0,0.0,0.0,10453.0,13315.598761,0.0,NO PROVIDER,100.0,37119|Rheumatology,Mecklenburg County,0.0,0.0,False,1,0.08653208169514648
37081,North Carolina,Cardiology,Heart Disease,947,0,0,0.0,0.0,10823.136364,15071.056217,0.0,NO PROVIDER,100.0,37081|Cardiology,Guilford County,0.0,0.0,False,1,0.08653208169514648
48113,Texas,Cardiology,Heart Disease,4705,0,0,0.0,0.0,10823.136364,15071.056217,0.0,NO PROVIDER,100.0,48113|Cardiology,Dallas County,0.0,0.0,False,1,0.08653208169514648
26099,Michigan,Psychiatry,Mental Health Disorders,1319,2,485,1917.9,659.5,3104.5,4291.159571,0.212434,LOW GAP,1.16,26099|Psychiatry,Macomb County,1.5163002274450341,3.9462962962962966,True,-1,-0.04194824580548706
37183,North Carolina,Rheumatology,Arthritis,2995,0,0,0.0,0.0,10453.0,13315.598761,0.0,NO PROVIDER,100.0,37183|Rheumatology,Wake County,0.0,0.0,False,1,0.08653208169514648
48439,Texas,Cardiology,Heart Disease,1662,1,319,513.0,1662.0,10823.136364,15071.056217,0.15356,LOW GAP,0.84,48439|Cardiology,Tarrant County,0.601684717208183,1.603125,True,-1,-0.0004903729749747843
48113,Texas,Pulmonary,Respiratory Disease,4268,0,0,0.0,0.0,4251.578947,5741.879972,0.0,NO PROVIDER,100.0,48113|Pulmonary,Dallas County,0.0,0.0,False,1,0.08653208169514648
48085,Texas,Endocrinology,Diabetes,2163,0,0,0.0,0.0,18070.0,22988.768287,0.0,NO PROVIDER,100.0,48085|Endocrinology,Collin County,0.0,0.0,False,1,0.08653208169514648
48201,Texas,Endocrinology,Diabetes,1144584,7,972,4094.0,163512.0,18070.0,22988.768287,9.04881,CRITICAL GAP,49.27,48201|Endocrinology,Harris County,0.006115759088018005,4.207605344295992,True,-1,-0.017496086110891484
26163,Michigan,Rheumatology,Arthritis,50272,1,891,3125.9,50272.0,10453.0,13315.598761,4.809337,CRITICAL GAP,26.19,26163|Rheumatology,Wayne County,0.019891788669637173,3.5043721973094173,False,1,0.09139394886637969
48201,Texas,Cardiology,Heart Disease,13598,4,3459,10193.4,3399.5,10823.136364,15071.056217,0.314096,LOW GAP,1.71,48201|Cardiology,Harris County,0.29416090601559053,2.9460693641618496,False,1,0.13100757936372487
37051,North Carolina,Endocrinology,Diabetes,1547,0,0,0.0,0.0,18070.0,22988.768287,0.0,NO PROVIDER,100.0,37051|Endocrinology,Cumberland County,0.0,0.0,False,1,0.08653208169514648
26099,Michigan,Psychiatry,Mental Health Disorders,58711,2,347,1558.4,29355.5,3104.5,4291.159571,9.45579,CRITICAL GAP,51.49,26099|Psychiatry,Macomb County,0.0340651666638279,4.4781609195402305,False,1,0.0657113200637176
37067,North Carolina,Psychiatry,Mental Health Disorders,3017,1,896,2137.1,3017.0,3104.5,4291.159571,0.971815,MODERATE GAP,5.29,37067|Psychiatry,Forsyth County,0.33145508783559824,2.3824972129319955,False,1,0.11707886609920293
26163,Michigan,Rheumatology,Arthritis,32564,1,480,1789.7,32564.0,10453.0,13315.598761,3.115278,CRITICAL GAP,16.96,26163|Rheumatology,Wayne County,0.030708758137820907,3.720790020790021,False,1,0.123510430209609
37067,North Carolina,Cardiology,Heart Disease,18986,2,1431,3032.0,9493.0,10823.136364,15071.056217,0.877103,MODERATE GAP,4.78,37067|Cardiology,Forsyth County,0.10534077741493732,2.11731843575419,False,1,0.13744374253210767
26049,Michigan,Rheumatology,Arthritis,37930,2,1436,5191.8,18965.0,10453.0,13315.598761,1.814312,HIGH GAP,9.88,26049|Rheumatology,Genesee County,0.052728710783021354,3.6129436325678497,False,1,0.14840917683992982
48085,Texas,Pulmonary,Respiratory Disease,8166,1,895,3410.2,8166.0,4251.578947,5741.879972,1.920698,HIGH GAP,10.46,48085|Pulmonary,Collin County,0.12245897624295861,3.8060267857142853,False,1,0.14423028497182616
37119,North Carolina,Endocrinology,Diabetes,2091,0,0,0.0,0.0,18070.0,22988.768287,0.0,NO PROVIDER,100.0,37119|Endocrinology,Mecklenburg County,0.0,0.0,False,1,0.08653208169514648
48201,Texas,Pulmonary,Respiratory Disease,9682,0,0,0.0,0.0,4251.578947,5741.879972,0.0,NO PROVIDER,100.0,48201|Pulmonary,Harris County,0.0,0.0,False,1,0.08653208169514648
37081,North Carolina,Psychiatry,Mental Health Disorders,2473,0,0,0.0,0.0,3104.5,4291.159571,0.0,NO PROVIDER,100.0,37081|Psychiatry,Guilford County,0.0,0.0,False,1,0.08653208169514648
26077,Michigan,Pulmonary,Respiratory Disease,6402,4,3145,8505.8,1600.5,4251.578947,5741.879972,0.376448,LOW GAP,2.05,26077|Pulmonary,Kalamazoo County,0.6248047485160887,2.70368722186904,False,1,0.05913150830155256
37051,North Carolina,Rheumatology,Arthritis,16709,2,387,767.6,8354.5,10453.0,13315.598761,0.799244,MODERATE GAP,4.35,37051|Rheumatology,Cumberland County,0.11969597223053444,1.9783505154639176,False,1,0.126413167415578
37067,North Carolina,Endocrinology,Diabetes,2134,1,809,1301.6,2134.0,18070.0,22988.768287,0.118096,LOW GAP,0.64,37067|Endocrinology,Forsyth County,0.46860356138706655,1.6069135802469134,False,1,0.025927917732881167
48201,Texas,Cardiology,Heart Disease,12544,0,0,0.0,0.0,10823.136364,15071.056217,0.0,NO PROVIDER,100.0,48201|Cardiology,Harris County,0.0,0.0,False,1,0.08653208169514648
37067,North Carolina,Cardiology,Heart Disease,322608,3,2187,7640.8,107536.0,10823.136364,15071.056217,9.935752,CRITICAL GAP,54.1,37067|Cardiology,Forsyth County,0.009299211426871,3.4921389396709324,False,1,0.05823264595779154
26125,Michigan,Psychiatry,Mental Health Disorders,4535,0,0,0.0,0.0,3104.5,4291.159571,0.0,NO PROVIDER,100.0,26125|Psychiatry,Oakland County,0.0,0.0,False,1,0.08653208169514648
26049,Michigan,Rheumatology,Arthritis,280323,4,1054,3516.5,70080.75,10453.0,13315.598761,6.704367,CRITICAL GAP,36.5,26049|Rheumatology,Genesee County,0.01426925368235928,3.333175355450237,False,1,0.0839942766304862
37051,North Carolina,Endocrinology,Diabetes,1153,0,0,0.0,0.0,18070.0,22988.768287,0.0,NO PROVIDER,100.0,37051|Endocrinology,Cumberland County,0.0,0.0,False,1,0.08653208169514648
26125,Michigan,Psychiatry,Mental Health Disorders,5932,0,0,0.0,0.0,3104.5,4291.159571,0.0,NO PROVIDER,100.0,26125|Psychiatry,Oakland County,0.0,0.0,False,1,0.08653208169514648
48085,Texas,Pulmonary,Respiratory Disease,5412,2,693,2529.6,2706.0,4251.578947,5741.879972,0.636469,MODERATE GAP,3.47,48085|Pulmonary,Collin County,0.36954915003695493,3.644956772334294,False,1,0.1033114174790089
26049,Michigan,Rheumatology,Arthritis,24826,2,916,2950.7,12413.0,10453.0,13315.598761,1.187506,HIGH GAP,6.47,26049|Rheumatology,Genesee County,0.0805607024893257,3.2177753544165757,False,1,0.1477360247022686
26163,Michigan,Rheumatology,Arthritis,16874,1,644,1994.8,16874.0,10453.0,13315.598761,1.614273,HIGH GAP,8.79,26163|Rheumatology,Wayne County,0.05926277112717791,3.0927131782945736,False,1,0.15345616980966637
26163,Michigan,Psychiatry,Mental Health Disorders,5554,0,0,0.0,0.0,3104.5,4291.159571,0.0,NO PROVIDER,100.0,26163|Psychiatry,Wayne County,0.0,0.0,False,1,0.08653208169514648
26077,Michigan,Psychiatry,Mental Health Disorders,3730,1,808,2534.6,3730.0,3104.5,4291.159571,1.201482,HIGH GAP,6.54,26077|Psychiatry,Kalamazoo County,0.2680965147453083,3.133003708281829,False,1,0.1293895113282385
48201,Texas,Cardiology,Heart Disease,258477,3,2149,7506.3,86159.0,10823.136364,15071.056217,7.960631,CRITICAL GAP,43.34,48201|Cardiology,Harris County,0.011606448542810385,3.4913023255813953,False,1,0.06925848541565105
48113,Texas,Pulmonary,Respiratory Disease,5226,0,0,0.0,0.0,4251.578947,5741.879972,0.0,NO PROVIDER,100.0,48113|Pulmonary,Dallas County,0.0,0.0,False,1,0.08653208169514648
48085,Texas,Endocrinology,Diabetes,11910,1,293,1287.2,11910.0,18070.0,22988.768287,0.659103,MODERATE GAP,3.59,48085|Endocrinology,Collin County,0.08396305625524769,4.378231292517007,False,1,0.10320172696586671
37119,North Carolina,Psychiatry,Mental Health Disorders,2253,2,1389,6091.5,1126.5,3104.5,4291.159571,0.36286,LOW GAP,1.98,37119|Psychiatry,Mecklenburg County,0.8877052818464269,4.382374100719424,True,-1,-0.012846115261972657
26125,Michigan,Rheumatology,Arthritis,80245,1,763,2838.1,80245.0,10453.0,13315.598761,7.676744,CRITICAL GAP,41.8,26125|Rheumatology,Oakland County,0.012461835628388061,3.71479057591623,False,1,0.07401459816951395
37081,North Carolina,Endocrinology,Diabetes,1151,0,0,0.0,0.0,18070.0,22988.768287,0.0,NO PROVIDER,100.0,37081|Endocrinology,Guilford County,0.0,0.0,False,1,0.08653208169514648
26125,Michigan,Rheumatology,Arthritis,40580,2,1440,2885.5,20290.0,10453.0,13315.598761,1.94107,HIGH GAP,10.57,26125|Rheumatology,Oakland County,0.04928536224741252,2.0024288688410827,False,1,0.12395137743986012
48113,Texas,Pulmonary,Respiratory Disease,37201,1,787,2942.0,37201.0,4251.578947,5741.879972,8.749926,CRITICAL GAP,47.64,48113|Pulmonary,Dallas County,0.026880997822639176,3.733502538071066,False,1,0.11420526113276508
37067,North Carolina,Endocrinology,Diabetes,9637,2,1234,3028.5,4818.5,18070.0,22988.768287,0.266657,LOW GAP,1.45,37067|Endocrinology,Forsyth County,0.20753346477119436,2.4522267206477735,False,1,0.14110299474221666
37051,North Carolina,Endocrinology,Diabetes,14068,2,783,2871.6,7034.0,18070.0,22988.768287,0.389264,LOW GAP,2.12,37051|Endocrinology,Cumberland County,0.14216661927779356,3.662755102040816,False,1,0.13720997703668308
26125,Michigan,Rheumatology,Arthritis,4405,1,432,1158.1,4405.0,10453.0,13315.598761,0.42141,LOW GAP,2.29,26125|Rheumatology,Oakland County,0.22701475595913734,2.67459584295612,False,1,0.13383421540805718
48085,Texas,Endocrinology,Diabetes,4828,1,885,2939.6,4828.0,18070.0,22988.768287,0.267183,LOW GAP,1.45,48085|Endocrinology,Collin County,0.20712510356255176,3.3178329571106095,False,1,0.13536050459879306
37051,North Carolina,Cardiology,Heart Disease,9958,1,653,2937.3,9958.0,10823.136364,15071.056217,0.920066,MODERATE GAP,5.01,37051|Cardiology,Cumberland County,0.1004217714400482,4.4912844036697255,False,1,0.08573327326533081
37051,North Carolina,Rheumatology,Arthritis,13857,1,72,109.6,13857.0,10453.0,13315.598761,1.325648,HIGH GAP,7.22,37051|Rheumatology,Cumberland County,0.07216569242981886,1.5013698630136985,False,1,0.058075572069178905
48113,Texas,Pulmonary,Respiratory Disease,5692,2,460,814.2,2846.0,4251.578947,5741.879972,0.669398,MODERATE GAP,3.64,48113|Pulmonary,Dallas County,0.35137034434293746,1.7661605206073754,False,1,0.0728922006572823
26077,Michigan,Psychiatry,Mental Health Disorders,7549,2,537,2242.3,3774.5,3104.5,4291.159571,1.215816,HIGH GAP,6.62,26077|Psychiatry,Kalamazoo County,0.26493575307987816,4.167843866171004,False,1,0.09912103289022273
37067,North Carolina,Cardiology,Heart Disease,3896,3,727,2187.9,1298.6667,10823.136364,15071.056217,0.11999,LOW GAP,0.65,37067|Cardiology,Forsyth County,0.7700205338809035,3.005357142857143,False,1,0.044212816854917625
26077,Michigan,Rheumatology,Arthritis,1700,0,0,0.0,0.0,10453.0,13315.598761,0.0,NO PROVIDER,100.0,26077|Rheumatology,Kalamazoo County,0.0,0.0,False,1,0.08653208169514648
26077,Michigan,Psychiatry,Mental Health Disorders,1126,0,0,0.0,0.0,3104.5,4291.159571,0.0,NO PROVIDER,100.0,26077|Psychiatry,Kalamazoo County,0.0,0.0,False,1,0.08653208169514648
37051,North Carolina,Psychiatry,Mental Health Disorders,1807,0,0,0.0,0.0,3104.5,4291.159571,0.0,NO PROVIDER,100.0,37051|Psychiatry,Cumberland County,0.0,0.0,False,1,0.08653208169514648
48113,Texas,Endocrinology,Diabetes,223724,2,1004,2070.0,111862.0,18070.0,22988.768287,6.190481,CRITICAL GAP,33.71,48113|Endocrinology,Dallas County,0.00893958627594715,2.0597014925373136,False,1,0.03368076671297404
48113,Texas,Endocrinology,Diabetes,7968,0,0,0.0,0.0,18070.0,22988.768287,0.0,NO PROVIDER,100.0,48113|Endocrinology,Dallas County,0.0,0.0,False,1,0.08653208169514648
37051,North Carolina,Rheumatology,Arthritis,6769,1,585,2259.7,6769.0,10453.0,13315.598761,0.647565,MODERATE GAP,3.53,37051|Rheumatology,Cumberland County,0.14773230905599055,3.8561433447098974,False,1,0.12493588814665912
37067,North Carolina,Rheumatology,Arthritis,36376,5,886,2915.4,7275.2,10453.0,13315.598761,0.695992,MODERATE GAP,3.79,37067|Rheumatology,Forsyth County,0.13745326588959753,3.286809470124014,False,1,0.1410331489134074
37119,North Carolina,Psychiatry,Mental Health Disorders,4011,2,572,1487.3,2005.5,3104.5,4291.159571,0.645998,MODERATE GAP,3.52,37119|Psychiatry,Mecklenburg County,0.4986287708800798,2.595636998254799,False,1,0.07355108747337136
37119,North Carolina,Cardiology,Heart Disease,1582,0,0,0.0,0.0,10823.136364,15071.056217,0.0,NO PROVIDER,100.0,37119|Cardiology,Mecklenburg County,0.0,0.0,False,1,0.08653208169514648
26049,Michigan,Pulmonary,Respiratory Disease,728,0,0,0.0,0.0,4251.578947,5741.879972,0.0,NO PROVIDER,100.0,26049|Pulmonary,Genesee County,0.0,0.0,False,1,0.08653208169514648
48113,Texas,Cardiology,Heart Disease,140953,2,124,271.4,70476.5,10823.136364,15071.056217,6.511652,CRITICAL GAP,35.46,48113|Cardiology,Dallas County,0.014189126872077927,2.1712,False,1,0.06081735307189162
48201,Texas,Cardiology,Heart Disease,3310,1,277,691.0,3310.0,10823.136364,15071.056217,0.305826,LOW GAP,1.67,48201|Cardiology,Harris County,0.3021148036253776,2.485611510791367,False,1,0.1236070056297181
37183,North Carolina,Cardiology,Heart Disease,36676,2,879,1563.2,18338.0,10823.136364,15071.056217,1.694333,HIGH GAP,9.23,37183|Cardiology,Wake County,0.054531573781219325,1.7763636363636364,False,1,0.11759787277783312
37119,North Carolina,Rheumatology,Arthritis,101560,1,140,618.8,101560.0,10453.0,13315.598761,9.715871,CRITICAL GAP,52.9,37119|Rheumatology,Mecklenburg County,0.009846396218983852,4.388652482269503,False,1,0.020340546874930476
26049,Michigan,Pulmonary,Respiratory Disease,538,0,0,0.0,0.0,4251.578947,5741.879972,0.0,NO PROVIDER,100.0,26049|Pulmonary,Genesee County,0.0,0.0,False,1,0.08653208169514648
37119,North Carolina,Endocrinology,Diabetes,3111,0,0,0.0,0.0,18070.0,22988.768287,0.0,NO PROVIDER,100.0,37119|Endocrinology,Mecklenburg County,0.0,0.0,False,1,0.08653208169514648
37183,North Carolina,Cardiology,Heart Disease,36495,2,728,2332.0,18247.5,10823.136364,15071.056217,1.685972,HIGH GAP,9.18,37183|Cardiology,Wake County,0.05480202767502398,3.1989026063100137,False,1,0.14984525946656474
26163,Michigan,Pulmonary,Respiratory Disease,3797,1,788,1874.4,3797.0,4251.578947,5741.879972,0.89308,MODERATE GAP,4.86,26163|Pulmonary,Wayne County,0.2633658151171978,2.375665399239544,False,1,0.12354481871204226
37081,North Carolina,Psychiatry,Mental Health Disorders,27270,1,836,2459.2,27270.0,3104.5,4291.159571,8.784023,CRITICAL GAP,47.83,37081|Psychiatry,Guilford County,0.036670333700036674,2.9381123058542413,False,1,0.13309075582107777
37067,North Carolina,Cardiology,Heart Disease,106477,1,503,1339.8,106477.0,10823.136364,15071.056217,9.837906,CRITICAL GAP,53.57,37067|Cardiology,Forsyth County,0.009391699615879486,2.658333333333333,False,1,0.06055882879527974
48201,Texas,Endocrinology,Diabetes,14153,1,772,1169.0,14153.0,18070.0,22988.768287,0.783232,MODERATE GAP,4.26,48201|Endocrinology,Harris County,0.07065639793683318,1.5122897800776196,False,1,0.06389061101501059
37081,North Carolina,Rheumatology,Arthritis,3692,1,162,553.2,3692.0,10453.0,13315.598761,0.3532,LOW GAP,1.92,37081|Rheumatology,Guilford County,0.27085590465872156,3.393865030674847,False,1,0.12433544282753567
26099,Michigan,Rheumatology,Arthritis,77508,1,405,852.7,77508.0,10453.0,13315.598761,7.414905,CRITICAL GAP,40.37,26099|Rheumatology,Macomb County,0.012901893998038911,2.1002463054187195,False,1,0.05654023508653627
37067,North Carolina,Endocrinology,Diabetes,14090,1,324,492.9,14090.0,18070.0,22988.768287,0.779745,MODERATE GAP,4.25,37067|Endocrinology,Forsyth County,0.07097232079488999,1.5166153846153845,False,1,0.06520411439275409
37183,North Carolina,Rheumatology,Arthritis,3587,1,250,1054.2,3587.0,10453.0,13315.598761,0.343155,LOW GAP,1.87,37183|Rheumatology,Wake County,0.2787844995818233,4.2,False,1,0.09975342478661747
37067,North Carolina,Cardiology,Heart Disease,669,0,0,0.0,0.0,10823.136364,15071.056217,0.0,NO PROVIDER,100.0,37067|Cardiology,Forsyth County,0.0,0.0,False,1,0.08653208169514648
37067,North Carolina,Endocrinology,Diabetes,61923,1,478,1680.5,61923.0,18070.0,22988.768287,3.42684,CRITICAL GAP,18.66,37067|Endocrinology,Forsyth County,0.016149088383960723,3.508350730688935,False,1,0.0843766298453904
26099,Michigan,Pulmonary,Respiratory Disease,66823,3,1249,2011.1,22274.3333,4251.578947,5741.879972,5.239073,CRITICAL GAP,28.53,26099|Pulmonary,Macomb County,0.04489472187719797,1.6088799999999999,False,1,0.07403821181178927
48439,Texas,Cardiology,Heart Disease,62129,4,712,1454.5,15532.25,10823.136364,15071.056217,1.435097,HIGH GAP,7.81,48439|Cardiology,Tarrant County,0.06438217257641358,2.039971949509116,False,1,0.13448268885980863
48113,Texas,Endocrinology,Diabetes,5406,0,0,0.0,0.0,18070.0,22988.768287,0.0,NO PROVIDER,100.0,48113|Endocrinology,Dallas County,0.0,0.0,False,1,0.08653208169514648
48201,Texas,Pulmonary,Respiratory Disease,2515,1,99,430.4,2515.0,4251.578947,5741.879972,0.591545,MODERATE GAP,3.22,48201|Pulmonary,Harris County,0.3976143141153082,4.303999999999999,False,1,0.076139344457675
37183,North Carolina,Cardiology,Heart Disease,17602,1,691,2782.9,17602.0,10823.136364,15071.056217,1.626331,HIGH GAP,8.86,37183|Cardiology,Wake County,0.056811725940234065,4.021531791907514,False,1,0.13329692273135146
48085,Texas,Endocrinology,Diabetes,4151,0,0,0.0,0.0,18070.0,22988.768287,0.0,NO PROVIDER,100.0,48085|Endocrinology,Collin County,0.0,0.0,False,1,0.08653208169514648
26125,Michigan,Rheumatology,Arthritis,4635,1,439,1528.4,4635.0,10453.0,13315.598761,0.443413,LOW GAP,2.41,26125|Rheumatology,Oakland County,0.21574973031283712,3.4736363636363636,False,1,0.12843520735279756
37067,North Carolina,Cardiology,Heart Disease,101648,2,668,1547.2,50824.0,10823.136364,15071.056217,4.695866,CRITICAL GAP,25.57,37067|Cardiology,Forsyth County,0.01967574374311349,2.3127055306427504,False,1,0.09281376376699918
48085,Texas,Endocrinology,Diabetes,100851,1,104,458.3,100851.0,18070.0,22988.768287,5.581129,CRITICAL GAP,30.39,48085|Endocrinology,Collin County,0.009915618090053644,4.364761904761905,False,1,0.027165478825952993
48085,Texas,Endocrinology,Diabetes,20111,2,788,3094.4,10055.5,18070.0,22988.768287,0.556475,MODERATE GAP,3.03,48085|Endocrinology,Collin County,0.09944806324896822,3.9219264892268697,False,1,0.14161809805813402
37183,North Carolina,Endocrinology,Diabetes,29076,2,269,892.7,14538.0,18070.0,22988.768287,0.804538,MODERATE GAP,4.38,37183|Endocrinology,Wake County,0.06878525244187646,3.3062962962962965,False,1,0.15300881001978628
26099,Michigan,Rheumatology,Arthritis,5065,1,685,2266.2,5065.0,10453.0,13315.598761,0.48455,LOW GAP,2.64,26099|Rheumatology,Macomb County,0.19743336623889435,3.303498542274052,False,1,0.13344044803365784
48113,Texas,Endocrinology,Diabetes,10358,1,859,2530.7,10358.0,18070.0,22988.768287,0.573215,MODERATE GAP,3.12,48113|Endocrinology,Dallas County,0.09654373431164318,2.9426744186046507,False,1,0.15512967108252923
26163,Michigan,Pulmonary,Respiratory Disease,21240,1,658,1240.3,21240.0,4251.578947,5741.879972,4.995791,CRITICAL GAP,27.2,26163|Pulmonary,Wayne County,0.047080979284369114,1.8820940819423368,False,1,0.11718160708629122
26049,Michigan,Psychiatry,Mental Health Disorders,5753,1,870,2104.3,5753.0,3104.5,4291.159571,1.853116,HIGH GAP,10.09,26049|Psychiatry,Genesee County,0.17382235355466713,2.4159586681974745,False,1,0.14180515087826084
26163,Michigan,Psychiatry,Mental Health Disorders,284,1,434,970.1,284.0,3104.5,4291.159571,0.09148,LOW GAP,0.5,26163|Psychiatry,Wayne County,3.5211267605633805,2.230114942528736,True,-1,-0.14328603378039773
37119,North Carolina,Endocrinology,Diabetes,54466,2,537,1597.3,27233.0,18070.0,22988.768287,1.507084,HIGH GAP,8.21,37119|Endocrinology,Mecklenburg County,0.03672015569346014,2.9689591078066915,False,1,0.1328627977772492
37067,North Carolina,Psychiatry,Mental Health Disorders,4688,1,67,201.6,4688.0,3104.5,4291.159571,1.510066,HIGH GAP,8.22,37067|Psychiatry,Forsyth County,0.21331058020477817,2.9647058823529413,False,1,0.14297486364402778
26163,Michigan,Rheumatology,Arthritis,17711,2,756,1187.7,8855.5,10453.0,13315.598761,0.847173,MODERATE GAP,4.61,26163|Rheumatology,Wayne County,0.11292417141889222,1.5689564068692208,False,1,0.07915881451761564
37119,North Carolina,Cardiology,Heart Disease,2317,0,0,0.0,0.0,10823.136364,15071.056217,0.0,NO PROVIDER,100.0,37119|Cardiology,Mecklenburg County,0.0,0.0,False,1,0.08653208169514648
26163,Michigan,Rheumatology,Arthritis,33771,1,267,973.7,33771.0,10453.0,13315.598761,3.230747,CRITICAL GAP,17.59,26163|Rheumatology,Wayne County,0.029611204879926564,3.6332089552238807,False,1,0.12071281618327573
48201,Texas,Endocrinology,Diabetes,273099,7,3829,7201.3,39014.1429,18070.0,22988.768287,2.159056,CRITICAL GAP,11.76,48201|Endocrinology,Harris County,0.02563173061783456,1.8802349869451698,False,1,0.0872234355128701
26049,Michigan,Rheumatology,Arthritis,1394,1,282,475.3,1394.0,10453.0,13315.598761,0.133359,LOW GAP,0.73,26049|Rheumatology,Genesee County,0.7173601147776184,1.6795053003533569,True,-1,-0.005296601128071954
48439,Texas,Cardiology,Heart Disease,2593,0,0,0.0,0.0,10823.136364,15071.056217,0.0,NO PROVIDER,100.0,48439|Cardiology,Tarrant County,0.0,0.0,False,1,0.08653208169514648
48439,Texas,Endocrinology,Diabetes,27557,2,175,473.2,13778.5,18070.0,22988.768287,0.762507,MODERATE GAP,4.15,48439|Endocrinology,Tarrant County,0.07257684073012302,2.6886363636363635,False,1,0.1502010245059046
37081,North Carolina,Psychiatry,Mental Health Disorders,44026,2,526,1503.5,22013.0,3104.5,4291.159571,7.090675,CRITICAL GAP,38.61,37081|Psychiatry,Guilford County,0.0454277018125653,2.8529411764705883,False,1,0.14465850304933708
26077,Michigan,Rheumatology,Arthritis,77478,1,674,3031.5,77478.0,10453.0,13315.598761,7.412035,CRITICAL GAP,40.36,26077|Rheumatology,Kalamazoo County,0.012906889697720645,4.4911111111111115,False,1,0.021153943807728726
48029,Texas,Endocrinology,Diabetes,4076,0,0,0.0,0.0,18070.0,22988.768287,0.0,NO PROVIDER,100.0,48029|Endocrinology,Bexar County,0.0,0.0,False,1,0.08653208169514648
37081,North Carolina,Psychiatry,Mental Health Disorders,1985,0,0,0.0,0.0,3104.5,4291.159571,0.0,NO PROVIDER,100.0,37081|Psychiatry,Guilford County,0.0,0.0,False,1,0.08653208169514648
48439,Texas,Pulmonary,Respiratory Disease,2996,0,0,0.0,0.0,4251.578947,5741.879972,0.0,NO PROVIDER,100.0,48439|Pulmonary,Tarrant County,0.0,0.0,False,1,0.08653208169514648
48439,Texas,Endocrinology,Diabetes,177025,1,355,967.7,177025.0,18070.0,22988.768287,9.796624,CRITICAL GAP,53.34,48439|Endocrinology,Tarrant County,0.005648919644118062,2.718258426966292,False,1,0.005150382822478816
37051,North Carolina,Endocrinology,Diabetes,1259,0,0,0.0,0.0,18070.0,22988.768287,0.0,NO PROVIDER,100.0,37051|Endocrinology,Cumberland County,0.0,0.0,False,1,0.08653208169514648
37119,North Carolina,Endocrinology,Diabetes,43367,3,1864,6770.6,14455.6667,18070.0,22988.768287,0.799982,MODERATE GAP,4.36,37119|Endocrinology,Mecklenburg County,0.06917702400442734,3.630348525469169,False,1,0.1500467850770068
26163,Michigan,Rheumatology,Arthritis,8928,0,0,0.0,0.0,10453.0,13315.598761,0.0,NO PROVIDER,100.0,26163|Rheumatology,Wayne County,0.0,0.0,False,1,0.08653208169514648
26099,Michigan,Rheumatology,Arthritis,26884,3,1974,8233.7,8961.3333,10453.0,13315.598761,0.857298,MODERATE GAP,4.67,26099|Rheumatology,Macomb County,0.11159053712245202,4.168962025316456,False,1,0.12721645351437427
26077,Michigan,Psychiatry,Mental Health Disorders,13929,1,629,2633.6,13929.0,3104.5,4291.159571,4.486713,CRITICAL GAP,24.43,26077|Psychiatry,Kalamazoo County,0.07179266278986288,4.18031746031746,False,1,0.1284855738846497
37067,North Carolina,Psychiatry,Mental Health Disorders,1459,0,0,0.0,0.0,3104.5,4291.159571,0.0,NO PROVIDER,100.0,37067|Psychiatry,Forsyth County,0.0,0.0,False,1,0.08653208169514648
37119,North Carolina,Cardiology,Heart Disease,2361,0,0,0.0,0.0,10823.136364,15071.056217,0.0,NO PROVIDER,100.0,37119|Cardiology,Mecklenburg County,0.0,0.0,False,1,0.08653208169514648
37119,North Carolina,Rheumatology,Arthritis,19773,1,579,2344.0,19773.0,10453.0,13315.598761,1.89161,HIGH GAP,10.3,37119|Rheumatology,Mecklenburg County,0.050574015071056494,4.041379310344827,False,1,0.1276546596367163
37183,North Carolina,Psychiatry,Mental Health Disorders,4188,1,797,1965.5,4188.0,3104.5,4291.159571,1.34901,HIGH GAP,7.35,37183|Psychiatry,Wake County,0.2387774594078319,2.4630325814536342,False,1,0.1275786822045914
48113,Texas,Pulmonary,Respiratory Disease,4480,2,1187,4568.4,2240.0,4251.578947,5741.879972,0.526863,MODERATE GAP,2.87,48113|Pulmonary,Dallas County,0.4464285714285714,3.8454545454545452,False,1,0.07962408595747317
48085,Texas,Cardiology,Heart Disease,3419,1,828,2476.3,3419.0,10823.136364,15071.056217,0.315897,LOW GAP,1.72,48085|Cardiology,Collin County,0.2924831822170225,2.9870928829915564,False,1,0.13024367984459223
26099,Michigan,Psychiatry,Mental Health Disorders,11653,2,827,3185.8,5826.5,3104.5,4291.159571,1.876792,HIGH GAP,10.22,26099|Psychiatry,Macomb County,0.17162962327297693,3.847584541062802,False,1,0.13035101243874475
48113,Texas,Pulmonary,Respiratory Disease,3431,1,159,611.0,3431.0,4251.578947,5741.879972,0.806994,MODERATE GAP,4.39,48113|Pulmonary,Dallas County,0.29146021568055963,3.81875,False,1,0.11451485923234
37119,North Carolina,Psychiatry,Mental Health Disorders,4353,1,213,411.1,4353.0,3104.5,4291.159571,1.402158,HIGH GAP,7.63,37119|Psychiatry,Mecklenburg County,0.22972662531587412,1.9210280373831776,False,1,0.11032738298493422
37183,North Carolina,Cardiology,Heart Disease,47318,1,228,477.5,47318.0,10823.136364,15071.056217,4.371931,CRITICAL GAP,23.8,37183|Cardiology,Wake County,0.02113360666131282,2.0851528384279474,False,1,0.08379622182312385
48439,Texas,Endocrinology,Diabetes,30169,2,102,218.0,15084.5,18070.0,22988.768287,0.834781,MODERATE GAP,4.55,48439|Endocrinology,Tarrant County,0.06629321488945607,2.116504854368932,False,1,0.1412571682571876
37067,North Carolina,Cardiology,Heart Disease,19144,3,232,621.7,6381.3333,10823.136364,15071.056217,0.589601,MODERATE GAP,3.21,37067|Cardiology,Forsyth County,0.15670706226493938,2.6682403433476396,False,1,0.14512330724177203
48085,Texas,Pulmonary,Respiratory Disease,1636,0,0,0.0,0.0,4251.578947,5741.879972,0.0,NO PROVIDER,100.0,48085|Pulmonary,Collin County,0.0,0.0,False,1,0.08653208169514648
37067,North Carolina,Psychiatry,Mental Health Disorders,1477,1,187,609.3,1477.0,3104.5,4291.159571,0.475761,LOW GAP,2.59,37067|Psychiatry,Forsyth County,0.6770480704129993,3.2409574468085105,False,1,0.0549376817375824
26099,Michigan,Pulmonary,Respiratory Disease,79116,2,437,1610.0,39558.0,4251.578947,5741.879972,9.304308,CRITICAL GAP,50.66,26099|Pulmonary,Macomb County,0.025279336670205776,3.675799086757991,False,1,0.1106569805433702
26125,Michigan,Pulmonary,Respiratory Disease,1234,1,874,1890.5,1234.0,4251.578947,5741.879972,0.290245,LOW GAP,1.58,26125|Pulmonary,Oakland County,0.8103727714748784,2.1605714285714286,False,1,0.019581486470155784
26077,Michigan,Psychiatry,Mental Health Disorders,1842,1,407,629.0,1842.0,3104.5,4291.159571,0.593332,MODERATE GAP,3.23,26077|Psychiatry,Kalamazoo County,0.5428881650380022,1.5416666666666667,True,-1,-0.009359857460582877
48113,Texas,Cardiology,Heart Disease,2054,0,0,0.0,0.0,10823.136364,15071.056217,0.0,NO PROVIDER,100.0,48113|Cardiology,Dallas County,0.0,0.0,False,1,0.08653208169514648
48085,Texas,Pulmonary,Respiratory Disease,1208,0,0,0.0,0.0,4251.578947,5741.879972,0.0,NO PROVIDER,100.0,48085|Pulmonary,Collin County,0.0,0.0,False,1,0.08653208169514648
37051,North Carolina,Cardiology,Heart Disease,4713,1,84,133.1,4713.0,10823.136364,15071.056217,0.435456,LOW GAP,2.37,37051|Cardiology,Cumberland County,0.21217907914279652,1.5658823529411765,False,1,0.0708974169106601
48085,Texas,Endocrinology,Diabetes,5532,0,0,0.0,0.0,18070.0,22988.768287,0.0,NO PROVIDER,100.0,48085|Endocrinology,Collin County,0.0,0.0,False,1,0.08653208169514648
48113,Texas,Pulmonary,Respiratory Disease,5256,1,865,3140.0,5256.0,4251.578947,5741.879972,1.236247,HIGH GAP,6.73,48113|Pulmonary,Dallas County,0.1902587519025875,3.6258660508083143,False,1,0.12952469152640644
48201,Texas,Pulmonary,Respiratory Disease,23295,7,5328,9728.8,3327.8571,4251.578947,5741.879972,0.782734,MODERATE GAP,4.26,48201|Pulmonary,Harris County,0.30049366816913503,1.825633327078251,False,1,0.09165329675516082
26125,Michigan,Rheumatology,Arthritis,6285,1,184,500.8,6285.0,10453.0,13315.598761,0.601263,MODERATE GAP,3.27,26125|Rheumatology,Oakland County,0.15910898965791567,2.707027027027027,False,1,0.1443958534973433
26125,Michigan,Psychiatry,Mental Health Disorders,336,1,522,1264.0,336.0,3104.5,4291.159571,0.10823,LOW GAP,0.59,26125|Psychiatry,Oakland County,2.976190476190476,2.4168260038240916,True,-1,-0.12345974616986333
48201,Texas,Endocrinology,Diabetes,13378,1,244,608.1,13378.0,18070.0,22988.768287,0.740343,MODERATE GAP,4.03,48201|Endocrinology,Harris County,0.07474958887726117,2.482040816326531,False,1,0.14196334310050734
48085,Texas,Pulmonary,Respiratory Disease,1049,3,828,2494.1,349.6667,4251.578947,5741.879972,0.082244,LOW GAP,0.45,48085|Pulmonary,Collin County,2.859866539561487,3.008564535585042,True,-1,-0.11957782452123034
37119,North Carolina,Rheumatology,Arthritis,19426,1,361,594.2,19426.0,10453.0,13315.598761,1.858414,HIGH GAP,10.12,37119|Rheumatology,Mecklenburg County,0.05147740142077628,1.6414364640883978,False,1,0.08568739719114216
37081,North Carolina,Psychiatry,Mental Health Disorders,5889,1,352,1204.2,5889.0,3104.5,4291.159571,1.896924,HIGH GAP,10.33,37081|Psychiatry,Guilford County,0.16980811682798438,3.411331444759207,False,1,0.13764390652354763
48029,Texas,Endocrinology,Diabetes,14004,3,281,988.2,4668.0,18070.0,22988.768287,0.258329,LOW GAP,1.41,48029|Endocrinology,Bexar County,0.21422450728363326,3.5042553191489363,False,1,0.13160142984297463
37119,North Carolina,Rheumatology,Arthritis,6979,0,0,0.0,0.0,10453.0,13315.598761,0.0,NO PROVIDER,100.0,37119|Rheumatology,Mecklenburg County,0.0,0.0,False,1,0.08653208169514648
37051,North Carolina,Rheumatology,Arthritis,39776,4,223,906.5,9944.0,10453.0,13315.598761,0.951306,MODERATE GAP,5.18,37051|Rheumatology,Cumberland County,0.10056315366049878,4.046875,False,1,0.13581543488405018
26099,Michigan,Pulmonary,Respiratory Disease,2282,1,634,1600.9,2282.0,4251.578947,5741.879972,0.536742,MODERATE GAP,2.92,26099|Pulmonary,Macomb County,0.43821209465381245,2.5211023622047244,False,1,0.08498635827599255
37183,North Carolina,Endocrinology,Diabetes,15264,1,226,720.8,15264.0,18070.0,22988.768287,0.844715,MODERATE GAP,4.6,37183|Endocrinology,Wake County,0.06551362683438156,3.1753303964757706,False,1,0.15535576621584823
37183,North Carolina,Cardiology,Heart Disease,1701,0,0,0.0,0.0,10823.136364,15071.056217,0.0,NO PROVIDER,100.0,37183|Cardiology,Wake County,0.0,0.0,False,1,0.08653208169514648
37051,North Carolina,Cardiology,Heart Disease,280205,3,1301,3757.8,93401.6667,10823.136364,15071.056217,8.629815,CRITICAL GAP,46.99,37051|Cardiology,Cumberland County,0.0107064470655413,2.8861751152073736,False,1,0.07410372659525533
26163,Michigan,Pulmonary,Respiratory Disease,1463,2,1533,2689.7,731.5,4251.578947,5741.879972,0.172054,LOW GAP,0.94,26163|Pulmonary,Wayne County,1.3670539986329462,1.7533898305084745,True,-1,-0.06423468583307601
48029,Texas,Cardiology,Heart Disease,11357,1,156,470.1,11357.0,10823.136364,15071.056217,1.049326,HIGH GAP,5.71,48029|Cardiology,Bexar County,0.08805142203046579,2.994267515923567,False,1,0.14965230513819355
37183,North Carolina,Rheumatology,Arthritis,16229,2,1532,6773.0,8114.5,10453.0,13315.598761,0.776284,MODERATE GAP,4.23,37183|Rheumatology,Wake County,0.12323618214307722,4.418134377038487,False,1,0.101267065308835
48029,Texas,Endocrinology,Diabetes,20300,1,899,1867.9,20300.0,18070.0,22988.768287,1.123409,HIGH GAP,6.12,48029|Endocrinology,Bexar County,0.04926108374384237,2.0754444444444444,False,1,0.13307678429445452
26125,Michigan,Pulmonary,Respiratory Disease,2293,1,607,2465.9,2293.0,4251.578947,5741.879972,0.539329,MODERATE GAP,2.94,26125|Pulmonary,Oakland County,0.4361098996947231,4.055756578947369,False,1,0.07190548467795177
48029,Texas,Pulmonary,Respiratory Disease,3142,0,0,0.0,0.0,4251.578947,5741.879972,0.0,NO PROVIDER,100.0,48029|Pulmonary,Bexar County,0.0,0.0,False,1,0.08653208169514648
26077,Michigan,Rheumatology,Arthritis,15325,1,797,1666.4,15325.0,10453.0,13315.598761,1.466086,HIGH GAP,7.98,26077|Rheumatology,Kalamazoo County,0.06525285481239805,2.088220551378446,False,1,0.13878388612279036
37067,North Carolina,Psychiatry,Mental Health Disorders,2301,0,0,0.0,0.0,3104.5,4291.159571,0.0,NO PROVIDER,100.0,37067|Psychiatry,Forsyth County,0.0,0.0,False,1,0.08653208169514648
48201,Texas,Cardiology,Heart Disease,6706,0,0,0.0,0.0,10823.136364,15071.056217,0.0,NO PROVIDER,100.0,48201|Cardiology,Harris County,0.0,0.0,False,1,0.08653208169514648
37051,North Carolina,Psychiatry,Mental Health Disorders,7035,2,685,2959.2,3517.5,3104.5,4291.159571,1.133033,HIGH GAP,6.17,37051|Psychiatry,Cumberland County,0.28429282160625446,4.313702623906705,False,1,0.09051304422314627
48029,Texas,Pulmonary,Respiratory Disease,7847,2,447,1379.3,3923.5,4251.578947,5741.879972,0.922834,MODERATE GAP,5.02,48029|Pulmonary,Bexar County,0.2548744743213967,3.078794642857143,False,1,0.1309297083322723
48113,Texas,Cardiology,Heart Disease,5770,0,0,0.0,0.0,10823.136364,15071.056217,0.0,NO PROVIDER,100.0,48113|Cardiology,Dallas County,0.0,0.0,False,1,0.08653208169514648
26077,Michigan,Rheumatology,Arthritis,16310,3,1960,7390.2,5436.6667,10453.0,13315.598761,0.520106,MODERATE GAP,2.83,26077|Rheumatology,Kalamazoo County,0.18393623543838136,3.768587455379908,False,1,0.12934012160157693
37119,North Carolina,Rheumatology,Arthritis,12420,1,388,1307.3,12420.0,10453.0,13315.598761,1.188176,HIGH GAP,6.47,37119|Rheumatology,Mecklenburg County,0.08051529790660225,3.360668380462725,False,1,0.14450278391819577
26163,Michigan,Rheumatology,Arthritis,45125,1,145,646.1,45125.0,10453.0,13315.598761,4.316943,CRITICAL GAP,23.51,26163|Rheumatology,Wayne County,0.0221606648199446,4.425342465753425,False,1,0.04672102741786521
48201,Texas,Pulmonary,Respiratory Disease,7294,0,0,0.0,0.0,4251.578947,5741.879972,0.0,NO PROVIDER,100.0,48201|Pulmonary,Harris County,0.0,0.0,False,1,0.08653208169514648
37183,North Carolina,Psychiatry,Mental Health Disorders,6069,0,0,0.0,0.0,3104.5,4291.159571,0.0,NO PROVIDER,100.0,37183|Psychiatry,Wake County,0.0,0.0,False,1,0.08653208169514648
48439,Texas,Endocrinology,Diabetes,7997,0,0,0.0,0.0,18070.0,22988.768287,0.0,NO PROVIDER,100.0,48439|Endocrinology,Tarrant County,0.0,0.0,False,1,0.08653208169514648
26077,Michigan,Psychiatry,Mental Health Disorders,5391,2,1589,3540.9,2695.5,3104.5,4291.159571,0.868256,MODERATE GAP,4.73,26077|Psychiatry,Kalamazoo County,0.3709886848451122,2.2269811320754718,False,1,0.10066768625982814
26163,Michigan,Psychiatry,Mental Health Disorders,9835,0,0,0.0,0.0,3104.5,4291.159571,0.0,NO PROVIDER,100.0,26163|Psychiatry,Wayne County,0.0,0.0,False,1,0.08653208169514648
48085,Texas,Pulmonary,Respiratory Disease,12040,2,862,1978.8,6020.0,4251.578947,5741.879972,1.415945,HIGH GAP,7.71,48085|Pulmonary,Collin County,0.16611295681063123,2.2929316338354577,False,1,0.14000890319090398
48085,Texas,Pulmonary,Respiratory Disease,3285,1,336,1499.5,3285.0,4251.578947,5741.879972,0.772654,MODERATE GAP,4.21,48085|Pulmonary,Collin County,0.30441400304414007,4.449554896142433,False,1,0.05986452937353137
26077,Michigan,Psychiatry,Mental Health Disorders,18098,3,1853,7860.8,6032.6667,3104.5,4291.159571,1.943201,HIGH GAP,10.58,26077|Psychiatry,Kalamazoo County,0.16576417283677755,4.239913700107875,False,1,0.11735462292022752
48085,Texas,Cardiology,Heart Disease,7884,1,316,522.3,7884.0,10823.136364,15071.056217,0.728439,MODERATE GAP,3.97,48085|Cardiology,Collin County,0.12683916793505834,1.6476340694006308,False,1,0.08745336646542284
26049,Michigan,Rheumatology,Arthritis,8738,1,736,3083.2,8738.0,10453.0,13315.598761,0.835932,MODERATE GAP,4.55,26049|Rheumatology,Genesee County,0.11444266422522316,4.183446404341926,False,1,0.1269016609377232
37183,North Carolina,Rheumatology,Arthritis,35168,1,709,2200.8,35168.0,10453.0,13315.598761,3.364393,CRITICAL GAP,18.32,37183|Rheumatology,Wake County,0.028434940855323023,3.099718309859155,False,1,0.12434474405233198
26099,Michigan,Psychiatry,Mental Health Disorders,6794,2,874,3749.9,3397.0,3104.5,4291.159571,1.094218,HIGH GAP,5.96,26099|Psychiatry,Macomb County,0.2943773918163085,4.2856000000000005,False,1,0.09256156764096746
48439,Texas,Endocrinology,Diabetes,28795,2,189,819.6,14397.5,18070.0,22988.768287,0.796763,MODERATE GAP,4.34,48439|Endocrinology,Tarrant County,0.06945650286508075,4.313684210526316,False,1,0.1195867258236798
37183,North Carolina,Psychiatry,Mental Health Disorders,9456,0,0,0.0,0.0,3104.5,4291.159571,0.0,NO PROVIDER,100.0,37183|Psychiatry,Wake County,0.0,0.0,False,1,0.08653208169514648
48113,Texas,Pulmonary,Respiratory Disease,131759,4,3555,6333.0,32939.75,4251.578947,5741.879972,7.747651,CRITICAL GAP,42.18,48113|Pulmonary,Dallas County,0.030358457486775098,1.780933633295838,False,1,0.09017866466697944
26077,Michigan,Pulmonary,Respiratory Disease,6261,1,484,1761.1,6261.0,4251.578947,5741.879972,1.472629,HIGH GAP,8.02,26077|Pulmonary,Kalamazoo County,0.15971889474524836,3.6311340206185565,False,1,0.13846893227197316
48113,Texas,Pulmonary,Respiratory Disease,2047,1,306,1166.0,2047.0,4251.578947,5741.879972,0.481468,LOW GAP,2.62,48113|Pulmonary,Dallas County,0.48851978505129456,3.798045602605863,False,1,0.07024691822212514
37119,North Carolina,Psychiatry,Mental Health Disorders,4763,0,0,0.0,0.0,3104.5,4291.159571,0.0,NO PROVIDER,100.0,37119|Psychiatry,Mecklenburg County,0.0,0.0,False,1,0.08653208169514648
48439,Texas,Endocrinology,Diabetes,11133,2,390,1730.0,5566.5,18070.0,22988.768287,0.308052,LOW GAP,1.68,48439|Endocrinology,Tarrant County,0.17964609718853858,4.42455242966752,False,1,0.08876377869778473
26077,Michigan,Pulmonary,Respiratory Disease,556,0,0,0.0,0.0,4251.578947,5741.879972,0.0,NO PROVIDER,100.0,26077|Pulmonary,Kalamazoo County,0.0,0.0,False,1,0.08653208169514648
48085,Texas,Endocrinology,Diabetes,62069,2,1692,3491.8,31034.5,18070.0,22988.768287,1.71746,HIGH GAP,9.35,48085|Endocrinology,Collin County,0.0322222043209976,2.0624926166568223,False,1,0.11016292309538989
48029,Texas,Cardiology,Heart Disease,3160,0,0,0.0,0.0,10823.136364,15071.056217,0.0,NO PROVIDER,100.0,48029|Cardiology,Bexar County,0.0,0.0,False,1,0.08653208169514648
37067,North Carolina,Rheumatology,Arthritis,477,0,0,0.0,0.0,10453.0,13315.598761,0.0,NO PROVIDER,100.0,37067|Rheumatology,Forsyth County,0.0,0.0,False,1,0.08653208169514648
26077,Michigan,Psychiatry,Mental Health Disorders,1530,0,0,0.0,0.0,3104.5,4291.159571,0.0,NO PROVIDER,100.0,26077|Psychiatry,Kalamazoo County,0.0,0.0,False,1,0.08653208169514648
26049,Michigan,Pulmonary,Respiratory Disease,12432,2,1109,1749.4,6216.0,4251.578947,5741.879972,1.462045,HIGH GAP,7.96,26049|Pulmonary,Genesee County,0.16087516087516088,1.5760360360360361,False,1,0.07090733407175898
37067,North Carolina,Rheumatology,Arthritis,12156,1,411,955.5,12156.0,10453.0,13315.598761,1.16292,HIGH GAP,6.33,37067|Rheumatology,Forsyth County,0.08226390259953932,2.3191747572815533,False,1,0.14229610309900492
48439,Texas,Pulmonary,Respiratory Disease,10430,4,1486,6026.0,2607.5,4251.578947,5741.879972,0.613302,MODERATE GAP,3.34,48439|Pulmonary,Tarrant County,0.38350910834132307,4.052454606590451,False,1,0.0892551908346324
48113,Texas,Pulmonary,Respiratory Disease,4908,0,0,0.0,0.0,4251.578947,5741.879972,0.0,NO PROVIDER,100.0,48113|Pulmonary,Dallas County,0.0,0.0,False,1,0.08653208169514648
37119,North Carolina,Rheumatology,Arthritis,15219,1,441,834.3,15219.0,10453.0,13315.598761,1.455946,HIGH GAP,7.93,37119|Rheumatology,Mecklenburg County,0.06570733950982324,1.8875565610859728,False,1,0.12437331936482787
48029,Texas,Cardiology,Heart Disease,31073,3,449,791.6,10357.6667,10823.136364,15071.056217,0.956993,MODERATE GAP,5.21,48029|Cardiology,Bexar County,0.09654684130917517,1.759111111111111,False,1,0.10860938691243827
26163,Michigan,Pulmonary,Respiratory Disease,1694,3,2234,9231.7,564.6667,4251.578947,5741.879972,0.132813,LOW GAP,0.72,26163|Pulmonary,Wayne County,1.770956316410862,4.130514541387025,True,-1,-0.06192705917510399
26099,Michigan,Psychiatry,Mental Health Disorders,29311,1,507,1438.3,29311.0,3104.5,4291.159571,9.441456,CRITICAL GAP,51.41,26099|Psychiatry,Macomb County,0.03411688444611238,2.831299212598425,False,1,0.13312371963379682
48201,Texas,Cardiology,Heart Disease,8417,0,0,0.0,0.0,10823.136364,15071.056217,0.0,NO PROVIDER,100.0,48201|Cardiology,Harris County,0.0,0.0,False,1,0.08653208169514648
37119,North Carolina,Cardiology,Heart Disease,109352,1,108,386.2,109352.0,10823.136364,15071.056217,10.103541,CRITICAL GAP,55.01,37119|Cardiology,Mecklenburg County,0.009144780159484967,3.543119266055046,False,1,0.052575673278725366
26163,Michigan,Rheumatology,Arthritis,19027,3,1877,3156.0,6342.3333,10453.0,13315.598761,0.606748,MODERATE GAP,3.3,26163|Rheumatology,Wayne County,0.15767067850948652,1.6805111821086263,False,1,0.08406263573490613
26049,Michigan,Rheumatology,Arthritis,9060,1,559,1724.9,9060.0,10453.0,13315.598761,0.866737,MODERATE GAP,4.72,26049|Rheumatology,Genesee County,0.11037527593818984,3.0801785714285717,False,1,0.15291293783048499
37067,North Carolina,Psychiatry,Mental Health Disorders,3686,1,600,1655.4,3686.0,3104.5,4291.159571,1.187309,HIGH GAP,6.46,37067|Psychiatry,Forsyth County,0.27129679869777534,2.7544093178036606,False,1,0.13285614410369206
37119,North Carolina,Rheumatology,Arthritis,6541,0,0,0.0,0.0,10453.0,13315.598761,0.0,NO PROVIDER,100.0,37119|Rheumatology,Mecklenburg County,0.0,0.0,False,1,0.08653208169514648
48439,Texas,Endocrinology,Diabetes,4719,0,0,0.0,0.0,18070.0,22988.768287,0.0,NO PROVIDER,100.0,48439|Endocrinology,Tarrant County,0.0,0.0,False,1,0.08653208169514648
26163,Michigan,Pulmonary,Respiratory Disease,3804,0,0,0.0,0.0,4251.578947,5741.879972,0.0,NO PROVIDER,100.0,26163|Pulmonary,Wayne County,0.0,0.0,False,1,0.08653208169514648
37067,North Carolina,Endocrinology,Diabetes,16840,1,627,2363.6,16840.0,18070.0,22988.768287,0.931931,MODERATE GAP,5.07,37067|Endocrinology,Forsyth County,0.05938242280285035,3.7636942675159233,False,1,0.1458158278136722
26077,Michigan,Psychiatry,Mental Health Disorders,1264,0,0,0.0,0.0,3104.5,4291.159571,0.0,NO PROVIDER,100.0,26077|Psychiatry,Kalamazoo County,0.0,0.0,False,1,0.08653208169514648
48201,Texas,Endocrinology,Diabetes,186618,6,4168,18548.6,31103.0,18070.0,22988.768287,1.721251,HIGH GAP,9.37,48201|Endocrinology,Harris County,0.03215123943028004,4.449172463420484,False,1,0.0641577903551438
37119,North Carolina,Psychiatry,Mental Health Disorders,458,0,0,0.0,0.0,3104.5,4291.159571,0.0,NO PROVIDER,100.0,37119|Psychiatry,Mecklenburg County,0.0,0.0,False,1,0.08653208169514648
37119,North Carolina,Cardiology,Heart Disease,17097,2,1217,4455.0,8548.5,10823.136364,15071.056217,0.789836,MODERATE GAP,4.3,37119|Cardiology,Mecklenburg County,0.11697958706205767,3.6576354679802954,False,1,0.14661220845632217
37183,North Carolina,Psychiatry,Mental Health Disorders,3996,2,381,1701.0,1998.0,3104.5,4291.159571,0.643582,MODERATE GAP,3.5,37183|Psychiatry,Wake County,0.5005005005005005,4.452879581151833,False,1,0.021169138106705843
37081,North Carolina,Cardiology,Heart Disease,16579,1,443,1222.4,16579.0,10823.136364,15071.056217,1.531811,HIGH GAP,8.34,37081|Cardiology,Guilford County,0.0603172688340672,2.7531531531531535,False,1,0.15330786719317863
48029,Texas,Cardiology,Heart Disease,3222,0,0,0.0,0.0,10823.136364,15071.056217,0.0,NO PROVIDER,100.0,48029|Cardiology,Bexar County,0.0,0.0,False,1,0.08653208169514648
26049,Michigan,Psychiatry,Mental Health Disorders,2900,0,0,0.0,0.0,3104.5,4291.159571,0.0,NO PROVIDER,100.0,26049|Psychiatry,Genesee County,0.0,0.0,False,1,0.08653208169514648
48201,Texas,Pulmonary,Respiratory Disease,9330,0,0,0.0,0.0,4251.578947,5741.879972,0.0,NO PROVIDER,100.0,48201|Pulmonary,Harris County,0.0,0.0,False,1,0.08653208169514648
48439,Texas,Endocrinology,Diabetes,4543,0,0,0.0,0.0,18070.0,22988.768287,0.0,NO PROVIDER,100.0,48439|Endocrinology,Tarrant County,0.0,0.0,False,1,0.08653208169514648
48029,Texas,Endocrinology,Diabetes,9417,1,794,2644.6,9417.0,18070.0,22988.768287,0.52114,MODERATE GAP,2.84,48029|Endocrinology,Bexar County,0.10619093129446745,3.3265408805031447,False,1,0.1506190100962388
37081,North Carolina,Rheumatology,Arthritis,2904,1,430,1345.6,2904.0,10453.0,13315.598761,0.277815,LOW GAP,1.51,37081|Rheumatology,Guilford County,0.34435261707988984,3.122041763341067,False,1,0.11840623777701298
37081,North Carolina,Endocrinology,Diabetes,1428,0,0,0.0,0.0,18070.0,22988.768287,0.0,NO PROVIDER,100.0,37081|Endocrinology,Guilford County,0.0,0.0,False,1,0.08653208169514648
48029,Texas,Pulmonary,Respiratory Disease,2821,0,0,0.0,0.0,4251.578947,5741.879972,0.0,NO PROVIDER,100.0,48029|Pulmonary,Bexar County,0.0,0.0,False,1,0.08653208169514648
48201,Texas,Pulmonary,Respiratory Disease,28987,5,2237,5986.6,5797.4,4251.578947,5741.879972,1.363588,HIGH GAP,7.42,48201|Pulmonary,Harris County,0.17249111670748954,2.6749776586237712,False,1,0.14637835833792545
48201,Texas,Pulmonary,Respiratory Disease,5227,0,0,0.0,0.0,4251.578947,5741.879972,0.0,NO PROVIDER,100.0,48201|Pulmonary,Harris County,0.0,0.0,False,1,0.08653208169514648
37051,North Carolina,Rheumatology,Arthritis,8319,1,193,562.3,8319.0,10453.0,13315.598761,0.795848,MODERATE GAP,4.33,37051|Rheumatology,Cumberland County,0.12020675561966583,2.8984536082474226,False,1,0.15082410299739113
26125,Michigan,Rheumatology,Arthritis,5309,2,1617,6394.3,2654.5,10453.0,13315.598761,0.253946,LOW GAP,1.38,26125|Rheumatology,Oakland County,0.37671877943115467,3.9519777503090237,False,1,0.0932283756146905
37067,North Carolina,Cardiology,Heart Disease,49647,3,1617,2877.2,16549.0,10823.136364,15071.056217,1.529039,HIGH GAP,8.33,37067|Cardiology,Forsyth County,0.060426611879871896,1.7782447466007416,False,1,0.11897139608723217
26163,Michigan,Rheumatology,Arthritis,15012,1,900,2292.5,15012.0,10453.0,13315.598761,1.436143,HIGH GAP,7.82,26163|Rheumatology,Wayne County,0.06661337596589395,2.544395116537181,False,1,0.1497250700481259
48201,Texas,Cardiology,Heart Disease,58975,7,533,1497.8,8425.0,10823.136364,15071.056217,0.778425,MODERATE GAP,4.24,48201|Cardiology,Harris County,0.11869436201780416,2.804868913857678,False,1,0.15514979885029906
26099,Michigan,Psychiatry,Mental Health Disorders,4211,1,466,1797.1,4211.0,3104.5,4291.159571,1.356418,HIGH GAP,7.39,26099|Psychiatry,Macomb County,0.23747328425552125,3.8481798715203426,False,1,0.11361462703348241
26049,Michigan,Rheumatology,Arthritis,2618,0,0,0.0,0.0,10453.0,13315.598761,0.0,NO PROVIDER,100.0,26049|Rheumatology,Genesee County,0.0,0.0,False,1,0.08653208169514648
26099,Michigan,Rheumatology,Arthritis,3263,0,0,0.0,0.0,10453.0,13315.598761,0.0,NO PROVIDER,100.0,26099|Rheumatology,Macomb County,0.0,0.0,False,1,0.08653208169514648
37081,North Carolina,Endocrinology,Diabetes,42382,1,136,330.0,42382.0,18070.0,22988.768287,2.345434,CRITICAL GAP,12.77,37081|Endocrinology,Guilford County,0.02359492237270539,2.408759124087591,False,1,0.10305399342191018
48029,Texas,Pulmonary,Respiratory Disease,4331,0,0,0.0,0.0,4251.578947,5741.879972,0.0,NO PROVIDER,100.0,48029|Pulmonary,Bexar County,0.0,0.0,False,1,0.08653208169514648
48439,Texas,Pulmonary,Respiratory Disease,1118,0,0,0.0,0.0,4251.578947,5741.879972,0.0,NO PROVIDER,100.0,48439|Pulmonary,Tarrant County,0.0,0.0,False,1,0.08653208169514648
26163,Michigan,Pulmonary,Respiratory Disease,7123,1,495,1921.3,7123.0,4251.578947,5741.879972,1.675378,HIGH GAP,9.12,26163|Pulmonary,Wayne County,0.14039028499227854,3.8735887096774193,False,1,0.13112951124532746
48113,Texas,Cardiology,Heart Disease,2791,0,0,0.0,0.0,10823.136364,15071.056217,0.0,NO PROVIDER,100.0,48113|Cardiology,Dallas County,0.0,0.0,False,1,0.08653208169514648
48113,Texas,Endocrinology,Diabetes,35581,2,1361,3955.4,17790.5,18070.0,22988.768287,0.984532,MODERATE GAP,5.36,48113|Endocrinology,Dallas County,0.056209774879851605,2.9041116005873717,False,1,0.15384263441165996
48029,Texas,Cardiology,Heart Disease,42041,2,1546,5273.7,21020.5,10823.136364,15071.056217,1.942182,HIGH GAP,10.57,48029|Cardiology,Bexar County,0.047572607692490665,3.408985132514544,False,1,0.13959190718479803
48113,Texas,Endocrinology,Diabetes,35814,1,611,1470.9,35814.0,18070.0,22988.768287,1.981959,HIGH GAP,10.79,48113|Endocrinology,Dallas County,0.027922041659686155,2.40343137254902,False,1,0.11690728419870011
37119,North Carolina,Endocrinology,Diabetes,3025,0,0,0.0,0.0,18070.0,22988.768287,0.0,NO PROVIDER,100.0,37119|Endocrinology,Mecklenburg County,0.0,0.0,False,1,0.08653208169514648
37067,North Carolina,Endocrinology,Diabetes,188628,1,67,259.7,188628.0,18070.0,22988.768287,10.438738,CRITICAL GAP,56.84,37067|Endocrinology,Forsyth County,0.005301439871068982,3.8191176470588233,True,-1,-0.007922831158211907
48113,Texas,Endocrinology,Diabetes,63269,3,1640,6076.8,21089.6667,18070.0,22988.768287,1.167109,HIGH GAP,6.35,48113|Endocrinology,Dallas County,0.0474165863218954,3.703107861060329,False,1,0.14198931703580941
37051,North Carolina,Endocrinology,Diabetes,109897,4,573,1514.3,27474.25,18070.0,22988.768287,1.520434,HIGH GAP,8.28,37051|Endocrinology,Cumberland County,0.036397717863089984,2.6381533101045296,False,1,0.12681826016930725
26163,Michigan,Psychiatry,Mental Health Disorders,420,1,456,1880.3,420.0,3104.5,4291.159571,0.135287,LOW GAP,0.74,26163|Psychiatry,Wayne County,2.3809523809523814,4.114442013129103,True,-1,-0.0995879384172923
48085,Texas,Endocrinology,Diabetes,2755,0,0,0.0,0.0,18070.0,22988.768287,0.0,NO PROVIDER,100.0,48085|Endocrinology,Collin County,0.0,0.0,False,1,0.08653208169514648
48439,Texas,Pulmonary,Respiratory Disease,3380,0,0,0.0,0.0,4251.578947,5741.879972,0.0,NO PROVIDER,100.0,48439|Pulmonary,Tarrant County,0.0,0.0,False,1,0.08653208169514648
37051,North Carolina,Rheumatology,Arthritis,58407,1,899,1967.9,58407.0,10453.0,13315.598761,5.587583,CRITICAL GAP,30.42,37051|Rheumatology,Cumberland County,0.017121235468351394,2.1865555555555556,False,1,0.07458897579303703
37119,North Carolina,Psychiatry,Mental Health Disorders,6971,0,0,0.0,0.0,3104.5,4291.159571,0.0,NO PROVIDER,100.0,37119|Psychiatry,Mecklenburg County,0.0,0.0,False,1,0.08653208169514648
26049,Michigan,Pulmonary,Respiratory Disease,3551,3,1038,3548.1,1183.6667,4251.578947,5741.879972,0.278406,LOW GAP,1.52,26049|Pulmonary,Genesee County,0.8448324415657561,3.4149181905678536,False,1,0.0271990397314259
37067,North Carolina,Rheumatology,Arthritis,2004,0,0,0.0,0.0,10453.0,13315.598761,0.0,NO PROVIDER,100.0,37067|Rheumatology,Forsyth County,0.0,0.0,False,1,0.08653208169514648
48113,Texas,Cardiology,Heart Disease,8813,1,169,466.0,8813.0,10823.136364,15071.056217,0.814274,MODERATE GAP,4.43,48113|Cardiology,Dallas County,0.11346873936230568,2.7411764705882353,False,1,0.1543045396391417
48085,Texas,Endocrinology,Diabetes,37350,2,888,3170.5,18675.0,18070.0,22988.768287,1.033481,HIGH GAP,5.63,48085|Endocrinology,Collin County,0.0535475234270415,3.5663667041619798,False,1,0.14493091075175069
37051,North Carolina,Psychiatry,Mental Health Disorders,8062,1,551,2164.7,8062.0,3104.5,4291.159571,2.596876,CRITICAL GAP,14.14,37051|Psychiatry,Cumberland County,0.12403870007442322,3.9215579710144923,False,1,0.13827049076349296
26125,Michigan,Pulmonary,Respiratory Disease,3839,1,151,484.3,3839.0,4251.578947,5741.879972,0.902959,MODERATE GAP,4.92,26125|Pulmonary,Oakland County,0.26048450117218025,3.186184210526316,False,1,0.13006617767524414
48201,Texas,Endocrinology,Diabetes,8908,0,0,0.0,0.0,18070.0,22988.768287,0.0,NO PROVIDER,100.0,48201|Endocrinology,Harris County,0.0,0.0,False,1,0.08653208169514648
48029,Texas,Endocrinology,Diabetes,18601,1,218,835.9,18601.0,18070.0,22988.768287,1.029386,HIGH GAP,5.6,48029|Endocrinology,Bexar County,0.0537605505080372,3.8168949771689498,False,1,0.14039696369870497
26163,Michigan,Psychiatry,Mental Health Disorders,3299,1,579,1401.5,3299.0,3104.5,4291.159571,1.062651,HIGH GAP,5.79,26163|Psychiatry,Wayne County,0.3031221582297666,2.4163793103448277,False,1,0.12319123068366472
37183,North Carolina,Cardiology,Heart Disease,8535,1,753,1442.6,8535.0,10823.136364,15071.056217,0.788588,MODERATE GAP,4.29,37183|Cardiology,Wake County,0.11716461628588166,1.9132625994694958,False,1,0.12471695722563614
48029,Texas,Pulmonary,Respiratory Disease,9129,2,1089,1704.5,4564.5,4251.578947,5741.879972,1.073601,HIGH GAP,5.85,48029|Pulmonary,Bexar County,0.21908204622631175,1.5637614678899083,False,1,0.06969805613489755
37081,North Carolina,Rheumatology,Arthritis,26877,2,342,627.3,13438.5,10453.0,13315.598761,1.285612,HIGH GAP,7.0,37081|Rheumatology,Guilford County,0.0744130669345537,1.8288629737609328,False,1,0.12058196714961467
37183,North Carolina,Rheumatology,Arthritis,17219,2,998,2497.8,8609.5,10453.0,13315.598761,0.823639,MODERATE GAP,4.48,37183|Rheumatology,Wake County,0.11615076369127127,2.5003003003003004,False,1,0.1470026823838262
37183,North Carolina,Psychiatry,Mental Health Disorders,358,1,539,1390.5,358.0,3104.5,4291.159571,0.115316,LOW GAP,0.63,37183|Psychiatry,Wake County,2.793296089385475,2.575,True,-1,-0.1149706048464415
37067,North Carolina,Rheumatology,Arthritis,101380,2,419,1230.9,50690.0,10453.0,13315.598761,4.849326,CRITICAL GAP,26.4,37067|Rheumatology,Forsyth County,0.019727756954034326,2.930714285714286,False,1,0.10562218285959374
26125,Michigan,Pulmonary,Respiratory Disease,3846,2,474,1316.6,1923.0,4251.578947,5741.879972,0.452303,LOW GAP,2.46,26125|Pulmonary,Oakland County,0.5200208008320333,2.77178947368421,False,1,0.07889472796008712
48439,Texas,Endocrinology,Diabetes,6605,1,92,304.0,6605.0,18070.0,22988.768287,0.365523,LOW GAP,1.99,48439|Endocrinology,Tarrant County,0.1514004542013626,3.2688172043010755,False,1,0.13835828665563193
48029,Texas,Pulmonary,Respiratory Disease,5338,1,545,2441.9,5338.0,4251.578947,5741.879972,1.255534,HIGH GAP,6.84,48029|Pulmonary,Bexar County,0.18733608092918697,4.472344322344322,False,1,0.07691804500302146
26099,Michigan,Pulmonary,Respiratory Disease,1353,1,375,856.3,1353.0,4251.578947,5741.879972,0.318235,LOW GAP,1.73,26099|Pulmonary,Macomb County,0.7390983000739099,2.2773936170212763,False,1,0.03285240083782415
48201,Texas,Cardiology,Heart Disease,2771,1,310,1003.7,2771.0,10823.136364,15071.056217,0.256026,LOW GAP,1.39,48201|Cardiology,Harris County,0.36088054853843377,3.227331189710611,False,1,0.11064882701744178
26163,Michigan,Pulmonary,Respiratory Disease,5107,1,296,550.1,5107.0,4251.578947,5741.879972,1.201201,HIGH GAP,6.54,26163|Pulmonary,Wayne County,0.19580967299784607,1.8521885521885522,False,1,0.10734048414829878
48085,Texas,Pulmonary,Respiratory Disease,4915,3,2518,7585.9,1638.3333,4251.578947,5741.879972,0.385347,LOW GAP,2.1,48085|Pulmonary,Collin County,0.6103763987792472,3.011472806669313,False,1,0.06564676914110867
37051,North Carolina,Psychiatry,Mental Health Disorders,1176,1,832,1502.0,1176.0,3104.5,4291.159571,0.378805,LOW GAP,2.06,37051|Psychiatry,Cumberland County,0.8503401360544217,1.8031212484993997,True,-1,-0.016518903521038464
37067,North Carolina,Cardiology,Heart Disease,2731,1,451,1463.9,2731.0,10823.136364,15071.056217,0.25233,LOW GAP,1.37,37067|Cardiology,Forsyth County,0.3661662394727206,3.238716814159292,False,1,0.10589843091717877
26077,Michigan,Pulmonary,Respiratory Disease,653,0,0,0.0,0.0,4251.578947,5741.879972,0.0,NO PROVIDER,100.0,26077|Pulmonary,Kalamazoo County,0.0,0.0,False,1,0.08653208169514648
48201,Texas,Endocrinology,Diabetes,8508,2,1612,4328.3,4254.0,18070.0,22988.768287,0.235418,LOW GAP,1.28,48201|Endocrinology,Harris County,0.23507287259050305,2.683384996900186,False,1,0.13319733592968563
26125,Michigan,Rheumatology,Arthritis,5621,0,0,0.0,0.0,10453.0,13315.598761,0.0,NO PROVIDER,100.0,26125|Rheumatology,Oakland County,0.0,0.0,False,1,0.08653208169514648
37051,North Carolina,Psychiatry,Mental Health Disorders,1886,0,0,0.0,0.0,3104.5,4291.159571,0.0,NO PROVIDER,100.0,37051|Psychiatry,Cumberland County,0.0,0.0,False,1,0.08653208169514648
37183,North Carolina,Endocrinology,Diabetes,113141,1,229,1016.2,113141.0,18070.0,22988.768287,6.261262,CRITICAL GAP,34.09,37183|Endocrinology,Wake County,0.008838528915247347,4.418260869565217,False,1,0.007942286449663438
37119,North Carolina,Endocrinology,Diabetes,48273,2,872,1806.1,24136.5,18070.0,22988.768287,1.335722,HIGH GAP,7.27,37119|Endocrinology,Mecklenburg County,0.04143102769664202,2.0688430698739975,False,1,0.11937288475964603
26049,Michigan,Pulmonary,Respiratory Disease,14837,2,1409,3248.1,7418.5,4251.578947,5741.879972,1.744881,HIGH GAP,9.5,26049|Pulmonary,Genesee County,0.13479813978567096,2.3036170212765956,False,1,0.13837201626661838
26125,Michigan,Psychiatry,Mental Health Disorders,1249,2,1178,4819.8,624.5,3104.5,4291.159571,0.20116,LOW GAP,1.1,26125|Psychiatry,Oakland County,1.6012810248198557,4.088040712468193,True,-1,-0.054889077903559014
26049,Michigan,Pulmonary,Respiratory Disease,26490,1,372,1035.0,26490.0,4251.578947,5741.879972,6.230626,CRITICAL GAP,33.92,26049|Pulmonary,Genesee County,0.037750094375235944,2.774798927613941,False,1,0.13718619236390273
26125,Michigan,Rheumatology,Arthritis,15780,2,1261,2410.5,7890.0,10453.0,13315.598761,0.754807,MODERATE GAP,4.11,26125|Rheumatology,Oakland County,0.12674271229404308,1.9100633914421552,False,1,0.12333170337777327
26077,Michigan,Pulmonary,Respiratory Disease,7406,2,898,3318.1,3703.0,4251.578947,5741.879972,0.870971,MODERATE GAP,4.74,26077|Pulmonary,Kalamazoo County,0.2700513097488523,3.6908787541713015,False,1,0.12382918950737781
26077,Michigan,Rheumatology,Arthritis,71540,1,431,1820.6,71540.0,10453.0,13315.598761,6.843968,CRITICAL GAP,37.26,26077|Rheumatology,Kalamazoo County,0.01397819401733296,4.214351851851852,False,1,0.052884244960429094
37119,North Carolina,Endocrinology,Diabetes,28765,3,2091,8425.0,9588.3333,18070.0,22988.768287,0.530622,MODERATE GAP,2.89,37119|Endocrinology,Mecklenburg County,0.10429341213280029,4.027246653919694,False,1,0.13837176598294676
48439,Texas,Cardiology,Heart Disease,22273,3,1013,4085.9,7424.3333,10823.136364,15071.056217,0.685969,MODERATE GAP,3.74,48439|Cardiology,Tarrant County,0.1346922282584295,4.029487179487179,False,1,0.12463759913618006
48201,Texas,Endocrinology,Diabetes,20796,1,197,595.3,20796.0,18070.0,22988.768287,1.150858,HIGH GAP,6.27,48201|Endocrinology,Harris County,0.048086170417387955,3.006565656565656,False,1,0.14567534830899137
48029,Texas,Cardiology,Heart Disease,12677,2,1691,4758.0,6338.5,10823.136364,15071.056217,0.585644,MODERATE GAP,3.19,48029|Cardiology,Bexar County,0.15776603297310088,2.8120567375886525,False,1,0.1475548971962325
48029,Texas,Pulmonary,Respiratory Disease,5998,1,239,674.7,5998.0,4251.578947,5741.879972,1.41077,HIGH GAP,7.68,48029|Pulmonary,Bexar County,0.16672224074691563,2.8112500000000002,False,1,0.14981579467421896
37081,North Carolina,Psychiatry,Mental Health Disorders,15897,1,226,718.7,15897.0,3104.5,4291.159571,5.120631,CRITICAL GAP,27.88,37081|Psychiatry,Guilford County,0.06290495061961376,3.1660792951541854,False,1,0.15535848799856938
37051,North Carolina,Rheumatology,Arthritis,24406,2,666,2263.9,12203.0,10453.0,13315.598761,1.167416,HIGH GAP,6.36,37051|Rheumatology,Cumberland County,0.0819470621978202,3.394152923538231,False,1,0.14142960750109068
37081,North Carolina,Rheumatology,Arthritis,3725,0,0,0.0,0.0,10453.0,13315.598761,0.0,NO PROVIDER,100.0,37081|Rheumatology,Guilford County,0.0,0.0,False,1,0.08653208169514648
26125,Michigan,Psychiatry,Mental Health Disorders,8681,2,1661,4519.0,4340.5,3104.5,4291.159571,1.398132,HIGH GAP,7.61,26125|Psychiatry,Oakland County,0.23038820412394886,2.7190132370637787,False,1,0.13543778105148302
48201,Texas,Cardiology,Heart Disease,32792,5,3594,12559.4,6558.4,10823.136364,15071.056217,0.605961,MODERATE GAP,3.3,48201|Cardiology,Harris County,0.15247621371066114,3.4935744089012517,False,1,0.13239057844959462
37081,North Carolina,Cardiology,Heart Disease,17573,1,178,754.8,17573.0,10823.136364,15071.056217,1.623651,HIGH GAP,8.84,37081|Cardiology,Guilford County,0.05690547999772378,4.216759776536312,False,1,0.12223671059066599
26099,Michigan,Pulmonary,Respiratory Disease,6054,2,1525,4876.6,3027.0,4251.578947,5741.879972,0.711971,MODERATE GAP,3.88,26099|Pulmonary,Macomb County,0.3303600925008259,3.1956749672346003,False,1,0.11678920177878821
48085,Texas,Cardiology,Heart Disease,25352,1,91,166.3,25352.0,10823.136364,15071.056217,2.342389,CRITICAL GAP,12.75,48085|Cardiology,Collin County,0.039444619753865574,1.807608695652174,False,1,0.1059246454440072
37067,North Carolina,Cardiology,Heart Disease,3869,1,508,2186.9,3869.0,10823.136364,15071.056217,0.357475,LOW GAP,1.95,37067|Cardiology,Forsyth County,0.25846471956577927,4.2964636542239685,False,1,0.09468531273319875
26099,Michigan,Rheumatology,Arthritis,5102,1,653,1778.3,5102.0,10453.0,13315.598761,0.48809,LOW GAP,2.66,26099|Rheumatology,Macomb County,0.1960015680125441,2.719113149847095,False,1,0.14311443478223268
48085,Texas,Cardiology,Heart Disease,1595,0,0,0.0,0.0,10823.136364,15071.056217,0.0,NO PROVIDER,100.0,48085|Cardiology,Collin County,0.0,0.0,False,1,0.08653208169514648
26163,Michigan,Rheumatology,Arthritis,746,1,121,281.0,746.0,10453.0,13315.598761,0.071367,LOW GAP,0.39,26163|Rheumatology,Wayne County,1.3404825737265416,2.30327868852459,True,-1,-0.034129433955520705
48113,Texas,Cardiology,Heart Disease,13646,1,190,310.6,13646.0,10823.136364,15071.056217,1.260818,HIGH GAP,6.86,48113|Cardiology,Dallas County,0.07328154770628756,1.6261780104712042,False,1,0.09034953242341015
37081,North Carolina,Psychiatry,Mental Health Disorders,932,0,0,0.0,0.0,3104.5,4291.159571,0.0,NO PROVIDER,100.0,37081|Psychiatry,Guilford County,0.0,0.0,False,1,0.08653208169514648
48201,Texas,Cardiology,Heart Disease,68792,2,486,1705.6,34396.0,10823.136364,15071.056217,3.178007,CRITICAL GAP,17.3,48201|Cardiology,Harris County,0.029073148040469822,3.5022587268993837,False,1,0.11476175964437296
37067,North Carolina,Rheumatology,Arthritis,1394,0,0,0.0,0.0,10453.0,13315.598761,0.0,NO PROVIDER,100.0,37067|Rheumatology,Forsyth County,0.0,0.0,False,1,0.08653208169514648
48439,Texas,Cardiology,Heart Disease,41105,2,496,1178.6,20552.5,10823.136364,15071.056217,1.898941,HIGH GAP,10.34,48439|Cardiology,Tarrant County,0.04865588127964968,2.3714285714285714,False,1,0.1424952176925039
26077,Michigan,Pulmonary,Respiratory Disease,965,1,317,1288.0,965.0,4251.578947,5741.879972,0.226974,LOW GAP,1.24,26077|Pulmonary,Kalamazoo County,1.0362694300518134,4.050314465408805,True,-1,-0.014090117568568705
48201,Texas,Cardiology,Heart Disease,3513,0,0,0.0,0.0,10823.136364,15071.056217,0.0,NO PROVIDER,100.0,48201|Cardiology,Harris County,0.0,0.0,False,1,0.08653208169514648
48085,Texas,Endocrinology,Diabetes,3097,0,0,0.0,0.0,18070.0,22988.768287,0.0,NO PROVIDER,100.0,48085|Endocrinology,Collin County,0.0,0.0,False,1,0.08653208169514648
37067,North Carolina,Endocrinology,Diabetes,11506,1,84,217.8,11506.0,18070.0,22988.768287,0.636746,MODERATE GAP,3.47,37067|Endocrinology,Forsyth County,0.08691117677733357,2.5623529411764707,False,1,0.14602899555720578
48085,Texas,Pulmonary,Respiratory Disease,3194,1,349,1115.9,3194.0,4251.578947,5741.879972,0.75125,MODERATE GAP,4.09,48085|Pulmonary,Collin County,0.31308703819661865,3.1882857142857146,False,1,0.11791509146436341
26049,Michigan,Psychiatry,Mental Health Disorders,17557,4,1263,4407.5,4389.25,3104.5,4291.159571,1.413835,HIGH GAP,7.7,26049|Psychiatry,Genesee County,0.22782935581249644,3.4869462025316458,False,1,0.12513119602613426
26099,Michigan,Psychiatry,Mental Health Disorders,6604,0,0,0.0,0.0,3104.5,4291.159571,0.0,NO PROVIDER,100.0,26099|Psychiatry,Macomb County,0.0,0.0,False,1,0.08653208169514648
26099,Michigan,Rheumatology,Arthritis,34121,1,248,616.1,34121.0,10453.0,13315.598761,3.26423,CRITICAL GAP,17.77,26099|Rheumatology,Macomb County,0.029307464611236483,2.47429718875502,False,1,0.12433458714537338
37067,North Carolina,Endocrinology,Diabetes,25502,1,417,1659.7,25502.0,18070.0,22988.768287,1.411289,HIGH GAP,7.68,37067|Endocrinology,Forsyth County,0.03921261077562544,3.970574162679426,False,1,0.11589537133056693
26099,Michigan,Pulmonary,Respiratory Disease,4694,1,570,1966.8,4694.0,4251.578947,5741.879972,1.10406,HIGH GAP,6.01,26099|Pulmonary,Macomb County,0.21303792074989347,3.444483362521891,False,1,0.13203398292603818
26077,Michigan,Pulmonary,Respiratory Disease,252,0,0,0.0,0.0,4251.578947,5741.879972,0.0,NO PROVIDER,100.0,26077|Pulmonary,Kalamazoo County,0.0,0.0,False,1,0.08653208169514648
37119,North Carolina,Cardiology,Heart Disease,17968,3,715,2647.0,5989.3333,10823.136364,15071.056217,0.553382,MODERATE GAP,3.01,37119|Cardiology,Mecklenburg County,0.16696349065004454,3.696927374301676,False,1,0.14099819123251417
37081,North Carolina,Cardiology,Heart Disease,24457,2,144,577.2,12228.5,10823.136364,15071.056217,1.129848,HIGH GAP,6.15,37081|Cardiology,Guilford County,0.08177617859917406,3.980689655172414,False,1,0.13207678358046976
37119,North Carolina,Rheumatology,Arthritis,84458,1,325,767.1,84458.0,10453.0,13315.598761,8.079786,CRITICAL GAP,43.99,37119|Rheumatology,Mecklenburg County,0.011840204598735466,2.3530674846625765,False,1,0.06405791262249838
26125,Michigan,Psychiatry,Mental Health Disorders,1955,0,0,0.0,0.0,3104.5,4291.159571,0.0,NO PROVIDER,100.0,26125|Psychiatry,Oakland County,0.0,0.0,False,1,0.08653208169514648
26049,Michigan,Rheumatology,Arthritis,21100,1,228,426.7,21100.0,10453.0,13315.598761,2.018559,CRITICAL GAP,10.99,26049|Rheumatology,Genesee County,0.04739336492890995,1.8633187772925763,False,1,0.11665866908341721
48113,Texas,Pulmonary,Respiratory Disease,1971,1,425,1755.3,1971.0,4251.578947,5741.879972,0.463592,LOW GAP,2.52,48113|Pulmonary,Dallas County,0.5073566717402334,4.120422535211268,False,1,0.04961782852505359
37067,North Carolina,Endocrinology,Diabetes,17156,3,992,3553.5,5718.6667,18070.0,22988.768287,0.316473,LOW GAP,1.72,37067|Endocrinology,Forsyth County,0.1748659361156447,3.578549848942598,False,1,0.13587412638305568
37081,North Carolina,Cardiology,Heart Disease,19726,1,95,410.5,19726.0,10823.136364,15071.056217,1.822577,HIGH GAP,9.92,37081|Cardiology,Guilford County,0.050694514853492856,4.276041666666667,False,1,0.11443900627147757
37067,North Carolina,Psychiatry,Mental Health Disorders,14672,4,897,3515.1,3668.0,3104.5,4291.159571,1.181511,HIGH GAP,6.43,37067|Psychiatry,Forsyth County,0.27262813522355506,3.9143652561247215,False,1,0.11084803431397056
48029,Texas,Pulmonary,Respiratory Disease,3196,0,0,0.0,0.0,4251.578947,5741.879972,0.0,NO PROVIDER,100.0,48029|Pulmonary,Bexar County,0.0,0.0,False,1,0.08653208169514648
48201,Texas,Cardiology,Heart Disease,14769,1,150,657.9,14769.0,10823.136364,15071.056217,1.364577,HIGH GAP,7.43,48201|Cardiology,Harris County,0.06770939129257228,4.356953642384106,False,1,0.11631521671006267
37183,North Carolina,Rheumatology,Arthritis,5927,1,191,624.9,5927.0,10453.0,13315.598761,0.567014,MODERATE GAP,3.09,37183|Rheumatology,Wake County,0.16871941960519654,3.2546874999999997,False,1,0.14044490268582838
26125,Michigan,Psychiatry,Mental Health Disorders,30,0,0,0.0,0.0,3104.5,4291.159571,0.0,NO PROVIDER,100.0,26125|Psychiatry,Oakland County,0.0,0.0,False,1,0.08653208169514648
37067,North Carolina,Psychiatry,Mental Health Disorders,62651,2,317,1140.7,31325.5,3104.5,4291.159571,10.090353,CRITICAL GAP,54.94,37067|Psychiatry,Forsyth County,0.03192287433560517,3.5871069182389936,False,1,0.11853783789951056
37183,North Carolina,Endocrinology,Diabetes,36678,2,1180,3114.2,18339.0,18070.0,22988.768287,1.014887,HIGH GAP,5.53,37183|Endocrinology,Wake County,0.05452860025083156,2.6369178662150716,False,1,0.14765028173482525
48029,Texas,Cardiology,Heart Disease,9681,1,706,2537.6,9681.0,10823.136364,15071.056217,0.894473,MODERATE GAP,4.87,48029|Cardiology,Bexar County,0.10329511414110114,3.589250353606789,False,1,0.14880243319845832
48201,Texas,Cardiology,Heart Disease,31351,4,1225,4153.8,7837.75,10823.136364,15071.056217,0.724166,MODERATE GAP,3.94,48201|Cardiology,Harris County,0.12758763675799817,3.3880913539967374,False,1,0.14143329353844747
48085,Texas,Endocrinology,Diabetes,8533,1,650,1563.4,8533.0,18070.0,22988.768287,0.472219,LOW GAP,2.57,48085|Endocrinology,Collin County,0.11719207781553967,2.401536098310292,False,1,0.14499304957717285
26077,Michigan,Pulmonary,Respiratory Disease,517,0,0,0.0,0.0,4251.578947,5741.879972,0.0,NO PROVIDER,100.0,26077|Pulmonary,Kalamazoo County,0.0,0.0,False,1,0.08653208169514648
48029,Texas,Cardiology,Heart Disease,7695,1,621,1553.1,7695.0,10823.136364,15071.056217,0.710977,MODERATE GAP,3.87,48029|Cardiology,Bexar County,0.1299545159194282,2.496945337620579,False,1,0.1427823371568941
26163,Michigan,Psychiatry,Mental Health Disorders,4533,1,67,111.0,4533.0,3104.5,4291.159571,1.460139,HIGH GAP,7.95,26163|Psychiatry,Wayne County,0.22060445621001543,1.6323529411764706,False,1,0.0815720149685547
37067,North Carolina,Endocrinology,Diabetes,18548,2,1377,5341.5,9274.0,18070.0,22988.768287,0.513226,MODERATE GAP,2.79,37067|Endocrinology,Forsyth County,0.10782833728703904,3.8762699564586356,False,1,0.14652509097868216
26125,Michigan,Psychiatry,Mental Health Disorders,5771,0,0,0.0,0.0,3104.5,4291.159571,0.0,NO PROVIDER,100.0,26125|Psychiatry,Oakland County,0.0,0.0,False,1,0.08653208169514648
48029,Texas,Cardiology,Heart Disease,9733,4,2080,8961.5,2433.25,10823.136364,15071.056217,0.224819,LOW GAP,1.22,48029|Cardiology,Bexar County,0.41097297852666187,4.30634310427679,False,1,0.07049308007530808
26125,Michigan,Pulmonary,Respiratory Disease,4472,1,858,2530.9,4472.0,4251.578947,5741.879972,1.051845,HIGH GAP,5.73,26125|Pulmonary,Oakland County,0.22361359570661896,2.9463329452852154,False,1,0.13680462549755296
26099,Michigan,Psychiatry,Mental Health Disorders,5519,1,252,967.0,5519.0,3104.5,4291.159571,1.777742,HIGH GAP,9.68,26099|Psychiatry,Macomb County,0.1811922449719152,3.822134387351779,False,1,0.12815282573606918
37119,North Carolina,Psychiatry,Mental Health Disorders,1425,1,159,405.0,1425.0,3104.5,4291.159571,0.459011,LOW GAP,2.5,37119|Psychiatry,Mecklenburg County,0.7017543859649122,2.53125,False,1,0.049915952752280335
48439,Texas,Endocrinology,Diabetes,162204,1,506,2224.5,162204.0,18070.0,22988.768287,8.976425,CRITICAL GAP,48.88,48439|Endocrinology,Tarrant County,0.0061650760770387905,4.387573964497041,True,-1,-0.030593843732874437
37067,North Carolina,Endocrinology,Diabetes,1755,1,836,3314.6,1755.0,18070.0,22988.768287,0.097122,LOW GAP,0.53,37067|Endocrinology,Forsyth County,0.5698005698005698,3.9600955794504182,False,1,0.04752342481195404
48085,Texas,Pulmonary,Respiratory Disease,5936,2,1256,2567.2,2968.0,4251.578947,5741.879972,0.698094,MODERATE GAP,3.8,48085|Pulmonary,Collin County,0.3369272237196766,2.0423229912490055,False,1,0.09416675048290296
26163,Michigan,Rheumatology,Arthritis,24898,4,1075,1623.8,6224.5,10453.0,13315.598761,0.595475,MODERATE GAP,3.24,26163|Rheumatology,Wayne County,0.16065547433528798,1.5091078066914498,False,1,0.04786943757103068
37067,North Carolina,Psychiatry,Mental Health Disorders,3068,1,491,1442.5,3068.0,3104.5,4291.159571,0.988243,MODERATE GAP,5.38,37067|Psychiatry,Forsyth County,0.3259452411994785,2.9319105691056913,False,1,0.126873340653388
37051,North Carolina,Cardiology,Heart Disease,352,0,0,0.0,0.0,10823.136364,15071.056217,0.0,NO PROVIDER,100.0,37051|Cardiology,Cumberland County,0.0,0.0,False,1,0.08653208169514648
37183,North Carolina,Rheumatology,Arthritis,8944,1,221,835.6,8944.0,10453.0,13315.598761,0.85564,MODERATE GAP,4.66,37183|Rheumatology,Wake County,0.11180679785330948,3.763963963963964,False,1,0.14753425710629697
26077,Michigan,Pulmonary,Respiratory Disease,54570,4,2781,10789.2,13642.5,4251.578947,5741.879972,3.208808,CRITICAL GAP,17.47,26077|Pulmonary,Kalamazoo County,0.07330034817665385,3.878217109992811,False,1,0.14154532453287372
26099,Michigan,Pulmonary,Respiratory Disease,8121,1,734,2688.6,8121.0,4251.578947,5741.879972,1.910114,HIGH GAP,10.4,26099|Pulmonary,Macomb County,0.12313754463735992,3.6579591836734693,False,1,0.14623058476670436
48113,Texas,Endocrinology,Diabetes,20948,1,384,1638.0,20948.0,18070.0,22988.768287,1.15927,HIGH GAP,6.31,48113|Endocrinology,Dallas County,0.04773725415314111,4.254545454545455,False,1,0.11450871043466687
48029,Texas,Cardiology,Heart Disease,12979,1,653,2899.7,12979.0,10823.136364,15071.056217,1.19919,HIGH GAP,6.53,48029|Cardiology,Bexar County,0.07704753833115033,4.433792048929663,False,1,0.09219379424878549
48029,Texas,Cardiology,Heart Disease,37671,2,1547,3040.8,18835.5,10823.136364,15071.056217,1.7403,HIGH GAP,9.48,48029|Cardiology,Bexar County,0.05309123729128507,1.964341085271318,False,1,0.12865375208902657
26099,Michigan,Rheumatology,Arthritis,7034,0,0,0.0,0.0,10453.0,13315.598761,0.0,NO PROVIDER,100.0,26099|Rheumatology,Macomb County,0.0,0.0,False,1,0.08653208169514648
26163,Michigan,Pulmonary,Respiratory Disease,42537,2,1034,1850.0,21268.5,4251.578947,5741.879972,5.002494,CRITICAL GAP,27.24,26163|Pulmonary,Wayne County,0.04701789030726192,1.78743961352657,False,1,0.11295558155290608
26125,Michigan,Psychiatry,Mental Health Disorders,2719,1,893,1986.2,2719.0,3104.5,4291.159571,0.875825,MODERATE GAP,4.77,26125|Psychiatry,Oakland County,0.3677822728944465,2.2217002237136465,False,1,0.09998848491219603
37051,North Carolina,Endocrinology,Diabetes,27075,2,1159,3526.8,13537.5,18070.0,22988.768287,0.74917,MODERATE GAP,4.08,37051|Endocrinology,Cumberland County,0.07386888273314866,3.040344827586207,False,1,0.15412372626823573
37067,North Carolina,Cardiology,Heart Disease,3239,1,736,1888.5,3239.0,10823.136364,15071.056217,0.299266,LOW GAP,1.63,37067|Cardiology,Forsyth County,0.30873726458783574,2.562415196743555,False,1,0.12553440529938042
37081,North Carolina,Psychiatry,Mental Health Disorders,21447,1,416,895.9,21447.0,3104.5,4291.159571,6.908359,CRITICAL GAP,37.62,37081|Psychiatry,Guilford County,0.046626567818342894,2.148441247002398,False,1,0.13486535398897398
48085,Texas,Cardiology,Heart Disease,117648,1,881,2409.3,117648.0,10823.136364,15071.056217,10.870047,CRITICAL GAP,59.19,48085|Cardiology,Collin County,0.008499932000543995,2.7316326530612245,False,1,0.05132684753361816
37119,North Carolina,Rheumatology,Arthritis,7462,0,0,0.0,0.0,10453.0,13315.598761,0.0,NO PROVIDER,100.0,37119|Rheumatology,Mecklenburg County,0.0,0.0,False,1,0.08653208169514648
26099,Michigan,Psychiatry,Mental Health Disorders,29100,1,116,223.5,29100.0,3104.5,4291.159571,9.37349,CRITICAL GAP,51.04,26099|Psychiatry,Macomb County,0.034364261168384876,1.9102564102564104,False,1,0.10205241927697012
26077,Michigan,Pulmonary,Respiratory Disease,501,0,0,0.0,0.0,4251.578947,5741.879972,0.0,NO PROVIDER,100.0,26077|Pulmonary,Kalamazoo County,0.0,0.0,False,1,0.08653208169514648
26077,Michigan,Psychiatry,Mental Health Disorders,6126,1,139,291.2,6126.0,3104.5,4291.159571,1.973265,HIGH GAP,10.74,26077|Psychiatry,Kalamazoo County,0.16323865491348352,2.08,False,1,0.12735950059087303
26077,Michigan,Psychiatry,Mental Health Disorders,993,0,0,0.0,0.0,3104.5,4291.159571,0.0,NO PROVIDER,100.0,26077|Psychiatry,Kalamazoo County,0.0,0.0,False,1,0.08653208169514648
48439,Texas,Cardiology,Heart Disease,18413,1,595,911.6,18413.0,10823.136364,15071.056217,1.701263,HIGH GAP,9.26,48439|Cardiology,Tarrant County,0.054309455276163585,1.529530201342282,False,1,0.057910470385032164
48029,Texas,Cardiology,Heart Disease,3890,0,0,0.0,0.0,10823.136364,15071.056217,0.0,NO PROVIDER,100.0,48029|Cardiology,Bexar County,0.0,0.0,False,1,0.08653208169514648
37051,North Carolina,Psychiatry,Mental Health Disorders,1695,0,0,0.0,0.0,3104.5,4291.159571,0.0,NO PROVIDER,100.0,37051|Psychiatry,Cumberland County,0.0,0.0,False,1,0.08653208169514648
48085,Texas,Endocrinology,Diabetes,35360,2,1704,3204.9,17680.0,18070.0,22988.768287,0.978417,MODERATE GAP,5.33,48085|Endocrinology,Collin County,0.05656108597285068,1.8797067448680354,False,1,0.12238053880980243
48113,Texas,Cardiology,Heart Disease,9659,1,501,1662.3,9659.0,10823.136364,15071.056217,0.89244,MODERATE GAP,4.86,48113|Cardiology,Dallas County,0.10353038616834041,3.3113545816733065,False,1,0.15142576386668732
37051,North Carolina,Rheumatology,Arthritis,8475,1,319,1313.8,8475.0,10453.0,13315.598761,0.810772,MODERATE GAP,4.41,37051|Rheumatology,Cumberland County,0.11799410029498526,4.105625,False,1,0.13189438664656916
26099,Michigan,Psychiatry,Mental Health Disorders,7523,0,0,0.0,0.0,3104.5,4291.159571,0.0,NO PROVIDER,100.0,26099|Psychiatry,Macomb County,0.0,0.0,False,1,0.08653208169514648
48085,Texas,Cardiology,Heart Disease,3108,0,0,0.0,0.0,10823.136364,15071.056217,0.0,NO PROVIDER,100.0,48085|Cardiology,Collin County,0.0,0.0,False,1,0.08653208169514648
37081,North Carolina,Psychiatry,Mental Health Disorders,42433,2,336,1421.2,21216.5,3104.5,4291.159571,6.834112,CRITICAL GAP,37.21,37081|Psychiatry,Guilford County,0.0471331275186765,4.217210682492582,False,1,0.11792152374990356
37081,North Carolina,Psychiatry,Mental Health Disorders,359,1,283,717.3,359.0,3104.5,4291.159571,0.115639,LOW GAP,0.63,37081|Psychiatry,Guilford County,2.785515320334262,2.5257042253521127,True,-1,-0.11180176893072857
37183,North Carolina,Psychiatry,Mental Health Disorders,1007,1,83,274.0,1007.0,3104.5,4291.159571,0.324368,LOW GAP,1.77,37183|Psychiatry,Wake County,0.9930486593843098,3.261904761904762,False,1,0.002840283855456205
48029,Texas,Endocrinology,Diabetes,4644,0,0,0.0,0.0,18070.0,22988.768287,0.0,NO PROVIDER,100.0,48029|Endocrinology,Bexar County,0.0,0.0,False,1,0.08653208169514648
37183,North Carolina,Rheumatology,Arthritis,163791,2,943,3266.3,81895.5,10453.0,13315.598761,7.834641,CRITICAL GAP,42.66,37183|Rheumatology,Wake County,0.012210683126667522,3.460063559322034,False,1,0.07819377316217535
26049,Michigan,Pulmonary,Respiratory Disease,28478,1,664,1173.0,28478.0,4251.578947,5741.879972,6.698217,CRITICAL GAP,36.47,26049|Pulmonary,Genesee County,0.03511482547931737,1.7639097744360903,False,1,0.09301672143553091
48029,Texas,Endocrinology,Diabetes,14298,4,1559,5544.2,3574.5,18070.0,22988.768287,0.197814,LOW GAP,1.08,48029|Endocrinology,Bexar County,0.27975940691005735,3.553974358974359,False,1,0.12263763676217015
26125,Michigan,Rheumatology,Arthritis,3318,1,102,155.6,3318.0,10453.0,13315.598761,0.317421,LOW GAP,1.73,26125|Rheumatology,Oakland County,0.3013863773357444,1.5106796116504855,False,1,0.04029177297731479
26163,Michigan,Pulmonary,Respiratory Disease,40908,2,1435,6284.5,20454.0,4251.578947,5741.879972,4.810919,CRITICAL GAP,26.19,26163|Pulmonary,Wayne County,0.04889019262735895,4.3763927576601676,False,1,0.09960620783256136
48029,Texas,Endocrinology,Diabetes,5999,0,0,0.0,0.0,18070.0,22988.768287,0.0,NO PROVIDER,100.0,48029|Endocrinology,Bexar County,0.0,0.0,False,1,0.08653208169514648
26077,Michigan,Rheumatology,Arthritis,85846,1,107,289.8,85846.0,10453.0,13315.598761,8.212571,CRITICAL GAP,44.72,26077|Rheumatology,Kalamazoo County,0.011648766395638702,2.6833333333333336,False,1,0.07416258716156088
48029,Texas,Endocrinology,Diabetes,20851,1,750,2337.6,20851.0,18070.0,22988.768287,1.153901,HIGH GAP,6.28,48029|Endocrinology,Bexar County,0.047959330487746386,3.1126498002663117,False,1,0.1447389834980765
37119,North Carolina,Endocrinology,Diabetes,57817,3,2004,8200.8,19272.3333,18070.0,22988.768287,1.066538,HIGH GAP,5.81,37119|Endocrinology,Mecklenburg County,0.05188785305360015,4.090174563591022,False,1,0.12906868672390182
37119,North Carolina,Cardiology,Heart Disease,1484,0,0,0.0,0.0,10823.136364,15071.056217,0.0,NO PROVIDER,100.0,37119|Cardiology,Mecklenburg County,0.0,0.0,False,1,0.08653208169514648
48439,Texas,Endocrinology,Diabetes,66798,1,796,2088.2,66798.0,18070.0,22988.768287,3.696624,CRITICAL GAP,20.13,48439|Endocrinology,Tarrant County,0.01497050809904488,2.6200752823086573,False,1,0.08335729334158204
48439,Texas,Cardiology,Heart Disease,26728,3,2158,6792.2,8909.3333,10823.136364,15071.056217,0.823175,MODERATE GAP,4.48,48439|Cardiology,Tarrant County,0.11224184375935348,3.1459935155164427,False,1,0.15158627525479568
37119,North Carolina,Endocrinology,Diabetes,10599,1,280,649.2,10599.0,18070.0,22988.768287,0.586552,MODERATE GAP,3.19,37119|Endocrinology,Mecklenburg County,0.09434852344560808,2.310320284697509,False,1,0.14322869336126381
37067,North Carolina,Rheumatology,Arthritis,9710,2,127,280.6,4855.0,10453.0,13315.598761,0.46446,LOW GAP,2.53,37067|Rheumatology,Forsyth County,0.2059732234809475,2.1921875,False,1,0.13640940410390945
48085,Texas,Cardiology,Heart Disease,31162,2,1791,6311.1,15581.0,10823.136364,15071.056217,1.439601,HIGH GAP,7.84,48085|Cardiology,Collin County,0.06418073294397021,3.5218191964285714,False,1,0.14622252918054957
48201,Texas,Cardiology,Heart Disease,183016,2,563,1007.3,91508.0,10823.136364,15071.056217,8.454851,CRITICAL GAP,46.04,48201|Cardiology,Harris County,0.010928006294531625,1.7859929078014183,False,1,0.020994836259694782
37183,North Carolina,Endocrinology,Diabetes,3437,0,0,0.0,0.0,18070.0,22988.768287,0.0,NO PROVIDER,100.0,37183|Endocrinology,Wake County,0.0,0.0,False,1,0.08653208169514648
26077,Michigan,Psychiatry,Mental Health Disorders,1310,0,0,0.0,0.0,3104.5,4291.159571,0.0,NO PROVIDER,100.0,26077|Psychiatry,Kalamazoo County,0.0,0.0,False,1,0.08653208169514648
37081,North Carolina,Endocrinology,Diabetes,28238,2,235,843.3,14119.0,18070.0,22988.768287,0.78135,MODERATE GAP,4.25,37081|Endocrinology,Guilford County,0.07082654578936186,3.5733050847457624,False,1,0.14715313835153265
26077,Michigan,Psychiatry,Mental Health Disorders,27412,1,402,1693.1,27412.0,3104.5,4291.159571,8.829763,CRITICAL GAP,48.08,26077|Psychiatry,Kalamazoo County,0.03648037355902524,4.201240694789082,False,1,0.10719888196812949
26077,Michigan,Pulmonary,Respiratory Disease,451,0,0,0.0,0.0,4251.578947,5741.879972,0.0,NO PROVIDER,100.0,26077|Pulmonary,Kalamazoo County,0.0,0.0,False,1,0.08653208169514648
37067,North Carolina,Cardiology,Heart Disease,8889,1,271,516.4,8889.0,10823.136364,15071.056217,0.821296,MODERATE GAP,4.47,37067|Cardiology,Forsyth County,0.1124985937675779,1.8985294117647058,False,1,0.1255361670966486
37183,North Carolina,Cardiology,Heart Disease,8232,1,725,1215.2,8232.0,10823.136364,15071.056217,0.760593,MODERATE GAP,4.14,37183|Cardiology,Wake County,0.12147716229348882,1.6738292011019285,False,1,0.09155206153954304
37067,North Carolina,Cardiology,Heart Disease,1194,1,592,1512.1,1194.0,10823.136364,15071.056217,0.110319,LOW GAP,0.6,37067|Cardiology,Forsyth County,0.8375209380234506,2.5499156829679595,False,1,0.026181996240408068
26077,Michigan,Rheumatology,Arthritis,6300,1,548,1560.6,6300.0,10453.0,13315.598761,0.602698,MODERATE GAP,3.28,26077|Rheumatology,Kalamazoo County,0.15873015873015872,2.842622950819672,False,1,0.14697340400387793
26125,Michigan,Psychiatry,Mental Health Disorders,4863,0,0,0.0,0.0,3104.5,4291.159571,0.0,NO PROVIDER,100.0,26125|Psychiatry,Oakland County,0.0,0.0,False,1,0.08653208169514648
37183,North Carolina,Rheumatology,Arthritis,10774,3,2049,3799.7,3591.3333,10453.0,13315.598761,0.34357,LOW GAP,1.87,37183|Rheumatology,Wake County,0.2784481158344162,1.853512195121951,False,1,0.09921553788848803
26077,Michigan,Psychiatry,Mental Health Disorders,4978,2,1407,2359.4,2489.0,3104.5,4291.159571,0.801739,MODERATE GAP,4.37,26077|Psychiatry,Kalamazoo County,0.4017677782241864,1.6757102272727273,False,1,0.047496791615623146
37051,North Carolina,Psychiatry,Mental Health Disorders,1296,0,0,0.0,0.0,3104.5,4291.159571,0.0,NO PROVIDER,100.0,37051|Psychiatry,Cumberland County,0.0,0.0,False,1,0.08653208169514648
37119,North Carolina,Rheumatology,Arthritis,81506,1,250,747.6,81506.0,10453.0,13315.598761,7.797379,CRITICAL GAP,42.46,37119|Rheumatology,Mecklenburg County,0.012269035408436189,2.9784860557768926,False,1,0.08684081891509826
48113,Texas,Endocrinology,Diabetes,63094,2,460,1964.8,31547.0,18070.0,22988.768287,1.745822,HIGH GAP,9.51,48113|Endocrinology,Dallas County,0.0316987352204647,4.262039045553145,False,1,0.09179177930889021
48085,Texas,Pulmonary,Respiratory Disease,24794,1,280,1170.7,24794.0,4251.578947,5741.879972,5.831716,CRITICAL GAP,31.75,48085|Pulmonary,Collin County,0.04033233846898444,4.166192170818506,False,1,0.11034477942784227
37081,North Carolina,Cardiology,Heart Disease,965,0,0,0.0,0.0,10823.136364,15071.056217,0.0,NO PROVIDER,100.0,37081|Cardiology,Guilford County,0.0,0.0,False,1,0.08653208169514648
48439,Texas,Endocrinology,Diabetes,26860,1,406,1532.1,26860.0,18070.0,22988.768287,1.486442,HIGH GAP,8.09,48439|Endocrinology,Tarrant County,0.0372300819061802,3.764373464373464,False,1,0.12587851391689098
37067,North Carolina,Psychiatry,Mental Health Disorders,2670,1,509,2173.3,2670.0,3104.5,4291.159571,0.860042,MODERATE GAP,4.68,37067|Psychiatry,Forsyth County,0.37453183520599254,4.261372549019608,False,1,0.08398652065898027
37119,North Carolina,Endocrinology,Diabetes,47245,2,1793,3031.9,23622.5,18070.0,22988.768287,1.307277,HIGH GAP,7.12,37119|Endocrinology,Mecklenburg County,0.04233252195999577,1.6900222965440357,False,1,0.08617773644605298
37183,North Carolina,Cardiology,Heart Disease,2844,1,421,1041.5,2844.0,10823.136364,15071.056217,0.26277,LOW GAP,1.43,37183|Cardiology,Wake County,0.35161744022503516,2.4680094786729856,False,1,0.11697990880651843
26099,Michigan,Psychiatry,Mental Health Disorders,621,1,85,301.4,621.0,3104.5,4291.159571,0.200032,LOW GAP,1.09,26099|Psychiatry,Macomb County,1.6103059581320451,3.5046511627906973,True,-1,-0.04869367136694969
48113,Texas,Cardiology,Heart Disease,1703,2,524,1684.0,851.5,10823.136364,15071.056217,0.078674,LOW GAP,0.43,48113|Cardiology,Dallas County,1.1743981209630063,3.2076190476190476,True,-1,-0.011192000097385746
26163,Michigan,Psychiatry,Mental Health Disorders,11581,4,1706,4322.2,2895.25,3104.5,4291.159571,0.932598,MODERATE GAP,5.08,26163|Psychiatry,Wayne County,0.34539331663932304,2.5320445225541883,False,1,0.11812548595705408
26163,Michigan,Pulmonary,Respiratory Disease,5953,2,1129,4268.6,2976.5,4251.578947,5741.879972,0.700093,MODERATE GAP,3.81,26163|Pulmonary,Wayne County,0.3359650596337981,3.7775221238938057,False,1,0.10529102315696198
37081,North Carolina,Endocrinology,Diabetes,778,0,0,0.0,0.0,18070.0,22988.768287,0.0,NO PROVIDER,100.0,37081|Endocrinology,Guilford County,0.0,0.0,False,1,0.08653208169514648
37081,North Carolina,Cardiology,Heart Disease,579,0,0,0.0,0.0,10823.136364,15071.056217,0.0,NO PROVIDER,100.0,37081|Cardiology,Guilford County,0.0,0.0,False,1,0.08653208169514648
37067,North Carolina,Cardiology,Heart Disease,12739,1,876,1963.8,12739.0,10823.136364,15071.056217,1.177016,HIGH GAP,6.41,37067|Cardiology,Forsyth County,0.07849909726038151,2.239224629418472,False,1,0.14000093390188323
37119,North Carolina,Rheumatology,Arthritis,40061,1,881,2470.2,40061.0,10453.0,13315.598761,3.832488,CRITICAL GAP,20.87,37119|Rheumatology,Mecklenburg County,0.024961933052095556,2.8006802721088433,False,1,0.12219237510518954
37081,North Carolina,Rheumatology,Arthritis,59827,3,754,3187.8,19942.3333,10453.0,13315.598761,1.90781,HIGH GAP,10.39,37081|Rheumatology,Guilford County,0.05014458354923362,4.222251655629139,False,1,0.11974250906030187
37183,North Carolina,Endocrinology,Diabetes,77565,1,888,3213.0,77565.0,18070.0,22988.768287,4.292474,CRITICAL GAP,23.37,37183|Endocrinology,Wake County,0.012892412815058337,3.6141732283464565,False,1,0.07575739962371553
37183,North Carolina,Endocrinology,Diabetes,140699,1,261,1085.7,140699.0,18070.0,22988.768287,7.786331,CRITICAL GAP,42.4,37183|Endocrinology,Wake County,0.0071073710545206436,4.1438931297709924,False,1,1.047187680514039e-05
48085,Texas,Cardiology,Heart Disease,2350,1,222,344.8,2350.0,10823.136364,15071.056217,0.217127,LOW GAP,1.18,48085|Cardiology,Collin County,0.425531914893617,1.546188340807175,False,1,0.021694071821391936
37067,North Carolina,Cardiology,Heart Disease,4097,1,166,444.9,4097.0,10823.136364,15071.056217,0.378541,LOW GAP,2.06,37067|Cardiology,Forsyth County,0.24408103490358798,2.664071856287425,False,1,0.13301851170285717
26163,Michigan,Pulmonary,Respiratory Disease,3119,1,685,1648.8,3119.0,4251.578947,5741.879972,0.73361,MODERATE GAP,3.99,26163|Pulmonary,Wayne County,0.3206155819172812,2.4034985422740522,False,1,0.12055714656350752
37081,North Carolina,Endocrinology,Diabetes,10099,1,315,484.3,10099.0,18070.0,22988.768287,0.558882,MODERATE GAP,3.04,37081|Endocrinology,Guilford County,0.09901970492127933,1.5325949367088607,False,1,0.0632748907709606
48085,Texas,Endocrinology,Diabetes,4462,0,0,0.0,0.0,18070.0,22988.768287,0.0,NO PROVIDER,100.0,48085|Endocrinology,Collin County,0.0,0.0,False,1,0.08653208169514648
26077,Michigan,Rheumatology,Arthritis,1958,3,1697,4593.8,652.6667,10453.0,13315.598761,0.062438,LOW GAP,0.34,26077|Rheumatology,Kalamazoo County,1.5321756894790601,2.7054181389870435,True,-1,-0.03495011719311625
48201,Texas,Cardiology,Heart Disease,47491,3,1428,2794.5,15830.3333,10823.136364,15071.056217,1.462638,HIGH GAP,7.96,48201|Cardiology,Harris County,0.06316986376366049,1.9555633310007,False,1,0.1273289521809574
48439,Texas,Endocrinology,Diabetes,34662,1,383,952.8,34662.0,18070.0,22988.768287,1.918207,HIGH GAP,10.44,48439|Endocrinology,Tarrant County,0.028850037505048755,2.4812499999999997,False,1,0.12335789140228309
26163,Michigan,Pulmonary,Respiratory Disease,6882,2,327,1433.4,3441.0,4251.578947,5741.879972,0.809346,MODERATE GAP,4.41,26163|Pulmonary,Wayne County,0.2906131938390003,4.370121951219512,False,1,0.07745460912264146
26049,Michigan,Pulmonary,Respiratory Disease,598,0,0,0.0,0.0,4251.578947,5741.879972,0.0,NO PROVIDER,100.0,26049|Pulmonary,Genesee County,0.0,0.0,False,1,0.08653208169514648
48201,Texas,Cardiology,Heart Disease,4332,2,898,1857.4,2166.0,10823.136364,15071.056217,0.200127,LOW GAP,1.09,48201|Cardiology,Harris County,0.4616805170821791,2.0660734149054507,False,1,0.06515701598306856
48201,Texas,Endocrinology,Diabetes,37510,3,2041,7538.2,12503.3333,18070.0,22988.768287,0.691939,MODERATE GAP,3.77,48201|Endocrinology,Harris County,0.07997867235403892,3.691576885406464,False,1,0.14572188680018822
48029,Texas,Pulmonary,Respiratory Disease,4870,0,0,0.0,0.0,4251.578947,5741.879972,0.0,NO PROVIDER,100.0,48029|Pulmonary,Bexar County,0.0,0.0,False,1,0.08653208169514648
48201,Texas,Endocrinology,Diabetes,2464,2,1333,4831.2,1232.0,18070.0,22988.768287,0.068179,LOW GAP,0.37,48201|Endocrinology,Harris County,0.8116883116883118,3.621589205397301,False,1,0.029055926244431318
37183,North Carolina,Endocrinology,Diabetes,47100,1,102,321.0,47100.0,18070.0,22988.768287,2.60653,CRITICAL GAP,14.19,37183|Endocrinology,Wake County,0.021231422505307858,3.116504854368932,False,1,0.10719546442794142
26125,Michigan,Psychiatry,Mental Health Disorders,6376,0,0,0.0,0.0,3104.5,4291.159571,0.0,NO PROVIDER,100.0,26125|Psychiatry,Oakland County,0.0,0.0,False,1,0.08653208169514648
48113,Texas,Pulmonary,Respiratory Disease,16453,2,482,1947.3,8226.5,4251.578947,5741.879972,1.934928,HIGH GAP,10.54,48113|Pulmonary,Dallas County,0.121558378411232,4.03167701863354,False,1,0.13430414457820594
37067,North Carolina,Cardiology,Heart Disease,103554,1,385,861.6,103554.0,10823.136364,15071.056217,9.567837,CRITICAL GAP,52.1,37067|Cardiology,Forsyth County,0.00965679741970373,2.2321243523316063,False,1,0.050094244649565134
48201,Texas,Cardiology,Heart Disease,67855,4,589,2064.6,16963.75,10823.136364,15071.056217,1.56736,HIGH GAP,8.53,48201|Cardiology,Harris County,0.05894922997568344,3.499322033898305,False,1,0.1479258313728622
26163,Michigan,Rheumatology,Arthritis,7101,0,0,0.0,0.0,10453.0,13315.598761,0.0,NO PROVIDER,100.0,26163|Rheumatology,Wayne County,0.0,0.0,False,1,0.08653208169514648
26077,Michigan,Pulmonary,Respiratory Disease,4804,2,893,1705.1,2402.0,4251.578947,5741.879972,0.564967,MODERATE GAP,3.08,26077|Pulmonary,Kalamazoo County,0.41631973355537055,1.907270693512304,False,1,0.06804766798386852
37119,North Carolina,Cardiology,Heart Disease,1402,0,0,0.0,0.0,10823.136364,15071.056217,0.0,NO PROVIDER,100.0,37119|Cardiology,Mecklenburg County,0.0,0.0,False,1,0.08653208169514648
37081,North Carolina,Rheumatology,Arthritis,2550,1,344,1335.0,2550.0,10453.0,13315.598761,0.243949,LOW GAP,1.33,37081|Rheumatology,Guilford County,0.39215686274509803,3.869565217391304,False,1,0.09800857541130831
37067,North Carolina,Rheumatology,Arthritis,1529,0,0,0.0,0.0,10453.0,13315.598761,0.0,NO PROVIDER,100.0,37067|Rheumatology,Forsyth County,0.0,0.0,False,1,0.08653208169514648
48439,Texas,Pulmonary,Respiratory Disease,23416,3,2580,8907.2,7805.3333,4251.578947,5741.879972,1.835867,HIGH GAP,10.0,48439|Pulmonary,Tarrant County,0.12811752647762215,3.451065478496707,False,1,0.1415874690488501
37067,North Carolina,Psychiatry,Mental Health Disorders,4609,1,736,1333.9,4609.0,3104.5,4291.159571,1.484619,HIGH GAP,8.08,37067|Psychiatry,Forsyth County,0.21696680407897592,1.8099050203527818,False,1,0.10853390228290893
37119,North Carolina,Cardiology,Heart Disease,2245,0,0,0.0,0.0,10823.136364,15071.056217,0.0,NO PROVIDER,100.0,37119|Cardiology,Mecklenburg County,0.0,0.0,False,1,0.08653208169514648
48439,Texas,Endocrinology,Diabetes,1744,0,0,0.0,0.0,18070.0,22988.768287,0.0,NO PROVIDER,100.0,48439|Endocrinology,Tarrant County,0.0,0.0,False,1,0.08653208169514648
37051,North Carolina,Cardiology,Heart Disease,187333,2,474,1866.4,93666.5,10823.136364,15071.056217,8.654284,CRITICAL GAP,47.12,37051|Cardiology,Cumberland County,0.010676175580383595,3.929263157894737,False,1,0.05462211118714777
48201,Texas,Endocrinology,Diabetes,17427,0,0,0.0,0.0,18070.0,22988.768287,0.0,NO PROVIDER,100.0,48201|Endocrinology,Harris County,0.0,0.0,False,1,0.08653208169514648
37051,North Carolina,Rheumatology,Arthritis,6513,1,365,896.0,6513.0,10453.0,13315.598761,0.623075,MODERATE GAP,3.39,37051|Rheumatology,Cumberland County,0.15353907569476433,2.448087431693989,False,1,0.13852719402459485
37051,North Carolina,Endocrinology,Diabetes,564,0,0,0.0,0.0,18070.0,22988.768287,0.0,NO PROVIDER,100.0,37051|Endocrinology,Cumberland County,0.0,0.0,False,1,0.08653208169514648
37119,North Carolina,Psychiatry,Mental Health Disorders,2646,1,878,1420.6,2646.0,3104.5,4291.159571,0.852311,MODERATE GAP,4.64,37119|Psychiatry,Mecklenburg County,0.3779289493575208,1.6161547212741751,False,1,0.0433981230641215
48201,Texas,Pulmonary,Respiratory Disease,5132,0,0,0.0,0.0,4251.578947,5741.879972,0.0,NO PROVIDER,100.0,48201|Pulmonary,Harris County,0.0,0.0,False,1,0.08653208169514648
26077,Michigan,Rheumatology,Arthritis,19157,2,593,2141.2,9578.5,10453.0,13315.598761,0.91634,MODERATE GAP,4.99,26077|Rheumatology,Kalamazoo County,0.1044004802422091,3.6047138047138043,False,1,0.149569584943463
37119,North Carolina,Psychiatry,Mental Health Disorders,2519,1,76,278.8,2519.0,3104.5,4291.159571,0.811403,MODERATE GAP,4.42,37119|Psychiatry,Mecklenburg County,0.39698292973402144,3.620779220779221,False,1,0.10497183398863297
37051,North Carolina,Psychiatry,Mental Health Disorders,1633,0,0,0.0,0.0,3104.5,4291.159571,0.0,NO PROVIDER,100.0,37051|Psychiatry,Cumberland County,0.0,0.0,False,1,0.08653208169514648
37081,North Carolina,Cardiology,Heart Disease,1187,0,0,0.0,0.0,10823.136364,15071.056217,0.0,NO PROVIDER,100.0,37081|Cardiology,Guilford County,0.0,0.0,False,1,0.08653208169514648
48113,Texas,Pulmonary,Respiratory Disease,6970,1,886,2423.7,6970.0,4251.578947,5741.879972,1.639391,HIGH GAP,8.93,48113|Pulmonary,Dallas County,0.14347202295552366,2.7324689966178126,False,1,0.14034520261338618
26125,Michigan,Pulmonary,Respiratory Disease,1359,0,0,0.0,0.0,4251.578947,5741.879972,0.0,NO PROVIDER,100.0,26125|Pulmonary,Oakland County,0.0,0.0,False,1,0.08653208169514648
37183,North Carolina,Cardiology,Heart Disease,1817,0,0,0.0,0.0,10823.136364,15071.056217,0.0,NO PROVIDER,100.0,37183|Cardiology,Wake County,0.0,0.0,False,1,0.08653208169514648
26099,Michigan,Rheumatology,Arthritis,30901,2,1367,5366.0,15450.5,10453.0,13315.598761,1.478092,HIGH GAP,8.05,26099|Rheumatology,Macomb County,0.06472282450406136,3.922514619883041,False,1,0.13866442151064812
48439,Texas,Endocrinology,Diabetes,7152,2,744,1327.2,3576.0,18070.0,22988.768287,0.197897,LOW GAP,1.08,48439|Endocrinology,Tarrant County,0.2796420581655481,1.7814765100671142,False,1,0.09135082530633781
37051,North Carolina,Cardiology,Heart Disease,87868,1,898,2673.7,87868.0,10823.136364,15071.056217,8.118534,CRITICAL GAP,44.2,37051|Cardiology,Cumberland County,0.011380707424773524,2.9740823136818686,False,1,0.07831958597345212
48201,Texas,Pulmonary,Respiratory Disease,159888,4,2858,7958.1,39972.0,4251.578947,5741.879972,9.401684,CRITICAL GAP,51.19,48201|Pulmonary,Harris County,0.025017512258581006,2.783525708289612,False,1,0.1225322351414927
48085,Texas,Endocrinology,Diabetes,344814,2,616,2539.8,172407.0,18070.0,22988.768287,9.541063,CRITICAL GAP,51.95,48085|Endocrinology,Collin County,0.005800228529004042,4.116369529983793,True,-1,-0.015495696057432506
48201,Texas,Cardiology,Heart Disease,15623,4,3495,13407.7,3905.75,10823.136364,15071.056217,0.36087,LOW GAP,1.96,48201|Cardiology,Harris County,0.25603277219484094,3.835154462242563,False,1,0.11721895863759713
26099,Michigan,Rheumatology,Arthritis,4478,0,0,0.0,0.0,10453.0,13315.598761,0.0,NO PROVIDER,100.0,26099|Rheumatology,Macomb County,0.0,0.0,False,1,0.08653208169514648
37051,North Carolina,Psychiatry,Mental Health Disorders,9706,3,2121,3608.9,3235.3333,3104.5,4291.159571,1.042143,HIGH GAP,5.67,37051|Psychiatry,Cumberland County,0.30908716257984753,1.7007068803016023,False,1,0.07198405103947403
48085,Texas,Cardiology,Heart Disease,1797,0,0,0.0,0.0,10823.136364,15071.056217,0.0,NO PROVIDER,100.0,48085|Cardiology,Collin County,0.0,0.0,False,1,0.08653208169514648
26049,Michigan,Rheumatology,Arthritis,93036,1,585,1926.5,93036.0,10453.0,13315.598761,8.900411,CRITICAL GAP,48.46,26049|Rheumatology,Genesee County,0.01074852745173911,3.287542662116041,False,1,0.06822505925377065
37119,North Carolina,Endocrinology,Diabetes,3292,0,0,0.0,0.0,18070.0,22988.768287,0.0,NO PROVIDER,100.0,37119|Endocrinology,Mecklenburg County,0.0,0.0,False,1,0.08653208169514648
37183,North Carolina,Cardiology,Heart Disease,2755,1,212,889.4,2755.0,10823.136364,15071.056217,0.254547,LOW GAP,1.39,37183|Cardiology,Wake County,0.36297640653357527,4.175586854460094,False,1,0.08614627777285522
37119,North Carolina,Cardiology,Heart Disease,18964,1,661,2153.9,18964.0,10823.136364,15071.056217,1.752172,HIGH GAP,9.54,37119|Cardiology,Mecklenburg County,0.052731491246572455,3.2536253776435045,False,1,0.1493884857602451
48113,Texas,Endocrinology,Diabetes,10262,1,135,309.6,10262.0,18070.0,22988.768287,0.567903,MODERATE GAP,3.09,48113|Endocrinology,Dallas County,0.09744689144416292,2.2764705882352945,False,1,0.14521602243452364
48201,Texas,Pulmonary,Respiratory Disease,10867,2,316,995.6,5433.5,4251.578947,5741.879972,1.277996,HIGH GAP,6.96,48201|Pulmonary,Harris County,0.1840434342504831,3.140694006309148,False,1,0.14101877061157175
48439,Texas,Pulmonary,Respiratory Disease,4480,0,0,0.0,0.0,4251.578947,5741.879972,0.0,NO PROVIDER,100.0,48439|Pulmonary,Tarrant County,0.0,0.0,False,1,0.08653208169514648
48439,Texas,Pulmonary,Respiratory Disease,4048,0,0,0.0,0.0,4251.578947,5741.879972,0.0,NO PROVIDER,100.0,48439|Pulmonary,Tarrant County,0.0,0.0,False,1,0.08653208169514648
48085,Texas,Cardiology,Heart Disease,21111,1,85,190.2,21111.0,10823.136364,15071.056217,1.950544,HIGH GAP,10.62,48085|Cardiology,Collin County,0.04736867036142295,2.211627906976744,False,1,0.14128476034843912
37067,North Carolina,Psychiatry,Mental Health Disorders,15905,3,2484,7590.5,5301.6667,3104.5,4291.159571,1.707736,HIGH GAP,9.3,37067|Psychiatry,Forsyth County,0.18861993083935868,3.0545271629778674,False,1,0.13753519398951314
26099,Michigan,Pulmonary,Respiratory Disease,2472,1,891,2688.8,2472.0,4251.578947,5741.879972,0.581431,MODERATE GAP,3.17,26099|Pulmonary,Macomb County,0.4045307443365696,3.0143497757847535,False,1,0.1042191028104199
37067,North Carolina,Psychiatry,Mental Health Disorders,2759,1,570,2540.8,2759.0,3104.5,4291.159571,0.88871,MODERATE GAP,4.84,37067|Psychiatry,Forsyth County,0.3624501631025734,4.449737302977233,False,1,0.0517646764573968
48113,Texas,Pulmonary,Respiratory Disease,6245,1,208,601.4,6245.0,4251.578947,5741.879972,1.468866,HIGH GAP,8.0,48113|Pulmonary,Dallas County,0.16012810248198558,2.877511961722488,False,1,0.1456504595768494
26049,Michigan,Rheumatology,Arthritis,13994,1,59,148.6,13994.0,10453.0,13315.598761,1.338754,HIGH GAP,7.29,26049|Rheumatology,Genesee County,0.07145919679862799,2.4766666666666666,False,1,0.14690745916303327
37081,North Carolina,Endocrinology,Diabetes,22871,2,205,323.2,11435.5,18070.0,22988.768287,0.632844,MODERATE GAP,3.45,37081|Endocrinology,Guilford County,0.08744698526518299,1.5689320388349515,False,1,0.0718116885118163
37051,North Carolina,Endocrinology,Diabetes,14352,1,308,1283.2,14352.0,18070.0,22988.768287,0.794245,MODERATE GAP,4.32,37051|Endocrinology,Cumberland County,0.06967670011148272,4.152750809061489,False,1,0.12761131569487388
26125,Michigan,Psychiatry,Mental Health Disorders,8748,0,0,0.0,0.0,3104.5,4291.159571,0.0,NO PROVIDER,100.0,26125|Psychiatry,Oakland County,0.0,0.0,False,1,0.08653208169514648
48113,Texas,Pulmonary,Respiratory Disease,641,1,773,3126.9,641.0,4251.578947,5741.879972,0.150768,LOW GAP,0.82,48113|Pulmonary,Dallas County,1.5600624024960998,4.039922480620155,True,-1,-0.051260661853621214
37051,North Carolina,Rheumatology,Arthritis,9742,1,590,1963.3,9742.0,10453.0,13315.598761,0.931981,MODERATE GAP,5.07,37051|Rheumatology,Cumberland County,0.10264832683227262,3.3219966159052454,False,1,0.15172125840563444
48113,Texas,Pulmonary,Respiratory Disease,7910,2,1439,3811.0,3955.0,4251.578947,5741.879972,0.930243,MODERATE GAP,5.07,48113|Pulmonary,Dallas County,0.2528445006321112,2.6465277777777776,False,1,0.1319772618275601
37081,North Carolina,Psychiatry,Mental Health Disorders,6716,2,425,1413.1,3358.0,3104.5,4291.159571,1.081656,HIGH GAP,5.89,37081|Psychiatry,Guilford County,0.2977963073257892,3.3171361502347416,False,1,0.12163919985990906
48113,Texas,Pulmonary,Respiratory Disease,3536,3,1158,4470.7,1178.6667,4251.578947,5741.879972,0.27723,LOW GAP,1.51,48113|Pulmonary,Dallas County,0.8484162895927602,3.857377049180328,False,1,0.017736602611345575
37051,North Carolina,Rheumatology,Arthritis,1502,0,0,0.0,0.0,10453.0,13315.598761,0.0,NO PROVIDER,100.0,37051|Rheumatology,Cumberland County,0.0,0.0,False,1,0.08653208169514648
26049,Michigan,Rheumatology,Arthritis,64582,3,771,3394.4,21527.3333,10453.0,13315.598761,2.059441,CRITICAL GAP,11.21,26049|Rheumatology,Genesee County,0.04645257192406553,4.3968911917098445,False,1,0.09545640422899304
37067,North Carolina,Cardiology,Heart Disease,4622,1,545,1284.0,4622.0,10823.136364,15071.056217,0.427048,LOW GAP,2.33,37067|Cardiology,Forsyth County,0.2163565556036348,2.3516483516483517,False,1,0.13497493309522596
48085,Texas,Endocrinology,Diabetes,212031,2,161,499.7,106015.5,18070.0,22988.768287,5.866934,CRITICAL GAP,31.94,48085|Endocrinology,Collin County,0.009432582971357963,3.0845679012345677,False,1,0.06676098618292559
48029,Texas,Pulmonary,Respiratory Disease,888,1,194,754.6,888.0,4251.578947,5741.879972,0.208864,LOW GAP,1.14,48029|Pulmonary,Bexar County,1.1261261261261262,3.8697435897435897,True,-1,-0.01653053355762013
26125,Michigan,Psychiatry,Mental Health Disorders,5505,0,0,0.0,0.0,3104.5,4291.159571,0.0,NO PROVIDER,100.0,26125|Psychiatry,Oakland County,0.0,0.0,False,1,0.08653208169514648
37051,North Carolina,Psychiatry,Mental Health Disorders,1237,0,0,0.0,0.0,3104.5,4291.159571,0.0,NO PROVIDER,100.0,37051|Psychiatry,Cumberland County,0.0,0.0,False,1,0.08653208169514648
48029,Texas,Endocrinology,Diabetes,7411,0,0,0.0,0.0,18070.0,22988.768287,0.0,NO PROVIDER,100.0,48029|Endocrinology,Bexar County,0.0,0.0,False,1,0.08653208169514648
48029,Texas,Endocrinology,Diabetes,5597,0,0,0.0,0.0,18070.0,22988.768287,0.0,NO PROVIDER,100.0,48029|Endocrinology,Bexar County,0.0,0.0,False,1,0.08653208169514648
37183,North Carolina,Cardiology,Heart Disease,3657,2,214,345.9,1828.5,10823.136364,15071.056217,0.168944,LOW GAP,0.92,37183|Cardiology,Wake County,0.5468963631391851,1.6088372093023255,False,1,0.007683156813678815
37119,North Carolina,Cardiology,Heart Disease,3879,1,252,491.9,3879.0,10823.136364,15071.056217,0.358399,LOW GAP,1.95,37119|Cardiology,Mecklenburg County,0.2577984016499098,1.9442687747035572,False,1,0.10687013573607529
37081,North Carolina,Cardiology,Heart Disease,70070,1,586,1794.9,70070.0,10823.136364,15071.056217,6.474094,CRITICAL GAP,35.25,37081|Cardiology,Guilford County,0.014271442842871414,3.057751277683135,False,1,0.0942400588523104
37051,North Carolina,Rheumatology,Arthritis,8252,1,445,945.6,8252.0,10453.0,13315.598761,0.789438,MODERATE GAP,4.3,37051|Rheumatology,Cumberland County,0.1211827435773146,2.1201793721973097,False,1,0.13597192415949994
26099,Michigan,Psychiatry,Mental Health Disorders,5615,0,0,0.0,0.0,3104.5,4291.159571,0.0,NO PROVIDER,100.0,26099|Psychiatry,Macomb County,0.0,0.0,False,1,0.08653208169514648
37081,North Carolina,Psychiatry,Mental Health Disorders,1976,1,602,1801.8,1976.0,3104.5,4291.159571,0.636495,MODERATE GAP,3.47,37081|Psychiatry,Guilford County,0.5060728744939271,2.988059701492537,False,1,0.07674028188492343
37119,North Carolina,Cardiology,Heart Disease,20398,1,260,823.6,20398.0,10823.136364,15071.056217,1.884666,HIGH GAP,10.26,37119|Cardiology,Mecklenburg County,0.04902441415825081,3.1555555555555554,False,1,0.14438006905639922
37067,North Carolina,Rheumatology,Arthritis,33462,2,1562,6304.8,16731.0,10453.0,13315.598761,1.600593,HIGH GAP,8.72,37067|Rheumatology,Forsyth County,0.05976929053852131,4.0337811900191936,False,1,0.13151331348680484
37081,North Carolina,Endocrinology,Diabetes,46485,1,131,334.7,46485.0,18070.0,22988.768287,2.572496,CRITICAL GAP,14.01,37081|Endocrinology,Guilford County,0.021512315800795954,2.5356060606060606,False,1,0.1025048936831573
37081,North Carolina,Cardiology,Heart Disease,10692,1,524,1966.6,10692.0,10823.136364,15071.056217,0.987884,MODERATE GAP,5.38,37081|Cardiology,Guilford County,0.09352787130564907,3.745904761904762,False,1,0.14721124569562194
37183,North Carolina,Endocrinology,Diabetes,23438,1,698,2509.0,23438.0,18070.0,22988.768287,1.297067,HIGH GAP,7.06,37183|Endocrinology,Wake County,0.0426657564638621,3.5894134477825466,False,1,0.12848554901025822
26049,Michigan,Rheumatology,Arthritis,1830,0,0,0.0,0.0,10453.0,13315.598761,0.0,NO PROVIDER,100.0,26049|Rheumatology,Genesee County,0.0,0.0,False,1,0.08653208169514648
48029,Texas,Cardiology,Heart Disease,40920,2,560,1451.8,20460.0,10823.136364,15071.056217,1.890395,HIGH GAP,10.29,48029|Cardiology,Bexar County,0.04887585532746823,2.587878787878788,False,1,0.1438991925959488
26163,Michigan,Rheumatology,Arthritis,6484,1,350,649.0,6484.0,10453.0,13315.598761,0.6203,MODERATE GAP,3.38,26163|Rheumatology,Wayne County,0.15422578655151142,1.849002849002849,False,1,0.11297876954599506
37051,North Carolina,Endocrinology,Diabetes,7306,1,462,1773.2,7306.0,18070.0,22988.768287,0.404317,LOW GAP,2.2,37051|Endocrinology,Cumberland County,0.13687380235422938,3.829805615550756,False,1,0.13380260253074044
37183,North Carolina,Endocrinology,Diabetes,2226,0,0,0.0,0.0,18070.0,22988.768287,0.0,NO PROVIDER,100.0,37183|Endocrinology,Wake County,0.0,0.0,False,1,0.08653208169514648
48439,Texas,Cardiology,Heart Disease,2412,0,0,0.0,0.0,10823.136364,15071.056217,0.0,NO PROVIDER,100.0,48439|Cardiology,Tarrant County,0.0,0.0,False,1,0.08653208169514648
37051,North Carolina,Psychiatry,Mental Health Disorders,5605,1,156,500.1,5605.0,3104.5,4291.159571,1.805444,HIGH GAP,9.83,37051|Psychiatry,Cumberland County,0.1784121320249777,3.185350318471338,False,1,0.1398970803669039
26077,Michigan,Rheumatology,Arthritis,6143,2,395,1331.2,3071.5,10453.0,13315.598761,0.293839,LOW GAP,1.6,26077|Rheumatology,Kalamazoo County,0.3255738238645613,3.361616161616162,False,1,0.11573730400484528
37081,North Carolina,Cardiology,Heart Disease,15132,1,135,467.8,15132.0,10823.136364,15071.056217,1.398116,HIGH GAP,7.61,37081|Cardiology,Guilford County,0.06608511763150939,3.4397058823529414,False,1,0.1485387874890129
37067,North Carolina,Rheumatology,Arthritis,2605,0,0,0.0,0.0,10453.0,13315.598761,0.0,NO PROVIDER,100.0,37067|Rheumatology,Forsyth County,0.0,0.0,False,1,0.08653208169514648
37081,North Carolina,Endocrinology,Diabetes,151648,1,747,2204.0,151648.0,18070.0,22988.768287,8.392252,CRITICAL GAP,45.69,37081|Endocrinology,Guilford County,0.0065942181894914536,2.946524064171123,False,1,0.01882806589357433
37067,North Carolina,Endocrinology,Diabetes,68622,4,3445,8131.0,17155.5,18070.0,22988.768287,0.949391,MODERATE GAP,5.17,37067|Endocrinology,Forsyth County,0.05829034420448253,2.3595473012188046,False,1,0.1447354222339341
37051,North Carolina,Psychiatry,Mental Health Disorders,28573,1,177,364.7,28573.0,3104.5,4291.159571,9.203737,CRITICAL GAP,50.11,37051|Psychiatry,Cumberland County,0.03499807510586918,2.048876404494382,False,1,0.11073153901597133
37067,North Carolina,Cardiology,Heart Disease,18057,2,1785,3543.8,9028.5,10823.136364,15071.056217,0.834185,MODERATE GAP,4.54,37067|Cardiology,Forsyth County,0.1107603699396356,1.9842105263157896,False,1,0.1284437779559892
48439,Texas,Cardiology,Heart Disease,5411,0,0,0.0,0.0,10823.136364,15071.056217,0.0,NO PROVIDER,100.0,48439|Cardiology,Tarrant County,0.0,0.0,False,1,0.08653208169514648
37067,North Carolina,Cardiology,Heart Disease,459,0,0,0.0,0.0,10823.136364,15071.056217,0.0,NO PROVIDER,100.0,37067|Cardiology,Forsyth County,0.0,0.0,False,1,0.08653208169514648
37119,North Carolina,Cardiology,Heart Disease,43288,3,1889,8356.5,14429.3333,10823.136364,15071.056217,1.333193,HIGH GAP,7.26,37119|Cardiology,Mecklenburg County,0.06930327111439659,4.421428571428572,False,1,0.1039913688137869
37067,North Carolina,Cardiology,Heart Disease,4370,1,92,346.1,4370.0,10823.136364,15071.056217,0.403765,LOW GAP,2.2,37067|Cardiology,Forsyth County,0.2288329519450801,3.721505376344086,False,1,0.12172444890665196
37067,North Carolina,Rheumatology,Arthritis,17677,1,900,1957.6,17677.0,10453.0,13315.598761,1.691093,HIGH GAP,9.21,37067|Rheumatology,Forsyth County,0.05657068507099621,2.172697003329634,False,1,0.14086710009620207
48439,Texas,Pulmonary,Respiratory Disease,2360,0,0,0.0,0.0,4251.578947,5741.879972,0.0,NO PROVIDER,100.0,48439|Pulmonary,Tarrant County,0.0,0.0,False,1,0.08653208169514648
48113,Texas,Endocrinology,Diabetes,34554,1,93,235.0,34554.0,18070.0,22988.768287,1.91223,HIGH GAP,10.41,48113|Endocrinology,Dallas County,0.028940209527116977,2.5,False,1,0.12221285151077071
37081,North Carolina,Rheumatology,Arthritis,5169,0,0,0.0,0.0,10453.0,13315.598761,0.0,NO PROVIDER,100.0,37081|Rheumatology,Guilford County,0.0,0.0,False,1,0.08653208169514648
26077,Michigan,Pulmonary,Respiratory Disease,413,0,0,0.0,0.0,4251.578947,5741.879972,0.0,NO PROVIDER,100.0,26077|Pulmonary,Kalamazoo County,0.0,0.0,False,1,0.08653208169514648
26077,Michigan,Psychiatry,Mental Health Disorders,6598,2,265,447.8,3299.0,3104.5,4291.159571,1.062651,HIGH GAP,5.79,26077|Psychiatry,Kalamazoo County,0.3031221582297666,1.6834586466165413,False,1,0.07056335378745748
37183,North Carolina,Cardiology,Heart Disease,16465,1,558,2340.5,16465.0,10823.136364,15071.056217,1.521278,HIGH GAP,8.28,37183|Cardiology,Wake County,0.06073489219556635,4.1869409660107335,False,1,0.12141225652141269
48029,Texas,Pulmonary,Respiratory Disease,3050,1,673,1074.4,3050.0,4251.578947,5741.879972,0.717381,MODERATE GAP,3.91,48029|Pulmonary,Bexar County,0.32786885245901637,1.59406528189911,False,1,0.049696502655504626
26163,Michigan,Pulmonary,Respiratory Disease,4764,2,563,1290.6,2382.0,4251.578947,5741.879972,0.560262,MODERATE GAP,3.05,26163|Pulmonary,Wayne County,0.41981528127623846,2.2882978723404253,False,1,0.08811475775314753
37081,North Carolina,Rheumatology,Arthritis,2634,1,114,318.3,2634.0,10453.0,13315.598761,0.251985,LOW GAP,1.37,37081|Rheumatology,Guilford County,0.37965072133637057,2.767826086956522,False,1,0.1144436504200308
26125,Michigan,Pulmonary,Respiratory Disease,11175,2,509,1943.6,5587.5,4251.578947,5741.879972,1.314218,HIGH GAP,7.16,26125|Pulmonary,Oakland County,0.1789709172259508,3.8109803921568624,False,1,0.13038403380466224
37183,North Carolina,Psychiatry,Mental Health Disorders,2196,0,0,0.0,0.0,3104.5,4291.159571,0.0,NO PROVIDER,100.0,37183|Psychiatry,Wake County,0.0,0.0,False,1,0.08653208169514648
48201,Texas,Pulmonary,Respiratory Disease,6525,0,0,0.0,0.0,4251.578947,5741.879972,0.0,NO PROVIDER,100.0,48201|Pulmonary,Harris County,0.0,0.0,False,1,0.08653208169514648
37067,North Carolina,Psychiatry,Mental Health Disorders,1954,1,394,1225.1,1954.0,3104.5,4291.159571,0.629409,MODERATE GAP,3.43,37067|Psychiatry,Forsyth County,0.5117707267144319,3.101518987341772,False,1,0.07470308340129694
26099,Michigan,Pulmonary,Respiratory Disease,3315,1,535,2233.5,3315.0,4251.578947,5741.879972,0.77971,MODERATE GAP,4.25,26099|Pulmonary,Macomb County,0.301659125188537,4.166977611940299,False,1,0.09499794823443403
48113,Texas,Cardiology,Heart Disease,28231,1,174,691.5,28231.0,10823.136364,15071.056217,2.608394,CRITICAL GAP,14.2,48113|Cardiology,Dallas County,0.03542205377067762,3.9514285714285715,False,1,0.11530979362217852
26099,Michigan,Rheumatology,Arthritis,18087,2,1211,2834.8,9043.5,10453.0,13315.598761,0.865158,MODERATE GAP,4.71,26099|Rheumatology,Macomb County,0.1105766572676508,2.338943894389439,False,1,0.1473335061279482
37119,North Carolina,Cardiology,Heart Disease,3197,0,0,0.0,0.0,10823.136364,15071.056217,0.0,NO PROVIDER,100.0,37119|Cardiology,Mecklenburg County,0.0,0.0,False,1,0.08653208169514648
37051,North Carolina,Psychiatry,Mental Health Disorders,5733,1,751,2367.5,5733.0,3104.5,4291.159571,1.846674,HIGH GAP,10.05,37051|Psychiatry,Cumberland County,0.17442874585731727,3.148271276595745,False,1,0.14063396659081467
37051,North Carolina,Endocrinology,Diabetes,5863,1,562,2014.0,5863.0,18070.0,22988.768287,0.32446,LOW GAP,1.77,37051|Endocrinology,Cumberland County,0.17056114617090226,3.577264653641208,False,1,0.1367684411236031
48085,Texas,Pulmonary,Respiratory Disease,6238,1,775,2492.3,6238.0,4251.578947,5741.879972,1.46722,HIGH GAP,7.99,48085|Pulmonary,Collin County,0.1603077909586406,3.2117268041237117,False,1,0.13816663965072873
48439,Texas,Endocrinology,Diabetes,10384,1,322,831.5,10384.0,18070.0,22988.768287,0.574654,MODERATE GAP,3.13,48439|Endocrinology,Tarrant County,0.0963020030816641,2.5743034055727554,False,1,0.14819415352470194
48439,Texas,Endocrinology,Diabetes,30821,3,2073,8207.9,10273.6667,18070.0,22988.768287,0.568548,MODERATE GAP,3.1,48439|Endocrinology,Tarrant County,0.09733623179001331,3.9575216972034712,False,1,0.14040869017059754
37183,North Carolina,Psychiatry,Mental Health Disorders,1193,1,758,2797.6,1193.0,3104.5,4291.159571,0.384281,LOW GAP,2.09,37183|Psychiatry,Wake County,0.8382229673093042,3.6859025032938075,False,1,0.024456649619202575
48085,Texas,Endocrinology,Diabetes,1686,1,429,1841.3,1686.0,18070.0,22988.768287,0.093304,LOW GAP,0.51,48085|Endocrinology,Collin County,0.5931198102016608,4.282093023255814,False,1,0.030950663506259524
26099,Michigan,Psychiatry,Mental Health Disorders,3041,1,419,1145.9,3041.0,3104.5,4291.159571,0.979546,MODERATE GAP,5.33,26099|Psychiatry,Macomb County,0.3288391976323578,2.7283333333333335,False,1,0.1241288207469925
48113,Texas,Cardiology,Heart Disease,8539,1,734,2676.3,8539.0,10823.136364,15071.056217,0.788958,MODERATE GAP,4.3,48113|Cardiology,Dallas County,0.11710973181871415,3.6412244897959187,False,1,0.1468676748352688
37081,North Carolina,Cardiology,Heart Disease,20221,2,1039,2218.5,10110.5,10823.136364,15071.056217,0.934156,MODERATE GAP,5.09,37081|Cardiology,Guilford County,0.09890707680134513,2.133173076923077,False,1,0.13523243123872553
37081,North Carolina,Psychiatry,Mental Health Disorders,14399,3,1454,4250.9,4799.6667,3104.5,4291.159571,1.546035,HIGH GAP,8.42,37081|Psychiatry,Guilford County,0.20834780193068964,2.9215807560137455,False,1,0.1455583708736768
26099,Michigan,Rheumatology,Arthritis,32633,4,1121,4063.2,8158.25,10453.0,13315.598761,0.78047,MODERATE GAP,4.25,26099|Rheumatology,Macomb County,0.12257530720436369,3.6213903743315505,False,1,0.14692426497451044
26049,Michigan,Psychiatry,Mental Health Disorders,218,1,196,592.0,218.0,3104.5,4291.159571,0.070221,LOW GAP,0.38,26049|Psychiatry,Genesee County,4.587155963302752,3.00507614213198,True,-1,-0.1490431140379218
37081,North Carolina,Cardiology,Heart Disease,9508,1,605,1133.3,9508.0,10823.136364,15071.056217,0.878488,MODERATE GAP,4.78,37081|Cardiology,Guilford County,0.1051745898190997,1.8701320132013202,False,1,0.12409707531465158
26125,Michigan,Pulmonary,Respiratory Disease,2961,1,132,303.4,2961.0,4251.578947,5741.879972,0.696447,MODERATE GAP,3.79,26125|Pulmonary,Oakland County,0.33772374197906113,2.281203007518797,False,1,0.11155474986305741
48085,Texas,Cardiology,Heart Disease,1714,0,0,0.0,0.0,10823.136364,15071.056217,0.0,NO PROVIDER,100.0,48085|Cardiology,Collin County,0.0,0.0,False,1,0.08653208169514648
26125,Michigan,Rheumatology,Arthritis,4385,0,0,0.0,0.0,10453.0,13315.598761,0.0,NO PROVIDER,100.0,26125|Rheumatology,Oakland County,0.0,0.0,False,1,0.08653208169514648
26077,Michigan,Pulmonary,Respiratory Disease,8424,1,615,2489.2,8424.0,4251.578947,5741.879972,1.981382,HIGH GAP,10.79,26077|Pulmonary,Kalamazoo County,0.11870845204178539,4.040909090909091,False,1,0.13509534463955758
48439,Texas,Endocrinology,Diabetes,4335,0,0,0.0,0.0,18070.0,22988.768287,0.0,NO PROVIDER,100.0,48439|Endocrinology,Tarrant County,0.0,0.0,False,1,0.08653208169514648
48029,Texas,Pulmonary,Respiratory Disease,3275,2,1798,3905.0,1637.5,4251.578947,5741.879972,0.385151,LOW GAP,2.1,48029|Pulmonary,Bexar County,0.6106870229007634,2.1706503613118397,False,1,0.04597075383414351
37051,North Carolina,Endocrinology,Diabetes,2176,1,429,1058.3,2176.0,18070.0,22988.768287,0.120421,LOW GAP,0.66,37051|Endocrinology,Cumberland County,0.45955882352941174,2.4611627906976743,False,1,0.0783947809434733
48201,Texas,Pulmonary,Respiratory Disease,48869,9,7764,15242.8,5429.8889,4251.578947,5741.879972,1.277146,HIGH GAP,6.95,48201|Pulmonary,Harris County,0.18416583109947,1.9630135222150675,False,1,0.12179908284284058
48029,Texas,Endocrinology,Diabetes,5377,0,0,0.0,0.0,18070.0,22988.768287,0.0,NO PROVIDER,100.0,48029|Endocrinology,Bexar County,0.0,0.0,False,1,0.08653208169514648
37051,North Carolina,Psychiatry,Mental Health Disorders,1884,0,0,0.0,0.0,3104.5,4291.159571,0.0,NO PROVIDER,100.0,37051|Psychiatry,Cumberland County,0.0,0.0,False,1,0.08653208169514648
26125,Michigan,Pulmonary,Respiratory Disease,57373,4,3341,6753.8,14343.25,4251.578947,5741.879972,3.373629,CRITICAL GAP,18.37,26125|Pulmonary,Oakland County,0.06971920589824483,2.020885697187313,False,1,0.13235486924985385
37067,North Carolina,Rheumatology,Arthritis,2903,1,724,2169.5,2903.0,10453.0,13315.598761,0.277719,LOW GAP,1.51,37067|Rheumatology,Forsyth County,0.3444712366517396,2.9924137931034482,False,1,0.1215853932730035
37067,North Carolina,Rheumatology,Arthritis,2034,2,887,3007.6,1017.0,10453.0,13315.598761,0.097293,LOW GAP,0.53,37067|Rheumatology,Forsyth County,0.9832841691248771,3.386936936936937,False,1,0.006455125673227813
26099,Michigan,Rheumatology,Arthritis,956,0,0,0.0,0.0,10453.0,13315.598761,0.0,NO PROVIDER,100.0,26099|Rheumatology,Macomb County,0.0,0.0,False,1,0.08653208169514648
37081,North Carolina,Cardiology,Heart Disease,1171,0,0,0.0,0.0,10823.136364,15071.056217,0.0,NO PROVIDER,100.0,37081|Cardiology,Guilford County,0.0,0.0,False,1,0.08653208169514648
37119,North Carolina,Cardiology,Heart Disease,17531,2,1131,2039.8,8765.5,10823.136364,15071.056217,0.809885,MODERATE GAP,4.41,37119|Cardiology,Mecklenburg County,0.11408362329587587,1.8019434628975264,False,1,0.11675709481102631
37119,North Carolina,Cardiology,Heart Disease,36344,1,562,1068.6,36344.0,10823.136364,15071.056217,3.357992,CRITICAL GAP,18.28,37119|Cardiology,Mecklenburg County,0.0275148580233326,1.898046181172291,False,1,0.0912908936800651
26077,Michigan,Rheumatology,Arthritis,3379,1,661,1161.8,3379.0,10453.0,13315.598761,0.323256,LOW GAP,1.76,26077|Rheumatology,Kalamazoo County,0.29594554601953244,1.7549848942598187,False,1,0.08211548822027559
26125,Michigan,Pulmonary,Respiratory Disease,4450,2,328,1053.4,2225.0,4251.578947,5741.879972,0.523335,MODERATE GAP,2.85,26125|Pulmonary,Oakland County,0.44943820224719105,3.201823708206687,False,1,0.08270416874136444
26049,Michigan,Psychiatry,Mental Health Disorders,1871,1,535,1514.6,1871.0,3104.5,4291.159571,0.602674,MODERATE GAP,3.28,26049|Psychiatry,Genesee County,0.5344735435595938,2.825746268656716,False,1,0.07150991380699778
26049,Michigan,Rheumatology,Arthritis,52724,1,864,2810.7,52724.0,10453.0,13315.598761,5.043911,CRITICAL GAP,27.46,26049|Rheumatology,Genesee County,0.018966694484485243,3.249364161849711,False,1,0.09560678272314027
37081,North Carolina,Cardiology,Heart Disease,8352,1,642,2617.4,8352.0,10823.136364,15071.056217,0.77168,MODERATE GAP,4.2,37081|Cardiology,Guilford County,0.11973180076628352,4.070606531881804,False,1,0.13348140408332804
37081,North Carolina,Cardiology,Heart Disease,1555,1,428,1071.3,1555.0,10823.136364,15071.056217,0.143674,LOW GAP,0.78,37081|Cardiology,Guilford County,0.6430868167202572,2.4972027972027973,False,1,0.05180614527965954
48439,Texas,Pulmonary,Respiratory Disease,1762,1,221,947.8,1762.0,4251.578947,5741.879972,0.414434,LOW GAP,2.26,48439|Pulmonary,Tarrant County,0.5675368898978433,4.269369369369369,False,1,0.0362434505911744
48201,Texas,Pulmonary,Respiratory Disease,29596,4,875,2957.9,7399.0,4251.578947,5741.879972,1.740295,HIGH GAP,9.48,48201|Pulmonary,Harris County,0.13515339910798757,3.376598173515982,False,1,0.13837930282628425
48085,Texas,Cardiology,Heart Disease,63723,1,765,1745.0,63723.0,10823.136364,15071.056217,5.887665,CRITICAL GAP,32.06,48085|Cardiology,Collin County,0.01569292092337147,2.2780678851174936,False,1,0.07749022521829585
48113,Texas,Pulmonary,Respiratory Disease,3866,0,0,0.0,0.0,4251.578947,5741.879972,0.0,NO PROVIDER,100.0,48113|Pulmonary,Dallas County,0.0,0.0,False,1,0.08653208169514648
37067,North Carolina,Cardiology,Heart Disease,16245,2,1490,5568.0,8122.5,10823.136364,15071.056217,0.750476,MODERATE GAP,4.09,37067|Cardiology,Forsyth County,0.12311480455524777,3.734406438631791,False,1,0.14713371017611004
26163,Michigan,Psychiatry,Mental Health Disorders,2026,3,467,1165.4,675.3333,3104.5,4291.159571,0.217534,LOW GAP,1.18,26163|Psychiatry,Wayne County,1.4807502467917077,2.49017094017094,True,-1,-0.03348633710047533
48201,Texas,Endocrinology,Diabetes,12909,0,0,0.0,0.0,18070.0,22988.768287,0.0,NO PROVIDER,100.0,48201|Endocrinology,Harris County,0.0,0.0,False,1,0.08653208169514648
48113,Texas,Endocrinology,Diabetes,173831,1,402,1145.5,173831.0,18070.0,22988.768287,9.619867,CRITICAL GAP,52.38,48113|Endocrinology,Dallas County,0.00575271384275532,2.8424317617866004,False,1,0.010471488988609834
48439,Texas,Cardiology,Heart Disease,21133,5,2395,10127.6,4226.6,10823.136364,15071.056217,0.390515,LOW GAP,2.13,48439|Cardiology,Tarrant County,0.2365967917475039,4.226878130217028,False,1,0.1001752271094748
37051,North Carolina,Psychiatry,Mental Health Disorders,11312,1,334,654.1,11312.0,3104.5,4291.159571,3.643743,CRITICAL GAP,19.84,37051|Psychiatry,Cumberland County,0.0884016973125884,1.9525373134328359,False,1,0.123482485249307
26077,Michigan,Pulmonary,Respiratory Disease,328,0,0,0.0,0.0,4251.578947,5741.879972,0.0,NO PROVIDER,100.0,26077|Pulmonary,Kalamazoo County,0.0,0.0,False,1,0.08653208169514648
37119,North Carolina,Rheumatology,Arthritis,8237,0,0,0.0,0.0,10453.0,13315.598761,0.0,NO PROVIDER,100.0,37119|Rheumatology,Mecklenburg County,0.0,0.0,False,1,0.08653208169514648
26099,Michigan,Pulmonary,Respiratory Disease,1302,1,131,511.0,1302.0,4251.578947,5741.879972,0.306239,LOW GAP,1.67,26099|Pulmonary,Macomb County,0.7680491551459293,3.871212121212121,False,1,0.029576746163863077
37067,North Carolina,Rheumatology,Arthritis,17272,1,898,3815.5,17272.0,10453.0,13315.598761,1.652349,HIGH GAP,9.0,37067|Rheumatology,Forsyth County,0.05789717461787865,4.2441601779755285,False,1,0.12200240818857438
26077,Michigan,Psychiatry,Mental Health Disorders,2448,1,419,858.2,2448.0,3104.5,4291.159571,0.788533,MODERATE GAP,4.29,26077|Psychiatry,Kalamazoo County,0.4084967320261438,2.0433333333333334,False,1,0.07751557338956083
26099,Michigan,Rheumatology,Arthritis,238481,3,313,666.7,79493.6667,10453.0,13315.598761,7.604866,CRITICAL GAP,41.41,26099|Rheumatology,Macomb County,0.012579618502102893,2.1232484076433122,False,1,0.055203703562069495
37051,North Carolina,Rheumatology,Arthritis,48838,3,2233,5189.6,16279.3333,10453.0,13315.598761,1.557384,HIGH GAP,8.48,37051|Rheumatology,Cumberland County,0.0614275768868504,2.3230080572963296,False,1,0.14773464174768985
48439,Texas,Pulmonary,Respiratory Disease,3169,0,0,0.0,0.0,4251.578947,5741.879972,0.0,NO PROVIDER,100.0,48439|Pulmonary,Tarrant County,0.0,0.0,False,1,0.08653208169514648
37067,North Carolina,Psychiatry,Mental Health Disorders,7252,3,2464,4401.8,2417.3333,3104.5,4291.159571,0.778655,MODERATE GAP,4.24,37067|Psychiatry,Forsyth County,0.4136789851075565,1.7857200811359026,False,1,0.057231380736188275
37119,North Carolina,Rheumatology,Arthritis,13676,2,608,2304.1,6838.0,10453.0,13315.598761,0.654166,MODERATE GAP,3.56,37119|Rheumatology,Mecklenburg County,0.14624159110851126,3.783415435139573,False,1,0.12912734160184808
48113,Texas,Endocrinology,Diabetes,10827,1,448,1020.7,10827.0,18070.0,22988.768287,0.59917,MODERATE GAP,3.26,48113|Endocrinology,Dallas County,0.09236168837166343,2.2732739420935415,False,1,0.1431881369892224
37081,North Carolina,Rheumatology,Arthritis,50812,4,2849,6717.3,12703.0,10453.0,13315.598761,1.215249,HIGH GAP,6.62,37081|Rheumatology,Guilford County,0.07872156183578682,2.3569473684210527,False,1,0.14013008577715913
26125,Michigan,Pulmonary,Respiratory Disease,3506,1,639,2097.8,3506.0,4251.578947,5741.879972,0.824635,MODERATE GAP,4.49,26125|Pulmonary,Oakland County,0.2852253280091272,3.2778125000000005,False,1,0.12256412454849802
48085,Texas,Cardiology,Heart Disease,1944,0,0,0.0,0.0,10823.136364,15071.056217,0.0,NO PROVIDER,100.0,48085|Cardiology,Collin County,0.0,0.0,False,1,0.08653208169514648
48113,Texas,Endocrinology,Diabetes,35686,1,860,1475.3,35686.0,18070.0,22988.768287,1.974875,HIGH GAP,10.75,48113|Endocrinology,Dallas County,0.028022193577313233,1.713472706155633,False,1,0.07049103580981997
37081,North Carolina,Endocrinology,Diabetes,1532,0,0,0.0,0.0,18070.0,22988.768287,0.0,NO PROVIDER,100.0,37081|Endocrinology,Guilford County,0.0,0.0,False,1,0.08653208169514648
26163,Michigan,Psychiatry,Mental Health Disorders,1440,1,403,1389.0,1440.0,3104.5,4291.159571,0.463843,LOW GAP,2.53,26163|Psychiatry,Wayne County,0.6944444444444444,3.4381188118811883,False,1,0.05307087959132606
26099,Michigan,Psychiatry,Mental Health Disorders,5914,1,609,2102.8,5914.0,3104.5,4291.159571,1.904977,HIGH GAP,10.37,26099|Psychiatry,Macomb County,0.16909029421711194,3.4472131147540988,False,1,0.13868488716990407
37081,North Carolina,Endocrinology,Diabetes,59501,2,808,1220.8,29750.5,18070.0,22988.768287,1.646403,HIGH GAP,8.96,37081|Endocrinology,Guilford County,0.03361288045579066,1.5090234857849196,False,1,0.03884091799621514
37081,North Carolina,Cardiology,Heart Disease,8049,3,787,2426.0,2683.0,10823.136364,15071.056217,0.247895,LOW GAP,1.35,37081|Cardiology,Guilford County,0.37271710771524413,3.0786802030456855,False,1,0.10911542506963118
48029,Texas,Endocrinology,Diabetes,2822,0,0,0.0,0.0,18070.0,22988.768287,0.0,NO PROVIDER,100.0,48029|Endocrinology,Bexar County,0.0,0.0,False,1,0.08653208169514648
48029,Texas,Endocrinology,Diabetes,176535,3,1871,7916.2,58845.0,18070.0,22988.768287,3.256502,CRITICAL GAP,17.73,48029|Endocrinology,Bexar County,0.01699379726399864,4.2287393162393165,False,1,0.05823134963290255
37119,North Carolina,Endocrinology,Diabetes,3470,0,0,0.0,0.0,18070.0,22988.768287,0.0,NO PROVIDER,100.0,37119|Endocrinology,Mecklenburg County,0.0,0.0,False,1,0.08653208169514648
48029,Texas,Pulmonary,Respiratory Disease,4665,0,0,0.0,0.0,4251.578947,5741.879972,0.0,NO PROVIDER,100.0,48029|Pulmonary,Bexar County,0.0,0.0,False,1,0.08653208169514648
26099,Michigan,Rheumatology,Arthritis,75044,2,773,1381.9,37522.0,10453.0,13315.598761,3.589592,CRITICAL GAP,19.54,26099|Rheumatology,Macomb County,0.026651031394914985,1.7854005167958658,False,1,0.07909300233729233
48439,Texas,Endocrinology,Diabetes,535433,3,2376,4934.7,178477.6667,18070.0,22988.768287,9.877015,CRITICAL GAP,53.78,48439|Endocrinology,Tarrant County,0.00560294191803643,2.076020193521245,True,-1,-0.010856205583877898
26049,Michigan,Rheumatology,Arthritis,2502,0,0,0.0,0.0,10453.0,13315.598761,0.0,NO PROVIDER,100.0,26049|Rheumatology,Genesee County,0.0,0.0,False,1,0.08653208169514648
37119,North Carolina,Rheumatology,Arthritis,8357,0,0,0.0,0.0,10453.0,13315.598761,0.0,NO PROVIDER,100.0,37119|Rheumatology,Mecklenburg County,0.0,0.0,False,1,0.08653208169514648
37183,North Carolina,Endocrinology,Diabetes,2314,0,0,0.0,0.0,18070.0,22988.768287,0.0,NO PROVIDER,100.0,37183|Endocrinology,Wake County,0.0,0.0,False,1,0.08653208169514648
37183,North Carolina,Cardiology,Heart Disease,3265,1,689,2082.9,3265.0,10823.136364,15071.056217,0.301669,LOW GAP,1.64,37183|Cardiology,Wake County,0.30627871362940273,3.0186956521739132,False,1,0.12588779851142512
26099,Michigan,Psychiatry,Mental Health Disorders,5360,0,0,0.0,0.0,3104.5,4291.159571,0.0,NO PROVIDER,100.0,26099|Psychiatry,Macomb County,0.0,0.0,False,1,0.08653208169514648
37183,North Carolina,Psychiatry,Mental Health Disorders,3958,0,0,0.0,0.0,3104.5,4291.159571,0.0,NO PROVIDER,100.0,37183|Psychiatry,Wake County,0.0,0.0,False,1,0.08653208169514648
48439,Texas,Cardiology,Heart Disease,5052,1,541,1947.2,5052.0,10823.136364,15071.056217,0.466778,LOW GAP,2.54,48439|Cardiology,Tarrant County,0.19794140934283452,3.592619926199262,False,1,0.12772096161610025
37119,North Carolina,Rheumatology,Arthritis,22189,3,2079,5123.1,7396.3333,10453.0,13315.598761,0.70758,MODERATE GAP,3.85,37119|Rheumatology,Mecklenburg County,0.1352021271801343,2.4630288461538465,False,1,0.13907242251805463
48029,Texas,Pulmonary,Respiratory Disease,3313,1,591,1610.5,3313.0,4251.578947,5741.879972,0.77924,MODERATE GAP,4.24,48029|Pulmonary,Bexar County,0.30184123151222453,2.720439189189189,False,1,0.12822567761975295
48029,Texas,Endocrinology,Diabetes,6990,0,0,0.0,0.0,18070.0,22988.768287,0.0,NO PROVIDER,100.0,48029|Endocrinology,Bexar County,0.0,0.0,False,1,0.08653208169514648
37119,North Carolina,Rheumatology,Arthritis,29593,2,1546,5720.3,14796.5,10453.0,13315.598761,1.415527,HIGH GAP,7.71,37119|Rheumatology,Mecklenburg County,0.0675835501638901,3.6976729153199743,False,1,0.15057638576514382
37183,North Carolina,Rheumatology,Arthritis,38826,2,1419,2605.7,19413.0,10453.0,13315.598761,1.85717,HIGH GAP,10.11,37183|Rheumatology,Wake County,0.051511873486838715,1.835,False,1,0.1212747221858832
26049,Michigan,Rheumatology,Arthritis,30741,3,1381,2487.7,10247.0,10453.0,13315.598761,0.980293,MODERATE GAP,5.34,26049|Rheumatology,Genesee County,0.09758953840148336,1.8000723589001446,False,1,0.11667669676713366
37051,North Carolina,Psychiatry,Mental Health Disorders,1999,0,0,0.0,0.0,3104.5,4291.159571,0.0,NO PROVIDER,100.0,37051|Psychiatry,Cumberland County,0.0,0.0,False,1,0.08653208169514648
37183,North Carolina,Rheumatology,Arthritis,23311,3,769,2403.5,7770.3333,10453.0,13315.598761,0.743359,MODERATE GAP,4.05,37183|Rheumatology,Wake County,0.12869460769593755,3.1214285714285714,False,1,0.14750965406956013
26049,Michigan,Psychiatry,Mental Health Disorders,14869,3,1554,3683.2,4956.3333,3104.5,4291.159571,1.5965,HIGH GAP,8.69,26049|Psychiatry,Genesee County,0.20176205528280317,2.3686173633440513,False,1,0.14071797889574
37119,North Carolina,Cardiology,Heart Disease,884,1,214,560.7,884.0,10823.136364,15071.056217,0.081677,LOW GAP,0.44,37119|Cardiology,Mecklenburg County,1.1312217194570138,2.6079069767441863,True,-1,-0.006153491223250485
48029,Texas,Pulmonary,Respiratory Disease,4001,0,0,0.0,0.0,4251.578947,5741.879972,0.0,NO PROVIDER,100.0,48029|Pulmonary,Bexar County,0.0,0.0,False,1,0.08653208169514648
37067,North Carolina,Psychiatry,Mental Health Disorders,1485,0,0,0.0,0.0,3104.5,4291.159571,0.0,NO PROVIDER,100.0,37067|Psychiatry,Forsyth County,0.0,0.0,False,1,0.08653208169514648
26099,Michigan,Psychiatry,Mental Health Disorders,6914,0,0,0.0,0.0,3104.5,4291.159571,0.0,NO PROVIDER,100.0,26099|Psychiatry,Macomb County,0.0,0.0,False,1,0.08653208169514648
48113,Texas,Cardiology,Heart Disease,6505,0,0,0.0,0.0,10823.136364,15071.056217,0.0,NO PROVIDER,100.0,48113|Cardiology,Dallas County,0.0,0.0,False,1,0.08653208169514648
48439,Texas,Endocrinology,Diabetes,45329,3,403,854.7,15109.6667,18070.0,22988.768287,0.836174,MODERATE GAP,4.55,48439|Endocrinology,Tarrant County,0.06618279688499636,2.115594059405941,False,1,0.14060752072375649
48085,Texas,Pulmonary,Respiratory Disease,8340,1,479,1953.6,8340.0,4251.578947,5741.879972,1.961624,HIGH GAP,10.68,48085|Pulmonary,Collin County,0.11990407673860912,4.069999999999999,False,1,0.13368393888219998
26163,Michigan,Rheumatology,Arthritis,8740,0,0,0.0,0.0,10453.0,13315.598761,0.0,NO PROVIDER,100.0,26163|Rheumatology,Wayne County,0.0,0.0,False,1,0.08653208169514648
37051,North Carolina,Psychiatry,Mental Health Disorders,1969,1,577,2483.6,1969.0,3104.5,4291.159571,0.634241,MODERATE GAP,3.45,37051|Psychiatry,Cumberland County,0.5078720162519045,4.296885813148789,False,1,0.038148473944324635
26163,Michigan,Psychiatry,Mental Health Disorders,9155,2,207,312.8,4577.5,3104.5,4291.159571,1.474473,HIGH GAP,8.03,26163|Psychiatry,Wayne County,0.2184598580010923,1.5038461538461538,False,1,0.05018781821131546
26099,Michigan,Pulmonary,Respiratory Disease,12030,5,2830,12501.2,2406.0,4251.578947,5741.879972,0.565907,MODERATE GAP,3.08,26099|Pulmonary,Macomb County,0.41562759767248547,4.415824796891558,False,1,0.04999000141342225
48113,Texas,Pulmonary,Respiratory Disease,5283,0,0,0.0,0.0,4251.578947,5741.879972,0.0,NO PROVIDER,100.0,48113|Pulmonary,Dallas County,0.0,0.0,False,1,0.08653208169514648
37067,North Carolina,Rheumatology,Arthritis,3224,0,0,0.0,0.0,10453.0,13315.598761,0.0,NO PROVIDER,100.0,37067|Rheumatology,Forsyth County,0.0,0.0,False,1,0.08653208169514648
48029,Texas,Pulmonary,Respiratory Disease,3697,1,331,622.8,3697.0,4251.578947,5741.879972,0.869559,MODERATE GAP,4.73,48029|Pulmonary,Bexar County,0.2704895861509332,1.8759036144578312,False,1,0.10031700458787468
48113,Texas,Pulmonary,Respiratory Disease,5134,1,740,1886.0,5134.0,4251.578947,5741.879972,1.207551,HIGH GAP,6.57,48113|Pulmonary,Dallas County,0.19477989871445267,2.545209176788124,False,1,0.13851249322988873
37081,North Carolina,Endocrinology,Diabetes,28703,1,686,1759.2,28703.0,18070.0,22988.768287,1.588434,HIGH GAP,8.65,37081|Endocrinology,Guilford County,0.03483956380866112,2.560698689956332,False,1,0.12673505599314866
37051,North Carolina,Rheumatology,Arthritis,8910,2,992,3318.2,4455.0,10453.0,13315.598761,0.426193,LOW GAP,2.32,37051|Rheumatology,Cumberland County,0.2244668911335578,3.3415911379657603,False,1,0.12525706596387304
48029,Texas,Endocrinology,Diabetes,2787,1,689,1279.3,2787.0,18070.0,22988.768287,0.154234,LOW GAP,0.84,48029|Endocrinology,Bexar County,0.3588087549336204,1.8540579710144927,False,1,0.08013567940811794
37067,North Carolina,Endocrinology,Diabetes,171872,1,821,3394.0,171872.0,18070.0,22988.768287,9.511455,CRITICAL GAP,51.79,37067|Endocrinology,Forsyth County,0.005818283373673431,4.128953771289538,True,-1,-0.014886837185964397
26099,Michigan,Pulmonary,Respiratory Disease,1509,0,0,0.0,0.0,4251.578947,5741.879972,0.0,NO PROVIDER,100.0,26099|Pulmonary,Macomb County,0.0,0.0,False,1,0.08653208169514648
37051,North Carolina,Endocrinology,Diabetes,3924,1,322,1414.5,3924.0,18070.0,22988.768287,0.217156,LOW GAP,1.18,37051|Endocrinology,Cumberland County,0.25484199796126406,4.379256965944273,False,1,0.08407146876290317
48085,Texas,Pulmonary,Respiratory Disease,1376,1,839,1924.4,1376.0,4251.578947,5741.879972,0.323644,LOW GAP,1.76,48085|Pulmonary,Collin County,0.7267441860465116,2.290952380952381,False,1,0.035597846184304616
48439,Texas,Cardiology,Heart Disease,40666,2,956,2926.1,20333.0,10823.136364,15071.056217,1.878661,HIGH GAP,10.23,48439|Cardiology,Tarrant County,0.049181134116952734,3.0575757575757576,False,1,0.14750536243161966
26099,Michigan,Pulmonary,Respiratory Disease,8858,2,521,1024.4,4429.0,4251.578947,5741.879972,1.041731,HIGH GAP,5.67,26099|Pulmonary,Macomb County,0.22578460149017837,1.9624521072796937,False,1,0.11315584078859753
37183,North Carolina,Endocrinology,Diabetes,28919,1,721,1220.9,28919.0,18070.0,22988.768287,1.600387,HIGH GAP,8.71,37183|Endocrinology,Wake County,0.034579342300909435,1.6909972299168976,False,1,0.07910454512362808
26077,Michigan,Psychiatry,Mental Health Disorders,754,2,507,841.4,377.0,3104.5,4291.159571,0.121437,LOW GAP,0.66,26077|Psychiatry,Kalamazoo County,2.6525198938992043,1.656299212598425,True,-1,-0.1231067978495679
37051,North Carolina,Endocrinology,Diabetes,28802,3,2367,9819.6,9600.6667,18070.0,22988.768287,0.531304,MODERATE GAP,2.89,37051|Endocrinology,Cumberland County,0.10415943337268245,4.1467905405405405,False,1,0.12850795568573142
26049,Michigan,Rheumatology,Arthritis,2098,0,0,0.0,0.0,10453.0,13315.598761,0.0,NO PROVIDER,100.0,26049|Rheumatology,Genesee County,0.0,0.0,False,1,0.08653208169514648
48085,Texas,Endocrinology,Diabetes,3423,2,1581,5379.7,1711.5,18070.0,22988.768287,0.094715,LOW GAP,0.52,48085|Endocrinology,Collin County,0.5842827928717499,3.400568900126422,False,1,0.06516633795065896
37067,North Carolina,Cardiology,Heart Disease,13464,1,267,809.9,13464.0,10823.136364,15071.056217,1.244002,HIGH GAP,6.77,37067|Cardiology,Forsyth County,0.07427213309566251,3.022014925373134,False,1,0.1521324830904447
37067,North Carolina,Rheumatology,Arthritis,13359,2,918,1985.3,6679.5,10453.0,13315.598761,0.639003,MODERATE GAP,3.48,37067|Rheumatology,Forsyth County,0.14971180477580656,2.160282916213275,False,1,0.12799618933125834
48439,Texas,Cardiology,Heart Disease,66709,2,573,1383.3,33354.5,10823.136364,15071.056217,3.081778,CRITICAL GAP,16.78,48439|Cardiology,Tarrant County,0.02998096208907344,2.40993031358885,False,1,0.12341800680290238
26163,Michigan,Pulmonary,Respiratory Disease,2073,1,786,1753.3,2073.0,4251.578947,5741.879972,0.487584,LOW GAP,2.65,26163|Pulmonary,Wayne County,0.482392667631452,2.2278271918678527,False,1,0.06837247391772316
26049,Michigan,Psychiatry,Mental Health Disorders,2435,0,0,0.0,0.0,3104.5,4291.159571,0.0,NO PROVIDER,100.0,26049|Psychiatry,Genesee County,0.0,0.0,False,1,0.08653208169514648
48113,Texas,Endocrinology,Diabetes,24318,2,522,1166.4,12159.0,18070.0,22988.768287,0.672883,MODERATE GAP,3.66,48113|Endocrinology,Dallas County,0.08224360555966774,2.230210325047801,False,1,0.14146203565785198
26049,Michigan,Rheumatology,Arthritis,16416,1,280,457.6,16416.0,10453.0,13315.598761,1.570458,HIGH GAP,8.55,26049|Rheumatology,Genesee County,0.060916179337231965,1.6284697508896797,False,1,0.08904210027121173
26125,Michigan,Psychiatry,Mental Health Disorders,3709,0,0,0.0,0.0,3104.5,4291.159571,0.0,NO PROVIDER,100.0,26125|Psychiatry,Oakland County,0.0,0.0,False,1,0.08653208169514648
48029,Texas,Endocrinology,Diabetes,9780,2,668,1491.4,4890.0,18070.0,22988.768287,0.270614,LOW GAP,1.47,48029|Endocrinology,Bexar County,0.20449897750511248,2.2292974588938717,False,1,0.13894941125742716
37051,North Carolina,Cardiology,Heart Disease,31576,2,993,2436.0,15788.0,10823.136364,15071.056217,1.458727,HIGH GAP,7.94,37051|Cardiology,Cumberland County,0.06333924499619965,2.4507042253521125,False,1,0.14812871369685393
48029,Texas,Cardiology,Heart Disease,6904,1,456,1254.3,6904.0,10823.136364,15071.056217,0.637893,MODERATE GAP,3.47,48029|Cardiology,Bexar County,0.14484356894553882,2.7446389496717725,False,1,0.13939695768458338
48113,Texas,Cardiology,Heart Disease,1118,0,0,0.0,0.0,10823.136364,15071.056217,0.0,NO PROVIDER,100.0,48113|Cardiology,Dallas County,0.0,0.0,False,1,0.08653208169514648
26163,Michigan,Psychiatry,Mental Health Disorders,5981,0,0,0.0,0.0,3104.5,4291.159571,0.0,NO PROVIDER,100.0,26163|Psychiatry,Wayne County,0.0,0.0,False,1,0.08653208169514648
48439,Texas,Pulmonary,Respiratory Disease,3220,1,408,734.8,3220.0,4251.578947,5741.879972,0.757366,MODERATE GAP,4.12,48439|Pulmonary,Tarrant County,0.31055900621118016,1.7965770171149142,False,1,0.08509916514441257
48113,Texas,Cardiology,Heart Disease,76337,4,3314,7259.8,19084.25,10823.136364,15071.056217,1.763283,HIGH GAP,9.6,48113|Cardiology,Dallas County,0.05239922973132295,2.1899849170437404,False,1,0.143985707316514
37067,North Carolina,Psychiatry,Mental Health Disorders,1618,0,0,0.0,0.0,3104.5,4291.159571,0.0,NO PROVIDER,100.0,37067|Psychiatry,Forsyth County,0.0,0.0,False,1,0.08653208169514648
48113,Texas,Endocrinology,Diabetes,123609,3,2488,6131.9,41203.0,18070.0,22988.768287,2.280188,CRITICAL GAP,12.42,48113|Endocrinology,Dallas County,0.024270077421546972,2.4635998392928884,False,1,0.1070489174602346
26125,Michigan,Rheumatology,Arthritis,901,1,479,1369.5,901.0,10453.0,13315.598761,0.086195,LOW GAP,0.47,26125|Rheumatology,Oakland County,1.1098779134295227,2.853125,True,-1,-0.007590847070965023
37067,North Carolina,Endocrinology,Diabetes,11908,1,423,1201.9,11908.0,18070.0,22988.768287,0.658993,MODERATE GAP,3.59,37067|Endocrinology,Forsyth County,0.08397715821296607,2.834669811320755,False,1,0.1511489739648174
48029,Texas,Cardiology,Heart Disease,1903,0,0,0.0,0.0,10823.136364,15071.056217,0.0,NO PROVIDER,100.0,48029|Cardiology,Bexar County,0.0,0.0,False,1,0.08653208169514648
26125,Michigan,Pulmonary,Respiratory Disease,1436,0,0,0.0,0.0,4251.578947,5741.879972,0.0,NO PROVIDER,100.0,26125|Pulmonary,Oakland County,0.0,0.0,False,1,0.08653208169514648
37183,North Carolina,Rheumatology,Arthritis,7589,0,0,0.0,0.0,10453.0,13315.598761,0.0,NO PROVIDER,100.0,37183|Rheumatology,Wake County,0.0,0.0,False,1,0.08653208169514648
26049,Michigan,Psychiatry,Mental Health Disorders,672,1,198,851.1,672.0,3104.5,4291.159571,0.21646,LOW GAP,1.18,26049|Psychiatry,Genesee County,1.488095238095238,4.276884422110553,True,-1,-0.047992933950412264
37183,North Carolina,Endocrinology,Diabetes,21096,2,352,1492.5,10548.0,18070.0,22988.768287,0.58373,MODERATE GAP,3.18,37183|Endocrinology,Wake County,0.09480470231323473,4.2280453257790365,False,1,0.12641095807821068
48201,Texas,Cardiology,Heart Disease,158265,9,5421,9504.8,17585.0,10823.136364,15071.056217,1.62476,HIGH GAP,8.85,48201|Cardiology,Harris County,0.05686664771111743,1.753006270748801,False,1,0.11265873034004659
48029,Texas,Pulmonary,Respiratory Disease,2140,0,0,0.0,0.0,4251.578947,5741.879972,0.0,NO PROVIDER,100.0,48029|Pulmonary,Bexar County,0.0,0.0,False,1,0.08653208169514648
37051,North Carolina,Endocrinology,Diabetes,12200,1,299,1165.3,12200.0,18070.0,22988.768287,0.675152,MODERATE GAP,3.68,37051|Endocrinology,Cumberland County,0.08196721311475409,3.884333333333333,False,1,0.1391291077195747
37081,North Carolina,Rheumatology,Arthritis,4194,0,0,0.0,0.0,10453.0,13315.598761,0.0,NO PROVIDER,100.0,37081|Rheumatology,Guilford County,0.0,0.0,False,1,0.08653208169514648
26049,Michigan,Pulmonary,Respiratory Disease,81759,2,360,1287.2,40879.5,4251.578947,5741.879972,9.615134,CRITICAL GAP,52.35,26049|Pulmonary,Genesee County,0.02446213872478871,3.565650969529086,False,1,0.1047617419291953
37183,North Carolina,Psychiatry,Mental Health Disorders,9203,0,0,0.0,0.0,3104.5,4291.159571,0.0,NO PROVIDER,100.0,37183|Psychiatry,Wake County,0.0,0.0,False,1,0.08653208169514648
37119,North Carolina,Rheumatology,Arthritis,21617,2,1783,3972.3,10808.5,10453.0,13315.598761,1.034009,HIGH GAP,5.63,37119|Rheumatology,Mecklenburg County,0.09251977610214183,2.2266255605381167,False,1,0.14000839975733004
37081,North Carolina,Rheumatology,Arthritis,4247,0,0,0.0,0.0,10453.0,13315.598761,0.0,NO PROVIDER,100.0,37081|Rheumatology,Guilford County,0.0,0.0,False,1,0.08653208169514648
26077,Michigan,Psychiatry,Mental Health Disorders,790,3,2119,6678.0,263.3333,3104.5,4291.159571,0.084823,LOW GAP,0.46,26077|Psychiatry,Kalamazoo County,3.7974683544303796,3.15,True,-1,-0.14251724376689057
26049,Michigan,Rheumatology,Arthritis,2015,0,0,0.0,0.0,10453.0,13315.598761,0.0,NO PROVIDER,100.0,26049|Rheumatology,Genesee County,0.0,0.0,False,1,0.08653208169514648
37183,North Carolina,Endocrinology,Diabetes,3905,0,0,0.0,0.0,18070.0,22988.768287,0.0,NO PROVIDER,100.0,37183|Endocrinology,Wake County,0.0,0.0,False,1,0.08653208169514648
26163,Michigan,Rheumatology,Arthritis,11810,2,372,1375.1,5905.0,10453.0,13315.598761,0.56491,MODERATE GAP,3.08,26163|Rheumatology,Wayne County,0.1693480101608806,3.6865951742627345,False,1,0.1395466571961957
26125,Michigan,Rheumatology,Arthritis,1054,1,569,1751.2,1054.0,10453.0,13315.598761,0.100832,LOW GAP,0.55,26125|Rheumatology,Oakland County,0.9487666034155597,3.072280701754386,False,1,0.013018257819685353
48113,Texas,Cardiology,Heart Disease,13715,1,255,476.4,13715.0,10823.136364,15071.056217,1.267193,HIGH GAP,6.9,48113|Cardiology,Dallas County,0.07291286912139992,1.8609375,False,1,0.12374244574376558
37051,North Carolina,Psychiatry,Mental Health Disorders,49117,4,2256,3954.8,12279.25,3104.5,4291.159571,3.955307,CRITICAL GAP,21.54,37051|Psychiatry,Cumberland County,0.08143819858704725,1.7522374833850245,False,1,0.10605149034763317
26125,Michigan,Rheumatology,Arthritis,4617,1,751,1628.2,4617.0,10453.0,13315.598761,0.441691,LOW GAP,2.4,26125|Rheumatology,Oakland County,0.21659085986571366,2.165159574468085,False,1,0.12915680109459732
48113,Texas,Pulmonary,Respiratory Disease,1459,1,71,153.4,1459.0,4251.578947,5741.879972,0.343167,LOW GAP,1.87,48113|Pulmonary,Dallas County,0.6854009595613434,2.1305555555555555,False,1,0.03670076046858228
48439,Texas,Cardiology,Heart Disease,8570,1,340,1018.8,8570.0,10823.136364,15071.056217,0.791822,MODERATE GAP,4.31,48439|Cardiology,Tarrant County,0.11668611435239207,2.9876832844574777,False,1,0.15056266355047465
26049,Michigan,Psychiatry,Mental Health Disorders,4978,1,426,1037.4,4978.0,3104.5,4291.159571,1.603479,HIGH GAP,8.73,26049|Psychiatry,Genesee County,0.2008838891120932,2.429508196721312,False,1,0.1425670480923154
26125,Michigan,Rheumatology,Arthritis,17646,1,280,1073.0,17646.0,10453.0,13315.598761,1.688128,HIGH GAP,9.19,26125|Rheumatology,Oakland County,0.05667006687067891,3.8185053380782916,False,1,0.14037313438159393
48085,Texas,Endocrinology,Diabetes,12497,1,509,1042.6,12497.0,18070.0,22988.768287,0.691588,MODERATE GAP,3.77,48085|Endocrinology,Collin County,0.08001920460910618,2.0443137254901957,False,1,0.1268251332051485
48439,Texas,Cardiology,Heart Disease,2850,0,0,0.0,0.0,10823.136364,15071.056217,0.0,NO PROVIDER,100.0,48439|Cardiology,Tarrant County,0.0,0.0,False,1,0.08653208169514648
48439,Texas,Endocrinology,Diabetes,111983,1,719,1791.9,111983.0,18070.0,22988.768287,6.197178,CRITICAL GAP,33.74,48439|Endocrinology,Tarrant County,0.008929926863898985,2.48875,False,1,0.047431164344875265
48439,Texas,Cardiology,Heart Disease,3976,0,0,0.0,0.0,10823.136364,15071.056217,0.0,NO PROVIDER,100.0,48439|Cardiology,Tarrant County,0.0,0.0,False,1,0.08653208169514648
48113,Texas,Endocrinology,Diabetes,5374,0,0,0.0,0.0,18070.0,22988.768287,0.0,NO PROVIDER,100.0,48113|Endocrinology,Dallas County,0.0,0.0,False,1,0.08653208169514648
48085,Texas,Endocrinology,Diabetes,11113,1,846,3749.1,11113.0,18070.0,22988.768287,0.614997,MODERATE GAP,3.35,48085|Endocrinology,Collin County,0.08998470260055791,4.426328217237308,False,1,0.09757126565633528
37183,North Carolina,Cardiology,Heart Disease,6112,1,855,2089.8,6112.0,10823.136364,15071.056217,0.564716,MODERATE GAP,3.07,37183|Cardiology,Wake County,0.1636125654450262,2.441355140186916,False,1,0.14231228821392589
48201,Texas,Endocrinology,Diabetes,196354,5,1233,5082.0,39270.8,18070.0,22988.768287,2.17326,CRITICAL GAP,11.83,48201|Endocrinology,Harris County,0.025464212595618117,4.118314424635332,False,1,0.08890395650095573
48113,Texas,Cardiology,Heart Disease,11328,1,365,1456.1,11328.0,10823.136364,15071.056217,1.046647,HIGH GAP,5.7,48113|Cardiology,Dallas County,0.0882768361581921,3.9784153005464478,False,1,0.13580068925011685
48201,Texas,Endocrinology,Diabetes,44528,1,301,1050.7,44528.0,18070.0,22988.768287,2.464195,CRITICAL GAP,13.42,48201|Endocrinology,Harris County,0.022457779374775423,3.479139072847682,False,1,0.10251263145803385
48085,Texas,Pulmonary,Respiratory Disease,2269,0,0,0.0,0.0,4251.578947,5741.879972,0.0,NO PROVIDER,100.0,48085|Pulmonary,Collin County,0.0,0.0,False,1,0.08653208169514648
37119,North Carolina,Rheumatology,Arthritis,25917,2,1410,3456.4,12958.5,10453.0,13315.598761,1.239692,HIGH GAP,6.75,37119|Rheumatology,Mecklenburg County,0.07716942547362735,2.4496102055279945,False,1,0.142737958613955
37183,North Carolina,Rheumatology,Arthritis,31870,2,1793,3266.2,15935.0,10453.0,13315.598761,1.524443,HIGH GAP,8.3,37183|Rheumatology,Wake County,0.0627549419516787,1.8206243032329987,False,1,0.12431574790249966
37081,North Carolina,Cardiology,Heart Disease,115075,1,93,397.1,115075.0,10823.136364,15071.056217,10.632315,CRITICAL GAP,57.89,37081|Cardiology,Guilford County,0.008689984792526613,4.224468085106383,False,1,0.02235644747798471
37119,North Carolina,Psychiatry,Mental Health Disorders,8712,0,0,0.0,0.0,3104.5,4291.159571,0.0,NO PROVIDER,100.0,37119|Psychiatry,Mecklenburg County,0.0,0.0,False,1,0.08653208169514648
26099,Michigan,Rheumatology,Arthritis,2875,1,329,1162.6,2875.0,10453.0,13315.598761,0.275041,LOW GAP,1.5,26099|Rheumatology,Macomb County,0.3478260869565218,3.523030303030303,False,1,0.1106976374324895
37119,North Carolina,Endocrinology,Diabetes,62414,2,128,562.2,31207.0,18070.0,22988.768287,1.727006,HIGH GAP,9.4,37119|Endocrinology,Mecklenburg County,0.032044092671516006,4.358139534883721,False,1,0.08380865836184626
48439,Texas,Pulmonary,Respiratory Disease,5301,1,838,1905.3,5301.0,4251.578947,5741.879972,1.246831,HIGH GAP,6.79,48439|Pulmonary,Tarrant County,0.18864365214110546,2.270917759237187,False,1,0.13871334391616147
37119,North Carolina,Psychiatry,Mental Health Disorders,6760,0,0,0.0,0.0,3104.5,4291.159571,0.0,NO PROVIDER,100.0,37119|Psychiatry,Mecklenburg County,0.0,0.0,False,1,0.08653208169514648
26125,Michigan,Psychiatry,Mental Health Disorders,11557,2,607,1036.9,5778.5,3104.5,4291.159571,1.86133,HIGH GAP,10.13,26125|Psychiatry,Oakland County,0.17305529116552737,1.7054276315789476,False,1,0.08789866363760401
37067,North Carolina,Rheumatology,Arthritis,8755,1,152,440.3,8755.0,10453.0,13315.598761,0.837559,MODERATE GAP,4.56,37067|Rheumatology,Forsyth County,0.1142204454597373,2.8777777777777778,False,1,0.15265972106873876
26125,Michigan,Rheumatology,Arthritis,8080,1,664,1754.3,8080.0,10453.0,13315.598761,0.772984,MODERATE GAP,4.21,26125|Rheumatology,Oakland County,0.12376237623762376,2.638045112781955,False,1,0.14785629661422417
37051,North Carolina,Psychiatry,Mental Health Disorders,4715,2,411,700.8,2357.5,3104.5,4291.159571,0.759382,MODERATE GAP,4.13,37051|Psychiatry,Cumberland County,0.42417815482502647,1.7009708737864078,False,1,0.043718128952919266
37081,North Carolina,Rheumatology,Arthritis,17306,1,232,841.8,17306.0,10453.0,13315.598761,1.655601,HIGH GAP,9.01,37081|Rheumatology,Guilford County,0.057783427712931934,3.6128755364806864,False,1,0.14877412923853955
37081,North Carolina,Rheumatology,Arthritis,2115,0,0,0.0,0.0,10453.0,13315.598761,0.0,NO PROVIDER,100.0,37081|Rheumatology,Guilford County,0.0,0.0,False,1,0.08653208169514648
37051,North Carolina,Endocrinology,Diabetes,13587,1,207,914.9,13587.0,18070.0,22988.768287,0.751909,MODERATE GAP,4.09,37051|Endocrinology,Cumberland County,0.07359976448075366,4.398557692307692,False,1,0.1065065429193025
37081,North Carolina,Psychiatry,Mental Health Disorders,4311,1,309,944.3,4311.0,3104.5,4291.159571,1.388629,HIGH GAP,7.56,37081|Psychiatry,Guilford County,0.2319647413593134,3.0461290322580643,False,1,0.13166953060088765
26077,Michigan,Psychiatry,Mental Health Disorders,37314,2,713,1687.1,18657.0,3104.5,4291.159571,6.009663,CRITICAL GAP,32.72,26077|Psychiatry,Kalamazoo County,0.053599185292383555,2.3628851540616247,False,1,0.14713081295038488
26077,Michigan,Rheumatology,Arthritis,5440,1,514,1905.1,5440.0,10453.0,13315.598761,0.520425,MODERATE GAP,2.83,26077|Rheumatology,Kalamazoo County,0.1838235294117647,3.6992233009708735,False,1,0.13250250303000577
26077,Michigan,Pulmonary,Respiratory Disease,20136,5,3704,8063.0,4027.2,4251.578947,5741.879972,0.947225,MODERATE GAP,5.16,26077|Pulmonary,Kalamazoo County,0.24831148192292413,2.176248313090418,False,1,0.12434609976450062
37183,North Carolina,Rheumatology,Arthritis,7771,0,0,0.0,0.0,10453.0,13315.598761,0.0,NO PROVIDER,100.0,37183|Rheumatology,Wake County,0.0,0.0,False,1,0.08653208169514648
26163,Michigan,Rheumatology,Arthritis,8172,0,0,0.0,0.0,10453.0,13315.598761,0.0,NO PROVIDER,100.0,26163|Rheumatology,Wayne County,0.0,0.0,False,1,0.08653208169514648
26077,Michigan,Rheumatology,Arthritis,51545,1,610,1878.7,51545.0,10453.0,13315.598761,4.93112,CRITICAL GAP,26.85,26077|Rheumatology,Kalamazoo County,0.01940052381414298,3.074795417348609,False,1,0.10520617321518422
26125,Michigan,Rheumatology,Arthritis,9136,1,369,915.5,9136.0,10453.0,13315.598761,0.874007,MODERATE GAP,4.76,26125|Rheumatology,Oakland County,0.10945709281961472,2.4743243243243245,False,1,0.14824282231956493
26163,Michigan,Psychiatry,Mental Health Disorders,2095,1,480,2137.4,2095.0,3104.5,4291.159571,0.674827,MODERATE GAP,3.67,26163|Psychiatry,Wayne County,0.47732696897374705,4.443659043659044,False,1,0.026270394961574906
48439,Texas,Endocrinology,Diabetes,23025,2,449,1870.1,11512.5,18070.0,22988.768287,0.637106,MODERATE GAP,3.47,48439|Endocrinology,Tarrant County,0.08686210640608036,4.155777777777778,False,1,0.12520156120187653
48201,Texas,Endocrinology,Diabetes,401712,4,2270,7361.5,100428.0,18070.0,22988.768287,5.55772,CRITICAL GAP,30.26,48201|Endocrinology,Harris County,0.009957382403313817,3.241523557904007,False,1,0.06782225353423599
26163,Michigan,Rheumatology,Arthritis,13911,0,0,0.0,0.0,10453.0,13315.598761,0.0,NO PROVIDER,100.0,26163|Rheumatology,Wayne County,0.0,0.0,False,1,0.08653208169514648
26163,Michigan,Psychiatry,Mental Health Disorders,2978,1,837,2765.8,2978.0,3104.5,4291.159571,0.959253,MODERATE GAP,5.22,26163|Psychiatry,Wayne County,0.335795836131632,3.300477326968974,False,1,0.11285890737850035
48439,Texas,Cardiology,Heart Disease,15996,1,818,2995.6,15996.0,10823.136364,15071.056217,1.477945,HIGH GAP,8.05,48439|Cardiology,Tarrant County,0.06251562890722681,3.6576312576312575,False,1,0.14842107867493226
48113,Texas,Pulmonary,Respiratory Disease,90253,3,291,740.5,30084.3333,4251.578947,5741.879972,7.076038,CRITICAL GAP,38.53,48113|Pulmonary,Dallas County,0.03323989230274894,2.535958904109589,False,1,0.12460859476027897
26077,Michigan,Pulmonary,Respiratory Disease,468,0,0,0.0,0.0,4251.578947,5741.879972,0.0,NO PROVIDER,100.0,26077|Pulmonary,Kalamazoo County,0.0,0.0,False,1,0.08653208169514648
26077,Michigan,Rheumatology,Arthritis,552,0,0,0.0,0.0,10453.0,13315.598761,0.0,NO PROVIDER,100.0,26077|Rheumatology,Kalamazoo County,0.0,0.0,False,1,0.08653208169514648
37183,North Carolina,Psychiatry,Mental Health Disorders,6466,0,0,0.0,0.0,3104.5,4291.159571,0.0,NO PROVIDER,100.0,37183|Psychiatry,Wake County,0.0,0.0,False,1,0.08653208169514648
37081,North Carolina,Psychiatry,Mental Health Disorders,8678,1,544,1198.3,8678.0,3104.5,4291.159571,2.795297,CRITICAL GAP,15.22,37081|Psychiatry,Guilford County,0.11523392486748098,2.1987155963302754,False,1,0.1415851699167145
37081,North Carolina,Psychiatry,Mental Health Disorders,533,1,275,715.0,533.0,3104.5,4291.159571,0.171686,LOW GAP,0.93,37081|Psychiatry,Guilford County,1.876172607879925,2.5905797101449277,True,-1,-0.05932392085604976
48085,Texas,Pulmonary,Respiratory Disease,2014,0,0,0.0,0.0,4251.578947,5741.879972,0.0,NO PROVIDER,100.0,48085|Pulmonary,Collin County,0.0,0.0,False,1,0.08653208169514648
48201,Texas,Endocrinology,Diabetes,334567,5,720,2419.5,66913.4,18070.0,22988.768287,3.703011,CRITICAL GAP,20.16,48201|Endocrinology,Harris County,0.014944689703407689,3.355755894590846,False,1,0.08094531935175531
48201,Texas,Cardiology,Heart Disease,10242,6,625,2489.3,1707.0,10823.136364,15071.056217,0.157718,LOW GAP,0.86,48201|Cardiology,Harris County,0.5858230814294083,3.976517571884984,False,1,0.044207779215065135
37119,North Carolina,Endocrinology,Diabetes,2595,0,0,0.0,0.0,18070.0,22988.768287,0.0,NO PROVIDER,100.0,37119|Endocrinology,Mecklenburg County,0.0,0.0,False,1,0.08653208169514648
37081,North Carolina,Endocrinology,Diabetes,1846,0,0,0.0,0.0,18070.0,22988.768287,0.0,NO PROVIDER,100.0,37081|Endocrinology,Guilford County,0.0,0.0,False,1,0.08653208169514648
37067,North Carolina,Psychiatry,Mental Health Disorders,1763,0,0,0.0,0.0,3104.5,4291.159571,0.0,NO PROVIDER,100.0,37067|Psychiatry,Forsyth County,0.0,0.0,False,1,0.08653208169514648
26163,Michigan,Rheumatology,Arthritis,6527,0,0,0.0,0.0,10453.0,13315.598761,0.0,NO PROVIDER,100.0,26163|Rheumatology,Wayne County,0.0,0.0,False,1,0.08653208169514648
26125,Michigan,Psychiatry,Mental Health Disorders,2612,0,0,0.0,0.0,3104.5,4291.159571,0.0,NO PROVIDER,100.0,26125|Psychiatry,Oakland County,0.0,0.0,False,1,0.08653208169514648
37119,North Carolina,Psychiatry,Mental Health Disorders,5809,0,0,0.0,0.0,3104.5,4291.159571,0.0,NO PROVIDER,100.0,37119|Psychiatry,Mecklenburg County,0.0,0.0,False,1,0.08653208169514648
37081,North Carolina,Cardiology,Heart Disease,14939,2,394,968.8,7469.5,10823.136364,15071.056217,0.690142,MODERATE GAP,3.76,37081|Cardiology,Guilford County,0.13387776959635853,2.4526582278481013,False,1,0.13797749450339464
26099,Michigan,Pulmonary,Respiratory Disease,3637,1,579,1929.7,3637.0,4251.578947,5741.879972,0.855447,MODERATE GAP,4.66,26099|Pulmonary,Macomb County,0.27495188342040144,3.3270689655172414,False,1,0.12716541783906432
26125,Michigan,Pulmonary,Respiratory Disease,525,1,82,188.0,525.0,4251.578947,5741.879972,0.123484,LOW GAP,0.67,26125|Pulmonary,Oakland County,1.9047619047619047,2.2650602409638556,True,-1,-0.07011734762022248
37081,North Carolina,Cardiology,Heart Disease,131915,3,1607,4447.3,43971.6667,10823.136364,15071.056217,4.062747,CRITICAL GAP,22.12,37081|Cardiology,Guilford County,0.022741917143615207,2.7657338308457713,False,1,0.11563271025802663
26163,Michigan,Rheumatology,Arthritis,16565,0,0,0.0,0.0,10453.0,13315.598761,0.0,NO PROVIDER,100.0,26163|Rheumatology,Wayne County,0.0,0.0,False,1,0.08653208169514648
37067,North Carolina,Psychiatry,Mental Health Disorders,395,1,364,845.4,395.0,3104.5,4291.159571,0.127235,LOW GAP,0.69,37067|Psychiatry,Forsyth County,2.5316455696202533,2.316164383561644,True,-1,-0.1070766130548162
26077,Michigan,Rheumatology,Arthritis,227835,2,478,999.2,113917.5,10453.0,13315.598761,10.898068,CRITICAL GAP,59.34,26077|Rheumatology,Kalamazoo County,0.008778282529023197,2.0860125260960336,False,1,0.033074580565164546
26049,Michigan,Pulmonary,Respiratory Disease,904,0,0,0.0,0.0,4251.578947,5741.879972,0.0,NO PROVIDER,100.0,26049|Pulmonary,Genesee County,0.0,0.0,False,1,0.08653208169514648
37119,North Carolina,Psychiatry,Mental Health Disorders,4104,0,0,0.0,0.0,3104.5,4291.159571,0.0,NO PROVIDER,100.0,37119|Psychiatry,Mecklenburg County,0.0,0.0,False,1,0.08653208169514648
37081,North Carolina,Psychiatry,Mental Health Disorders,4169,1,659,1694.5,4169.0,3104.5,4291.159571,1.342889,HIGH GAP,7.31,37081|Psychiatry,Guilford County,0.23986567522187574,2.5674242424242424,False,1,0.130545618583378
37051,North Carolina,Psychiatry,Mental Health Disorders,2457,3,329,511.5,819.0,3104.5,4291.159571,0.263811,LOW GAP,1.44,37051|Psychiatry,Cumberland County,1.221001221001221,1.55,True,-1,-0.06518996632579444
26077,Michigan,Pulmonary,Respiratory Disease,5525,1,467,1083.7,5525.0,4251.578947,5741.879972,1.299517,HIGH GAP,7.08,26077|Pulmonary,Kalamazoo County,0.18099547511312217,2.315598290598291,False,1,0.13894072255919682
48439,Texas,Cardiology,Heart Disease,48806,1,589,2618.4,48806.0,10823.136364,15071.056217,4.509414,CRITICAL GAP,24.55,48439|Cardiology,Tarrant County,0.02048928410441339,4.437966101694915,False,1,0.038210680626097226
37119,North Carolina,Psychiatry,Mental Health Disorders,2624,1,326,511.8,2624.0,3104.5,4291.159571,0.845225,MODERATE GAP,4.6,37119|Psychiatry,Mecklenburg County,0.38109756097560976,1.5651376146788991,False,1,0.03276418201324438
48439,Texas,Pulmonary,Respiratory Disease,9530,3,1367,3525.5,3176.6667,4251.578947,5741.879972,0.747173,MODERATE GAP,4.07,48439|Pulmonary,Tarrant County,0.3147953830010493,2.5771198830409356,False,1,0.12458005669174277
48113,Texas,Pulmonary,Respiratory Disease,2841,0,0,0.0,0.0,4251.578947,5741.879972,0.0,NO PROVIDER,100.0,48113|Pulmonary,Dallas County,0.0,0.0,False,1,0.08653208169514648
37119,North Carolina,Cardiology,Heart Disease,2572,0,0,0.0,0.0,10823.136364,15071.056217,0.0,NO PROVIDER,100.0,37119|Cardiology,Mecklenburg County,0.0,0.0,False,1,0.08653208169514648
48085,Texas,Cardiology,Heart Disease,16798,1,874,3892.6,16798.0,10823.136364,15071.056217,1.552045,HIGH GAP,8.45,48085|Cardiology,Collin County,0.059530896535301824,4.448685714285714,False,1,0.08709145397138918
48029,Texas,Endocrinology,Diabetes,14877,1,900,2744.4,14877.0,18070.0,22988.768287,0.823298,MODERATE GAP,4.48,48029|Endocrinology,Bexar County,0.0672178530617732,3.0459489456159825,False,1,0.15620454738725376
37119,North Carolina,Cardiology,Heart Disease,1672,0,0,0.0,0.0,10823.136364,15071.056217,0.0,NO PROVIDER,100.0,37119|Cardiology,Mecklenburg County,0.0,0.0,False,1,0.08653208169514648
48439,Texas,Pulmonary,Respiratory Disease,4810,2,932,1794.0,2405.0,4251.578947,5741.879972,0.565672,MODERATE GAP,3.08,48439|Pulmonary,Tarrant County,0.4158004158004158,1.9228295819935692,False,1,0.06787284460220067
37081,North Carolina,Cardiology,Heart Disease,29977,3,2450,10124.5,9992.3333,10823.136364,15071.056217,0.923238,MODERATE GAP,5.03,37081|Cardiology,Guilford County,0.10007672548954198,4.130762953896369,False,1,0.13101637310910802
48085,Texas,Endocrinology,Diabetes,88424,1,622,1744.3,88424.0,18070.0,22988.768287,4.893414,CRITICAL GAP,26.64,48085|Endocrinology,Collin County,0.011309146837962544,2.79983948635634,False,1,0.07828496169252619
37051,North Carolina,Cardiology,Heart Disease,390,0,0,0.0,0.0,10823.136364,15071.056217,0.0,NO PROVIDER,100.0,37051|Cardiology,Cumberland County,0.0,0.0,False,1,0.08653208169514648
48085,Texas,Endocrinology,Diabetes,40301,3,1226,2084.8,13433.6667,18070.0,22988.768287,0.743424,MODERATE GAP,4.05,48085|Endocrinology,Collin County,0.07443984020247638,1.6991035044824778,False,1,0.09912097842996187
37051,North Carolina,Cardiology,Heart Disease,6356,1,101,330.2,6356.0,10823.136364,15071.056217,0.58726,MODERATE GAP,3.2,37051|Cardiology,Cumberland County,0.15733165512901195,3.2372549019607844,False,1,0.13945381563237563
37183,North Carolina,Cardiology,Heart Disease,2398,0,0,0.0,0.0,10823.136364,15071.056217,0.0,NO PROVIDER,100.0,37183|Cardiology,Wake County,0.0,0.0,False,1,0.08653208169514648
26049,Michigan,Psychiatry,Mental Health Disorders,879,0,0,0.0,0.0,3104.5,4291.159571,0.0,NO PROVIDER,100.0,26049|Psychiatry,Genesee County,0.0,0.0,False,1,0.08653208169514648
48029,Texas,Pulmonary,Respiratory Disease,11115,2,1776,7912.3,5557.5,4251.578947,5741.879972,1.307161,HIGH GAP,7.12,48029|Pulmonary,Bexar County,0.1799370220422852,4.452616769836804,False,1,0.08164463622432383
26077,Michigan,Pulmonary,Respiratory Disease,3535,1,118,185.0,3535.0,4251.578947,5741.879972,0.831456,MODERATE GAP,4.53,26077|Pulmonary,Kalamazoo County,0.2828854314002829,1.5546218487394958,False,1,0.05607992280367202
37067,North Carolina,Cardiology,Heart Disease,55372,3,2426,5312.6,18457.3333,10823.136364,15071.056217,1.705359,HIGH GAP,9.29,37067|Cardiology,Forsyth County,0.05417900744058369,2.188957560774619,False,1,0.14339313167545026
26077,Michigan,Rheumatology,Arthritis,3619,1,409,993.1,3619.0,10453.0,13315.598761,0.346216,LOW GAP,1.89,26077|Rheumatology,Kalamazoo County,0.27631942525559544,2.4221951219512197,False,1,0.12598612807955079
26125,Michigan,Pulmonary,Respiratory Disease,3103,0,0,0.0,0.0,4251.578947,5741.879972,0.0,NO PROVIDER,100.0,26125|Pulmonary,Oakland County,0.0,0.0,False,1,0.08653208169514648
26099,Michigan,Pulmonary,Respiratory Disease,39830,1,349,602.1,39830.0,4251.578947,5741.879972,9.368284,CRITICAL GAP,51.01,26099|Pulmonary,Macomb County,0.025106703489831784,1.7202857142857144,False,1,0.06847711521336841
37119,North Carolina,Endocrinology,Diabetes,1901,0,0,0.0,0.0,18070.0,22988.768287,0.0,NO PROVIDER,100.0,37119|Endocrinology,Mecklenburg County,0.0,0.0,False,1,0.08653208169514648
48113,Texas,Pulmonary,Respiratory Disease,12095,3,2028,7166.8,4031.6667,4251.578947,5741.879972,0.948275,MODERATE GAP,5.16,48113|Pulmonary,Dallas County,0.2480363786688714,3.5321833415475603,False,1,0.12443518041101592
37067,North Carolina,Endocrinology,Diabetes,379518,2,556,1064.7,189759.0,18070.0,22988.768287,10.501328,CRITICAL GAP,57.18,37067|Endocrinology,Forsyth County,0.005269842273620751,1.9114901256732497,True,-1,-0.02065889477677607
48113,Texas,Cardiology,Heart Disease,8603,2,286,1140.6,4301.5,10823.136364,15071.056217,0.397436,LOW GAP,2.16,48113|Cardiology,Dallas County,0.2324770428920144,3.974216027874564,False,1,0.10651853849319998
26163,Michigan,Rheumatology,Arthritis,20461,1,487,1101.8,20461.0,10453.0,13315.598761,1.957428,HIGH GAP,10.66,26163|Rheumatology,Wayne County,0.04887346659498558,2.2577868852459018,False,1,0.14221922530853154
37119,North Carolina,Endocrinology,Diabetes,5753,1,132,272.7,5753.0,18070.0,22988.768287,0.318373,LOW GAP,1.73,37119|Endocrinology,Mecklenburg County,0.17382235355466713,2.050375939849624,False,1,0.12362876929359684
37067,North Carolina,Endocrinology,Diabetes,869,0,0,0.0,0.0,18070.0,22988.768287,0.0,NO PROVIDER,100.0,37067|Endocrinology,Forsyth County,0.0,0.0,False,1,0.08653208169514648
26077,Michigan,Psychiatry,Mental Health Disorders,81887,3,2362,6186.2,27295.6667,3104.5,4291.159571,8.792291,CRITICAL GAP,47.87,26077|Psychiatry,Kalamazoo County,0.03663585184461514,2.6179432924248833,False,1,0.1268522953138546
48113,Texas,Pulmonary,Respiratory Disease,3843,1,150,332.3,3843.0,4251.578947,5741.879972,0.903899,MODERATE GAP,4.92,48113|Pulmonary,Dallas County,0.2602133749674733,2.200662251655629,False,1,0.12024476744915263
37067,North Carolina,Endocrinology,Diabetes,19575,1,638,2197.2,19575.0,18070.0,22988.768287,1.083287,HIGH GAP,5.9,37067|Endocrinology,Forsyth County,0.05108556832694764,3.4384976525821593,False,1,0.1429611551034075
48113,Texas,Pulmonary,Respiratory Disease,13936,1,817,3485.1,13936.0,4251.578947,5741.879972,3.277841,CRITICAL GAP,17.85,48113|Pulmonary,Dallas County,0.07175660160734788,4.260513447432762,False,1,0.1278723368032324
37067,North Carolina,Psychiatry,Mental Health Disorders,3497,1,289,1036.3,3497.0,3104.5,4291.159571,1.126429,HIGH GAP,6.13,37067|Psychiatry,Forsyth County,0.28595939376608526,3.5734482758620687,False,1,0.12041310311855213
26125,Michigan,Psychiatry,Mental Health Disorders,5161,1,286,720.4,5161.0,3104.5,4291.159571,1.662426,HIGH GAP,9.05,26125|Psychiatry,Oakland County,0.1937608990505716,2.510104529616725,False,1,0.13951944777251912
37119,North Carolina,Endocrinology,Diabetes,17735,1,171,623.3,17735.0,18070.0,22988.768287,0.981461,MODERATE GAP,5.34,37119|Endocrinology,Mecklenburg County,0.05638567803777841,3.6238372093023252,False,1,0.14819291630298503
37051,North Carolina,Cardiology,Heart Disease,81853,1,889,1569.4,81853.0,10823.136364,15071.056217,7.56278,CRITICAL GAP,41.18,37051|Cardiology,Cumberland County,0.012217023200127058,1.763370786516854,False,1,0.027011638161145157
37183,North Carolina,Cardiology,Heart Disease,2257,1,706,1861.4,2257.0,10823.136364,15071.056217,0.208535,LOW GAP,1.14,37183|Cardiology,Wake County,0.44306601683650865,2.632814710042433,False,1,0.08728846782806471
26125,Michigan,Rheumatology,Arthritis,5650,3,464,1700.7,1883.3333,10453.0,13315.598761,0.180172,LOW GAP,0.98,26125|Rheumatology,Oakland County,0.5309734513274337,3.65741935483871,False,1,0.06805322554434035
26163,Michigan,Pulmonary,Respiratory Disease,1453,0,0,0.0,0.0,4251.578947,5741.879972,0.0,NO PROVIDER,100.0,26163|Pulmonary,Wayne County,0.0,0.0,False,1,0.08653208169514648
26163,Michigan,Psychiatry,Mental Health Disorders,29278,1,190,449.2,29278.0,3104.5,4291.159571,9.430826,CRITICAL GAP,51.35,26163|Psychiatry,Wayne County,0.03415533847940433,2.351832460732984,False,1,0.12401851766760591
37067,North Carolina,Psychiatry,Mental Health Disorders,11749,4,2331,6485.5,2937.25,3104.5,4291.159571,0.946127,MODERATE GAP,5.15,37067|Psychiatry,Forsyth County,0.3404545067665333,2.781089193825043,False,1,0.12515181061245056
26163,Michigan,Pulmonary,Respiratory Disease,1082,0,0,0.0,0.0,4251.578947,5741.879972,0.0,NO PROVIDER,100.0,26163|Pulmonary,Wayne County,0.0,0.0,False,1,0.08653208169514648
48439,Texas,Endocrinology,Diabetes,39384,3,1328,4616.5,13128.0,18070.0,22988.768287,0.726508,MODERATE GAP,3.96,48439|Endocrinology,Tarrant County,0.07617306520414382,3.4736644093303237,False,1,0.14132773117655673
26099,Michigan,Psychiatry,Mental Health Disorders,6684,0,0,0.0,0.0,3104.5,4291.159571,0.0,NO PROVIDER,100.0,26099|Psychiatry,Macomb County,0.0,0.0,False,1,0.08653208169514648
26077,Michigan,Rheumatology,Arthritis,17021,3,1975,4592.8,5673.6667,10453.0,13315.598761,0.542779,MODERATE GAP,2.96,26077|Rheumatology,Kalamazoo County,0.17625286410904176,2.3242914979757088,False,1,0.14092540170773193
26099,Michigan,Rheumatology,Arthritis,6881,1,255,935.6,6881.0,10453.0,13315.598761,0.65828,MODERATE GAP,3.58,26099|Rheumatology,Macomb County,0.14532771399505884,3.6546875,False,1,0.13439754327605835
37051,North Carolina,Cardiology,Heart Disease,18779,1,770,2494.0,18779.0,10823.136364,15071.056217,1.735079,HIGH GAP,9.45,37051|Cardiology,Cumberland County,0.0532509718302359,3.2347600518806745,False,1,0.1484785795363146
48113,Texas,Pulmonary,Respiratory Disease,4935,0,0,0.0,0.0,4251.578947,5741.879972,0.0,NO PROVIDER,100.0,48113|Pulmonary,Dallas County,0.0,0.0,False,1,0.08653208169514648
37119,North Carolina,Cardiology,Heart Disease,5765,1,889,1453.2,5765.0,10823.136364,15071.056217,0.532655,MODERATE GAP,2.9,37119|Cardiology,Mecklenburg County,0.17346053772766695,1.632808988764045,False,1,0.08251569970902395
37183,North Carolina,Rheumatology,Arthritis,5823,0,0,0.0,0.0,10453.0,13315.598761,0.0,NO PROVIDER,100.0,37183|Rheumatology,Wake County,0.0,0.0,False,1,0.08653208169514648
26125,Michigan,Rheumatology,Arthritis,7810,0,0,0.0,0.0,10453.0,13315.598761,0.0,NO PROVIDER,100.0,26125|Rheumatology,Oakland County,0.0,0.0,False,1,0.08653208169514648
48085,Texas,Endocrinology,Diabetes,64686,2,1024,4297.5,32343.0,18070.0,22988.768287,1.789873,HIGH GAP,9.75,48085|Endocrinology,Collin County,0.030918591348978137,4.192682926829268,False,1,0.09763898327645071
48085,Texas,Pulmonary,Respiratory Disease,12590,4,1815,3435.4,3147.5,4251.578947,5741.879972,0.740313,MODERATE GAP,4.03,48085|Pulmonary,Collin County,0.3177124702144559,1.891740088105727,False,1,0.08979505579936825
37067,North Carolina,Rheumatology,Arthritis,1949,0,0,0.0,0.0,10453.0,13315.598761,0.0,NO PROVIDER,100.0,37067|Rheumatology,Forsyth County,0.0,0.0,False,1,0.08653208169514648
26049,Michigan,Pulmonary,Respiratory Disease,349,0,0,0.0,0.0,4251.578947,5741.879972,0.0,NO PROVIDER,100.0,26049|Pulmonary,Genesee County,0.0,0.0,False,1,0.08653208169514648
37119,North Carolina,Rheumatology,Arthritis,8337,0,0,0.0,0.0,10453.0,13315.598761,0.0,NO PROVIDER,100.0,37119|Rheumatology,Mecklenburg County,0.0,0.0,False,1,0.08653208169514648
26099,Michigan,Rheumatology,Arthritis,14012,2,543,2300.4,7006.0,10453.0,13315.598761,0.670238,MODERATE GAP,3.65,26099|Rheumatology,Macomb County,0.14273479874393377,4.228676470588235,False,1,0.11437585380904791
37067,North Carolina,Endocrinology,Diabetes,489,0,0,0.0,0.0,18070.0,22988.768287,0.0,NO PROVIDER,100.0,37067|Endocrinology,Forsyth County,0.0,0.0,False,1,0.08653208169514648
37067,North Carolina,Endocrinology,Diabetes,11751,1,339,1344.2,11751.0,18070.0,22988.768287,0.650304,MODERATE GAP,3.54,37067|Endocrinology,Forsyth County,0.08509914049868096,3.953529411764706,False,1,0.13511694782254413
48201,Texas,Endocrinology,Diabetes,280559,7,2594,9488.7,40079.8571,18070.0,22988.768287,2.218033,CRITICAL GAP,12.08,48201|Endocrinology,Harris County,0.024950188730356183,3.656531791907515,False,1,0.11053674551326209
37081,North Carolina,Rheumatology,Arthritis,3019,0,0,0.0,0.0,10453.0,13315.598761,0.0,NO PROVIDER,100.0,37081|Rheumatology,Guilford County,0.0,0.0,False,1,0.08653208169514648
48085,Texas,Endocrinology,Diabetes,4465,0,0,0.0,0.0,18070.0,22988.768287,0.0,NO PROVIDER,100.0,48085|Endocrinology,Collin County,0.0,0.0,False,1,0.08653208169514648
37051,North Carolina,Psychiatry,Mental Health Disorders,11037,1,788,2451.5,11037.0,3104.5,4291.159571,3.555162,CRITICAL GAP,19.36,37051|Psychiatry,Cumberland County,0.0906043308870164,3.1070975918884662,False,1,0.15177691176955577
37183,North Carolina,Rheumatology,Arthritis,10826,1,322,700.4,10826.0,10453.0,13315.598761,1.035684,HIGH GAP,5.64,37183|Rheumatology,Wake County,0.09237021984112322,2.168421052631579,False,1,0.13423093779429235
48113,Texas,Cardiology,Heart Disease,11615,2,191,625.2,5807.5,10823.136364,15071.056217,0.536582,MODERATE GAP,2.92,48113|Cardiology,Dallas County,0.17219113215669393,3.25625,False,1,0.13970095338042765
48113,Texas,Cardiology,Heart Disease,334095,3,876,1717.7,111365.0,10823.136364,15071.056217,10.289531,CRITICAL GAP,56.03,48113|Cardiology,Dallas County,0.0089794818838953,1.9586088939566706,False,1,0.02327515122768531
37067,North Carolina,Rheumatology,Arthritis,7867,1,281,1075.0,7867.0,10453.0,13315.598761,0.752607,MODERATE GAP,4.1,37067|Rheumatology,Forsyth County,0.12711325791280031,3.8120567375886525,False,1,0.14123835549553138
37183,North Carolina,Psychiatry,Mental Health Disorders,7765,0,0,0.0,0.0,3104.5,4291.159571,0.0,NO PROVIDER,100.0,37183|Psychiatry,Wake County,0.0,0.0,False,1,0.08653208169514648
48085,Texas,Cardiology,Heart Disease,71828,1,75,202.8,71828.0,10823.136364,15071.056217,6.636524,CRITICAL GAP,36.13,48085|Cardiology,Collin County,0.013922147352007573,2.668421052631579,False,1,0.08284659347985934
37067,North Carolina,Psychiatry,Mental Health Disorders,1291,1,475,1806.7,1291.0,3104.5,4291.159571,0.415848,LOW GAP,2.26,37067|Psychiatry,Forsyth County,0.774593338497289,3.795588235294118,False,1,0.0283627333290003
48085,Texas,Cardiology,Heart Disease,182309,2,1571,5841.4,91154.5,10823.136364,15071.056217,8.422189,CRITICAL GAP,45.86,48085|Cardiology,Collin County,0.010970385444492593,3.7159033078880404,False,1,0.06188440049116395
48029,Texas,Pulmonary,Respiratory Disease,1613,1,696,2030.7,1613.0,4251.578947,5741.879972,0.379388,LOW GAP,2.07,48029|Pulmonary,Bexar County,0.6199628022318661,2.9134863701578193,False,1,0.06284942109870972
37067,North Carolina,Rheumatology,Arthritis,8823,1,491,1553.2,8823.0,10453.0,13315.598761,0.844064,MODERATE GAP,4.6,37067|Rheumatology,Forsyth County,0.11334013374135782,3.1569105691056913,False,1,0.1515993686379582
37183,North Carolina,Psychiatry,Mental Health Disorders,4623,0,0,0.0,0.0,3104.5,4291.159571,0.0,NO PROVIDER,100.0,37183|Psychiatry,Wake County,0.0,0.0,False,1,0.08653208169514648
37051,North Carolina,Endocrinology,Diabetes,167705,2,658,2578.0,83852.5,18070.0,22988.768287,4.640426,CRITICAL GAP,25.27,37051|Endocrinology,Cumberland County,0.011925702871112966,3.9119878603945373,False,1,0.06594811887903362
37081,North Carolina,Endocrinology,Diabetes,8064,1,831,1994.2,8064.0,18070.0,22988.768287,0.446265,LOW GAP,2.43,37081|Endocrinology,Guilford County,0.1240079365079365,2.396875,False,1,0.14567618448320052
48113,Texas,Endocrinology,Diabetes,4667,1,560,1634.3,4667.0,18070.0,22988.768287,0.258273,LOW GAP,1.41,48113|Endocrinology,Dallas County,0.21427040925648166,2.9131907308377896,False,1,0.14504444649256465
37081,North Carolina,Rheumatology,Arthritis,11851,1,790,3275.5,11851.0,10453.0,13315.598761,1.133742,HIGH GAP,6.17,37081|Rheumatology,Guilford County,0.0843810648890389,4.140960809102402,False,1,0.12498317257471686
48201,Texas,Pulmonary,Respiratory Disease,66838,9,2537,4801.7,7426.4444,4251.578947,5741.879972,1.74675,HIGH GAP,9.51,48201|Pulmonary,Harris County,0.1346539393758042,1.8919227738376674,False,1,0.11937206531140349
48029,Texas,Cardiology,Heart Disease,38068,2,937,3091.0,19034.0,10823.136364,15071.056217,1.75864,HIGH GAP,9.58,48029|Cardiology,Bexar County,0.052537564358516343,3.295309168443497,False,1,0.15038027905163986
26049,Michigan,Psychiatry,Mental Health Disorders,15531,1,177,759.0,15531.0,3104.5,4291.159571,5.002738,CRITICAL GAP,27.24,26049|Psychiatry,Genesee County,0.06438735432361085,4.264044943820225,False,1,0.12264024448459582
26077,Michigan,Psychiatry,Mental Health Disorders,4806,1,818,1631.7,4806.0,3104.5,4291.159571,1.548075,HIGH GAP,8.43,26077|Psychiatry,Kalamazoo County,0.20807324178110695,1.9923076923076923,False,1,0.12229942382913489
26077,Michigan,Psychiatry,Mental Health Disorders,3069,1,135,511.7,3069.0,3104.5,4291.159571,0.988565,MODERATE GAP,5.38,26077|Psychiatry,Kalamazoo County,0.3258390355164549,3.7624999999999997,False,1,0.11043649981294795
48113,Texas,Cardiology,Heart Disease,21502,3,892,2716.3,7167.3333,10823.136364,15071.056217,0.662223,MODERATE GAP,3.61,48113|Cardiology,Dallas County,0.13952190493907543,3.0417693169092948,False,1,0.14083340463052202
48113,Texas,Cardiology,Heart Disease,4002,0,0,0.0,0.0,10823.136364,15071.056217,0.0,NO PROVIDER,100.0,48113|Cardiology,Dallas County,0.0,0.0,False,1,0.08653208169514648
26049,Michigan,Rheumatology,Arthritis,3809,1,234,564.1,3809.0,10453.0,13315.598761,0.364393,LOW GAP,1.98,26049|Rheumatology,Genesee County,0.26253609871357314,2.4004255319148937,False,1,0.1249821504260199
37081,North Carolina,Psychiatry,Mental Health Disorders,2486,0,0,0.0,0.0,3104.5,4291.159571,0.0,NO PROVIDER,100.0,37081|Psychiatry,Guilford County,0.0,0.0,False,1,0.08653208169514648
26125,Michigan,Rheumatology,Arthritis,19794,2,239,931.2,9897.0,10453.0,13315.598761,0.94681,MODERATE GAP,5.16,26125|Rheumatology,Oakland County,0.1010407194099222,3.8800000000000003,False,1,0.14510947742404134
37081,North Carolina,Rheumatology,Arthritis,5064,0,0,0.0,0.0,10453.0,13315.598761,0.0,NO PROVIDER,100.0,37081|Rheumatology,Guilford County,0.0,0.0,False,1,0.08653208169514648
37081,North Carolina,Endocrinology,Diabetes,1612,0,0,0.0,0.0,18070.0,22988.768287,0.0,NO PROVIDER,100.0,37081|Endocrinology,Guilford County,0.0,0.0,False,1,0.08653208169514648
48085,Texas,Pulmonary,Respiratory Disease,2048,0,0,0.0,0.0,4251.578947,5741.879972,0.0,NO PROVIDER,100.0,48085|Pulmonary,Collin County,0.0,0.0,False,1,0.08653208169514648
48201,Texas,Cardiology,Heart Disease,6771,0,0,0.0,0.0,10823.136364,15071.056217,0.0,NO PROVIDER,100.0,48201|Cardiology,Harris County,0.0,0.0,False,1,0.08653208169514648
48029,Texas,Endocrinology,Diabetes,6484,0,0,0.0,0.0,18070.0,22988.768287,0.0,NO PROVIDER,100.0,48029|Endocrinology,Bexar County,0.0,0.0,False,1,0.08653208169514648
37183,North Carolina,Psychiatry,Mental Health Disorders,6537,0,0,0.0,0.0,3104.5,4291.159571,0.0,NO PROVIDER,100.0,37183|Psychiatry,Wake County,0.0,0.0,False,1,0.08653208169514648
48201,Texas,Cardiology,Heart Disease,95290,6,1087,3857.9,15881.6667,10823.136364,15071.056217,1.467381,HIGH GAP,7.99,48201|Cardiology,Harris County,0.0629656837023822,3.5458639705882353,False,1,0.14918731337511815
37051,North Carolina,Psychiatry,Mental Health Disorders,41049,2,1486,5764.5,20524.5,3104.5,4291.159571,6.61121,CRITICAL GAP,36.0,37051|Psychiatry,Cumberland County,0.04872225876391629,3.8765971755211837,False,1,0.13472076882490353
37051,North Carolina,Cardiology,Heart Disease,260,0,0,0.0,0.0,10823.136364,15071.056217,0.0,NO PROVIDER,100.0,37051|Cardiology,Cumberland County,0.0,0.0,False,1,0.08653208169514648
48201,Texas,Pulmonary,Respiratory Disease,7806,0,0,0.0,0.0,4251.578947,5741.879972,0.0,NO PROVIDER,100.0,48201|Pulmonary,Harris County,0.0,0.0,False,1,0.08653208169514648
37119,North Carolina,Rheumatology,Arthritis,17442,1,480,2034.3,17442.0,10453.0,13315.598761,1.668612,HIGH GAP,9.09,37119|Rheumatology,Mecklenburg County,0.057332874670335966,4.229313929313929,False,1,0.12301290570082807
37051,North Carolina,Cardiology,Heart Disease,165,0,0,0.0,0.0,10823.136364,15071.056217,0.0,NO PROVIDER,100.0,37051|Cardiology,Cumberland County,0.0,0.0,False,1,0.08653208169514648
48085,Texas,Cardiology,Heart Disease,2147,0,0,0.0,0.0,10823.136364,15071.056217,0.0,NO PROVIDER,100.0,48085|Cardiology,Collin County,0.0,0.0,False,1,0.08653208169514648
48439,Texas,Pulmonary,Respiratory Disease,2734,0,0,0.0,0.0,4251.578947,5741.879972,0.0,NO PROVIDER,100.0,48439|Pulmonary,Tarrant County,0.0,0.0,False,1,0.08653208169514648
48085,Texas,Pulmonary,Respiratory Disease,608,0,0,0.0,0.0,4251.578947,5741.879972,0.0,NO PROVIDER,100.0,48085|Pulmonary,Collin County,0.0,0.0,False,1,0.08653208169514648
37067,North Carolina,Rheumatology,Arthritis,16095,1,657,1526.8,16095.0,10453.0,13315.598761,1.539749,HIGH GAP,8.38,37067|Rheumatology,Forsyth County,0.06213109661385524,2.3203647416413373,False,1,0.1470458438289058
26099,Michigan,Rheumatology,Arthritis,3307,0,0,0.0,0.0,10453.0,13315.598761,0.0,NO PROVIDER,100.0,26099|Rheumatology,Macomb County,0.0,0.0,False,1,0.08653208169514648
26163,Michigan,Psychiatry,Mental Health Disorders,5019,2,642,2753.1,2509.5,3104.5,4291.159571,0.808343,MODERATE GAP,4.4,26163|Psychiatry,Wayne County,0.3984857541342897,4.281648522550544,False,1,0.08041151223808196
37183,North Carolina,Rheumatology,Arthritis,16541,1,751,2074.8,16541.0,10453.0,13315.598761,1.582417,HIGH GAP,8.62,37183|Rheumatology,Wake County,0.06045583701106341,2.7590425531914895,False,1,0.15531513586014878
26077,Michigan,Pulmonary,Respiratory Disease,6691,1,176,358.7,6691.0,4251.578947,5741.879972,1.573768,HIGH GAP,8.57,26077|Pulmonary,Kalamazoo County,0.14945449110745776,2.026553672316384,False,1,0.12018642213623004
26099,Michigan,Rheumatology,Arthritis,12291,2,1181,5255.6,6145.5,10453.0,13315.598761,0.587917,MODERATE GAP,3.2,26099|Rheumatology,Macomb County,0.16272068993572533,4.446362098138748,False,1,0.07980192908523931
26163,Michigan,Pulmonary,Respiratory Disease,5209,1,718,3219.9,5209.0,4251.578947,5741.879972,1.225192,HIGH GAP,6.67,26163|Pulmonary,Wayne County,0.1919754271453254,4.478303198887343,False,1,0.07513608013911222
37081,North Carolina,Psychiatry,Mental Health Disorders,1911,0,0,0.0,0.0,3104.5,4291.159571,0.0,NO PROVIDER,100.0,37081|Psychiatry,Guilford County,0.0,0.0,False,1,0.08653208169514648
37119,North Carolina,Psychiatry,Mental Health Disorders,1705,1,74,261.1,1705.0,3104.5,4291.159571,0.549203,MODERATE GAP,2.99,37119|Psychiatry,Mecklenburg County,0.5865102639296188,3.4813333333333336,False,1,0.06545446828918644
37183,North Carolina,Endocrinology,Diabetes,3235,0,0,0.0,0.0,18070.0,22988.768287,0.0,NO PROVIDER,100.0,37183|Endocrinology,Wake County,0.0,0.0,False,1,0.08653208169514648
48029,Texas,Endocrinology,Diabetes,10020,1,677,1538.4,10020.0,18070.0,22988.768287,0.55451,MODERATE GAP,3.02,48029|Endocrinology,Bexar County,0.0998003992015968,2.2690265486725667,False,1,0.14420470873703067
37119,North Carolina,Rheumatology,Arthritis,1846,1,95,239.5,1846.0,10453.0,13315.598761,0.1766,LOW GAP,0.96,37119|Rheumatology,Mecklenburg County,0.5417118093174431,2.4947916666666665,False,1,0.061763685557154946
26099,Michigan,Pulmonary,Respiratory Disease,6317,1,434,1215.7,6317.0,4251.578947,5741.879972,1.485801,HIGH GAP,8.09,26099|Pulmonary,Macomb County,0.15830299192654743,2.794712643678161,False,1,0.14758569822669204
48029,Texas,Pulmonary,Respiratory Disease,3148,0,0,0.0,0.0,4251.578947,5741.879972,0.0,NO PROVIDER,100.0,48029|Pulmonary,Bexar County,0.0,0.0,False,1,0.08653208169514648
26125,Michigan,Rheumatology,Arthritis,24372,3,1739,7717.1,8124.0,10453.0,13315.598761,0.777193,MODERATE GAP,4.23,26125|Rheumatology,Oakland County,0.12309207287050715,4.4351149425287355,False,1,0.091725221718776
26125,Michigan,Pulmonary,Respiratory Disease,35425,1,582,1083.4,35425.0,4251.578947,5741.879972,8.332199,CRITICAL GAP,45.37,26125|Pulmonary,Oakland County,0.02822865208186309,1.858319039451115,False,1,0.09293560191259925
26077,Michigan,Psychiatry,Mental Health Disorders,2211,1,408,699.1,2211.0,3104.5,4291.159571,0.712192,MODERATE GAP,3.88,26077|Psychiatry,Kalamazoo County,0.4522840343735866,1.7092909535452323,False,1,0.03656738687323513
48439,Texas,Pulmonary,Respiratory Disease,3143,0,0,0.0,0.0,4251.578947,5741.879972,0.0,NO PROVIDER,100.0,48439|Pulmonary,Tarrant County,0.0,0.0,False,1,0.08653208169514648
48085,Texas,Cardiology,Heart Disease,104785,1,552,1485.3,104785.0,10823.136364,15071.056217,9.681574,CRITICAL GAP,52.71,48085|Cardiology,Collin County,0.009543350670420385,2.685895117540687,False,1,0.06197522020649182
37183,North Carolina,Psychiatry,Mental Health Disorders,3037,0,0,0.0,0.0,3104.5,4291.159571,0.0,NO PROVIDER,100.0,37183|Psychiatry,Wake County,0.0,0.0,False,1,0.08653208169514648
48113,Texas,Endocrinology,Diabetes,4719,0,0,0.0,0.0,18070.0,22988.768287,0.0,NO PROVIDER,100.0,48113|Endocrinology,Dallas County,0.0,0.0,False,1,0.08653208169514648
48439,Texas,Pulmonary,Respiratory Disease,2795,0,0,0.0,0.0,4251.578947,5741.879972,0.0,NO PROVIDER,100.0,48439|Pulmonary,Tarrant County,0.0,0.0,False,1,0.08653208169514648
37119,North Carolina,Cardiology,Heart Disease,16037,1,92,249.6,16037.0,10823.136364,15071.056217,1.481733,HIGH GAP,8.07,37119|Cardiology,Mecklenburg County,0.062355802207395394,2.6838709677419352,False,1,0.1517623243048693
26163,Michigan,Pulmonary,Respiratory Disease,2690,0,0,0.0,0.0,4251.578947,5741.879972,0.0,NO PROVIDER,100.0,26163|Pulmonary,Wayne County,0.0,0.0,False,1,0.08653208169514648
48113,Texas,Pulmonary,Respiratory Disease,6362,0,0,0.0,0.0,4251.578947,5741.879972,0.0,NO PROVIDER,100.0,48113|Pulmonary,Dallas County,0.0,0.0,False,1,0.08653208169514648
37051,North Carolina,Endocrinology,Diabetes,65187,2,573,2508.1,32593.5,18070.0,22988.768287,1.803735,HIGH GAP,9.82,37051|Endocrinology,Cumberland County,0.030680963995888755,4.369512195121951,False,1,0.08010785559495093
37183,North Carolina,Cardiology,Heart Disease,2152,0,0,0.0,0.0,10823.136364,15071.056217,0.0,NO PROVIDER,100.0,37183|Cardiology,Wake County,0.0,0.0,False,1,0.08653208169514648
26099,Michigan,Pulmonary,Respiratory Disease,1430,0,0,0.0,0.0,4251.578947,5741.879972,0.0,NO PROVIDER,100.0,26099|Pulmonary,Macomb County,0.0,0.0,False,1,0.08653208169514648
26163,Michigan,Pulmonary,Respiratory Disease,4276,0,0,0.0,0.0,4251.578947,5741.879972,0.0,NO PROVIDER,100.0,26163|Pulmonary,Wayne County,0.0,0.0,False,1,0.08653208169514648
37183,North Carolina,Endocrinology,Diabetes,82392,1,326,1269.8,82392.0,18070.0,22988.768287,4.559602,CRITICAL GAP,24.83,37183|Endocrinology,Wake County,0.01213710068938732,3.8831804281345565,False,1,0.0680691158303236
48085,Texas,Pulmonary,Respiratory Disease,10769,4,2868,12627.2,2692.25,4251.578947,5741.879972,0.633235,MODERATE GAP,3.45,48085|Pulmonary,Collin County,0.3714365307828025,4.401254792610666,False,1,0.06282323041764193
37183,North Carolina,Psychiatry,Mental Health Disorders,24269,2,1556,4718.2,12134.5,3104.5,4291.159571,3.908681,CRITICAL GAP,21.28,37183|Psychiatry,Wake County,0.08240965841196589,3.030314707771355,False,1,0.1511984346273565
26077,Michigan,Psychiatry,Mental Health Disorders,17572,4,2295,5863.0,4393.0,3104.5,4291.159571,1.415043,HIGH GAP,7.7,26077|Psychiatry,Kalamazoo County,0.22763487366264512,2.5535714285714284,False,1,0.13222747506020127
37119,North Carolina,Rheumatology,Arthritis,13666,1,188,487.4,13666.0,10453.0,13315.598761,1.307376,HIGH GAP,7.12,37119|Rheumatology,Mecklenburg County,0.07317430118542367,2.5788359788359787,False,1,0.14597319322760205
37067,North Carolina,Cardiology,Heart Disease,5939,1,728,2991.4,5939.0,10823.136364,15071.056217,0.548732,MODERATE GAP,2.99,37067|Cardiology,Forsyth County,0.16837851490149855,4.103429355281207,False,1,0.12025662827220385
48085,Texas,Pulmonary,Respiratory Disease,2040,1,306,487.5,2040.0,4251.578947,5741.879972,0.479822,LOW GAP,2.61,48085|Pulmonary,Collin County,0.49019607843137253,1.5879478827361564,False,1,0.012054777877780753
37051,North Carolina,Endocrinology,Diabetes,595164,3,2323,9503.5,198388.0,18070.0,22988.768287,10.97886,CRITICAL GAP,59.78,37051|Endocrinology,Cumberland County,0.005040627457305886,4.089285714285714,True,-1,-0.016455704790530046
48113,Texas,Cardiology,Heart Disease,28608,2,1588,6436.8,14304.0,10823.136364,15071.056217,1.321613,HIGH GAP,7.2,48113|Cardiology,Dallas County,0.06991051454138703,4.0508495909376965,False,1,0.1376903695851992
48113,Texas,Cardiology,Heart Disease,52697,5,4215,16493.6,10539.4,10823.136364,15071.056217,0.973784,MODERATE GAP,5.3,48113|Cardiology,Dallas County,0.0948820615974344,3.9121442125237187,False,1,0.14055131593717568
26163,Michigan,Rheumatology,Arthritis,7032,1,135,231.7,7032.0,10453.0,13315.598761,0.672726,MODERATE GAP,3.66,26163|Rheumatology,Wayne County,0.1422070534698521,1.7036764705882352,False,1,0.08555131241723912
48439,Texas,Pulmonary,Respiratory Disease,73481,3,542,2015.9,24493.6667,4251.578947,5741.879972,5.761075,CRITICAL GAP,31.37,48439|Pulmonary,Tarrant County,0.04082688041806725,3.712523020257827,False,1,0.13189824618915347
26077,Michigan,Rheumatology,Arthritis,29298,3,1916,5025.5,9766.0,10453.0,13315.598761,0.934277,MODERATE GAP,5.09,26077|Rheumatology,Kalamazoo County,0.10239606799098915,2.621544079290558,False,1,0.15169192524837766
37183,North Carolina,Endocrinology,Diabetes,4282,0,0,0.0,0.0,18070.0,22988.768287,0.0,NO PROVIDER,100.0,37183|Endocrinology,Wake County,0.0,0.0,False,1,0.08653208169514648
48113,Texas,Endocrinology,Diabetes,6997,0,0,0.0,0.0,18070.0,22988.768287,0.0,NO PROVIDER,100.0,48113|Endocrinology,Dallas County,0.0,0.0,False,1,0.08653208169514648
37081,North Carolina,Psychiatry,Mental Health Disorders,614,2,835,1611.6,307.0,3104.5,4291.159571,0.098889,LOW GAP,0.54,37081|Psychiatry,Guilford County,3.257328990228013,1.9277511961722487,True,-1,-0.1402563758927622
26163,Michigan,Psychiatry,Mental Health Disorders,10309,0,0,0.0,0.0,3104.5,4291.159571,0.0,NO PROVIDER,100.0,26163|Psychiatry,Wayne County,0.0,0.0,False,1,0.08653208169514648
48029,Texas,Cardiology,Heart Disease,2176,0,0,0.0,0.0,10823.136364,15071.056217,0.0,NO PROVIDER,100.0,48029|Cardiology,Bexar County,0.0,0.0,False,1,0.08653208169514648
37119,North Carolina,Cardiology,Heart Disease,287,0,0,0.0,0.0,10823.136364,15071.056217,0.0,NO PROVIDER,100.0,37119|Cardiology,Mecklenburg County,0.0,0.0,False,1,0.08653208169514648
37119,North Carolina,Cardiology,Heart Disease,104813,1,516,1433.8,104813.0,10823.136364,15071.056217,9.684161,CRITICAL GAP,52.73,37119|Cardiology,Mecklenburg County,0.009540801236487841,2.773307543520309,False,1,0.06838096174371622
37119,North Carolina,Rheumatology,Arthritis,3797,0,0,0.0,0.0,10453.0,13315.598761,0.0,NO PROVIDER,100.0,37119|Rheumatology,Mecklenburg County,0.0,0.0,False,1,0.08653208169514648
37119,North Carolina,Cardiology,Heart Disease,14390,2,1727,5634.5,7195.0,10823.136364,15071.056217,0.66478,MODERATE GAP,3.62,37119|Cardiology,Mecklenburg County,0.13898540653231412,3.2607060185185186,False,1,0.1383849426906178
48029,Texas,Pulmonary,Respiratory Disease,16139,2,558,1374.1,8069.5,4251.578947,5741.879972,1.898001,HIGH GAP,10.33,48029|Pulmonary,Bexar County,0.12392341532932648,2.458139534883721,False,1,0.14457321166304038
48439,Texas,Cardiology,Heart Disease,15522,2,713,2166.2,7761.0,10823.136364,15071.056217,0.717075,MODERATE GAP,3.9,48439|Cardiology,Tarrant County,0.12884937508053088,3.033893557422969,False,1,0.14708488689429028
48113,Texas,Pulmonary,Respiratory Disease,6451,0,0,0.0,0.0,4251.578947,5741.879972,0.0,NO PROVIDER,100.0,48113|Pulmonary,Dallas County,0.0,0.0,False,1,0.08653208169514648
37119,North Carolina,Endocrinology,Diabetes,5735,1,155,319.1,5735.0,18070.0,22988.768287,0.317377,LOW GAP,1.73,37119|Endocrinology,Mecklenburg County,0.17436791630340018,2.045512820512821,False,1,0.12323537216574004
26077,Michigan,Rheumatology,Arthritis,25799,1,753,2364.5,25799.0,10453.0,13315.598761,2.468095,CRITICAL GAP,13.44,26077|Rheumatology,Kalamazoo County,0.03876119229427497,3.135941644562334,False,1,0.13432874812618645
26077,Michigan,Pulmonary,Respiratory Disease,495,0,0,0.0,0.0,4251.578947,5741.879972,0.0,NO PROVIDER,100.0,26077|Pulmonary,Kalamazoo County,0.0,0.0,False,1,0.08653208169514648
48113,Texas,Cardiology,Heart Disease,36732,3,1164,2796.9,12244.0,10823.136364,15071.056217,1.13128,HIGH GAP,6.16,48113|Cardiology,Dallas County,0.08167265599477294,2.4007725321888413,False,1,0.1416635937179882
26125,Michigan,Pulmonary,Respiratory Disease,820,1,182,544.7,820.0,4251.578947,5741.879972,0.19287,LOW GAP,1.05,26125|Pulmonary,Oakland County,1.2195121951219512,2.9765027322404376,True,-1,-0.015535596775561822
26049,Michigan,Psychiatry,Mental Health Disorders,1140,0,0,0.0,0.0,3104.5,4291.159571,0.0,NO PROVIDER,100.0,26049|Psychiatry,Genesee County,0.0,0.0,False,1,0.08653208169514648
37067,North Carolina,Psychiatry,Mental Health Disorders,11119,1,396,1365.3,11119.0,3104.5,4291.159571,3.581575,CRITICAL GAP,19.5,37067|Psychiatry,Forsyth County,0.08993614533681087,3.43904282115869,False,1,0.1457176056053276
48029,Texas,Cardiology,Heart Disease,107408,2,1543,5335.3,53704.0,10823.136364,15071.056217,4.961963,CRITICAL GAP,27.02,48029|Cardiology,Bexar County,0.018620586920899747,3.4555051813471502,False,1,0.09122053006037656
26099,Michigan,Rheumatology,Arthritis,4224,0,0,0.0,0.0,10453.0,13315.598761,0.0,NO PROVIDER,100.0,26099|Rheumatology,Macomb County,0.0,0.0,False,1,0.08653208169514648
37051,North Carolina,Cardiology,Heart Disease,17753,1,280,732.2,17753.0,10823.136364,15071.056217,1.640282,HIGH GAP,8.93,37051|Cardiology,Cumberland County,0.056328507857826844,2.605693950177936,False,1,0.1482036334060306
37183,North Carolina,Rheumatology,Arthritis,25956,2,613,994.7,12978.0,10453.0,13315.598761,1.241557,HIGH GAP,6.76,37183|Rheumatology,Wake County,0.07705347511172754,1.6200325732899024,False,1,0.08492045836840117
37081,North Carolina,Cardiology,Heart Disease,7511,2,1381,2202.3,3755.5,10823.136364,15071.056217,0.346988,LOW GAP,1.89,37081|Cardiology,Guilford County,0.26627612834509384,1.5935600578871203,False,1,0.06314985194024492
26049,Michigan,Psychiatry,Mental Health Disorders,2851,1,644,1709.0,2851.0,3104.5,4291.159571,0.918344,MODERATE GAP,5.0,26049|Psychiatry,Genesee County,0.350754121360926,2.6496124031007753,False,1,0.1208474602140126
37067,North Carolina,Rheumatology,Arthritis,17334,2,799,2162.5,8667.0,10453.0,13315.598761,0.82914,MODERATE GAP,4.51,37067|Rheumatology,Forsyth County,0.11538017768547364,2.703125,False,1,0.151986606042547
26049,Michigan,Psychiatry,Mental Health Disorders,2432,1,828,2269.7,2432.0,3104.5,4291.159571,0.783379,MODERATE GAP,4.27,26049|Psychiatry,Genesee County,0.41118421052631576,2.7378769601930033,False,1,0.10408791945737983
48439,Texas,Pulmonary,Respiratory Disease,5595,1,673,1754.5,5595.0,4251.578947,5741.879972,1.315982,HIGH GAP,7.17,48439|Pulmonary,Tarrant County,0.17873100983020554,2.6031157270029674,False,1,0.1442803036518885
26163,Michigan,Psychiatry,Mental Health Disorders,5315,1,762,1250.1,5315.0,3104.5,4291.159571,1.712031,HIGH GAP,9.32,26163|Psychiatry,Wayne County,0.18814675446848542,1.6384010484927916,False,1,0.0831581828878043
37051,North Carolina,Psychiatry,Mental Health Disorders,5320,1,776,1212.4,5320.0,3104.5,4291.159571,1.713641,HIGH GAP,9.33,37051|Psychiatry,Cumberland County,0.1879699248120301,1.5603603603603604,False,1,0.06882037290943177
26049,Michigan,Psychiatry,Mental Health Disorders,5150,1,215,889.6,5150.0,3104.5,4291.159571,1.658882,HIGH GAP,9.03,26049|Psychiatry,Genesee County,0.19417475728155342,4.118518518518519,False,1,0.10834462786975857
37081,North Carolina,Rheumatology,Arthritis,29309,2,780,2289.7,14654.5,10453.0,13315.598761,1.401942,HIGH GAP,7.63,37081|Rheumatology,Guilford County,0.06823842505714968,2.931754161331626,False,1,0.15612531775827093
48201,Texas,Pulmonary,Respiratory Disease,3832,1,747,1660.0,3832.0,4251.578947,5741.879972,0.901312,MODERATE GAP,4.91,48201|Pulmonary,Harris County,0.2609603340292275,2.2192513368983957,False,1,0.12271279115963546
26049,Michigan,Rheumatology,Arthritis,2849,0,0,0.0,0.0,10453.0,13315.598761,0.0,NO PROVIDER,100.0,26049|Rheumatology,Genesee County,0.0,0.0,False,1,0.08653208169514648
26099,Michigan,Pulmonary,Respiratory Disease,1233,1,294,1006.5,1233.0,4251.578947,5741.879972,0.29001,LOW GAP,1.58,26099|Pulmonary,Macomb County,0.8110300081103001,3.411864406779661,False,1,0.029774203399771437
26125,Michigan,Psychiatry,Mental Health Disorders,6530,0,0,0.0,0.0,3104.5,4291.159571,0.0,NO PROVIDER,100.0,26125|Psychiatry,Oakland County,0.0,0.0,False,1,0.08653208169514648
37119,North Carolina,Endocrinology,Diabetes,280884,2,664,2283.7,140442.0,18070.0,22988.768287,7.772108,CRITICAL GAP,42.32,37119|Endocrinology,Mecklenburg County,0.00712037709517096,3.4341353383458646,False,1,0.021243641527562973
26049,Michigan,Pulmonary,Respiratory Disease,6979,1,870,1838.5,6979.0,4251.578947,5741.879972,1.641508,HIGH GAP,8.94,26049|Pulmonary,Genesee County,0.1432870038687491,2.1107921928817452,False,1,0.12464232795500313
26099,Michigan,Pulmonary,Respiratory Disease,7192,1,421,1193.1,7192.0,4251.578947,5741.879972,1.691607,HIGH GAP,9.21,26099|Pulmonary,Macomb County,0.13904338153503892,2.827251184834123,False,1,0.1440566829522788
26125,Michigan,Pulmonary,Respiratory Disease,2032,0,0,0.0,0.0,4251.578947,5741.879972,0.0,NO PROVIDER,100.0,26125|Pulmonary,Oakland County,0.0,0.0,False,1,0.08653208169514648
26049,Michigan,Pulmonary,Respiratory Disease,36335,1,831,3149.2,36335.0,4251.578947,5741.879972,8.546237,CRITICAL GAP,46.53,26049|Pulmonary,Genesee County,0.027521673317737718,3.785096153846154,False,1,0.11263732276303828
26049,Michigan,Pulmonary,Respiratory Disease,1048,3,1945,4576.4,349.3333,4251.578947,5741.879972,0.082166,LOW GAP,0.45,26049|Pulmonary,Genesee County,2.8625954198473282,2.3516957862281602,True,-1,-0.12123674436921217
26099,Michigan,Pulmonary,Respiratory Disease,1103,0,0,0.0,0.0,4251.578947,5741.879972,0.0,NO PROVIDER,100.0,26099|Pulmonary,Macomb County,0.0,0.0,False,1,0.08653208169514648
26077,Michigan,Pulmonary,Respiratory Disease,615,0,0,0.0,0.0,4251.578947,5741.879972,0.0,NO PROVIDER,100.0,26077|Pulmonary,Kalamazoo County,0.0,0.0,False,1,0.08653208169514648
48029,Texas,Endocrinology,Diabetes,7065,0,0,0.0,0.0,18070.0,22988.768287,0.0,NO PROVIDER,100.0,48029|Endocrinology,Bexar County,0.0,0.0,False,1,0.08653208169514648
26099,Michigan,Psychiatry,Mental Health Disorders,4131,0,0,0.0,0.0,3104.5,4291.159571,0.0,NO PROVIDER,100.0,26099|Psychiatry,Macomb County,0.0,0.0,False,1,0.08653208169514648
48439,Texas,Endocrinology,Diabetes,4092,0,0,0.0,0.0,18070.0,22988.768287,0.0,NO PROVIDER,100.0,48439|Endocrinology,Tarrant County,0.0,0.0,False,1,0.08653208169514648
37051,North Carolina,Endocrinology,Diabetes,14079,1,622,2132.3,14079.0,18070.0,22988.768287,0.779137,MODERATE GAP,4.24,37051|Endocrinology,Cumberland County,0.07102777185879679,3.4226324237560197,False,1,0.1487075076906908
48085,Texas,Pulmonary,Respiratory Disease,6166,2,1554,4148.7,3083.0,4251.578947,5741.879972,0.725142,MODERATE GAP,3.95,48085|Pulmonary,Collin County,0.3243593902043464,2.667974276527331,False,1,0.12286613004480601
48029,Texas,Cardiology,Heart Disease,1771,0,0,0.0,0.0,10823.136364,15071.056217,0.0,NO PROVIDER,100.0,48029|Cardiology,Bexar County,0.0,0.0,False,1,0.08653208169514648
37119,North Carolina,Endocrinology,Diabetes,19128,2,720,1089.4,9564.0,18070.0,22988.768287,0.529275,MODERATE GAP,2.88,37119|Endocrinology,Mecklenburg County,0.10455876202425762,1.5109570041608877,False,1,0.06152826950553236
26163,Michigan,Pulmonary,Respiratory Disease,8162,3,1329,5538.7,2720.6667,4251.578947,5741.879972,0.639919,MODERATE GAP,3.48,26163|Pulmonary,Wayne County,0.36755697133055626,4.164436090225564,False,1,0.08371203535119842
26099,Michigan,Psychiatry,Mental Health Disorders,4873,0,0,0.0,0.0,3104.5,4291.159571,0.0,NO PROVIDER,100.0,26099|Psychiatry,Macomb County,0.0,0.0,False,1,0.08653208169514648
37081,North Carolina,Cardiology,Heart Disease,1049,0,0,0.0,0.0,10823.136364,15071.056217,0.0,NO PROVIDER,100.0,37081|Cardiology,Guilford County,0.0,0.0,False,1,0.08653208169514648
26049,Michigan,Pulmonary,Respiratory Disease,8330,1,807,2952.9,8330.0,4251.578947,5741.879972,1.959272,HIGH GAP,10.67,26049|Pulmonary,Genesee County,0.12004801920768308,3.654579207920792,False,1,0.14632092416051423
26163,Michigan,Rheumatology,Arthritis,70355,1,370,1220.8,70355.0,10453.0,13315.598761,6.730604,CRITICAL GAP,36.65,26163|Rheumatology,Wayne County,0.014213630872006255,3.2905660377358488,False,1,0.08462038563098884
37051,North Carolina,Rheumatology,Arthritis,2735,0,0,0.0,0.0,10453.0,13315.598761,0.0,NO PROVIDER,100.0,37051|Rheumatology,Cumberland County,0.0,0.0,False,1,0.08653208169514648
48201,Texas,Endocrinology,Diabetes,22743,1,521,1400.7,22743.0,18070.0,22988.768287,1.258605,HIGH GAP,6.85,48201|Endocrinology,Harris County,0.04396957305544563,2.6833333333333336,False,1,0.13889292391386598
48029,Texas,Endocrinology,Diabetes,1752,1,199,789.9,1752.0,18070.0,22988.768287,0.096956,LOW GAP,0.53,48029|Endocrinology,Bexar County,0.5707762557077625,3.9495,False,1,0.04880478466258453
26049,Michigan,Pulmonary,Respiratory Disease,6331,2,493,1299.3,3165.5,4251.578947,5741.879972,0.744547,MODERATE GAP,4.05,26049|Pulmonary,Genesee County,0.31590586005370397,2.630161943319838,False,1,0.12449174746302055
37119,North Carolina,Endocrinology,Diabetes,10907,1,520,1871.9,10907.0,18070.0,22988.768287,0.603597,MODERATE GAP,3.29,37119|Endocrinology,Mecklenburg County,0.09168423947923351,3.5928982725527834,False,1,0.14537121288812244
26077,Michigan,Pulmonary,Respiratory Disease,3668,1,805,1822.2,3668.0,4251.578947,5741.879972,0.862738,MODERATE GAP,4.7,26077|Pulmonary,Kalamazoo County,0.27262813522355506,2.2607940446650123,False,1,0.12401408294068489
37183,North Carolina,Endocrinology,Diabetes,46369,2,1712,3038.3,23184.5,18070.0,22988.768287,1.283038,HIGH GAP,6.99,37183|Endocrinology,Wake County,0.04313226509090125,1.773671920607122,False,1,0.1030166128370219
26077,Michigan,Rheumatology,Arthritis,8590,1,55,101.6,8590.0,10453.0,13315.598761,0.821774,MODERATE GAP,4.47,26077|Rheumatology,Kalamazoo County,0.11641443538998836,1.8142857142857143,False,1,0.1179784208608225
26125,Michigan,Psychiatry,Mental Health Disorders,32931,1,751,3063.4,32931.0,3104.5,4291.159571,10.607505,CRITICAL GAP,57.76,26125|Psychiatry,Oakland County,0.030366523944004128,4.073670212765958,False,1,0.10306652758351575
48439,Texas,Cardiology,Heart Disease,102238,1,366,717.7,102238.0,10823.136364,15071.056217,9.446245,CRITICAL GAP,51.43,48439|Cardiology,Tarrant County,0.009781099004284121,1.9555858310626704,False,1,0.028336295269712708
48085,Texas,Cardiology,Heart Disease,1443,0,0,0.0,0.0,10823.136364,15071.056217,0.0,NO PROVIDER,100.0,48085|Cardiology,Collin County,0.0,0.0,False,1,0.08653208169514648
26099,Michigan,Rheumatology,Arthritis,7110,1,87,299.8,7110.0,10453.0,13315.598761,0.680188,MODERATE GAP,3.7,26099|Rheumatology,Macomb County,0.14064697609001406,3.4068181818181817,False,1,0.13569640950872686
26099,Michigan,Pulmonary,Respiratory Disease,1512,0,0,0.0,0.0,4251.578947,5741.879972,0.0,NO PROVIDER,100.0,26099|Pulmonary,Macomb County,0.0,0.0,False,1,0.08653208169514648
37051,North Carolina,Endocrinology,Diabetes,175371,1,160,631.9,175371.0,18070.0,22988.768287,9.705091,CRITICAL GAP,52.84,37051|Endocrinology,Cumberland County,0.0057021970565258795,3.9248447204968944,True,-1,-0.005036430336766262
26099,Michigan,Pulmonary,Respiratory Disease,1136,0,0,0.0,0.0,4251.578947,5741.879972,0.0,NO PROVIDER,100.0,26099|Pulmonary,Macomb County,0.0,0.0,False,1,0.08653208169514648
37183,North Carolina,Rheumatology,Arthritis,4017,0,0,0.0,0.0,10453.0,13315.598761,0.0,NO PROVIDER,100.0,37183|Rheumatology,Wake County,0.0,0.0,False,1,0.08653208169514648
37051,North Carolina,Psychiatry,Mental Health Disorders,8250,3,1365,4131.0,2750.0,3104.5,4291.159571,0.885811,MODERATE GAP,4.82,37051|Psychiatry,Cumberland County,0.3636363636363636,3.0241581259150805,False,1,0.11226129604248114
26099,Michigan,Rheumatology,Arthritis,2486,0,0,0.0,0.0,10453.0,13315.598761,0.0,NO PROVIDER,100.0,26099|Rheumatology,Macomb County,0.0,0.0,False,1,0.08653208169514648
26049,Michigan,Psychiatry,Mental Health Disorders,2516,1,390,1504.6,2516.0,3104.5,4291.159571,0.810436,MODERATE GAP,4.41,26049|Psychiatry,Genesee County,0.397456279809221,3.848081841432225,False,1,0.09734805346773834
26077,Michigan,Pulmonary,Respiratory Disease,3899,1,426,1242.3,3899.0,4251.578947,5741.879972,0.917071,MODERATE GAP,4.99,26077|Pulmonary,Kalamazoo County,0.25647601949217746,2.909367681498829,False,1,0.13655393844841024
37183,North Carolina,Cardiology,Heart Disease,99451,2,1399,4181.4,49725.5,10823.136364,15071.056217,4.594371,CRITICAL GAP,25.02,37183|Cardiology,Wake County,0.02011040612965179,2.9867142857142857,False,1,0.1043178838295527
37051,North Carolina,Psychiatry,Mental Health Disorders,5760,1,86,233.4,5760.0,3104.5,4291.159571,1.855371,HIGH GAP,10.1,37051|Psychiatry,Cumberland County,0.1736111111111111,2.6827586206896554,False,1,0.1461225942343954
37119,North Carolina,Cardiology,Heart Disease,4594,3,1566,5151.1,1531.3333,10823.136364,15071.056217,0.141487,LOW GAP,0.77,37119|Cardiology,Mecklenburg County,0.65302568567697,3.287236758136567,False,1,0.053284421440603746
48201,Texas,Cardiology,Heart Disease,67707,4,2358,7453.0,16926.75,10823.136364,15071.056217,1.563941,HIGH GAP,8.52,48201|Cardiology,Harris County,0.059078086460779534,3.15938957185248,False,1,0.15185142979699273
26163,Michigan,Pulmonary,Respiratory Disease,41554,1,264,430.3,41554.0,4251.578947,5741.879972,9.773781,CRITICAL GAP,53.22,26163|Pulmonary,Wayne County,0.024065071954565143,1.6237735849056605,False,1,0.04613152601101622
37067,North Carolina,Psychiatry,Mental Health Disorders,2000,1,150,623.1,2000.0,3104.5,4291.159571,0.644226,MODERATE GAP,3.51,37067|Psychiatry,Forsyth County,0.5,4.126490066225165,False,1,0.05260521898328063
48439,Texas,Cardiology,Heart Disease,1157,0,0,0.0,0.0,10823.136364,15071.056217,0.0,NO PROVIDER,100.0,48439|Cardiology,Tarrant County,0.0,0.0,False,1,0.08653208169514648
37081,North Carolina,Rheumatology,Arthritis,1093,0,0,0.0,0.0,10453.0,13315.598761,0.0,NO PROVIDER,100.0,37081|Rheumatology,Guilford County,0.0,0.0,False,1,0.08653208169514648
37081,North Carolina,Cardiology,Heart Disease,34966,2,1369,4175.1,17483.0,10823.136364,15071.056217,1.615336,HIGH GAP,8.8,37081|Cardiology,Guilford County,0.05719842132357147,3.047518248175183,False,1,0.15548373258594278
37081,North Carolina,Psychiatry,Mental Health Disorders,11886,1,168,500.7,11886.0,3104.5,4291.159571,3.828636,CRITICAL GAP,20.85,37081|Psychiatry,Guilford County,0.08413259296651524,2.9627218934911244,False,1,0.15043108727250415
26163,Michigan,Pulmonary,Respiratory Disease,39887,1,163,300.3,39887.0,4251.578947,5741.879972,9.381691,CRITICAL GAP,51.08,26163|Pulmonary,Wayne County,0.02507082508085341,1.8310975609756097,False,1,0.08493069519785312
48113,Texas,Pulmonary,Respiratory Disease,2711,1,267,508.7,2711.0,4251.578947,5741.879972,0.637645,MODERATE GAP,3.47,48113|Pulmonary,Dallas County,0.36886757654002217,1.8981343283582088,False,1,0.07813884721615105
26099,Michigan,Rheumatology,Arthritis,134093,2,1076,3416.3,67046.5,10453.0,13315.598761,6.414092,CRITICAL GAP,34.92,26099|Rheumatology,Macomb County,0.014915021664068967,3.1720519962859797,False,1,0.08688515288631377
48439,Texas,Endocrinology,Diabetes,50150,2,987,2412.5,25075.0,18070.0,22988.768287,1.387659,HIGH GAP,7.56,48439|Endocrinology,Tarrant County,0.03988035892323031,2.4418016194331984,False,1,0.13337995821451942
48029,Texas,Endocrinology,Diabetes,63147,2,1375,3979.3,31573.5,18070.0,22988.768287,1.747288,HIGH GAP,9.51,48029|Endocrinology,Bexar County,0.03167213010911049,2.891933139534884,False,1,0.13116173755390748
26125,Michigan,Rheumatology,Arthritis,8281,0,0,0.0,0.0,10453.0,13315.598761,0.0,NO PROVIDER,100.0,26125|Rheumatology,Oakland County,0.0,0.0,False,1,0.08653208169514648
48439,Texas,Pulmonary,Respiratory Disease,6828,2,1478,5372.7,3414.0,4251.578947,5741.879972,0.802996,MODERATE GAP,4.37,48439|Pulmonary,Tarrant County,0.29291154071470415,3.632657200811359,False,1,0.12074242561443477
48029,Texas,Cardiology,Heart Disease,9699,1,588,1390.3,9699.0,10823.136364,15071.056217,0.896136,MODERATE GAP,4.88,48029|Cardiology,Bexar County,0.10310341272296113,2.3604414261460103,False,1,0.14808582022939515
26163,Michigan,Pulmonary,Respiratory Disease,2506,1,566,1148.5,2506.0,4251.578947,5741.879972,0.589428,MODERATE GAP,3.21,26163|Pulmonary,Wayne County,0.3990422984836393,2.0255731922398588,False,1,0.07995420836892075
48439,Texas,Cardiology,Heart Disease,4520,0,0,0.0,0.0,10823.136364,15071.056217,0.0,NO PROVIDER,100.0,48439|Cardiology,Tarrant County,0.0,0.0,False,1,0.08653208169514648
26163,Michigan,Pulmonary,Respiratory Disease,896,1,642,2591.5,896.0,4251.578947,5741.879972,0.210745,LOW GAP,1.15,26163|Pulmonary,Wayne County,1.1160714285714286,4.030326594090202,True,-1,-0.01978014764012337
37051,North Carolina,Psychiatry,Mental Health Disorders,24547,1,809,2891.9,24547.0,3104.5,4291.159571,7.906909,CRITICAL GAP,43.05,37051|Psychiatry,Cumberland County,0.040738175744490165,3.570246913580247,False,1,0.12901438835115708
26163,Michigan,Pulmonary,Respiratory Disease,4871,1,445,1844.2,4871.0,4251.578947,5741.879972,1.145692,HIGH GAP,6.24,26163|Pulmonary,Wayne County,0.20529665366454525,4.134977578475336,False,1,0.1091436994113767
48085,Texas,Endocrinology,Diabetes,4159,0,0,0.0,0.0,18070.0,22988.768287,0.0,NO PROVIDER,100.0,48085|Endocrinology,Collin County,0.0,0.0,False,1,0.08653208169514648
48085,Texas,Pulmonary,Respiratory Disease,7992,2,1404,5502.6,3996.0,4251.578947,5741.879972,0.939886,MODERATE GAP,5.12,48085|Pulmonary,Collin County,0.2502502502502503,3.9164412811387903,False,1,0.11210246606819657
26099,Michigan,Psychiatry,Mental Health Disorders,58106,2,1122,2885.7,29053.0,3104.5,4291.159571,9.358351,CRITICAL GAP,50.95,26099|Psychiatry,Macomb County,0.034419853371424634,2.569634906500445,False,1,0.1259254558866179
48085,Texas,Cardiology,Heart Disease,655,1,466,1164.7,655.0,10823.136364,15071.056217,0.060519,LOW GAP,0.33,48085|Cardiology,Collin County,1.5267175572519083,2.494004282655246,True,-1,-0.03909234333000822
26099,Michigan,Rheumatology,Arthritis,67253,3,1731,6463.7,22417.6667,10453.0,13315.598761,2.144616,CRITICAL GAP,11.68,26099|Rheumatology,Macomb County,0.044607675494030004,3.731928406466513,False,1,0.13473241918797185
48085,Texas,Cardiology,Heart Disease,10191,2,836,1343.9,5095.5,10823.136364,15071.056217,0.470797,LOW GAP,2.56,48085|Cardiology,Collin County,0.19625159454420565,1.605615292712067,False,1,0.07666350461765115
48201,Texas,Pulmonary,Respiratory Disease,15663,4,1382,4819.8,3915.75,4251.578947,5741.879972,0.921011,MODERATE GAP,5.01,48201|Pulmonary,Harris County,0.25537891847028027,3.4850325379609544,False,1,0.125894180549888
26077,Michigan,Psychiatry,Mental Health Disorders,2422,1,727,2800.3,2422.0,3104.5,4291.159571,0.780158,MODERATE GAP,4.25,26077|Psychiatry,Kalamazoo County,0.41288191577208916,3.8465659340659344,False,1,0.09020304485062658
26077,Michigan,Rheumatology,Arthritis,107684,1,270,758.5,107684.0,10453.0,13315.598761,10.301732,CRITICAL GAP,56.09,26077|Rheumatology,Kalamazoo County,0.009286430667508635,2.7988929889298895,False,1,0.06666376547051034
48029,Texas,Pulmonary,Respiratory Disease,7970,1,494,1797.3,7970.0,4251.578947,5741.879972,1.874598,HIGH GAP,10.21,48029|Pulmonary,Bexar County,0.12547051442910914,3.630909090909091,False,1,0.14581582482312594
26049,Michigan,Rheumatology,Arthritis,56986,1,169,549.6,56986.0,10453.0,13315.598761,5.451641,CRITICAL GAP,29.68,26049|Rheumatology,Genesee County,0.017548169725897587,3.232941176470588,False,1,0.08799535874952313
37051,North Carolina,Cardiology,Heart Disease,233147,2,1159,3199.1,116573.5,10823.136364,15071.056217,10.770769,CRITICAL GAP,58.65,37051|Cardiology,Cumberland County,0.00857827893989629,2.7578448275862066,False,1,0.05447184220258372
37051,North Carolina,Cardiology,Heart Disease,613,0,0,0.0,0.0,10823.136364,15071.056217,0.0,NO PROVIDER,100.0,37051|Cardiology,Cumberland County,0.0,0.0,False,1,0.08653208169514648
48085,Texas,Endocrinology,Diabetes,37747,2,450,1992.2,18873.5,18070.0,22988.768287,1.044466,HIGH GAP,5.69,48085|Endocrinology,Collin County,0.05298434312660609,4.417294900221729,False,1,0.09631257312658509
37067,North Carolina,Cardiology,Heart Disease,33842,3,1996,8008.3,11280.6667,10823.136364,15071.056217,1.042273,HIGH GAP,5.68,37067|Cardiology,Forsyth County,0.0886472430707405,4.010165247871808,False,1,0.1369228718601021
48201,Texas,Pulmonary,Respiratory Disease,5833,1,699,2998.7,5833.0,4251.578947,5741.879972,1.371961,HIGH GAP,7.47,48201|Pulmonary,Harris County,0.17143836790673753,4.283857142857142,False,1,0.11295301548623565
48029,Texas,Endocrinology,Diabetes,41980,1,750,1503.0,41980.0,18070.0,22988.768287,2.323188,CRITICAL GAP,12.65,48029|Endocrinology,Bexar County,0.023820867079561697,2.0013315579227697,False,1,0.08464171886120131
37183,North Carolina,Psychiatry,Mental Health Disorders,4859,0,0,0.0,0.0,3104.5,4291.159571,0.0,NO PROVIDER,100.0,37183|Psychiatry,Wake County,0.0,0.0,False,1,0.08653208169514648
48439,Texas,Pulmonary,Respiratory Disease,4922,1,623,1569.5,4922.0,4251.578947,5741.879972,1.157688,HIGH GAP,6.3,48439|Pulmonary,Tarrant County,0.2031694433157253,2.515224358974359,False,1,0.14197245223699356
37081,North Carolina,Endocrinology,Diabetes,5743,1,843,3633.9,5743.0,18070.0,22988.768287,0.31782,LOW GAP,1.73,37081|Endocrinology,Guilford County,0.17412502176562772,4.305568720379147,False,1,0.11056955345941111
37119,North Carolina,Cardiology,Heart Disease,33804,1,701,1255.4,33804.0,10823.136364,15071.056217,3.123309,CRITICAL GAP,17.01,37119|Cardiology,Mecklenburg County,0.02958229795290498,1.7883190883190885,False,1,0.08735965094117804
37081,North Carolina,Endocrinology,Diabetes,1059,0,0,0.0,0.0,18070.0,22988.768287,0.0,NO PROVIDER,100.0,37081|Endocrinology,Guilford County,0.0,0.0,False,1,0.08653208169514648
37051,North Carolina,Rheumatology,Arthritis,16713,1,832,3344.5,16713.0,10453.0,13315.598761,1.598871,HIGH GAP,8.71,37051|Rheumatology,Cumberland County,0.05983366241847663,4.01500600240096,False,1,0.1336930112808255
37081,North Carolina,Cardiology,Heart Disease,33377,1,248,994.5,33377.0,10823.136364,15071.056217,3.083857,CRITICAL GAP,16.79,37081|Cardiology,Guilford County,0.029960751415645505,3.9939759036144578,False,1,0.10748683313544721
26125,Michigan,Pulmonary,Respiratory Disease,2440,1,763,3138.4,2440.0,4251.578947,5741.879972,0.573904,MODERATE GAP,3.12,26125|Pulmonary,Oakland County,0.4098360655737705,4.107853403141362,False,1,0.08374211111534968
48439,Texas,Cardiology,Heart Disease,10524,1,787,1449.9,10524.0,10823.136364,15071.056217,0.972361,MODERATE GAP,5.29,48439|Cardiology,Tarrant County,0.09502090459901179,1.8399746192893403,False,1,0.11624143925748986
37051,North Carolina,Endocrinology,Diabetes,22190,2,1008,2348.4,11095.0,18070.0,22988.768287,0.614001,MODERATE GAP,3.34,37051|Endocrinology,Cumberland County,0.09013068949977468,2.3274529236868187,False,1,0.14320794439452922
26077,Michigan,Psychiatry,Mental Health Disorders,10229,2,1641,3932.1,5114.5,3104.5,4291.159571,1.647447,HIGH GAP,8.97,26077|Psychiatry,Kalamazoo County,0.19552253397204028,2.3947015834348355,False,1,0.13762227902201463
26077,Michigan,Pulmonary,Respiratory Disease,10939,3,682,2351.1,3646.3333,4251.578947,5741.879972,0.857642,MODERATE GAP,4.67,26077|Pulmonary,Kalamazoo County,0.27424810311728676,3.442313323572474,False,1,0.12581559182462682
48201,Texas,Endocrinology,Diabetes,52849,4,712,1169.2,13212.25,18070.0,22988.768287,0.73117,MODERATE GAP,3.98,48201|Endocrinology,Harris County,0.07568733561656796,1.6398316970546984,False,1,0.08849154557537792
37183,North Carolina,Psychiatry,Mental Health Disorders,1024,2,1263,2125.0,512.0,3104.5,4291.159571,0.164922,LOW GAP,0.9,37183|Psychiatry,Wake County,1.953125,1.6811708860759493,True,-1,-0.09431786640578999
26049,Michigan,Psychiatry,Mental Health Disorders,2129,1,826,3420.9,2129.0,3104.5,4291.159571,0.685779,MODERATE GAP,3.73,26049|Psychiatry,Genesee County,0.46970408642555195,4.136517533252721,False,1,0.05726216790328098
37051,North Carolina,Psychiatry,Mental Health Disorders,42926,3,169,433.7,14308.6667,3104.5,4291.159571,4.609008,CRITICAL GAP,25.1,37051|Psychiatry,Cumberland County,0.06988771373992451,2.5511764705882354,False,1,0.14880011335695204
48029,Texas,Cardiology,Heart Disease,41180,2,161,244.1,20590.0,10823.136364,15071.056217,1.902406,HIGH GAP,10.36,48029|Cardiology,Bexar County,0.04856726566294317,1.5067901234567902,False,1,0.0449876651329848
26077,Michigan,Pulmonary,Respiratory Disease,8507,3,2388,9119.7,2835.6667,4251.578947,5741.879972,0.666968,MODERATE GAP,3.63,26077|Pulmonary,Kalamazoo County,0.35265075819913017,3.817371285056509,False,1,0.10408121708941231
37183,North Carolina,Rheumatology,Arthritis,4726,1,439,1160.7,4726.0,10453.0,13315.598761,0.452119,LOW GAP,2.46,37183|Rheumatology,Wake County,0.21159542953872196,2.6379545454545457,False,1,0.14372791698227044
37051,North Carolina,Endocrinology,Diabetes,950,0,0,0.0,0.0,18070.0,22988.768287,0.0,NO PROVIDER,100.0,37051|Endocrinology,Cumberland County,0.0,0.0,False,1,0.08653208169514648
37067,North Carolina,Endocrinology,Diabetes,28692,1,384,613.9,28692.0,18070.0,22988.768287,1.587825,HIGH GAP,8.65,37067|Endocrinology,Forsyth County,0.03485292067475255,1.5945454545454545,False,1,0.06321513402972878
26125,Michigan,Psychiatry,Mental Health Disorders,1178,1,187,481.2,1178.0,3104.5,4291.159571,0.379449,LOW GAP,2.07,26125|Psychiatry,Oakland County,0.8488964346349746,2.5595744680851062,False,1,0.024407096310153586
26077,Michigan,Psychiatry,Mental Health Disorders,691,0,0,0.0,0.0,3104.5,4291.159571,0.0,NO PROVIDER,100.0,26077|Psychiatry,Kalamazoo County,0.0,0.0,False,1,0.08653208169514648
26163,Michigan,Psychiatry,Mental Health Disorders,5444,1,360,1614.4,5444.0,3104.5,4291.159571,1.753584,HIGH GAP,9.55,26163|Psychiatry,Wayne County,0.1836884643644379,4.47202216066482,False,1,0.08033186860006092
26049,Michigan,Pulmonary,Respiratory Disease,10748,3,1041,3777.0,3582.6667,4251.578947,5741.879972,0.842667,MODERATE GAP,4.59,26049|Pulmonary,Genesee County,0.27912169705991813,3.624760076775432,False,1,0.12380702599162019
37183,North Carolina,Endocrinology,Diabetes,338905,2,1307,4768.4,169452.5,18070.0,22988.768287,9.377559,CRITICAL GAP,51.06,37183|Endocrinology,Wake County,0.005901358787860906,3.6455657492354736,False,1,0.001990892771275621
26125,Michigan,Psychiatry,Mental Health Disorders,535,1,605,1832.0,535.0,3104.5,4291.159571,0.17233,LOW GAP,0.94,26125|Psychiatry,Oakland County,1.8691588785046729,3.0231023102310233,True,-1,-0.05969348823083742
26163,Michigan,Psychiatry,Mental Health Disorders,1382,1,810,1887.6,1382.0,3104.5,4291.159571,0.44516,LOW GAP,2.42,26163|Psychiatry,Wayne County,0.723589001447178,2.327496917385943,False,1,0.03725592642111342
37119,North Carolina,Cardiology,Heart Disease,101125,1,707,2763.0,101125.0,10823.136364,15071.056217,9.34341,CRITICAL GAP,50.87,37119|Cardiology,Mecklenburg County,0.009888751545117428,3.902542372881356,False,1,0.051880965280131086
37081,North Carolina,Psychiatry,Mental Health Disorders,67689,2,280,752.6,33844.5,3104.5,4291.159571,10.901756,CRITICAL GAP,59.36,37081|Psychiatry,Guilford County,0.02954689831434945,2.6782918149466193,False,1,0.12882611468911975
48029,Texas,Cardiology,Heart Disease,4640,1,377,1288.8,4640.0,10823.136364,15071.056217,0.428711,LOW GAP,2.33,48029|Cardiology,Bexar County,0.21551724137931033,3.4095238095238094,False,1,0.12877278418384436
26049,Michigan,Pulmonary,Respiratory Disease,4953,2,1584,6679.4,2476.5,4251.578947,5741.879972,0.582489,MODERATE GAP,3.17,26049|Pulmonary,Genesee County,0.40379567938623057,4.214132492113564,False,1,0.08211739782390359
37067,North Carolina,Rheumatology,Arthritis,3481,0,0,0.0,0.0,10453.0,13315.598761,0.0,NO PROVIDER,100.0,37067|Rheumatology,Forsyth County,0.0,0.0,False,1,0.08653208169514648
26049,Michigan,Psychiatry,Mental Health Disorders,3072,1,50,127.6,3072.0,3104.5,4291.159571,0.989531,MODERATE GAP,5.39,26049|Psychiatry,Genesee County,0.3255208333333333,2.5019607843137255,False,1,0.11868371855126808
37067,North Carolina,Cardiology,Heart Disease,9022,1,605,2575.7,9022.0,10823.136364,15071.056217,0.833585,MODERATE GAP,4.54,37067|Cardiology,Forsyth County,0.11084016847705608,4.2503300330033,False,1,0.1259012817341743
37067,North Carolina,Rheumatology,Arthritis,48580,1,426,1451.0,48580.0,10453.0,13315.598761,4.64747,CRITICAL GAP,25.3,37067|Rheumatology,Forsyth County,0.02058460271716756,3.398126463700234,False,1,0.09362392676186887
37119,North Carolina,Psychiatry,Mental Health Disorders,5545,2,334,1066.2,2772.5,3104.5,4291.159571,0.893058,MODERATE GAP,4.86,37119|Psychiatry,Mecklenburg County,0.3606853020739405,3.182686567164179,False,1,0.11293670726598015
48113,Texas,Endocrinology,Diabetes,9100,0,0,0.0,0.0,18070.0,22988.768287,0.0,NO PROVIDER,100.0,48113|Endocrinology,Dallas County,0.0,0.0,False,1,0.08653208169514648
37067,North Carolina,Rheumatology,Arthritis,29597,2,1645,5397.0,14798.5,10453.0,13315.598761,1.415718,HIGH GAP,7.71,37067|Rheumatology,Forsyth County,0.06757441632597898,3.278857837181045,False,1,0.15369592990426795
37119,North Carolina,Cardiology,Heart Disease,20080,1,126,198.0,20080.0,10823.136364,15071.056217,1.855285,HIGH GAP,10.1,37119|Cardiology,Mecklenburg County,0.04980079681274901,1.5590551181102361,False,1,0.06508194464108641
37081,North Carolina,Cardiology,Heart Disease,5650,1,444,707.3,5650.0,10823.136364,15071.056217,0.52203,MODERATE GAP,2.84,37081|Cardiology,Guilford County,0.17699115044247787,1.589438202247191,False,1,0.07740255728654788
48201,Texas,Endocrinology,Diabetes,17185,1,563,2507.6,17185.0,18070.0,22988.768287,0.951024,MODERATE GAP,5.18,48201|Endocrinology,Harris County,0.05819028222286878,4.4460992907801415,False,1,0.08829449637875475
26077,Michigan,Rheumatology,Arthritis,4731,1,781,3323.2,4731.0,10453.0,13315.598761,0.452597,LOW GAP,2.46,26077|Rheumatology,Kalamazoo County,0.2113718030014796,4.2496163682864445,False,1,0.10641484649160082
37051,North Carolina,Cardiology,Heart Disease,603,0,0,0.0,0.0,10823.136364,15071.056217,0.0,NO PROVIDER,100.0,37051|Cardiology,Cumberland County,0.0,0.0,False,1,0.08653208169514648
26049,Michigan,Pulmonary,Respiratory Disease,1111,0,0,0.0,0.0,4251.578947,5741.879972,0.0,NO PROVIDER,100.0,26049|Pulmonary,Genesee County,0.0,0.0,False,1,0.08653208169514648
48201,Texas,Pulmonary,Respiratory Disease,19103,1,275,767.2,19103.0,4251.578947,5741.879972,4.493154,CRITICAL GAP,24.46,48201|Pulmonary,Harris County,0.05234779877506151,2.7797101449275363,False,1,0.15318987115910004
37119,North Carolina,Psychiatry,Mental Health Disorders,4986,1,672,2430.2,4986.0,3104.5,4291.159571,1.606056,HIGH GAP,8.74,37119|Psychiatry,Mecklenburg County,0.20056157240272762,3.6109955423476965,False,1,0.13180937010125127
37051,North Carolina,Endocrinology,Diabetes,11169,1,450,1323.1,11169.0,18070.0,22988.768287,0.618096,MODERATE GAP,3.37,37051|Endocrinology,Cumberland County,0.0895335303071,2.93370288248337,False,1,0.15258396827412307
48439,Texas,Pulmonary,Respiratory Disease,3358,0,0,0.0,0.0,4251.578947,5741.879972,0.0,NO PROVIDER,100.0,48439|Pulmonary,Tarrant County,0.0,0.0,False,1,0.08653208169514648
37051,North Carolina,Rheumatology,Arthritis,22014,2,1416,4888.5,11007.0,10453.0,13315.598761,1.052999,HIGH GAP,5.73,37051|Rheumatology,Cumberland County,0.09085127646043427,3.449894142554693,False,1,0.14448753685492366
26049,Michigan,Psychiatry,Mental Health Disorders,3031,1,620,1775.9,3031.0,3104.5,4291.159571,0.976325,MODERATE GAP,5.32,26049|Psychiatry,Genesee County,0.32992411745298583,2.859742351046699,False,1,0.12550876506611375
37183,North Carolina,Psychiatry,Mental Health Disorders,10860,0,0,0.0,0.0,3104.5,4291.159571,0.0,NO PROVIDER,100.0,37183|Psychiatry,Wake County,0.0,0.0,False,1,0.08653208169514648
26125,Michigan,Rheumatology,Arthritis,17875,1,587,1858.8,17875.0,10453.0,13315.598761,1.710035,HIGH GAP,9.31,26125|Rheumatology,Oakland County,0.055944055944055944,3.1612244897959183,False,1,0.14923407703561264
48113,Texas,Pulmonary,Respiratory Disease,6218,0,0,0.0,0.0,4251.578947,5741.879972,0.0,NO PROVIDER,100.0,48113|Pulmonary,Dallas County,0.0,0.0,False,1,0.08653208169514648
26125,Michigan,Psychiatry,Mental Health Disorders,6215,0,0,0.0,0.0,3104.5,4291.159571,0.0,NO PROVIDER,100.0,26125|Psychiatry,Oakland County,0.0,0.0,False,1,0.08653208169514648
37081,North Carolina,Rheumatology,Arthritis,8987,1,258,949.7,8987.0,10453.0,13315.598761,0.859753,MODERATE GAP,4.68,37081|Rheumatology,Guilford County,0.11127183709803048,3.666795366795367,False,1,0.14862010702132716
48113,Texas,Endocrinology,Diabetes,153249,1,821,2264.2,153249.0,18070.0,22988.768287,8.480852,CRITICAL GAP,46.18,48113|Endocrinology,Dallas County,0.0065253280608682605,2.754501216545012,False,1,0.014978843123787278
37119,North Carolina,Psychiatry,Mental Health Disorders,1238,2,538,1807.9,619.0,3104.5,4291.159571,0.199388,LOW GAP,1.09,37119|Psychiatry,Mecklenburg County,1.6155088852988693,3.35417439703154,True,-1,-0.05157733585688029
37183,North Carolina,Psychiatry,Mental Health Disorders,10708,0,0,0.0,0.0,3104.5,4291.159571,0.0,NO PROVIDER,100.0,37183|Psychiatry,Wake County,0.0,0.0,False,1,0.08653208169514648
37081,North Carolina,Rheumatology,Arthritis,2597,0,0,0.0,0.0,10453.0,13315.598761,0.0,NO PROVIDER,100.0,37081|Rheumatology,Guilford County,0.0,0.0,False,1,0.08653208169514648
37067,North Carolina,Cardiology,Heart Disease,1013,0,0,0.0,0.0,10823.136364,15071.056217,0.0,NO PROVIDER,100.0,37067|Cardiology,Forsyth County,0.0,0.0,False,1,0.08653208169514648
26049,Michigan,Rheumatology,Arthritis,83049,1,123,270.1,83049.0,10453.0,13315.598761,7.944992,CRITICAL GAP,43.26,26049|Rheumatology,Genesee County,0.012041084179219497,2.178225806451613,False,1,0.055858010393043944
37051,North Carolina,Cardiology,Heart Disease,6361,1,517,1285.9,6361.0,10823.136364,15071.056217,0.587722,MODERATE GAP,3.2,37051|Cardiology,Cumberland County,0.15720798616569723,2.4824324324324327,False,1,0.14266592051390808
26049,Michigan,Psychiatry,Mental Health Disorders,18119,3,1025,4124.9,6039.6667,3104.5,4291.159571,1.945456,HIGH GAP,10.59,26049|Psychiatry,Genesee County,0.16557205143771733,4.02037037037037,False,1,0.12501009826133247
26125,Michigan,Pulmonary,Respiratory Disease,4355,4,3580,14785.3,1088.75,4251.578947,5741.879972,0.256081,LOW GAP,1.39,26125|Pulmonary,Oakland County,0.9184845005740528,4.128818765707902,True,-1,-0.0001989656592976674
37051,North Carolina,Rheumatology,Arthritis,195178,2,1665,4535.1,97589.0,10453.0,13315.598761,9.33598,CRITICAL GAP,50.83,37051|Rheumatology,Cumberland County,0.010247056533010893,2.7221488595438177,False,1,0.07241199410483412
37081,North Carolina,Rheumatology,Arthritis,1952,2,1392,5166.3,976.0,10453.0,13315.598761,0.09337,LOW GAP,0.51,37081|Rheumatology,Guilford County,1.0245901639344264,3.70875807609476,True,-1,-0.0003251086397058067
37081,North Carolina,Endocrinology,Diabetes,7201,2,1230,1969.0,3600.5,18070.0,22988.768287,0.199253,LOW GAP,1.08,37081|Endocrinology,Guilford County,0.2777392028884877,1.5995125913891146,False,1,0.06703525548877332
48085,Texas,Pulmonary,Respiratory Disease,2800,0,0,0.0,0.0,4251.578947,5741.879972,0.0,NO PROVIDER,100.0,48085|Pulmonary,Collin County,0.0,0.0,False,1,0.08653208169514648
48085,Texas,Endocrinology,Diabetes,136037,2,1651,5137.3,68018.5,18070.0,22988.768287,3.764167,CRITICAL GAP,20.5,48085|Endocrinology,Collin County,0.014701882576063864,3.1097457627118645,False,1,0.08995035252384814
48201,Texas,Cardiology,Heart Disease,5706,4,506,1855.5,1426.5,10823.136364,15071.056217,0.131801,LOW GAP,0.72,48201|Cardiology,Harris County,0.7010164738871364,3.6597633136094676,False,1,0.04845590853320059
26049,Michigan,Rheumatology,Arthritis,1973,3,2365,5611.0,657.6667,10453.0,13315.598761,0.062917,LOW GAP,0.34,26049|Rheumatology,Genesee County,1.5205271160669034,2.371513102282333,True,-1,-0.04333059431896824
48439,Texas,Cardiology,Heart Disease,1340,1,393,1148.5,1340.0,10823.136364,15071.056217,0.123809,LOW GAP,0.67,48439|Cardiology,Tarrant County,0.746268656716418,2.91497461928934,False,1,0.046139148335127
26125,Michigan,Psychiatry,Mental Health Disorders,4854,1,299,722.9,4854.0,3104.5,4291.159571,1.563537,HIGH GAP,8.51,26125|Psychiatry,Oakland County,0.20601565718994644,2.4096666666666664,False,1,0.14128293765993316
37051,North Carolina,Cardiology,Heart Disease,386,0,0,0.0,0.0,10823.136364,15071.056217,0.0,NO PROVIDER,100.0,37051|Cardiology,Cumberland County,0.0,0.0,False,1,0.08653208169514648
37081,North Carolina,Endocrinology,Diabetes,1772,0,0,0.0,0.0,18070.0,22988.768287,0.0,NO PROVIDER,100.0,37081|Endocrinology,Guilford County,0.0,0.0,False,1,0.08653208169514648
37067,North Carolina,Psychiatry,Mental Health Disorders,2508,0,0,0.0,0.0,3104.5,4291.159571,0.0,NO PROVIDER,100.0,37067|Psychiatry,Forsyth County,0.0,0.0,False,1,0.08653208169514648
37051,North Carolina,Psychiatry,Mental Health Disorders,11582,2,400,1268.0,5791.0,3104.5,4291.159571,1.865357,HIGH GAP,10.16,37051|Psychiatry,Cumberland County,0.1726817475392851,3.162094763092269,False,1,0.14101825959626096
48113,Texas,Cardiology,Heart Disease,13015,1,711,3139.4,13015.0,10823.136364,15071.056217,1.202516,HIGH GAP,6.55,48113|Cardiology,Dallas County,0.0768344218209758,4.409269662921348,False,1,0.10283357293921391
37051,North Carolina,Rheumatology,Arthritis,44053,3,1506,3182.3,14684.3333,10453.0,13315.598761,1.404796,HIGH GAP,7.65,37051|Rheumatology,Cumberland County,0.06809978889065443,2.1116788321167883,False,1,0.1419649881815041
26125,Michigan,Psychiatry,Mental Health Disorders,647,2,915,1543.1,323.5,3104.5,4291.159571,0.104204,LOW GAP,0.57,26125|Psychiatry,Oakland County,3.0911901081916535,1.6846069868995632,True,-1,-0.13732621646988252
37081,North Carolina,Psychiatry,Mental Health Disorders,11411,4,2031,4168.5,2852.75,3104.5,4291.159571,0.918908,MODERATE GAP,5.0,37081|Psychiatry,Guilford County,0.3505389536412234,2.0514271653543306,False,1,0.09503931513322755
37081,North Carolina,Cardiology,Heart Disease,657,0,0,0.0,0.0,10823.136364,15071.056217,0.0,NO PROVIDER,100.0,37081|Cardiology,Guilford County,0.0,0.0,False,1,0.08653208169514648
48029,Texas,Pulmonary,Respiratory Disease,3563,0,0,0.0,0.0,4251.578947,5741.879972,0.0,NO PROVIDER,100.0,48029|Pulmonary,Bexar County,0.0,0.0,False,1,0.08653208169514648
37067,North Carolina,Psychiatry,Mental Health Disorders,1638,2,111,468.8,819.0,3104.5,4291.159571,0.263811,LOW GAP,1.44,37067|Psychiatry,Forsyth County,1.221001221001221,4.185714285714286,True,-1,-0.02764371750901007
26099,Michigan,Rheumatology,Arthritis,14917,1,567,1919.1,14917.0,10453.0,13315.598761,1.427054,HIGH GAP,7.77,26099|Rheumatology,Macomb County,0.06703760809814306,3.3786971830985912,False,1,0.15064439728601053
48113,Texas,Cardiology,Heart Disease,2439,0,0,0.0,0.0,10823.136364,15071.056217,0.0,NO PROVIDER,100.0,48113|Cardiology,Dallas County,0.0,0.0,False,1,0.08653208169514648
26099,Michigan,Pulmonary,Respiratory Disease,5106,1,88,241.7,5106.0,4251.578947,5741.879972,1.200966,HIGH GAP,6.54,26099|Pulmonary,Macomb County,0.19584802193497844,2.7157303370786514,False,1,0.14311443478223268
37067,North Carolina,Cardiology,Heart Disease,20993,1,794,3541.9,20993.0,10823.136364,15071.056217,1.939641,HIGH GAP,10.56,37067|Cardiology,Forsyth County,0.04763492592769018,4.455220125786163,False,1,0.08170408677168772
26077,Michigan,Pulmonary,Respiratory Disease,25425,1,829,2733.6,25425.0,4251.578947,5741.879972,5.980131,CRITICAL GAP,32.56,26077|Pulmonary,Kalamazoo County,0.03933136676499508,3.293493975903614,False,1,0.132277797598576
37183,North Carolina,Endocrinology,Diabetes,15873,2,902,2223.2,7936.5,18070.0,22988.768287,0.439209,LOW GAP,2.39,37183|Endocrinology,Wake County,0.126000126000126,2.4620155038759686,False,1,0.14589475395350748
26077,Michigan,Rheumatology,Arthritis,1580,0,0,0.0,0.0,10453.0,13315.598761,0.0,NO PROVIDER,100.0,26077|Rheumatology,Kalamazoo County,0.0,0.0,False,1,0.08653208169514648
26049,Michigan,Pulmonary,Respiratory Disease,2588,1,647,2680.8,2588.0,4251.578947,5741.879972,0.608715,MODERATE GAP,3.31,26049|Pulmonary,Genesee County,0.3863987635239567,4.137037037037038,False,1,0.08548249362348526
37081,North Carolina,Endocrinology,Diabetes,23213,2,424,1448.5,11606.5,18070.0,22988.768287,0.642308,MODERATE GAP,3.5,37081|Endocrinology,Guilford County,0.08615861801576703,3.408235294117647,False,1,0.1444343772120349
48201,Texas,Cardiology,Heart Disease,12923,5,2349,5848.0,2584.6,10823.136364,15071.056217,0.238803,LOW GAP,1.3,48201|Cardiology,Harris County,0.3869070649230055,2.4885106382978726,False,1,0.10492539937743911
48201,Texas,Pulmonary,Respiratory Disease,9310,0,0,0.0,0.0,4251.578947,5741.879972,0.0,NO PROVIDER,100.0,48201|Pulmonary,Harris County,0.0,0.0,False,1,0.08653208169514648
37081,North Carolina,Endocrinology,Diabetes,21108,2,1395,5954.2,10554.0,18070.0,22988.768287,0.584062,MODERATE GAP,3.18,37081|Endocrinology,Guilford County,0.09475080538184574,4.265186246418338,False,1,0.12298196571366526
37183,North Carolina,Cardiology,Heart Disease,5929,1,204,521.5,5929.0,10823.136364,15071.056217,0.547808,MODERATE GAP,2.98,37183|Cardiology,Wake County,0.16866250632484397,2.5439024390243903,False,1,0.14509673158796543
26163,Michigan,Pulmonary,Respiratory Disease,3355,1,521,1176.1,3355.0,4251.578947,5741.879972,0.789119,MODERATE GAP,4.3,26163|Pulmonary,Wayne County,0.29806259314456035,2.2530651340996166,False,1,0.11775417640756841
26163,Michigan,Psychiatry,Mental Health Disorders,7914,0,0,0.0,0.0,3104.5,4291.159571,0.0,NO PROVIDER,100.0,26163|Psychiatry,Wayne County,0.0,0.0,False,1,0.08653208169514648
48113,Texas,Cardiology,Heart Disease,80437,1,368,1022.2,80437.0,10823.136364,15071.056217,7.431949,CRITICAL GAP,40.47,48113|Cardiology,Dallas County,0.012432089709959347,2.770189701897019,False,1,0.08818599719357328
26163,Michigan,Pulmonary,Respiratory Disease,2492,0,0,0.0,0.0,4251.578947,5741.879972,0.0,NO PROVIDER,100.0,26163|Pulmonary,Wayne County,0.0,0.0,False,1,0.08653208169514648
26077,Michigan,Psychiatry,Mental Health Disorders,16914,1,690,1212.8,16914.0,3104.5,4291.159571,5.44822,CRITICAL GAP,29.66,26077|Psychiatry,Kalamazoo County,0.05912262031453234,1.755137481910275,False,1,0.1134563876007576
48113,Texas,Cardiology,Heart Disease,4954,1,767,3227.5,4954.0,10823.136364,15071.056217,0.457723,LOW GAP,2.49,48113|Cardiology,Dallas County,0.20185708518368994,4.202473958333333,False,1,0.11030702423196859
48029,Texas,Pulmonary,Respiratory Disease,3584,1,630,1085.0,3584.0,4251.578947,5741.879972,0.842981,MODERATE GAP,4.59,48029|Pulmonary,Bexar County,0.27901785714285715,1.7194928684627575,False,1,0.08186628639090121
26125,Michigan,Rheumatology,Arthritis,18955,1,346,1124.1,18955.0,10453.0,13315.598761,1.813355,HIGH GAP,9.87,26125|Rheumatology,Oakland County,0.05275652862041678,3.2394812680115272,False,1,0.14980097631739914
26099,Michigan,Psychiatry,Mental Health Disorders,2770,0,0,0.0,0.0,3104.5,4291.159571,0.0,NO PROVIDER,100.0,26099|Psychiatry,Macomb County,0.0,0.0,False,1,0.08653208169514648
48439,Texas,Pulmonary,Respiratory Disease,4056,1,60,227.3,4056.0,4251.578947,5741.879972,0.953999,MODERATE GAP,5.19,48439|Pulmonary,Tarrant County,0.2465483234714004,3.7262295081967216,False,1,0.12295551733325344
48113,Texas,Cardiology,Heart Disease,85187,1,436,978.2,85187.0,10823.136364,15071.056217,7.870824,CRITICAL GAP,42.86,48113|Cardiology,Dallas County,0.011738880345592638,2.2384439359267736,False,1,0.059507199020926826
26125,Michigan,Pulmonary,Respiratory Disease,1684,0,0,0.0,0.0,4251.578947,5741.879972,0.0,NO PROVIDER,100.0,26125|Pulmonary,Oakland County,0.0,0.0,False,1,0.08653208169514648
48029,Texas,Endocrinology,Diabetes,9281,1,728,2924.8,9281.0,18070.0,22988.768287,0.513614,MODERATE GAP,2.8,48029|Endocrinology,Bexar County,0.10774701002047193,4.012071330589849,False,1,0.14043561450005815
48085,Texas,Pulmonary,Respiratory Disease,426,1,79,301.0,426.0,4251.578947,5741.879972,0.100198,LOW GAP,0.55,48085|Pulmonary,Collin County,2.347417840375587,3.7625,True,-1,-0.09312985024240172
37051,North Carolina,Cardiology,Heart Disease,14030,2,192,838.6,7015.0,10823.136364,15071.056217,0.648149,MODERATE GAP,3.53,37051|Cardiology,Cumberland County,0.14255167498218105,4.345077720207254,False,1,0.10260844820651438
37067,North Carolina,Cardiology,Heart Disease,60132,1,140,304.8,60132.0,10823.136364,15071.056217,5.555876,CRITICAL GAP,30.25,37067|Cardiology,Forsyth County,0.016630080489589572,2.1617021276595745,False,1,0.0717816066200877
26049,Michigan,Rheumatology,Arthritis,39353,2,1480,2459.1,19676.5,10453.0,13315.598761,1.882378,HIGH GAP,10.25,26049|Rheumatology,Genesee County,0.050822046603816735,1.6604321404456448,False,1,0.08939718201442931
37183,North Carolina,Cardiology,Heart Disease,13099,1,805,3053.1,13099.0,10823.136364,15071.056217,1.210278,HIGH GAP,6.59,37183|Cardiology,Wake County,0.07634170547370028,3.7879652605459055,False,1,0.14136397664183908
26049,Michigan,Rheumatology,Arthritis,170701,3,1451,3446.2,56900.3333,10453.0,13315.598761,5.443445,CRITICAL GAP,29.64,26049|Rheumatology,Genesee County,0.01757458948688057,2.3734159779614323,False,1,0.08294561144286416
26049,Michigan,Rheumatology,Arthritis,56865,1,73,230.7,56865.0,10453.0,13315.598761,5.440065,CRITICAL GAP,29.62,26049|Rheumatology,Genesee County,0.017585509540138926,3.1175675675675674,False,1,0.09501508536862163
37183,North Carolina,Rheumatology,Arthritis,74929,4,266,617.0,18732.25,10453.0,13315.598761,1.792045,HIGH GAP,9.76,37183|Rheumatology,Wake County,0.053383870063660264,2.310861423220974,False,1,0.14764762179577023
26163,Michigan,Pulmonary,Respiratory Disease,648,2,1033,3793.0,324.0,4251.578947,5741.879972,0.076207,LOW GAP,0.41,26163|Pulmonary,Wayne County,3.0864197530864197,3.6682785299806575,True,-1,-0.12612602543103624
48113,Texas,Endocrinology,Diabetes,11295,0,0,0.0,0.0,18070.0,22988.768287,0.0,NO PROVIDER,100.0,48113|Endocrinology,Dallas County,0.0,0.0,False,1,0.08653208169514648
26163,Michigan,Rheumatology,Arthritis,215493,2,540,2180.2,107746.5,10453.0,13315.598761,10.307711,CRITICAL GAP,56.12,26163|Rheumatology,Wayne County,0.00928104393182145,4.029944547134935,False,1,0.04141647166542117
37081,North Carolina,Rheumatology,Arthritis,6672,1,110,276.1,6672.0,10453.0,13315.598761,0.638286,MODERATE GAP,3.48,37081|Rheumatology,Guilford County,0.14988009592326137,2.4873873873873875,False,1,0.13802311115659732
26099,Michigan,Rheumatology,Arthritis,5895,1,820,1439.6,5895.0,10453.0,13315.598761,0.563953,MODERATE GAP,3.07,26099|Rheumatology,Macomb County,0.16963528413910092,1.75347137637028,False,1,0.10022172207806929
37051,North Carolina,Endocrinology,Diabetes,16329,1,683,1175.5,16329.0,18070.0,22988.768287,0.903652,MODERATE GAP,4.92,37051|Endocrinology,Cumberland County,0.06124073733847755,1.7185672514619883,False,1,0.10799468179581817
26077,Michigan,Pulmonary,Respiratory Disease,16253,1,582,1429.7,16253.0,4251.578947,5741.879972,3.822815,CRITICAL GAP,20.81,26077|Pulmonary,Kalamazoo County,0.06152710268873438,2.4523156089193825,False,1,0.14671070389376123
37081,North Carolina,Cardiology,Heart Disease,20619,1,396,1713.7,20619.0,10823.136364,15071.056217,1.905085,HIGH GAP,10.37,37081|Cardiology,Guilford County,0.048498957272418645,4.316624685138539,False,1,0.11063043762289526
48029,Texas,Pulmonary,Respiratory Disease,1635,2,1271,5375.6,817.5,4251.578947,5741.879972,0.192282,LOW GAP,1.05,48029|Pulmonary,Bexar County,1.2232415902140672,4.226100628930818,True,-1,-0.02762512182601673
48113,Texas,Endocrinology,Diabetes,35075,1,201,710.4,35075.0,18070.0,22988.768287,1.941063,HIGH GAP,10.57,48113|Endocrinology,Dallas County,0.028510334996436206,3.516831683168317,False,1,0.11331730887625147
26099,Michigan,Psychiatry,Mental Health Disorders,455,1,175,552.7,455.0,3104.5,4291.159571,0.146561,LOW GAP,0.8,26099|Psychiatry,Macomb County,2.197802197802198,3.1403409090909093,True,-1,-0.08565963461245008
26163,Michigan,Rheumatology,Arthritis,3794,1,431,868.4,3794.0,10453.0,13315.598761,0.362958,LOW GAP,1.98,26163|Rheumatology,Wayne County,0.2635740643120717,2.0101851851851853,False,1,0.10870757882900206
37051,North Carolina,Endocrinology,Diabetes,18262,1,660,2112.9,18262.0,18070.0,22988.768287,1.010625,HIGH GAP,5.5,37051|Endocrinology,Cumberland County,0.05475851494907458,3.1965204236006053,False,1,0.1491349734352626
37119,North Carolina,Endocrinology,Diabetes,3419,0,0,0.0,0.0,18070.0,22988.768287,0.0,NO PROVIDER,100.0,37119|Endocrinology,Mecklenburg County,0.0,0.0,False,1,0.08653208169514648
26049,Michigan,Rheumatology,Arthritis,95711,1,588,2216.9,95711.0,10453.0,13315.598761,9.156319,CRITICAL GAP,49.85,26049|Rheumatology,Genesee County,0.010448119860831044,3.7638370118845503,False,1,0.05980266085663455
26163,Michigan,Rheumatology,Arthritis,41014,3,1294,2113.6,13671.3333,10453.0,13315.598761,1.307886,HIGH GAP,7.12,26163|Rheumatology,Wayne County,0.0731457551080119,1.632123552123552,False,1,0.09266755691356587
48201,Texas,Pulmonary,Respiratory Disease,10014,0,0,0.0,0.0,4251.578947,5741.879972,0.0,NO PROVIDER,100.0,48201|Pulmonary,Harris County,0.0,0.0,False,1,0.08653208169514648
37119,North Carolina,Cardiology,Heart Disease,18951,1,186,391.9,18951.0,10823.136364,15071.056217,1.750971,HIGH GAP,9.53,37119|Cardiology,Mecklenburg County,0.0527676639755158,2.09572192513369,False,1,0.14102969589732955
37119,North Carolina,Rheumatology,Arthritis,27358,3,1562,5041.6,9119.3333,10453.0,13315.598761,0.872413,MODERATE GAP,4.75,37119|Rheumatology,Mecklenburg County,0.10965713867972804,3.225591810620602,False,1,0.15142783626158818
48439,Texas,Cardiology,Heart Disease,8082,1,257,1035.9,8082.0,10823.136364,15071.056217,0.746734,MODERATE GAP,4.07,48439|Cardiology,Tarrant County,0.12373174956693887,4.015116279069768,False,1,0.13449548110655862
37119,North Carolina,Cardiology,Heart Disease,211406,3,533,2127.8,70468.6667,10823.136364,15071.056217,6.510928,CRITICAL GAP,35.45,37119|Cardiology,Mecklenburg County,0.014190704142739563,3.9846441947565547,False,1,0.06868013228060044
26077,Michigan,Psychiatry,Mental Health Disorders,1967,0,0,0.0,0.0,3104.5,4291.159571,0.0,NO PROVIDER,100.0,26077|Psychiatry,Kalamazoo County,0.0,0.0,False,1,0.08653208169514648
48201,Texas,Endocrinology,Diabetes,50555,3,1736,4026.8,16851.6667,18070.0,22988.768287,0.932577,MODERATE GAP,5.08,48201|Endocrinology,Harris County,0.05934131144298289,2.3182498560736904,False,1,0.14489281099757684
48201,Texas,Endocrinology,Diabetes,13531,0,0,0.0,0.0,18070.0,22988.768287,0.0,NO PROVIDER,100.0,48201|Endocrinology,Harris County,0.0,0.0,False,1,0.08653208169514648
37067,North Carolina,Psychiatry,Mental Health Disorders,15082,3,2458,5862.6,5027.3333,3104.5,4291.159571,1.61937,HIGH GAP,8.82,37067|Psychiatry,Forsyth County,0.19891261105954117,2.384139894265962,False,1,0.140522308255232
37183,North Carolina,Rheumatology,Arthritis,21221,1,309,630.6,21221.0,10453.0,13315.598761,2.030135,CRITICAL GAP,11.05,37183|Rheumatology,Wake County,0.047123132745864944,2.0341935483870968,False,1,0.1271186961557953
37051,North Carolina,Cardiology,Heart Disease,599,0,0,0.0,0.0,10823.136364,15071.056217,0.0,NO PROVIDER,100.0,37051|Cardiology,Cumberland County,0.0,0.0,False,1,0.08653208169514648
48085,Texas,Cardiology,Heart Disease,19285,1,528,953.4,19285.0,10823.136364,15071.056217,1.781831,HIGH GAP,9.7,48085|Cardiology,Collin County,0.05185377236193933,1.8022684310018904,False,1,0.1210872860192842
48439,Texas,Endocrinology,Diabetes,4906,0,0,0.0,0.0,18070.0,22988.768287,0.0,NO PROVIDER,100.0,48439|Endocrinology,Tarrant County,0.0,0.0,False,1,0.08653208169514648
37081,North Carolina,Rheumatology,Arthritis,70797,1,460,1965.3,70797.0,10453.0,13315.598761,6.772888,CRITICAL GAP,36.88,37081|Rheumatology,Guilford County,0.01412489229769623,4.2631236442516265,False,1,0.053182568200271674
37081,North Carolina,Rheumatology,Arthritis,2891,1,481,1354.1,2891.0,10453.0,13315.598761,0.276571,LOW GAP,1.51,37081|Rheumatology,Guilford County,0.3459010722933241,2.809336099585062,False,1,0.12355873663192507
37051,North Carolina,Endocrinology,Diabetes,50386,2,804,2582.1,25193.0,18070.0,22988.768287,1.394189,HIGH GAP,7.59,37051|Endocrinology,Cumberland County,0.0396935656730044,3.2075776397515527,False,1,0.13178975407159071
26099,Michigan,Psychiatry,Mental Health Disorders,7900,2,663,1369.9,3950.0,3104.5,4291.159571,1.272347,HIGH GAP,6.93,26099|Psychiatry,Macomb County,0.25316455696202533,2.0631024096385544,False,1,0.11264096413686109
26049,Michigan,Rheumatology,Arthritis,36619,1,137,509.0,36619.0,10453.0,13315.598761,3.503205,CRITICAL GAP,19.07,26049|Rheumatology,Genesee County,0.027308227969087086,3.6884057971014492,False,1,0.11397970576316341
26125,Michigan,Pulmonary,Respiratory Disease,2382,0,0,0.0,0.0,4251.578947,5741.879972,0.0,NO PROVIDER,100.0,26125|Pulmonary,Oakland County,0.0,0.0,False,1,0.08653208169514648
26163,Michigan,Pulmonary,Respiratory Disease,3744,1,491,2072.9,3744.0,4251.578947,5741.879972,0.880614,MODERATE GAP,4.79,26163|Pulmonary,Wayne County,0.26709401709401714,4.213211382113822,False,1,0.09925443162926739
48085,Texas,Pulmonary,Respiratory Disease,1003,0,0,0.0,0.0,4251.578947,5741.879972,0.0,NO PROVIDER,100.0,48085|Pulmonary,Collin County,0.0,0.0,False,1,0.08653208169514648
26099,Michigan,Rheumatology,Arthritis,26921,1,388,1515.3,26921.0,10453.0,13315.598761,2.575433,CRITICAL GAP,14.02,26099|Rheumatology,Macomb County,0.03714572267003454,3.8953727506426734,False,1,0.12087290715894783
26125,Michigan,Pulmonary,Respiratory Disease,5731,1,616,1849.6,5731.0,4251.578947,5741.879972,1.34797,HIGH GAP,7.34,26125|Pulmonary,Oakland County,0.17448961786773687,2.99773095623987,False,1,0.14390408051228326
37183,North Carolina,Endocrinology,Diabetes,11336,1,368,1044.4,11336.0,18070.0,22988.768287,0.627338,MODERATE GAP,3.42,37183|Endocrinology,Wake County,0.08821453775582216,2.8303523035230356,False,1,0.15164784216740734
37183,North Carolina,Cardiology,Heart Disease,13051,1,876,3175.1,13051.0,10823.136364,15071.056217,1.205843,HIGH GAP,6.57,37183|Cardiology,Wake County,0.07662248103593594,3.6204104903078678,False,1,0.14372758383585343
48439,Texas,Endocrinology,Diabetes,4131,0,0,0.0,0.0,18070.0,22988.768287,0.0,NO PROVIDER,100.0,48439|Endocrinology,Tarrant County,0.0,0.0,False,1,0.08653208169514648
26163,Michigan,Pulmonary,Respiratory Disease,12031,5,2499,4206.8,2406.2,4251.578947,5741.879972,0.565954,MODERATE GAP,3.08,26163|Pulmonary,Wayne County,0.41559305128418256,1.68272,False,1,0.043798728298363065
37051,North Carolina,Psychiatry,Mental Health Disorders,5263,1,432,795.1,5263.0,3104.5,4291.159571,1.695281,HIGH GAP,9.23,37051|Psychiatry,Cumberland County,0.19000570017100513,1.8362586605080833,False,1,0.10869238589841596
37051,North Carolina,Cardiology,Heart Disease,15350,2,798,2530.3,7675.0,10823.136364,15071.056217,0.709129,MODERATE GAP,3.86,37051|Cardiology,Cumberland County,0.13029315960912052,3.1668335419274096,False,1,0.1428668591348346
37119,North Carolina,Psychiatry,Mental Health Disorders,2572,1,495,2115.6,2572.0,3104.5,4291.159571,0.828475,MODERATE GAP,4.51,37119|Psychiatry,Mecklenburg County,0.38880248833592534,4.265322580645161,False,1,0.08235185808562706
37067,North Carolina,Endocrinology,Diabetes,10378,1,96,230.3,10378.0,18070.0,22988.768287,0.574322,MODERATE GAP,3.13,37067|Endocrinology,Forsyth County,0.09635767970707265,2.3742268041237113,False,1,0.1454099497521068
48201,Texas,Pulmonary,Respiratory Disease,1782,1,54,173.5,1782.0,4251.578947,5741.879972,0.419138,LOW GAP,2.28,48201|Pulmonary,Harris County,0.5611672278338945,3.1545454545454548,False,1,0.06530868234613507
48029,Texas,Cardiology,Heart Disease,34836,2,1148,1867.9,17418.0,10823.136364,15071.056217,1.60933,HIGH GAP,8.76,48029|Cardiology,Bexar County,0.05741187277528993,1.6256744995648391,False,1,0.08406244028125809
26077,Michigan,Rheumatology,Arthritis,75368,4,3110,13570.7,18842.0,10453.0,13315.598761,1.802545,HIGH GAP,9.81,26077|Rheumatology,Kalamazoo County,0.05307292219509606,4.362166505946641,False,1,0.10646936900432147
26049,Michigan,Psychiatry,Mental Health Disorders,1915,0,0,0.0,0.0,3104.5,4291.159571,0.0,NO PROVIDER,100.0,26049|Psychiatry,Genesee County,0.0,0.0,False,1,0.08653208169514648
37183,North Carolina,Psychiatry,Mental Health Disorders,10739,2,1389,6218.2,5369.5,3104.5,4291.159571,1.729586,HIGH GAP,9.42,37183|Psychiatry,Wake County,0.1862370798025887,4.473525179856115,False,1,0.07708980897280338
37119,North Carolina,Rheumatology,Arthritis,3319,0,0,0.0,0.0,10453.0,13315.598761,0.0,NO PROVIDER,100.0,37119|Rheumatology,Mecklenburg County,0.0,0.0,False,1,0.08653208169514648
37051,North Carolina,Rheumatology,Arthritis,8317,1,607,2169.1,8317.0,10453.0,13315.598761,0.795657,MODERATE GAP,4.33,37051|Rheumatology,Cumberland County,0.12023566189731875,3.5675986842105263,False,1,0.14298593941067722
48113,Texas,Cardiology,Heart Disease,26547,1,758,1255.2,26547.0,10823.136364,15071.056217,2.452801,CRITICAL GAP,13.36,48113|Cardiology,Dallas County,0.03766903981617509,1.6537549407114625,False,1,0.07668774946345669
37119,North Carolina,Psychiatry,Mental Health Disorders,426,2,1232,4174.9,213.0,3104.5,4291.159571,0.06861,LOW GAP,0.37,37119|Psychiatry,Mecklenburg County,4.694835680751174,3.3859691808596915,True,-1,-0.1487434592375395
37081,North Carolina,Endocrinology,Diabetes,1301,0,0,0.0,0.0,18070.0,22988.768287,0.0,NO PROVIDER,100.0,37081|Endocrinology,Guilford County,0.0,0.0,False,1,0.08653208169514648
48085,Texas,Endocrinology,Diabetes,183011,1,845,3390.5,183011.0,18070.0,22988.768287,10.127892,CRITICAL GAP,55.14,48085|Endocrinology,Collin County,0.0054641524279961315,4.007683215130023,True,-1,-0.009148591445553245
26125,Michigan,Rheumatology,Arthritis,3017,1,184,361.4,3017.0,10453.0,13315.598761,0.288625,LOW GAP,1.57,26125|Rheumatology,Oakland County,0.33145508783559824,1.9535135135135133,False,1,0.09214439815474734
26163,Michigan,Psychiatry,Mental Health Disorders,5771,1,501,2096.6,5771.0,3104.5,4291.159571,1.858914,HIGH GAP,10.12,26163|Psychiatry,Wayne County,0.17328019407381737,4.176494023904382,False,1,0.11750736820572344
26077,Michigan,Rheumatology,Arthritis,6013,1,655,1289.5,6013.0,10453.0,13315.598761,0.575242,MODERATE GAP,3.13,26077|Rheumatology,Kalamazoo County,0.16630633627141195,1.9657012195121952,False,1,0.11835935118856561
37067,North Carolina,Endocrinology,Diabetes,1348,0,0,0.0,0.0,18070.0,22988.768287,0.0,NO PROVIDER,100.0,37067|Endocrinology,Forsyth County,0.0,0.0,False,1,0.08653208169514648
48085,Texas,Pulmonary,Respiratory Disease,2014,0,0,0.0,0.0,4251.578947,5741.879972,0.0,NO PROVIDER,100.0,48085|Pulmonary,Collin County,0.0,0.0,False,1,0.08653208169514648
37183,North Carolina,Endocrinology,Diabetes,4084,0,0,0.0,0.0,18070.0,22988.768287,0.0,NO PROVIDER,100.0,37183|Endocrinology,Wake County,0.0,0.0,False,1,0.08653208169514648
26125,Michigan,Psychiatry,Mental Health Disorders,3588,3,1985,4036.2,1196.0,3104.5,4291.159571,0.385247,LOW GAP,2.1,26125|Psychiatry,Oakland County,0.8361204013377926,2.0323262839879153,False,1,0.0018789368662947004
26099,Michigan,Psychiatry,Mental Health Disorders,5963,0,0,0.0,0.0,3104.5,4291.159571,0.0,NO PROVIDER,100.0,26099|Psychiatry,Macomb County,0.0,0.0,False,1,0.08653208169514648
26049,Michigan,Pulmonary,Respiratory Disease,627,0,0,0.0,0.0,4251.578947,5741.879972,0.0,NO PROVIDER,100.0,26049|Pulmonary,Genesee County,0.0,0.0,False,1,0.08653208169514648
37051,North Carolina,Rheumatology,Arthritis,12891,1,252,1119.4,12891.0,10453.0,13315.598761,1.233234,HIGH GAP,6.71,37051|Rheumatology,Cumberland County,0.07757350089209525,4.424505928853756,False,1,0.1000212756638732
37081,North Carolina,Endocrinology,Diabetes,11649,1,283,1113.8,11649.0,18070.0,22988.768287,0.64466,MODERATE GAP,3.51,37081|Endocrinology,Guilford County,0.08584427847883938,3.9218309859154927,False,1,0.14012017566967516
37051,North Carolina,Endocrinology,Diabetes,77720,3,541,2171.0,25906.6667,18070.0,22988.768287,1.433684,HIGH GAP,7.81,37051|Endocrinology,Cumberland County,0.03860010293360782,4.0055350553505535,False,1,0.11575396206582539
26099,Michigan,Pulmonary,Respiratory Disease,910,1,409,732.6,910.0,4251.578947,5741.879972,0.214038,LOW GAP,1.17,26099|Pulmonary,Macomb County,1.098901098901099,1.786829268292683,True,-1,-0.040342754812549675
37051,North Carolina,Cardiology,Heart Disease,408,0,0,0.0,0.0,10823.136364,15071.056217,0.0,NO PROVIDER,100.0,37051|Cardiology,Cumberland County,0.0,0.0,False,1,0.08653208169514648
26049,Michigan,Pulmonary,Respiratory Disease,28423,1,789,2033.3,28423.0,4251.578947,5741.879972,6.685281,CRITICAL GAP,36.4,26049|Pulmonary,Genesee County,0.03518277451359814,2.5737974683544302,False,1,0.12685932176157272
26099,Michigan,Pulmonary,Respiratory Disease,1777,0,0,0.0,0.0,4251.578947,5741.879972,0.0,NO PROVIDER,100.0,26099|Pulmonary,Macomb County,0.0,0.0,False,1,0.08653208169514648
48029,Texas,Endocrinology,Diabetes,117477,2,560,2326.5,58738.5,18070.0,22988.768287,3.250609,CRITICAL GAP,17.7,48029|Endocrinology,Bexar County,0.017024609072414175,4.147058823529412,False,1,0.0612866142918973
37081,North Carolina,Cardiology,Heart Disease,4850,1,587,1972.6,4850.0,10823.136364,15071.056217,0.448114,LOW GAP,2.44,37081|Cardiology,Guilford County,0.2061855670103093,3.3547619047619044,False,1,0.1353038745466274
37183,North Carolina,Endocrinology,Diabetes,56825,2,898,3100.3,28412.5,18070.0,22988.768287,1.572357,HIGH GAP,8.56,37183|Endocrinology,Wake County,0.03519577650681918,3.4486095661846496,False,1,0.12206949928429284
37119,North Carolina,Psychiatry,Mental Health Disorders,2016,1,633,1025.3,2016.0,3104.5,4291.159571,0.64938,MODERATE GAP,3.54,37119|Psychiatry,Mecklenburg County,0.496031746031746,1.617192429022082,False,1,0.018109108927815365
48201,Texas,Endocrinology,Diabetes,84540,4,1354,5909.8,21135.0,18070.0,22988.768287,1.169618,HIGH GAP,6.37,48201|Endocrinology,Harris County,0.04731488052992666,4.3614760147601475,False,1,0.10549040732131154
37081,North Carolina,Psychiatry,Mental Health Disorders,6151,3,1116,4424.6,2050.3333,3104.5,4291.159571,0.660439,MODERATE GAP,3.6,37081|Psychiatry,Guilford County,0.4877255730775484,3.961145926589078,False,1,0.060830438887770844
37067,North Carolina,Rheumatology,Arthritis,2797,0,0,0.0,0.0,10453.0,13315.598761,0.0,NO PROVIDER,100.0,37067|Rheumatology,Forsyth County,0.0,0.0,False,1,0.08653208169514648
48029,Texas,Pulmonary,Respiratory Disease,3114,0,0,0.0,0.0,4251.578947,5741.879972,0.0,NO PROVIDER,100.0,48029|Pulmonary,Bexar County,0.0,0.0,False,1,0.08653208169514648
26125,Michigan,Pulmonary,Respiratory Disease,3694,0,0,0.0,0.0,4251.578947,5741.879972,0.0,NO PROVIDER,100.0,26125|Pulmonary,Oakland County,0.0,0.0,False,1,0.08653208169514648
37119,North Carolina,Psychiatry,Mental Health Disorders,1268,1,501,1314.2,1268.0,3104.5,4291.159571,0.408439,LOW GAP,2.22,37119|Psychiatry,Mecklenburg County,0.7886435331230284,2.6179282868525897,False,1,0.03790831793335259
37067,North Carolina,Rheumatology,Arthritis,2707,1,670,1826.3,2707.0,10453.0,13315.598761,0.258969,LOW GAP,1.41,37067|Rheumatology,Forsyth County,0.3694126339120798,2.7217585692995527,False,1,0.11169186655121827
37051,North Carolina,Cardiology,Heart Disease,604,0,0,0.0,0.0,10823.136364,15071.056217,0.0,NO PROVIDER,100.0,37051|Cardiology,Cumberland County,0.0,0.0,False,1,0.08653208169514648
26099,Michigan,Rheumatology,Arthritis,86497,1,651,2745.0,86497.0,10453.0,13315.598761,8.274849,CRITICAL GAP,45.06,26099|Rheumatology,Macomb County,0.011561094604437149,4.210122699386503,False,1,0.042780736130344055
26049,Michigan,Psychiatry,Mental Health Disorders,1628,0,0,0.0,0.0,3104.5,4291.159571,0.0,NO PROVIDER,100.0,26049|Psychiatry,Genesee County,0.0,0.0,False,1,0.08653208169514648
26099,Michigan,Rheumatology,Arthritis,71553,1,558,1786.8,71553.0,10453.0,13315.598761,6.845212,CRITICAL GAP,37.27,26099|Rheumatology,Macomb County,0.01397565441001775,3.196422182468694,False,1,0.08559442873580148
37051,North Carolina,Endocrinology,Diabetes,20787,1,219,476.8,20787.0,18070.0,22988.768287,1.15036,HIGH GAP,6.26,37051|Endocrinology,Cumberland County,0.048106989945639105,2.1672727272727275,False,1,0.1359671789182853
37051,North Carolina,Rheumatology,Arthritis,4757,2,569,2355.3,2378.5,10453.0,13315.598761,0.227542,LOW GAP,1.24,37051|Rheumatology,Cumberland County,0.42043304603741855,4.132105263157895,False,1,0.07556157719173551
37067,North Carolina,Endocrinology,Diabetes,8653,1,679,2906.7,8653.0,18070.0,22988.768287,0.47886,LOW GAP,2.61,37067|Endocrinology,Forsyth County,0.11556685542586387,4.274558823529412,False,1,0.12139152026060868
48085,Texas,Endocrinology,Diabetes,2885,0,0,0.0,0.0,18070.0,22988.768287,0.0,NO PROVIDER,100.0,48085|Endocrinology,Collin County,0.0,0.0,False,1,0.08653208169514648
26125,Michigan,Psychiatry,Mental Health Disorders,2325,2,615,2742.0,1162.5,3104.5,4291.159571,0.374456,LOW GAP,2.04,26125|Psychiatry,Oakland County,0.8602150537634409,4.451298701298701,True,-1,-0.014487547417131652
48085,Texas,Endocrinology,Diabetes,129712,4,3138,13639.4,32428.0,18070.0,22988.768287,1.794577,HIGH GAP,9.77,48085|Endocrinology,Collin County,0.030837547798199083,4.345141764893278,False,1,0.08553622859314758
37067,North Carolina,Cardiology,Heart Disease,522,0,0,0.0,0.0,10823.136364,15071.056217,0.0,NO PROVIDER,100.0,37067|Cardiology,Forsyth County,0.0,0.0,False,1,0.08653208169514648
48439,Texas,Endocrinology,Diabetes,34612,1,54,87.2,34612.0,18070.0,22988.768287,1.91544,HIGH GAP,10.43,48439|Endocrinology,Tarrant County,0.028891713856465967,1.5854545454545454,False,1,0.053030188271613876
37183,North Carolina,Rheumatology,Arthritis,4457,0,0,0.0,0.0,10453.0,13315.598761,0.0,NO PROVIDER,100.0,37183|Rheumatology,Wake County,0.0,0.0,False,1,0.08653208169514648
48201,Texas,Endocrinology,Diabetes,14426,0,0,0.0,0.0,18070.0,22988.768287,0.0,NO PROVIDER,100.0,48201|Endocrinology,Harris County,0.0,0.0,False,1,0.08653208169514648
26099,Michigan,Pulmonary,Respiratory Disease,5088,1,428,885.1,5088.0,4251.578947,5741.879972,1.196732,HIGH GAP,6.52,26099|Pulmonary,Macomb County,0.19654088050314467,2.063170163170163,False,1,0.12295964106486174
48029,Texas,Pulmonary,Respiratory Disease,6194,3,488,1943.1,2064.6667,4251.578947,5741.879972,0.485624,LOW GAP,2.64,48029|Pulmonary,Bexar County,0.48433968356474005,3.9736196319018404,False,1,0.059225879490933164
48085,Texas,Pulmonary,Respiratory Disease,2307,0,0,0.0,0.0,4251.578947,5741.879972,0.0,NO PROVIDER,100.0,48085|Pulmonary,Collin County,0.0,0.0,False,1,0.08653208169514648
37067,North Carolina,Psychiatry,Mental Health Disorders,1276,0,0,0.0,0.0,3104.5,4291.159571,0.0,NO PROVIDER,100.0,37067|Psychiatry,Forsyth County,0.0,0.0,False,1,0.08653208169514648
26125,Michigan,Pulmonary,Respiratory Disease,265,1,897,2768.2,265.0,4251.578947,5741.879972,0.06233,LOW GAP,0.34,26125|Pulmonary,Oakland County,3.7735849056603774,3.0826280623608016,True,-1,-0.14276331186754188
26125,Michigan,Rheumatology,Arthritis,9996,0,0,0.0,0.0,10453.0,13315.598761,0.0,NO PROVIDER,100.0,26125|Rheumatology,Oakland County,0.0,0.0,False,1,0.08653208169514648
26049,Michigan,Psychiatry,Mental Health Disorders,4751,2,1625,6875.8,2375.5,3104.5,4291.159571,0.76518,MODERATE GAP,4.17,26049|Psychiatry,Genesee County,0.42096400757735214,4.228659286592866,False,1,0.07230405554912778
48439,Texas,Cardiology,Heart Disease,6419,1,206,914.7,6419.0,10823.136364,15071.056217,0.593081,MODERATE GAP,3.23,48439|Cardiology,Tarrant County,0.15578750584203147,4.418840579710145,False,1,0.08840437917573263
26099,Michigan,Pulmonary,Respiratory Disease,5218,2,348,1054.2,2609.0,4251.578947,5741.879972,0.613654,MODERATE GAP,3.34,26099|Pulmonary,Macomb County,0.3832886163280951,3.0206303724928367,False,1,0.10999414845924921
37183,North Carolina,Psychiatry,Mental Health Disorders,5260,0,0,0.0,0.0,3104.5,4291.159571,0.0,NO PROVIDER,100.0,37183|Psychiatry,Wake County,0.0,0.0,False,1,0.08653208169514648
37081,North Carolina,Psychiatry,Mental Health Disorders,4919,1,81,242.3,4919.0,3104.5,4291.159571,1.584474,HIGH GAP,8.63,37081|Psychiatry,Guilford County,0.20329335230737955,2.954878048780488,False,1,0.14536178912860748
37119,North Carolina,Rheumatology,Arthritis,8202,0,0,0.0,0.0,10453.0,13315.598761,0.0,NO PROVIDER,100.0,37119|Rheumatology,Mecklenburg County,0.0,0.0,False,1,0.08653208169514648
37067,North Carolina,Endocrinology,Diabetes,1432,0,0,0.0,0.0,18070.0,22988.768287,0.0,NO PROVIDER,100.0,37067|Endocrinology,Forsyth County,0.0,0.0,False,1,0.08653208169514648
48029,Texas,Pulmonary,Respiratory Disease,2727,0,0,0.0,0.0,4251.578947,5741.879972,0.0,NO PROVIDER,100.0,48029|Pulmonary,Bexar County,0.0,0.0,False,1,0.08653208169514648
48201,Texas,Endocrinology,Diabetes,102702,4,242,940.9,25675.5,18070.0,22988.768287,1.420891,HIGH GAP,7.74,48201|Endocrinology,Harris County,0.0389476349048704,3.87201646090535,False,1,0.12377002881621552
26125,Michigan,Psychiatry,Mental Health Disorders,13009,0,0,0.0,0.0,3104.5,4291.159571,0.0,NO PROVIDER,100.0,26125|Psychiatry,Oakland County,0.0,0.0,False,1,0.08653208169514648
37183,North Carolina,Cardiology,Heart Disease,17884,1,857,3209.9,17884.0,10823.136364,15071.056217,1.652386,HIGH GAP,9.0,37183|Cardiology,Wake County,0.05591590248266607,3.7411421911421914,False,1,0.14670446356459166
37119,North Carolina,Endocrinology,Diabetes,29032,1,239,440.2,29032.0,18070.0,22988.768287,1.606641,HIGH GAP,8.75,37119|Endocrinology,Mecklenburg County,0.034444750620005515,1.8341666666666667,False,1,0.10219791397620837
37119,North Carolina,Rheumatology,Arthritis,4526,0,0,0.0,0.0,10453.0,13315.598761,0.0,NO PROVIDER,100.0,37119|Rheumatology,Mecklenburg County,0.0,0.0,False,1,0.08653208169514648
48113,Texas,Cardiology,Heart Disease,4852,0,0,0.0,0.0,10823.136364,15071.056217,0.0,NO PROVIDER,100.0,48113|Cardiology,Dallas County,0.0,0.0,False,1,0.08653208169514648
26163,Michigan,Rheumatology,Arthritis,9751,1,724,1657.0,9751.0,10453.0,13315.598761,0.932842,MODERATE GAP,5.08,26163|Rheumatology,Wayne County,0.10255358424776946,2.2855172413793103,False,1,0.14756672643095065
48029,Texas,Pulmonary,Respiratory Disease,732,1,259,1042.8,732.0,4251.578947,5741.879972,0.172171,LOW GAP,0.94,48029|Pulmonary,Bexar County,1.366120218579235,4.01076923076923,True,-1,-0.036146312962854976
26099,Michigan,Rheumatology,Arthritis,8351,1,356,1096.9,8351.0,10453.0,13315.598761,0.798909,MODERATE GAP,4.35,26099|Rheumatology,Macomb County,0.11974613818704347,3.0725490196078433,False,1,0.14975469659159169
37183,North Carolina,Endocrinology,Diabetes,135481,1,749,1819.0,135481.0,18070.0,22988.768287,7.497565,CRITICAL GAP,40.82,37183|Endocrinology,Wake County,0.007381108790162458,2.425333333333333,False,1,0.01884040598493708
48439,Texas,Cardiology,Heart Disease,19326,3,639,1006.1,6442.0,10823.136364,15071.056217,0.595206,MODERATE GAP,3.24,48439|Cardiology,Tarrant County,0.1552312946289972,1.57203125,False,1,0.0730772005213769
37051,North Carolina,Rheumatology,Arthritis,17978,1,210,855.8,17978.0,10453.0,13315.598761,1.719889,HIGH GAP,9.36,37051|Rheumatology,Cumberland County,0.0556235398820781,4.055924170616113,False,1,0.13076784011095416
37183,North Carolina,Cardiology,Heart Disease,1875,1,148,472.4,1875.0,10823.136364,15071.056217,0.17324,LOW GAP,0.94,37183|Cardiology,Wake County,0.5333333333333333,3.170469798657718,False,1,0.06790397216012833
26077,Michigan,Psychiatry,Mental Health Disorders,5532,1,628,1069.4,5532.0,3104.5,4291.159571,1.781929,HIGH GAP,9.7,26077|Psychiatry,Kalamazoo County,0.18076644974692696,1.7001589825119239,False,1,0.08764106883409928
48113,Texas,Endocrinology,Diabetes,29173,1,191,431.6,29173.0,18070.0,22988.768287,1.614444,HIGH GAP,8.79,48113|Endocrinology,Dallas County,0.03427827100401056,2.247916666666667,False,1,0.12028228143242431
37051,North Carolina,Cardiology,Heart Disease,497,0,0,0.0,0.0,10823.136364,15071.056217,0.0,NO PROVIDER,100.0,37051|Cardiology,Cumberland County,0.0,0.0,False,1,0.08653208169514648
26163,Michigan,Rheumatology,Arthritis,8568,1,418,1410.5,8568.0,10453.0,13315.598761,0.819669,MODERATE GAP,4.46,26163|Rheumatology,Wayne County,0.11671335200746966,3.3663484486873507,False,1,0.1458882950116962
37067,North Carolina,Psychiatry,Mental Health Disorders,1861,1,325,1063.8,1861.0,3104.5,4291.159571,0.599452,MODERATE GAP,3.26,37067|Psychiatry,Forsyth County,0.5373455131649651,3.26319018404908,False,1,0.06724560306975036
48439,Texas,Pulmonary,Respiratory Disease,891,0,0,0.0,0.0,4251.578947,5741.879972,0.0,NO PROVIDER,100.0,48439|Pulmonary,Tarrant County,0.0,0.0,False,1,0.08653208169514648
37051,North Carolina,Cardiology,Heart Disease,4032,3,1117,3849.5,1344.0,10823.136364,15071.056217,0.124178,LOW GAP,0.68,37051|Cardiology,Cumberland County,0.744047619047619,3.4432021466905187,False,1,0.04274831042889771
37067,North Carolina,Psychiatry,Mental Health Disorders,28448,1,500,800.2,28448.0,3104.5,4291.159571,9.163472,CRITICAL GAP,49.89,37067|Psychiatry,Forsyth County,0.03515185601799775,1.5972055888223553,False,1,0.06336536886794775
26125,Michigan,Psychiatry,Mental Health Disorders,1137,1,207,377.4,1137.0,3104.5,4291.159571,0.366243,LOW GAP,1.99,26125|Psychiatry,Oakland County,0.8795074758135445,1.814423076923077,True,-1,-0.01827973826915863
37183,North Carolina,Cardiology,Heart Disease,14236,2,167,615.5,7118.0,10823.136364,15071.056217,0.657665,MODERATE GAP,3.58,37183|Cardiology,Wake County,0.14048890137679124,3.6636904761904763,False,1,0.1388916853850281
48439,Texas,Cardiology,Heart Disease,84917,1,698,1168.7,84917.0,10823.136364,15071.056217,7.845877,CRITICAL GAP,42.72,48439|Cardiology,Tarrant County,0.011776205000176643,1.6719599427753935,False,1,0.008477782616613694
26125,Michigan,Pulmonary,Respiratory Disease,1009,2,186,286.2,504.5,4251.578947,5741.879972,0.118662,LOW GAP,0.65,26125|Pulmonary,Oakland County,1.9821605550049552,1.53048128342246,True,-1,-0.10722231325137821
48029,Texas,Endocrinology,Diabetes,321081,2,917,2631.2,160540.5,18070.0,22988.768287,8.884366,CRITICAL GAP,48.37,48029|Endocrinology,Bexar County,0.00622895780192537,2.866230936819172,False,1,0.012516855173111852
48085,Texas,Endocrinology,Diabetes,114774,1,378,977.1,114774.0,18070.0,22988.768287,6.351633,CRITICAL GAP,34.58,48085|Endocrinology,Collin County,0.008712774670221479,2.578100263852243,False,1,0.048428014033698674
37081,North Carolina,Cardiology,Heart Disease,1704,1,233,463.6,1704.0,10823.136364,15071.056217,0.15744,LOW GAP,0.86,37081|Cardiology,Guilford County,0.5868544600938967,1.9811965811965813,False,1,0.03665584615052697
37051,North Carolina,Rheumatology,Arthritis,867,1,886,2741.7,867.0,10453.0,13315.598761,0.082943,LOW GAP,0.45,37051|Rheumatology,Cumberland County,1.1534025374855825,3.0909808342728295,True,-1,-0.012788156163467845
37183,North Carolina,Rheumatology,Arthritis,6737,0,0,0.0,0.0,10453.0,13315.598761,0.0,NO PROVIDER,100.0,37183|Rheumatology,Wake County,0.0,0.0,False,1,0.08653208169514648
37081,North Carolina,Endocrinology,Diabetes,26619,1,520,1202.6,26619.0,18070.0,22988.768287,1.473105,HIGH GAP,8.02,37081|Endocrinology,Guilford County,0.03756715128291822,2.308253358925144,False,1,0.13106248436704032
37119,North Carolina,Endocrinology,Diabetes,2978,0,0,0.0,0.0,18070.0,22988.768287,0.0,NO PROVIDER,100.0,37119|Endocrinology,Mecklenburg County,0.0,0.0,False,1,0.08653208169514648
37119,North Carolina,Psychiatry,Mental Health Disorders,3072,1,52,226.7,3072.0,3104.5,4291.159571,0.989531,MODERATE GAP,5.39,37119|Psychiatry,Mecklenburg County,0.3255208333333333,4.277358490566037,False,1,0.08876109554913608
26077,Michigan,Rheumatology,Arthritis,1574,0,0,0.0,0.0,10453.0,13315.598761,0.0,NO PROVIDER,100.0,26077|Rheumatology,Kalamazoo County,0.0,0.0,False,1,0.08653208169514648
26099,Michigan,Psychiatry,Mental Health Disorders,4890,0,0,0.0,0.0,3104.5,4291.159571,0.0,NO PROVIDER,100.0,26099|Psychiatry,Macomb County,0.0,0.0,False,1,0.08653208169514648
26125,Michigan,Pulmonary,Respiratory Disease,7919,1,242,572.7,7919.0,4251.578947,5741.879972,1.862602,HIGH GAP,10.14,26125|Pulmonary,Oakland County,0.12627857052658165,2.3567901234567903,False,1,0.14470861417142378
37081,North Carolina,Endocrinology,Diabetes,10640,1,861,2027.3,10640.0,18070.0,22988.768287,0.588821,MODERATE GAP,3.21,37081|Endocrinology,Guilford County,0.09398496240601505,2.3518561484918794,False,1,0.1436732910528311
26049,Michigan,Pulmonary,Respiratory Disease,4752,1,207,836.2,4752.0,4251.578947,5741.879972,1.117702,HIGH GAP,6.09,26049|Pulmonary,Genesee County,0.21043771043771042,4.020192307692308,False,1,0.109354966554227
26077,Michigan,Rheumatology,Arthritis,55703,3,1746,5144.0,18567.6667,10453.0,13315.598761,1.7763,HIGH GAP,9.67,26077|Rheumatology,Kalamazoo County,0.053857063353858856,2.9444762449914137,False,1,0.15436327619099866
37051,North Carolina,Rheumatology,Arthritis,1899,0,0,0.0,0.0,10453.0,13315.598761,0.0,NO PROVIDER,100.0,37051|Rheumatology,Cumberland County,0.0,0.0,False,1,0.08653208169514648
37183,North Carolina,Cardiology,Heart Disease,50640,1,364,824.0,50640.0,10823.136364,15071.056217,4.678866,CRITICAL GAP,25.48,37183|Cardiology,Wake County,0.01974723538704581,2.2575342465753425,False,1,0.08981439505703204
48439,Texas,Cardiology,Heart Disease,12045,1,830,2815.8,12045.0,10823.136364,15071.056217,1.112894,HIGH GAP,6.06,48439|Cardiology,Tarrant County,0.08302200083022002,3.388447653429603,False,1,0.1416969798997299
37051,North Carolina,Psychiatry,Mental Health Disorders,2088,0,0,0.0,0.0,3104.5,4291.159571,0.0,NO PROVIDER,100.0,37051|Psychiatry,Cumberland County,0.0,0.0,False,1,0.08653208169514648
26099,Michigan,Pulmonary,Respiratory Disease,6804,1,644,2861.3,6804.0,4251.578947,5741.879972,1.600347,HIGH GAP,8.71,26099|Pulmonary,Macomb County,0.14697236919459142,4.436124031007752,False,1,0.07793854542756484
26077,Michigan,Rheumatology,Arthritis,370,0,0,0.0,0.0,10453.0,13315.598761,0.0,NO PROVIDER,100.0,26077|Rheumatology,Kalamazoo County,0.0,0.0,False,1,0.08653208169514648
26077,Michigan,Pulmonary,Respiratory Disease,4100,1,184,524.3,4100.0,4251.578947,5741.879972,0.964348,MODERATE GAP,5.25,26077|Pulmonary,Kalamazoo County,0.24390243902439024,2.8340540540540538,False,1,0.13640878074620189
48439,Texas,Endocrinology,Diabetes,14906,1,675,2159.5,14906.0,18070.0,22988.768287,0.824903,MODERATE GAP,4.49,48439|Endocrinology,Tarrant County,0.06708707902857909,3.1945266272189348,False,1,0.1541042223429086
26049,Michigan,Psychiatry,Mental Health Disorders,2487,1,51,223.7,2487.0,3104.5,4291.159571,0.801095,MODERATE GAP,4.36,26049|Psychiatry,Genesee County,0.4020908725371934,4.301923076923076,False,1,0.07655340652796871
37081,North Carolina,Rheumatology,Arthritis,3509,0,0,0.0,0.0,10453.0,13315.598761,0.0,NO PROVIDER,100.0,37081|Rheumatology,Guilford County,0.0,0.0,False,1,0.08653208169514648
48029,Texas,Cardiology,Heart Disease,22287,3,985,2598.8,7429.0,10823.136364,15071.056217,0.6864,MODERATE GAP,3.74,48029|Cardiology,Bexar County,0.13460761879122357,2.6356997971602434,False,1,0.14144041959581777
48029,Texas,Pulmonary,Respiratory Disease,1810,1,244,921.8,1810.0,4251.578947,5741.879972,0.425724,LOW GAP,2.32,48029|Pulmonary,Bexar County,0.5524861878453039,3.7624489795918366,False,1,0.06027852567436176
26099,Michigan,Psychiatry,Mental Health Disorders,5780,0,0,0.0,0.0,3104.5,4291.159571,0.0,NO PROVIDER,100.0,26099|Psychiatry,Macomb County,0.0,0.0,False,1,0.08653208169514648
26125,Michigan,Psychiatry,Mental Health Disorders,7995,0,0,0.0,0.0,3104.5,4291.159571,0.0,NO PROVIDER,100.0,26125|Psychiatry,Oakland County,0.0,0.0,False,1,0.08653208169514648
37067,North Carolina,Endocrinology,Diabetes,33266,2,962,2667.6,16633.0,18070.0,22988.768287,0.920476,MODERATE GAP,5.01,37067|Endocrinology,Forsyth County,0.06012144531954548,2.770093457943925,False,1,0.1536383001303605
26163,Michigan,Pulmonary,Respiratory Disease,6801,1,599,2218.3,6801.0,4251.578947,5741.879972,1.599641,HIGH GAP,8.71,26163|Pulmonary,Wayne County,0.14703720041170418,3.697166666666667,False,1,0.13322069995007163
37067,North Carolina,Rheumatology,Arthritis,2222,0,0,0.0,0.0,10453.0,13315.598761,0.0,NO PROVIDER,100.0,37067|Rheumatology,Forsyth County,0.0,0.0,False,1,0.08653208169514648
48201,Texas,Cardiology,Heart Disease,102774,1,316,1263.0,102774.0,10823.136364,15071.056217,9.495769,CRITICAL GAP,51.7,48201|Cardiology,Harris County,0.009730087376184637,3.9842271293375395,False,1,0.04663595785234376
37183,North Carolina,Endocrinology,Diabetes,17233,1,430,1611.9,17233.0,18070.0,22988.768287,0.95368,MODERATE GAP,5.19,37183|Endocrinology,Wake County,0.05802820170602913,3.7399071925754064,False,1,0.14863079203799828
48201,Texas,Cardiology,Heart Disease,12028,1,195,833.7,12028.0,10823.136364,15071.056217,1.111323,HIGH GAP,6.05,48201|Cardiology,Harris County,0.08313934153641503,4.253571428571429,False,1,0.12086058645130915
26049,Michigan,Pulmonary,Respiratory Disease,5596,3,874,2983.6,1865.3333,4251.578947,5741.879972,0.438739,LOW GAP,2.39,26049|Pulmonary,Genesee County,0.536097212294496,3.409828571428571,False,1,0.06756835185892407
48201,Texas,Pulmonary,Respiratory Disease,71225,2,708,2078.1,35612.5,4251.578947,5741.879972,8.3763,CRITICAL GAP,45.61,48201|Pulmonary,Harris County,0.02808002808002808,2.9310296191819463,False,1,0.12732531630347965
48085,Texas,Pulmonary,Respiratory Disease,5001,2,1007,2048.0,2500.5,4251.578947,5741.879972,0.588134,MODERATE GAP,3.2,48085|Pulmonary,Collin County,0.3999200159968006,2.0317460317460316,False,1,0.08029562467992679
26163,Michigan,Psychiatry,Mental Health Disorders,743,1,843,2310.5,743.0,3104.5,4291.159571,0.23933,LOW GAP,1.3,26163|Psychiatry,Wayne County,1.3458950201884252,2.737559241706161,True,-1,-0.02496427315984373
26099,Michigan,Rheumatology,Arthritis,335666,3,1761,6429.0,111888.6667,10453.0,13315.598761,10.703977,CRITICAL GAP,58.28,26099|Rheumatology,Macomb County,0.008937455685115562,3.648694665153235,False,1,0.05264222743384617
26077,Michigan,Psychiatry,Mental Health Disorders,337,1,273,992.1,337.0,3104.5,4291.159571,0.108552,LOW GAP,0.59,26077|Psychiatry,Kalamazoo County,2.967359050445104,3.620802919708029,True,-1,-0.12170572089848686
26099,Michigan,Rheumatology,Arthritis,8158,1,532,1496.9,8158.0,10453.0,13315.598761,0.780446,MODERATE GAP,4.25,26099|Rheumatology,Macomb County,0.12257906349595488,2.80844277673546,False,1,0.15302710195917446
37183,North Carolina,Cardiology,Heart Disease,1285,1,363,1129.5,1285.0,10823.136364,15071.056217,0.118727,LOW GAP,0.65,37183|Cardiology,Wake County,0.7782101167315175,3.103021978021978,False,1,0.03863830296682713
37119,North Carolina,Psychiatry,Mental Health Disorders,5130,3,2529,5509.6,1710.0,3104.5,4291.159571,0.550813,MODERATE GAP,3.0,37119|Psychiatry,Mecklenburg County,0.5847953216374269,2.177707509881423,False,1,0.04989410082820722
26163,Michigan,Psychiatry,Mental Health Disorders,11335,0,0,0.0,0.0,3104.5,4291.159571,0.0,NO PROVIDER,100.0,26163|Psychiatry,Wayne County,0.0,0.0,False,1,0.08653208169514648
37183,North Carolina,Psychiatry,Mental Health Disorders,4640,0,0,0.0,0.0,3104.5,4291.159571,0.0,NO PROVIDER,100.0,37183|Psychiatry,Wake County,0.0,0.0,False,1,0.08653208169514648
48029,Texas,Cardiology,Heart Disease,18301,1,572,1021.2,18301.0,10823.136364,15071.056217,1.690915,HIGH GAP,9.21,48029|Cardiology,Bexar County,0.05464182285121031,1.7821989528795812,False,1,0.1191293651786508
26077,Michigan,Pulmonary,Respiratory Disease,652,0,0,0.0,0.0,4251.578947,5741.879972,0.0,NO PROVIDER,100.0,26077|Pulmonary,Kalamazoo County,0.0,0.0,False,1,0.08653208169514648
37183,North Carolina,Cardiology,Heart Disease,9266,1,558,2202.8,9266.0,10823.136364,15071.056217,0.856129,MODERATE GAP,4.66,37183|Cardiology,Wake County,0.10792143319663285,3.9406082289803224,False,1,0.14421009898509418
37183,North Carolina,Rheumatology,Arthritis,8356,0,0,0.0,0.0,10453.0,13315.598761,0.0,NO PROVIDER,100.0,37183|Rheumatology,Wake County,0.0,0.0,False,1,0.08653208169514648
26163,Michigan,Rheumatology,Arthritis,59109,4,1033,2376.8,14777.25,10453.0,13315.598761,1.413685,HIGH GAP,7.7,26163|Rheumatology,Wayne County,0.06767158977482278,2.298646034816248,False,1,0.1473781818293698
48439,Texas,Cardiology,Heart Disease,38831,2,1524,4545.2,19415.5,10823.136364,15071.056217,1.793889,HIGH GAP,9.77,48439|Cardiology,Tarrant County,0.05150524065823697,2.9804590163934424,False,1,0.1526350875897663
37051,North Carolina,Rheumatology,Arthritis,6519,1,257,663.8,6519.0,10453.0,13315.598761,0.623649,MODERATE GAP,3.4,37051|Rheumatology,Cumberland County,0.15339776039269826,2.5728682170542636,False,1,0.14061449930861092
48439,Texas,Pulmonary,Respiratory Disease,3430,0,0,0.0,0.0,4251.578947,5741.879972,0.0,NO PROVIDER,100.0,48439|Pulmonary,Tarrant County,0.0,0.0,False,1,0.08653208169514648
37183,North Carolina,Psychiatry,Mental Health Disorders,31551,1,542,1085.0,31551.0,3104.5,4291.159571,10.162989,CRITICAL GAP,55.34,37183|Psychiatry,Wake County,0.03169471649076099,1.9981583793738489,False,1,0.10299527057371338
26049,Michigan,Psychiatry,Mental Health Disorders,2413,1,558,1555.4,2413.0,3104.5,4291.159571,0.777259,MODERATE GAP,4.23,26049|Psychiatry,Genesee County,0.41442188147534187,2.7824686940966012,False,1,0.1017512150475981
48439,Texas,Endocrinology,Diabetes,20681,1,431,1154.5,20681.0,18070.0,22988.768287,1.144494,HIGH GAP,6.23,48439|Endocrinology,Tarrant County,0.048353561239785306,2.6724537037037037,False,1,0.14413728250228608
26049,Michigan,Pulmonary,Respiratory Disease,74662,2,1592,3704.8,37331.0,4251.578947,5741.879972,8.780503,CRITICAL GAP,47.81,26049|Pulmonary,Genesee County,0.02678738849749538,2.3256748273697427,False,1,0.11446470572255696
37183,North Carolina,Rheumatology,Arthritis,45167,3,2079,4097.8,15055.6667,10453.0,13315.598761,1.44032,HIGH GAP,7.84,37183|Rheumatology,Wake County,0.06642017402085593,1.9700961538461539,False,1,0.13068737986201595
26049,Michigan,Pulmonary,Respiratory Disease,38335,3,776,3224.1,12778.3333,4251.578947,5741.879972,3.00555,CRITICAL GAP,16.36,26049|Pulmonary,Genesee County,0.07825746706664928,4.149420849420849,False,1,0.12354982849931351
37183,North Carolina,Cardiology,Heart Disease,5689,1,393,684.1,5689.0,10823.136364,15071.056217,0.525633,MODERATE GAP,2.86,37183|Cardiology,Wake County,0.17577781683951485,1.7362944162436549,False,1,0.09658353953567805
48439,Texas,Pulmonary,Respiratory Disease,1378,1,604,1102.9,1378.0,4251.578947,5741.879972,0.324115,LOW GAP,1.76,48439|Pulmonary,Tarrant County,0.7256894049346879,1.8229752066115703,False,1,0.0058480427540459345
37067,North Carolina,Rheumatology,Arthritis,8236,1,629,1901.5,8236.0,10453.0,13315.598761,0.787908,MODERATE GAP,4.29,37067|Rheumatology,Forsyth County,0.12141816415735794,3.018253968253968,False,1,0.14972746529524944
37119,North Carolina,Psychiatry,Mental Health Disorders,15918,2,763,2123.8,7959.0,3104.5,4291.159571,2.563698,CRITICAL GAP,13.96,37119|Psychiatry,Mecklenburg County,0.12564392511622063,2.779842931937173,False,1,0.152220454589091
26049,Michigan,Psychiatry,Mental Health Disorders,4122,1,659,2867.8,4122.0,3104.5,4291.159571,1.32775,HIGH GAP,7.23,26049|Psychiatry,Genesee County,0.242600679281902,4.345151515151516,False,1,0.08824021313252728
37051,North Carolina,Cardiology,Heart Disease,18038,2,363,810.3,9019.0,10823.136364,15071.056217,0.833307,MODERATE GAP,4.54,37051|Cardiology,Cumberland County,0.11087703736556159,2.226098901098901,False,1,0.1442141949748788
26125,Michigan,Pulmonary,Respiratory Disease,2384,0,0,0.0,0.0,4251.578947,5741.879972,0.0,NO PROVIDER,100.0,26125|Pulmonary,Oakland County,0.0,0.0,False,1,0.08653208169514648
37119,North Carolina,Rheumatology,Arthritis,1484,1,117,347.2,1484.0,10453.0,13315.598761,0.141969,LOW GAP,0.77,37119|Rheumatology,Mecklenburg County,0.6738544474393532,2.942372881355932,False,1,0.05813359677511909
26099,Michigan,Pulmonary,Respiratory Disease,2256,1,842,3004.3,2256.0,4251.578947,5741.879972,0.530626,MODERATE GAP,2.89,26099|Pulmonary,Macomb County,0.4432624113475177,3.5638196915776987,False,1,0.08549230960825721
48085,Texas,Cardiology,Heart Disease,1582,0,0,0.0,0.0,10823.136364,15071.056217,0.0,NO PROVIDER,100.0,48085|Cardiology,Collin County,0.0,0.0,False,1,0.08653208169514648
37051,North Carolina,Cardiology,Heart Disease,20963,3,1258,5371.6,6987.6667,10823.136364,15071.056217,0.645623,MODERATE GAP,3.52,37051|Cardiology,Cumberland County,0.14310928779277773,4.266560762509929,False,1,0.11066937381607478
48113,Texas,Endocrinology,Diabetes,7188,0,0,0.0,0.0,18070.0,22988.768287,0.0,NO PROVIDER,100.0,48113|Endocrinology,Dallas County,0.0,0.0,False,1,0.08653208169514648
37081,North Carolina,Psychiatry,Mental Health Disorders,2645,0,0,0.0,0.0,3104.5,4291.159571,0.0,NO PROVIDER,100.0,37081|Psychiatry,Guilford County,0.0,0.0,False,1,0.08653208169514648
26049,Michigan,Pulmonary,Respiratory Disease,74873,3,2477,10550.4,24957.6667,4251.578947,5741.879972,5.870211,CRITICAL GAP,31.96,26049|Pulmonary,Genesee County,0.040067848222990934,4.257627118644067,False,1,0.10800330809945086
48439,Texas,Cardiology,Heart Disease,49733,4,1535,2671.1,12433.25,10823.136364,15071.056217,1.148766,HIGH GAP,6.25,48439|Cardiology,Tarrant County,0.08042949349526471,1.7389973958333333,False,1,0.10104926456987218
48029,Texas,Cardiology,Heart Disease,5959,1,167,730.9,5959.0,10823.136364,15071.056217,0.55058,MODERATE GAP,3.0,48029|Cardiology,Bexar County,0.1678133915086424,4.350595238095238,False,1,0.10639940166468492
26163,Michigan,Psychiatry,Mental Health Disorders,3804,2,1760,4222.1,1902.0,3104.5,4291.159571,0.612659,MODERATE GAP,3.34,26163|Psychiatry,Wayne County,0.5257623554153522,2.39755820556502,False,1,0.06784091783737223
37081,North Carolina,Cardiology,Heart Disease,16220,1,631,2745.8,16220.0,10823.136364,15071.056217,1.498641,HIGH GAP,8.16,37081|Cardiology,Guilford County,0.06165228113440197,4.344620253164558,False,1,0.11073148997103355
48029,Texas,Endocrinology,Diabetes,354222,4,2925,8698.3,88555.5,18070.0,22988.768287,4.900692,CRITICAL GAP,26.68,48029|Endocrinology,Bexar County,0.011292353382906765,2.9727614490772383,False,1,0.07673829186173198
37051,North Carolina,Rheumatology,Arthritis,4429,2,471,1643.2,2214.5,10453.0,13315.598761,0.211853,LOW GAP,1.15,37051|Rheumatology,Cumberland County,0.45156920298035674,3.48135593220339,False,1,0.08332029723560375
48029,Texas,Cardiology,Heart Disease,115263,3,1610,4665.7,38421.0,10823.136364,15071.056217,3.549895,CRITICAL GAP,19.33,48029|Cardiology,Bexar County,0.026027432914291663,2.896151458721291,False,1,0.12393527135324633
26049,Michigan,Psychiatry,Mental Health Disorders,71228,3,1273,5100.8,23742.6667,3104.5,4291.159571,7.647823,CRITICAL GAP,41.64,26049|Psychiatry,Genesee County,0.04211826809681586,4.003767660910518,False,1,0.11699629799421685
37067,North Carolina,Endocrinology,Diabetes,910,0,0,0.0,0.0,18070.0,22988.768287,0.0,NO PROVIDER,100.0,37067|Endocrinology,Forsyth County,0.0,0.0,False,1,0.08653208169514648
26125,Michigan,Pulmonary,Respiratory Disease,13881,2,363,981.6,6940.5,4251.578947,5741.879972,1.632452,HIGH GAP,8.89,26125|Pulmonary,Oakland County,0.14408183848425907,2.696703296703297,False,1,0.139031056719356
37183,North Carolina,Psychiatry,Mental Health Disorders,5808,0,0,0.0,0.0,3104.5,4291.159571,0.0,NO PROVIDER,100.0,37183|Psychiatry,Wake County,0.0,0.0,False,1,0.08653208169514648
26163,Michigan,Psychiatry,Mental Health Disorders,1417,1,580,1492.0,1417.0,3104.5,4291.159571,0.456434,LOW GAP,2.49,26163|Psychiatry,Wayne County,0.7057163020465773,2.567986230636833,False,1,0.05245461736736767
48113,Texas,Endocrinology,Diabetes,14875,1,144,325.1,14875.0,18070.0,22988.768287,0.823188,MODERATE GAP,4.48,48113|Endocrinology,Dallas County,0.06722689075630252,2.2420689655172414,False,1,0.14706434229858245
37081,North Carolina,Psychiatry,Mental Health Disorders,3420,0,0,0.0,0.0,3104.5,4291.159571,0.0,NO PROVIDER,100.0,37081|Psychiatry,Guilford County,0.0,0.0,False,1,0.08653208169514648
48201,Texas,Endocrinology,Diabetes,14194,4,2219,4167.5,3548.5,18070.0,22988.768287,0.196375,LOW GAP,1.07,48201|Endocrinology,Harris County,0.2818092151613358,1.8772522522522523,False,1,0.09860811141111953
26077,Michigan,Rheumatology,Arthritis,10006,1,660,1379.7,10006.0,10453.0,13315.598761,0.957237,MODERATE GAP,5.21,26077|Rheumatology,Kalamazoo County,0.09994003597841296,2.0872919818456883,False,1,0.13453440035682807
37051,North Carolina,Psychiatry,Mental Health Disorders,1932,1,857,3255.0,1932.0,3104.5,4291.159571,0.622322,MODERATE GAP,3.39,37051|Psychiatry,Cumberland County,0.5175983436853002,3.7937062937062938,False,1,0.06606339906541925
37051,North Carolina,Endocrinology,Diabetes,12821,1,103,408.5,12821.0,18070.0,22988.768287,0.709519,MODERATE GAP,3.86,37051|Endocrinology,Cumberland County,0.07799703611262772,3.9278846153846154,False,1,0.13849975120792313
37119,North Carolina,Endocrinology,Diabetes,3029,0,0,0.0,0.0,18070.0,22988.768287,0.0,NO PROVIDER,100.0,37119|Endocrinology,Mecklenburg County,0.0,0.0,False,1,0.08653208169514648
48201,Texas,Pulmonary,Respiratory Disease,9336,4,1822,5434.9,2334.0,4251.578947,5741.879972,0.548973,MODERATE GAP,2.99,48201|Pulmonary,Harris County,0.42844901456726653,2.9812945693911135,False,1,0.09516167396390712
26049,Michigan,Pulmonary,Respiratory Disease,50206,2,950,2360.3,25103.0,4251.578947,5741.879972,5.904395,CRITICAL GAP,32.15,26049|Pulmonary,Genesee County,0.039835876190096806,2.481913774973712,False,1,0.13293652524396132
37067,North Carolina,Psychiatry,Mental Health Disorders,2524,0,0,0.0,0.0,3104.5,4291.159571,0.0,NO PROVIDER,100.0,37067|Psychiatry,Forsyth County,0.0,0.0,False,1,0.08653208169514648
37067,North Carolina,Psychiatry,Mental Health Disorders,1054,2,1274,3573.9,527.0,3104.5,4291.159571,0.169754,LOW GAP,0.92,37067|Psychiatry,Forsyth County,1.8975332068311195,2.803058823529412,True,-1,-0.05866369913852876
48201,Texas,Endocrinology,Diabetes,133848,4,921,2679.6,33462.0,18070.0,22988.768287,1.851799,HIGH GAP,10.08,48201|Endocrinology,Harris County,0.029884645269260653,2.9062906724511928,False,1,0.13319919768865296
26163,Michigan,Pulmonary,Respiratory Disease,53277,2,741,1851.4,26638.5,4251.578947,5741.879972,6.265555,CRITICAL GAP,34.12,26163|Pulmonary,Wayne County,0.03753965125663983,2.495148247978437,False,1,0.1305238018576957
48201,Texas,Cardiology,Heart Disease,140268,7,910,4028.4,20038.2857,10823.136364,15071.056217,1.851431,HIGH GAP,10.08,48201|Cardiology,Harris County,0.04990446858870163,4.421953896816685,False,1,0.09368812209488508
26163,Michigan,Psychiatry,Mental Health Disorders,7786,1,243,978.9,7786.0,3104.5,4291.159571,2.507972,CRITICAL GAP,13.66,26163|Psychiatry,Wayne County,0.12843565373747753,4.011885245901639,False,1,0.13015953602363445
48201,Texas,Pulmonary,Respiratory Disease,9214,0,0,0.0,0.0,4251.578947,5741.879972,0.0,NO PROVIDER,100.0,48201|Pulmonary,Harris County,0.0,0.0,False,1,0.08653208169514648
26163,Michigan,Psychiatry,Mental Health Disorders,3283,1,54,162.7,3283.0,3104.5,4291.159571,1.057497,HIGH GAP,5.76,26163|Psychiatry,Wayne County,0.3045994517209869,2.958181818181818,False,1,0.12866143137393005
37081,North Carolina,Psychiatry,Mental Health Disorders,1172,0,0,0.0,0.0,3104.5,4291.159571,0.0,NO PROVIDER,100.0,37081|Psychiatry,Guilford County,0.0,0.0,False,1,0.08653208169514648
48029,Texas,Cardiology,Heart Disease,4386,0,0,0.0,0.0,10823.136364,15071.056217,0.0,NO PROVIDER,100.0,48029|Cardiology,Bexar County,0.0,0.0,False,1,0.08653208169514648
48085,Texas,Cardiology,Heart Disease,935,0,0,0.0,0.0,10823.136364,15071.056217,0.0,NO PROVIDER,100.0,48085|Cardiology,Collin County,0.0,0.0,False,1,0.08653208169514648
48029,Texas,Cardiology,Heart Disease,19432,1,772,1290.5,19432.0,10823.136364,15071.056217,1.795413,HIGH GAP,9.78,48029|Cardiology,Bexar County,0.051461506792918894,1.6694695989650712,False,1,0.0927370473148596
37119,North Carolina,Cardiology,Heart Disease,1281,0,0,0.0,0.0,10823.136364,15071.056217,0.0,NO PROVIDER,100.0,37119|Cardiology,Mecklenburg County,0.0,0.0,False,1,0.08653208169514648
37051,North Carolina,Psychiatry,Mental Health Disorders,2291,0,0,0.0,0.0,3104.5,4291.159571,0.0,NO PROVIDER,100.0,37051|Psychiatry,Cumberland County,0.0,0.0,False,1,0.08653208169514648
26099,Michigan,Psychiatry,Mental Health Disorders,1249,1,491,878.8,1249.0,3104.5,4291.159571,0.402319,LOW GAP,2.19,26099|Psychiatry,Macomb County,0.8006405124099278,1.7861788617886178,True,-1,-0.009190480423760472
26099,Michigan,Psychiatry,Mental Health Disorders,4795,0,0,0.0,0.0,3104.5,4291.159571,0.0,NO PROVIDER,100.0,26099|Psychiatry,Macomb County,0.0,0.0,False,1,0.08653208169514648
37051,North Carolina,Rheumatology,Arthritis,1995,0,0,0.0,0.0,10453.0,13315.598761,0.0,NO PROVIDER,100.0,37051|Rheumatology,Cumberland County,0.0,0.0,False,1,0.08653208169514648
37081,North Carolina,Endocrinology,Diabetes,32556,1,216,744.0,32556.0,18070.0,22988.768287,1.80166,HIGH GAP,9.81,37081|Endocrinology,Guilford County,0.03071630421427694,3.4285714285714284,False,1,0.1219106956723553
26099,Michigan,Psychiatry,Mental Health Disorders,5017,0,0,0.0,0.0,3104.5,4291.159571,0.0,NO PROVIDER,100.0,26099|Psychiatry,Macomb County,0.0,0.0,False,1,0.08653208169514648
37183,North Carolina,Cardiology,Heart Disease,169687,2,420,1057.2,84843.5,10823.136364,15071.056217,7.839086,CRITICAL GAP,42.68,37183|Cardiology,Wake County,0.011786406737110091,2.511163895486936,False,1,0.06589081630636684
26049,Michigan,Rheumatology,Arthritis,3009,1,443,967.2,3009.0,10453.0,13315.598761,0.28786,LOW GAP,1.57,26049|Rheumatology,Genesee County,0.33233632436025257,2.1783783783783783,False,1,0.10986168915270705
37067,North Carolina,Endocrinology,Diabetes,810,0,0,0.0,0.0,18070.0,22988.768287,0.0,NO PROVIDER,100.0,37067|Endocrinology,Forsyth County,0.0,0.0,False,1,0.08653208169514648
37183,North Carolina,Endocrinology,Diabetes,120450,1,183,281.0,120450.0,18070.0,22988.768287,6.665744,CRITICAL GAP,36.29,37183|Endocrinology,Wake County,0.008302200083022,1.5271739130434783,True,-1,-0.02841061115640009
48113,Texas,Endocrinology,Diabetes,4896,1,506,1418.7,4896.0,18070.0,22988.768287,0.270946,LOW GAP,1.48,48113|Endocrinology,Dallas County,0.2042483660130719,2.798224852071006,False,1,0.14706991546963355
37183,North Carolina,Cardiology,Heart Disease,5709,1,234,955.0,5709.0,10823.136364,15071.056217,0.527481,MODERATE GAP,2.87,37183|Cardiology,Wake County,0.17516202487300755,4.0638297872340425,False,1,0.12238599442877168
37183,North Carolina,Endocrinology,Diabetes,11251,1,681,1990.4,11251.0,18070.0,22988.768287,0.622634,MODERATE GAP,3.39,37183|Endocrinology,Wake County,0.08888098835659053,2.918475073313783,False,1,0.15322970629491156
48201,Texas,Endocrinology,Diabetes,13288,0,0,0.0,0.0,18070.0,22988.768287,0.0,NO PROVIDER,100.0,48201|Endocrinology,Harris County,0.0,0.0,False,1,0.08653208169514648
48439,Texas,Cardiology,Heart Disease,4450,0,0,0.0,0.0,10823.136364,15071.056217,0.0,NO PROVIDER,100.0,48439|Cardiology,Tarrant County,0.0,0.0,False,1,0.08653208169514648
37183,North Carolina,Cardiology,Heart Disease,13020,1,583,1553.4,13020.0,10823.136364,15071.056217,1.202978,HIGH GAP,6.55,37183|Cardiology,Wake County,0.07680491551459294,2.6599315068493152,False,1,0.1420331569381974
26049,Michigan,Rheumatology,Arthritis,5911,1,738,2964.3,5911.0,10453.0,13315.598761,0.565484,MODERATE GAP,3.08,26049|Rheumatology,Genesee County,0.1691761123329386,4.011231393775373,False,1,0.12520173153313302
37183,North Carolina,Endocrinology,Diabetes,4960,0,0,0.0,0.0,18070.0,22988.768287,0.0,NO PROVIDER,100.0,37183|Endocrinology,Wake County,0.0,0.0,False,1,0.08653208169514648
37119,North Carolina,Endocrinology,Diabetes,16754,1,337,1123.2,16754.0,18070.0,22988.768287,0.927172,MODERATE GAP,5.05,37119|Endocrinology,Mecklenburg County,0.059687238868329946,3.3230769230769233,False,1,0.14951585798670258
37067,North Carolina,Endocrinology,Diabetes,90686,3,682,2042.7,30228.6667,18070.0,22988.768287,1.672865,HIGH GAP,9.11,37067|Endocrinology,Forsyth County,0.03308118121871072,2.9907759882869693,False,1,0.1286879400892592
48085,Texas,Pulmonary,Respiratory Disease,6804,1,133,309.6,6804.0,4251.578947,5741.879972,1.600347,HIGH GAP,8.71,48085|Pulmonary,Collin County,0.14697236919459142,2.31044776119403,False,1,0.1352394385610327
37081,North Carolina,Rheumatology,Arthritis,10295,1,842,2530.2,10295.0,10453.0,13315.598761,0.984885,MODERATE GAP,5.36,37081|Rheumatology,Guilford County,0.09713453132588634,3.001423487544484,False,1,0.15511071923443132
26049,Michigan,Psychiatry,Mental Health Disorders,3447,0,0,0.0,0.0,3104.5,4291.159571,0.0,NO PROVIDER,100.0,26049|Psychiatry,Genesee County,0.0,0.0,False,1,0.08653208169514648
37081,North Carolina,Rheumatology,Arthritis,45648,3,1627,4434.5,15216.0,10453.0,13315.598761,1.455659,HIGH GAP,7.93,37081|Rheumatology,Guilford County,0.06572029442691903,2.723894348894349,False,1,0.14996526478866223
48439,Texas,Endocrinology,Diabetes,14288,1,323,671.7,14288.0,18070.0,22988.768287,0.790703,MODERATE GAP,4.31,48439|Endocrinology,Tarrant County,0.06998880179171332,2.073148148148148,False,1,0.13817687339362633
26077,Michigan,Rheumatology,Arthritis,303,0,0,0.0,0.0,10453.0,13315.598761,0.0,NO PROVIDER,100.0,26077|Rheumatology,Kalamazoo County,0.0,0.0,False,1,0.08653208169514648
26077,Michigan,Psychiatry,Mental Health Disorders,1900,0,0,0.0,0.0,3104.5,4291.159571,0.0,NO PROVIDER,100.0,26077|Psychiatry,Kalamazoo County,0.0,0.0,False,1,0.08653208169514648
48029,Texas,Endocrinology,Diabetes,5230,0,0,0.0,0.0,18070.0,22988.768287,0.0,NO PROVIDER,100.0,48029|Endocrinology,Bexar County,0.0,0.0,False,1,0.08653208169514648
48085,Texas,Endocrinology,Diabetes,15013,1,576,933.3,15013.0,18070.0,22988.768287,0.830825,MODERATE GAP,4.52,48085|Endocrinology,Collin County,0.06660893891960301,1.6175043327556324,False,1,0.09068602459046887
48085,Texas,Cardiology,Heart Disease,24765,2,1796,6470.3,12382.5,10823.136364,15071.056217,1.144077,HIGH GAP,6.23,48085|Cardiology,Collin County,0.08075913587724612,3.6006121313299944,False,1,0.14247505515105957
37119,North Carolina,Cardiology,Heart Disease,1486,0,0,0.0,0.0,10823.136364,15071.056217,0.0,NO PROVIDER,100.0,37119|Cardiology,Mecklenburg County,0.0,0.0,False,1,0.08653208169514648
37051,North Carolina,Endocrinology,Diabetes,1438,0,0,0.0,0.0,18070.0,22988.768287,0.0,NO PROVIDER,100.0,37051|Endocrinology,Cumberland County,0.0,0.0,False,1,0.08653208169514648
48201,Texas,Cardiology,Heart Disease,5989,0,0,0.0,0.0,10823.136364,15071.056217,0.0,NO PROVIDER,100.0,48201|Cardiology,Harris County,0.0,0.0,False,1,0.08653208169514648
37081,North Carolina,Psychiatry,Mental Health Disorders,26370,1,214,523.2,26370.0,3104.5,4291.159571,8.494121,CRITICAL GAP,46.25,37081|Psychiatry,Guilford County,0.03792188092529389,2.4334883720930236,False,1,0.13122971047651205
37051,North Carolina,Rheumatology,Arthritis,18319,2,356,871.7,9159.5,10453.0,13315.598761,0.876256,MODERATE GAP,4.77,37051|Rheumatology,Cumberland County,0.10917626507997162,2.4417366946778714,False,1,0.1485565301384933
48085,Texas,Cardiology,Heart Disease,28929,3,1566,6117.1,9643.0,10823.136364,15071.056217,0.890962,MODERATE GAP,4.85,48085|Cardiology,Collin County,0.10370216737529814,3.9037013401403957,False,1,0.14379586460793153
26125,Michigan,Rheumatology,Arthritis,112832,1,377,1012.2,112832.0,10453.0,13315.598761,10.794222,CRITICAL GAP,58.77,26125|Rheumatology,Oakland County,0.008862733976176972,2.677777777777778,False,1,0.05492537089417071
37067,North Carolina,Rheumatology,Arthritis,2139,0,0,0.0,0.0,10453.0,13315.598761,0.0,NO PROVIDER,100.0,37067|Rheumatology,Forsyth County,0.0,0.0,False,1,0.08653208169514648
48113,Texas,Cardiology,Heart Disease,20969,2,1672,2632.7,10484.5,10823.136364,15071.056217,0.968712,MODERATE GAP,5.27,48113|Cardiology,Dallas County,0.09537889265105633,1.5736401673640166,False,1,0.0746657697704537
37081,North Carolina,Cardiology,Heart Disease,5281,4,991,3466.7,1320.25,10823.136364,15071.056217,0.121984,LOW GAP,0.66,37081|Cardiology,Guilford County,0.7574323044877864,3.494657258064516,False,1,0.04249355849034264
37119,North Carolina,Cardiology,Heart Disease,20097,1,492,1281.5,20097.0,10823.136364,15071.056217,1.856855,HIGH GAP,10.11,37119|Cardiology,Mecklenburg County,0.049758670448325625,2.599391480730223,False,1,0.14442589163704317
37051,North Carolina,Rheumatology,Arthritis,19921,1,240,583.7,19921.0,10453.0,13315.598761,1.905769,HIGH GAP,10.38,37051|Rheumatology,Cumberland County,0.05019828321871392,2.4219917012448136,False,1,0.14621252554502406
37051,North Carolina,Cardiology,Heart Disease,806,0,0,0.0,0.0,10823.136364,15071.056217,0.0,NO PROVIDER,100.0,37051|Cardiology,Cumberland County,0.0,0.0,False,1,0.08653208169514648
48201,Texas,Pulmonary,Respiratory Disease,11952,3,2168,6249.9,3984.0,4251.578947,5741.879972,0.937064,MODERATE GAP,5.1,48201|Pulmonary,Harris County,0.251004016064257,2.881466113416321,False,1,0.13821188949306012
48029,Texas,Endocrinology,Diabetes,59339,2,538,1752.7,29669.5,18070.0,22988.768287,1.64192,HIGH GAP,8.94,48029|Endocrinology,Bexar County,0.03370464618547667,3.2517625231910947,False,1,0.1220599481180199
37119,North Carolina,Psychiatry,Mental Health Disorders,5521,0,0,0.0,0.0,3104.5,4291.159571,0.0,NO PROVIDER,100.0,37119|Psychiatry,Mecklenburg County,0.0,0.0,False,1,0.08653208169514648
26077,Michigan,Pulmonary,Respiratory Disease,273,0,0,0.0,0.0,4251.578947,5741.879972,0.0,NO PROVIDER,100.0,26077|Pulmonary,Kalamazoo County,0.0,0.0,False,1,0.08653208169514648
48439,Texas,Endocrinology,Diabetes,33949,2,392,1635.0,16974.5,18070.0,22988.768287,0.939375,MODERATE GAP,5.11,48439|Endocrinology,Tarrant County,0.05891189725765118,4.1603053435114505,False,1,0.12185768221915022
48201,Texas,Pulmonary,Respiratory Disease,95158,3,1029,3263.0,31719.3333,4251.578947,5741.879972,7.460601,CRITICAL GAP,40.62,48201|Pulmonary,Harris County,0.03152651379810421,3.1679611650485437,False,1,0.12491664816605436
37183,North Carolina,Psychiatry,Mental Health Disorders,5035,0,0,0.0,0.0,3104.5,4291.159571,0.0,NO PROVIDER,100.0,37183|Psychiatry,Wake County,0.0,0.0,False,1,0.08653208169514648
48113,Texas,Cardiology,Heart Disease,195195,2,1424,2710.8,97597.5,10823.136364,15071.056217,9.017488,CRITICAL GAP,49.1,48113|Cardiology,Dallas County,0.010246164092317938,1.9023157894736844,False,1,0.03181320127701692
37119,North Carolina,Psychiatry,Mental Health Disorders,7170,0,0,0.0,0.0,3104.5,4291.159571,0.0,NO PROVIDER,100.0,37119|Psychiatry,Mecklenburg County,0.0,0.0,False,1,0.08653208169514648
37067,North Carolina,Endocrinology,Diabetes,809,0,0,0.0,0.0,18070.0,22988.768287,0.0,NO PROVIDER,100.0,37067|Endocrinology,Forsyth County,0.0,0.0,False,1,0.08653208169514648
37183,North Carolina,Endocrinology,Diabetes,14840,1,572,1708.3,14840.0,18070.0,22988.768287,0.821251,MODERATE GAP,4.47,37183|Endocrinology,Wake County,0.06738544474393532,2.981326352530541,False,1,0.15500713183219672
37067,North Carolina,Cardiology,Heart Disease,606,0,0,0.0,0.0,10823.136364,15071.056217,0.0,NO PROVIDER,100.0,37067|Cardiology,Forsyth County,0.0,0.0,False,1,0.08653208169514648
37081,North Carolina,Endocrinology,Diabetes,22490,5,2453,4414.9,4498.0,18070.0,22988.768287,0.248921,LOW GAP,1.36,37081|Endocrinology,Guilford County,0.2223210315695865,1.7990627546862263,False,1,0.10143256695777286
48113,Texas,Endocrinology,Diabetes,9768,0,0,0.0,0.0,18070.0,22988.768287,0.0,NO PROVIDER,100.0,48113|Endocrinology,Dallas County,0.0,0.0,False,1,0.08653208169514648
26049,Michigan,Pulmonary,Respiratory Disease,956,0,0,0.0,0.0,4251.578947,5741.879972,0.0,NO PROVIDER,100.0,26049|Pulmonary,Genesee County,0.0,0.0,False,1,0.08653208169514648
26099,Michigan,Psychiatry,Mental Health Disorders,5960,1,404,1046.8,5960.0,3104.5,4291.159571,1.919794,HIGH GAP,10.45,26099|Psychiatry,Macomb County,0.16778523489932884,2.584691358024691,False,1,0.14507875657786973
26049,Michigan,Rheumatology,Arthritis,4641,2,1323,5744.7,2320.5,10453.0,13315.598761,0.221994,LOW GAP,1.21,26049|Rheumatology,Genesee County,0.4309416074121956,4.338897280966767,False,1,0.0536961620761105
26163,Michigan,Psychiatry,Mental Health Disorders,2751,1,847,2008.6,2751.0,3104.5,4291.159571,0.886133,MODERATE GAP,4.82,26163|Psychiatry,Wayne County,0.3635041802980734,2.368632075471698,False,1,0.10851559582075604
37067,North Carolina,Rheumatology,Arthritis,3088,0,0,0.0,0.0,10453.0,13315.598761,0.0,NO PROVIDER,100.0,37067|Rheumatology,Forsyth County,0.0,0.0,False,1,0.08653208169514648
37081,North Carolina,Psychiatry,Mental Health Disorders,2405,0,0,0.0,0.0,3104.5,4291.159571,0.0,NO PROVIDER,100.0,37081|Psychiatry,Guilford County,0.0,0.0,False,1,0.08653208169514648
48439,Texas,Cardiology,Heart Disease,27815,2,394,962.0,13907.5,10823.136364,15071.056217,1.284979,HIGH GAP,7.0,48439|Cardiology,Tarrant County,0.07190364911019234,2.4354430379746836,False,1,0.14753169686785256
37067,North Carolina,Psychiatry,Mental Health Disorders,544,1,785,1926.4,544.0,3104.5,4291.159571,0.17523,LOW GAP,0.95,37067|Psychiatry,Forsyth County,1.838235294117647,2.4508905852417304,True,-1,-0.061658103821456645
37183,North Carolina,Rheumatology,Arthritis,4998,0,0,0.0,0.0,10453.0,13315.598761,0.0,NO PROVIDER,100.0,37183|Rheumatology,Wake County,0.0,0.0,False,1,0.08653208169514648
37119,North Carolina,Endocrinology,Diabetes,8370,1,267,970.1,8370.0,18070.0,22988.768287,0.463199,LOW GAP,2.52,37119|Endocrinology,Mecklenburg County,0.11947431302270012,3.619776119402985,False,1,0.14634479961438907
37183,North Carolina,Rheumatology,Arthritis,3274,1,417,980.8,3274.0,10453.0,13315.598761,0.313212,LOW GAP,1.71,37183|Rheumatology,Wake County,0.3054367745876604,2.3464114832535885,False,1,0.12238680988751344
37067,North Carolina,Cardiology,Heart Disease,30776,2,1366,3904.9,15388.0,10823.136364,15071.056217,1.421769,HIGH GAP,7.74,37067|Cardiology,Forsyth County,0.06498570314530802,2.8565471836137526,False,1,0.152343888423288
37119,North Carolina,Endocrinology,Diabetes,15191,1,413,1736.0,15191.0,18070.0,22988.768287,0.840675,MODERATE GAP,4.58,37119|Endocrinology,Mecklenburg County,0.06582845105654664,4.193236714975845,False,1,0.12615402141080212
37051,North Carolina,Endocrinology,Diabetes,13417,1,64,186.9,13417.0,18070.0,22988.768287,0.742501,MODERATE GAP,4.04,37051|Endocrinology,Cumberland County,0.07453230975627935,2.8753846153846156,False,1,0.1510062391039655
48029,Texas,Pulmonary,Respiratory Disease,16269,2,896,3930.4,8134.5,4251.578947,5741.879972,1.913289,HIGH GAP,10.42,48029|Pulmonary,Bexar County,0.12293318581351037,4.381716833890747,False,1,0.10742455867079964
37067,North Carolina,Endocrinology,Diabetes,955,0,0,0.0,0.0,18070.0,22988.768287,0.0,NO PROVIDER,100.0,37067|Endocrinology,Forsyth County,0.0,0.0,False,1,0.08653208169514648
37183,North Carolina,Endocrinology,Diabetes,4463,0,0,0.0,0.0,18070.0,22988.768287,0.0,NO PROVIDER,100.0,37183|Endocrinology,Wake County,0.0,0.0,False,1,0.08653208169514648
48439,Texas,Cardiology,Heart Disease,1699,1,531,1914.8,1699.0,10823.136364,15071.056217,0.156979,LOW GAP,0.85,48439|Cardiology,Tarrant County,0.5885815185403178,3.599248120300752,False,1,0.062483242909265546
48439,Texas,Endocrinology,Diabetes,8308,1,141,260.3,8308.0,18070.0,22988.768287,0.459768,LOW GAP,2.5,48439|Endocrinology,Tarrant County,0.12036591237361578,1.8330985915492959,False,1,0.11745198506874205
26077,Michigan,Rheumatology,Arthritis,2560,0,0,0.0,0.0,10453.0,13315.598761,0.0,NO PROVIDER,100.0,26077|Rheumatology,Kalamazoo County,0.0,0.0,False,1,0.08653208169514648
37183,North Carolina,Cardiology,Heart Disease,40372,2,1668,2941.1,20186.0,10823.136364,15071.056217,1.865079,HIGH GAP,10.16,37183|Cardiology,Wake County,0.04953928465272961,1.7621929298981425,False,1,0.10897042033716814
37067,North Carolina,Psychiatry,Mental Health Disorders,3988,1,387,1322.1,3988.0,3104.5,4291.159571,1.284587,HIGH GAP,6.99,37067|Psychiatry,Forsyth County,0.25075225677031093,3.4074742268041236,False,1,0.12746534766955098
48085,Texas,Cardiology,Heart Disease,1083,0,0,0.0,0.0,10823.136364,15071.056217,0.0,NO PROVIDER,100.0,48085|Cardiology,Collin County,0.0,0.0,False,1,0.08653208169514648
37119,North Carolina,Rheumatology,Arthritis,7747,1,127,444.3,7747.0,10453.0,13315.598761,0.741127,MODERATE GAP,4.04,37119|Rheumatology,Mecklenburg County,0.1290822253775655,3.47109375,False,1,0.14135994177884614
37081,North Carolina,Rheumatology,Arthritis,14077,2,621,996.5,7038.5,10453.0,13315.598761,0.673347,MODERATE GAP,3.67,37081|Rheumatology,Guilford County,0.14207572636215104,1.6020900321543408,False,1,0.07888463405199253
26077,Michigan,Rheumatology,Arthritis,53922,3,2098,7730.9,17974.0,10453.0,13315.598761,1.719506,HIGH GAP,9.36,26077|Rheumatology,Kalamazoo County,0.05563591854901524,3.68313482610767,False,1,0.14578774634000957
37081,North Carolina,Endocrinology,Diabetes,19996,2,700,2563.0,9998.0,18070.0,22988.768287,0.553293,MODERATE GAP,3.01,37081|Endocrinology,Guilford County,0.10002000400080016,3.6562054208273893,False,1,0.1490843069331208
48085,Texas,Pulmonary,Respiratory Disease,315,1,214,564.1,315.0,4251.578947,5741.879972,0.07409,LOW GAP,0.4,48085|Pulmonary,Collin County,3.1746031746031744,2.623720930232558,True,-1,-0.12648707283401361
48029,Texas,Cardiology,Heart Disease,2532,0,0,0.0,0.0,10823.136364,15071.056217,0.0,NO PROVIDER,100.0,48029|Cardiology,Bexar County,0.0,0.0,False,1,0.08653208169514648
26163,Michigan,Rheumatology,Arthritis,18630,1,333,1382.1,18630.0,10453.0,13315.598761,1.782263,HIGH GAP,9.7,26163|Rheumatology,Wayne County,0.053676865271068165,4.138023952095808,False,1,0.12396598480017101
26125,Michigan,Rheumatology,Arthritis,7283,0,0,0.0,0.0,10453.0,13315.598761,0.0,NO PROVIDER,100.0,26125|Rheumatology,Oakland County,0.0,0.0,False,1,0.08653208169514648
37081,North Carolina,Cardiology,Heart Disease,9795,1,659,2491.0,9795.0,10823.136364,15071.056217,0.905006,MODERATE GAP,4.93,37081|Cardiology,Guilford County,0.10209290454313426,3.7742424242424244,False,1,0.14854371664427807
37081,North Carolina,Endocrinology,Diabetes,1767,0,0,0.0,0.0,18070.0,22988.768287,0.0,NO PROVIDER,100.0,37081|Endocrinology,Guilford County,0.0,0.0,False,1,0.08653208169514648
37051,North Carolina,Cardiology,Heart Disease,10401,1,417,1561.0,10401.0,10823.136364,15071.056217,0.960997,MODERATE GAP,5.23,37051|Cardiology,Cumberland County,0.09614460148062687,3.7344497607655502,False,1,0.15012373786313787
26077,Michigan,Psychiatry,Mental Health Disorders,11903,1,730,1386.8,11903.0,3104.5,4291.159571,3.834112,CRITICAL GAP,20.88,26077|Psychiatry,Kalamazoo County,0.08401243384020836,1.897127222982216,False,1,0.12233247688811882
37119,North Carolina,Endocrinology,Diabetes,1630,0,0,0.0,0.0,18070.0,22988.768287,0.0,NO PROVIDER,100.0,37119|Endocrinology,Mecklenburg County,0.0,0.0,False,1,0.08653208169514648
37081,North Carolina,Endocrinology,Diabetes,2041,0,0,0.0,0.0,18070.0,22988.768287,0.0,NO PROVIDER,100.0,37081|Endocrinology,Guilford County,0.0,0.0,False,1,0.08653208169514648
48201,Texas,Endocrinology,Diabetes,4579,0,0,0.0,0.0,18070.0,22988.768287,0.0,NO PROVIDER,100.0,48201|Endocrinology,Harris County,0.0,0.0,False,1,0.08653208169514648
26125,Michigan,Rheumatology,Arthritis,11605,0,0,0.0,0.0,10453.0,13315.598761,0.0,NO PROVIDER,100.0,26125|Rheumatology,Oakland County,0.0,0.0,False,1,0.08653208169514648
37067,North Carolina,Rheumatology,Arthritis,100196,1,421,895.1,100196.0,10453.0,13315.598761,9.585382,CRITICAL GAP,52.19,37067|Rheumatology,Forsyth County,0.009980438340851931,2.121090047393365,False,1,0.04455314814243694
37081,North Carolina,Rheumatology,Arthritis,140675,2,1762,4991.9,70337.5,10453.0,13315.598761,6.728929,CRITICAL GAP,36.64,37081|Rheumatology,Guilford County,0.014217167229429535,2.8314804310833805,False,1,0.09007452935469695
48439,Texas,Cardiology,Heart Disease,17388,2,800,2181.1,8694.0,10823.136364,15071.056217,0.803279,MODERATE GAP,4.37,48439|Cardiology,Tarrant County,0.11502185415228894,2.7229712858926343,False,1,0.1526605077557448
48201,Texas,Pulmonary,Respiratory Disease,7079,2,731,2028.7,3539.5,4251.578947,5741.879972,0.832514,MODERATE GAP,4.53,48201|Pulmonary,Harris County,0.28252578047746857,2.7714480874316942,False,1,0.1328178414117313
37051,North Carolina,Cardiology,Heart Disease,7495,1,743,1829.6,7495.0,10823.136364,15071.056217,0.692498,MODERATE GAP,3.77,37051|Cardiology,Cumberland County,0.133422281521014,2.4591397849462364,False,1,0.13853837709565414
37183,North Carolina,Endocrinology,Diabetes,20133,2,1110,2480.4,10066.5,18070.0,22988.768287,0.557084,MODERATE GAP,3.03,37183|Endocrinology,Wake County,0.09933939303630854,2.2325832583258327,False,1,0.1423636420459547
37081,North Carolina,Cardiology,Heart Disease,4462,1,707,1635.6,4462.0,10823.136364,15071.056217,0.412265,LOW GAP,2.24,37081|Cardiology,Guilford County,0.22411474675033619,2.3101694915254236,False,1,0.1300183348363041
26125,Michigan,Rheumatology,Arthritis,7027,1,477,990.6,7027.0,10453.0,13315.598761,0.672247,MODERATE GAP,3.66,26125|Rheumatology,Oakland County,0.14230823964707556,2.072384937238494,False,1,0.12259907748418764
37119,North Carolina,Psychiatry,Mental Health Disorders,11462,5,2008,5844.4,2292.4,3104.5,4291.159571,0.738412,MODERATE GAP,4.02,37119|Psychiatry,Mecklenburg County,0.43622404466934217,2.9091090094574414,False,1,0.09136310403692871
37051,North Carolina,Psychiatry,Mental Health Disorders,2104,0,0,0.0,0.0,3104.5,4291.159571,0.0,NO PROVIDER,100.0,37051|Psychiatry,Cumberland County,0.0,0.0,False,1,0.08653208169514648
48029,Texas,Endocrinology,Diabetes,98981,3,1230,3882.6,32993.6667,18070.0,22988.768287,1.825881,HIGH GAP,9.94,48029|Endocrinology,Bexar County,0.03030884715248381,3.154021121039805,False,1,0.12738243161754115
48113,Texas,Endocrinology,Diabetes,13015,1,52,233.0,13015.0,18070.0,22988.768287,0.720255,MODERATE GAP,3.92,48113|Endocrinology,Dallas County,0.0768344218209758,4.39622641509434,False,1,0.10442305503930988
26049,Michigan,Psychiatry,Mental Health Disorders,5280,2,1309,3090.1,2640.0,3104.5,4291.159571,0.850378,MODERATE GAP,4.63,26049|Psychiatry,Genesee County,0.3787878787878788,2.358854961832061,False,1,0.1050926041429191
48439,Texas,Pulmonary,Respiratory Disease,2901,0,0,0.0,0.0,4251.578947,5741.879972,0.0,NO PROVIDER,100.0,48439|Pulmonary,Tarrant County,0.0,0.0,False,1,0.08653208169514648
48201,Texas,Endocrinology,Diabetes,47883,4,301,764.4,11970.75,18070.0,22988.768287,0.662465,MODERATE GAP,3.61,48201|Endocrinology,Harris County,0.08353695466031787,2.5311258278145696,False,1,0.14572759763873205
37081,North Carolina,Endocrinology,Diabetes,1508,0,0,0.0,0.0,18070.0,22988.768287,0.0,NO PROVIDER,100.0,37081|Endocrinology,Guilford County,0.0,0.0,False,1,0.08653208169514648
26099,Michigan,Psychiatry,Mental Health Disorders,4243,0,0,0.0,0.0,3104.5,4291.159571,0.0,NO PROVIDER,100.0,26099|Psychiatry,Macomb County,0.0,0.0,False,1,0.08653208169514648
37183,North Carolina,Rheumatology,Arthritis,57473,4,2129,8486.6,14368.25,10453.0,13315.598761,1.374558,HIGH GAP,7.48,37183|Rheumatology,Wake County,0.06959789814347607,3.9843192488262913,False,1,0.1368068300364786
37081,North Carolina,Endocrinology,Diabetes,151283,1,564,2278.9,151283.0,18070.0,22988.768287,8.372053,CRITICAL GAP,45.58,37081|Endocrinology,Guilford County,0.0066101280381800995,4.033451327433628,True,-1,-0.00020598550160322304
26049,Michigan,Psychiatry,Mental Health Disorders,6938,3,1238,4795.3,2312.6667,3104.5,4291.159571,0.74494,MODERATE GAP,4.06,26049|Psychiatry,Genesee County,0.4324012683770539,3.8702986279257465,False,1,0.08264691372958954
37119,North Carolina,Cardiology,Heart Disease,59123,3,1658,4171.2,19707.6667,10823.136364,15071.056217,1.820883,HIGH GAP,9.91,37119|Cardiology,Mecklenburg County,0.050741674136968694,2.5142857142857142,False,1,0.14594358650277361
37081,North Carolina,Rheumatology,Arthritis,2373,0,0,0.0,0.0,10453.0,13315.598761,0.0,NO PROVIDER,100.0,37081|Rheumatology,Guilford County,0.0,0.0,False,1,0.08653208169514648
37183,North Carolina,Endocrinology,Diabetes,3212,0,0,0.0,0.0,18070.0,22988.768287,0.0,NO PROVIDER,100.0,37183|Endocrinology,Wake County,0.0,0.0,False,1,0.08653208169514648
37119,North Carolina,Rheumatology,Arthritis,22658,2,1444,5847.6,11329.0,10453.0,13315.598761,1.083804,HIGH GAP,5.9,37119|Rheumatology,Mecklenburg County,0.08826904404625298,4.046782006920416,False,1,0.13457969950356863
48439,Texas,Endocrinology,Diabetes,4920,1,374,1007.0,4920.0,18070.0,22988.768287,0.272274,LOW GAP,1.48,48439|Endocrinology,Tarrant County,0.2032520325203252,2.6853333333333333,False,1,0.14442142292300414
48439,Texas,Pulmonary,Respiratory Disease,4401,0,0,0.0,0.0,4251.578947,5741.879972,0.0,NO PROVIDER,100.0,48439|Pulmonary,Tarrant County,0.0,0.0,False,1,0.08653208169514648
26163,Michigan,Psychiatry,Mental Health Disorders,43920,2,139,464.7,21960.0,3104.5,4291.159571,7.073603,CRITICAL GAP,38.51,26163|Psychiatry,Wayne County,0.04553734061930783,3.3192857142857144,False,1,0.1378707159422191
37183,North Carolina,Rheumatology,Arthritis,5447,4,378,1409.0,1361.75,10453.0,13315.598761,0.130274,LOW GAP,0.71,37183|Rheumatology,Wake County,0.7343491830365338,3.717678100263852,False,1,0.0357620412013846
37051,North Carolina,Endocrinology,Diabetes,270644,2,1024,3887.2,135322.0,18070.0,22988.768287,7.488766,CRITICAL GAP,40.78,37051|Endocrinology,Cumberland County,0.007389781410265884,3.792390243902439,False,1,0.017469642556037
37183,North Carolina,Rheumatology,Arthritis,9968,2,357,712.8,4984.0,10453.0,13315.598761,0.476801,LOW GAP,2.6,37183|Rheumatology,Wake County,0.20064205457463885,1.9910614525139663,False,1,0.12224029704331635
48029,Texas,Endocrinology,Diabetes,7717,0,0,0.0,0.0,18070.0,22988.768287,0.0,NO PROVIDER,100.0,48029|Endocrinology,Bexar County,0.0,0.0,False,1,0.08653208169514648
37081,North Carolina,Cardiology,Heart Disease,655,0,0,0.0,0.0,10823.136364,15071.056217,0.0,NO PROVIDER,100.0,37081|Cardiology,Guilford County,0.0,0.0,False,1,0.08653208169514648
26125,Michigan,Psychiatry,Mental Health Disorders,2553,1,182,756.6,2553.0,3104.5,4291.159571,0.822355,MODERATE GAP,4.48,26125|Psychiatry,Oakland County,0.3916960438699569,4.134426229508197,False,1,0.08612625317314859
48113,Texas,Cardiology,Heart Disease,5363,0,0,0.0,0.0,10823.136364,15071.056217,0.0,NO PROVIDER,100.0,48113|Cardiology,Dallas County,0.0,0.0,False,1,0.08653208169514648
37183,North Carolina,Cardiology,Heart Disease,20870,1,208,513.7,20870.0,10823.136364,15071.056217,1.928277,HIGH GAP,10.5,37183|Cardiology,Wake County,0.04791566842357451,2.4578947368421056,False,1,0.1436964258643273
48029,Texas,Cardiology,Heart Disease,7880,1,301,865.6,7880.0,10823.136364,15071.056217,0.72807,MODERATE GAP,3.96,48029|Cardiology,Bexar County,0.1269035532994924,2.866225165562914,False,1,0.14994267706979847
37119,North Carolina,Cardiology,Heart Disease,17366,3,2410,8424.5,5788.6667,10823.136364,15071.056217,0.534842,MODERATE GAP,2.91,37119|Cardiology,Mecklenburg County,0.17275135321893356,3.4941932807963503,False,1,0.13754386432483479
26163,Michigan,Psychiatry,Mental Health Disorders,2310,1,347,1267.2,2310.0,3104.5,4291.159571,0.744081,MODERATE GAP,4.05,26163|Psychiatry,Wayne County,0.4329004329004329,3.6413793103448278,False,1,0.08856903191080412
26049,Michigan,Rheumatology,Arthritis,9190,1,274,804.6,9190.0,10453.0,13315.598761,0.879173,MODERATE GAP,4.79,26049|Rheumatology,Genesee County,0.1088139281828074,2.925818181818182,False,1,0.1554536915066892
37119,North Carolina,Psychiatry,Mental Health Disorders,264,1,486,1220.3,264.0,3104.5,4291.159571,0.085038,LOW GAP,0.46,37119|Psychiatry,Mecklenburg County,3.787878787878788,2.5057494866529773,True,-1,-0.1418101827262097
48201,Texas,Pulmonary,Respiratory Disease,47796,4,2740,7164.1,11949.0,4251.578947,5741.879972,2.810485,CRITICAL GAP,15.3,48201|Pulmonary,Harris County,0.08368901163277262,2.6136811382707044,False,1,0.14646727625352335
37183,North Carolina,Psychiatry,Mental Health Disorders,17630,2,1378,3818.1,8815.0,3104.5,4291.159571,2.839427,CRITICAL GAP,15.46,37183|Psychiatry,Wake County,0.11344299489506524,2.7687454677302394,False,1,0.15526553707409652
48029,Texas,Cardiology,Heart Disease,77704,4,2861,11116.0,19426.0,10823.136364,15071.056217,1.794859,HIGH GAP,9.77,48029|Cardiology,Bexar County,0.05147740142077628,3.8839972047519216,False,1,0.13871017948774278
37081,North Carolina,Psychiatry,Mental Health Disorders,12033,2,1227,3607.5,6016.5,3104.5,4291.159571,1.937993,HIGH GAP,10.55,37081|Psychiatry,Guilford County,0.16620959029335994,2.9377035830618894,False,1,0.14814571342344407
26049,Michigan,Pulmonary,Respiratory Disease,718,0,0,0.0,0.0,4251.578947,5741.879972,0.0,NO PROVIDER,100.0,26049|Pulmonary,Genesee County,0.0,0.0,False,1,0.08653208169514648
37081,North Carolina,Endocrinology,Diabetes,1854,0,0,0.0,0.0,18070.0,22988.768287,0.0,NO PROVIDER,100.0,37081|Endocrinology,Guilford County,0.0,0.0,False,1,0.08653208169514648
26125,Michigan,Psychiatry,Mental Health Disorders,5827,0,0,0.0,0.0,3104.5,4291.159571,0.0,NO PROVIDER,100.0,26125|Psychiatry,Oakland County,0.0,0.0,False,1,0.08653208169514648
48029,Texas,Cardiology,Heart Disease,4707,0,0,0.0,0.0,10823.136364,15071.056217,0.0,NO PROVIDER,100.0,48029|Cardiology,Bexar County,0.0,0.0,False,1,0.08653208169514648
48201,Texas,Endocrinology,Diabetes,12876,0,0,0.0,0.0,18070.0,22988.768287,0.0,NO PROVIDER,100.0,48201|Endocrinology,Harris County,0.0,0.0,False,1,0.08653208169514648
26163,Michigan,Rheumatology,Arthritis,73589,1,288,1178.1,73589.0,10453.0,13315.598761,7.039989,CRITICAL GAP,38.33,26163|Rheumatology,Wayne County,0.013588987484542526,4.076470588235294,False,1,0.06479267261410793
37067,North Carolina,Endocrinology,Diabetes,14932,1,181,558.6,14932.0,18070.0,22988.768287,0.826342,MODERATE GAP,4.5,37067|Endocrinology,Forsyth County,0.0669702652022502,3.0692307692307694,False,1,0.1573785826137578
37119,North Carolina,Rheumatology,Arthritis,5062,1,645,1590.2,5062.0,10453.0,13315.598761,0.484263,LOW GAP,2.64,37119|Rheumatology,Mecklenburg County,0.19755037534571315,2.461609907120743,False,1,0.1427533584187517
37067,North Carolina,Endocrinology,Diabetes,3040,1,136,472.8,3040.0,18070.0,22988.768287,0.168235,LOW GAP,0.92,37067|Endocrinology,Forsyth County,0.3289473684210526,3.451094890510949,False,1,0.11549949519513808
26099,Michigan,Pulmonary,Respiratory Disease,9130,2,1185,2273.8,4565.0,4251.578947,5741.879972,1.073719,HIGH GAP,5.85,26099|Pulmonary,Macomb County,0.2190580503833516,1.9172006745362564,False,1,0.11390439867485397
37051,North Carolina,Psychiatry,Mental Health Disorders,23419,1,812,1598.7,23419.0,3104.5,4291.159571,7.543566,CRITICAL GAP,41.07,37051|Psychiatry,Cumberland County,0.04270037149323199,1.9664206642066422,False,1,0.11348033309268568
26099,Michigan,Psychiatry,Mental Health Disorders,18602,1,413,1526.0,18602.0,3104.5,4291.159571,5.991947,CRITICAL GAP,32.63,26099|Psychiatry,Macomb County,0.053757660466616494,3.685990338164251,False,1,0.14642459977425293
48201,Texas,Cardiology,Heart Disease,58893,8,6473,24824.9,7361.625,10823.136364,15071.056217,0.680175,MODERATE GAP,3.7,48201|Cardiology,Harris County,0.13583957346373932,3.834553599011431,False,1,0.1327105291233262
26163,Michigan,Rheumatology,Arthritis,3814,0,0,0.0,0.0,10453.0,13315.598761,0.0,NO PROVIDER,100.0,26163|Rheumatology,Wayne County,0.0,0.0,False,1,0.08653208169514648
37051,North Carolina,Endocrinology,Diabetes,15350,1,876,3728.9,15350.0,18070.0,22988.768287,0.849474,MODERATE GAP,4.63,37051|Endocrinology,Cumberland County,0.06514657980456026,4.25188141391106,False,1,0.1217302504373336
48201,Texas,Cardiology,Heart Disease,61504,1,249,417.1,61504.0,10823.136364,15071.056217,5.682641,CRITICAL GAP,30.94,48201|Cardiology,Harris County,0.01625910509885536,1.6684,False,1,0.028591474902997738
26163,Michigan,Psychiatry,Mental Health Disorders,700,1,623,1036.0,700.0,3104.5,4291.159571,0.225479,LOW GAP,1.23,26163|Psychiatry,Wayne County,1.4285714285714286,1.6602564102564104,True,-1,-0.06952823673162789
48439,Texas,Cardiology,Heart Disease,31590,2,1182,3802.8,15795.0,10823.136364,15071.056217,1.459374,HIGH GAP,7.95,48439|Cardiology,Tarrant County,0.06331117442228554,3.214539306846999,False,1,0.1533371347191897
37119,North Carolina,Cardiology,Heart Disease,18232,3,1495,2544.7,6077.3333,10823.136364,15071.056217,0.561513,MODERATE GAP,3.06,37119|Cardiology,Mecklenburg County,0.1645458534444932,1.7010026737967914,False,1,0.0858874689310718
26125,Michigan,Pulmonary,Respiratory Disease,2267,0,0,0.0,0.0,4251.578947,5741.879972,0.0,NO PROVIDER,100.0,26125|Pulmonary,Oakland County,0.0,0.0,False,1,0.08653208169514648
48113,Texas,Endocrinology,Diabetes,42860,1,809,3032.8,42860.0,18070.0,22988.768287,2.371887,CRITICAL GAP,12.91,48113|Endocrinology,Dallas County,0.02333177788147457,3.7441975308641977,False,1,0.10541577391400614
48201,Texas,Pulmonary,Respiratory Disease,30562,6,4441,10188.3,5093.6667,4251.578947,5741.879972,1.198065,HIGH GAP,6.52,48201|Pulmonary,Harris County,0.1963222302205353,2.293628995947771,False,1,0.13765605579560514
37183,North Carolina,Endocrinology,Diabetes,4092,0,0,0.0,0.0,18070.0,22988.768287,0.0,NO PROVIDER,100.0,37183|Endocrinology,Wake County,0.0,0.0,False,1,0.08653208169514648
37081,North Carolina,Rheumatology,Arthritis,14385,1,302,531.3,14385.0,10453.0,13315.598761,1.37616,HIGH GAP,7.49,37081|Rheumatology,Guilford County,0.06951685783802572,1.7534653465346532,False,1,0.11430865368675464
37067,North Carolina,Rheumatology,Arthritis,13961,1,113,173.1,13961.0,10453.0,13315.598761,1.335597,HIGH GAP,7.27,37067|Rheumatology,Forsyth County,0.07162810686913544,1.518421052631579,False,1,0.06522427552489962
26125,Michigan,Rheumatology,Arthritis,2854,0,0,0.0,0.0,10453.0,13315.598761,0.0,NO PROVIDER,100.0,26125|Rheumatology,Oakland County,0.0,0.0,False,1,0.08653208169514648
26099,Michigan,Rheumatology,Arthritis,6518,0,0,0.0,0.0,10453.0,13315.598761,0.0,NO PROVIDER,100.0,26099|Rheumatology,Macomb County,0.0,0.0,False,1,0.08653208169514648
26077,Michigan,Psychiatry,Mental Health Disorders,4409,1,499,943.2,4409.0,3104.5,4291.159571,1.420196,HIGH GAP,7.73,26077|Psychiatry,Kalamazoo County,0.22680880018144703,1.8864,False,1,0.10635972092569629
48085,Texas,Cardiology,Heart Disease,1179,0,0,0.0,0.0,10823.136364,15071.056217,0.0,NO PROVIDER,100.0,48085|Cardiology,Collin County,0.0,0.0,False,1,0.08653208169514648
48085,Texas,Cardiology,Heart Disease,10242,1,681,2228.4,10242.0,10823.136364,15071.056217,0.946306,MODERATE GAP,5.15,48085|Cardiology,Collin County,0.09763718023823473,3.2674486803519063,False,1,0.14995921841514542
48201,Texas,Pulmonary,Respiratory Disease,3200,1,441,946.6,3200.0,4251.578947,5741.879972,0.752662,MODERATE GAP,4.1,48201|Pulmonary,Harris County,0.3125,2.141628959276018,False,1,0.10862738161080987
37119,North Carolina,Endocrinology,Diabetes,62536,2,1559,3198.1,31268.0,18070.0,22988.768287,1.730382,HIGH GAP,9.42,37119|Endocrinology,Mecklenburg County,0.03198157861072023,2.0500641025641024,False,1,0.10898220165822042
26163,Michigan,Pulmonary,Respiratory Disease,6451,1,73,279.7,6451.0,4251.578947,5741.879972,1.517319,HIGH GAP,8.26,26163|Pulmonary,Wayne County,0.1550147263990079,3.7797297297297296,False,1,0.1323033206397619
48439,Texas,Pulmonary,Respiratory Disease,2191,1,818,2575.5,2191.0,4251.578947,5741.879972,0.515338,MODERATE GAP,2.81,48439|Pulmonary,Tarrant County,0.45641259698767683,3.1446886446886446,False,1,0.08402265333220749
37183,North Carolina,Psychiatry,Mental Health Disorders,7256,0,0,0.0,0.0,3104.5,4291.159571,0.0,NO PROVIDER,100.0,37183|Psychiatry,Wake County,0.0,0.0,False,1,0.08653208169514648
48085,Texas,Endocrinology,Diabetes,4440,0,0,0.0,0.0,18070.0,22988.768287,0.0,NO PROVIDER,100.0,48085|Endocrinology,Collin County,0.0,0.0,False,1,0.08653208169514648
26163,Michigan,Psychiatry,Mental Health Disorders,4787,1,196,394.1,4787.0,3104.5,4291.159571,1.541955,HIGH GAP,8.4,26163|Psychiatry,Wayne County,0.20889910173386253,2.000507614213198,False,1,0.1242222870468126
26125,Michigan,Pulmonary,Respiratory Disease,68783,3,2231,9110.8,22927.6667,4251.578947,5741.879972,5.392742,CRITICAL GAP,29.36,26125|Pulmonary,Oakland County,0.043615428230812846,4.081899641577061,False,1,0.11570828567066838
37051,North Carolina,Rheumatology,Arthritis,760,0,0,0.0,0.0,10453.0,13315.598761,0.0,NO PROVIDER,100.0,37051|Rheumatology,Cumberland County,0.0,0.0,False,1,0.08653208169514648
26163,Michigan,Psychiatry,Mental Health Disorders,1947,2,613,2742.3,973.5,3104.5,4291.159571,0.313577,LOW GAP,1.71,26163|Psychiatry,Wayne County,1.0272213662044172,4.466286644951141,True,-1,-0.032385949386346646
26163,Michigan,Pulmonary,Respiratory Disease,7570,3,554,1972.3,2523.3333,4251.578947,5741.879972,0.593505,MODERATE GAP,3.23,26163|Pulmonary,Wayne County,0.39630118890356675,3.5536936936936936,False,1,0.10348770376721017
48201,Texas,Pulmonary,Respiratory Disease,4001,6,4624,20736.2,666.8333,4251.578947,5741.879972,0.156844,LOW GAP,0.85,48201|Pulmonary,Harris County,1.4996250937265683,4.483502702702703,True,-1,-0.06182334563398195
48113,Texas,Cardiology,Heart Disease,3306,0,0,0.0,0.0,10823.136364,15071.056217,0.0,NO PROVIDER,100.0,48113|Cardiology,Dallas County,0.0,0.0,False,1,0.08653208169514648
26077,Michigan,Psychiatry,Mental Health Disorders,3405,2,1366,5867.6,1702.5,3104.5,4291.159571,0.548397,MODERATE GAP,2.99,26077|Psychiatry,Kalamazoo County,0.5873715124816447,4.292318946598391,False,1,0.030423083855944943
37183,North Carolina,Psychiatry,Mental Health Disorders,3721,0,0,0.0,0.0,3104.5,4291.159571,0.0,NO PROVIDER,100.0,37183|Psychiatry,Wake County,0.0,0.0,False,1,0.08653208169514648
26077,Michigan,Rheumatology,Arthritis,256517,4,1236,3524.6,64129.25,10453.0,13315.598761,6.135009,CRITICAL GAP,33.4,26077|Rheumatology,Kalamazoo County,0.015593508422443739,2.8493128536782537,False,1,0.09288129220459179
26125,Michigan,Pulmonary,Respiratory Disease,2580,0,0,0.0,0.0,4251.578947,5741.879972,0.0,NO PROVIDER,100.0,26125|Pulmonary,Oakland County,0.0,0.0,False,1,0.08653208169514648
37183,North Carolina,Cardiology,Heart Disease,7819,1,139,625.4,7819.0,10823.136364,15071.056217,0.722434,MODERATE GAP,3.93,37183|Cardiology,Wake County,0.1278935925310142,4.467142857142857,False,1,0.0850343004284374
26077,Michigan,Pulmonary,Respiratory Disease,112,0,0,0.0,0.0,4251.578947,5741.879972,0.0,NO PROVIDER,100.0,26077|Pulmonary,Kalamazoo County,0.0,0.0,False,1,0.08653208169514648
26077,Michigan,Rheumatology,Arthritis,9280,1,561,2213.6,9280.0,10453.0,13315.598761,0.887783,MODERATE GAP,4.83,26077|Rheumatology,Kalamazoo County,0.10775862068965517,3.9387900355871883,False,1,0.14534273558663247
26163,Michigan,Rheumatology,Arthritis,219499,2,1274,4109.7,109749.5,10453.0,13315.598761,10.49933,CRITICAL GAP,57.17,26163|Rheumatology,Wayne County,0.00911165882304703,3.223294117647059,False,1,0.0606834372673698
37119,North Carolina,Psychiatry,Mental Health Disorders,11276,0,0,0.0,0.0,3104.5,4291.159571,0.0,NO PROVIDER,100.0,37119|Psychiatry,Mecklenburg County,0.0,0.0,False,1,0.08653208169514648
26125,Michigan,Psychiatry,Mental Health Disorders,1655,2,334,505.5,827.5,3104.5,4291.159571,0.266549,LOW GAP,1.45,26125|Psychiatry,Oakland County,1.2084592145015105,1.508955223880597,True,-1,-0.07193013339359988
26099,Michigan,Psychiatry,Mental Health Disorders,6104,0,0,0.0,0.0,3104.5,4291.159571,0.0,NO PROVIDER,100.0,26099|Psychiatry,Macomb County,0.0,0.0,False,1,0.08653208169514648
26077,Michigan,Psychiatry,Mental Health Disorders,6663,2,1611,6285.1,3331.5,3104.5,4291.159571,1.07312,HIGH GAP,5.84,26077|Psychiatry,Kalamazoo County,0.30016509079993997,3.8989454094292806,False,1,0.1091494886620264
37081,North Carolina,Psychiatry,Mental Health Disorders,8783,1,301,835.7,8783.0,3104.5,4291.159571,2.829119,CRITICAL GAP,15.4,37081|Psychiatry,Guilford County,0.11385631333257429,2.767218543046358,False,1,0.15403697951813372
26077,Michigan,Psychiatry,Mental Health Disorders,1210,0,0,0.0,0.0,3104.5,4291.159571,0.0,NO PROVIDER,100.0,26077|Psychiatry,Kalamazoo County,0.0,0.0,False,1,0.08653208169514648
37081,North Carolina,Psychiatry,Mental Health Disorders,33581,1,119,294.0,33581.0,3104.5,4291.159571,10.816879,CRITICAL GAP,58.9,37081|Psychiatry,Guilford County,0.029778743932580926,2.45,False,1,0.124959611946036
37067,North Carolina,Psychiatry,Mental Health Disorders,1692,1,136,516.0,1692.0,3104.5,4291.159571,0.545015,MODERATE GAP,2.97,37067|Psychiatry,Forsyth County,0.5910165484633569,3.7664233576642334,False,1,0.05587898326710339
37183,North Carolina,Rheumatology,Arthritis,5567,0,0,0.0,0.0,10453.0,13315.598761,0.0,NO PROVIDER,100.0,37183|Rheumatology,Wake County,0.0,0.0,False,1,0.08653208169514648
26049,Michigan,Pulmonary,Respiratory Disease,2773,1,298,860.8,2773.0,4251.578947,5741.879972,0.652228,MODERATE GAP,3.55,26049|Pulmonary,Genesee County,0.3606202668589975,2.8789297658862876,False,1,0.11763777338250403
37067,North Carolina,Endocrinology,Diabetes,7598,1,645,2418.2,7598.0,18070.0,22988.768287,0.420476,LOW GAP,2.29,37067|Endocrinology,Forsyth County,0.13161358252171623,3.743343653250774,False,1,0.14092866355502676
26125,Michigan,Pulmonary,Respiratory Disease,2360,0,0,0.0,0.0,4251.578947,5741.879972,0.0,NO PROVIDER,100.0,26125|Pulmonary,Oakland County,0.0,0.0,False,1,0.08653208169514648
48439,Texas,Pulmonary,Respiratory Disease,13161,3,2098,4939.6,4387.0,4251.578947,5741.879972,1.031852,HIGH GAP,5.62,48439|Pulmonary,Tarrant County,0.22794620469569182,2.3533111005240595,False,1,0.12733970691248525
37119,North Carolina,Endocrinology,Diabetes,34526,1,870,2520.0,34526.0,18070.0,22988.768287,1.910681,HIGH GAP,10.4,37119|Endocrinology,Mecklenburg County,0.028963679545849507,2.8932261768082665,False,1,0.12876525523050358
37081,North Carolina,Cardiology,Heart Disease,9107,1,864,2813.9,9107.0,10823.136364,15071.056217,0.841438,MODERATE GAP,4.58,37081|Cardiology,Guilford County,0.10980564401010212,3.253063583815029,False,1,0.1501679730003076
26099,Michigan,Psychiatry,Mental Health Disorders,5060,1,853,1811.1,5060.0,3104.5,4291.159571,1.629892,HIGH GAP,8.87,26099|Psychiatry,Macomb County,0.1976284584980237,2.120725995316159,False,1,0.1326890229790555
26049,Michigan,Rheumatology,Arthritis,19074,2,765,3130.1,9537.0,10453.0,13315.598761,0.91237,MODERATE GAP,4.97,26049|Rheumatology,Genesee County,0.10485477613505295,4.086292428198433,False,1,0.13476321663554325
26125,Michigan,Rheumatology,Arthritis,2417,2,762,1222.0,1208.5,10453.0,13315.598761,0.115613,LOW GAP,0.63,26125|Rheumatology,Oakland County,0.8274720728175423,1.6015727391874182,True,-1,-0.029082078766993535
48201,Texas,Pulmonary,Respiratory Disease,54651,3,2118,5580.8,18217.0,4251.578947,5741.879972,4.284761,CRITICAL GAP,23.33,48201|Pulmonary,Harris County,0.05489378053466542,2.633695139216612,False,1,0.14748757547300856
48029,Texas,Pulmonary,Respiratory Disease,5568,4,2320,4420.2,1392.0,4251.578947,5741.879972,0.327408,LOW GAP,1.78,48029|Pulmonary,Bexar County,0.7183908045977011,1.9044377423524341,False,1,0.014833703516250352
26077,Michigan,Rheumatology,Arthritis,17278,2,146,358.8,8639.0,10453.0,13315.598761,0.826461,MODERATE GAP,4.5,26077|Rheumatology,Kalamazoo County,0.11575413821044102,2.440816326530612,False,1,0.14674145035892866
26163,Michigan,Rheumatology,Arthritis,640,1,61,258.0,640.0,10453.0,13315.598761,0.061226,LOW GAP,0.33,26163|Rheumatology,Wayne County,1.5625,4.161290322580645,True,-1,-0.052196846726421664
26163,Michigan,Pulmonary,Respiratory Disease,4293,0,0,0.0,0.0,4251.578947,5741.879972,0.0,NO PROVIDER,100.0,26163|Pulmonary,Wayne County,0.0,0.0,False,1,0.08653208169514648
37051,North Carolina,Rheumatology,Arthritis,17997,1,298,899.9,17997.0,10453.0,13315.598761,1.721707,HIGH GAP,9.37,37051|Rheumatology,Cumberland County,0.055564816358281935,3.0096989966555183,False,1,0.15228494788311647
48113,Texas,Cardiology,Heart Disease,2592,0,0,0.0,0.0,10823.136364,15071.056217,0.0,NO PROVIDER,100.0,48113|Cardiology,Dallas County,0.0,0.0,False,1,0.08653208169514648
26077,Michigan,Psychiatry,Mental Health Disorders,1297,1,789,2039.6,1297.0,3104.5,4291.159571,0.417781,LOW GAP,2.27,26077|Psychiatry,Kalamazoo County,0.7710100231303006,2.581772151898734,False,1,0.04002128128869287
37183,North Carolina,Endocrinology,Diabetes,8186,1,874,1575.2,8186.0,18070.0,22988.768287,0.453016,LOW GAP,2.47,37183|Endocrinology,Wake County,0.1221597849987784,1.8002285714285715,False,1,0.11315241158357303
37051,North Carolina,Psychiatry,Mental Health Disorders,780,1,503,1792.8,780.0,3104.5,4291.159571,0.251248,LOW GAP,1.37,37051|Psychiatry,Cumberland County,1.2820512820512822,3.557142857142857,True,-1,-0.027082901653930902
48201,Texas,Cardiology,Heart Disease,21974,5,1475,5232.5,4394.8,10823.136364,15071.056217,0.406056,LOW GAP,2.21,48201|Cardiology,Harris County,0.22754164012014197,3.5450542005420056,False,1,0.12156097681075628
48439,Texas,Cardiology,Heart Disease,5253,1,763,3411.3,5253.0,10823.136364,15071.056217,0.485349,LOW GAP,2.64,48439|Cardiology,Tarrant County,0.19036740909956215,4.4650523560209425,False,1,0.07599733080189763
37081,North Carolina,Endocrinology,Diabetes,12728,3,1442,3127.9,4242.6667,18070.0,22988.768287,0.234791,LOW GAP,1.28,37081|Endocrinology,Guilford County,0.23570081709616594,2.1676368676368676,False,1,0.12219501733996446
26049,Michigan,Psychiatry,Mental Health Disorders,2001,0,0,0.0,0.0,3104.5,4291.159571,0.0,NO PROVIDER,100.0,26049|Psychiatry,Genesee County,0.0,0.0,False,1,0.08653208169514648
26125,Michigan,Psychiatry,Mental Health Disorders,5800,1,409,1137.0,5800.0,3104.5,4291.159571,1.868256,HIGH GAP,10.17,26125|Psychiatry,Oakland County,0.17241379310344826,2.773170731707317,False,1,0.14842469667126268
37183,North Carolina,Cardiology,Heart Disease,1942,2,218,803.0,971.0,10823.136364,15071.056217,0.089715,LOW GAP,0.49,37183|Cardiology,Wake County,1.0298661174047374,3.6666666666666665,True,-1,-0.001002099233752607
48085,Texas,Cardiology,Heart Disease,14558,1,736,3309.2,14558.0,10823.136364,15071.056217,1.345081,HIGH GAP,7.32,48085|Cardiology,Collin County,0.06869075422448138,4.4900949796472185,False,1,0.08853029288526137
37051,North Carolina,Endocrinology,Diabetes,23245,2,1520,5328.1,11622.5,18070.0,22988.768287,0.643193,MODERATE GAP,3.5,37051|Endocrinology,Cumberland County,0.08604000860400086,3.5030243261012495,False,1,0.14346514690560236
48113,Texas,Pulmonary,Respiratory Disease,3883,0,0,0.0,0.0,4251.578947,5741.879972,0.0,NO PROVIDER,100.0,48113|Pulmonary,Dallas County,0.0,0.0,False,1,0.08653208169514648
48439,Texas,Pulmonary,Respiratory Disease,42841,3,1833,6735.3,14280.3333,4251.578947,5741.879972,3.358831,CRITICAL GAP,18.29,48439|Pulmonary,Tarrant County,0.07002637660185336,3.672464558342421,False,1,0.15092425234262774
26077,Michigan,Rheumatology,Arthritis,916,0,0,0.0,0.0,10453.0,13315.598761,0.0,NO PROVIDER,100.0,26077|Rheumatology,Kalamazoo County,0.0,0.0,False,1,0.08653208169514648
26049,Michigan,Rheumatology,Arthritis,1909,0,0,0.0,0.0,10453.0,13315.598761,0.0,NO PROVIDER,100.0,26049|Rheumatology,Genesee County,0.0,0.0,False,1,0.08653208169514648
26099,Michigan,Pulmonary,Respiratory Disease,17829,3,230,928.8,5943.0,4251.578947,5741.879972,1.397834,HIGH GAP,7.61,26099|Pulmonary,Macomb County,0.16826518593303047,4.020779220779221,False,1,0.1240922512142057
37183,North Carolina,Psychiatry,Mental Health Disorders,29742,2,640,1119.2,14871.0,3104.5,4291.159571,4.790143,CRITICAL GAP,26.08,37183|Psychiatry,Wake County,0.06724497343823549,1.746021840873635,False,1,0.11548102479599598
37119,North Carolina,Rheumatology,Arthritis,5032,1,667,1568.3,5032.0,10453.0,13315.598761,0.481393,LOW GAP,2.62,37119|Rheumatology,Mecklenburg County,0.1987281399046105,2.347754491017964,False,1,0.14046996040022502
37183,North Carolina,Rheumatology,Arthritis,98866,1,440,1499.4,98866.0,10453.0,13315.598761,9.458146,CRITICAL GAP,51.5,37183|Rheumatology,Wake County,0.010114700706006109,3.4000000000000004,False,1,0.06506862813278935
26125,Michigan,Pulmonary,Respiratory Disease,4946,1,682,2964.2,4946.0,4251.578947,5741.879972,1.163333,HIGH GAP,6.33,26125|Pulmonary,Oakland County,0.2021835826930853,4.339970717423133,False,1,0.09973709529971186
48439,Texas,Cardiology,Heart Disease,26298,2,378,755.1,13149.0,10823.136364,15071.056217,1.214897,HIGH GAP,6.61,48439|Cardiology,Tarrant County,0.07605141075366947,1.9923482849604222,False,1,0.12349800643967146
37067,North Carolina,Cardiology,Heart Disease,11998,1,112,485.5,11998.0,10823.136364,15071.056217,1.108551,HIGH GAP,6.04,37067|Cardiology,Forsyth County,0.08334722453742291,4.29646017699115,False,1,0.1124111568317091
48029,Texas,Pulmonary,Respiratory Disease,13643,2,853,1463.2,6821.5,4251.578947,5741.879972,1.604463,HIGH GAP,8.74,48029|Pulmonary,Bexar County,0.14659532360917688,1.7133489461358313,False,1,0.08521871006287168
26077,Michigan,Rheumatology,Arthritis,37234,2,1009,3069.2,18617.0,10453.0,13315.598761,1.78102,HIGH GAP,9.7,26077|Rheumatology,Kalamazoo County,0.05371434710211097,3.038811881188119,False,1,0.1539200561872064
37067,North Carolina,Rheumatology,Arthritis,4529,1,687,1312.5,4529.0,10453.0,13315.598761,0.433273,LOW GAP,2.36,37067|Rheumatology,Forsyth County,0.22079929344226099,1.907703488372093,False,1,0.112180577393525
37183,North Carolina,Endocrinology,Diabetes,4777,0,0,0.0,0.0,18070.0,22988.768287,0.0,NO PROVIDER,100.0,37183|Endocrinology,Wake County,0.0,0.0,False,1,0.08653208169514648
48201,Texas,Pulmonary,Respiratory Disease,48011,6,2348,5410.4,8001.8333,4251.578947,5741.879972,1.882085,HIGH GAP,10.25,48201|Pulmonary,Harris County,0.12497136072983275,2.3032779906343124,False,1,0.14617641038628892
37183,North Carolina,Cardiology,Heart Disease,3031,0,0,0.0,0.0,10823.136364,15071.056217,0.0,NO PROVIDER,100.0,37183|Cardiology,Wake County,0.0,0.0,False,1,0.08653208169514648
26099,Michigan,Psychiatry,Mental Health Disorders,2811,0,0,0.0,0.0,3104.5,4291.159571,0.0,NO PROVIDER,100.0,26099|Psychiatry,Macomb County,0.0,0.0,False,1,0.08653208169514648
37183,North Carolina,Psychiatry,Mental Health Disorders,11734,3,2179,6152.7,3911.3333,3104.5,4291.159571,1.259892,HIGH GAP,6.86,37183|Psychiatry,Wake County,0.2556672916311573,2.822339449541284,False,1,0.13632541080804117
48439,Texas,Cardiology,Heart Disease,15697,2,1117,1700.0,7848.5,10823.136364,15071.056217,0.725159,MODERATE GAP,3.95,48439|Cardiology,Tarrant County,0.1274128814423138,1.520572450805009,False,1,0.05909942598835094
48439,Texas,Pulmonary,Respiratory Disease,2525,1,444,1921.5,2525.0,4251.578947,5741.879972,0.593897,MODERATE GAP,3.23,48439|Pulmonary,Tarrant County,0.39603960396039606,4.317977528089887,False,1,0.0752007809732681
26049,Michigan,Psychiatry,Mental Health Disorders,4768,2,656,1200.8,2384.0,3104.5,4291.159571,0.767918,MODERATE GAP,4.18,26049|Psychiatry,Genesee County,0.41946308724832215,1.8277016742770167,False,1,0.06223394421704509
26125,Michigan,Psychiatry,Mental Health Disorders,3060,0,0,0.0,0.0,3104.5,4291.159571,0.0,NO PROVIDER,100.0,26125|Psychiatry,Oakland County,0.0,0.0,False,1,0.08653208169514648
37081,North Carolina,Rheumatology,Arthritis,3500,0,0,0.0,0.0,10453.0,13315.598761,0.0,NO PROVIDER,100.0,37081|Rheumatology,Guilford County,0.0,0.0,False,1,0.08653208169514648
48113,Texas,Pulmonary,Respiratory Disease,3791,1,664,2824.4,3791.0,4251.578947,5741.879972,0.891669,MODERATE GAP,4.86,48113|Pulmonary,Dallas County,0.2637826431020839,4.247218045112782,False,1,0.09878384713905258
48085,Texas,Pulmonary,Respiratory Disease,19065,3,758,2835.9,6355.0,4251.578947,5741.879972,1.494739,HIGH GAP,8.14,48085|Pulmonary,Collin County,0.15735641227380015,3.7363636363636363,False,1,0.1363767143581633
37051,North Carolina,Rheumatology,Arthritis,14054,1,462,1686.3,14054.0,10453.0,13315.598761,1.344494,HIGH GAP,7.32,37051|Rheumatology,Cumberland County,0.07115411982353778,3.6421166306695465,False,1,0.15082359296946235
48113,Texas,Endocrinology,Diabetes,10201,0,0,0.0,0.0,18070.0,22988.768287,0.0,NO PROVIDER,100.0,48113|Endocrinology,Dallas County,0.0,0.0,False,1,0.08653208169514648
37051,North Carolina,Endocrinology,Diabetes,65267,2,921,3694.7,32633.5,18070.0,22988.768287,1.805949,HIGH GAP,9.83,37051|Endocrinology,Cumberland County,0.03064335728622428,4.007266811279826,False,1,0.10884376131463752
37051,North Carolina,Psychiatry,Mental Health Disorders,1632,2,1795,4578.9,816.0,3104.5,4291.159571,0.262844,LOW GAP,1.43,37051|Psychiatry,Cumberland County,1.2254901960784315,2.549498886414254,True,-1,-0.013683296660585431
37183,North Carolina,Psychiatry,Mental Health Disorders,30785,1,231,976.0,30785.0,3104.5,4291.159571,9.916251,CRITICAL GAP,53.99,37183|Psychiatry,Wake County,0.0324833522819555,4.206896551724138,False,1,0.09719852397776618
26049,Michigan,Psychiatry,Mental Health Disorders,2240,0,0,0.0,0.0,3104.5,4291.159571,0.0,NO PROVIDER,100.0,26049|Psychiatry,Genesee County,0.0,0.0,False,1,0.08653208169514648
26099,Michigan,Pulmonary,Respiratory Disease,37696,1,162,662.5,37696.0,4251.578947,5741.879972,8.866353,CRITICAL GAP,48.28,26099|Pulmonary,Macomb County,0.026528013582342955,4.064417177914111,False,1,0.09354324600448993
48085,Texas,Pulmonary,Respiratory Disease,16258,4,344,975.2,4064.5,4251.578947,5741.879972,0.955998,MODERATE GAP,5.21,48085|Pulmonary,Collin County,0.24603272235207282,2.8266666666666667,False,1,0.13958623354652927
48201,Texas,Endocrinology,Diabetes,21255,2,1554,3516.4,10627.5,18070.0,22988.768287,0.588129,MODERATE GAP,3.2,48201|Endocrinology,Harris County,0.09409550693954363,2.2613504823151125,False,1,0.1426316592495926
37081,North Carolina,Endocrinology,Diabetes,53911,2,1743,6569.2,26955.5,18070.0,22988.768287,1.491727,HIGH GAP,8.12,37081|Endocrinology,Guilford County,0.037098180334254605,3.7667431192660548,False,1,0.12547605047146315
37081,North Carolina,Rheumatology,Arthritis,2134,0,0,0.0,0.0,10453.0,13315.598761,0.0,NO PROVIDER,100.0,37081|Rheumatology,Guilford County,0.0,0.0,False,1,0.08653208169514648
48201,Texas,Cardiology,Heart Disease,16767,4,636,1813.3,4191.75,10823.136364,15071.056217,0.387295,LOW GAP,2.11,48201|Cardiology,Harris County,0.23856384564919186,2.8466248037676607,False,1,0.1347200016840166
37051,North Carolina,Rheumatology,Arthritis,2044,0,0,0.0,0.0,10453.0,13315.598761,0.0,NO PROVIDER,100.0,37051|Rheumatology,Cumberland County,0.0,0.0,False,1,0.08653208169514648
48113,Texas,Endocrinology,Diabetes,9608,0,0,0.0,0.0,18070.0,22988.768287,0.0,NO PROVIDER,100.0,48113|Endocrinology,Dallas County,0.0,0.0,False,1,0.08653208169514648
48113,Texas,Endocrinology,Diabetes,6030,0,0,0.0,0.0,18070.0,22988.768287,0.0,NO PROVIDER,100.0,48113|Endocrinology,Dallas County,0.0,0.0,False,1,0.08653208169514648
37081,North Carolina,Endocrinology,Diabetes,29128,2,209,775.9,14564.0,18070.0,22988.768287,0.805977,MODERATE GAP,4.39,37081|Endocrinology,Guilford County,0.068662455369404,3.6947619047619047,False,1,0.15120321444818352
48201,Texas,Endocrinology,Diabetes,64768,2,447,1667.7,32384.0,18070.0,22988.768287,1.792142,HIGH GAP,9.76,48201|Endocrinology,Harris County,0.030879446640316204,3.722544642857143,False,1,0.12430107078543257
26077,Michigan,Rheumatology,Arthritis,44642,3,2102,3751.3,14880.6667,10453.0,13315.598761,1.423579,HIGH GAP,7.75,26077|Rheumatology,Kalamazoo County,0.06720129026477309,1.7837850689491204,False,1,0.12156167959060188
37081,North Carolina,Psychiatry,Mental Health Disorders,5171,1,431,1717.4,5171.0,3104.5,4291.159571,1.665647,HIGH GAP,9.07,37081|Psychiatry,Guilford County,0.19338619222587505,3.975462962962963,False,1,0.1086904633446199
26049,Michigan,Rheumatology,Arthritis,8793,1,604,1629.3,8793.0,10453.0,13315.598761,0.841194,MODERATE GAP,4.58,26049|Rheumatology,Genesee County,0.11372682815876266,2.6930578512396695,False,1,0.15199425214592338
37119,North Carolina,Endocrinology,Diabetes,3333,0,0,0.0,0.0,18070.0,22988.768287,0.0,NO PROVIDER,100.0,37119|Endocrinology,Mecklenburg County,0.0,0.0,False,1,0.08653208169514648
37119,North Carolina,Psychiatry,Mental Health Disorders,960,2,844,3054.2,480.0,3104.5,4291.159571,0.154614,LOW GAP,0.84,37119|Psychiatry,Mecklenburg County,2.0833333333333335,3.614437869822485,True,-1,-0.07332193722667679
37119,North Carolina,Endocrinology,Diabetes,3750,0,0,0.0,0.0,18070.0,22988.768287,0.0,NO PROVIDER,100.0,37119|Endocrinology,Mecklenburg County,0.0,0.0,False,1,0.08653208169514648
26077,Michigan,Pulmonary,Respiratory Disease,658,0,0,0.0,0.0,4251.578947,5741.879972,0.0,NO PROVIDER,100.0,26077|Pulmonary,Kalamazoo County,0.0,0.0,False,1,0.08653208169514648
48085,Texas,Endocrinology,Diabetes,13722,1,421,1888.0,13722.0,18070.0,22988.768287,0.75938,MODERATE GAP,4.13,48085|Endocrinology,Collin County,0.07287567409998542,4.4739336492890995,False,1,0.09020106460327204
26163,Michigan,Rheumatology,Arthritis,10319,0,0,0.0,0.0,10453.0,13315.598761,0.0,NO PROVIDER,100.0,26163|Rheumatology,Wayne County,0.0,0.0,False,1,0.08653208169514648
26125,Michigan,Pulmonary,Respiratory Disease,1591,0,0,0.0,0.0,4251.578947,5741.879972,0.0,NO PROVIDER,100.0,26125|Pulmonary,Oakland County,0.0,0.0,False,1,0.08653208169514648
48113,Texas,Cardiology,Heart Disease,23996,5,4036,16871.9,4799.2,10823.136364,15071.056217,0.44342,LOW GAP,2.41,48113|Cardiology,Dallas County,0.20836806134355726,4.179316324002973,False,1,0.1079873621111549
48085,Texas,Cardiology,Heart Disease,7963,4,2750,6983.6,1990.75,10823.136364,15071.056217,0.183935,LOW GAP,1.0,48085|Cardiology,Collin County,0.5023232450081628,2.5385677935296256,False,1,0.07264959230674684
37051,North Carolina,Endocrinology,Diabetes,1045,0,0,0.0,0.0,18070.0,22988.768287,0.0,NO PROVIDER,100.0,37051|Endocrinology,Cumberland County,0.0,0.0,False,1,0.08653208169514648
37067,North Carolina,Cardiology,Heart Disease,20341,2,1077,3125.3,10170.5,10823.136364,15071.056217,0.9397,MODERATE GAP,5.12,37067|Cardiology,Forsyth County,0.09832358291136128,2.8991651205936924,False,1,0.1549644967991894
37183,North Carolina,Cardiology,Heart Disease,5744,1,670,2912.2,5744.0,10823.136364,15071.056217,0.530715,MODERATE GAP,2.89,37183|Cardiology,Wake County,0.17409470752089137,4.340089418777943,False,1,0.10509499890986052
48029,Texas,Endocrinology,Diabetes,25070,3,972,3045.9,8356.6667,18070.0,22988.768287,0.462461,LOW GAP,2.52,48029|Endocrinology,Bexar County,0.11966493817311528,3.1304213771839673,False,1,0.14873395700427605
26163,Michigan,Pulmonary,Respiratory Disease,5328,1,723,2539.8,5328.0,4251.578947,5741.879972,1.253181,HIGH GAP,6.82,26163|Pulmonary,Wayne County,0.18768768768768768,3.5080110497237573,False,1,0.13098538193197
37119,North Carolina,Psychiatry,Mental Health Disorders,4794,1,329,1416.9,4794.0,3104.5,4291.159571,1.54421,HIGH GAP,8.41,37119|Psychiatry,Mecklenburg County,0.20859407592824364,4.293636363636364,False,1,0.10321467796017747
26049,Michigan,Rheumatology,Arthritis,41799,1,415,778.2,41799.0,10453.0,13315.598761,3.998756,CRITICAL GAP,21.77,26049|Rheumatology,Genesee County,0.02392401732098854,1.870673076923077,False,1,0.07769081219569618
48085,Texas,Pulmonary,Respiratory Disease,1200,0,0,0.0,0.0,4251.578947,5741.879972,0.0,NO PROVIDER,100.0,48085|Pulmonary,Collin County,0.0,0.0,False,1,0.08653208169514648
37119,North Carolina,Endocrinology,Diabetes,3404,0,0,0.0,0.0,18070.0,22988.768287,0.0,NO PROVIDER,100.0,37119|Endocrinology,Mecklenburg County,0.0,0.0,False,1,0.08653208169514648
37067,North Carolina,Rheumatology,Arthritis,1247,1,166,635.2,1247.0,10453.0,13315.598761,0.119296,LOW GAP,0.65,37067|Rheumatology,Forsyth County,0.8019246190858059,3.8035928143712576,False,1,0.023426806602731998
37081,North Carolina,Endocrinology,Diabetes,13526,1,73,315.9,13526.0,18070.0,22988.768287,0.748533,MODERATE GAP,4.08,37081|Endocrinology,Guilford County,0.0739316871211001,4.268918918918919,False,1,0.11889794640514684
37119,North Carolina,Rheumatology,Arthritis,7255,0,0,0.0,0.0,10453.0,13315.598761,0.0,NO PROVIDER,100.0,37119|Rheumatology,Mecklenburg County,0.0,0.0,False,1,0.08653208169514648
26049,Michigan,Pulmonary,Respiratory Disease,963,0,0,0.0,0.0,4251.578947,5741.879972,0.0,NO PROVIDER,100.0,26049|Pulmonary,Genesee County,0.0,0.0,False,1,0.08653208169514648
26163,Michigan,Rheumatology,Arthritis,15294,0,0,0.0,0.0,10453.0,13315.598761,0.0,NO PROVIDER,100.0,26163|Rheumatology,Wayne County,0.0,0.0,False,1,0.08653208169514648
26049,Michigan,Pulmonary,Respiratory Disease,4063,1,892,1690.4,4063.0,4251.578947,5741.879972,0.955645,MODERATE GAP,5.2,26049|Pulmonary,Genesee County,0.2461235540241201,1.8929451287793955,False,1,0.11002035511710612
37067,North Carolina,Endocrinology,Diabetes,28091,2,1265,3980.9,14045.5,18070.0,22988.768287,0.777283,MODERATE GAP,4.23,37067|Endocrinology,Forsyth County,0.07119718059164858,3.1444707740916273,False,1,0.15608881889598936
37081,North Carolina,Psychiatry,Mental Health Disorders,4400,0,0,0.0,0.0,3104.5,4291.159571,0.0,NO PROVIDER,100.0,37081|Psychiatry,Guilford County,0.0,0.0,False,1,0.08653208169514648
26125,Michigan,Pulmonary,Respiratory Disease,453,1,869,3670.5,453.0,4251.578947,5741.879972,0.106549,LOW GAP,0.58,26125|Pulmonary,Oakland County,2.207505518763797,4.218965517241379,True,-1,-0.09138639646929891
37183,North Carolina,Rheumatology,Arthritis,65328,1,828,1995.3,65328.0,10453.0,13315.598761,6.249689,CRITICAL GAP,34.03,37183|Rheumatology,Wake County,0.015307372030369826,2.406875753920386,False,1,0.07515808876670427
48113,Texas,Endocrinology,Diabetes,176115,3,1560,2793.9,58705.0,18070.0,22988.768287,3.248755,CRITICAL GAP,17.69,48113|Endocrinology,Dallas County,0.017034324163188824,1.7898142216527868,False,1,0.04603494154346088
48113,Texas,Pulmonary,Respiratory Disease,4908,4,1728,5912.0,1227.0,4251.578947,5741.879972,0.288599,LOW GAP,1.57,48113|Pulmonary,Dallas County,0.8149959250203749,3.4193175245806824,False,1,0.029486055788466192
26099,Michigan,Pulmonary,Respiratory Disease,737,1,260,1136.4,737.0,4251.578947,5741.879972,0.173347,LOW GAP,0.94,26099|Pulmonary,Macomb County,1.3568521031207597,4.354022988505747,True,-1,-0.047742690140007094
48029,Texas,Cardiology,Heart Disease,3629,0,0,0.0,0.0,10823.136364,15071.056217,0.0,NO PROVIDER,100.0,48029|Cardiology,Bexar County,0.0,0.0,False,1,0.08653208169514648
48113,Texas,Pulmonary,Respiratory Disease,15797,2,774,3355.6,7898.5,4251.578947,5741.879972,1.85778,HIGH GAP,10.12,48113|Pulmonary,Dallas County,0.12660631765525102,4.329806451612903,False,1,0.1115391385178971
48201,Texas,Endocrinology,Diabetes,60545,4,3469,7060.5,15136.25,18070.0,22988.768287,0.837645,MODERATE GAP,4.56,48201|Endocrinology,Harris County,0.06606656206127674,2.034726224783862,False,1,0.13497252354047073
37051,North Carolina,Cardiology,Heart Disease,3463,2,1405,3694.3,1731.5,10823.136364,15071.056217,0.159981,LOW GAP,0.87,37051|Cardiology,Cumberland County,0.5775339301183945,2.627524893314367,False,1,0.06772275650757265
48439,Texas,Endocrinology,Diabetes,34660,2,466,1517.9,17330.0,18070.0,22988.768287,0.959048,MODERATE GAP,5.22,48439|Endocrinology,Tarrant County,0.05770340450086555,3.2503211991434693,False,1,0.15027082551740817
48201,Texas,Endocrinology,Diabetes,513926,5,4225,12264.8,102785.2,18070.0,22988.768287,5.688168,CRITICAL GAP,30.97,48201|Endocrinology,Harris County,0.009729027136202488,2.9022243256034073,False,1,0.07062793514336008
48085,Texas,Pulmonary,Respiratory Disease,11210,2,1400,5645.9,5605.0,4251.578947,5741.879972,1.318334,HIGH GAP,7.18,48085|Pulmonary,Collin County,0.1784121320249777,4.029907209136331,False,1,0.12018630479232939
48113,Texas,Pulmonary,Respiratory Disease,4848,0,0,0.0,0.0,4251.578947,5741.879972,0.0,NO PROVIDER,100.0,48113|Pulmonary,Dallas County,0.0,0.0,False,1,0.08653208169514648
37081,North Carolina,Rheumatology,Arthritis,10197,2,466,1132.4,5098.5,10453.0,13315.598761,0.487755,LOW GAP,2.66,37081|Rheumatology,Guilford County,0.19613611846621556,2.4248394004282656,False,1,0.13979995906997145
26125,Michigan,Rheumatology,Arthritis,48350,3,2180,3912.8,16116.6667,10453.0,13315.598761,1.541822,HIGH GAP,8.4,26125|Rheumatology,Oakland County,0.06204756980351603,1.7940394314534618,False,1,0.12049146951207157
48085,Texas,Pulmonary,Respiratory Disease,7786,1,497,998.9,7786.0,4251.578947,5741.879972,1.83132,HIGH GAP,9.97,48085|Pulmonary,Collin County,0.12843565373747753,2.005823293172691,False,1,0.12483837609349613
48201,Texas,Pulmonary,Respiratory Disease,9969,0,0,0.0,0.0,4251.578947,5741.879972,0.0,NO PROVIDER,100.0,48201|Pulmonary,Harris County,0.0,0.0,False,1,0.08653208169514648
26099,Michigan,Pulmonary,Respiratory Disease,12741,2,416,807.7,6370.5,4251.578947,5741.879972,1.498385,HIGH GAP,8.16,26099|Pulmonary,Macomb County,0.15697354995683227,1.9369304556354918,False,1,0.1189586528075357
48085,Texas,Cardiology,Heart Disease,55157,1,865,3248.8,55157.0,10823.136364,15071.056217,5.096212,CRITICAL GAP,27.75,48085|Cardiology,Collin County,0.018130065086933662,3.7515011547344113,False,1,0.08344559646307548
37051,North Carolina,Endocrinology,Diabetes,1065,0,0,0.0,0.0,18070.0,22988.768287,0.0,NO PROVIDER,100.0,37051|Endocrinology,Cumberland County,0.0,0.0,False,1,0.08653208169514648
37183,North Carolina,Psychiatry,Mental Health Disorders,4122,0,0,0.0,0.0,3104.5,4291.159571,0.0,NO PROVIDER,100.0,37183|Psychiatry,Wake County,0.0,0.0,False,1,0.08653208169514648
26125,Michigan,Pulmonary,Respiratory Disease,1619,0,0,0.0,0.0,4251.578947,5741.879972,0.0,NO PROVIDER,100.0,26125|Pulmonary,Oakland County,0.0,0.0,False,1,0.08653208169514648
37067,North Carolina,Rheumatology,Arthritis,6234,1,654,2103.6,6234.0,10453.0,13315.598761,0.596384,MODERATE GAP,3.25,37067|Rheumatology,Forsyth County,0.16041065126724413,3.2116030534351143,False,1,0.13831768714435122
26125,Michigan,Psychiatry,Mental Health Disorders,4156,2,1567,5491.6,2078.0,3104.5,4291.159571,0.669351,MODERATE GAP,3.64,26125|Psychiatry,Oakland County,0.48123195380173245,3.502295918367347,False,1,0.07732292509575855
48113,Texas,Cardiology,Heart Disease,39493,2,405,1335.8,19746.5,10823.136364,15071.056217,1.824471,HIGH GAP,9.93,48113|Cardiology,Dallas County,0.050641885903831056,3.2901477832512316,False,1,0.14704881272705245
26099,Michigan,Rheumatology,Arthritis,16648,1,722,1993.0,16648.0,10453.0,13315.598761,1.592653,HIGH GAP,8.67,26099|Rheumatology,Macomb County,0.0600672753483902,2.756569847856155,False,1,0.1536321398438117
37183,North Carolina,Psychiatry,Mental Health Disorders,5725,1,747,2911.9,5725.0,3104.5,4291.159571,1.844097,HIGH GAP,10.04,37183|Psychiatry,Wake County,0.17467248908296942,3.892914438502674,False,1,0.12967463733201362
48439,Texas,Pulmonary,Respiratory Disease,1720,0,0,0.0,0.0,4251.578947,5741.879972,0.0,NO PROVIDER,100.0,48439|Pulmonary,Tarrant County,0.0,0.0,False,1,0.08653208169514648
37119,North Carolina,Rheumatology,Arthritis,6587,1,704,2585.3,6587.0,10453.0,13315.598761,0.630154,MODERATE GAP,3.43,37119|Rheumatology,Mecklenburg County,0.1518141794443601,3.6670921985815603,False,1,0.1362914906329345
48029,Texas,Pulmonary,Respiratory Disease,7153,1,116,440.2,7153.0,4251.578947,5741.879972,1.682434,HIGH GAP,9.16,48029|Pulmonary,Bexar County,0.1398014818957081,3.7623931623931623,False,1,0.1358696668855387
26049,Michigan,Rheumatology,Arthritis,3222,0,0,0.0,0.0,10453.0,13315.598761,0.0,NO PROVIDER,100.0,26049|Rheumatology,Genesee County,0.0,0.0,False,1,0.08653208169514648
48029,Texas,Pulmonary,Respiratory Disease,3088,1,234,417.8,3088.0,4251.578947,5741.879972,0.726318,MODERATE GAP,3.95,48029|Pulmonary,Bexar County,0.3238341968911917,1.7778723404255319,False,1,0.07801837519819366
26125,Michigan,Pulmonary,Respiratory Disease,11480,2,879,1438.7,5740.0,4251.578947,5741.879972,1.350087,HIGH GAP,7.35,26125|Pulmonary,Oakland County,0.17421602787456447,1.6348863636363637,False,1,0.08255093430521943
48029,Texas,Cardiology,Heart Disease,3568,0,0,0.0,0.0,10823.136364,15071.056217,0.0,NO PROVIDER,100.0,48029|Cardiology,Bexar County,0.0,0.0,False,1,0.08653208169514648
48113,Texas,Pulmonary,Respiratory Disease,47925,2,518,1911.1,23962.5,4251.578947,5741.879972,5.636141,CRITICAL GAP,30.69,48113|Pulmonary,Dallas County,0.041731872717788214,3.6822736030828516,False,1,0.13157880144543105
26099,Michigan,Psychiatry,Mental Health Disorders,64484,2,403,1385.5,32242.0,3104.5,4291.159571,10.385569,CRITICAL GAP,56.55,26099|Psychiatry,Macomb County,0.031015445691954597,3.4294554455445545,False,1,0.12173811526675904
37119,North Carolina,Cardiology,Heart Disease,94751,2,723,2215.5,47375.5,10823.136364,15071.056217,4.377243,CRITICAL GAP,23.83,37119|Cardiology,Mecklenburg County,0.02110795664425705,3.060082872928177,False,1,0.11091570913764359
37183,North Carolina,Psychiatry,Mental Health Disorders,14880,1,122,370.2,14880.0,3104.5,4291.159571,4.793042,CRITICAL GAP,26.1,37183|Psychiatry,Wake County,0.06720430107526881,3.0097560975609756,False,1,0.15630863933795214
26077,Michigan,Pulmonary,Respiratory Disease,3305,1,187,397.0,3305.0,4251.578947,5741.879972,0.777358,MODERATE GAP,4.23,26077|Pulmonary,Kalamazoo County,0.302571860816944,2.1117021276595747,False,1,0.11242372824598429
37067,North Carolina,Cardiology,Heart Disease,376,0,0,0.0,0.0,10823.136364,15071.056217,0.0,NO PROVIDER,100.0,37067|Cardiology,Forsyth County,0.0,0.0,False,1,0.08653208169514648
48085,Texas,Cardiology,Heart Disease,1397,0,0,0.0,0.0,10823.136364,15071.056217,0.0,NO PROVIDER,100.0,48085|Cardiology,Collin County,0.0,0.0,False,1,0.08653208169514648
26077,Michigan,Pulmonary,Respiratory Disease,309,0,0,0.0,0.0,4251.578947,5741.879972,0.0,NO PROVIDER,100.0,26077|Pulmonary,Kalamazoo County,0.0,0.0,False,1,0.08653208169514648
48029,Texas,Endocrinology,Diabetes,76394,1,160,372.1,76394.0,18070.0,22988.768287,4.22767,CRITICAL GAP,23.02,48029|Endocrinology,Bexar County,0.013090033248684452,2.3111801242236027,False,1,0.07272306148295071
48201,Texas,Cardiology,Heart Disease,38954,1,695,2542.6,38954.0,10823.136364,15071.056217,3.599142,CRITICAL GAP,19.6,48201|Cardiology,Harris County,0.02567130461570057,3.65316091954023,False,1,0.11258642333072244
48085,Texas,Cardiology,Heart Disease,19426,1,249,838.1,19426.0,10823.136364,15071.056217,1.794859,HIGH GAP,9.77,48085|Cardiology,Collin County,0.05147740142077628,3.3524000000000003,False,1,0.14491296034148554
37183,North Carolina,Psychiatry,Mental Health Disorders,3293,1,348,928.5,3293.0,3104.5,4291.159571,1.060718,HIGH GAP,5.78,37183|Psychiatry,Wake County,0.3036744609778318,2.660458452722063,False,1,0.12777894666266848
37183,North Carolina,Rheumatology,Arthritis,10975,0,0,0.0,0.0,10453.0,13315.598761,0.0,NO PROVIDER,100.0,37183|Rheumatology,Wake County,0.0,0.0,False,1,0.08653208169514648
48029,Texas,Cardiology,Heart Disease,5761,2,1777,6491.9,2880.5,10823.136364,15071.056217,0.266143,LOW GAP,1.45,48029|Cardiology,Bexar County,0.3471619510501649,3.6512373453318334,False,1,0.11327227945031698
48085,Texas,Cardiology,Heart Disease,4967,2,103,189.1,2483.5,10823.136364,15071.056217,0.229462,LOW GAP,1.25,48085|Cardiology,Collin County,0.40265753976243207,1.8182692307692307,False,1,0.06691778809173454
48029,Texas,Pulmonary,Respiratory Disease,10191,3,333,1014.7,3397.0,4251.578947,5741.879972,0.798997,MODERATE GAP,4.35,48029|Pulmonary,Bexar County,0.2943773918163085,3.0380239520958083,False,1,0.12711208024281245
26049,Michigan,Pulmonary,Respiratory Disease,30678,1,262,736.4,30678.0,4251.578947,5741.879972,7.215672,CRITICAL GAP,39.29,26049|Pulmonary,Genesee County,0.03259664906447617,2.8,False,1,0.13051623215961083
37119,North Carolina,Cardiology,Heart Disease,47502,3,929,2092.6,15834.0,10823.136364,15071.056217,1.462977,HIGH GAP,7.97,37119|Cardiology,Mecklenburg County,0.06315523556902866,2.2501075268817203,False,1,0.1464806551790545
37051,North Carolina,Endocrinology,Diabetes,1036,0,0,0.0,0.0,18070.0,22988.768287,0.0,NO PROVIDER,100.0,37051|Endocrinology,Cumberland County,0.0,0.0,False,1,0.08653208169514648
48113,Texas,Cardiology,Heart Disease,2188,0,0,0.0,0.0,10823.136364,15071.056217,0.0,NO PROVIDER,100.0,48113|Cardiology,Dallas County,0.0,0.0,False,1,0.08653208169514648
26049,Michigan,Rheumatology,Arthritis,10611,1,159,361.4,10611.0,10453.0,13315.598761,1.015115,HIGH GAP,5.53,26049|Rheumatology,Genesee County,0.09424182452172274,2.25875,False,1,0.14183700852758568
37081,North Carolina,Cardiology,Heart Disease,780,0,0,0.0,0.0,10823.136364,15071.056217,0.0,NO PROVIDER,100.0,37081|Cardiology,Guilford County,0.0,0.0,False,1,0.08653208169514648
48085,Texas,Endocrinology,Diabetes,2555,0,0,0.0,0.0,18070.0,22988.768287,0.0,NO PROVIDER,100.0,48085|Endocrinology,Collin County,0.0,0.0,False,1,0.08653208169514648
37119,North Carolina,Cardiology,Heart Disease,283624,4,560,1408.4,70906.0,10823.136364,15071.056217,6.551336,CRITICAL GAP,35.67,37119|Cardiology,Mecklenburg County,0.014103178856514258,2.510516934046346,False,1,0.0753480620555802
48085,Texas,Pulmonary,Respiratory Disease,2380,0,0,0.0,0.0,4251.578947,5741.879972,0.0,NO PROVIDER,100.0,48085|Pulmonary,Collin County,0.0,0.0,False,1,0.08653208169514648
26125,Michigan,Pulmonary,Respiratory Disease,2089,2,1543,3357.1,1044.5,4251.578947,5741.879972,0.245673,LOW GAP,1.34,26125|Pulmonary,Oakland County,0.9573958831977023,2.174287564766839,True,-1,-0.005183673674419631
26163,Michigan,Rheumatology,Arthritis,13061,1,129,346.0,13061.0,10453.0,13315.598761,1.249498,HIGH GAP,6.8,26163|Rheumatology,Wayne County,0.07656381594058648,2.6615384615384614,False,1,0.1420331569381974
37119,North Carolina,Endocrinology,Diabetes,9627,1,382,868.3,9627.0,18070.0,22988.768287,0.532761,MODERATE GAP,2.9,37119|Endocrinology,Mecklenburg County,0.10387451958034695,2.2671018276762402,False,1,0.1463831979889399
48113,Texas,Pulmonary,Respiratory Disease,2085,0,0,0.0,0.0,4251.578947,5741.879972,0.0,NO PROVIDER,100.0,48113|Pulmonary,Dallas County,0.0,0.0,False,1,0.08653208169514648
26163,Michigan,Psychiatry,Mental Health Disorders,33108,1,394,1121.4,33108.0,3104.5,4291.159571,10.664519,CRITICAL GAP,58.07,26163|Psychiatry,Wayne County,0.030204180258547784,2.8389873417721523,False,1,0.1350036712875079
37067,North Carolina,Psychiatry,Mental Health Disorders,2295,0,0,0.0,0.0,3104.5,4291.159571,0.0,NO PROVIDER,100.0,37067|Psychiatry,Forsyth County,0.0,0.0,False,1,0.08653208169514648
48201,Texas,Cardiology,Heart Disease,75662,1,621,1455.4,75662.0,10823.136364,15071.056217,6.990765,CRITICAL GAP,38.06,48201|Cardiology,Harris County,0.013216674156115356,2.339871382636656,False,1,0.07144089125075415
48201,Texas,Pulmonary,Respiratory Disease,27798,2,1485,3275.6,13899.0,4251.578947,5741.879972,3.269138,CRITICAL GAP,17.8,48201|Pulmonary,Harris County,0.07194762213108857,2.204306864064603,False,1,0.14406838369725888
37051,North Carolina,Endocrinology,Diabetes,1170,0,0,0.0,0.0,18070.0,22988.768287,0.0,NO PROVIDER,100.0,37051|Endocrinology,Cumberland County,0.0,0.0,False,1,0.08653208169514648
37183,North Carolina,Rheumatology,Arthritis,20078,3,1371,4088.0,6692.6667,10453.0,13315.598761,0.640263,MODERATE GAP,3.49,37183|Rheumatology,Wake County,0.1494172726367168,2.979591836734694,False,1,0.14131584280955767
37183,North Carolina,Psychiatry,Mental Health Disorders,2749,2,509,1404.6,1374.5,3104.5,4291.159571,0.442744,LOW GAP,2.41,37183|Psychiatry,Wake County,0.7275372862859222,2.7541176470588233,False,1,0.04639648378872785
26077,Michigan,Psychiatry,Mental Health Disorders,5400,2,311,1306.8,2700.0,3104.5,4291.159571,0.869705,MODERATE GAP,4.74,26077|Psychiatry,Kalamazoo County,0.37037037037037035,4.188461538461539,False,1,0.08432159345611256
26077,Michigan,Psychiatry,Mental Health Disorders,1206,0,0,0.0,0.0,3104.5,4291.159571,0.0,NO PROVIDER,100.0,26077|Psychiatry,Kalamazoo County,0.0,0.0,False,1,0.08653208169514648
26077,Michigan,Pulmonary,Respiratory Disease,19988,3,266,1029.7,6662.6667,4251.578947,5741.879972,1.567104,HIGH GAP,8.53,26077|Pulmonary,Kalamazoo County,0.15009005403241946,3.856554307116105,False,1,0.12635333692924705
26099,Michigan,Psychiatry,Mental Health Disorders,9122,2,1732,3365.7,4561.0,3104.5,4291.159571,1.469158,HIGH GAP,8.0,26099|Psychiatry,Macomb County,0.21925016443762335,1.9421234852856317,False,1,0.11635074687466018
48113,Texas,Pulmonary,Respiratory Disease,2241,0,0,0.0,0.0,4251.578947,5741.879972,0.0,NO PROVIDER,100.0,48113|Pulmonary,Dallas County,0.0,0.0,False,1,0.08653208169514648
26163,Michigan,Rheumatology,Arthritis,9190,0,0,0.0,0.0,10453.0,13315.598761,0.0,NO PROVIDER,100.0,26163|Rheumatology,Wayne County,0.0,0.0,False,1,0.08653208169514648
48113,Texas,Endocrinology,Diabetes,42295,2,453,1023.6,21147.5,18070.0,22988.768287,1.17031,HIGH GAP,6.37,48113|Endocrinology,Dallas County,0.047286913346731296,2.254625550660793,False,1,0.1415393440789089
26125,Michigan,Rheumatology,Arthritis,117240,3,1087,2676.2,39080.0,10453.0,13315.598761,3.73864,CRITICAL GAP,20.36,26125|Rheumatology,Oakland County,0.025588536335721595,2.4597426470588233,False,1,0.11505759292641626
48201,Texas,Cardiology,Heart Disease,30045,7,3246,9647.5,4292.1429,10823.136364,15071.056217,0.396571,LOW GAP,2.16,48201|Cardiology,Harris County,0.2329838575470128,2.9712041884816753,False,1,0.1351324639872063
37183,North Carolina,Endocrinology,Diabetes,11038,2,340,782.3,5519.0,18070.0,22988.768287,0.305423,LOW GAP,1.66,37183|Endocrinology,Wake County,0.1811922449719152,2.2941348973607036,False,1,0.13930972370129585
48029,Texas,Endocrinology,Diabetes,11489,3,2272,9005.5,3829.6667,18070.0,22988.768287,0.211935,LOW GAP,1.15,48029|Endocrinology,Bexar County,0.2611193315345112,3.9619445666520017,False,1,0.11033837447351674
48113,Texas,Endocrinology,Diabetes,11792,3,1178,3752.5,3930.6667,18070.0,22988.768287,0.217524,LOW GAP,1.18,48113|Endocrinology,Dallas County,0.2544097693351425,3.182782018659881,False,1,0.13078043449261995
37183,North Carolina,Cardiology,Heart Disease,531,0,0,0.0,0.0,10823.136364,15071.056217,0.0,NO PROVIDER,100.0,37183|Cardiology,Wake County,0.0,0.0,False,1,0.08653208169514648
37119,North Carolina,Cardiology,Heart Disease,22095,2,1785,4057.0,11047.5,10823.136364,15071.056217,1.02073,HIGH GAP,5.56,37119|Cardiology,Mecklenburg County,0.09051821679112922,2.2715565509518476,False,1,0.14210120656243247
37183,North Carolina,Cardiology,Heart Disease,835,0,0,0.0,0.0,10823.136364,15071.056217,0.0,NO PROVIDER,100.0,37183|Cardiology,Wake County,0.0,0.0,False,1,0.08653208169514648
26125,Michigan,Rheumatology,Arthritis,20566,1,557,2159.8,20566.0,10453.0,13315.598761,1.967473,HIGH GAP,10.71,26125|Rheumatology,Oakland County,0.048623942429252165,3.870609318996416,False,1,0.13371803939046367
37119,North Carolina,Endocrinology,Diabetes,2649,0,0,0.0,0.0,18070.0,22988.768287,0.0,NO PROVIDER,100.0,37119|Endocrinology,Mecklenburg County,0.0,0.0,False,1,0.08653208169514648
48085,Texas,Endocrinology,Diabetes,4190,0,0,0.0,0.0,18070.0,22988.768287,0.0,NO PROVIDER,100.0,48085|Endocrinology,Collin County,0.0,0.0,False,1,0.08653208169514648
26077,Michigan,Pulmonary,Respiratory Disease,626,1,637,1607.6,626.0,4251.578947,5741.879972,0.147239,LOW GAP,0.8,26077|Pulmonary,Kalamazoo County,1.5974440894568689,2.5197492163009403,True,-1,-0.04437742048933613
48029,Texas,Cardiology,Heart Disease,4285,1,897,3711.4,4285.0,10823.136364,15071.056217,0.395911,LOW GAP,2.16,48029|Cardiology,Bexar County,0.23337222870478413,4.132962138084633,False,1,0.10429148890900841
48439,Texas,Endocrinology,Diabetes,21312,2,761,1631.3,10656.0,18070.0,22988.768287,0.589707,MODERATE GAP,3.21,48439|Endocrinology,Tarrant County,0.09384384384384384,2.140813648293963,False,1,0.13316691457744362
48439,Texas,Pulmonary,Respiratory Disease,17942,4,2619,4073.4,4485.5,4251.578947,5741.879972,1.05502,HIGH GAP,5.74,48439|Pulmonary,Tarrant County,0.22294058633374206,1.554732824427481,False,1,0.06426600111100389
37051,North Carolina,Cardiology,Heart Disease,428,0,0,0.0,0.0,10823.136364,15071.056217,0.0,NO PROVIDER,100.0,37051|Cardiology,Cumberland County,0.0,0.0,False,1,0.08653208169514648
48113,Texas,Cardiology,Heart Disease,9530,1,368,656.3,9530.0,10823.136364,15071.056217,0.880521,MODERATE GAP,4.79,48113|Cardiology,Dallas County,0.1049317943336831,1.778590785907859,False,1,0.11271071333377009
48201,Texas,Endocrinology,Diabetes,12281,0,0,0.0,0.0,18070.0,22988.768287,0.0,NO PROVIDER,100.0,48201|Endocrinology,Harris County,0.0,0.0,False,1,0.08653208169514648
26077,Michigan,Rheumatology,Arthritis,10787,1,96,236.3,10787.0,10453.0,13315.598761,1.031953,HIGH GAP,5.62,26077|Rheumatology,Kalamazoo County,0.09270418095856123,2.4360824742268044,False,1,0.14370157338253137
26125,Michigan,Pulmonary,Respiratory Disease,19622,3,1008,3529.3,6540.6667,4251.578947,5741.879972,1.538409,HIGH GAP,8.38,26125|Pulmonary,Oakland County,0.15288961369890938,3.497819623389495,False,1,0.13131036649006234
48201,Texas,Cardiology,Heart Disease,6393,0,0,0.0,0.0,10823.136364,15071.056217,0.0,NO PROVIDER,100.0,48201|Cardiology,Harris County,0.0,0.0,False,1,0.08653208169514648
48201,Texas,Pulmonary,Respiratory Disease,9376,3,1363,2291.2,3125.3333,4251.578947,5741.879972,0.735099,MODERATE GAP,4.0,48201|Pulmonary,Harris County,0.3199658703071672,1.679765395894428,False,1,0.06060085702960971
37081,North Carolina,Psychiatry,Mental Health Disorders,1824,1,274,552.7,1824.0,3104.5,4291.159571,0.587534,MODERATE GAP,3.2,37081|Psychiatry,Guilford County,0.5482456140350876,2.009818181818182,False,1,0.04337364387096054
37067,North Carolina,Psychiatry,Mental Health Disorders,8183,1,119,436.9,8183.0,3104.5,4291.159571,2.635851,CRITICAL GAP,14.35,37067|Psychiatry,Forsyth County,0.12220457045093486,3.640833333333333,False,1,0.14694638140556887
26163,Michigan,Psychiatry,Mental Health Disorders,1732,3,411,1308.0,577.3333,3104.5,4291.159571,0.185967,LOW GAP,1.01,26163|Psychiatry,Wayne County,1.7321016166281755,3.174757281553398,True,-1,-0.05388354699904285
37051,North Carolina,Endocrinology,Diabetes,2095,1,237,1020.7,2095.0,18070.0,22988.768287,0.115938,LOW GAP,0.63,37051|Endocrinology,Cumberland County,0.47732696897374705,4.288655462184874,False,1,0.05131038914297481
26125,Michigan,Rheumatology,Arthritis,87758,2,1105,4673.7,43879.0,10453.0,13315.598761,4.197742,CRITICAL GAP,22.86,26125|Rheumatology,Oakland County,0.022789945076232367,4.225768535262206,False,1,0.07470794810258297
37067,North Carolina,Cardiology,Heart Disease,435,0,0,0.0,0.0,10823.136364,15071.056217,0.0,NO PROVIDER,100.0,37067|Cardiology,Forsyth County,0.0,0.0,False,1,0.08653208169514648
26049,Michigan,Pulmonary,Respiratory Disease,581,0,0,0.0,0.0,4251.578947,5741.879972,0.0,NO PROVIDER,100.0,26049|Pulmonary,Genesee County,0.0,0.0,False,1,0.08653208169514648
37081,North Carolina,Rheumatology,Arthritis,5514,1,575,2361.3,5514.0,10453.0,13315.598761,0.527504,MODERATE GAP,2.87,37081|Rheumatology,Guilford County,0.18135654697134565,4.099479166666667,False,1,0.11808213328965844
37067,North Carolina,Psychiatry,Mental Health Disorders,1501,0,0,0.0,0.0,3104.5,4291.159571,0.0,NO PROVIDER,100.0,37067|Psychiatry,Forsyth County,0.0,0.0,False,1,0.08653208169514648
48201,Texas,Cardiology,Heart Disease,6191,0,0,0.0,0.0,10823.136364,15071.056217,0.0,NO PROVIDER,100.0,48201|Cardiology,Harris County,0.0,0.0,False,1,0.08653208169514648
37051,North Carolina,Cardiology,Heart Disease,650,0,0,0.0,0.0,10823.136364,15071.056217,0.0,NO PROVIDER,100.0,37051|Cardiology,Cumberland County,0.0,0.0,False,1,0.08653208169514648
26049,Michigan,Psychiatry,Mental Health Disorders,16072,2,399,1391.0,8036.0,3104.5,4291.159571,2.588501,CRITICAL GAP,14.09,26049|Psychiatry,Genesee County,0.12444001991040318,3.4775,False,1,0.14325001198435577
37067,North Carolina,Endocrinology,Diabetes,20307,1,330,985.5,20307.0,18070.0,22988.768287,1.123796,HIGH GAP,6.12,37067|Endocrinology,Forsyth County,0.04924410301866352,2.9773413897280965,False,1,0.14851768186426878
37119,North Carolina,Psychiatry,Mental Health Disorders,3016,1,745,2888.6,3016.0,3104.5,4291.159571,0.971493,MODERATE GAP,5.29,37119|Psychiatry,Mecklenburg County,0.33156498673740054,3.8721179624664877,False,1,0.106553882628316
26049,Michigan,Rheumatology,Arthritis,1714,0,0,0.0,0.0,10453.0,13315.598761,0.0,NO PROVIDER,100.0,26049|Rheumatology,Genesee County,0.0,0.0,False,1,0.08653208169514648
37119,North Carolina,Rheumatology,Arthritis,3275,1,796,1485.4,3275.0,10453.0,13315.598761,0.313307,LOW GAP,1.71,37119|Rheumatology,Mecklenburg County,0.3053435114503817,1.8637390213299876,False,1,0.0954339672658861
26099,Michigan,Rheumatology,Arthritis,7725,1,518,1343.8,7725.0,10453.0,13315.598761,0.739022,MODERATE GAP,4.02,26099|Rheumatology,Macomb County,0.12944983818770225,2.5892100192678225,False,1,0.14382537791412575
48085,Texas,Pulmonary,Respiratory Disease,6821,1,657,2942.3,6821.0,4251.578947,5741.879972,1.604345,HIGH GAP,8.74,48085|Pulmonary,Collin County,0.14660606949127694,4.471580547112462,False,1,0.07634466160959252
48029,Texas,Pulmonary,Respiratory Disease,2865,0,0,0.0,0.0,4251.578947,5741.879972,0.0,NO PROVIDER,100.0,48029|Pulmonary,Bexar County,0.0,0.0,False,1,0.08653208169514648
37067,North Carolina,Endocrinology,Diabetes,2203,0,0,0.0,0.0,18070.0,22988.768287,0.0,NO PROVIDER,100.0,37067|Endocrinology,Forsyth County,0.0,0.0,False,1,0.08653208169514648
48439,Texas,Endocrinology,Diabetes,193848,2,560,1109.8,96924.0,18070.0,22988.768287,5.363807,CRITICAL GAP,29.21,48439|Endocrinology,Tarrant County,0.0103173620568693,1.97825311942959,False,1,0.0321360841107996
26099,Michigan,Pulmonary,Respiratory Disease,2532,2,1536,6152.4,1266.0,4251.578947,5741.879972,0.297772,LOW GAP,1.62,26099|Pulmonary,Macomb County,0.7898894154818326,4.002862719583605,False,1,0.022352011682037265
37119,North Carolina,Rheumatology,Arthritis,4915,0,0,0.0,0.0,10453.0,13315.598761,0.0,NO PROVIDER,100.0,37119|Rheumatology,Mecklenburg County,0.0,0.0,False,1,0.08653208169514648
37067,North Carolina,Cardiology,Heart Disease,543,0,0,0.0,0.0,10823.136364,15071.056217,0.0,NO PROVIDER,100.0,37067|Cardiology,Forsyth County,0.0,0.0,False,1,0.08653208169514648
48029,Texas,Cardiology,Heart Disease,46409,1,131,438.7,46409.0,10823.136364,15071.056217,4.287944,CRITICAL GAP,23.35,48029|Cardiology,Bexar County,0.021547544657286304,3.3234848484848483,False,1,0.10368795326282826
37051,North Carolina,Psychiatry,Mental Health Disorders,3228,1,863,2016.9,3228.0,3104.5,4291.159571,1.039781,HIGH GAP,5.66,37051|Psychiatry,Cumberland County,0.3097893432465923,2.334375,False,1,0.12238950476197108
26163,Michigan,Psychiatry,Mental Health Disorders,4449,1,520,845.3,4449.0,3104.5,4291.159571,1.433081,HIGH GAP,7.8,26163|Psychiatry,Wayne County,0.22476961114857272,1.6224568138195776,False,1,0.07711650133188763
37067,North Carolina,Rheumatology,Arthritis,1912,0,0,0.0,0.0,10453.0,13315.598761,0.0,NO PROVIDER,100.0,37067|Rheumatology,Forsyth County,0.0,0.0,False,1,0.08653208169514648
26125,Michigan,Psychiatry,Mental Health Disorders,380,1,562,2396.2,380.0,3104.5,4291.159571,0.122403,LOW GAP,0.67,26125|Psychiatry,Oakland County,2.631578947368421,4.256127886323267,True,-1,-0.10824867032395447
37183,North Carolina,Endocrinology,Diabetes,2590,0,0,0.0,0.0,18070.0,22988.768287,0.0,NO PROVIDER,100.0,37183|Endocrinology,Wake County,0.0,0.0,False,1,0.08653208169514648
37067,North Carolina,Cardiology,Heart Disease,675,0,0,0.0,0.0,10823.136364,15071.056217,0.0,NO PROVIDER,100.0,37067|Cardiology,Forsyth County,0.0,0.0,False,1,0.08653208169514648
26049,Michigan,Psychiatry,Mental Health Disorders,4661,1,327,616.2,4661.0,3104.5,4291.159571,1.501369,HIGH GAP,8.17,26049|Psychiatry,Genesee County,0.21454623471358078,1.878658536585366,False,1,0.11485778241914107
48113,Texas,Endocrinology,Diabetes,25512,2,314,557.4,12756.0,18070.0,22988.768287,0.705921,MODERATE GAP,3.84,48113|Endocrinology,Dallas County,0.07839448102853559,1.7695238095238095,False,1,0.10896345126320284
26163,Michigan,Pulmonary,Respiratory Disease,6645,1,668,2415.4,6645.0,4251.578947,5741.879972,1.562949,HIGH GAP,8.51,26163|Pulmonary,Wayne County,0.1504890895410083,3.610463378176383,False,1,0.13545662294319255
37051,North Carolina,Cardiology,Heart Disease,18635,2,382,624.5,9317.5,10823.136364,15071.056217,0.860887,MODERATE GAP,4.69,37051|Cardiology,Cumberland County,0.10732492621411323,1.6305483028720626,False,1,0.09291451223552849
37183,North Carolina,Cardiology,Heart Disease,1224,0,0,0.0,0.0,10823.136364,15071.056217,0.0,NO PROVIDER,100.0,37183|Cardiology,Wake County,0.0,0.0,False,1,0.08653208169514648
26077,Michigan,Rheumatology,Arthritis,31210,2,1725,3263.7,15605.0,10453.0,13315.598761,1.492873,HIGH GAP,8.13,26077|Rheumatology,Kalamazoo County,0.06408202499198974,1.89090382387022,False,1,0.1231129936052468
37051,North Carolina,Rheumatology,Arthritis,1250,0,0,0.0,0.0,10453.0,13315.598761,0.0,NO PROVIDER,100.0,37051|Rheumatology,Cumberland County,0.0,0.0,False,1,0.08653208169514648
37051,North Carolina,Rheumatology,Arthritis,2099,0,0,0.0,0.0,10453.0,13315.598761,0.0,NO PROVIDER,100.0,37051|Rheumatology,Cumberland County,0.0,0.0,False,1,0.08653208169514648
48201,Texas,Pulmonary,Respiratory Disease,7943,0,0,0.0,0.0,4251.578947,5741.879972,0.0,NO PROVIDER,100.0,48201|Pulmonary,Harris County,0.0,0.0,False,1,0.08653208169514648
26049,Michigan,Pulmonary,Respiratory Disease,392,1,82,129.9,392.0,4251.578947,5741.879972,0.092201,LOW GAP,0.5,26049|Pulmonary,Genesee County,2.5510204081632653,1.5650602409638554,True,-1,-0.12970244559592714
48113,Texas,Endocrinology,Diabetes,62516,1,805,3084.8,62516.0,18070.0,22988.768287,3.459657,CRITICAL GAP,18.84,48113|Endocrinology,Dallas County,0.015995905048307633,3.827295285359802,False,1,0.07615292448305067
37067,North Carolina,Endocrinology,Diabetes,28125,1,261,451.0,28125.0,18070.0,22988.768287,1.556447,HIGH GAP,8.47,37067|Endocrinology,Forsyth County,0.035555555555555556,1.7213740458015268,False,1,0.08542879194203495
26125,Michigan,Rheumatology,Arthritis,17359,1,373,1549.8,17359.0,10453.0,13315.598761,1.660672,HIGH GAP,9.04,26125|Rheumatology,Oakland County,0.05760700501180943,4.143850267379679,False,1,0.12555217745260294
37081,North Carolina,Psychiatry,Mental Health Disorders,1799,1,217,375.2,1799.0,3104.5,4291.159571,0.579481,MODERATE GAP,3.16,37081|Psychiatry,Guilford County,0.5558643690939411,1.7211009174311926,False,1,0.0203912631647708
37183,North Carolina,Rheumatology,Arthritis,6903,0,0,0.0,0.0,10453.0,13315.598761,0.0,NO PROVIDER,100.0,37183|Rheumatology,Wake County,0.0,0.0,False,1,0.08653208169514648
26099,Michigan,Psychiatry,Mental Health Disorders,29535,3,2238,8317.0,9845.0,3104.5,4291.159571,3.171203,CRITICAL GAP,17.27,26099|Psychiatry,Macomb County,0.1015744032503809,3.7146047342563646,False,1,0.15140773398198715
26125,Michigan,Rheumatology,Arthritis,7548,0,0,0.0,0.0,10453.0,13315.598761,0.0,NO PROVIDER,100.0,26125|Rheumatology,Oakland County,0.0,0.0,False,1,0.08653208169514648
37051,North Carolina,Psychiatry,Mental Health Disorders,1260,0,0,0.0,0.0,3104.5,4291.159571,0.0,NO PROVIDER,100.0,37051|Psychiatry,Cumberland County,0.0,0.0,False,1,0.08653208169514648
48029,Texas,Pulmonary,Respiratory Disease,3433,1,468,1444.2,3433.0,4251.578947,5741.879972,0.807465,MODERATE GAP,4.4,48029|Pulmonary,Bexar County,0.29129041654529564,3.079317697228145,False,1,0.12463670122948978
37051,North Carolina,Cardiology,Heart Disease,19216,2,845,1889.5,9608.0,10823.136364,15071.056217,0.887728,MODERATE GAP,4.83,37051|Cardiology,Cumberland County,0.10407993338884264,2.233451536643026,False,1,0.14455123552887772
48439,Texas,Pulmonary,Respiratory Disease,2454,1,402,1232.4,2454.0,4251.578947,5741.879972,0.577197,MODERATE GAP,3.14,48439|Pulmonary,Tarrant County,0.40749796251018744,3.0580645161290323,False,1,0.10254308214919583
26099,Michigan,Psychiatry,Mental Health Disorders,4953,1,630,1428.1,4953.0,3104.5,4291.159571,1.595426,HIGH GAP,8.69,26099|Psychiatry,Macomb County,0.20189783969311528,2.2632329635499207,False,1,0.14063918460651126
48201,Texas,Endocrinology,Diabetes,16675,0,0,0.0,0.0,18070.0,22988.768287,0.0,NO PROVIDER,100.0,48201|Endocrinology,Harris County,0.0,0.0,False,1,0.08653208169514648
48029,Texas,Endocrinology,Diabetes,5232,1,95,142.6,5232.0,18070.0,22988.768287,0.289541,LOW GAP,1.58,48029|Endocrinology,Bexar County,0.191131498470948,1.4854166666666666,False,1,0.046778975803857814
48029,Texas,Endocrinology,Diabetes,8263,1,881,3290.5,8263.0,18070.0,22988.768287,0.457277,LOW GAP,2.49,48029|Endocrinology,Bexar County,0.1210214207914801,3.7307256235827664,False,1,0.14805893732144598
37183,North Carolina,Rheumatology,Arthritis,15355,1,831,2182.9,15355.0,10453.0,13315.598761,1.468956,HIGH GAP,8.0,37183|Rheumatology,Wake County,0.0651253663301856,2.6236778846153848,False,1,0.1480027566242847
37051,North Carolina,Cardiology,Heart Disease,1869,2,302,674.8,934.5,10823.136364,15071.056217,0.086343,LOW GAP,0.47,37051|Cardiology,Cumberland County,1.070090957731407,2.227062706270627,True,-1,-0.018533386499090865
37067,North Carolina,Psychiatry,Mental Health Disorders,6001,2,1608,4270.4,3000.5,3104.5,4291.159571,0.9665,MODERATE GAP,5.26,37067|Psychiatry,Forsyth County,0.3332777870354941,2.6540708514605345,False,1,0.12330438561755425
37067,North Carolina,Endocrinology,Diabetes,6460,1,51,81.9,6460.0,18070.0,22988.768287,0.357499,LOW GAP,1.95,37067|Endocrinology,Forsyth County,0.15479876160990713,1.5750000000000002,False,1,0.07373763973108383
48085,Texas,Cardiology,Heart Disease,8330,1,812,1790.7,8330.0,10823.136364,15071.056217,0.769648,MODERATE GAP,4.19,48085|Cardiology,Collin County,0.12004801920768308,2.2025830258302586,False,1,0.13959710718518514
37051,North Carolina,Psychiatry,Mental Health Disorders,2906,1,744,2646.9,2906.0,3104.5,4291.159571,0.936061,MODERATE GAP,5.1,37051|Psychiatry,Cumberland County,0.3441156228492773,3.5528859060402684,False,1,0.11099733403692136
26125,Michigan,Rheumatology,Arthritis,4308,0,0,0.0,0.0,10453.0,13315.598761,0.0,NO PROVIDER,100.0,26125|Rheumatology,Oakland County,0.0,0.0,False,1,0.08653208169514648
37067,North Carolina,Rheumatology,Arthritis,1449,0,0,0.0,0.0,10453.0,13315.598761,0.0,NO PROVIDER,100.0,37067|Rheumatology,Forsyth County,0.0,0.0,False,1,0.08653208169514648
26049,Michigan,Pulmonary,Respiratory Disease,4871,1,649,1856.0,4871.0,4251.578947,5741.879972,1.145692,HIGH GAP,6.24,26049|Pulmonary,Genesee County,0.20529665366454525,2.855384615384615,False,1,0.14817830288822048
37119,North Carolina,Psychiatry,Mental Health Disorders,3798,0,0,0.0,0.0,3104.5,4291.159571,0.0,NO PROVIDER,100.0,37119|Psychiatry,Mecklenburg County,0.0,0.0,False,1,0.08653208169514648
26125,Michigan,Psychiatry,Mental Health Disorders,28208,2,527,1339.0,14104.0,3104.5,4291.159571,4.543083,CRITICAL GAP,24.74,26125|Psychiatry,Oakland County,0.07090187180941578,2.5359848484848486,False,1,0.14599707254799266
26163,Michigan,Rheumatology,Arthritis,12196,1,776,1500.6,12196.0,10453.0,13315.598761,1.166746,HIGH GAP,6.35,26163|Rheumatology,Wayne County,0.0819940964250574,1.931274131274131,False,1,0.12222643258041216
37183,North Carolina,Psychiatry,Mental Health Disorders,39562,3,2080,8962.4,13187.3333,3104.5,4291.159571,4.247812,CRITICAL GAP,23.13,37183|Psychiatry,Wake County,0.07583034224761134,4.306775588659298,False,1,0.11509962254250916
48113,Texas,Endocrinology,Diabetes,49650,2,1392,5313.3,24825.0,18070.0,22988.768287,1.373824,HIGH GAP,7.48,48113|Endocrinology,Dallas County,0.04028197381671702,3.8142857142857145,False,1,0.12666152422969973
37183,North Carolina,Endocrinology,Diabetes,31965,1,144,250.3,31965.0,18070.0,22988.768287,1.768954,HIGH GAP,9.63,37183|Endocrinology,Wake County,0.03128421711246676,1.7262068965517243,False,1,0.07857155432908658
37081,North Carolina,Psychiatry,Mental Health Disorders,4268,1,237,687.4,4268.0,3104.5,4291.159571,1.374779,HIGH GAP,7.49,37081|Psychiatry,Guilford County,0.23430178069353327,2.888235294117647,False,1,0.13631470460921946
26049,Michigan,Psychiatry,Mental Health Disorders,4191,1,689,1649.2,4191.0,3104.5,4291.159571,1.349976,HIGH GAP,7.35,26049|Psychiatry,Genesee County,0.23860653781913624,2.390144927536232,False,1,0.12651381184141247
37067,North Carolina,Endocrinology,Diabetes,14594,1,99,401.0,14594.0,18070.0,22988.768287,0.807637,MODERATE GAP,4.4,37067|Endocrinology,Forsyth County,0.06852131012744964,4.01,False,1,0.13840692197360654
48085,Texas,Endocrinology,Diabetes,4595,0,0,0.0,0.0,18070.0,22988.768287,0.0,NO PROVIDER,100.0,48085|Endocrinology,Collin County,0.0,0.0,False,1,0.08653208169514648
26099,Michigan,Rheumatology,Arthritis,9213,1,261,1136.3,9213.0,10453.0,13315.598761,0.881374,MODERATE GAP,4.8,26099|Rheumatology,Macomb County,0.10854227721697601,4.337022900763358,False,1,0.11632729771096384
26125,Michigan,Psychiatry,Mental Health Disorders,9873,0,0,0.0,0.0,3104.5,4291.159571,0.0,NO PROVIDER,100.0,26125|Psychiatry,Oakland County,0.0,0.0,False,1,0.08653208169514648
37081,North Carolina,Psychiatry,Mental Health Disorders,1447,1,109,357.5,1447.0,3104.5,4291.159571,0.466098,LOW GAP,2.54,37081|Psychiatry,Guilford County,0.691085003455425,3.25,False,1,0.053563083181624616
37051,North Carolina,Psychiatry,Mental Health Disorders,5017,1,221,696.8,5017.0,3104.5,4291.159571,1.616041,HIGH GAP,8.8,37051|Psychiatry,Cumberland County,0.19932230416583616,3.1387387387387387,False,1,0.1396185547988491
37081,North Carolina,Endocrinology,Diabetes,4347,2,1111,3805.2,2173.5,18070.0,22988.768287,0.120282,LOW GAP,0.65,37081|Endocrinology,Guilford County,0.46008741660915575,3.421942446043165,False,1,0.08174899933742175
37067,North Carolina,Cardiology,Heart Disease,439,0,0,0.0,0.0,10823.136364,15071.056217,0.0,NO PROVIDER,100.0,37067|Cardiology,Forsyth County,0.0,0.0,False,1,0.08653208169514648
48439,Texas,Pulmonary,Respiratory Disease,6200,2,1478,3892.3,3100.0,4251.578947,5741.879972,0.729141,MODERATE GAP,3.97,48439|Pulmonary,Tarrant County,0.3225806451612903,2.631710615280595,False,1,0.12501626497131507
48085,Texas,Endocrinology,Diabetes,71138,1,210,531.8,71138.0,18070.0,22988.768287,3.936801,CRITICAL GAP,21.44,48085|Endocrinology,Collin County,0.014057184627062892,2.520379146919431,False,1,0.0771553537657691
48439,Texas,Endocrinology,Diabetes,8074,0,0,0.0,0.0,18070.0,22988.768287,0.0,NO PROVIDER,100.0,48439|Endocrinology,Tarrant County,0.0,0.0,False,1,0.08653208169514648
26163,Michigan,Pulmonary,Respiratory Disease,4555,1,487,839.6,4555.0,4251.578947,5741.879972,1.071367,HIGH GAP,5.83,26163|Pulmonary,Wayne County,0.21953896816684962,1.7204918032786887,False,1,0.09102027859443851
48439,Texas,Pulmonary,Respiratory Disease,59160,2,1545,5162.6,29580.0,4251.578947,5741.879972,6.957415,CRITICAL GAP,37.88,48439|Pulmonary,Tarrant County,0.03380662609871535,3.339327296248383,False,1,0.12197775089433005
26163,Michigan,Psychiatry,Mental Health Disorders,2973,0,0,0.0,0.0,3104.5,4291.159571,0.0,NO PROVIDER,100.0,26163|Psychiatry,Wayne County,0.0,0.0,False,1,0.08653208169514648
37183,North Carolina,Rheumatology,Arthritis,7636,0,0,0.0,0.0,10453.0,13315.598761,0.0,NO PROVIDER,100.0,37183|Rheumatology,Wake County,0.0,0.0,False,1,0.08653208169514648
37051,North Carolina,Rheumatology,Arthritis,2052,0,0,0.0,0.0,10453.0,13315.598761,0.0,NO PROVIDER,100.0,37051|Rheumatology,Cumberland County,0.0,0.0,False,1,0.08653208169514648
26163,Michigan,Pulmonary,Respiratory Disease,6786,3,782,1898.9,2262.0,4251.578947,5741.879972,0.532038,MODERATE GAP,2.9,26163|Pulmonary,Wayne County,0.44208664898320066,2.425159642401022,False,1,0.08175102900271913
37081,North Carolina,Endocrinology,Diabetes,40577,1,362,924.6,40577.0,18070.0,22988.768287,2.245545,CRITICAL GAP,12.23,37081|Endocrinology,Guilford County,0.024644503043596125,2.547107438016529,False,1,0.11301205008546705
48201,Texas,Endocrinology,Diabetes,17791,5,2803,6023.8,3558.2,18070.0,22988.768287,0.196912,LOW GAP,1.07,48201|Endocrinology,Harris County,0.2810409757742679,2.148288159771755,False,1,0.11632923787559307
26163,Michigan,Pulmonary,Respiratory Disease,36737,1,742,2920.0,36737.0,4251.578947,5741.879972,8.64079,CRITICAL GAP,47.05,26163|Pulmonary,Wayne County,0.027220513378882327,3.930013458950202,False,1,0.10472249193329558
48029,Texas,Pulmonary,Respiratory Disease,1644,1,820,2460.5,1644.0,4251.578947,5741.879972,0.38668,LOW GAP,2.11,48029|Pulmonary,Bexar County,0.6082725060827251,2.996954933008526,False,1,0.06492619013436562
48439,Texas,Pulmonary,Respiratory Disease,6964,3,2315,6753.8,2321.3333,4251.578947,5741.879972,0.545993,MODERATE GAP,2.97,48439|Pulmonary,Tarrant County,0.43078690407811604,2.9161485319516407,False,1,0.09382884463050123
37183,North Carolina,Rheumatology,Arthritis,6024,1,75,181.8,6024.0,10453.0,13315.598761,0.576294,MODERATE GAP,3.14,37183|Rheumatology,Wake County,0.16600265604249667,2.392105263157895,False,1,0.1415532376185341
48085,Texas,Cardiology,Heart Disease,1034,0,0,0.0,0.0,10823.136364,15071.056217,0.0,NO PROVIDER,100.0,48085|Cardiology,Collin County,0.0,0.0,False,1,0.08653208169514648
