COUNTY_FIPS,STATE,REQUIRED_SPECIALTY,PROVIDER_COUNT,TOTAL_BENEFICIARIES,TOTAL_SERVICES
01001,AL,CARDIOVASCULAR DISEASE (CARDIOLOGY),1,476,1404.0
01001,AL,INTERNAL MEDICINE,25,6394,23575.0
01003,AL,CARDIOVASCULAR DISEASE (CARDIOLOGY),7,7925,70269.0
01003,AL,ENDOCRINOLOGY,2,331,1557.0
01003,AL,HEMATOLOGY/ONCOLOGY,4,1296,345727.0
01003,AL,INTERNAL MEDICINE,44,12695,252558.0
01003,AL,NEUROLOGY,4,1321,10008.0
01003,AL,PSYCHIATRY,12,389,2963.0
01003,AL,PULMONARY DISEASE,6,2521,7558.0
01005,AL,INTERNAL MEDICINE,3,640,2163.0
01005,AL,PSYCHIATRY,2,61,598.0
01007,AL,INTERNAL MEDICINE,1,202,285.0
01007,AL,PSYCHIATRY,2,0,0.0
01009,AL,INTERNAL MEDICINE,3,1362,9799.0
01011,AL,INTERNAL MEDICINE,1,116,3584.0
01013,AL,INTERNAL MEDICINE,2,304,11770.0
01015,AL,CARDIOVASCULAR DISEASE (CARDIOLOGY),5,6768,31615.0
01015,AL,ENDOCRINOLOGY,1,1101,10192.0
01015,AL,HEMATOLOGY/ONCOLOGY,1,592,166963.0
01015,AL,INTERNAL MEDICINE,17,4969,44591.0
01015,AL,NEUROLOGY,2,757,5928.0
01015,AL,PULMONARY DISEASE,3,1665,9073.0
01015,AL,RHEUMATOLOGY,1,833,173980.0
01017,AL,CARDIOVASCULAR DISEASE (CARDIOLOGY),1,596,2094.0
01017,AL,INTERNAL MEDICINE,8,1075,8337.0
01019,AL,INTERNAL MEDICINE,1,276,5800.0
01021,AL,INTERNAL MEDICINE,8,1216,16395.0
01021,AL,PULMONARY DISEASE,1,257,369.0
01023,AL,INTERNAL MEDICINE,2,112,228.0
01025,AL,INTERNAL MEDICINE,1,300,18787.0
01025,AL,PSYCHIATRY,1,64,230.0
01029,AL,INTERNAL MEDICINE,1,81,346.0
01031,AL,CARDIOVASCULAR DISEASE (CARDIOLOGY),1,1696,8136.0
01031,AL,INTERNAL MEDICINE,10,3804,53172.0
01031,AL,PSYCHIATRY,1,151,691.0
01033,AL,CARDIOVASCULAR DISEASE (CARDIOLOGY),3,3804,13853.0
01033,AL,INTERNAL MEDICINE,14,4436,76214.0
01033,AL,NEUROLOGY,1,0,0.0
01033,AL,PSYCHIATRY,4,150,1023.0
01033,AL,PULMONARY DISEASE,2,632,5711.0
01033,AL,RHEUMATOLOGY,5,3381,600153.5
01035,AL,INTERNAL MEDICINE,2,847,5824.0
01039,AL,CARDIOVASCULAR DISEASE (CARDIOLOGY),3,4853,35070.0
01039,AL,HEMATOLOGY/ONCOLOGY,1,282,729.0
01039,AL,INTERNAL MEDICINE,6,1530,27458.0
01039,AL,NEUROLOGY,1,17,40.0
01041,AL,INTERNAL MEDICINE,4,1752,8296.0
01041,AL,PSYCHIATRY,1,86,1312.0
01043,AL,CARDIOVASCULAR DISEASE (CARDIOLOGY),7,5318,17977.0
01043,AL,HEMATOLOGY/ONCOLOGY,1,0,0.0
01043,AL,INTERNAL MEDICINE,18,4337,65843.0
01043,AL,NEUROLOGY,3,1143,218914.0
01043,AL,PSYCHIATRY,3,60,180.0
01043,AL,PULMONARY DISEASE,2,810,3052.0
01043,AL,RHEUMATOLOGY,2,509,65292.0
01045,AL,CARDIOVASCULAR DISEASE (CARDIOLOGY),1,582,1840.0
01045,AL,INTERNAL MEDICINE,6,1248,11848.0
01045,AL,NEUROLOGY,1,268,822.0
01045,AL,PSYCHIATRY,1,92,368.0
01047,AL,CARDIOVASCULAR DISEASE (CARDIOLOGY),1,385,786.0
01047,AL,INTERNAL MEDICINE,5,1037,11819.0
01047,AL,NEUROLOGY,1,334,1696.0
01047,AL,PSYCHIATRY,2,329,2564.0
01049,AL,CARDIOVASCULAR DISEASE (CARDIOLOGY),1,772,22712.0
01049,AL,INTERNAL MEDICINE,9,2876,23666.0
01049,AL,PSYCHIATRY,2,515,1169.0
01051,AL,INTERNAL MEDICINE,4,716,6497.0
01053,AL,CARDIOVASCULAR DISEASE (CARDIOLOGY),3,4323,8046.0
01053,AL,HEMATOLOGY/ONCOLOGY,3,2470,488859.0
01053,AL,INTERNAL MEDICINE,2,168,449.0
01053,AL,PSYCHIATRY,1,24,101.0
01055,AL,CARDIOVASCULAR DISEASE (CARDIOLOGY),5,4110,16469.0
01055,AL,ENDOCRINOLOGY,2,529,1575.0
01055,AL,INTERNAL MEDICINE,26,7865,97524.0
01055,AL,NEUROLOGY,3,1273,5751.0
01055,AL,PSYCHIATRY,6,586,5434.0
01055,AL,PULMONARY DISEASE,2,938,3568.0
01057,AL,CARDIOVASCULAR DISEASE (CARDIOLOGY),1,1510,4214.0
01057,AL,HEMATOLOGY/ONCOLOGY,1,459,986.0
01057,AL,INTERNAL MEDICINE,6,2304,36913.0
01057,AL,PSYCHIATRY,1,124,949.0
01059,AL,INTERNAL MEDICINE,4,544,7029.0
01059,AL,PSYCHIATRY,2,914,2275.0
01061,AL,INTERNAL MEDICINE,2,335,487.0
01065,AL,PSYCHIATRY,1,0,0.0
01069,AL,CARDIOVASCULAR DISEASE (CARDIOLOGY),3,5851,17806.0
01069,AL,ENDOCRINOLOGY,2,95,209.0
01069,AL,HEMATOLOGY/ONCOLOGY,6,2620,724988.0
01069,AL,INTERNAL MEDICINE,87,26156,269411.0
01069,AL,NEUROLOGY,10,3045,25689.0
01069,AL,PSYCHIATRY,14,1089,4364.0
01069,AL,PULMONARY DISEASE,7,5668,21437.0
01069,AL,RHEUMATOLOGY,2,1469,352297.0
01071,AL,CARDIOVASCULAR DISEASE (CARDIOLOGY),1,874,11445.0
01071,AL,INTERNAL MEDICINE,5,1220,19451.0
01073,AL,CARDIOVASCULAR DISEASE (CARDIOLOGY),82,57120,220760.0
01073,AL,ENDOCRINOLOGY,25,5071,42237.0
01073,AL,HEMATOLOGY/ONCOLOGY,48,10068,1059296.0
01073,AL,INTERNAL MEDICINE,336,62307,741216.5
01073,AL,NEUROLOGY,88,15129,142892.0
01073,AL,PSYCHIATRY,53,3197,15024.0
01073,AL,PULMONARY DISEASE,73,14286,48156.0
01073,AL,RHEUMATOLOGY,25,4375,966589.0
01077,AL,CARDIOVASCULAR DISEASE (CARDIOLOGY),12,7470,46332.0
01077,AL,ENDOCRINOLOGY,2,1249,13395.0
01077,AL,HEMATOLOGY/ONCOLOGY,2,2000,462628.0
01077,AL,INTERNAL MEDICINE,38,9050,57907.0
01077,AL,NEUROLOGY,1,0,0.0
01077,AL,PSYCHIATRY,2,273,843.0
01077,AL,PULMONARY DISEASE,4,2647,10391.0
01081,AL,CARDIOVASCULAR DISEASE (CARDIOLOGY),4,1927,7724.0
01081,AL,ENDOCRINOLOGY,1,0,0.0
01081,AL,HEMATOLOGY/ONCOLOGY,3,967,53429.0
01081,AL,INTERNAL MEDICINE,51,10680,62002.0
01081,AL,NEUROLOGY,5,1082,1950.0
01081,AL,PSYCHIATRY,11,427,6157.0
01081,AL,PULMONARY DISEASE,3,1178,3924.0
01081,AL,RHEUMATOLOGY,7,1689,429559.0
01083,AL,CARDIOVASCULAR DISEASE (CARDIOLOGY),3,2332,8752.0
01083,AL,INTERNAL MEDICINE,10,2827,25969.0
01083,AL,PSYCHIATRY,2,167,990.0
01083,AL,PULMONARY DISEASE,1,107,260.0
01087,AL,INTERNAL MEDICINE,1,54,138.0
01089,AL,CARDIOVASCULAR DISEASE (CARDIOLOGY),27,28826,104203.0
01089,AL,ENDOCRINOLOGY,5,3049,9271.0
01089,AL,HEMATOLOGY/ONCOLOGY,19,15689,3341084.0
01089,AL,INTERNAL MEDICINE,103,27041,179091.0
01089,AL,NEUROLOGY,24,12778,279653.0
01089,AL,PSYCHIATRY,24,2017,12911.0
01089,AL,PULMONARY DISEASE,11,8045,64281.0
01089,AL,RHEUMATOLOGY,4,2262,202199.0
01091,AL,CARDIOVASCULAR DISEASE (CARDIOLOGY),2,2168,7287.0
01091,AL,HEMATOLOGY/ONCOLOGY,1,276,97514.0
01091,AL,INTERNAL MEDICINE,1,179,655.0
01091,AL,PSYCHIATRY,2,79,548.0
01093,AL,INTERNAL MEDICINE,3,729,2243.0
01095,AL,CARDIOVASCULAR DISEASE (CARDIOLOGY),2,1170,6028.0
01095,AL,INTERNAL MEDICINE,9,1553,7563.0
01095,AL,NEUROLOGY,3,802,3773.0
01095,AL,PSYCHIATRY,3,236,1174.0
01095,AL,PULMONARY DISEASE,3,795,2332.0
01097,AL,CARDIOVASCULAR DISEASE (CARDIOLOGY),25,16137,124229.0
01097,AL,ENDOCRINOLOGY,8,2103,21464.0
01097,AL,HEMATOLOGY/ONCOLOGY,11,3334,301761.0
01097,AL,INTERNAL MEDICINE,173,31164,347486.0
01097,AL,NEUROLOGY,36,9243,118144.0
01097,AL,PSYCHIATRY,37,837,6414.0
01097,AL,PULMONARY DISEASE,28,7964,50121.0
01097,AL,RHEUMATOLOGY,10,2605,410975.0
01099,AL,CARDIOVASCULAR DISEASE (CARDIOLOGY),1,576,3067.0
01099,AL,HEMATOLOGY/ONCOLOGY,1,0,0.0
01099,AL,INTERNAL MEDICINE,3,1566,23626.0
01101,AL,CARDIOVASCULAR DISEASE (CARDIOLOGY),10,6611,22667.0
01101,AL,ENDOCRINOLOGY,5,1118,4379.0
01101,AL,HEMATOLOGY/ONCOLOGY,8,2057,4043.0
01101,AL,INTERNAL MEDICINE,68,18635,130760.0
01101,AL,NEUROLOGY,10,2906,81180.0
01101,AL,PSYCHIATRY,20,983,4893.0
01101,AL,PULMONARY DISEASE,4,2170,6653.0
01101,AL,RHEUMATOLOGY,9,1468,34321.0
01103,AL,CARDIOVASCULAR DISEASE (CARDIOLOGY),5,3689,11439.0
01103,AL,ENDOCRINOLOGY,1,22,36.0
01103,AL,HEMATOLOGY/ONCOLOGY,2,1680,385572.0
01103,AL,INTERNAL MEDICINE,25,7977,32703.0
01103,AL,NEUROLOGY,1,394,7438.3
01103,AL,PSYCHIATRY,5,423,2579.0
01103,AL,PULMONARY DISEASE,1,555,2261.0
01105,AL,RHEUMATOLOGY,1,0,0.0
01109,AL,CARDIOVASCULAR DISEASE (CARDIOLOGY),1,608,1919.0
01109,AL,HEMATOLOGY/ONCOLOGY,1,346,778.0
01109,AL,INTERNAL MEDICINE,4,611,1309.0
01111,AL,CARDIOVASCULAR DISEASE (CARDIOLOGY),2,2201,8979.0
01111,AL,HEMATOLOGY/ONCOLOGY,1,494,1451.0
01111,AL,INTERNAL MEDICINE,2,516,710.0
01113,AL,INTERNAL MEDICINE,4,848,7392.0
01113,AL,PSYCHIATRY,1,29,151.0
01115,AL,INTERNAL MEDICINE,14,2708,40222.0
01115,AL,RHEUMATOLOGY,1,106,1833.0
01117,AL,CARDIOVASCULAR DISEASE (CARDIOLOGY),5,2543,11838.0
01117,AL,ENDOCRINOLOGY,3,874,4195.0
01117,AL,HEMATOLOGY/ONCOLOGY,1,276,589.0
01117,AL,INTERNAL MEDICINE,48,10113,110979.0
01117,AL,NEUROLOGY,4,1292,95180.0
01117,AL,PSYCHIATRY,24,3726,27655.0
01117,AL,PULMONARY DISEASE,2,1181,4795.0
01117,AL,RHEUMATOLOGY,5,1408,404354.0
01119,AL,INTERNAL MEDICINE,1,94,2511.0
01121,AL,CARDIOVASCULAR DISEASE (CARDIOLOGY),2,1832,4504.0
01121,AL,HEMATOLOGY/ONCOLOGY,4,1427,201831.0
01121,AL,INTERNAL MEDICINE,11,3504,19958.0
01121,AL,NEUROLOGY,1,389,5675.0
01121,AL,PSYCHIATRY,1,31,115.0
01121,AL,PULMONARY DISEASE,1,0,0.0
01123,AL,CARDIOVASCULAR DISEASE (CARDIOLOGY),1,627,6600.0
01123,AL,HEMATOLOGY/ONCOLOGY,1,219,739.0
01123,AL,INTERNAL MEDICINE,7,1317,9263.0
01123,AL,PULMONARY DISEASE,2,795,1338.0
01125,AL,CARDIOVASCULAR DISEASE (CARDIOLOGY),6,9150,38124.0
01125,AL,ENDOCRINOLOGY,1,372,1147.0
01125,AL,HEMATOLOGY/ONCOLOGY,4,849,182384.0
01125,AL,INTERNAL MEDICINE,58,13788,175578.0
01125,AL,NEUROLOGY,10,3725,87136.0
01125,AL,PSYCHIATRY,13,784,5865.0
01125,AL,PULMONARY DISEASE,6,2537,17584.0
01125,AL,RHEUMATOLOGY,2,1131,326686.0
01127,AL,CARDIOVASCULAR DISEASE (CARDIOLOGY),1,947,4301.0
01127,AL,HEMATOLOGY/ONCOLOGY,2,1056,243540.0
01127,AL,INTERNAL MEDICINE,15,3247,19509.0
01127,AL,PSYCHIATRY,2,183,1353.0
01129,AL,INTERNAL MEDICINE,1,279,693.0
01133,AL,INTERNAL MEDICINE,2,758,12666.0
02020,AK,CARDIOVASCULAR DISEASE (CARDIOLOGY),6,6373,35672.6
02020,AK,ENDOCRINOLOGY,3,638,2370.0
02020,AK,HEMATOLOGY/ONCOLOGY,10,3525,867354.0
02020,AK,INTERNAL MEDICINE,71,16128,159839.0
02020,AK,NEUROLOGY,17,4398,106742.0
02020,AK,PSYCHIATRY,45,900,6542.0
02020,AK,PULMONARY DISEASE,7,1829,5452.0
02020,AK,RHEUMATOLOGY,3,686,109564.0
02050,AK,INTERNAL MEDICINE,2,412,1409.0
02050,AK,NEUROLOGY,1,61,84.0
02050,AK,PSYCHIATRY,5,102,1034.0
02050,AK,PULMONARY DISEASE,1,1035,2174.0
02066,AK,INTERNAL MEDICINE,1,0,0.0
02110,AK,HEMATOLOGY/ONCOLOGY,2,251,427.0
02110,AK,INTERNAL MEDICINE,6,1806,14050.0
02110,AK,PSYCHIATRY,7,90,753.0
02110,AK,PULMONARY DISEASE,1,510,1878.0
02110,AK,RHEUMATOLOGY,1,17,43.0
02122,AK,HEMATOLOGY/ONCOLOGY,1,326,784.0
02122,AK,INTERNAL MEDICINE,9,4776,12528.0
02122,AK,NEUROLOGY,5,923,3030.0
02122,AK,PSYCHIATRY,5,52,218.0
02122,AK,PULMONARY DISEASE,1,357,744.0
02130,AK,HEMATOLOGY/ONCOLOGY,1,0,0.0
02130,AK,INTERNAL MEDICINE,4,197,468.0
02130,AK,PSYCHIATRY,2,36,400.0
02150,AK,CARDIOVASCULAR DISEASE (CARDIOLOGY),8,14576,66214.0
02150,AK,INTERNAL MEDICINE,2,74,190.0
02150,AK,PSYCHIATRY,2,70,519.0
02170,AK,CARDIOVASCULAR DISEASE (CARDIOLOGY),3,2422,26283.0
02170,AK,ENDOCRINOLOGY,1,161,597.0
02170,AK,HEMATOLOGY/ONCOLOGY,1,421,112804.0
02170,AK,INTERNAL MEDICINE,5,1060,4541.0
02170,AK,NEUROLOGY,2,0,0.0
02170,AK,PSYCHIATRY,7,395,2119.0
02180,AK,INTERNAL MEDICINE,1,42,288.0
02185,AK,CARDIOVASCULAR DISEASE (CARDIOLOGY),1,0,0.0
02188,AK,INTERNAL MEDICINE,5,415,932.0
02198,AK,PSYCHIATRY,1,0,0.0
02220,AK,CARDIOVASCULAR DISEASE (CARDIOLOGY),5,4614,13997.0
02220,AK,INTERNAL MEDICINE,8,2449,5837.0
02220,AK,NEUROLOGY,5,1037,1830.0
02220,AK,PSYCHIATRY,6,145,447.0
02220,AK,RHEUMATOLOGY,5,648,2073.0
02275,AK,INTERNAL MEDICINE,1,143,322.0
02282,AK,PSYCHIATRY,2,0,0.0
02290,AK,CARDIOVASCULAR DISEASE (CARDIOLOGY),5,7135,14009.0
02290,AK,ENDOCRINOLOGY,1,381,795.0
02290,AK,INTERNAL MEDICINE,24,4713,12610.0
02290,AK,NEUROLOGY,2,273,607.0
02290,AK,PSYCHIATRY,12,286,1523.0
04001,AZ,CARDIOVASCULAR DISEASE (CARDIOLOGY),1,12,13.0
04001,AZ,INTERNAL MEDICINE,24,2688,6712.0
04001,AZ,PSYCHIATRY,6,159,701.0
04001,AZ,PULMONARY DISEASE,1,0,0.0
04003,AZ,CARDIOVASCULAR DISEASE (CARDIOLOGY),7,4773,22262.0
04003,AZ,HEMATOLOGY/ONCOLOGY,3,1314,779277.0
04003,AZ,INTERNAL MEDICINE,22,5827,38720.0
04003,AZ,NEUROLOGY,2,432,5698.0
04003,AZ,PSYCHIATRY,2,233,2349.0
04003,AZ,PULMONARY DISEASE,2,357,1246.0
04003,AZ,RHEUMATOLOGY,1,56,143.0
04005,AZ,CARDIOVASCULAR DISEASE (CARDIOLOGY),6,8964,21797.0
04005,AZ,ENDOCRINOLOGY,1,365,1086.0
04005,AZ,HEMATOLOGY/ONCOLOGY,4,891,147756.0
04005,AZ,INTERNAL MEDICINE,57,13019,60832.0
04005,AZ,NEUROLOGY,8,1822,20398.0
04005,AZ,PSYCHIATRY,16,321,2838.0
04005,AZ,PULMONARY DISEASE,3,616,1934.0
04007,AZ,CARDIOVASCULAR DISEASE (CARDIOLOGY),5,5148,20514.0
04007,AZ,HEMATOLOGY/ONCOLOGY,2,334,734.0
04007,AZ,INTERNAL MEDICINE,14,1607,44533.0
04007,AZ,NEUROLOGY,1,808,2972.0
04007,AZ,PSYCHIATRY,3,382,1178.0
04009,AZ,CARDIOVASCULAR DISEASE (CARDIOLOGY),7,6377,22426.0
04009,AZ,ENDOCRINOLOGY,1,40,124.0
04009,AZ,HEMATOLOGY/ONCOLOGY,1,200,683.0
04009,AZ,INTERNAL MEDICINE,10,1435,4298.0
04009,AZ,NEUROLOGY,3,988,51242.0
04009,AZ,PSYCHIATRY,2,203,826.0
04009,AZ,PULMONARY DISEASE,1,597,2426.0
04009,AZ,RHEUMATOLOGY,1,328,716.0
04011,AZ,PSYCHIATRY,1,19,53.0
04012,AZ,CARDIOVASCULAR DISEASE (CARDIOLOGY),2,243,1407.0
04012,AZ,HEMATOLOGY/ONCOLOGY,1,95,189.0
04012,AZ,INTERNAL MEDICINE,6,881,2380.0
04012,AZ,PSYCHIATRY,1,14,21.0
04013,AZ,CARDIOVASCULAR DISEASE (CARDIOLOGY),266,209300,907113.0
04013,AZ,ENDOCRINOLOGY,82,30614,495200.0
04013,AZ,HEMATOLOGY/ONCOLOGY,168,61277,9391168.0
04013,AZ,INTERNAL MEDICINE,1362,352338,2394075.5
04013,AZ,NEUROLOGY,274,77371,1592538.5
04013,AZ,PSYCHIATRY,296,14428,87670.0
04013,AZ,PULMONARY DISEASE,143,66990,262890.0
04013,AZ,RHEUMATOLOGY,47,24094,5955338.0
04015,AZ,CARDIOVASCULAR DISEASE (CARDIOLOGY),17,13667,52446.0
04015,AZ,ENDOCRINOLOGY,1,361,564.0
04015,AZ,HEMATOLOGY/ONCOLOGY,5,1673,422568.0
04015,AZ,INTERNAL MEDICINE,52,18510,139523.0
04015,AZ,NEUROLOGY,6,1176,11909.0
04015,AZ,PSYCHIATRY,5,627,4806.0
04015,AZ,PULMONARY DISEASE,3,1500,5730.0
04015,AZ,RHEUMATOLOGY,3,1385,123770.0
04017,AZ,CARDIOVASCULAR DISEASE (CARDIOLOGY),2,234,760.0
04017,AZ,HEMATOLOGY/ONCOLOGY,3,378,32101.0
04017,AZ,INTERNAL MEDICINE,18,3287,15998.0
04017,AZ,NEUROLOGY,4,1234,2290.0
04017,AZ,PSYCHIATRY,5,127,922.0
04019,AZ,CARDIOVASCULAR DISEASE (CARDIOLOGY),58,39776,156332.0
04019,AZ,ENDOCRINOLOGY,19,5501,30360.0
04019,AZ,HEMATOLOGY/ONCOLOGY,36,9891,1935910.0
04019,AZ,INTERNAL MEDICINE,330,66234,631646.0
04019,AZ,NEUROLOGY,60,14674,249873.2
04019,AZ,PSYCHIATRY,88,3442,25149.0
04019,AZ,PULMONARY DISEASE,37,11199,34249.0
04019,AZ,RHEUMATOLOGY,19,4966,451186.5
04021,AZ,CARDIOVASCULAR DISEASE (CARDIOLOGY),5,5217,24489.0
04021,AZ,ENDOCRINOLOGY,3,767,13482.0
04021,AZ,HEMATOLOGY/ONCOLOGY,3,2204,484435.0
04021,AZ,INTERNAL MEDICINE,53,15071,90896.0
04021,AZ,NEUROLOGY,3,1841,12690.0
04021,AZ,PSYCHIATRY,9,49,232.0
04021,AZ,PULMONARY DISEASE,1,677,2260.0
04021,AZ,RHEUMATOLOGY,2,577,187464.0
04023,AZ,INTERNAL MEDICINE,5,392,2083.0
04023,AZ,PSYCHIATRY,1,51,82.0
04025,AZ,CARDIOVASCULAR DISEASE (CARDIOLOGY),13,14537,48840.0
04025,AZ,HEMATOLOGY/ONCOLOGY,1,1179,374180.0
04025,AZ,INTERNAL MEDICINE,31,11288,72243.0
04025,AZ,NEUROLOGY,2,1031,45945.0
04025,AZ,PSYCHIATRY,5,292,3896.0
04025,AZ,PULMONARY DISEASE,1,2135,6735.0
04027,AZ,CARDIOVASCULAR DISEASE (CARDIOLOGY),11,8846,53412.0
04027,AZ,ENDOCRINOLOGY,3,775,2071.0
04027,AZ,HEMATOLOGY/ONCOLOGY,8,1070,25311.0
04027,AZ,INTERNAL MEDICINE,46,13377,362460.0
04027,AZ,NEUROLOGY,7,2071,33890.0
04027,AZ,PSYCHIATRY,5,306,946.0
04027,AZ,PULMONARY DISEASE,8,2829,116179.0
04027,AZ,RHEUMATOLOGY,3,1434,238995.0
05001,AR,INTERNAL MEDICINE,2,13,44.0
05001,AR,PSYCHIATRY,1,123,380.0
05001,AR,PULMONARY DISEASE,1,1173,5445.0
05003,AR,INTERNAL MEDICINE,3,551,1189.0
05003,AR,PULMONARY DISEASE,1,551,1861.0
05005,AR,CARDIOVASCULAR DISEASE (CARDIOLOGY),5,7891,27931.0
05005,AR,HEMATOLOGY/ONCOLOGY,1,126,164.0
05005,AR,INTERNAL MEDICINE,10,3847,26069.0
05005,AR,PSYCHIATRY,3,198,1994.0
05005,AR,PULMONARY DISEASE,2,1152,4322.0
05007,AR,CARDIOVASCULAR DISEASE (CARDIOLOGY),10,17592,46171.0
05007,AR,ENDOCRINOLOGY,3,1254,10360.0
05007,AR,HEMATOLOGY/ONCOLOGY,3,2929,600107.0
05007,AR,INTERNAL MEDICINE,61,14964,87849.0
05007,AR,NEUROLOGY,4,1031,2879.0
05007,AR,PSYCHIATRY,7,371,1975.0
05007,AR,PULMONARY DISEASE,6,3165,9677.0
05007,AR,RHEUMATOLOGY,2,570,56559.0
05009,AR,CARDIOVASCULAR DISEASE (CARDIOLOGY),1,183,1167.0
05009,AR,HEMATOLOGY/ONCOLOGY,1,0,0.0
05009,AR,INTERNAL MEDICINE,5,3610,23330.0
05009,AR,PSYCHIATRY,2,0,0.0
05009,AR,RHEUMATOLOGY,1,225,619.0
05015,AR,INTERNAL MEDICINE,7,1250,2748.0
05019,AR,HEMATOLOGY/ONCOLOGY,1,1257,368912.0
05019,AR,INTERNAL MEDICINE,3,795,5916.0
05023,AR,HEMATOLOGY/ONCOLOGY,2,1608,292210.0
05023,AR,INTERNAL MEDICINE,1,208,534.0
05023,AR,PSYCHIATRY,1,128,469.0
05027,AR,INTERNAL MEDICINE,6,1553,22562.0
05029,AR,INTERNAL MEDICINE,1,647,1985.0
05031,AR,CARDIOVASCULAR DISEASE (CARDIOLOGY),15,19385,53227.0
05031,AR,ENDOCRINOLOGY,1,837,3195.0
05031,AR,HEMATOLOGY/ONCOLOGY,4,1718,5471.0
05031,AR,INTERNAL MEDICINE,63,32574,104229.0
05031,AR,NEUROLOGY,7,2971,24993.0
05031,AR,PSYCHIATRY,14,1304,7851.0
05031,AR,PULMONARY DISEASE,7,3634,13678.0
05031,AR,RHEUMATOLOGY,4,1834,506651.0
05033,AR,HEMATOLOGY/ONCOLOGY,1,777,4530.0
05033,AR,INTERNAL MEDICINE,10,3946,40841.0
05033,AR,NEUROLOGY,3,1025,14757.0
05035,AR,CARDIOVASCULAR DISEASE (CARDIOLOGY),3,6632,48695.0
05035,AR,INTERNAL MEDICINE,14,4298,11884.0
05035,AR,PSYCHIATRY,2,40,212.0
05037,AR,PSYCHIATRY,1,48,296.0
05043,AR,INTERNAL MEDICINE,2,589,3394.0
05043,AR,PSYCHIATRY,2,190,1084.0
05043,AR,PULMONARY DISEASE,1,688,2335.0
05045,AR,CARDIOVASCULAR DISEASE (CARDIOLOGY),3,4481,32786.0
05045,AR,ENDOCRINOLOGY,3,488,2291.0
05045,AR,HEMATOLOGY/ONCOLOGY,1,726,264165.0
05045,AR,INTERNAL MEDICINE,32,9504,48666.0
05045,AR,NEUROLOGY,2,1468,3422.0
05045,AR,PSYCHIATRY,5,395,4296.0
05045,AR,PULMONARY DISEASE,7,4082,19834.0
05045,AR,RHEUMATOLOGY,2,866,200767.0
05049,AR,INTERNAL MEDICINE,2,693,19072.0
05051,AR,CARDIOVASCULAR DISEASE (CARDIOLOGY),8,7883,34721.0
05051,AR,ENDOCRINOLOGY,1,772,17250.0
05051,AR,INTERNAL MEDICINE,32,13808,573179.0
05051,AR,NEUROLOGY,3,1069,9074.0
05051,AR,PSYCHIATRY,4,152,1121.0
05051,AR,PULMONARY DISEASE,5,3426,14767.0
05055,AR,CARDIOVASCULAR DISEASE (CARDIOLOGY),1,440,4057.0
05055,AR,INTERNAL MEDICINE,1,291,1993.0
05055,AR,NEUROLOGY,1,406,842.0
05059,AR,CARDIOVASCULAR DISEASE (CARDIOLOGY),1,1198,2588.0
05059,AR,INTERNAL MEDICINE,3,813,2442.0
05059,AR,PSYCHIATRY,1,0,0.0
05061,AR,HEMATOLOGY/ONCOLOGY,1,1259,300348.0
05061,AR,PSYCHIATRY,1,30,54.0
05063,AR,CARDIOVASCULAR DISEASE (CARDIOLOGY),6,4592,12810.0
05063,AR,HEMATOLOGY/ONCOLOGY,2,714,2096.0
05063,AR,INTERNAL MEDICINE,12,3307,11700.0
05063,AR,NEUROLOGY,2,129,207.0
05063,AR,PSYCHIATRY,3,256,1667.0
05063,AR,PULMONARY DISEASE,1,931,3018.0
05063,AR,RHEUMATOLOGY,1,276,597.0
05067,AR,CARDIOVASCULAR DISEASE (CARDIOLOGY),1,1220,4770.0
05067,AR,INTERNAL MEDICINE,2,207,547.0
05067,AR,PSYCHIATRY,4,220,1230.0
05069,AR,CARDIOVASCULAR DISEASE (CARDIOLOGY),4,2395,12511.0
05069,AR,ENDOCRINOLOGY,1,598,1192.0
05069,AR,HEMATOLOGY/ONCOLOGY,2,629,1752.0
05069,AR,INTERNAL MEDICINE,12,3576,23981.0
05069,AR,NEUROLOGY,4,1274,3449.0
05069,AR,PSYCHIATRY,1,100,1230.0
05069,AR,PULMONARY DISEASE,1,116,326.0
05069,AR,RHEUMATOLOGY,1,34,61.0
05071,AR,PSYCHIATRY,1,18,49.0
05075,AR,INTERNAL MEDICINE,4,157,400.0
05081,AR,INTERNAL MEDICINE,2,161,515.0
05083,AR,INTERNAL MEDICINE,1,225,883.0
05085,AR,INTERNAL MEDICINE,6,799,8884.0
05085,AR,PSYCHIATRY,1,0,0.0
05085,AR,RHEUMATOLOGY,1,1117,100463.0
05091,AR,PSYCHIATRY,1,182,1233.0
05093,AR,INTERNAL MEDICINE,3,1610,27283.0
05099,AR,INTERNAL MEDICINE,1,743,24439.5
05103,AR,CARDIOVASCULAR DISEASE (CARDIOLOGY),1,746,3356.0
05103,AR,HEMATOLOGY/ONCOLOGY,1,880,184396.0
05105,AR,INTERNAL MEDICINE,1,319,2592.0
05107,AR,INTERNAL MEDICINE,3,338,2098.0
05111,AR,INTERNAL MEDICINE,1,649,18971.0
05115,AR,CARDIOVASCULAR DISEASE (CARDIOLOGY),3,2364,11837.0
05115,AR,HEMATOLOGY/ONCOLOGY,1,291,125928.0
05115,AR,INTERNAL MEDICINE,3,1528,20403.0
05115,AR,PSYCHIATRY,1,0,0.0
05117,AR,ENDOCRINOLOGY,1,1171,3087.0
05119,AR,CARDIOVASCULAR DISEASE (CARDIOLOGY),49,48021,142938.0
05119,AR,ENDOCRINOLOGY,25,8158,152961.0
05119,AR,HEMATOLOGY/ONCOLOGY,31,22009,4125346.0
05119,AR,INTERNAL MEDICINE,172,43135,341389.0
05119,AR,NEUROLOGY,48,13597,363463.0
05119,AR,PSYCHIATRY,88,3685,18370.0
05119,AR,PULMONARY DISEASE,26,11043,59176.0
05119,AR,RHEUMATOLOGY,15,4085,1102607.0
05121,AR,INTERNAL MEDICINE,2,480,755.0
05123,AR,INTERNAL MEDICINE,3,827,6041.0
05123,AR,PSYCHIATRY,1,17,37.0
05123,AR,PULMONARY DISEASE,1,442,1291.0
05125,AR,CARDIOVASCULAR DISEASE (CARDIOLOGY),3,1313,18813.0
05125,AR,INTERNAL MEDICINE,17,5343,24867.0
05125,AR,PSYCHIATRY,5,787,3466.0
05131,AR,CARDIOVASCULAR DISEASE (CARDIOLOGY),14,22027,67648.0
05131,AR,HEMATOLOGY/ONCOLOGY,5,2307,113166.0
05131,AR,INTERNAL MEDICINE,65,18642,89433.0
05131,AR,NEUROLOGY,8,2749,18175.0
05131,AR,PSYCHIATRY,7,573,3723.0
05131,AR,PULMONARY DISEASE,7,3008,8690.0
05131,AR,RHEUMATOLOGY,4,2078,411316.0
05133,AR,PSYCHIATRY,1,41,245.0
05135,AR,INTERNAL MEDICINE,1,316,1642.0
05137,AR,CARDIOVASCULAR DISEASE (CARDIOLOGY),1,1662,4882.0
05137,AR,INTERNAL MEDICINE,2,694,3987.0
05139,AR,CARDIOVASCULAR DISEASE (CARDIOLOGY),2,1592,20252.0
05139,AR,INTERNAL MEDICINE,3,1049,2870.0
05141,AR,INTERNAL MEDICINE,2,59,260.0
05143,AR,CARDIOVASCULAR DISEASE (CARDIOLOGY),7,12562,39108.0
05143,AR,ENDOCRINOLOGY,3,2006,4873.0
05143,AR,HEMATOLOGY/ONCOLOGY,7,9921,1874749.0
05143,AR,INTERNAL MEDICINE,55,20318,212862.0
05143,AR,NEUROLOGY,10,3663,83795.0
05143,AR,PSYCHIATRY,12,474,2036.0
05143,AR,PULMONARY DISEASE,10,3777,26007.0
05143,AR,RHEUMATOLOGY,1,588,84887.0
05145,AR,CARDIOVASCULAR DISEASE (CARDIOLOGY),1,1231,3285.0
05145,AR,HEMATOLOGY/ONCOLOGY,2,395,2063.0
05145,AR,INTERNAL MEDICINE,14,6646,23911.0
05145,AR,NEUROLOGY,2,43,51.0
05145,AR,PSYCHIATRY,7,348,1002.0
05145,AR,PULMONARY DISEASE,2,775,2235.0
05145,AR,RHEUMATOLOGY,1,301,1107.0
05147,AR,INTERNAL MEDICINE,2,36,77.0
05149,AR,CARDIOVASCULAR DISEASE (CARDIOLOGY),3,4441,20102.0
05149,AR,INTERNAL MEDICINE,1,269,2055.0
06001,CA,CARDIOVASCULAR DISEASE (CARDIOLOGY),67,45255,211025.3
06001,CA,ENDOCRINOLOGY,34,7742,143927.0
06001,CA,HEMATOLOGY/ONCOLOGY,26,6977,1268069.0
06001,CA,INTERNAL MEDICINE,763,79197,323537.0
06001,CA,NEUROLOGY,77,14805,171978.0
06001,CA,PSYCHIATRY,221,5121,44532.0
06001,CA,PULMONARY DISEASE,22,5269,21984.0
06001,CA,RHEUMATOLOGY,23,3667,481780.0
06005,CA,CARDIOVASCULAR DISEASE (CARDIOLOGY),5,2424,15448.0
06005,CA,HEMATOLOGY/ONCOLOGY,1,301,142030.0
06005,CA,INTERNAL MEDICINE,12,3789,12901.0
06005,CA,NEUROLOGY,2,414,1506.0
06005,CA,PSYCHIATRY,2,97,414.0
06005,CA,PULMONARY DISEASE,1,221,566.0
06007,CA,CARDIOVASCULAR DISEASE (CARDIOLOGY),7,11471,28997.0
06007,CA,ENDOCRINOLOGY,4,1264,8643.0
06007,CA,HEMATOLOGY/ONCOLOGY,6,2696,23753.0
06007,CA,INTERNAL MEDICINE,67,33489,178959.0
06007,CA,NEUROLOGY,6,2518,8637.0
06007,CA,PSYCHIATRY,29,1417,6270.0
06007,CA,PULMONARY DISEASE,2,4683,14358.0
06007,CA,RHEUMATOLOGY,2,651,114996.0
06009,CA,INTERNAL MEDICINE,5,472,810.0
06009,CA,PSYCHIATRY,1,0,0.0
06011,CA,INTERNAL MEDICINE,15,3655,16973.0
06011,CA,PSYCHIATRY,2,82,229.0
06013,CA,CARDIOVASCULAR DISEASE (CARDIOLOGY),51,50678,229569.0
06013,CA,ENDOCRINOLOGY,24,8812,337960.0
06013,CA,HEMATOLOGY/ONCOLOGY,39,11000,2141305.0
06013,CA,INTERNAL MEDICINE,483,65492,398284.0
06013,CA,NEUROLOGY,44,9468,172818.0
06013,CA,PSYCHIATRY,131,4346,29405.0
06013,CA,PULMONARY DISEASE,35,16301,57148.0
06013,CA,RHEUMATOLOGY,18,3807,396308.0
06015,CA,INTERNAL MEDICINE,4,1550,17475.0
06015,CA,PSYCHIATRY,2,0,0.0
06017,CA,CARDIOVASCULAR DISEASE (CARDIOLOGY),9,10141,28779.0
06017,CA,HEMATOLOGY/ONCOLOGY,3,681,65573.0
06017,CA,INTERNAL MEDICINE,21,7762,21036.0
06017,CA,NEUROLOGY,4,371,839.0
06017,CA,PSYCHIATRY,6,113,893.0
06017,CA,PULMONARY DISEASE,4,1891,4584.0
06017,CA,RHEUMATOLOGY,1,484,1080.0
06019,CA,CARDIOVASCULAR DISEASE (CARDIOLOGY),31,42025,204451.0
06019,CA,ENDOCRINOLOGY,14,4707,140022.0
06019,CA,HEMATOLOGY/ONCOLOGY,14,9399,2032809.0
06019,CA,INTERNAL MEDICINE,357,65791,889122.5
06019,CA,NEUROLOGY,36,7427,115569.0
06019,CA,PSYCHIATRY,61,2456,18813.0
06019,CA,PULMONARY DISEASE,15,5851,20787.0
06019,CA,RHEUMATOLOGY,9,4015,1090790.0
06021,CA,CARDIOVASCULAR DISEASE (CARDIOLOGY),2,10929,28954.0
06021,CA,NEUROLOGY,1,147,462.0
06021,CA,PSYCHIATRY,1,74,219.0
06023,CA,CARDIOVASCULAR DISEASE (CARDIOLOGY),6,3847,9689.0
06023,CA,HEMATOLOGY/ONCOLOGY,4,732,8300.0
06023,CA,INTERNAL MEDICINE,13,4012,13339.0
06023,CA,PSYCHIATRY,12,592,2441.0
06023,CA,PULMONARY DISEASE,1,514,1772.0
06025,CA,CARDIOVASCULAR DISEASE (CARDIOLOGY),7,11333,103933.0
06025,CA,ENDOCRINOLOGY,1,289,894.0
06025,CA,INTERNAL MEDICINE,31,8720,177797.0
06025,CA,NEUROLOGY,2,2384,25507.0
06025,CA,PSYCHIATRY,18,610,1938.0
06025,CA,PULMONARY DISEASE,2,1919,8177.0
06025,CA,RHEUMATOLOGY,1,181,1680.0
06029,CA,CARDIOVASCULAR DISEASE (CARDIOLOGY),28,30050,210082.0
06029,CA,ENDOCRINOLOGY,8,2283,9994.0
06029,CA,HEMATOLOGY/ONCOLOGY,16,6786,936450.0
06029,CA,INTERNAL MEDICINE,186,44780,351718.0
06029,CA,NEUROLOGY,13,5416,145800.0
06029,CA,PSYCHIATRY,66,8523,50633.0
06029,CA,PULMONARY DISEASE,15,7269,56427.0
06029,CA,RHEUMATOLOGY,4,1631,223177.4
06031,CA,CARDIOVASCULAR DISEASE (CARDIOLOGY),7,13391,53400.0
06031,CA,ENDOCRINOLOGY,1,1044,13104.0
06031,CA,INTERNAL MEDICINE,49,17664,120541.0
06031,CA,NEUROLOGY,1,758,1839.0
06031,CA,PSYCHIATRY,2,52,198.0
06031,CA,PULMONARY DISEASE,2,1386,4314.0
06033,CA,CARDIOVASCULAR DISEASE (CARDIOLOGY),3,1808,5327.0
06033,CA,ENDOCRINOLOGY,1,174,379.0
06033,CA,INTERNAL MEDICINE,9,582,1509.0
06033,CA,NEUROLOGY,1,0,0.0
06033,CA,PSYCHIATRY,8,77,347.0
06035,CA,INTERNAL MEDICINE,1,174,1020.0
06037,CA,CARDIOVASCULAR DISEASE (CARDIOLOGY),516,344133,2725786.0
06037,CA,ENDOCRINOLOGY,202,53034,622405.0
06037,CA,HEMATOLOGY/ONCOLOGY,322,86831,14329493.1
06037,CA,INTERNAL MEDICINE,3569,579150,5619008.0
06037,CA,NEUROLOGY,556,118602,2166273.5
06037,CA,PSYCHIATRY,923,53424,354314.0
06037,CA,PULMONARY DISEASE,292,92964,505913.0
06037,CA,RHEUMATOLOGY,189,42477,4227097.5
06039,CA,CARDIOVASCULAR DISEASE (CARDIOLOGY),3,1435,6028.0
06039,CA,HEMATOLOGY/ONCOLOGY,1,480,66943.0
06039,CA,INTERNAL MEDICINE,12,3193,21016.0
06039,CA,PSYCHIATRY,5,126,429.0
06039,CA,RHEUMATOLOGY,1,243,40188.0
06041,CA,CARDIOVASCULAR DISEASE (CARDIOLOGY),9,3710,14454.0
06041,CA,ENDOCRINOLOGY,1,355,1433.0
06041,CA,HEMATOLOGY/ONCOLOGY,6,499,138448.0
06041,CA,INTERNAL MEDICINE,76,10746,47838.0
06041,CA,NEUROLOGY,15,4314,43223.0
06041,CA,PSYCHIATRY,29,686,7008.0
06041,CA,PULMONARY DISEASE,4,1221,6108.0
06041,CA,RHEUMATOLOGY,2,362,1102.0
06043,CA,INTERNAL MEDICINE,11,1472,8168.0
06043,CA,PSYCHIATRY,2,14,66.0
06045,CA,CARDIOVASCULAR DISEASE (CARDIOLOGY),7,6729,14928.0
06045,CA,HEMATOLOGY/ONCOLOGY,2,852,3301.0
06045,CA,INTERNAL MEDICINE,23,3424,11406.0
06045,CA,NEUROLOGY,1,183,930.0
06045,CA,PSYCHIATRY,4,64,645.0
06045,CA,PULMONARY DISEASE,4,2784,8691.0
06045,CA,RHEUMATOLOGY,1,177,44068.0
06047,CA,CARDIOVASCULAR DISEASE (CARDIOLOGY),5,6797,50692.0
06047,CA,ENDOCRINOLOGY,1,413,3072.0
06047,CA,HEMATOLOGY/ONCOLOGY,11,3535,171769.0
06047,CA,INTERNAL MEDICINE,29,6890,41138.0
06047,CA,NEUROLOGY,1,695,1519.0
06047,CA,PSYCHIATRY,2,189,569.0
06047,CA,PULMONARY DISEASE,1,2096,6367.0
06047,CA,RHEUMATOLOGY,1,657,6588.0
06049,CA,INTERNAL MEDICINE,3,93,523.0
06049,CA,PSYCHIATRY,2,0,0.0
06051,CA,CARDIOVASCULAR DISEASE (CARDIOLOGY),1,740,1818.0
06051,CA,INTERNAL MEDICINE,11,620,12383.0
06051,CA,NEUROLOGY,1,0,0.0
06051,CA,PSYCHIATRY,4,1309,4962.0
06053,CA,CARDIOVASCULAR DISEASE (CARDIOLOGY),18,24254,54138.0
06053,CA,ENDOCRINOLOGY,9,5390,25208.0
06053,CA,HEMATOLOGY/ONCOLOGY,8,5264,773689.0
06053,CA,INTERNAL MEDICINE,62,29869,125266.0
06053,CA,NEUROLOGY,16,7213,39935.0
06053,CA,PSYCHIATRY,45,2925,14673.0
06053,CA,PULMONARY DISEASE,14,4223,14258.0
06053,CA,RHEUMATOLOGY,4,1739,7531.0
06055,CA,CARDIOVASCULAR DISEASE (CARDIOLOGY),7,7997,23475.0
06055,CA,HEMATOLOGY/ONCOLOGY,3,1406,72241.0
06055,CA,INTERNAL MEDICINE,40,8307,103238.0
06055,CA,NEUROLOGY,5,2400,97393.0
06055,CA,PSYCHIATRY,56,1222,5159.0
06057,CA,CARDIOVASCULAR DISEASE (CARDIOLOGY),6,5240,11611.0
06057,CA,ENDOCRINOLOGY,1,0,0.0
06057,CA,HEMATOLOGY/ONCOLOGY,4,1281,12707.0
06057,CA,INTERNAL MEDICINE,15,5785,43932.0
06057,CA,NEUROLOGY,2,0,0.0
06057,CA,PSYCHIATRY,5,130,683.0
06057,CA,PULMONARY DISEASE,2,251,456.0
06059,CA,CARDIOVASCULAR DISEASE (CARDIOLOGY),186,148421,755673.0
06059,CA,ENDOCRINOLOGY,75,25357,358747.0
06059,CA,HEMATOLOGY/ONCOLOGY,124,27981,2594981.2
06059,CA,INTERNAL MEDICINE,1180,230896,2544418.5
06059,CA,NEUROLOGY,178,42963,1164623.5
06059,CA,PSYCHIATRY,222,14213,83404.0
06059,CA,PULMONARY DISEASE,97,36955,216962.0
06059,CA,RHEUMATOLOGY,45,14047,1051051.1
06061,CA,CARDIOVASCULAR DISEASE (CARDIOLOGY),46,43664,135022.0
06061,CA,ENDOCRINOLOGY,13,2721,8940.0
06061,CA,HEMATOLOGY/ONCOLOGY,16,4228,28494.0
06061,CA,INTERNAL MEDICINE,260,33363,181433.0
06061,CA,NEUROLOGY,34,6924,183204.0
06061,CA,PSYCHIATRY,36,884,11158.0
06061,CA,PULMONARY DISEASE,13,4714,53733.0
06061,CA,RHEUMATOLOGY,8,1508,135492.0
06063,CA,PSYCHIATRY,2,0,0.0
06065,CA,CARDIOVASCULAR DISEASE (CARDIOLOGY),82,65838,453450.0
06065,CA,ENDOCRINOLOGY,24,4005,11672.0
06065,CA,HEMATOLOGY/ONCOLOGY,31,13069,3266332.0
06065,CA,INTERNAL MEDICINE,618,102988,891887.0
06065,CA,NEUROLOGY,66,12614,62254.0
06065,CA,PSYCHIATRY,106,4702,30788.0
06065,CA,PULMONARY DISEASE,39,16163,70150.0
06065,CA,RHEUMATOLOGY,24,6489,568146.0
06067,CA,CARDIOVASCULAR DISEASE (CARDIOLOGY),47,31372,78785.0
06067,CA,ENDOCRINOLOGY,32,8869,151828.0
06067,CA,HEMATOLOGY/ONCOLOGY,41,10072,1176017.0
06067,CA,INTERNAL MEDICINE,630,103052,763199.0
06067,CA,NEUROLOGY,87,18818,218258.0
06067,CA,PSYCHIATRY,189,8151,71314.0
06067,CA,PULMONARY DISEASE,49,12034,37576.0
06067,CA,RHEUMATOLOGY,28,4847,33618.0
06069,CA,CARDIOVASCULAR DISEASE (CARDIOLOGY),1,21,29.0
06069,CA,HEMATOLOGY/ONCOLOGY,1,90,361.0
06069,CA,INTERNAL MEDICINE,5,2054,14882.0
06069,CA,NEUROLOGY,1,307,684.0
06069,CA,PSYCHIATRY,3,31,144.0
06069,CA,RHEUMATOLOGY,1,0,0.0
06071,CA,CARDIOVASCULAR DISEASE (CARDIOLOGY),66,30965,273830.3
06071,CA,ENDOCRINOLOGY,20,2975,9368.0
06071,CA,HEMATOLOGY/ONCOLOGY,40,5617,263040.0
06071,CA,INTERNAL MEDICINE,594,66883,507627.0
06071,CA,NEUROLOGY,83,10318,134384.0
06071,CA,PSYCHIATRY,184,4486,27813.0
06071,CA,PULMONARY DISEASE,31,11635,56233.0
06071,CA,RHEUMATOLOGY,19,4404,1122686.0
06073,CA,CARDIOVASCULAR DISEASE (CARDIOLOGY),180,136885,620742.0
06073,CA,ENDOCRINOLOGY,73,16901,229189.0
06073,CA,HEMATOLOGY/ONCOLOGY,128,27791,5168973.0
06073,CA,INTERNAL MEDICINE,1127,192959,1589560.0
06073,CA,NEUROLOGY,179,44620,1387411.0
06073,CA,PSYCHIATRY,354,16327,178241.0
06073,CA,PULMONARY DISEASE,103,27802,105410.0
06073,CA,RHEUMATOLOGY,57,14077,1794061.0
06075,CA,CARDIOVASCULAR DISEASE (CARDIOLOGY),89,39743,101298.0
06075,CA,ENDOCRINOLOGY,33,5004,64211.0
06075,CA,HEMATOLOGY/ONCOLOGY,35,5362,658105.0
06075,CA,INTERNAL MEDICINE,689,78149,426091.0
06075,CA,NEUROLOGY,168,16157,136559.0
06075,CA,PSYCHIATRY,218,5079,30705.0
06075,CA,PULMONARY DISEASE,54,8265,22146.0
06075,CA,RHEUMATOLOGY,17,1306,94434.0
06077,CA,CARDIOVASCULAR DISEASE (CARDIOLOGY),39,36279,183479.0
06077,CA,ENDOCRINOLOGY,9,1803,17031.0
06077,CA,HEMATOLOGY/ONCOLOGY,14,3316,897562.0
06077,CA,INTERNAL MEDICINE,285,42645,232303.0
06077,CA,NEUROLOGY,24,5091,92129.0
06077,CA,PSYCHIATRY,90,2414,13721.0
06077,CA,PULMONARY DISEASE,14,7879,85391.0
06077,CA,RHEUMATOLOGY,14,3383,683246.0
06079,CA,CARDIOVASCULAR DISEASE (CARDIOLOGY),8,11668,42795.0
06079,CA,ENDOCRINOLOGY,2,718,2985.0
06079,CA,HEMATOLOGY/ONCOLOGY,6,1992,137257.0
06079,CA,INTERNAL MEDICINE,64,23212,92675.0
06079,CA,NEUROLOGY,10,3540,47703.0
06079,CA,PSYCHIATRY,15,1016,4908.0
06079,CA,PULMONARY DISEASE,8,2027,4994.0
06079,CA,RHEUMATOLOGY,9,4735,1001056.0
06081,CA,CARDIOVASCULAR DISEASE (CARDIOLOGY),52,40968,129322.0
06081,CA,ENDOCRINOLOGY,31,8917,107911.0
06081,CA,HEMATOLOGY/ONCOLOGY,40,4442,447380.0
06081,CA,INTERNAL MEDICINE,420,54711,2414456.0
06081,CA,NEUROLOGY,51,7826,63831.0
06081,CA,PSYCHIATRY,107,2370,16752.0
06081,CA,PULMONARY DISEASE,27,7144,21323.0
06081,CA,RHEUMATOLOGY,22,3455,241360.0
06083,CA,CARDIOVASCULAR DISEASE (CARDIOLOGY),21,24346,93481.0
06083,CA,ENDOCRINOLOGY,10,6534,133960.0
06083,CA,HEMATOLOGY/ONCOLOGY,19,7421,1476552.0
06083,CA,INTERNAL MEDICINE,146,46619,545696.0
06083,CA,NEUROLOGY,15,7166,162713.0
06083,CA,PSYCHIATRY,37,3208,16698.0
06083,CA,PULMONARY DISEASE,6,4527,34176.0
06083,CA,RHEUMATOLOGY,6,4497,549645.0
06085,CA,CARDIOVASCULAR DISEASE (CARDIOLOGY),172,97459,419891.0
06085,CA,ENDOCRINOLOGY,50,11300,318155.0
06085,CA,HEMATOLOGY/ONCOLOGY,93,35555,1390493.0
06085,CA,INTERNAL MEDICINE,1155,152672,548508.0
06085,CA,NEUROLOGY,170,26496,354028.0
06085,CA,PSYCHIATRY,334,7558,48137.0
06085,CA,PULMONARY DISEASE,55,12327,44318.0
06085,CA,RHEUMATOLOGY,48,8503,567570.0
06087,CA,CARDIOVASCULAR DISEASE (CARDIOLOGY),12,11120,76844.0
06087,CA,ENDOCRINOLOGY,5,2167,68756.0
06087,CA,HEMATOLOGY/ONCOLOGY,8,4462,1013349.0
06087,CA,INTERNAL MEDICINE,53,13336,55826.0
06087,CA,NEUROLOGY,7,2425,48484.0
06087,CA,PSYCHIATRY,15,941,5757.0
06087,CA,PULMONARY DISEASE,7,2560,9262.0
06087,CA,RHEUMATOLOGY,6,3665,769915.0
06089,CA,CARDIOVASCULAR DISEASE (CARDIOLOGY),14,14858,64755.0
06089,CA,ENDOCRINOLOGY,4,3363,63203.0
06089,CA,HEMATOLOGY/ONCOLOGY,3,1243,356226.6
06089,CA,INTERNAL MEDICINE,31,16731,92239.0
06089,CA,NEUROLOGY,8,2941,78639.0
06089,CA,PSYCHIATRY,11,1270,8764.0
06089,CA,PULMONARY DISEASE,3,3922,12755.0
06089,CA,RHEUMATOLOGY,4,457,1615.0
06093,CA,INTERNAL MEDICINE,5,427,1930.0
06093,CA,PSYCHIATRY,3,194,2215.0
06095,CA,CARDIOVASCULAR DISEASE (CARDIOLOGY),20,8889,33660.0
06095,CA,ENDOCRINOLOGY,4,2365,70733.0
06095,CA,HEMATOLOGY/ONCOLOGY,17,2754,558220.0
06095,CA,INTERNAL MEDICINE,200,20707,103997.0
06095,CA,NEUROLOGY,19,3499,89502.0
06095,CA,PSYCHIATRY,44,1110,10401.0
06095,CA,PULMONARY DISEASE,6,2652,7260.0
06095,CA,RHEUMATOLOGY,5,482,10362.0
06097,CA,CARDIOVASCULAR DISEASE (CARDIOLOGY),25,28858,93476.0
06097,CA,ENDOCRINOLOGY,10,2192,73564.0
06097,CA,HEMATOLOGY/ONCOLOGY,11,4030,65439.0
06097,CA,INTERNAL MEDICINE,119,19540,120923.0
06097,CA,NEUROLOGY,16,5629,134591.0
06097,CA,PSYCHIATRY,70,1652,10005.0
06097,CA,PULMONARY DISEASE,6,1548,4277.0
06097,CA,RHEUMATOLOGY,7,3185,61483.0
06099,CA,CARDIOVASCULAR DISEASE (CARDIOLOGY),30,26072,97436.0
06099,CA,ENDOCRINOLOGY,3,1696,22347.0
06099,CA,HEMATOLOGY/ONCOLOGY,12,1946,24007.0
06099,CA,INTERNAL MEDICINE,181,36578,267595.0
06099,CA,NEUROLOGY,15,1927,5863.0
06099,CA,PSYCHIATRY,23,1019,7706.0
06099,CA,PULMONARY DISEASE,8,3602,10591.0
06099,CA,RHEUMATOLOGY,5,1263,24784.0
06101,CA,CARDIOVASCULAR DISEASE (CARDIOLOGY),6,6031,25254.0
06101,CA,HEMATOLOGY/ONCOLOGY,1,618,8306.0
06101,CA,INTERNAL MEDICINE,12,3949,87095.0
06101,CA,NEUROLOGY,1,833,9623.0
06101,CA,PSYCHIATRY,8,390,1498.0
06101,CA,PULMONARY DISEASE,2,1280,4962.0
06101,CA,RHEUMATOLOGY,1,198,2041.0
06103,CA,INTERNAL MEDICINE,11,1447,6647.0
06105,CA,INTERNAL MEDICINE,1,0,0.0
06105,CA,PSYCHIATRY,2,104,485.0
06107,CA,CARDIOVASCULAR DISEASE (CARDIOLOGY),16,15636,120943.6
06107,CA,ENDOCRINOLOGY,2,31,97.0
06107,CA,HEMATOLOGY/ONCOLOGY,6,3444,637993.0
06107,CA,INTERNAL MEDICINE,56,13145,249082.0
06107,CA,NEUROLOGY,8,3589,10290.0
06107,CA,PSYCHIATRY,22,812,3746.0
06107,CA,PULMONARY DISEASE,3,867,3660.0
06109,CA,CARDIOVASCULAR DISEASE (CARDIOLOGY),6,6384,16076.0
06109,CA,HEMATOLOGY/ONCOLOGY,2,554,1220.0
06109,CA,INTERNAL MEDICINE,11,4660,24602.0
06109,CA,NEUROLOGY,7,2394,58692.0
06109,CA,PSYCHIATRY,6,138,1371.0
06109,CA,PULMONARY DISEASE,1,717,2084.0
06111,CA,CARDIOVASCULAR DISEASE (CARDIOLOGY),45,39520,338676.0
06111,CA,ENDOCRINOLOGY,17,6120,111642.0
06111,CA,HEMATOLOGY/ONCOLOGY,18,9071,1307080.0
06111,CA,INTERNAL MEDICINE,216,55081,432215.0
06111,CA,NEUROLOGY,35,10981,247469.0
06111,CA,PSYCHIATRY,51,3473,25457.0
06111,CA,PULMONARY DISEASE,27,13200,51678.0
06111,CA,RHEUMATOLOGY,11,3671,1170553.0
06113,CA,CARDIOVASCULAR DISEASE (CARDIOLOGY),3,4875,10521.0
06113,CA,ENDOCRINOLOGY,3,1033,8649.0
06113,CA,HEMATOLOGY/ONCOLOGY,4,728,2819.0
06113,CA,INTERNAL MEDICINE,21,3370,12341.0
06113,CA,NEUROLOGY,5,1490,55407.0
06113,CA,PSYCHIATRY,27,692,4570.0
06113,CA,PULMONARY DISEASE,3,1054,3535.0
06113,CA,RHEUMATOLOGY,3,1272,11366.0
06115,CA,CARDIOVASCULAR DISEASE (CARDIOLOGY),3,1725,7972.0
06115,CA,ENDOCRINOLOGY,1,1020,18258.0
06115,CA,HEMATOLOGY/ONCOLOGY,2,575,1500.0
06115,CA,INTERNAL MEDICINE,8,1143,4994.0
06115,CA,NEUROLOGY,2,300,702.0
06115,CA,PSYCHIATRY,2,0,0.0
06115,CA,PULMONARY DISEASE,2,91,170.0
08001,CO,CARDIOVASCULAR DISEASE (CARDIOLOGY),38,14837,26055.0
08001,CO,ENDOCRINOLOGY,44,4340,9186.0
08001,CO,HEMATOLOGY/ONCOLOGY,48,2743,345493.0
08001,CO,INTERNAL MEDICINE,95,15522,49543.0
08001,CO,NEUROLOGY,79,6220,16034.0
08001,CO,PSYCHIATRY,76,2118,7723.0
08001,CO,PULMONARY DISEASE,43,6278,13229.0
08001,CO,RHEUMATOLOGY,21,1702,62944.0
08003,CO,CARDIOVASCULAR DISEASE (CARDIOLOGY),2,819,1709.0
08003,CO,HEMATOLOGY/ONCOLOGY,1,193,565.0
08003,CO,INTERNAL MEDICINE,7,739,2133.0
08003,CO,PULMONARY DISEASE,1,532,1272.0
08005,CO,CARDIOVASCULAR DISEASE (CARDIOLOGY),26,23945,62831.0
08005,CO,ENDOCRINOLOGY,5,1619,4063.0
08005,CO,HEMATOLOGY/ONCOLOGY,1,946,269278.0
08005,CO,INTERNAL MEDICINE,132,27699,338358.0
08005,CO,NEUROLOGY,33,6022,166840.0
08005,CO,PSYCHIATRY,26,719,4322.0
08005,CO,PULMONARY DISEASE,20,3854,10255.0
08005,CO,RHEUMATOLOGY,7,2560,902960.0
08007,CO,INTERNAL MEDICINE,1,658,1416.0
08007,CO,NEUROLOGY,1,0,0.0
08013,CO,CARDIOVASCULAR DISEASE (CARDIOLOGY),15,5975,13252.0
08013,CO,ENDOCRINOLOGY,9,2641,36121.0
08013,CO,HEMATOLOGY/ONCOLOGY,10,3545,655433.0
08013,CO,INTERNAL MEDICINE,81,14893,73228.0
08013,CO,NEUROLOGY,17,4162,62933.0
08013,CO,PSYCHIATRY,29,1051,5719.0
08013,CO,PULMONARY DISEASE,12,5443,14718.0
08013,CO,RHEUMATOLOGY,5,2244,196904.0
08014,CO,CARDIOVASCULAR DISEASE (CARDIOLOGY),8,5508,17410.0
08014,CO,HEMATOLOGY/ONCOLOGY,2,0,0.0
08014,CO,INTERNAL MEDICINE,16,4523,25793.0
08014,CO,NEUROLOGY,7,1628,14777.0
08014,CO,PSYCHIATRY,2,14,337.0
08014,CO,PULMONARY DISEASE,1,333,888.0
08015,CO,CARDIOVASCULAR DISEASE (CARDIOLOGY),1,0,0.0
08015,CO,INTERNAL MEDICINE,6,134,336.0
08015,CO,NEUROLOGY,1,194,329.0
08015,CO,PULMONARY DISEASE,2,1119,2775.0
08029,CO,HEMATOLOGY/ONCOLOGY,2,271,955.0
08029,CO,INTERNAL MEDICINE,6,236,631.0
08029,CO,PULMONARY DISEASE,3,1338,3770.0
08031,CO,CARDIOVASCULAR DISEASE (CARDIOLOGY),29,10001,20864.0
08031,CO,ENDOCRINOLOGY,16,2485,30926.0
08031,CO,HEMATOLOGY/ONCOLOGY,24,4373,506952.0
08031,CO,INTERNAL MEDICINE,380,37595,245438.0
08031,CO,NEUROLOGY,40,5532,177547.0
08031,CO,PSYCHIATRY,100,2099,11974.0
08031,CO,PULMONARY DISEASE,58,7056,19453.0
08031,CO,RHEUMATOLOGY,24,4804,804407.0
08035,CO,CARDIOVASCULAR DISEASE (CARDIOLOGY),14,7038,47787.0
08035,CO,ENDOCRINOLOGY,1,11,74.0
08035,CO,HEMATOLOGY/ONCOLOGY,12,4449,809161.0
08035,CO,INTERNAL MEDICINE,72,14880,85290.5
08035,CO,NEUROLOGY,24,4532,241694.0
08035,CO,PSYCHIATRY,16,370,2381.0
08035,CO,RHEUMATOLOGY,4,833,134865.0
08037,CO,ENDOCRINOLOGY,1,346,2805.0
08037,CO,HEMATOLOGY/ONCOLOGY,1,14,1171.0
08037,CO,INTERNAL MEDICINE,19,4131,30310.0
08037,CO,PSYCHIATRY,5,33,157.0
08041,CO,CARDIOVASCULAR DISEASE (CARDIOLOGY),31,25579,107352.0
08041,CO,ENDOCRINOLOGY,7,2084,46500.0
08041,CO,HEMATOLOGY/ONCOLOGY,12,4974,471938.0
08041,CO,INTERNAL MEDICINE,104,23315,127733.0
08041,CO,NEUROLOGY,39,8624,461528.5
08041,CO,PSYCHIATRY,30,791,5523.0
08041,CO,PULMONARY DISEASE,11,4345,13103.0
08041,CO,RHEUMATOLOGY,16,5121,929068.0
08043,CO,CARDIOVASCULAR DISEASE (CARDIOLOGY),3,3674,10732.0
08043,CO,INTERNAL MEDICINE,6,1023,3812.0
08043,CO,PSYCHIATRY,1,19,85.0
08045,CO,CARDIOVASCULAR DISEASE (CARDIOLOGY),5,3895,9879.0
08045,CO,HEMATOLOGY/ONCOLOGY,2,488,1365.0
08045,CO,INTERNAL MEDICINE,29,6102,32413.0
08045,CO,NEUROLOGY,1,563,2758.0
08045,CO,PSYCHIATRY,1,140,538.0
08045,CO,PULMONARY DISEASE,2,784,1490.0
08045,CO,RHEUMATOLOGY,1,17,25.0
08049,CO,CARDIOVASCULAR DISEASE (CARDIOLOGY),1,726,15256.0
08051,CO,INTERNAL MEDICINE,2,370,1031.0
08059,CO,CARDIOVASCULAR DISEASE (CARDIOLOGY),21,14687,45324.0
08059,CO,ENDOCRINOLOGY,7,926,2879.0
08059,CO,HEMATOLOGY/ONCOLOGY,9,4116,1225591.0
08059,CO,INTERNAL MEDICINE,109,20846,107129.0
08059,CO,NEUROLOGY,19,3015,96690.0
08059,CO,PSYCHIATRY,34,683,3640.0
08059,CO,PULMONARY DISEASE,23,4991,13131.0
08059,CO,RHEUMATOLOGY,3,375,39143.0
08063,CO,NEUROLOGY,1,0,0.0
08067,CO,CARDIOVASCULAR DISEASE (CARDIOLOGY),5,4620,10781.0
08067,CO,HEMATOLOGY/ONCOLOGY,4,1775,416745.0
08067,CO,INTERNAL MEDICINE,14,4447,32920.0
08067,CO,NEUROLOGY,2,225,334.0
08067,CO,PSYCHIATRY,5,151,1008.0
08067,CO,PULMONARY DISEASE,8,1810,4200.0
08067,CO,RHEUMATOLOGY,2,499,1500.0
08069,CO,CARDIOVASCULAR DISEASE (CARDIOLOGY),10,15244,31094.0
08069,CO,ENDOCRINOLOGY,7,2042,32272.0
08069,CO,HEMATOLOGY/ONCOLOGY,12,3789,10621.0
08069,CO,INTERNAL MEDICINE,73,17494,71040.0
08069,CO,NEUROLOGY,21,4694,259937.0
08069,CO,PSYCHIATRY,26,1277,6002.0
08069,CO,PULMONARY DISEASE,10,2987,6794.0
08069,CO,RHEUMATOLOGY,3,1466,219101.5
08071,CO,CARDIOVASCULAR DISEASE (CARDIOLOGY),1,1477,6859.0
08071,CO,INTERNAL MEDICINE,2,104,305.0
08075,CO,INTERNAL MEDICINE,3,598,4050.0
08077,CO,CARDIOVASCULAR DISEASE (CARDIOLOGY),20,17313,40200.0
08077,CO,ENDOCRINOLOGY,2,108,280.0
08077,CO,HEMATOLOGY/ONCOLOGY,7,1271,3944.0
08077,CO,INTERNAL MEDICINE,46,7945,38616.0
08077,CO,NEUROLOGY,12,2316,49208.0
08077,CO,PSYCHIATRY,7,340,1142.0
08077,CO,PULMONARY DISEASE,7,926,2071.0
08077,CO,RHEUMATOLOGY,4,971,6517.0
08083,CO,CARDIOVASCULAR DISEASE (CARDIOLOGY),2,478,1021.0
08083,CO,INTERNAL MEDICINE,7,2041,5221.0
08083,CO,PULMONARY DISEASE,2,708,2284.0
08085,CO,CARDIOVASCULAR DISEASE (CARDIOLOGY),1,202,363.0
08085,CO,HEMATOLOGY/ONCOLOGY,2,467,2322.0
08085,CO,INTERNAL MEDICINE,6,2137,9194.0
08085,CO,NEUROLOGY,3,840,1661.0
08085,CO,PULMONARY DISEASE,1,384,580.0
08085,CO,RHEUMATOLOGY,1,263,1503.0
08087,CO,CARDIOVASCULAR DISEASE (CARDIOLOGY),1,0,0.0
08087,CO,INTERNAL MEDICINE,4,547,7995.0
08087,CO,NEUROLOGY,1,931,3611.0
08089,CO,CARDIOVASCULAR DISEASE (CARDIOLOGY),1,1075,2612.0
08089,CO,INTERNAL MEDICINE,2,169,654.0
08089,CO,NEUROLOGY,1,201,477.0
08093,CO,INTERNAL MEDICINE,1,144,376.0
08095,CO,CARDIOVASCULAR DISEASE (CARDIOLOGY),3,2128,4360.0
08095,CO,HEMATOLOGY/ONCOLOGY,1,314,1232.0
08095,CO,PSYCHIATRY,1,44,166.0
08097,CO,CARDIOVASCULAR DISEASE (CARDIOLOGY),2,457,947.0
08097,CO,INTERNAL MEDICINE,12,1963,6543.0
08101,CO,CARDIOVASCULAR DISEASE (CARDIOLOGY),1,0,0.0
08101,CO,ENDOCRINOLOGY,2,406,1403.0
08101,CO,HEMATOLOGY/ONCOLOGY,1,75,110.0
08101,CO,INTERNAL MEDICINE,27,4944,41983.5
08101,CO,NEUROLOGY,6,1335,5935.0
08101,CO,PSYCHIATRY,8,818,3636.0
08101,CO,PULMONARY DISEASE,4,4453,10276.0
08101,CO,RHEUMATOLOGY,2,1552,51700.0
08103,CO,INTERNAL MEDICINE,1,31,81.0
08103,CO,NEUROLOGY,1,295,6399.5
08103,CO,PULMONARY DISEASE,1,1508,4312.0
08107,CO,CARDIOVASCULAR DISEASE (CARDIOLOGY),4,4566,12853.0
08107,CO,ENDOCRINOLOGY,1,270,626.0
08107,CO,HEMATOLOGY/ONCOLOGY,1,808,115315.0
08107,CO,INTERNAL MEDICINE,4,1789,5851.0
08107,CO,NEUROLOGY,2,853,35670.0
08107,CO,PSYCHIATRY,2,56,521.0
08107,CO,RHEUMATOLOGY,1,226,948.0
08111,CO,INTERNAL MEDICINE,1,608,2560.0
08113,CO,INTERNAL MEDICINE,1,524,3599.0
08117,CO,INTERNAL MEDICINE,4,392,1036.0
08117,CO,PSYCHIATRY,1,23,175.0
08119,CO,ENDOCRINOLOGY,3,345,901.0
08119,CO,HEMATOLOGY/ONCOLOGY,1,92,277.0
08119,CO,INTERNAL MEDICINE,3,978,13048.0
08119,CO,PULMONARY DISEASE,1,536,1370.0
08123,CO,CARDIOVASCULAR DISEASE (CARDIOLOGY),5,2502,4905.0
08123,CO,ENDOCRINOLOGY,2,334,5813.0
08123,CO,HEMATOLOGY/ONCOLOGY,3,639,1479.0
08123,CO,INTERNAL MEDICINE,53,11501,52843.0
08123,CO,NEUROLOGY,5,1505,23136.0
08123,CO,PSYCHIATRY,6,231,897.0
08123,CO,PULMONARY DISEASE,11,3470,8731.0
08123,CO,RHEUMATOLOGY,5,1765,354663.0
08125,CO,CARDIOVASCULAR DISEASE (CARDIOLOGY),2,3545,5831.0
08125,CO,HEMATOLOGY/ONCOLOGY,1,266,792.0
10001,DE,CARDIOVASCULAR DISEASE (CARDIOLOGY),4,7045,17578.0
10001,DE,ENDOCRINOLOGY,5,2081,7945.0
10001,DE,HEMATOLOGY/ONCOLOGY,1,682,2696.0
10001,DE,INTERNAL MEDICINE,46,15739,400897.0
10001,DE,NEUROLOGY,5,2694,26578.0
10001,DE,PSYCHIATRY,22,1756,7849.0
10001,DE,PULMONARY DISEASE,6,4567,23487.0
10001,DE,RHEUMATOLOGY,3,2679,941046.0
10003,DE,CARDIOVASCULAR DISEASE (CARDIOLOGY),49,48485,151392.0
10003,DE,ENDOCRINOLOGY,8,5107,13745.0
10003,DE,HEMATOLOGY/ONCOLOGY,17,6435,1328618.0
10003,DE,INTERNAL MEDICINE,142,38450,155915.0
10003,DE,NEUROLOGY,50,12667,36295.0
10003,DE,PSYCHIATRY,42,3984,23752.0
10003,DE,PULMONARY DISEASE,18,7288,15128.0
10003,DE,RHEUMATOLOGY,8,1684,247409.0
10005,DE,CARDIOVASCULAR DISEASE (CARDIOLOGY),30,51169,188950.0
10005,DE,ENDOCRINOLOGY,8,2641,30220.0
10005,DE,HEMATOLOGY/ONCOLOGY,9,2432,5520.0
10005,DE,INTERNAL MEDICINE,110,41102,653519.0
10005,DE,NEUROLOGY,10,5959,41197.0
10005,DE,PSYCHIATRY,15,1485,5602.0
10005,DE,PULMONARY DISEASE,9,8123,66574.5
10005,DE,RHEUMATOLOGY,1,1264,385600.0
11001,DC,CARDIOVASCULAR DISEASE (CARDIOLOGY),97,92750,253914.0
11001,DC,ENDOCRINOLOGY,29,7229,30062.0
11001,DC,HEMATOLOGY/ONCOLOGY,65,13835,2596032.0
11001,DC,INTERNAL MEDICINE,531,106436,479021.0
11001,DC,NEUROLOGY,99,24128,417493.0
11001,DC,PSYCHIATRY,124,5239,28781.0
11001,DC,PULMONARY DISEASE,41,10709,30632.0
11001,DC,RHEUMATOLOGY,22,4273,200366.0
12001,FL,CARDIOVASCULAR DISEASE (CARDIOLOGY),30,25741,66825.0
12001,FL,ENDOCRINOLOGY,23,6083,55175.0
12001,FL,HEMATOLOGY/ONCOLOGY,15,4203,961705.0
12001,FL,INTERNAL MEDICINE,123,40688,268881.0
12001,FL,NEUROLOGY,64,10919,276765.0
12001,FL,PSYCHIATRY,48,3485,12463.0
12001,FL,PULMONARY DISEASE,26,6098,18977.0
12001,FL,RHEUMATOLOGY,15,3030,258427.0
12003,FL,CARDIOVASCULAR DISEASE (CARDIOLOGY),1,838,2413.0
12003,FL,HEMATOLOGY/ONCOLOGY,1,475,79454.0
12003,FL,INTERNAL MEDICINE,2,556,1686.0
12003,FL,PULMONARY DISEASE,1,155,548.0
12005,FL,CARDIOVASCULAR DISEASE (CARDIOLOGY),9,5103,13867.0
12005,FL,ENDOCRINOLOGY,4,2213,10551.0
12005,FL,HEMATOLOGY/ONCOLOGY,1,778,297253.0
12005,FL,INTERNAL MEDICINE,39,14158,111169.0
12005,FL,NEUROLOGY,13,4367,31818.0
12005,FL,PSYCHIATRY,18,440,3030.0
12005,FL,PULMONARY DISEASE,3,2136,9688.0
12005,FL,RHEUMATOLOGY,3,3747,895578.0
12007,FL,NEUROLOGY,1,31,182.0
12009,FL,CARDIOVASCULAR DISEASE (CARDIOLOGY),43,48109,247204.0
12009,FL,ENDOCRINOLOGY,17,10122,83017.0
12009,FL,HEMATOLOGY/ONCOLOGY,15,13211,3272409.0
12009,FL,INTERNAL MEDICINE,175,61101,388577.5
12009,FL,NEUROLOGY,43,13272,194868.0
12009,FL,PSYCHIATRY,26,2867,14725.0
12009,FL,PULMONARY DISEASE,15,12617,42847.0
12009,FL,RHEUMATOLOGY,6,4025,1053069.0
12011,FL,CARDIOVASCULAR DISEASE (CARDIOLOGY),170,101397,315793.8
12011,FL,ENDOCRINOLOGY,52,10344,84652.0
12011,FL,HEMATOLOGY/ONCOLOGY,77,13604,1142623.0
12011,FL,INTERNAL MEDICINE,806,128097,787152.0
12011,FL,NEUROLOGY,90,19566,867072.0
12011,FL,PSYCHIATRY,106,10658,69408.0
12011,FL,PULMONARY DISEASE,64,21632,95585.0
12011,FL,RHEUMATOLOGY,33,5172,521569.0
12013,FL,INTERNAL MEDICINE,2,109,296.0
12015,FL,CARDIOVASCULAR DISEASE (CARDIOLOGY),17,12229,86469.0
12015,FL,ENDOCRINOLOGY,1,580,4698.0
12015,FL,HEMATOLOGY/ONCOLOGY,5,8331,2067937.0
12015,FL,INTERNAL MEDICINE,72,27706,227625.0
12015,FL,NEUROLOGY,8,2917,58814.0
12015,FL,PSYCHIATRY,7,1730,7268.0
12015,FL,PULMONARY DISEASE,4,4417,23234.0
12015,FL,RHEUMATOLOGY,1,567,253800.0
12017,FL,CARDIOVASCULAR DISEASE (CARDIOLOGY),7,7358,42078.0
12017,FL,HEMATOLOGY/ONCOLOGY,4,4314,1302205.0
12017,FL,INTERNAL MEDICINE,48,17319,134627.0
12017,FL,NEUROLOGY,3,2176,6830.0
12017,FL,PSYCHIATRY,2,184,1242.0
12017,FL,PULMONARY DISEASE,3,1809,8152.0
12017,FL,RHEUMATOLOGY,1,281,1849.0
12019,FL,CARDIOVASCULAR DISEASE (CARDIOLOGY),11,10293,35760.0
12019,FL,HEMATOLOGY/ONCOLOGY,10,4338,1059954.0
12019,FL,INTERNAL MEDICINE,55,14337,120400.0
12019,FL,NEUROLOGY,6,3176,11036.0
12019,FL,PSYCHIATRY,9,592,1928.0
12019,FL,PULMONARY DISEASE,9,3665,15025.0
12019,FL,RHEUMATOLOGY,2,1695,574354.0
12021,FL,CARDIOVASCULAR DISEASE (CARDIOLOGY),34,38368,122890.0
12021,FL,ENDOCRINOLOGY,6,3545,70257.0
12021,FL,HEMATOLOGY/ONCOLOGY,8,8450,2074090.0
12021,FL,INTERNAL MEDICINE,139,48933,782223.0
12021,FL,NEUROLOGY,17,9111,190844.0
12021,FL,PSYCHIATRY,15,1623,9826.0
12021,FL,PULMONARY DISEASE,12,12407,41590.0
12021,FL,RHEUMATOLOGY,7,2950,1187271.0
12023,FL,CARDIOVASCULAR DISEASE (CARDIOLOGY),2,119,994.0
12023,FL,HEMATOLOGY/ONCOLOGY,1,1189,221938.0
12023,FL,INTERNAL MEDICINE,41,9980,45884.0
12023,FL,NEUROLOGY,1,760,61156.0
12023,FL,PSYCHIATRY,2,1045,3411.0
12027,FL,CARDIOVASCULAR DISEASE (CARDIOLOGY),2,1290,6357.0
12027,FL,INTERNAL MEDICINE,9,2010,16965.0
12027,FL,PULMONARY DISEASE,1,1552,3845.0
12029,FL,INTERNAL MEDICINE,1,83,480.0
12031,FL,CARDIOVASCULAR DISEASE (CARDIOLOGY),104,90039,240813.0
12031,FL,ENDOCRINOLOGY,47,14442,81270.0
12031,FL,HEMATOLOGY/ONCOLOGY,85,42437,4704354.0
12031,FL,INTERNAL MEDICINE,273,68832,367224.0
12031,FL,NEUROLOGY,109,25098,1208254.0
12031,FL,PSYCHIATRY,125,5728,29533.0
12031,FL,PULMONARY DISEASE,71,30597,99102.0
12031,FL,RHEUMATOLOGY,24,6312,564108.0
12033,FL,CARDIOVASCULAR DISEASE (CARDIOLOGY),18,21946,50182.0
12033,FL,ENDOCRINOLOGY,6,4791,17132.0
12033,FL,HEMATOLOGY/ONCOLOGY,10,5396,499631.0
12033,FL,INTERNAL MEDICINE,101,34321,204908.0
12033,FL,NEUROLOGY,19,10303,259978.0
12033,FL,PSYCHIATRY,23,1615,7942.0
12033,FL,PULMONARY DISEASE,14,8264,24455.0
12033,FL,RHEUMATOLOGY,5,3331,655410.0
12035,FL,CARDIOVASCULAR DISEASE (CARDIOLOGY),6,8965,31211.0
12035,FL,HEMATOLOGY/ONCOLOGY,5,4061,1340532.0
12035,FL,INTERNAL MEDICINE,27,4428,10251.0
12035,FL,NEUROLOGY,5,1434,7339.0
12035,FL,PSYCHIATRY,2,67,675.0
12037,FL,INTERNAL MEDICINE,1,260,1251.0
12039,FL,INTERNAL MEDICINE,1,61,341.0
12043,FL,INTERNAL MEDICINE,1,0,0.0
12045,FL,CARDIOVASCULAR DISEASE (CARDIOLOGY),1,35,266.0
12045,FL,INTERNAL MEDICINE,1,51,138.0
12045,FL,PSYCHIATRY,1,0,0.0
12049,FL,INTERNAL MEDICINE,1,123,842.0
12049,FL,PULMONARY DISEASE,1,715,2091.0
12051,FL,CARDIOVASCULAR DISEASE (CARDIOLOGY),1,715,10694.0
12051,FL,INTERNAL MEDICINE,9,1363,8845.0
12051,FL,NEUROLOGY,1,87,243.0
12051,FL,PULMONARY DISEASE,1,131,395.0
12053,FL,CARDIOVASCULAR DISEASE (CARDIOLOGY),8,5667,52061.0
12053,FL,ENDOCRINOLOGY,2,673,1747.0
12053,FL,HEMATOLOGY/ONCOLOGY,11,8284,2722412.0
12053,FL,INTERNAL MEDICINE,86,22219,166910.0
12053,FL,NEUROLOGY,3,1404,2543.0
12053,FL,PSYCHIATRY,6,571,1847.0
12053,FL,PULMONARY DISEASE,5,2293,8623.0
12053,FL,RHEUMATOLOGY,4,1588,504969.0
12055,FL,CARDIOVASCULAR DISEASE (CARDIOLOGY),12,9715,38583.0
12055,FL,HEMATOLOGY/ONCOLOGY,5,3343,1031871.0
12055,FL,INTERNAL MEDICINE,21,5497,21822.0
12055,FL,NEUROLOGY,2,1400,3450.0
12055,FL,PSYCHIATRY,2,447,2456.0
12055,FL,PULMONARY DISEASE,3,1647,8179.0
12055,FL,RHEUMATOLOGY,3,1520,275929.0
12057,FL,CARDIOVASCULAR DISEASE (CARDIOLOGY),104,51840,250731.0
12057,FL,ENDOCRINOLOGY,35,7690,29564.0
12057,FL,HEMATOLOGY/ONCOLOGY,68,15010,2052761.0
12057,FL,INTERNAL MEDICINE,594,118946,968954.0
12057,FL,NEUROLOGY,109,28714,495564.0
12057,FL,PSYCHIATRY,134,9446,54311.0
12057,FL,PULMONARY DISEASE,54,22753,104802.0
12057,FL,RHEUMATOLOGY,25,6527,1328754.0
12059,FL,INTERNAL MEDICINE,2,293,3018.0
12061,FL,CARDIOVASCULAR DISEASE (CARDIOLOGY),20,18610,98957.0
12061,FL,ENDOCRINOLOGY,3,2562,56894.0
12061,FL,HEMATOLOGY/ONCOLOGY,7,3884,511744.0
12061,FL,INTERNAL MEDICINE,93,32458,190145.0
12061,FL,NEUROLOGY,11,5331,162005.0
12061,FL,PSYCHIATRY,4,153,547.0
12061,FL,PULMONARY DISEASE,6,5161,18390.0
12061,FL,RHEUMATOLOGY,3,1183,3937.0
12063,FL,INTERNAL MEDICINE,6,2398,19114.0
12069,FL,CARDIOVASCULAR DISEASE (CARDIOLOGY),26,26794,159106.0
12069,FL,ENDOCRINOLOGY,8,3410,18159.0
12069,FL,HEMATOLOGY/ONCOLOGY,11,11867,3107229.0
12069,FL,INTERNAL MEDICINE,161,49277,619777.0
12069,FL,NEUROLOGY,8,2012,61626.0
12069,FL,PSYCHIATRY,11,1152,8433.0
12069,FL,PULMONARY DISEASE,17,16287,71348.0
12069,FL,RHEUMATOLOGY,6,2510,450204.0
12071,FL,CARDIOVASCULAR DISEASE (CARDIOLOGY),57,61660,153343.0
12071,FL,ENDOCRINOLOGY,11,4861,25382.0
12071,FL,HEMATOLOGY/ONCOLOGY,33,26155,5641371.0
12071,FL,INTERNAL MEDICINE,222,74001,1355640.0
12071,FL,NEUROLOGY,51,19079,1196671.8
12071,FL,PSYCHIATRY,30,3862,543147.9
12071,FL,PULMONARY DISEASE,25,12135,41527.0
12071,FL,RHEUMATOLOGY,10,2340,9860.0
12073,FL,CARDIOVASCULAR DISEASE (CARDIOLOGY),14,11267,26219.0
12073,FL,ENDOCRINOLOGY,6,1120,10654.0
12073,FL,HEMATOLOGY/ONCOLOGY,8,1856,418814.0
12073,FL,INTERNAL MEDICINE,93,13825,183601.6
12073,FL,NEUROLOGY,15,3642,34697.0
12073,FL,PSYCHIATRY,67,1551,6805.0
12073,FL,PULMONARY DISEASE,11,5158,12519.0
12073,FL,RHEUMATOLOGY,3,879,22752.0
12075,FL,CARDIOVASCULAR DISEASE (CARDIOLOGY),1,337,14627.0
12075,FL,INTERNAL MEDICINE,2,832,5050.0
12075,FL,NEUROLOGY,1,634,25991.0
12075,FL,RHEUMATOLOGY,1,1045,89819.0
12081,FL,CARDIOVASCULAR DISEASE (CARDIOLOGY),27,31868,148599.0
12081,FL,ENDOCRINOLOGY,3,2565,62344.0
12081,FL,HEMATOLOGY/ONCOLOGY,4,3588,1201686.0
12081,FL,INTERNAL MEDICINE,95,35643,231911.5
12081,FL,NEUROLOGY,10,5259,67299.2
12081,FL,PSYCHIATRY,21,3111,11914.0
12081,FL,PULMONARY DISEASE,10,6406,21678.0
12081,FL,RHEUMATOLOGY,4,1441,144686.0
12083,FL,CARDIOVASCULAR DISEASE (CARDIOLOGY),41,27543,179865.5
12083,FL,ENDOCRINOLOGY,6,1969,13390.0
12083,FL,HEMATOLOGY/ONCOLOGY,5,4585,1189671.0
12083,FL,INTERNAL MEDICINE,106,33186,555623.0
12083,FL,NEUROLOGY,12,5638,22573.0
12083,FL,PSYCHIATRY,12,585,2718.0
12083,FL,PULMONARY DISEASE,13,9470,28341.0
12083,FL,RHEUMATOLOGY,2,844,308897.0
12085,FL,CARDIOVASCULAR DISEASE (CARDIOLOGY),11,28806,116826.0
12085,FL,ENDOCRINOLOGY,2,1095,4503.0
12085,FL,HEMATOLOGY/ONCOLOGY,9,3913,1464297.0
12085,FL,INTERNAL MEDICINE,91,27768,103769.0
12085,FL,NEUROLOGY,10,6905,127584.0
12085,FL,PSYCHIATRY,9,1642,8826.0
12085,FL,PULMONARY DISEASE,5,3898,39728.0
12085,FL,RHEUMATOLOGY,4,3991,520993.5
12086,FL,CARDIOVASCULAR DISEASE (CARDIOLOGY),190,81395,326496.0
12086,FL,ENDOCRINOLOGY,61,11381,70805.0
12086,FL,HEMATOLOGY/ONCOLOGY,117,17624,374179.0
12086,FL,INTERNAL MEDICINE,997,130097,2563989.8
12086,FL,NEUROLOGY,180,30161,804256.0
12086,FL,PSYCHIATRY,240,23069,170213.0
12086,FL,PULMONARY DISEASE,100,27998,137474.0
12086,FL,RHEUMATOLOGY,41,10830,2006100.0
12087,FL,CARDIOVASCULAR DISEASE (CARDIOLOGY),9,7375,27575.0
12087,FL,INTERNAL MEDICINE,21,5673,38817.0
12087,FL,NEUROLOGY,4,252,3450.0
12087,FL,PSYCHIATRY,4,566,3223.0
12087,FL,PULMONARY DISEASE,1,248,829.0
12089,FL,CARDIOVASCULAR DISEASE (CARDIOLOGY),5,4722,15843.0
12089,FL,INTERNAL MEDICINE,5,3136,20675.0
12089,FL,NEUROLOGY,2,1411,33667.0
12089,FL,PSYCHIATRY,5,6944,27457.0
12089,FL,PULMONARY DISEASE,2,679,1632.0
12091,FL,CARDIOVASCULAR DISEASE (CARDIOLOGY),13,20613,69524.0
12091,FL,ENDOCRINOLOGY,2,413,1485.0
12091,FL,HEMATOLOGY/ONCOLOGY,3,1927,893249.0
12091,FL,INTERNAL MEDICINE,46,18861,153351.0
12091,FL,NEUROLOGY,5,2584,21982.0
12091,FL,PSYCHIATRY,10,436,2466.0
12091,FL,PULMONARY DISEASE,3,1472,4358.0
12091,FL,RHEUMATOLOGY,2,467,4498.0
12093,FL,CARDIOVASCULAR DISEASE (CARDIOLOGY),1,955,3541.0
12093,FL,HEMATOLOGY/ONCOLOGY,1,712,257622.0
12093,FL,INTERNAL MEDICINE,13,4845,31362.0
12093,FL,PSYCHIATRY,1,0,0.0
12093,FL,PULMONARY DISEASE,2,691,3114.0
12095,FL,CARDIOVASCULAR DISEASE (CARDIOLOGY),102,57690,346497.0
12095,FL,ENDOCRINOLOGY,33,8216,30213.0
12095,FL,HEMATOLOGY/ONCOLOGY,46,10225,271077.0
12095,FL,INTERNAL MEDICINE,481,88367,311753.0
12095,FL,NEUROLOGY,61,13305,88069.0
12095,FL,PSYCHIATRY,95,5377,24023.0
12095,FL,PULMONARY DISEASE,68,31593,153131.0
12095,FL,RHEUMATOLOGY,11,2399,374299.0
12097,FL,CARDIOVASCULAR DISEASE (CARDIOLOGY),21,13688,57617.0
12097,FL,ENDOCRINOLOGY,10,3096,15116.0
12097,FL,HEMATOLOGY/ONCOLOGY,4,1320,3385.0
12097,FL,INTERNAL MEDICINE,66,10711,54335.0
12097,FL,NEUROLOGY,13,2053,18021.0
12097,FL,PSYCHIATRY,10,548,4605.0
12097,FL,PULMONARY DISEASE,4,892,2038.0
12097,FL,RHEUMATOLOGY,2,425,71887.0
12099,FL,CARDIOVASCULAR DISEASE (CARDIOLOGY),129,142393,792648.0
12099,FL,ENDOCRINOLOGY,38,22743,349474.0
12099,FL,HEMATOLOGY/ONCOLOGY,44,24745,3633835.0
12099,FL,INTERNAL MEDICINE,627,200606,1449181.5
12099,FL,NEUROLOGY,79,32709,695465.0
12099,FL,PSYCHIATRY,98,10010,70297.0
12099,FL,PULMONARY DISEASE,40,24597,88159.0
12099,FL,RHEUMATOLOGY,40,26727,4431778.5
12101,FL,CARDIOVASCULAR DISEASE (CARDIOLOGY),34,31530,177705.0
12101,FL,ENDOCRINOLOGY,10,3983,32733.0
12101,FL,HEMATOLOGY/ONCOLOGY,10,4035,1066588.0
12101,FL,INTERNAL MEDICINE,162,33410,188058.5
12101,FL,NEUROLOGY,13,4021,16744.0
12101,FL,PSYCHIATRY,27,1519,8539.0
12101,FL,PULMONARY DISEASE,15,7340,39721.5
12101,FL,RHEUMATOLOGY,10,5023,1008188.0
12103,FL,CARDIOVASCULAR DISEASE (CARDIOLOGY),94,68827,245372.0
12103,FL,ENDOCRINOLOGY,19,4680,26559.0
12103,FL,HEMATOLOGY/ONCOLOGY,33,10669,2320145.0
12103,FL,INTERNAL MEDICINE,333,77531,622021.5
12103,FL,NEUROLOGY,51,15008,389819.0
12103,FL,PSYCHIATRY,63,5505,34530.0
12103,FL,PULMONARY DISEASE,44,18570,90158.0
12103,FL,RHEUMATOLOGY,32,8975,2610930.1
12105,FL,CARDIOVASCULAR DISEASE (CARDIOLOGY),25,25874,174312.0
12105,FL,ENDOCRINOLOGY,9,3095,27850.0
12105,FL,HEMATOLOGY/ONCOLOGY,6,3510,950977.0
12105,FL,INTERNAL MEDICINE,215,46335,550276.0
12105,FL,NEUROLOGY,16,5002,71396.0
12105,FL,PSYCHIATRY,26,2043,9927.0
12105,FL,PULMONARY DISEASE,19,7909,53692.0
12105,FL,RHEUMATOLOGY,10,1820,34242.0
12107,FL,CARDIOVASCULAR DISEASE (CARDIOLOGY),3,1010,8037.0
12107,FL,INTERNAL MEDICINE,16,6455,35396.0
12107,FL,NEUROLOGY,1,564,8345.0
12107,FL,PULMONARY DISEASE,1,572,2485.0
12107,FL,RHEUMATOLOGY,1,403,124554.0
12109,FL,CARDIOVASCULAR DISEASE (CARDIOLOGY),14,18198,42452.0
12109,FL,ENDOCRINOLOGY,1,167,1378.0
12109,FL,HEMATOLOGY/ONCOLOGY,9,4963,921521.0
12109,FL,INTERNAL MEDICINE,37,12809,62466.0
12109,FL,NEUROLOGY,7,2682,91812.0
12109,FL,PSYCHIATRY,9,424,2068.0
12109,FL,PULMONARY DISEASE,5,3106,11260.0
12109,FL,RHEUMATOLOGY,2,423,1082.0
12111,FL,CARDIOVASCULAR DISEASE (CARDIOLOGY),21,26184,108954.0
12111,FL,ENDOCRINOLOGY,5,2120,8524.0
12111,FL,HEMATOLOGY/ONCOLOGY,5,4214,840948.0
12111,FL,INTERNAL MEDICINE,87,19576,186639.0
12111,FL,NEUROLOGY,17,4390,66878.0
12111,FL,PSYCHIATRY,15,1244,6167.0
12111,FL,PULMONARY DISEASE,7,2590,50853.0
12111,FL,RHEUMATOLOGY,4,1852,103816.0
12113,FL,CARDIOVASCULAR DISEASE (CARDIOLOGY),1,2060,3763.0
12113,FL,INTERNAL MEDICINE,11,2411,13664.0
12113,FL,NEUROLOGY,1,456,1416.0
12113,FL,PULMONARY DISEASE,1,18,107.0
12113,FL,RHEUMATOLOGY,2,776,25362.0
12115,FL,CARDIOVASCULAR DISEASE (CARDIOLOGY),42,84462,387848.0
12115,FL,ENDOCRINOLOGY,16,15353,433906.0
12115,FL,HEMATOLOGY/ONCOLOGY,25,24443,7124650.0
12115,FL,INTERNAL MEDICINE,207,104197,958320.0
12115,FL,NEUROLOGY,21,11859,178686.0
12115,FL,PSYCHIATRY,47,4256,21706.0
12115,FL,PULMONARY DISEASE,21,18235,56903.0
12115,FL,RHEUMATOLOGY,15,10959,1823991.0
12117,FL,CARDIOVASCULAR DISEASE (CARDIOLOGY),25,19995,81335.0
12117,FL,ENDOCRINOLOGY,5,1699,21611.0
12117,FL,HEMATOLOGY/ONCOLOGY,10,4129,739878.0
12117,FL,INTERNAL MEDICINE,287,81211,576341.0
12117,FL,NEUROLOGY,43,20295,692110.0
12117,FL,PSYCHIATRY,24,2124,9045.0
12117,FL,PULMONARY DISEASE,4,1082,3058.0
12117,FL,RHEUMATOLOGY,20,5598,1490460.0
12119,FL,CARDIOVASCULAR DISEASE (CARDIOLOGY),11,8512,84472.0
12119,FL,ENDOCRINOLOGY,1,632,1521.0
12119,FL,HEMATOLOGY/ONCOLOGY,3,4116,900422.0
12119,FL,INTERNAL MEDICINE,76,35864,398049.3
12119,FL,NEUROLOGY,11,4697,42961.0
12119,FL,PSYCHIATRY,2,715,4838.0
12119,FL,RHEUMATOLOGY,6,2925,579784.0
12121,FL,INTERNAL MEDICINE,4,1680,8976.0
12123,FL,INTERNAL MEDICINE,1,660,22241.0
12127,FL,CARDIOVASCULAR DISEASE (CARDIOLOGY),35,42793,198413.0
12127,FL,ENDOCRINOLOGY,7,1977,8894.0
12127,FL,HEMATOLOGY/ONCOLOGY,24,8702,2034902.0
12127,FL,INTERNAL MEDICINE,140,35405,363281.5
12127,FL,NEUROLOGY,16,4479,25203.5
12127,FL,PSYCHIATRY,22,1950,11130.0
12127,FL,PULMONARY DISEASE,23,16920,221893.4
12127,FL,RHEUMATOLOGY,4,1744,1257563.0
12131,FL,ENDOCRINOLOGY,1,141,1476.0
12131,FL,HEMATOLOGY/ONCOLOGY,2,470,1397.0
12131,FL,INTERNAL MEDICINE,6,1826,5077.0
12131,FL,NEUROLOGY,2,98,35822.0
12131,FL,PSYCHIATRY,2,51,237.0
12131,FL,RHEUMATOLOGY,2,573,1363.0
12133,FL,INTERNAL MEDICINE,1,74,231.0
13001,GA,INTERNAL MEDICINE,1,17,29.0
13001,GA,PSYCHIATRY,1,270,1397.0
13003,GA,INTERNAL MEDICINE,1,107,1304.0
13005,GA,CARDIOVASCULAR DISEASE (CARDIOLOGY),2,1333,4506.0
13005,GA,INTERNAL MEDICINE,1,687,17215.0
13005,GA,PULMONARY DISEASE,1,342,575.0
13009,GA,INTERNAL MEDICINE,9,1626,17313.0
13009,GA,NEUROLOGY,1,291,879.0
13009,GA,PSYCHIATRY,3,66,455.0
13011,GA,INTERNAL MEDICINE,1,125,1382.0
13013,GA,INTERNAL MEDICINE,4,832,10460.0
13015,GA,CARDIOVASCULAR DISEASE (CARDIOLOGY),1,1039,9903.0
13015,GA,ENDOCRINOLOGY,4,591,2215.0
13015,GA,HEMATOLOGY/ONCOLOGY,3,725,11807.0
13015,GA,INTERNAL MEDICINE,15,3501,34385.0
13015,GA,PSYCHIATRY,2,0,0.0
13015,GA,PULMONARY DISEASE,2,1528,6607.0
13015,GA,RHEUMATOLOGY,1,466,56332.0
13017,GA,INTERNAL MEDICINE,1,100,274.0
13017,GA,PSYCHIATRY,1,344,1547.0
13021,GA,CARDIOVASCULAR DISEASE (CARDIOLOGY),6,3385,14029.0
13021,GA,ENDOCRINOLOGY,6,1478,17114.0
13021,GA,HEMATOLOGY/ONCOLOGY,6,6457,1189641.0
13021,GA,INTERNAL MEDICINE,54,13972,132716.0
13021,GA,NEUROLOGY,3,397,61798.0
13021,GA,PSYCHIATRY,6,532,2579.0
13021,GA,PULMONARY DISEASE,7,3063,14314.0
13021,GA,RHEUMATOLOGY,4,1135,162240.0
13023,GA,INTERNAL MEDICINE,3,441,610.0
13027,GA,INTERNAL MEDICINE,2,516,2436.0
13029,GA,INTERNAL MEDICINE,5,487,2043.0
13029,GA,PSYCHIATRY,1,29,307.0
13031,GA,CARDIOVASCULAR DISEASE (CARDIOLOGY),7,3580,18586.0
13031,GA,INTERNAL MEDICINE,11,2693,11258.0
13031,GA,NEUROLOGY,2,1010,4080.0
13031,GA,PULMONARY DISEASE,3,1032,4233.0
13033,GA,INTERNAL MEDICINE,2,302,1435.0
13035,GA,INTERNAL MEDICINE,3,1189,6660.0
13035,GA,NEUROLOGY,1,291,1704.0
13039,GA,CARDIOVASCULAR DISEASE (CARDIOLOGY),4,3709,15446.0
13039,GA,INTERNAL MEDICINE,5,2006,13840.0
13039,GA,NEUROLOGY,2,396,5056.0
13039,GA,PSYCHIATRY,1,16,96.0
13039,GA,PULMONARY DISEASE,3,1952,6934.0
13039,GA,RHEUMATOLOGY,1,468,55205.0
13043,GA,INTERNAL MEDICINE,3,966,6026.0
13045,GA,CARDIOVASCULAR DISEASE (CARDIOLOGY),7,4800,17431.0
13045,GA,HEMATOLOGY/ONCOLOGY,3,1223,3181.0
13045,GA,INTERNAL MEDICINE,33,7074,57523.0
13045,GA,NEUROLOGY,3,189,252.0
13045,GA,PSYCHIATRY,20,603,2700.0
13045,GA,PULMONARY DISEASE,1,497,1989.0
13045,GA,RHEUMATOLOGY,1,210,5782.0
13047,GA,HEMATOLOGY/ONCOLOGY,1,680,134736.0
13047,GA,INTERNAL MEDICINE,7,3088,6870.0
13047,GA,PSYCHIATRY,3,141,459.0
13047,GA,PULMONARY DISEASE,2,492,1974.0
13049,GA,INTERNAL MEDICINE,1,323,2903.0
13051,GA,CARDIOVASCULAR DISEASE (CARDIOLOGY),27,18649,62533.0
13051,GA,ENDOCRINOLOGY,3,960,2564.0
13051,GA,HEMATOLOGY/ONCOLOGY,7,2360,77568.0
13051,GA,INTERNAL MEDICINE,97,27034,188319.0
13051,GA,NEUROLOGY,11,5603,628808.0
13051,GA,PSYCHIATRY,22,843,2745.0
13051,GA,PULMONARY DISEASE,9,4913,23655.0
13051,GA,RHEUMATOLOGY,2,1206,226744.0
13055,GA,INTERNAL MEDICINE,5,1134,2315.0
13055,GA,PSYCHIATRY,2,100,627.0
13057,GA,CARDIOVASCULAR DISEASE (CARDIOLOGY),19,19673,55416.0
13057,GA,ENDOCRINOLOGY,4,1616,8368.0
13057,GA,HEMATOLOGY/ONCOLOGY,8,2444,8447.0
13057,GA,INTERNAL MEDICINE,52,13747,58838.0
13057,GA,NEUROLOGY,14,5390,43182.0
13057,GA,PSYCHIATRY,5,227,929.0
13057,GA,PULMONARY DISEASE,12,5338,17528.0
13057,GA,RHEUMATOLOGY,8,2970,69023.0
13059,GA,CARDIOVASCULAR DISEASE (CARDIOLOGY),13,12184,50398.0
13059,GA,ENDOCRINOLOGY,3,854,2137.0
13059,GA,HEMATOLOGY/ONCOLOGY,2,375,1211.0
13059,GA,INTERNAL MEDICINE,99,21610,96978.0
13059,GA,NEUROLOGY,18,6592,243012.0
13059,GA,PSYCHIATRY,7,492,3691.0
13059,GA,PULMONARY DISEASE,2,0,0.0
13059,GA,RHEUMATOLOGY,2,233,685.0
13061,GA,INTERNAL MEDICINE,2,328,1631.0
13063,GA,CARDIOVASCULAR DISEASE (CARDIOLOGY),3,273,637.0
13063,GA,ENDOCRINOLOGY,3,513,7360.0
13063,GA,HEMATOLOGY/ONCOLOGY,2,40,1612.0
13063,GA,INTERNAL MEDICINE,50,4373,26400.0
13063,GA,NEUROLOGY,7,2345,24445.0
13063,GA,PSYCHIATRY,5,149,1514.0
13063,GA,PULMONARY DISEASE,2,388,2012.0
13065,GA,CARDIOVASCULAR DISEASE (CARDIOLOGY),1,1116,13795.0
13065,GA,INTERNAL MEDICINE,5,785,3505.0
13067,GA,CARDIOVASCULAR DISEASE (CARDIOLOGY),24,23548,72729.0
13067,GA,ENDOCRINOLOGY,22,4654,16557.0
13067,GA,HEMATOLOGY/ONCOLOGY,11,2706,8502.0
13067,GA,INTERNAL MEDICINE,144,26598,122829.0
13067,GA,NEUROLOGY,25,6790,61309.0
13067,GA,PSYCHIATRY,53,3885,26760.0
13067,GA,PULMONARY DISEASE,29,9014,25993.0
13067,GA,RHEUMATOLOGY,15,2595,154244.0
13069,GA,CARDIOVASCULAR DISEASE (CARDIOLOGY),6,4551,30767.0
13069,GA,HEMATOLOGY/ONCOLOGY,1,247,479.0
13069,GA,INTERNAL MEDICINE,11,4411,33722.0
13069,GA,NEUROLOGY,1,147,567.0
13069,GA,PSYCHIATRY,1,0,0.0
13069,GA,PULMONARY DISEASE,1,198,682.0
13069,GA,RHEUMATOLOGY,1,321,116368.6
13071,GA,CARDIOVASCULAR DISEASE (CARDIOLOGY),2,1418,5814.0
13071,GA,HEMATOLOGY/ONCOLOGY,1,256,667.0
13071,GA,INTERNAL MEDICINE,9,2732,20870.0
13071,GA,NEUROLOGY,1,713,3964.0
13071,GA,PSYCHIATRY,8,1189,4845.0
13071,GA,PULMONARY DISEASE,1,333,1104.0
13073,GA,INTERNAL MEDICINE,5,1694,16274.0
13073,GA,NEUROLOGY,1,136,659.0
13075,GA,INTERNAL MEDICINE,1,37,55.0
13077,GA,CARDIOVASCULAR DISEASE (CARDIOLOGY),3,1287,2904.0
13077,GA,ENDOCRINOLOGY,6,1303,12734.0
13077,GA,HEMATOLOGY/ONCOLOGY,4,978,351835.0
13077,GA,INTERNAL MEDICINE,26,4595,21175.0
13077,GA,NEUROLOGY,7,1774,4973.0
13077,GA,PSYCHIATRY,8,316,2827.0
13077,GA,PULMONARY DISEASE,1,171,547.0
13081,GA,INTERNAL MEDICINE,7,1360,17258.0
13083,GA,ENDOCRINOLOGY,1,22,52.0
13083,GA,INTERNAL MEDICINE,2,95,355.0
13085,GA,CARDIOVASCULAR DISEASE (CARDIOLOGY),4,6179,24451.0
13085,GA,INTERNAL MEDICINE,5,629,5248.0
13085,GA,NEUROLOGY,1,466,17854.0
13085,GA,PSYCHIATRY,1,119,827.0
13087,GA,INTERNAL MEDICINE,6,2664,7328.0
13089,GA,CARDIOVASCULAR DISEASE (CARDIOLOGY),113,47794,134494.0
13089,GA,ENDOCRINOLOGY,33,9078,28391.0
13089,GA,HEMATOLOGY/ONCOLOGY,36,5229,137517.0
13089,GA,INTERNAL MEDICINE,337,55614,322107.5
13089,GA,NEUROLOGY,109,14702,102215.0
13089,GA,PSYCHIATRY,89,4644,30846.0
13089,GA,PULMONARY DISEASE,51,6604,21995.0
13089,GA,RHEUMATOLOGY,19,3182,323529.0
13091,GA,INTERNAL MEDICINE,3,639,6720.0
13093,GA,INTERNAL MEDICINE,1,13,13.0
13095,GA,CARDIOVASCULAR DISEASE (CARDIOLOGY),3,1768,3564.0
13095,GA,HEMATOLOGY/ONCOLOGY,3,727,1745.0
13095,GA,INTERNAL MEDICINE,20,2497,10267.0
13095,GA,NEUROLOGY,3,782,21782.0
13095,GA,PSYCHIATRY,6,195,1237.0
13095,GA,PULMONARY DISEASE,1,158,424.0
13095,GA,RHEUMATOLOGY,1,105,196.0
13097,GA,CARDIOVASCULAR DISEASE (CARDIOLOGY),2,472,3311.0
13097,GA,HEMATOLOGY/ONCOLOGY,1,117,225.0
13097,GA,INTERNAL MEDICINE,9,1799,13393.0
13097,GA,PSYCHIATRY,2,0,0.0
13097,GA,PULMONARY DISEASE,1,479,1478.0
13103,GA,INTERNAL MEDICINE,6,1108,17447.0
13103,GA,PULMONARY DISEASE,1,1344,10540.0
13105,GA,INTERNAL MEDICINE,1,28,67.0
13107,GA,INTERNAL MEDICINE,9,768,8269.0
13107,GA,PSYCHIATRY,1,78,453.0
13109,GA,INTERNAL MEDICINE,4,907,4028.5
13111,GA,HEMATOLOGY/ONCOLOGY,5,2168,26965.0
13111,GA,INTERNAL MEDICINE,1,480,6650.0
13113,GA,CARDIOVASCULAR DISEASE (CARDIOLOGY),15,14537,39844.0
13113,GA,ENDOCRINOLOGY,7,2086,14943.0
13113,GA,HEMATOLOGY/ONCOLOGY,5,2099,554682.0
13113,GA,INTERNAL MEDICINE,85,30177,409966.0
13113,GA,NEUROLOGY,10,2070,17028.0
13113,GA,PSYCHIATRY,9,930,7203.0
13113,GA,PULMONARY DISEASE,9,5374,18835.0
13113,GA,RHEUMATOLOGY,5,1316,92570.0
13115,GA,CARDIOVASCULAR DISEASE (CARDIOLOGY),6,8835,33812.0
13115,GA,ENDOCRINOLOGY,1,492,7464.0
13115,GA,HEMATOLOGY/ONCOLOGY,3,1322,483671.0
13115,GA,INTERNAL MEDICINE,66,17899,138646.0
13115,GA,NEUROLOGY,2,1211,18033.0
13115,GA,PSYCHIATRY,9,456,2012.0
13115,GA,PULMONARY DISEASE,2,1133,4393.0
13115,GA,RHEUMATOLOGY,2,1446,276977.0
13117,GA,CARDIOVASCULAR DISEASE (CARDIOLOGY),24,21595,97676.0
13117,GA,ENDOCRINOLOGY,6,1039,16491.0
13117,GA,HEMATOLOGY/ONCOLOGY,2,547,1561.0
13117,GA,INTERNAL MEDICINE,56,14535,343593.0
13117,GA,NEUROLOGY,6,2139,380575.4
13117,GA,PSYCHIATRY,3,43,803.0
13117,GA,PULMONARY DISEASE,6,2792,9211.0
13117,GA,RHEUMATOLOGY,5,1871,359485.0
13119,GA,INTERNAL MEDICINE,3,1392,21336.0
13121,GA,CARDIOVASCULAR DISEASE (CARDIOLOGY),97,59324,175815.0
13121,GA,ENDOCRINOLOGY,37,9914,156585.0
13121,GA,HEMATOLOGY/ONCOLOGY,33,9063,547568.0
13121,GA,INTERNAL MEDICINE,703,109418,1837459.4
13121,GA,NEUROLOGY,85,14672,231114.0
13121,GA,PSYCHIATRY,144,4897,26968.0
13121,GA,PULMONARY DISEASE,45,9101,35541.0
13121,GA,RHEUMATOLOGY,27,4982,663214.1
13127,GA,CARDIOVASCULAR DISEASE (CARDIOLOGY),4,4865,12905.0
13127,GA,ENDOCRINOLOGY,3,549,4968.0
13127,GA,HEMATOLOGY/ONCOLOGY,3,1674,177297.0
13127,GA,INTERNAL MEDICINE,19,5122,15940.0
13127,GA,NEUROLOGY,5,1327,13995.0
13127,GA,PSYCHIATRY,19,393,2073.0
13127,GA,PULMONARY DISEASE,4,1467,4521.0
13127,GA,RHEUMATOLOGY,1,722,206269.0
13129,GA,CARDIOVASCULAR DISEASE (CARDIOLOGY),11,14185,41656.0
13129,GA,ENDOCRINOLOGY,1,242,2647.0
13129,GA,INTERNAL MEDICINE,21,4086,14737.0
13129,GA,NEUROLOGY,4,1927,108403.0
13129,GA,PSYCHIATRY,4,213,1728.0
13129,GA,PULMONARY DISEASE,2,1256,11086.0
13131,GA,INTERNAL MEDICINE,5,1570,6459.0
13133,GA,CARDIOVASCULAR DISEASE (CARDIOLOGY),1,1215,3914.0
13133,GA,HEMATOLOGY/ONCOLOGY,1,541,1722.0
13133,GA,INTERNAL MEDICINE,7,3087,17310.0
13133,GA,PULMONARY DISEASE,1,487,1599.0
13135,GA,CARDIOVASCULAR DISEASE (CARDIOLOGY),25,18189,57656.0
13135,GA,ENDOCRINOLOGY,16,4849,32378.0
13135,GA,HEMATOLOGY/ONCOLOGY,10,2110,10492.0
13135,GA,INTERNAL MEDICINE,220,40046,213653.0
13135,GA,NEUROLOGY,19,4978,42404.0
13135,GA,PSYCHIATRY,32,2333,17213.0
13135,GA,PULMONARY DISEASE,25,8574,36640.0
13135,GA,RHEUMATOLOGY,14,2037,282825.0
13137,GA,INTERNAL MEDICINE,3,1353,10280.0
13139,GA,CARDIOVASCULAR DISEASE (CARDIOLOGY),26,27488,91817.0
13139,GA,ENDOCRINOLOGY,12,4690,131019.0
13139,GA,HEMATOLOGY/ONCOLOGY,7,2677,416602.0
13139,GA,INTERNAL MEDICINE,49,16668,394274.0
13139,GA,NEUROLOGY,15,3683,76492.0
13139,GA,PSYCHIATRY,22,1536,8200.0
13139,GA,PULMONARY DISEASE,9,2985,23575.0
13139,GA,RHEUMATOLOGY,10,5460,1510554.0
13143,GA,CARDIOVASCULAR DISEASE (CARDIOLOGY),2,1351,4911.0
13143,GA,ENDOCRINOLOGY,2,455,2484.0
13143,GA,INTERNAL MEDICINE,3,280,1084.0
13143,GA,PSYCHIATRY,1,33,116.0
13143,GA,RHEUMATOLOGY,1,264,1720.0
13145,GA,INTERNAL MEDICINE,1,181,1053.0
13147,GA,INTERNAL MEDICINE,1,374,3464.0
13151,GA,CARDIOVASCULAR DISEASE (CARDIOLOGY),13,11869,43191.0
13151,GA,ENDOCRINOLOGY,2,936,7929.0
13151,GA,HEMATOLOGY/ONCOLOGY,12,3912,545762.0
13151,GA,INTERNAL MEDICINE,52,12251,65539.0
13151,GA,NEUROLOGY,10,1239,5055.0
13151,GA,PSYCHIATRY,9,673,5510.0
13151,GA,PULMONARY DISEASE,6,2382,15364.0
13151,GA,RHEUMATOLOGY,2,347,51328.0
13153,GA,CARDIOVASCULAR DISEASE (CARDIOLOGY),7,10563,42336.0
13153,GA,INTERNAL MEDICINE,43,15710,210151.0
13153,GA,NEUROLOGY,5,3303,8443.0
13153,GA,PSYCHIATRY,4,529,3916.0
13153,GA,PULMONARY DISEASE,2,588,1875.0
13153,GA,RHEUMATOLOGY,1,478,1530.0
13157,GA,CARDIOVASCULAR DISEASE (CARDIOLOGY),6,6420,18855.0
13157,GA,ENDOCRINOLOGY,1,0,0.0
13157,GA,HEMATOLOGY/ONCOLOGY,12,9444,1235464.0
13157,GA,INTERNAL MEDICINE,17,4545,46914.5
13157,GA,NEUROLOGY,3,546,875.0
13157,GA,PSYCHIATRY,1,0,0.0
13157,GA,PULMONARY DISEASE,15,6332,25036.0
13161,GA,INTERNAL MEDICINE,2,2122,15944.0
13161,GA,PSYCHIATRY,1,38,168.0
13161,GA,PULMONARY DISEASE,1,0,0.0
13163,GA,INTERNAL MEDICINE,4,667,1384.0
13165,GA,INTERNAL MEDICINE,2,466,4268.0
13167,GA,INTERNAL MEDICINE,2,125,268.0
13167,GA,PSYCHIATRY,1,0,0.0
13169,GA,CARDIOVASCULAR DISEASE (CARDIOLOGY),1,762,3303.0
13169,GA,HEMATOLOGY/ONCOLOGY,3,1112,87887.0
13169,GA,INTERNAL MEDICINE,18,5093,97739.0
13169,GA,PSYCHIATRY,1,27,76.0
13169,GA,PULMONARY DISEASE,1,70,191.0
13171,GA,INTERNAL MEDICINE,1,270,1591.0
13173,GA,INTERNAL MEDICINE,2,237,555.0
13175,GA,CARDIOVASCULAR DISEASE (CARDIOLOGY),4,6668,19865.0
13175,GA,HEMATOLOGY/ONCOLOGY,2,411,43268.0
13175,GA,INTERNAL MEDICINE,11,2933,350649.0
13175,GA,PSYCHIATRY,1,34,84.0
13175,GA,PULMONARY DISEASE,1,625,3175.0
13177,GA,INTERNAL MEDICINE,4,592,14724.0
13179,GA,INTERNAL MEDICINE,4,993,5610.0
13179,GA,PSYCHIATRY,2,0,0.0
13185,GA,CARDIOVASCULAR DISEASE (CARDIOLOGY),10,7172,27879.0
13185,GA,ENDOCRINOLOGY,2,967,10460.0
13185,GA,HEMATOLOGY/ONCOLOGY,3,1258,3232.0
13185,GA,INTERNAL MEDICINE,24,6528,30611.0
13185,GA,NEUROLOGY,3,653,1255.0
13185,GA,PSYCHIATRY,8,981,3812.0
13185,GA,PULMONARY DISEASE,4,1199,3900.0
13185,GA,RHEUMATOLOGY,1,1591,183639.0
13189,GA,INTERNAL MEDICINE,1,138,6872.0
13193,GA,PSYCHIATRY,2,141,1127.0
13195,GA,INTERNAL MEDICINE,2,69,166.0
13201,GA,ENDOCRINOLOGY,1,76,2973.0
13201,GA,INTERNAL MEDICINE,2,129,762.0
13201,GA,RHEUMATOLOGY,1,0,0.0
13207,GA,CARDIOVASCULAR DISEASE (CARDIOLOGY),1,732,4422.0
13207,GA,INTERNAL MEDICINE,3,525,71081.0
13211,GA,INTERNAL MEDICINE,4,924,6451.0
13213,GA,CARDIOVASCULAR DISEASE (CARDIOLOGY),3,4307,14414.0
13213,GA,INTERNAL MEDICINE,6,364,799.0
13215,GA,CARDIOVASCULAR DISEASE (CARDIOLOGY),17,19785,77119.0
13215,GA,ENDOCRINOLOGY,7,1938,78721.0
13215,GA,HEMATOLOGY/ONCOLOGY,4,1883,5952.0
13215,GA,INTERNAL MEDICINE,56,14002,105364.5
13215,GA,NEUROLOGY,5,2516,28964.0
13215,GA,PSYCHIATRY,19,1362,7616.0
13215,GA,PULMONARY DISEASE,5,1811,6837.0
13215,GA,RHEUMATOLOGY,2,212,633.0
13217,GA,ENDOCRINOLOGY,1,0,0.0
13217,GA,HEMATOLOGY/ONCOLOGY,1,253,1164.0
13217,GA,INTERNAL MEDICINE,17,3778,18623.0
13217,GA,NEUROLOGY,1,164,363.0
13217,GA,RHEUMATOLOGY,2,132,282.0
13219,GA,INTERNAL MEDICINE,16,3500,27890.0
13219,GA,NEUROLOGY,1,617,1742.0
13219,GA,PSYCHIATRY,3,376,3850.0
13219,GA,RHEUMATOLOGY,1,455,1242.0
13223,GA,CARDIOVASCULAR DISEASE (CARDIOLOGY),13,14333,39240.0
13223,GA,HEMATOLOGY/ONCOLOGY,5,1531,4460.0
13223,GA,INTERNAL MEDICINE,8,2401,9662.0
13223,GA,NEUROLOGY,6,1572,27905.0
13223,GA,PSYCHIATRY,1,119,151.0
13223,GA,PULMONARY DISEASE,5,1671,5018.0
13225,GA,CARDIOVASCULAR DISEASE (CARDIOLOGY),1,469,4708.0
13225,GA,INTERNAL MEDICINE,4,719,2101.0
13227,GA,CARDIOVASCULAR DISEASE (CARDIOLOGY),4,4734,13007.0
13227,GA,HEMATOLOGY/ONCOLOGY,4,1359,251091.0
13227,GA,INTERNAL MEDICINE,12,4052,17799.0
13227,GA,NEUROLOGY,1,895,1751.0
13227,GA,PSYCHIATRY,1,0,0.0
13227,GA,PULMONARY DISEASE,1,527,2155.0
13229,GA,CARDIOVASCULAR DISEASE (CARDIOLOGY),1,569,1683.0
13229,GA,INTERNAL MEDICINE,1,43,1548.0
13231,GA,INTERNAL MEDICINE,2,2440,17313.0
13233,GA,ENDOCRINOLOGY,1,192,557.0
13233,GA,INTERNAL MEDICINE,4,925,20869.0
13235,GA,INTERNAL MEDICINE,2,342,4337.0
13237,GA,CARDIOVASCULAR DISEASE (CARDIOLOGY),4,2885,35671.0
13237,GA,INTERNAL MEDICINE,3,1213,10113.0
13237,GA,NEUROLOGY,1,67,69.0
13241,GA,INTERNAL MEDICINE,5,1734,24919.0
13245,GA,CARDIOVASCULAR DISEASE (CARDIOLOGY),27,16164,38548.0
13245,GA,ENDOCRINOLOGY,9,1052,2410.0
13245,GA,HEMATOLOGY/ONCOLOGY,19,5368,606563.0
13245,GA,INTERNAL MEDICINE,155,29089,510337.0
13245,GA,NEUROLOGY,47,10325,237714.0
13245,GA,PSYCHIATRY,38,1421,4676.0
13245,GA,PULMONARY DISEASE,14,3262,11869.0
13245,GA,RHEUMATOLOGY,15,2251,294694.0
13247,GA,CARDIOVASCULAR DISEASE (CARDIOLOGY),30,26756,74816.0
13247,GA,ENDOCRINOLOGY,2,456,2666.0
13247,GA,HEMATOLOGY/ONCOLOGY,8,2014,5710.0
13247,GA,INTERNAL MEDICINE,33,6911,24318.0
13247,GA,NEUROLOGY,6,967,4070.0
13247,GA,PULMONARY DISEASE,2,430,1928.0
13249,GA,INTERNAL MEDICINE,1,0,0.0
13253,GA,INTERNAL MEDICINE,1,116,428.0
13253,GA,PSYCHIATRY,1,493,3637.0
13255,GA,CARDIOVASCULAR DISEASE (CARDIOLOGY),1,1382,6777.0
13255,GA,HEMATOLOGY/ONCOLOGY,1,247,611.0
13255,GA,INTERNAL MEDICINE,8,1820,9793.0
13255,GA,PSYCHIATRY,5,184,1368.0
13255,GA,PULMONARY DISEASE,1,327,1065.0
13257,GA,CARDIOVASCULAR DISEASE (CARDIOLOGY),1,748,4415.0
13257,GA,HEMATOLOGY/ONCOLOGY,1,295,95814.0
13257,GA,INTERNAL MEDICINE,4,1250,18714.0
13257,GA,PSYCHIATRY,1,49,159.0
13261,GA,CARDIOVASCULAR DISEASE (CARDIOLOGY),4,1367,3231.0
13261,GA,HEMATOLOGY/ONCOLOGY,3,1391,5573.0
13261,GA,INTERNAL MEDICINE,27,3471,9120.0
13261,GA,NEUROLOGY,3,390,8645.0
13261,GA,PSYCHIATRY,2,55,235.0
13261,GA,PULMONARY DISEASE,5,1559,4783.0
13275,GA,CARDIOVASCULAR DISEASE (CARDIOLOGY),5,5409,11523.0
13275,GA,HEMATOLOGY/ONCOLOGY,3,1048,130585.0
13275,GA,INTERNAL MEDICINE,9,1477,19593.0
13275,GA,NEUROLOGY,2,374,772.0
13275,GA,PSYCHIATRY,3,252,1230.0
13275,GA,PULMONARY DISEASE,1,533,2684.0
13277,GA,CARDIOVASCULAR DISEASE (CARDIOLOGY),4,5303,16701.0
13277,GA,HEMATOLOGY/ONCOLOGY,5,813,1885.0
13277,GA,INTERNAL MEDICINE,19,3310,29618.0
13277,GA,NEUROLOGY,2,569,1068.0
13277,GA,PSYCHIATRY,1,163,1065.0
13277,GA,PULMONARY DISEASE,1,457,1480.0
13277,GA,RHEUMATOLOGY,2,564,12507.0
13279,GA,CARDIOVASCULAR DISEASE (CARDIOLOGY),2,1559,6792.0
13279,GA,HEMATOLOGY/ONCOLOGY,2,1508,619924.0
13279,GA,INTERNAL MEDICINE,18,5108,45656.0
13279,GA,PULMONARY DISEASE,2,1099,6931.0
13281,GA,CARDIOVASCULAR DISEASE (CARDIOLOGY),1,686,1219.0
13281,GA,INTERNAL MEDICINE,2,706,3312.0
13285,GA,CARDIOVASCULAR DISEASE (CARDIOLOGY),2,626,1427.0
13285,GA,ENDOCRINOLOGY,1,0,0.0
13285,GA,HEMATOLOGY/ONCOLOGY,2,196,677.0
13285,GA,INTERNAL MEDICINE,14,4886,165793.0
13285,GA,NEUROLOGY,15,4026,25930.0
13285,GA,PSYCHIATRY,7,826,6522.0
13285,GA,PULMONARY DISEASE,3,832,7894.0
13285,GA,RHEUMATOLOGY,1,192,6256.0
13291,GA,CARDIOVASCULAR DISEASE (CARDIOLOGY),2,2534,40108.0
13291,GA,INTERNAL MEDICINE,7,2505,27794.0
13291,GA,PULMONARY DISEASE,1,676,2921.0
13293,GA,INTERNAL MEDICINE,5,1302,4222.5
13295,GA,INTERNAL MEDICINE,4,565,8461.0
13295,GA,PSYCHIATRY,1,26,148.0
13297,GA,CARDIOVASCULAR DISEASE (CARDIOLOGY),1,977,2409.0
13297,GA,INTERNAL MEDICINE,21,4590,24512.0
13297,GA,NEUROLOGY,1,693,5889.0
13297,GA,PSYCHIATRY,2,55,441.0
13297,GA,PULMONARY DISEASE,1,181,524.0
13299,GA,CARDIOVASCULAR DISEASE (CARDIOLOGY),7,7422,24621.0
13299,GA,INTERNAL MEDICINE,9,3829,62606.0
13299,GA,NEUROLOGY,1,503,1076.0
13299,GA,PSYCHIATRY,1,24,85.0
13299,GA,PULMONARY DISEASE,2,821,2524.0
13303,GA,INTERNAL MEDICINE,3,833,7174.0
13305,GA,CARDIOVASCULAR DISEASE (CARDIOLOGY),3,1981,6699.0
13305,GA,HEMATOLOGY/ONCOLOGY,1,173,500.0
13305,GA,INTERNAL MEDICINE,5,2015,23690.0
13305,GA,PSYCHIATRY,2,0,0.0
13305,GA,PULMONARY DISEASE,2,1309,4889.0
13311,GA,INTERNAL MEDICINE,2,561,4626.0
13313,GA,CARDIOVASCULAR DISEASE (CARDIOLOGY),11,9527,31367.0
13313,GA,ENDOCRINOLOGY,1,0,0.0
13313,GA,HEMATOLOGY/ONCOLOGY,2,1019,382082.0
13313,GA,INTERNAL MEDICINE,46,12212,96548.0
13313,GA,NEUROLOGY,5,1887,52674.0
13313,GA,PSYCHIATRY,4,479,3943.0
13313,GA,PULMONARY DISEASE,7,1112,4525.0
13313,GA,RHEUMATOLOGY,1,165,582.0
13317,GA,INTERNAL MEDICINE,2,391,1256.0
13319,GA,INTERNAL MEDICINE,1,309,5387.0
15001,HI,CARDIOVASCULAR DISEASE (CARDIOLOGY),8,2614,6569.0
15001,HI,ENDOCRINOLOGY,1,0,0.0
15001,HI,HEMATOLOGY/ONCOLOGY,7,905,3029.0
15001,HI,INTERNAL MEDICINE,61,9721,41892.0
15001,HI,NEUROLOGY,5,1536,8025.0
15001,HI,PSYCHIATRY,13,124,2072.0
15001,HI,PULMONARY DISEASE,2,22,22.0
15001,HI,RHEUMATOLOGY,1,22,52.0
15003,HI,CARDIOVASCULAR DISEASE (CARDIOLOGY),60,35061,111863.0
15003,HI,ENDOCRINOLOGY,20,3773,26458.0
15003,HI,HEMATOLOGY/ONCOLOGY,24,4372,203488.0
15003,HI,INTERNAL MEDICINE,391,47456,197623.0
15003,HI,NEUROLOGY,46,7967,84166.0
15003,HI,PSYCHIATRY,100,2302,20933.0
15003,HI,PULMONARY DISEASE,29,4670,10697.0
15003,HI,RHEUMATOLOGY,14,4424,511741.0
15007,HI,CARDIOVASCULAR DISEASE (CARDIOLOGY),1,991,3366.0
15007,HI,HEMATOLOGY/ONCOLOGY,3,691,1162.0
15007,HI,INTERNAL MEDICINE,22,3466,22877.0
15007,HI,NEUROLOGY,3,555,18822.0
15007,HI,PSYCHIATRY,6,152,1716.0
15009,HI,CARDIOVASCULAR DISEASE (CARDIOLOGY),6,4439,17079.0
15009,HI,ENDOCRINOLOGY,1,18,153.0
15009,HI,HEMATOLOGY/ONCOLOGY,5,608,8206.0
15009,HI,INTERNAL MEDICINE,42,5533,20604.0
15009,HI,NEUROLOGY,4,959,6652.0
15009,HI,PSYCHIATRY,12,160,1576.0
15009,HI,PULMONARY DISEASE,3,143,372.0
15009,HI,RHEUMATOLOGY,3,1937,334748.0
16001,ID,CARDIOVASCULAR DISEASE (CARDIOLOGY),24,26167,63067.0
16001,ID,ENDOCRINOLOGY,6,1075,2862.0
16001,ID,HEMATOLOGY/ONCOLOGY,11,2739,109140.0
16001,ID,INTERNAL MEDICINE,136,22936,127002.0
16001,ID,NEUROLOGY,36,5373,19238.0
16001,ID,PSYCHIATRY,49,1825,9502.0
16001,ID,PULMONARY DISEASE,34,5989,12152.0
16001,ID,RHEUMATOLOGY,12,2252,482417.0
16005,ID,CARDIOVASCULAR DISEASE (CARDIOLOGY),6,2675,5469.0
16005,ID,HEMATOLOGY/ONCOLOGY,1,369,787.0
16005,ID,INTERNAL MEDICINE,8,1229,5152.0
16005,ID,NEUROLOGY,1,0,0.0
16005,ID,PSYCHIATRY,6,39,239.0
16005,ID,PULMONARY DISEASE,3,703,2158.0
16005,ID,RHEUMATOLOGY,1,596,485705.0
16007,ID,INTERNAL MEDICINE,1,26,35.0
16009,ID,INTERNAL MEDICINE,2,13,36.0
16011,ID,INTERNAL MEDICINE,7,827,2502.0
16011,ID,NEUROLOGY,3,566,1232.0
16011,ID,PSYCHIATRY,1,0,0.0
16011,ID,PULMONARY DISEASE,1,97,136.0
16011,ID,RHEUMATOLOGY,1,32,51.0
16013,ID,CARDIOVASCULAR DISEASE (CARDIOLOGY),1,505,1014.0
16013,ID,INTERNAL MEDICINE,2,1208,2408.0
16013,ID,NEUROLOGY,1,278,551.0
16013,ID,PSYCHIATRY,2,49,133.0
16017,ID,INTERNAL MEDICINE,4,856,2735.0
16019,ID,CARDIOVASCULAR DISEASE (CARDIOLOGY),6,7780,15568.0
16019,ID,ENDOCRINOLOGY,2,844,15520.0
16019,ID,HEMATOLOGY/ONCOLOGY,5,1385,101873.0
16019,ID,INTERNAL MEDICINE,23,7928,39526.0
16019,ID,NEUROLOGY,4,685,1590.0
16019,ID,PSYCHIATRY,10,250,1197.0
16019,ID,PULMONARY DISEASE,2,1026,3624.0
16019,ID,RHEUMATOLOGY,2,247,46981.0
16021,ID,INTERNAL MEDICINE,2,98,476.0
16027,ID,CARDIOVASCULAR DISEASE (CARDIOLOGY),1,1541,2363.0
16027,ID,INTERNAL MEDICINE,18,5953,20043.0
16027,ID,NEUROLOGY,1,143,20074.0
16027,ID,PSYCHIATRY,5,126,739.0
16027,ID,RHEUMATOLOGY,1,508,134109.0
16029,ID,CARDIOVASCULAR DISEASE (CARDIOLOGY),1,1584,6506.0
16029,ID,INTERNAL MEDICINE,1,0,0.0
16031,ID,INTERNAL MEDICINE,1,349,1409.0
16035,ID,CARDIOVASCULAR DISEASE (CARDIOLOGY),9,11861,26540.0
16035,ID,ENDOCRINOLOGY,1,585,1723.0
16035,ID,HEMATOLOGY/ONCOLOGY,1,306,1158.0
16035,ID,INTERNAL MEDICINE,11,7496,16337.0
16035,ID,NEUROLOGY,6,2032,6092.0
16035,ID,PSYCHIATRY,1,0,0.0
16035,ID,PULMONARY DISEASE,7,3153,9328.0
16039,ID,INTERNAL MEDICINE,1,88,229.0
16041,ID,INTERNAL MEDICINE,1,29,117.0
16045,ID,INTERNAL MEDICINE,1,40,40.0
16053,ID,CARDIOVASCULAR DISEASE (CARDIOLOGY),1,1728,3178.0
16055,ID,CARDIOVASCULAR DISEASE (CARDIOLOGY),1,358,701.0
16055,ID,ENDOCRINOLOGY,2,929,2649.0
16055,ID,HEMATOLOGY/ONCOLOGY,5,1441,627877.0
16055,ID,INTERNAL MEDICINE,8,1471,4319.0
16055,ID,NEUROLOGY,1,0,0.0
16055,ID,PSYCHIATRY,2,34,912.0
16055,ID,PULMONARY DISEASE,2,447,1489.0
16055,ID,RHEUMATOLOGY,3,1089,337050.0
16057,ID,INTERNAL MEDICINE,7,847,7156.0
16057,ID,NEUROLOGY,2,386,2873.0
16057,ID,PSYCHIATRY,2,0,0.0
16059,ID,CARDIOVASCULAR DISEASE (CARDIOLOGY),1,1395,2027.0
16065,ID,HEMATOLOGY/ONCOLOGY,1,137,247.0
16065,ID,INTERNAL MEDICINE,2,607,1315.0
16065,ID,PSYCHIATRY,1,18,133.0
16067,ID,CARDIOVASCULAR DISEASE (CARDIOLOGY),1,2005,3824.0
16067,ID,INTERNAL MEDICINE,3,428,1218.0
16067,ID,RHEUMATOLOGY,2,101,432.0
16069,ID,CARDIOVASCULAR DISEASE (CARDIOLOGY),1,1855,5532.0
16069,ID,HEMATOLOGY/ONCOLOGY,1,300,712.0
16069,ID,INTERNAL MEDICINE,4,1448,14910.0
16069,ID,PSYCHIATRY,3,88,493.0
16075,ID,INTERNAL MEDICINE,3,837,1910.0
16077,ID,PSYCHIATRY,1,0,0.0
16081,ID,HEMATOLOGY/ONCOLOGY,1,331,24572.0
16081,ID,INTERNAL MEDICINE,2,225,638.0
16083,ID,CARDIOVASCULAR DISEASE (CARDIOLOGY),1,1812,3658.0
16083,ID,ENDOCRINOLOGY,1,218,423.0
16083,ID,INTERNAL MEDICINE,12,3781,9846.0
16083,ID,NEUROLOGY,5,1054,3315.0
16083,ID,PSYCHIATRY,4,154,1149.0
16083,ID,PULMONARY DISEASE,1,506,1454.0
16085,ID,INTERNAL MEDICINE,1,321,658.0
16085,ID,PSYCHIATRY,1,23,214.0
16087,ID,PSYCHIATRY,1,0,0.0
17001,IL,CARDIOVASCULAR DISEASE (CARDIOLOGY),3,4655,14025.0
17001,IL,ENDOCRINOLOGY,2,883,3243.0
17001,IL,HEMATOLOGY/ONCOLOGY,4,1664,338023.0
17001,IL,INTERNAL MEDICINE,22,9531,40215.0
17001,IL,NEUROLOGY,3,1091,30583.0
17001,IL,PSYCHIATRY,10,375,1830.0
17001,IL,PULMONARY DISEASE,5,2737,17584.0
17001,IL,RHEUMATOLOGY,2,1029,4587.0
17005,IL,INTERNAL MEDICINE,1,111,235.0
17005,IL,PSYCHIATRY,1,0,0.0
17005,IL,PULMONARY DISEASE,1,603,1773.0
17007,IL,ENDOCRINOLOGY,1,281,1092.0
17007,IL,INTERNAL MEDICINE,6,1132,6615.0
17009,IL,PSYCHIATRY,1,39,210.0
17011,IL,INTERNAL MEDICINE,5,1237,5466.0
17011,IL,PULMONARY DISEASE,1,787,1400.0
17017,IL,PSYCHIATRY,1,17,49.0
17019,IL,CARDIOVASCULAR DISEASE (CARDIOLOGY),12,9892,25994.0
17019,IL,ENDOCRINOLOGY,3,1281,21765.0
17019,IL,HEMATOLOGY/ONCOLOGY,4,1399,264860.0
17019,IL,INTERNAL MEDICINE,124,26625,546880.0
17019,IL,NEUROLOGY,9,2280,69565.0
17019,IL,PSYCHIATRY,33,870,3337.0
17019,IL,RHEUMATOLOGY,3,791,64505.0
17021,IL,CARDIOVASCULAR DISEASE (CARDIOLOGY),1,1590,6125.0
17021,IL,INTERNAL MEDICINE,9,2381,5953.0
17021,IL,PSYCHIATRY,1,0,0.0
17025,IL,INTERNAL MEDICINE,1,0,0.0
17027,IL,INTERNAL MEDICINE,2,135,334.0
17029,IL,CARDIOVASCULAR DISEASE (CARDIOLOGY),14,21208,45418.0
17029,IL,ENDOCRINOLOGY,1,257,577.0
17029,IL,HEMATOLOGY/ONCOLOGY,6,1927,38297.0
17029,IL,INTERNAL MEDICINE,38,11537,69665.0
17029,IL,NEUROLOGY,8,2807,9533.0
17029,IL,PSYCHIATRY,6,194,1186.0
17029,IL,PULMONARY DISEASE,7,2180,5918.0
17029,IL,RHEUMATOLOGY,1,511,20300.0
17031,IL,CARDIOVASCULAR DISEASE (CARDIOLOGY),342,299966,815781.0
17031,IL,ENDOCRINOLOGY,143,38349,282251.0
17031,IL,HEMATOLOGY/ONCOLOGY,259,55837,6999069.0
17031,IL,INTERNAL MEDICINE,2122,517584,3978792.0
17031,IL,NEUROLOGY,441,92963,1534416.0
17031,IL,PSYCHIATRY,527,34593,183886.0
17031,IL,PULMONARY DISEASE,229,67039,276642.0
17031,IL,RHEUMATOLOGY,124,32183,4466970.0
17033,IL,CARDIOVASCULAR DISEASE (CARDIOLOGY),1,1080,1995.0
17033,IL,NEUROLOGY,1,126,376.0
17037,IL,CARDIOVASCULAR DISEASE (CARDIOLOGY),4,7024,22832.0
17037,IL,ENDOCRINOLOGY,2,507,2384.0
17037,IL,HEMATOLOGY/ONCOLOGY,5,2019,64994.0
17037,IL,INTERNAL MEDICINE,13,5269,29247.0
17037,IL,NEUROLOGY,2,970,2231.0
17037,IL,PSYCHIATRY,4,279,1743.0
17037,IL,PULMONARY DISEASE,4,1807,7096.0
17037,IL,RHEUMATOLOGY,1,623,98201.0
17039,IL,INTERNAL MEDICINE,2,278,393.0
17041,IL,INTERNAL MEDICINE,2,325,6448.0
17043,IL,CARDIOVASCULAR DISEASE (CARDIOLOGY),68,100183,335075.0
17043,IL,ENDOCRINOLOGY,34,10821,256216.0
17043,IL,HEMATOLOGY/ONCOLOGY,49,15928,737697.0
17043,IL,INTERNAL MEDICINE,305,107598,1011275.0
17043,IL,NEUROLOGY,46,15918,215243.0
17043,IL,PSYCHIATRY,115,8085,46116.0
17043,IL,PULMONARY DISEASE,54,28612,107518.0
17043,IL,RHEUMATOLOGY,28,7383,1382919.0
17045,IL,CARDIOVASCULAR DISEASE (CARDIOLOGY),1,93,128.0
17045,IL,INTERNAL MEDICINE,1,0,0.0
17045,IL,PSYCHIATRY,1,0,0.0
17049,IL,CARDIOVASCULAR DISEASE (CARDIOLOGY),2,1516,2698.0
17049,IL,HEMATOLOGY/ONCOLOGY,2,1261,659575.0
17049,IL,INTERNAL MEDICINE,7,3488,14491.0
17051,IL,INTERNAL MEDICINE,1,361,3118.0
17053,IL,HEMATOLOGY/ONCOLOGY,6,2155,690341.0
17053,IL,INTERNAL MEDICINE,2,64,204.0
17053,IL,NEUROLOGY,1,153,512.0
17053,IL,PSYCHIATRY,3,65,190.0
17053,IL,PULMONARY DISEASE,1,495,2299.0
17053,IL,RHEUMATOLOGY,1,99,302.0
17055,IL,CARDIOVASCULAR DISEASE (CARDIOLOGY),1,2736,6870.0
17055,IL,HEMATOLOGY/ONCOLOGY,1,306,1620.0
17055,IL,INTERNAL MEDICINE,6,1475,5846.0
17055,IL,NEUROLOGY,2,540,1090.0
17055,IL,PSYCHIATRY,1,43,97.0
17057,IL,CARDIOVASCULAR DISEASE (CARDIOLOGY),1,743,1054.0
17057,IL,INTERNAL MEDICINE,5,1290,4107.0
17061,IL,INTERNAL MEDICINE,1,40,85.0
17063,IL,ENDOCRINOLOGY,1,487,2598.0
17063,IL,INTERNAL MEDICINE,14,4533,17861.0
17063,IL,PULMONARY DISEASE,1,1239,18403.0
17063,IL,RHEUMATOLOGY,1,263,722.0
17065,IL,CARDIOVASCULAR DISEASE (CARDIOLOGY),1,0,0.0
17067,IL,INTERNAL MEDICINE,1,303,746.0
17067,IL,PSYCHIATRY,1,13,40.0
17069,IL,INTERNAL MEDICINE,2,454,1387.0
17073,IL,INTERNAL MEDICINE,9,1955,10514.0
17073,IL,PULMONARY DISEASE,1,214,866.0
17075,IL,INTERNAL MEDICINE,1,0,0.0
17077,IL,CARDIOVASCULAR DISEASE (CARDIOLOGY),2,2679,5420.0
17077,IL,ENDOCRINOLOGY,2,0,0.0
17077,IL,INTERNAL MEDICINE,14,1467,4467.0
17077,IL,NEUROLOGY,5,2259,16759.0
17077,IL,PSYCHIATRY,2,288,904.0
17077,IL,PULMONARY DISEASE,4,169,424.0
17077,IL,RHEUMATOLOGY,2,331,1161.0
17081,IL,CARDIOVASCULAR DISEASE (CARDIOLOGY),6,5876,14502.0
17081,IL,ENDOCRINOLOGY,1,310,523.0
17081,IL,INTERNAL MEDICINE,16,5194,17989.0
17081,IL,NEUROLOGY,3,1551,6297.0
17081,IL,PSYCHIATRY,14,620,1199.0
17081,IL,PULMONARY DISEASE,6,1698,9108.0
17081,IL,RHEUMATOLOGY,1,236,123233.0
17083,IL,INTERNAL MEDICINE,3,107,221.0
17083,IL,PSYCHIATRY,1,0,0.0
17085,IL,INTERNAL MEDICINE,3,1419,5752.0
17085,IL,RHEUMATOLOGY,1,0,0.0
17089,IL,CARDIOVASCULAR DISEASE (CARDIOLOGY),7,5817,24971.0
17089,IL,ENDOCRINOLOGY,7,2592,42557.0
17089,IL,HEMATOLOGY/ONCOLOGY,11,5806,694902.0
17089,IL,INTERNAL MEDICINE,84,24121,120312.0
17089,IL,NEUROLOGY,15,5686,24572.0
17089,IL,PSYCHIATRY,22,1254,9217.0
17089,IL,PULMONARY DISEASE,6,3865,9267.0
17089,IL,RHEUMATOLOGY,8,3290,452035.6
17091,IL,CARDIOVASCULAR DISEASE (CARDIOLOGY),3,3092,8453.0
17091,IL,ENDOCRINOLOGY,5,1179,5337.0
17091,IL,HEMATOLOGY/ONCOLOGY,3,1282,197248.0
17091,IL,INTERNAL MEDICINE,19,6834,30517.0
17091,IL,PSYCHIATRY,6,1085,6798.0
17091,IL,PULMONARY DISEASE,2,1764,5211.0
17093,IL,CARDIOVASCULAR DISEASE (CARDIOLOGY),1,1610,3777.0
17093,IL,INTERNAL MEDICINE,10,2738,39232.0
17095,IL,CARDIOVASCULAR DISEASE (CARDIOLOGY),2,1977,3885.0
17095,IL,INTERNAL MEDICINE,6,625,1533.0
17095,IL,NEUROLOGY,1,718,1225.0
17095,IL,PSYCHIATRY,2,230,1241.0
17095,IL,PULMONARY DISEASE,1,781,3770.0
17097,IL,CARDIOVASCULAR DISEASE (CARDIOLOGY),37,50182,159387.0
17097,IL,ENDOCRINOLOGY,9,2640,13422.0
17097,IL,HEMATOLOGY/ONCOLOGY,29,7624,469157.0
17097,IL,INTERNAL MEDICINE,261,71003,597513.0
17097,IL,NEUROLOGY,25,6508,232732.0
17097,IL,PSYCHIATRY,55,2689,21163.0
17097,IL,PULMONARY DISEASE,21,9422,25288.0
17097,IL,RHEUMATOLOGY,11,4458,865009.0
17099,IL,CARDIOVASCULAR DISEASE (CARDIOLOGY),10,15401,27981.0
17099,IL,HEMATOLOGY/ONCOLOGY,2,533,126907.0
17099,IL,INTERNAL MEDICINE,28,8797,29259.0
17099,IL,NEUROLOGY,1,367,787.0
17099,IL,PSYCHIATRY,9,898,3859.0
17101,IL,CARDIOVASCULAR DISEASE (CARDIOLOGY),2,3847,10450.0
17103,IL,ENDOCRINOLOGY,1,98,187.0
17103,IL,INTERNAL MEDICINE,4,1592,4700.0
17103,IL,PSYCHIATRY,2,167,733.0
17105,IL,CARDIOVASCULAR DISEASE (CARDIOLOGY),2,2350,4973.0
17105,IL,HEMATOLOGY/ONCOLOGY,1,364,31751.0
17105,IL,INTERNAL MEDICINE,9,1724,11760.0
17105,IL,NEUROLOGY,1,188,739.0
17107,IL,CARDIOVASCULAR DISEASE (CARDIOLOGY),3,6718,26260.0
17107,IL,ENDOCRINOLOGY,2,839,8363.0
17107,IL,INTERNAL MEDICINE,5,4233,11349.0
17107,IL,NEUROLOGY,3,1450,62076.0
17107,IL,PULMONARY DISEASE,2,1394,8302.0
17107,IL,RHEUMATOLOGY,1,504,107879.0
17111,IL,CARDIOVASCULAR DISEASE (CARDIOLOGY),13,20627,54187.0
17111,IL,ENDOCRINOLOGY,5,2335,25808.0
17111,IL,HEMATOLOGY/ONCOLOGY,9,2444,533906.0
17111,IL,INTERNAL MEDICINE,63,20481,147554.0
17111,IL,NEUROLOGY,11,3472,29809.0
17111,IL,PSYCHIATRY,14,1335,5921.0
17111,IL,PULMONARY DISEASE,8,5732,20140.0
17111,IL,RHEUMATOLOGY,1,361,6314.0
17113,IL,CARDIOVASCULAR DISEASE (CARDIOLOGY),4,6121,12254.0
17113,IL,ENDOCRINOLOGY,4,842,2312.0
17113,IL,HEMATOLOGY/ONCOLOGY,5,3881,1171916.0
17113,IL,INTERNAL MEDICINE,19,2498,14717.0
17113,IL,NEUROLOGY,6,1302,104934.0
17113,IL,PSYCHIATRY,7,382,1939.0
17113,IL,PULMONARY DISEASE,7,2128,5877.0
17113,IL,RHEUMATOLOGY,1,383,1089.0
17115,IL,CARDIOVASCULAR DISEASE (CARDIOLOGY),6,5299,15493.0
17115,IL,ENDOCRINOLOGY,2,410,16428.0
17115,IL,HEMATOLOGY/ONCOLOGY,4,2089,678745.0
17115,IL,INTERNAL MEDICINE,26,5479,29773.0
17115,IL,NEUROLOGY,5,1084,24358.0
17115,IL,PSYCHIATRY,3,177,893.0
17115,IL,PULMONARY DISEASE,4,2281,11980.0
17117,IL,HEMATOLOGY/ONCOLOGY,1,142,36215.0
17117,IL,INTERNAL MEDICINE,8,1228,3571.0
17119,IL,CARDIOVASCULAR DISEASE (CARDIOLOGY),25,24118,64724.0
17119,IL,ENDOCRINOLOGY,3,676,2110.0
17119,IL,HEMATOLOGY/ONCOLOGY,3,704,1602.0
17119,IL,INTERNAL MEDICINE,89,25233,81681.0
17119,IL,NEUROLOGY,9,2952,20308.0
17119,IL,PSYCHIATRY,7,1567,5006.0
17119,IL,PULMONARY DISEASE,4,1817,4873.0
17119,IL,RHEUMATOLOGY,1,228,669.0
17121,IL,CARDIOVASCULAR DISEASE (CARDIOLOGY),3,4968,11641.0
17121,IL,HEMATOLOGY/ONCOLOGY,1,991,520600.0
17121,IL,INTERNAL MEDICINE,7,3159,25011.0
17121,IL,PSYCHIATRY,5,247,1187.0
17121,IL,PULMONARY DISEASE,2,1132,3672.0
17123,IL,INTERNAL MEDICINE,2,115,201.0
17123,IL,PSYCHIATRY,1,0,0.0
17125,IL,INTERNAL MEDICINE,2,27,34.0
17127,IL,INTERNAL MEDICINE,4,682,1900.0
17127,IL,PSYCHIATRY,1,0,0.0
17131,IL,INTERNAL MEDICINE,2,2474,16910.0
17133,IL,INTERNAL MEDICINE,4,336,1217.0
17135,IL,CARDIOVASCULAR DISEASE (CARDIOLOGY),3,5817,18069.0
17135,IL,INTERNAL MEDICINE,3,1258,4793.0
17135,IL,RHEUMATOLOGY,1,643,82748.0
17137,IL,CARDIOVASCULAR DISEASE (CARDIOLOGY),1,2459,5871.0
17137,IL,ENDOCRINOLOGY,1,181,1245.0
17137,IL,HEMATOLOGY/ONCOLOGY,1,569,200810.0
17137,IL,INTERNAL MEDICINE,12,6871,30796.0
17139,IL,INTERNAL MEDICINE,1,227,3383.0
17139,IL,PSYCHIATRY,1,199,711.0
17141,IL,CARDIOVASCULAR DISEASE (CARDIOLOGY),2,2817,10250.0
17141,IL,INTERNAL MEDICINE,1,420,2289.0
17143,IL,CARDIOVASCULAR DISEASE (CARDIOLOGY),29,33763,73678.0
17143,IL,ENDOCRINOLOGY,6,1660,3277.0
17143,IL,HEMATOLOGY/ONCOLOGY,12,7850,2324301.0
17143,IL,INTERNAL MEDICINE,80,16473,315479.0
17143,IL,NEUROLOGY,17,2694,18484.0
17143,IL,PSYCHIATRY,25,1679,27351.0
17143,IL,PULMONARY DISEASE,11,6023,13390.0
17143,IL,RHEUMATOLOGY,2,81,11447.0
17145,IL,INTERNAL MEDICINE,2,41,162.0
17145,IL,PSYCHIATRY,1,46,233.0
17147,IL,CARDIOVASCULAR DISEASE (CARDIOLOGY),1,1241,2142.0
17147,IL,ENDOCRINOLOGY,1,331,693.0
17147,IL,INTERNAL MEDICINE,5,562,1188.0
17147,IL,NEUROLOGY,1,854,7613.0
17147,IL,PSYCHIATRY,3,91,445.0
17151,IL,PSYCHIATRY,1,23,102.0
17157,IL,CARDIOVASCULAR DISEASE (CARDIOLOGY),1,122,322.0
17157,IL,HEMATOLOGY/ONCOLOGY,1,522,230974.0
17157,IL,INTERNAL MEDICINE,1,261,321.0
17157,IL,RHEUMATOLOGY,1,0,0.0
17159,IL,INTERNAL MEDICINE,3,683,1982.0
17161,IL,CARDIOVASCULAR DISEASE (CARDIOLOGY),8,10385,36059.0
17161,IL,HEMATOLOGY/ONCOLOGY,3,677,1715.0
17161,IL,INTERNAL MEDICINE,29,8127,105192.0
17161,IL,NEUROLOGY,5,2109,168396.0
17161,IL,PSYCHIATRY,9,465,1820.0
17161,IL,PULMONARY DISEASE,5,963,2771.0
17161,IL,RHEUMATOLOGY,1,310,28418.0
17163,IL,CARDIOVASCULAR DISEASE (CARDIOLOGY),13,15163,35137.0
17163,IL,HEMATOLOGY/ONCOLOGY,4,1764,592181.0
17163,IL,INTERNAL MEDICINE,40,8326,37830.0
17163,IL,NEUROLOGY,4,1681,45902.0
17163,IL,PSYCHIATRY,7,313,1920.0
17163,IL,PULMONARY DISEASE,5,3487,12079.0
17165,IL,CARDIOVASCULAR DISEASE (CARDIOLOGY),2,5556,12616.0
17165,IL,HEMATOLOGY/ONCOLOGY,1,384,1850.0
17165,IL,INTERNAL MEDICINE,9,2569,3975.0
17165,IL,PSYCHIATRY,6,664,2943.0
17165,IL,PULMONARY DISEASE,2,737,2705.0
17167,IL,CARDIOVASCULAR DISEASE (CARDIOLOGY),6,2690,4516.0
17167,IL,ENDOCRINOLOGY,10,2491,38866.0
17167,IL,HEMATOLOGY/ONCOLOGY,9,3117,762355.0
17167,IL,INTERNAL MEDICINE,76,16791,70449.0
17167,IL,NEUROLOGY,10,2907,8503.0
17167,IL,PSYCHIATRY,30,1887,7072.0
17167,IL,PULMONARY DISEASE,12,5295,39890.0
17167,IL,RHEUMATOLOGY,5,1214,139264.0
17169,IL,HEMATOLOGY/ONCOLOGY,1,320,95427.0
17169,IL,INTERNAL MEDICINE,2,0,0.0
17177,IL,CARDIOVASCULAR DISEASE (CARDIOLOGY),9,8816,24234.0
17177,IL,ENDOCRINOLOGY,1,260,807.0
17177,IL,HEMATOLOGY/ONCOLOGY,1,277,830.0
17177,IL,INTERNAL MEDICINE,5,1460,6201.0
17177,IL,NEUROLOGY,6,1911,4614.0
17177,IL,PSYCHIATRY,1,0,0.0
17177,IL,PULMONARY DISEASE,3,1270,4725.0
17177,IL,RHEUMATOLOGY,1,58,445.0
17179,IL,ENDOCRINOLOGY,1,480,987.0
17179,IL,HEMATOLOGY/ONCOLOGY,2,2788,745401.0
17179,IL,INTERNAL MEDICINE,13,8210,30048.0
17179,IL,PSYCHIATRY,1,176,1209.0
17179,IL,RHEUMATOLOGY,2,1002,1747.0
17183,IL,CARDIOVASCULAR DISEASE (CARDIOLOGY),5,3159,7224.0
17183,IL,HEMATOLOGY/ONCOLOGY,1,255,2529.0
17183,IL,INTERNAL MEDICINE,16,3435,18646.0
17183,IL,NEUROLOGY,1,0,0.0
17183,IL,PULMONARY DISEASE,1,92,257.0
17185,IL,INTERNAL MEDICINE,3,287,723.0
17185,IL,NEUROLOGY,1,278,373.0
17185,IL,PSYCHIATRY,1,13,23.0
17187,IL,CARDIOVASCULAR DISEASE (CARDIOLOGY),2,3969,7872.0
17187,IL,INTERNAL MEDICINE,2,283,987.0
17187,IL,PSYCHIATRY,1,26,44.0
17195,IL,CARDIOVASCULAR DISEASE (CARDIOLOGY),4,3753,10560.0
17195,IL,ENDOCRINOLOGY,2,142,355.0
17195,IL,HEMATOLOGY/ONCOLOGY,1,532,1443.0
17195,IL,INTERNAL MEDICINE,14,7062,21239.0
17195,IL,NEUROLOGY,4,1251,2537.0
17195,IL,PSYCHIATRY,8,515,912.0
17195,IL,PULMONARY DISEASE,2,1085,2778.0
17195,IL,RHEUMATOLOGY,1,461,1163.0
17197,IL,CARDIOVASCULAR DISEASE (CARDIOLOGY),24,45113,192857.0
17197,IL,ENDOCRINOLOGY,8,3097,47398.0
17197,IL,HEMATOLOGY/ONCOLOGY,11,5984,1129324.0
17197,IL,INTERNAL MEDICINE,114,39054,257503.0
17197,IL,NEUROLOGY,19,7217,60295.0
17197,IL,PSYCHIATRY,38,2280,10741.0
17197,IL,PULMONARY DISEASE,11,6609,19192.0
17197,IL,RHEUMATOLOGY,6,1413,50411.0
17199,IL,CARDIOVASCULAR DISEASE (CARDIOLOGY),1,1136,4507.0
17199,IL,ENDOCRINOLOGY,1,303,925.0
17199,IL,HEMATOLOGY/ONCOLOGY,5,695,7261.0
17199,IL,INTERNAL MEDICINE,11,1772,4337.0
17199,IL,PULMONARY DISEASE,5,736,1822.0
17201,IL,CARDIOVASCULAR DISEASE (CARDIOLOGY),14,13320,29689.0
17201,IL,ENDOCRINOLOGY,3,1493,5720.0
17201,IL,HEMATOLOGY/ONCOLOGY,8,2140,8653.0
17201,IL,INTERNAL MEDICINE,61,13436,120675.0
17201,IL,NEUROLOGY,11,3371,38618.0
17201,IL,PSYCHIATRY,16,823,3909.0
17201,IL,PULMONARY DISEASE,7,2029,5030.0
17201,IL,RHEUMATOLOGY,3,1420,100035.0
17203,IL,CARDIOVASCULAR DISEASE (CARDIOLOGY),4,4622,10912.0
17203,IL,INTERNAL MEDICINE,9,1957,6081.0
17203,IL,NEUROLOGY,1,297,546.0
18001,IN,CARDIOVASCULAR DISEASE (CARDIOLOGY),1,827,1449.0
18001,IN,INTERNAL MEDICINE,4,491,1596.0
18001,IN,NEUROLOGY,1,634,1218.0
18003,IN,CARDIOVASCULAR DISEASE (CARDIOLOGY),20,15023,31499.0
18003,IN,ENDOCRINOLOGY,10,1944,15375.0
18003,IN,HEMATOLOGY/ONCOLOGY,26,9461,1589075.0
18003,IN,INTERNAL MEDICINE,138,22486,89493.0
18003,IN,NEUROLOGY,24,3161,31973.0
18003,IN,PSYCHIATRY,23,1416,5191.0
18003,IN,PULMONARY DISEASE,28,5584,15242.0
18003,IN,RHEUMATOLOGY,6,1258,155986.0
18005,IN,CARDIOVASCULAR DISEASE (CARDIOLOGY),5,3385,7039.0
18005,IN,ENDOCRINOLOGY,2,438,2587.0
18005,IN,HEMATOLOGY/ONCOLOGY,1,500,1829.0
18005,IN,INTERNAL MEDICINE,10,5085,26321.0
18005,IN,NEUROLOGY,8,2126,15985.0
18005,IN,PSYCHIATRY,2,86,474.0
18005,IN,PULMONARY DISEASE,3,843,2458.0
18009,IN,INTERNAL MEDICINE,1,31,147.0
18011,IN,CARDIOVASCULAR DISEASE (CARDIOLOGY),1,333,1037.0
18011,IN,ENDOCRINOLOGY,1,145,1321.0
18011,IN,INTERNAL MEDICINE,7,863,6970.0
18011,IN,NEUROLOGY,3,914,3537.0
18011,IN,PSYCHIATRY,3,890,2981.0
18011,IN,PULMONARY DISEASE,2,653,3250.0
18011,IN,RHEUMATOLOGY,1,128,1055.0
18015,IN,INTERNAL MEDICINE,1,327,951.0
18017,IN,CARDIOVASCULAR DISEASE (CARDIOLOGY),1,355,554.0
18017,IN,HEMATOLOGY/ONCOLOGY,2,1274,124173.0
18017,IN,INTERNAL MEDICINE,3,749,2726.0
18017,IN,NEUROLOGY,1,706,2704.0
18017,IN,PSYCHIATRY,1,23,51.0
18019,IN,CARDIOVASCULAR DISEASE (CARDIOLOGY),9,7337,15081.0
18019,IN,HEMATOLOGY/ONCOLOGY,5,2304,10387.0
18019,IN,INTERNAL MEDICINE,20,7253,31922.0
18019,IN,NEUROLOGY,5,1941,3523.0
18019,IN,PSYCHIATRY,6,528,3968.0
18019,IN,PULMONARY DISEASE,5,3166,10059.0
18021,IN,INTERNAL MEDICINE,2,847,2775.0
18023,IN,ENDOCRINOLOGY,1,270,3536.0
18023,IN,PSYCHIATRY,1,0,0.0
18027,IN,CARDIOVASCULAR DISEASE (CARDIOLOGY),1,2465,8646.0
18027,IN,ENDOCRINOLOGY,1,1099,26495.0
18027,IN,INTERNAL MEDICINE,2,1031,4508.0
18027,IN,PSYCHIATRY,1,98,502.0
18027,IN,PULMONARY DISEASE,1,374,970.0
18029,IN,CARDIOVASCULAR DISEASE (CARDIOLOGY),4,4214,9489.0
18029,IN,ENDOCRINOLOGY,1,0,0.0
18029,IN,HEMATOLOGY/ONCOLOGY,1,354,1343.0
18029,IN,INTERNAL MEDICINE,5,1156,17250.0
18029,IN,NEUROLOGY,2,764,5578.0
18029,IN,PSYCHIATRY,4,342,1305.0
18029,IN,PULMONARY DISEASE,3,1667,5696.0
18029,IN,RHEUMATOLOGY,1,132,1400.0
18031,IN,CARDIOVASCULAR DISEASE (CARDIOLOGY),1,1291,2040.0
18031,IN,INTERNAL MEDICINE,1,0,0.0
18031,IN,PSYCHIATRY,1,0,0.0
18031,IN,PULMONARY DISEASE,1,0,0.0
18033,IN,PSYCHIATRY,2,73,398.0
18035,IN,ENDOCRINOLOGY,2,409,2837.0
18035,IN,HEMATOLOGY/ONCOLOGY,3,791,121738.0
18035,IN,INTERNAL MEDICINE,23,5669,80635.0
18035,IN,PSYCHIATRY,4,0,0.0
18035,IN,PULMONARY DISEASE,2,152,346.0
18035,IN,RHEUMATOLOGY,1,706,90939.0
18037,IN,CARDIOVASCULAR DISEASE (CARDIOLOGY),4,4837,15091.0
18037,IN,HEMATOLOGY/ONCOLOGY,1,333,2290.0
18037,IN,INTERNAL MEDICINE,8,4897,22257.0
18037,IN,NEUROLOGY,3,1042,16744.0
18037,IN,PSYCHIATRY,6,81,173.0
18037,IN,PULMONARY DISEASE,1,907,3646.0
18039,IN,CARDIOVASCULAR DISEASE (CARDIOLOGY),9,8885,26896.0
18039,IN,ENDOCRINOLOGY,1,83,221.0
18039,IN,HEMATOLOGY/ONCOLOGY,6,1566,288779.0
18039,IN,INTERNAL MEDICINE,28,8753,212884.0
18039,IN,NEUROLOGY,4,1522,39998.0
18039,IN,PSYCHIATRY,11,829,3793.0
18039,IN,PULMONARY DISEASE,4,977,2966.0
18039,IN,RHEUMATOLOGY,2,841,148295.0
18041,IN,INTERNAL MEDICINE,2,41,99.0
18041,IN,PSYCHIATRY,1,18,33.0
18043,IN,CARDIOVASCULAR DISEASE (CARDIOLOGY),3,1226,16745.0
18043,IN,ENDOCRINOLOGY,1,0,0.0
18043,IN,HEMATOLOGY/ONCOLOGY,4,1223,3478.0
18043,IN,INTERNAL MEDICINE,35,6914,55224.0
18043,IN,NEUROLOGY,3,706,1398.0
18043,IN,PSYCHIATRY,1,251,3212.0
18043,IN,PULMONARY DISEASE,1,937,3653.0
18043,IN,RHEUMATOLOGY,4,1023,237328.0
18045,IN,INTERNAL MEDICINE,1,0,0.0
18047,IN,INTERNAL MEDICINE,4,1197,6340.0
18047,IN,PSYCHIATRY,1,23,100.0
18049,IN,CARDIOVASCULAR DISEASE (CARDIOLOGY),4,2701,5615.0
18049,IN,INTERNAL MEDICINE,2,432,1027.0
18051,IN,INTERNAL MEDICINE,4,2048,11403.0
18051,IN,NEUROLOGY,2,1069,6915.0
18051,IN,PULMONARY DISEASE,1,523,714.0
18053,IN,CARDIOVASCULAR DISEASE (CARDIOLOGY),1,486,1225.0
18053,IN,HEMATOLOGY/ONCOLOGY,2,544,1868.0
18053,IN,INTERNAL MEDICINE,4,753,1771.0
18053,IN,PSYCHIATRY,1,58,227.0
18053,IN,PULMONARY DISEASE,2,330,814.0
18055,IN,INTERNAL MEDICINE,5,1865,9341.0
18055,IN,PULMONARY DISEASE,1,473,1321.0
18057,IN,CARDIOVASCULAR DISEASE (CARDIOLOGY),26,27914,101459.0
18057,IN,ENDOCRINOLOGY,6,1545,11161.0
18057,IN,HEMATOLOGY/ONCOLOGY,5,2222,312640.0
18057,IN,INTERNAL MEDICINE,118,24017,124064.0
18057,IN,NEUROLOGY,19,5782,63528.0
18057,IN,PSYCHIATRY,7,1432,4930.0
18057,IN,PULMONARY DISEASE,11,3391,10253.0
18057,IN,RHEUMATOLOGY,3,378,93404.0
18059,IN,CARDIOVASCULAR DISEASE (CARDIOLOGY),1,1386,3622.0
18059,IN,ENDOCRINOLOGY,1,233,52354.0
18059,IN,INTERNAL MEDICINE,15,3702,28300.0
18059,IN,NEUROLOGY,1,596,2466.0
18059,IN,PSYCHIATRY,3,262,1084.0
18059,IN,PULMONARY DISEASE,1,215,570.0
18061,IN,CARDIOVASCULAR DISEASE (CARDIOLOGY),6,7202,16161.0
18061,IN,HEMATOLOGY/ONCOLOGY,1,319,1237.0
18061,IN,INTERNAL MEDICINE,4,1606,3280.0
18061,IN,PSYCHIATRY,2,99,453.0
18063,IN,CARDIOVASCULAR DISEASE (CARDIOLOGY),8,7660,16666.0
18063,IN,ENDOCRINOLOGY,5,1677,66420.0
18063,IN,HEMATOLOGY/ONCOLOGY,2,1038,3516.0
18063,IN,INTERNAL MEDICINE,48,10190,43369.5
18063,IN,NEUROLOGY,11,1631,12296.0
18063,IN,PSYCHIATRY,8,403,2223.0
18063,IN,PULMONARY DISEASE,3,938,2981.0
18063,IN,RHEUMATOLOGY,4,619,3566.0
18065,IN,CARDIOVASCULAR DISEASE (CARDIOLOGY),15,14015,27574.0
18065,IN,INTERNAL MEDICINE,10,1129,2831.0
18065,IN,PSYCHIATRY,1,0,0.0
18065,IN,PULMONARY DISEASE,1,169,375.0
18067,IN,ENDOCRINOLOGY,2,654,4371.0
18067,IN,HEMATOLOGY/ONCOLOGY,4,521,1654.0
18067,IN,INTERNAL MEDICINE,12,4940,22720.0
18067,IN,NEUROLOGY,5,1488,6618.0
18067,IN,PSYCHIATRY,11,545,2477.0
18067,IN,PULMONARY DISEASE,3,1531,4321.0
18069,IN,PULMONARY DISEASE,1,380,916.0
18069,IN,RHEUMATOLOGY,2,859,229874.0
18071,IN,CARDIOVASCULAR DISEASE (CARDIOLOGY),3,2435,4835.0
18071,IN,ENDOCRINOLOGY,1,158,565.0
18071,IN,INTERNAL MEDICINE,6,1280,5369.0
18071,IN,PSYCHIATRY,2,91,603.0
18071,IN,PULMONARY DISEASE,1,337,1017.0
18073,IN,CARDIOVASCULAR DISEASE (CARDIOLOGY),1,1108,5854.0
18073,IN,INTERNAL MEDICINE,2,488,1994.0
18073,IN,NEUROLOGY,5,2110,8626.0
18073,IN,PSYCHIATRY,1,41,169.0
18073,IN,PULMONARY DISEASE,1,808,2607.0
18077,IN,CARDIOVASCULAR DISEASE (CARDIOLOGY),4,2839,11669.0
18077,IN,ENDOCRINOLOGY,2,457,6607.0
18077,IN,HEMATOLOGY/ONCOLOGY,1,433,1776.0
18077,IN,INTERNAL MEDICINE,9,4067,86475.0
18077,IN,NEUROLOGY,2,1122,1587.0
18077,IN,PSYCHIATRY,1,18,57.0
18079,IN,CARDIOVASCULAR DISEASE (CARDIOLOGY),1,24,49.0
18079,IN,INTERNAL MEDICINE,2,169,339.0
18081,IN,CARDIOVASCULAR DISEASE (CARDIOLOGY),2,1314,3263.0
18081,IN,ENDOCRINOLOGY,1,104,507.0
18081,IN,INTERNAL MEDICINE,23,10696,83259.0
18081,IN,NEUROLOGY,3,1188,6892.0
18081,IN,PSYCHIATRY,3,132,914.0
18081,IN,PULMONARY DISEASE,14,6452,37883.0
18081,IN,RHEUMATOLOGY,3,1062,11886.0
18083,IN,HEMATOLOGY/ONCOLOGY,1,133,286.0
18083,IN,INTERNAL MEDICINE,10,1444,3628.0
18083,IN,NEUROLOGY,2,561,886.0
18083,IN,PSYCHIATRY,8,206,942.0
18083,IN,PULMONARY DISEASE,4,1176,2605.0
18085,IN,CARDIOVASCULAR DISEASE (CARDIOLOGY),3,779,2329.0
18085,IN,INTERNAL MEDICINE,4,490,1462.0
18085,IN,NEUROLOGY,1,468,768.0
18085,IN,PULMONARY DISEASE,2,1051,3137.0
18087,IN,INTERNAL MEDICINE,13,5714,15586.0
18089,IN,CARDIOVASCULAR DISEASE (CARDIOLOGY),50,63658,180017.0
18089,IN,ENDOCRINOLOGY,21,8270,29276.0
18089,IN,HEMATOLOGY/ONCOLOGY,31,13841,2649726.0
18089,IN,INTERNAL MEDICINE,102,30296,409218.5
18089,IN,NEUROLOGY,19,5742,34980.0
18089,IN,PSYCHIATRY,38,2502,13383.0
18089,IN,PULMONARY DISEASE,21,12899,215118.0
18089,IN,RHEUMATOLOGY,8,1184,6003.0
18091,IN,CARDIOVASCULAR DISEASE (CARDIOLOGY),3,2473,7904.0
18091,IN,ENDOCRINOLOGY,1,11,20.0
18091,IN,HEMATOLOGY/ONCOLOGY,3,578,1590.0
18091,IN,INTERNAL MEDICINE,22,5087,14414.0
18091,IN,NEUROLOGY,3,857,3318.0
18091,IN,PSYCHIATRY,1,70,328.0
18091,IN,PULMONARY DISEASE,5,2325,7307.0
18091,IN,RHEUMATOLOGY,1,220,1135.0
18093,IN,CARDIOVASCULAR DISEASE (CARDIOLOGY),1,1106,9505.0
18093,IN,INTERNAL MEDICINE,1,45,146.0
18093,IN,PSYCHIATRY,2,97,463.0
18095,IN,CARDIOVASCULAR DISEASE (CARDIOLOGY),7,6079,13969.0
18095,IN,ENDOCRINOLOGY,2,613,9066.0
18095,IN,HEMATOLOGY/ONCOLOGY,1,262,643.0
18095,IN,INTERNAL MEDICINE,13,3280,9991.0
18095,IN,NEUROLOGY,5,2034,58398.0
18095,IN,PSYCHIATRY,2,235,665.0
18095,IN,PULMONARY DISEASE,4,1677,4942.0
18095,IN,RHEUMATOLOGY,2,619,5235.0
18097,IN,CARDIOVASCULAR DISEASE (CARDIOLOGY),115,75451,307137.0
18097,IN,ENDOCRINOLOGY,45,9402,116159.0
18097,IN,HEMATOLOGY/ONCOLOGY,85,11136,1839519.0
18097,IN,INTERNAL MEDICINE,550,101678,14787003.0
18097,IN,NEUROLOGY,122,25519,832522.0
18097,IN,PSYCHIATRY,110,6730,27693.0
18097,IN,PULMONARY DISEASE,110,19061,52294.0
18097,IN,RHEUMATOLOGY,39,8621,890890.0
18099,IN,CARDIOVASCULAR DISEASE (CARDIOLOGY),1,636,2550.0
18099,IN,INTERNAL MEDICINE,7,1701,4539.0
18099,IN,PSYCHIATRY,2,134,480.0
18103,IN,CARDIOVASCULAR DISEASE (CARDIOLOGY),1,623,3695.0
18103,IN,INTERNAL MEDICINE,1,187,520.0
18103,IN,PSYCHIATRY,2,153,521.0
18105,IN,CARDIOVASCULAR DISEASE (CARDIOLOGY),3,3294,5787.0
18105,IN,HEMATOLOGY/ONCOLOGY,2,514,1674.0
18105,IN,INTERNAL MEDICINE,11,3510,32692.0
18105,IN,NEUROLOGY,4,2189,7462.0
18105,IN,PSYCHIATRY,10,133,634.0
18105,IN,PULMONARY DISEASE,1,488,1046.0
18105,IN,RHEUMATOLOGY,1,534,2721.0
18107,IN,CARDIOVASCULAR DISEASE (CARDIOLOGY),1,1060,3082.0
18107,IN,HEMATOLOGY/ONCOLOGY,1,356,812.0
18107,IN,INTERNAL MEDICINE,1,74,166.0
18107,IN,PSYCHIATRY,2,65,414.0
18109,IN,ENDOCRINOLOGY,1,495,3023.0
18109,IN,INTERNAL MEDICINE,6,1842,14273.0
18113,IN,ENDOCRINOLOGY,1,113,492.0
18113,IN,INTERNAL MEDICINE,6,1140,6202.0
18113,IN,PSYCHIATRY,1,62,309.0
18121,IN,CARDIOVASCULAR DISEASE (CARDIOLOGY),1,0,0.0
18123,IN,ENDOCRINOLOGY,1,0,0.0
18123,IN,INTERNAL MEDICINE,1,177,1610.0
18123,IN,PULMONARY DISEASE,1,268,898.0
18125,IN,INTERNAL MEDICINE,1,710,2564.0
18127,IN,CARDIOVASCULAR DISEASE (CARDIOLOGY),8,12168,32753.0
18127,IN,HEMATOLOGY/ONCOLOGY,3,1877,172308.0
18127,IN,INTERNAL MEDICINE,38,9362,60530.0
18127,IN,NEUROLOGY,12,5242,52410.0
18127,IN,PSYCHIATRY,7,465,1645.0
18127,IN,PULMONARY DISEASE,2,494,1509.0
18127,IN,RHEUMATOLOGY,3,573,1673.0
18129,IN,INTERNAL MEDICINE,1,369,2600.0
18131,IN,CARDIOVASCULAR DISEASE (CARDIOLOGY),1,640,2006.0
18133,IN,CARDIOVASCULAR DISEASE (CARDIOLOGY),1,1594,5150.0
18133,IN,INTERNAL MEDICINE,3,388,2307.0
18137,IN,CARDIOVASCULAR DISEASE (CARDIOLOGY),1,745,1562.0
18137,IN,INTERNAL MEDICINE,5,400,1275.0
18137,IN,NEUROLOGY,4,428,1198.0
18137,IN,PSYCHIATRY,1,0,0.0
18137,IN,PULMONARY DISEASE,4,1329,3820.0
18139,IN,CARDIOVASCULAR DISEASE (CARDIOLOGY),3,2167,4859.0
18139,IN,INTERNAL MEDICINE,1,200,455.0
18139,IN,RHEUMATOLOGY,2,267,551.0
18141,IN,CARDIOVASCULAR DISEASE (CARDIOLOGY),10,10396,32138.0
18141,IN,HEMATOLOGY/ONCOLOGY,1,236,615.0
18141,IN,INTERNAL MEDICINE,62,18630,84919.0
18141,IN,NEUROLOGY,12,2853,74340.0
18141,IN,PSYCHIATRY,12,524,2655.0
18141,IN,PULMONARY DISEASE,6,1423,3276.0
18141,IN,RHEUMATOLOGY,4,1813,298057.0
18143,IN,CARDIOVASCULAR DISEASE (CARDIOLOGY),1,0,0.0
18143,IN,ENDOCRINOLOGY,2,733,6128.0
18143,IN,INTERNAL MEDICINE,4,2947,8157.0
18143,IN,NEUROLOGY,1,345,548.0
18145,IN,CARDIOVASCULAR DISEASE (CARDIOLOGY),1,808,1394.0
18145,IN,ENDOCRINOLOGY,1,287,1489.0
18145,IN,INTERNAL MEDICINE,12,2871,9014.0
18145,IN,NEUROLOGY,5,824,26276.0
18145,IN,PSYCHIATRY,3,142,466.0
18145,IN,PULMONARY DISEASE,1,534,1404.0
18149,IN,CARDIOVASCULAR DISEASE (CARDIOLOGY),6,4855,13493.0
18149,IN,INTERNAL MEDICINE,2,309,999.0
18149,IN,PULMONARY DISEASE,1,142,432.0
18151,IN,INTERNAL MEDICINE,1,241,711.0
18151,IN,PSYCHIATRY,3,68,221.0
18153,IN,INTERNAL MEDICINE,1,271,1020.0
18153,IN,PSYCHIATRY,1,27,155.0
18155,IN,INTERNAL MEDICINE,1,370,2049.0
18155,IN,PSYCHIATRY,1,25,100.0
18157,IN,CARDIOVASCULAR DISEASE (CARDIOLOGY),8,9364,17538.0
18157,IN,ENDOCRINOLOGY,1,356,1091.0
18157,IN,HEMATOLOGY/ONCOLOGY,4,2152,29064.0
18157,IN,INTERNAL MEDICINE,6,1301,4618.0
18157,IN,NEUROLOGY,3,1935,14321.0
18157,IN,PSYCHIATRY,9,517,2164.0
18157,IN,PULMONARY DISEASE,2,925,2718.0
18157,IN,RHEUMATOLOGY,1,153,915.0
18159,IN,ENDOCRINOLOGY,1,80,608.0
18163,IN,CARDIOVASCULAR DISEASE (CARDIOLOGY),1,335,703.0
18163,IN,ENDOCRINOLOGY,6,3620,38959.0
18163,IN,INTERNAL MEDICINE,47,11771,47374.0
18163,IN,NEUROLOGY,7,2849,59592.0
18163,IN,PSYCHIATRY,19,855,4500.0
18163,IN,PULMONARY DISEASE,9,3976,12926.0
18163,IN,RHEUMATOLOGY,3,498,1611.0
18165,IN,INTERNAL MEDICINE,1,220,291.0
18167,IN,CARDIOVASCULAR DISEASE (CARDIOLOGY),15,13424,52994.0
18167,IN,ENDOCRINOLOGY,4,799,4488.0
18167,IN,HEMATOLOGY/ONCOLOGY,3,1440,5178.0
18167,IN,INTERNAL MEDICINE,33,13827,154913.0
18167,IN,NEUROLOGY,8,2355,36266.0
18167,IN,PSYCHIATRY,11,940,3608.0
18167,IN,PULMONARY DISEASE,3,3353,14079.0
18167,IN,RHEUMATOLOGY,3,1220,211938.0
18169,IN,CARDIOVASCULAR DISEASE (CARDIOLOGY),6,11415,16892.0
18169,IN,NEUROLOGY,5,1039,2745.0
18169,IN,PSYCHIATRY,3,391,703.0
18169,IN,PULMONARY DISEASE,3,493,1014.0
18171,IN,INTERNAL MEDICINE,2,154,442.0
18173,IN,CARDIOVASCULAR DISEASE (CARDIOLOGY),7,8596,18746.0
18173,IN,ENDOCRINOLOGY,4,832,6365.0
18173,IN,HEMATOLOGY/ONCOLOGY,11,4629,36004.0
18173,IN,INTERNAL MEDICINE,9,2678,14749.0
18173,IN,NEUROLOGY,3,688,17917.0
18173,IN,PULMONARY DISEASE,1,408,1333.0
18175,IN,CARDIOVASCULAR DISEASE (CARDIOLOGY),2,0,0.0
18175,IN,INTERNAL MEDICINE,2,255,437.0
18177,IN,CARDIOVASCULAR DISEASE (CARDIOLOGY),8,12971,35862.0
18177,IN,ENDOCRINOLOGY,1,804,3257.0
18177,IN,HEMATOLOGY/ONCOLOGY,4,1136,8520.0
18177,IN,INTERNAL MEDICINE,32,9829,41357.0
18177,IN,NEUROLOGY,6,2060,82087.0
18177,IN,PSYCHIATRY,9,356,1675.0
18177,IN,PULMONARY DISEASE,1,193,615.0
18179,IN,CARDIOVASCULAR DISEASE (CARDIOLOGY),1,842,1349.0
18179,IN,INTERNAL MEDICINE,4,644,1429.0
18179,IN,PULMONARY DISEASE,1,391,1532.0
18183,IN,INTERNAL MEDICINE,1,110,220.0
19007,IA,CARDIOVASCULAR DISEASE (CARDIOLOGY),15,20978,55883.0
19013,IA,CARDIOVASCULAR DISEASE (CARDIOLOGY),3,3249,8199.0
19013,IA,ENDOCRINOLOGY,1,0,0.0
19013,IA,HEMATOLOGY/ONCOLOGY,3,929,8477.0
19013,IA,INTERNAL MEDICINE,23,5683,20204.0
19013,IA,NEUROLOGY,5,1846,18445.0
19013,IA,PSYCHIATRY,7,460,1526.0
19013,IA,PULMONARY DISEASE,3,1435,3803.0
19015,IA,INTERNAL MEDICINE,1,349,3285.0
19017,IA,INTERNAL MEDICINE,1,0,0.0
19017,IA,PSYCHIATRY,4,414,2034.0
19019,IA,CARDIOVASCULAR DISEASE (CARDIOLOGY),4,7632,25185.0
19019,IA,INTERNAL MEDICINE,1,832,8027.0
19019,IA,NEUROLOGY,1,544,3533.0
19019,IA,RHEUMATOLOGY,1,292,94168.0
19021,IA,NEUROLOGY,1,197,338.0
19027,IA,HEMATOLOGY/ONCOLOGY,1,549,159859.0
19027,IA,PSYCHIATRY,1,51,201.0
19029,IA,INTERNAL MEDICINE,1,0,0.0
19029,IA,NEUROLOGY,1,115,154.0
19029,IA,PSYCHIATRY,1,0,0.0
19029,IA,RHEUMATOLOGY,3,1827,270756.0
19033,IA,CARDIOVASCULAR DISEASE (CARDIOLOGY),14,11436,23608.0
19033,IA,ENDOCRINOLOGY,3,2167,6071.0
19033,IA,HEMATOLOGY/ONCOLOGY,1,0,0.0
19033,IA,INTERNAL MEDICINE,24,6527,18278.0
19033,IA,NEUROLOGY,2,2341,4683.0
19033,IA,PSYCHIATRY,7,735,3747.0
19033,IA,PULMONARY DISEASE,3,821,2167.0
19039,IA,INTERNAL MEDICINE,1,657,1632.0
19039,IA,PSYCHIATRY,1,0,0.0
19041,IA,CARDIOVASCULAR DISEASE (CARDIOLOGY),6,7953,15769.0
19041,IA,HEMATOLOGY/ONCOLOGY,1,509,1751.0
19041,IA,INTERNAL MEDICINE,1,1673,3160.0
19041,IA,PSYCHIATRY,2,49,214.0
19045,IA,CARDIOVASCULAR DISEASE (CARDIOLOGY),2,2991,13559.0
19045,IA,ENDOCRINOLOGY,1,0,0.0
19045,IA,INTERNAL MEDICINE,2,512,2481.0
19045,IA,NEUROLOGY,3,0,0.0
19045,IA,PULMONARY DISEASE,1,466,3779.0
19047,IA,CARDIOVASCULAR DISEASE (CARDIOLOGY),1,1247,2070.0
19049,IA,CARDIOVASCULAR DISEASE (CARDIOLOGY),4,5011,14917.0
19049,IA,INTERNAL MEDICINE,19,5368,81143.0
19049,IA,NEUROLOGY,2,120,186.0
19049,IA,PSYCHIATRY,12,952,4515.0
19049,IA,PULMONARY DISEASE,10,5531,16146.0
19051,IA,INTERNAL MEDICINE,2,81,127.0
19053,IA,CARDIOVASCULAR DISEASE (CARDIOLOGY),1,1164,3370.0
19053,IA,NEUROLOGY,2,404,5214.0
19055,IA,INTERNAL MEDICINE,3,0,0.0
19057,IA,CARDIOVASCULAR DISEASE (CARDIOLOGY),6,3500,11593.0
19057,IA,HEMATOLOGY/ONCOLOGY,2,558,1711.0
19057,IA,INTERNAL MEDICINE,11,5190,12502.0
19057,IA,NEUROLOGY,2,1680,11068.0
19057,IA,PSYCHIATRY,6,367,1912.0
19057,IA,PULMONARY DISEASE,1,760,2726.0
19057,IA,RHEUMATOLOGY,1,171,814.0
19061,IA,CARDIOVASCULAR DISEASE (CARDIOLOGY),5,2853,8300.0
19061,IA,ENDOCRINOLOGY,2,420,4489.0
19061,IA,HEMATOLOGY/ONCOLOGY,2,502,247641.0
19061,IA,INTERNAL MEDICINE,18,4603,99156.0
19061,IA,NEUROLOGY,2,322,1887.0
19061,IA,PSYCHIATRY,5,634,4738.0
19061,IA,PULMONARY DISEASE,2,866,5325.0
19061,IA,RHEUMATOLOGY,2,44,640.0
19065,IA,ENDOCRINOLOGY,1,234,634.0
19065,IA,INTERNAL MEDICINE,1,387,1140.0
19065,IA,PSYCHIATRY,1,120,922.0
19065,IA,PULMONARY DISEASE,1,0,0.0
19073,IA,ENDOCRINOLOGY,1,450,3539.0
19073,IA,INTERNAL MEDICINE,1,30,46.0
19075,IA,INTERNAL MEDICINE,1,14,40.0
19077,IA,INTERNAL MEDICINE,1,11,29.0
19089,IA,INTERNAL MEDICINE,1,18,102.0
19091,IA,PSYCHIATRY,1,0,0.0
19093,IA,INTERNAL MEDICINE,1,0,0.0
19095,IA,HEMATOLOGY/ONCOLOGY,1,33,33.0
19099,IA,INTERNAL MEDICINE,1,705,6570.0
19101,IA,INTERNAL MEDICINE,1,11,12.0
19103,IA,CARDIOVASCULAR DISEASE (CARDIOLOGY),34,21469,32340.0
19103,IA,ENDOCRINOLOGY,20,3864,6162.0
19103,IA,HEMATOLOGY/ONCOLOGY,15,1061,4216.0
19103,IA,INTERNAL MEDICINE,37,7319,35449.0
19103,IA,NEUROLOGY,40,4518,15813.0
19103,IA,PSYCHIATRY,62,3316,13693.0
19103,IA,PULMONARY DISEASE,37,6225,13133.0
19103,IA,RHEUMATOLOGY,12,1525,7932.0
19105,IA,INTERNAL MEDICINE,1,55,111.0
19107,IA,RHEUMATOLOGY,1,0,0.0
19113,IA,CARDIOVASCULAR DISEASE (CARDIOLOGY),13,10916,25195.0
19113,IA,ENDOCRINOLOGY,3,1242,6514.0
19113,IA,HEMATOLOGY/ONCOLOGY,3,1442,411055.0
19113,IA,INTERNAL MEDICINE,36,9008,34900.0
19113,IA,NEUROLOGY,5,2629,54647.0
19113,IA,PSYCHIATRY,25,1558,6705.0
19113,IA,PULMONARY DISEASE,9,4588,13430.0
19113,IA,RHEUMATOLOGY,4,1971,658485.0
19119,IA,CARDIOVASCULAR DISEASE (CARDIOLOGY),1,1083,2487.0
19121,IA,INTERNAL MEDICINE,2,837,1995.0
19121,IA,PSYCHIATRY,1,56,548.0
19121,IA,PULMONARY DISEASE,1,0,0.0
19123,IA,CARDIOVASCULAR DISEASE (CARDIOLOGY),1,86,134.0
19123,IA,HEMATOLOGY/ONCOLOGY,1,251,607.0
19123,IA,INTERNAL MEDICINE,4,476,1981.0
19125,IA,HEMATOLOGY/ONCOLOGY,1,766,227735.0
19125,IA,INTERNAL MEDICINE,8,967,2153.0
19125,IA,PSYCHIATRY,1,79,204.0
19125,IA,PULMONARY DISEASE,4,2408,7044.0
19125,IA,RHEUMATOLOGY,1,0,0.0
19127,IA,PSYCHIATRY,1,63,264.0
19129,IA,PSYCHIATRY,1,0,0.0
19133,IA,CARDIOVASCULAR DISEASE (CARDIOLOGY),2,3813,6732.0
19137,IA,INTERNAL MEDICINE,1,32,56.0
19137,IA,PULMONARY DISEASE,1,766,2295.0
19139,IA,ENDOCRINOLOGY,1,164,519.0
19139,IA,INTERNAL MEDICINE,12,2196,4848.0
19139,IA,PSYCHIATRY,1,119,582.0
19145,IA,CARDIOVASCULAR DISEASE (CARDIOLOGY),2,2262,11899.0
19145,IA,ENDOCRINOLOGY,1,926,2229.0
19145,IA,HEMATOLOGY/ONCOLOGY,1,0,0.0
19145,IA,INTERNAL MEDICINE,3,0,0.0
19147,IA,HEMATOLOGY/ONCOLOGY,1,1118,333972.0
19149,IA,PSYCHIATRY,1,76,303.0
19153,IA,CARDIOVASCULAR DISEASE (CARDIOLOGY),22,26492,74096.0
19153,IA,ENDOCRINOLOGY,6,1601,4336.0
19153,IA,HEMATOLOGY/ONCOLOGY,10,2176,54800.0
19153,IA,INTERNAL MEDICINE,133,33267,223583.0
19153,IA,NEUROLOGY,24,6111,18953.0
19153,IA,PSYCHIATRY,48,1430,6622.0
19153,IA,PULMONARY DISEASE,11,4145,10556.0
19153,IA,RHEUMATOLOGY,10,6425,914557.0
19155,IA,CARDIOVASCULAR DISEASE (CARDIOLOGY),3,3352,14299.0
19155,IA,HEMATOLOGY/ONCOLOGY,1,672,354740.0
19155,IA,INTERNAL MEDICINE,9,2230,25340.0
19155,IA,NEUROLOGY,1,461,3570.0
19155,IA,PSYCHIATRY,3,105,655.0
19155,IA,PULMONARY DISEASE,11,6185,27066.0
19155,IA,RHEUMATOLOGY,2,418,4363.0
19157,IA,INTERNAL MEDICINE,4,969,1790.0
19163,IA,CARDIOVASCULAR DISEASE (CARDIOLOGY),1,0,0.0
19163,IA,ENDOCRINOLOGY,5,2988,57073.0
19163,IA,HEMATOLOGY/ONCOLOGY,5,1769,8635.0
19163,IA,INTERNAL MEDICINE,37,10519,414443.0
19163,IA,NEUROLOGY,7,1677,23570.0
19163,IA,PSYCHIATRY,10,939,3198.0
19163,IA,PULMONARY DISEASE,6,2526,7004.0
19163,IA,RHEUMATOLOGY,5,2007,438303.0
19165,IA,INTERNAL MEDICINE,2,371,2701.0
19165,IA,PSYCHIATRY,1,0,0.0
19165,IA,PULMONARY DISEASE,1,161,340.0
19165,IA,RHEUMATOLOGY,1,512,71506.0
19167,IA,CARDIOVASCULAR DISEASE (CARDIOLOGY),2,3134,8738.0
19167,IA,HEMATOLOGY/ONCOLOGY,1,379,1465.0
19167,IA,NEUROLOGY,1,152,338.0
19167,IA,PULMONARY DISEASE,1,510,1075.0
19169,IA,CARDIOVASCULAR DISEASE (CARDIOLOGY),3,5945,17090.0
19169,IA,ENDOCRINOLOGY,1,525,7356.0
19169,IA,HEMATOLOGY/ONCOLOGY,4,3623,1176379.0
19169,IA,INTERNAL MEDICINE,15,6560,92478.0
19169,IA,NEUROLOGY,3,1482,26200.0
19169,IA,PSYCHIATRY,6,209,793.0
19169,IA,PULMONARY DISEASE,2,914,3367.0
19169,IA,RHEUMATOLOGY,2,944,114377.0
19171,IA,INTERNAL MEDICINE,1,272,717.0
19173,IA,INTERNAL MEDICINE,1,62,283.0
19175,IA,CARDIOVASCULAR DISEASE (CARDIOLOGY),1,0,0.0
19175,IA,INTERNAL MEDICINE,4,240,1398.0
19175,IA,PSYCHIATRY,1,56,280.0
19177,IA,ENDOCRINOLOGY,1,0,0.0
19179,IA,CARDIOVASCULAR DISEASE (CARDIOLOGY),2,1804,7185.0
19179,IA,INTERNAL MEDICINE,9,1799,10867.0
19179,IA,PSYCHIATRY,3,106,958.0
19183,IA,CARDIOVASCULAR DISEASE (CARDIOLOGY),1,17,24.0
19183,IA,INTERNAL MEDICINE,1,0,0.0
19183,IA,NEUROLOGY,1,11,14.0
19183,IA,PULMONARY DISEASE,1,13,21.0
19187,IA,CARDIOVASCULAR DISEASE (CARDIOLOGY),1,246,337.0
19187,IA,INTERNAL MEDICINE,3,943,9956.0
19187,IA,NEUROLOGY,1,0,0.0
19191,IA,HEMATOLOGY/ONCOLOGY,1,268,891.0
19191,IA,PSYCHIATRY,2,223,1915.0
19193,IA,CARDIOVASCULAR DISEASE (CARDIOLOGY),5,3234,9586.0
19193,IA,ENDOCRINOLOGY,1,230,1140.0
19193,IA,HEMATOLOGY/ONCOLOGY,3,3132,611588.0
19193,IA,INTERNAL MEDICINE,13,2227,11844.0
19193,IA,NEUROLOGY,1,338,69451.0
19193,IA,PSYCHIATRY,5,308,1324.0
19193,IA,PULMONARY DISEASE,4,2320,8427.0
19197,IA,INTERNAL MEDICINE,4,654,1435.0
19197,IA,PSYCHIATRY,1,0,0.0
20003,KS,PSYCHIATRY,2,197,459.0
20005,KS,HEMATOLOGY/ONCOLOGY,2,1709,22516.0
20009,KS,CARDIOVASCULAR DISEASE (CARDIOLOGY),1,2168,10510.0
20009,KS,INTERNAL MEDICINE,2,358,1780.0
20009,KS,PSYCHIATRY,1,119,384.0
20011,KS,NEUROLOGY,1,140,731.0
20013,KS,INTERNAL MEDICINE,1,0,0.0
20015,KS,CARDIOVASCULAR DISEASE (CARDIOLOGY),1,801,3523.0
20015,KS,INTERNAL MEDICINE,7,3344,15531.0
20021,KS,INTERNAL MEDICINE,1,35,88.0
20029,KS,INTERNAL MEDICINE,2,808,1620.0
20031,KS,PSYCHIATRY,1,261,6856.0
20035,KS,CARDIOVASCULAR DISEASE (CARDIOLOGY),1,577,2063.0
20035,KS,HEMATOLOGY/ONCOLOGY,1,1413,465501.0
20035,KS,INTERNAL MEDICINE,13,3575,480318.0
20037,KS,CARDIOVASCULAR DISEASE (CARDIOLOGY),5,7031,26061.0
20037,KS,HEMATOLOGY/ONCOLOGY,5,916,2760.0
20037,KS,INTERNAL MEDICINE,7,3725,15216.0
20037,KS,RHEUMATOLOGY,1,203,4010.0
20041,KS,HEMATOLOGY/ONCOLOGY,2,1474,256784.0
20041,KS,RHEUMATOLOGY,1,0,0.0
20043,KS,CARDIOVASCULAR DISEASE (CARDIOLOGY),2,4431,10545.0
20043,KS,ENDOCRINOLOGY,1,1141,3097.0
20043,KS,INTERNAL MEDICINE,1,67,169.0
20043,KS,PULMONARY DISEASE,1,938,2363.0
20045,KS,CARDIOVASCULAR DISEASE (CARDIOLOGY),7,10156,61818.0
20045,KS,ENDOCRINOLOGY,1,640,6328.0
20045,KS,HEMATOLOGY/ONCOLOGY,5,2153,8767.0
20045,KS,INTERNAL MEDICINE,17,5841,70050.0
20045,KS,NEUROLOGY,3,1561,32627.0
20045,KS,PSYCHIATRY,10,536,2677.0
20045,KS,PULMONARY DISEASE,7,1755,9650.0
20045,KS,RHEUMATOLOGY,1,289,5358.0
20051,KS,CARDIOVASCULAR DISEASE (CARDIOLOGY),5,7091,23396.0
20051,KS,HEMATOLOGY/ONCOLOGY,4,651,8250.0
20051,KS,INTERNAL MEDICINE,5,3833,12999.0
20051,KS,PSYCHIATRY,3,215,1187.0
20051,KS,PULMONARY DISEASE,1,1365,5980.0
20053,KS,INTERNAL MEDICINE,1,642,1177.0
20053,KS,RHEUMATOLOGY,1,121,191.0
20055,KS,INTERNAL MEDICINE,1,594,1927.0
20055,KS,PSYCHIATRY,1,31,117.0
20057,KS,CARDIOVASCULAR DISEASE (CARDIOLOGY),2,3008,18312.0
20057,KS,INTERNAL MEDICINE,1,442,3609.0
20057,KS,NEUROLOGY,7,1170,3116.0
20059,KS,CARDIOVASCULAR DISEASE (CARDIOLOGY),6,9398,23326.0
20059,KS,HEMATOLOGY/ONCOLOGY,1,423,1805.0
20059,KS,INTERNAL MEDICINE,5,1217,3105.0
20059,KS,NEUROLOGY,1,116,180.0
20059,KS,PSYCHIATRY,1,0,0.0
20059,KS,RHEUMATOLOGY,1,0,0.0
20061,KS,CARDIOVASCULAR DISEASE (CARDIOLOGY),3,9211,23036.0
20061,KS,INTERNAL MEDICINE,5,1272,6483.0
20061,KS,PSYCHIATRY,1,136,579.0
20071,KS,INTERNAL MEDICINE,1,0,0.0
20077,KS,INTERNAL MEDICINE,1,0,0.0
20079,KS,CARDIOVASCULAR DISEASE (CARDIOLOGY),1,759,2746.0
20079,KS,HEMATOLOGY/ONCOLOGY,1,373,168816.0
20079,KS,INTERNAL MEDICINE,4,2031,7495.0
20079,KS,NEUROLOGY,2,1176,24384.0
20079,KS,PSYCHIATRY,2,43,326.0
20087,KS,CARDIOVASCULAR DISEASE (CARDIOLOGY),1,283,1003.0
20091,KS,CARDIOVASCULAR DISEASE (CARDIOLOGY),74,80757,176111.0
20091,KS,ENDOCRINOLOGY,18,6009,56166.0
20091,KS,HEMATOLOGY/ONCOLOGY,40,10680,43863.0
20091,KS,INTERNAL MEDICINE,150,46580,328505.0
20091,KS,NEUROLOGY,52,12781,116748.0
20091,KS,PSYCHIATRY,49,3229,15074.0
20091,KS,PULMONARY DISEASE,42,14873,43975.0
20091,KS,RHEUMATOLOGY,21,7410,2037402.0
20099,KS,HEMATOLOGY/ONCOLOGY,1,1466,510401.0
20099,KS,INTERNAL MEDICINE,6,1297,3483.0
20103,KS,CARDIOVASCULAR DISEASE (CARDIOLOGY),2,2349,5137.0
20103,KS,ENDOCRINOLOGY,2,1178,5644.0
20103,KS,INTERNAL MEDICINE,9,3614,27303.0
20103,KS,NEUROLOGY,4,1128,7216.0
20103,KS,PSYCHIATRY,2,200,3849.0
20103,KS,PULMONARY DISEASE,3,1587,4774.0
20109,KS,ENDOCRINOLOGY,1,77,259.0
20111,KS,CARDIOVASCULAR DISEASE (CARDIOLOGY),3,383,683.0
20111,KS,INTERNAL MEDICINE,15,4156,34573.0
20113,KS,INTERNAL MEDICINE,1,286,1119.0
20115,KS,CARDIOVASCULAR DISEASE (CARDIOLOGY),1,2175,9132.0
20121,KS,INTERNAL MEDICINE,3,847,1500.0
20121,KS,PSYCHIATRY,7,149,613.0
20123,KS,INTERNAL MEDICINE,1,991,32773.0
20125,KS,CARDIOVASCULAR DISEASE (CARDIOLOGY),3,3279,11524.0
20125,KS,INTERNAL MEDICINE,2,366,819.0
20137,KS,CARDIOVASCULAR DISEASE (CARDIOLOGY),1,2090,7793.0
20137,KS,PULMONARY DISEASE,1,1253,2916.0
20145,KS,PSYCHIATRY,3,96,289.0
20149,KS,INTERNAL MEDICINE,2,116,160.0
20151,KS,CARDIOVASCULAR DISEASE (CARDIOLOGY),2,3387,9024.0
20151,KS,INTERNAL MEDICINE,3,1446,5754.0
20155,KS,CARDIOVASCULAR DISEASE (CARDIOLOGY),3,6010,25706.0
20155,KS,ENDOCRINOLOGY,1,1323,21947.0
20155,KS,HEMATOLOGY/ONCOLOGY,2,1793,222297.0
20155,KS,INTERNAL MEDICINE,11,2585,8566.0
20155,KS,NEUROLOGY,3,531,1351.0
20155,KS,PSYCHIATRY,6,201,541.0
20155,KS,PULMONARY DISEASE,3,2461,32654.0
20155,KS,RHEUMATOLOGY,2,1558,71492.0
20161,KS,CARDIOVASCULAR DISEASE (CARDIOLOGY),8,15836,60976.0
20161,KS,HEMATOLOGY/ONCOLOGY,4,1514,8332.0
20161,KS,INTERNAL MEDICINE,14,7195,49404.0
20161,KS,NEUROLOGY,3,870,28858.0
20161,KS,PSYCHIATRY,3,742,2142.0
20161,KS,PULMONARY DISEASE,4,2054,9447.0
20161,KS,RHEUMATOLOGY,3,3756,115298.0
20163,KS,CARDIOVASCULAR DISEASE (CARDIOLOGY),1,2712,9964.0
20163,KS,INTERNAL MEDICINE,1,265,890.0
20163,KS,NEUROLOGY,2,885,27636.0
20169,KS,CARDIOVASCULAR DISEASE (CARDIOLOGY),3,4991,19623.0
20169,KS,ENDOCRINOLOGY,1,662,4444.0
20169,KS,HEMATOLOGY/ONCOLOGY,1,807,640122.0
20169,KS,INTERNAL MEDICINE,2,1555,20669.0
20169,KS,NEUROLOGY,2,391,1890.0
20169,KS,PSYCHIATRY,5,240,810.0
20169,KS,PULMONARY DISEASE,1,1178,2600.0
20169,KS,RHEUMATOLOGY,1,0,0.0
20173,KS,CARDIOVASCULAR DISEASE (CARDIOLOGY),24,32985,176412.0
20173,KS,ENDOCRINOLOGY,3,2485,33544.0
20173,KS,HEMATOLOGY/ONCOLOGY,8,11851,3724744.0
20173,KS,INTERNAL MEDICINE,126,34904,927114.0
20173,KS,NEUROLOGY,15,6344,109330.0
20173,KS,PSYCHIATRY,31,2704,17830.0
20173,KS,PULMONARY DISEASE,11,11144,78507.0
20173,KS,RHEUMATOLOGY,10,4761,814680.0
20175,KS,INTERNAL MEDICINE,2,1276,7864.0
20177,KS,CARDIOVASCULAR DISEASE (CARDIOLOGY),6,7316,18910.0
20177,KS,ENDOCRINOLOGY,9,5832,26298.0
20177,KS,HEMATOLOGY/ONCOLOGY,4,2108,10880.0
20177,KS,INTERNAL MEDICINE,24,9711,59872.0
20177,KS,NEUROLOGY,7,3884,30195.0
20177,KS,PSYCHIATRY,9,1149,3591.0
20177,KS,PULMONARY DISEASE,11,5669,15843.0
20177,KS,RHEUMATOLOGY,1,1587,3928.0
20181,KS,CARDIOVASCULAR DISEASE (CARDIOLOGY),1,2279,6986.0
20183,KS,CARDIOVASCULAR DISEASE (CARDIOLOGY),2,2572,8200.0
20189,KS,INTERNAL MEDICINE,2,647,1970.0
20191,KS,PSYCHIATRY,2,85,1019.0
20193,KS,NEUROLOGY,1,228,1030.0
20193,KS,PSYCHIATRY,1,84,114.0
20193,KS,RHEUMATOLOGY,1,316,47784.5
20199,KS,HEMATOLOGY/ONCOLOGY,1,622,1837.0
20205,KS,INTERNAL MEDICINE,1,283,754.0
20209,KS,CARDIOVASCULAR DISEASE (CARDIOLOGY),6,2060,4623.0
20209,KS,ENDOCRINOLOGY,4,893,2111.0
20209,KS,HEMATOLOGY/ONCOLOGY,4,968,4332.0
20209,KS,INTERNAL MEDICINE,54,10590,47131.0
20209,KS,NEUROLOGY,42,6354,18598.0
20209,KS,PSYCHIATRY,30,2339,9160.0
20209,KS,PULMONARY DISEASE,15,3519,9937.0
22001,LA,CARDIOVASCULAR DISEASE (CARDIOLOGY),1,1863,8358.0
22001,LA,INTERNAL MEDICINE,21,8200,35665.0
22001,LA,PSYCHIATRY,4,275,1553.0
22001,LA,PULMONARY DISEASE,2,1071,3275.0
22003,LA,CARDIOVASCULAR DISEASE (CARDIOLOGY),2,2530,15838.0
22003,LA,INTERNAL MEDICINE,2,867,2133.0
22005,LA,INTERNAL MEDICINE,32,6299,21711.0
22005,LA,PSYCHIATRY,8,238,722.0
22005,LA,PULMONARY DISEASE,3,945,3279.0
22005,LA,RHEUMATOLOGY,1,163,703.0
22007,LA,CARDIOVASCULAR DISEASE (CARDIOLOGY),2,1233,8953.0
22007,LA,INTERNAL MEDICINE,6,2118,22833.0
22007,LA,PSYCHIATRY,2,15,51.0
22007,LA,PULMONARY DISEASE,1,287,845.0
22009,LA,INTERNAL MEDICINE,5,1014,7659.0
22009,LA,PSYCHIATRY,1,32,115.0
22011,LA,CARDIOVASCULAR DISEASE (CARDIOLOGY),1,173,268.0
22011,LA,INTERNAL MEDICINE,3,145,5838.0
22013,LA,INTERNAL MEDICINE,2,312,1160.0
22015,LA,ENDOCRINOLOGY,3,899,2353.0
22015,LA,HEMATOLOGY/ONCOLOGY,1,98,316.0
22015,LA,INTERNAL MEDICINE,31,10996,63141.0
22015,LA,NEUROLOGY,1,765,8023.0
22015,LA,PULMONARY DISEASE,1,180,408.0
22017,LA,CARDIOVASCULAR DISEASE (CARDIOLOGY),44,36651,136039.0
22017,LA,ENDOCRINOLOGY,5,1167,6525.0
22017,LA,HEMATOLOGY/ONCOLOGY,23,7495,423590.0
22017,LA,INTERNAL MEDICINE,148,37635,267490.0
22017,LA,NEUROLOGY,34,6068,91126.0
22017,LA,PSYCHIATRY,31,1884,7654.0
22017,LA,PULMONARY DISEASE,17,6021,22282.0
22017,LA,RHEUMATOLOGY,9,6201,1118954.0
22019,LA,CARDIOVASCULAR DISEASE (CARDIOLOGY),7,11824,41520.0
22019,LA,HEMATOLOGY/ONCOLOGY,1,222,707.0
22019,LA,INTERNAL MEDICINE,52,14624,104575.0
22019,LA,NEUROLOGY,2,1335,2928.0
22019,LA,PSYCHIATRY,8,458,2174.0
22019,LA,PULMONARY DISEASE,5,3202,15117.0
22019,LA,RHEUMATOLOGY,2,1655,102133.0
22021,LA,INTERNAL MEDICINE,3,645,2107.0
22023,LA,INTERNAL MEDICINE,1,0,0.0
22027,LA,INTERNAL MEDICINE,1,321,2170.0
22029,LA,INTERNAL MEDICINE,1,118,3306.0
22029,LA,PSYCHIATRY,1,146,1141.0
22029,LA,PULMONARY DISEASE,1,229,1391.0
22031,LA,CARDIOVASCULAR DISEASE (CARDIOLOGY),1,2237,4215.0
22031,LA,INTERNAL MEDICINE,2,86,101.0
22031,LA,NEUROLOGY,1,801,13757.0
22033,LA,CARDIOVASCULAR DISEASE (CARDIOLOGY),33,25590,132385.0
22033,LA,ENDOCRINOLOGY,7,1863,29327.0
22033,LA,HEMATOLOGY/ONCOLOGY,21,3652,288480.0
22033,LA,INTERNAL MEDICINE,182,39190,502660.0
22033,LA,NEUROLOGY,21,7615,170300.0
22033,LA,PSYCHIATRY,48,3600,16234.0
22033,LA,PULMONARY DISEASE,11,3267,17308.0
22033,LA,RHEUMATOLOGY,13,2893,245190.0
22035,LA,INTERNAL MEDICINE,1,46,375.0
22039,LA,CARDIOVASCULAR DISEASE (CARDIOLOGY),1,708,2045.0
22039,LA,INTERNAL MEDICINE,6,1620,7717.0
22041,LA,CARDIOVASCULAR DISEASE (CARDIOLOGY),1,325,618.0
22041,LA,ENDOCRINOLOGY,1,44,101.0
22041,LA,INTERNAL MEDICINE,2,1080,55530.0
22041,LA,PSYCHIATRY,3,426,1111.0
22045,LA,CARDIOVASCULAR DISEASE (CARDIOLOGY),2,1467,9329.0
22045,LA,INTERNAL MEDICINE,5,2205,11689.0
22045,LA,PSYCHIATRY,1,0,0.0
22045,LA,PULMONARY DISEASE,1,190,596.0
22049,LA,INTERNAL MEDICINE,4,1014,4664.0
22051,LA,CARDIOVASCULAR DISEASE (CARDIOLOGY),44,16150,38484.0
22051,LA,ENDOCRINOLOGY,17,4438,9362.0
22051,LA,HEMATOLOGY/ONCOLOGY,28,3811,28698.0
22051,LA,INTERNAL MEDICINE,284,30965,137491.5
22051,LA,NEUROLOGY,60,8649,79845.0
22051,LA,PSYCHIATRY,61,2525,10327.0
22051,LA,PULMONARY DISEASE,32,6574,19641.0
22051,LA,RHEUMATOLOGY,9,1887,222891.0
22053,LA,CARDIOVASCULAR DISEASE (CARDIOLOGY),2,934,5864.0
22053,LA,ENDOCRINOLOGY,2,1545,5790.0
22053,LA,INTERNAL MEDICINE,3,1979,35432.5
22055,LA,CARDIOVASCULAR DISEASE (CARDIOLOGY),18,22658,97293.0
22055,LA,ENDOCRINOLOGY,7,3665,49706.0
22055,LA,HEMATOLOGY/ONCOLOGY,11,3861,11242.0
22055,LA,INTERNAL MEDICINE,136,37903,181668.0
22055,LA,NEUROLOGY,19,7535,56968.9
22055,LA,PSYCHIATRY,16,2072,7929.0
22055,LA,PULMONARY DISEASE,22,5998,15799.0
22055,LA,RHEUMATOLOGY,4,1673,366079.0
22057,LA,CARDIOVASCULAR DISEASE (CARDIOLOGY),9,3736,22956.0
22057,LA,ENDOCRINOLOGY,1,632,1883.0
22057,LA,HEMATOLOGY/ONCOLOGY,5,1520,9222.0
22057,LA,INTERNAL MEDICINE,15,4355,116518.0
22057,LA,NEUROLOGY,4,902,8258.0
22057,LA,PSYCHIATRY,6,228,1010.0
22057,LA,PULMONARY DISEASE,5,2264,7394.0
22057,LA,RHEUMATOLOGY,3,928,3368.0
22059,LA,CARDIOVASCULAR DISEASE (CARDIOLOGY),2,2484,9026.0
22059,LA,INTERNAL MEDICINE,1,61,191.0
22059,LA,NEUROLOGY,2,1769,30012.0
22059,LA,PSYCHIATRY,1,344,1235.0
22061,LA,CARDIOVASCULAR DISEASE (CARDIOLOGY),3,1601,8189.0
22061,LA,ENDOCRINOLOGY,1,60,226.0
22061,LA,HEMATOLOGY/ONCOLOGY,1,541,132100.0
22061,LA,INTERNAL MEDICINE,5,1449,10108.0
22061,LA,NEUROLOGY,1,360,1376.0
22061,LA,PSYCHIATRY,2,238,1036.0
22061,LA,PULMONARY DISEASE,1,328,1649.0
22061,LA,RHEUMATOLOGY,1,765,194922.0
22063,LA,CARDIOVASCULAR DISEASE (CARDIOLOGY),4,3931,15748.0
22063,LA,INTERNAL MEDICINE,2,284,1225.0
22063,LA,PSYCHIATRY,1,12,39.0
22065,LA,INTERNAL MEDICINE,2,98,353.0
22065,LA,PSYCHIATRY,2,59,408.0
22069,LA,CARDIOVASCULAR DISEASE (CARDIOLOGY),2,4801,11827.0
22069,LA,HEMATOLOGY/ONCOLOGY,1,299,1685.0
22069,LA,INTERNAL MEDICINE,6,1818,9483.0
22069,LA,PSYCHIATRY,2,27,60.0
22069,LA,PULMONARY DISEASE,1,459,1172.0
22071,LA,CARDIOVASCULAR DISEASE (CARDIOLOGY),33,14580,26882.0
22071,LA,ENDOCRINOLOGY,10,259,507.0
22071,LA,HEMATOLOGY/ONCOLOGY,23,1326,802059.0
22071,LA,INTERNAL MEDICINE,135,10447,34178.0
22071,LA,NEUROLOGY,39,2856,16208.0
22071,LA,PSYCHIATRY,52,905,4241.0
22071,LA,PULMONARY DISEASE,25,2475,13145.0
22071,LA,RHEUMATOLOGY,7,222,1738.0
22073,LA,CARDIOVASCULAR DISEASE (CARDIOLOGY),9,13508,51150.0
22073,LA,ENDOCRINOLOGY,2,1135,4430.0
22073,LA,HEMATOLOGY/ONCOLOGY,3,1750,7873.0
22073,LA,INTERNAL MEDICINE,37,14839,73373.0
22073,LA,NEUROLOGY,1,239,428.0
22073,LA,PSYCHIATRY,7,623,2520.0
22073,LA,PULMONARY DISEASE,7,1852,5954.0
22073,LA,RHEUMATOLOGY,1,1228,412482.0
22075,LA,INTERNAL MEDICINE,2,132,573.0
22077,LA,ENDOCRINOLOGY,2,1833,17875.0
22077,LA,INTERNAL MEDICINE,2,421,3371.0
22077,LA,RHEUMATOLOGY,1,764,81073.0
22079,LA,CARDIOVASCULAR DISEASE (CARDIOLOGY),3,3473,13961.0
22079,LA,HEMATOLOGY/ONCOLOGY,5,1712,403345.0
22079,LA,INTERNAL MEDICINE,36,10060,62919.0
22079,LA,NEUROLOGY,4,2063,7319.0
22079,LA,PSYCHIATRY,10,1654,8575.0
22079,LA,PULMONARY DISEASE,1,48,83.0
22079,LA,RHEUMATOLOGY,3,1894,329536.0
22081,LA,INTERNAL MEDICINE,2,383,1952.0
22083,LA,INTERNAL MEDICINE,1,430,14478.0
22087,LA,INTERNAL MEDICINE,3,137,433.0
22087,LA,NEUROLOGY,1,21,24.0
22089,LA,INTERNAL MEDICINE,10,1600,3809.0
22089,LA,PSYCHIATRY,3,98,460.0
22089,LA,RHEUMATOLOGY,1,61,127.0
22091,LA,CARDIOVASCULAR DISEASE (CARDIOLOGY),1,373,855.0
22091,LA,INTERNAL MEDICINE,1,127,459.0
22093,LA,INTERNAL MEDICINE,2,452,4192.0
22095,LA,ENDOCRINOLOGY,1,207,751.0
22095,LA,INTERNAL MEDICINE,1,134,592.0
22095,LA,PSYCHIATRY,1,0,0.0
22097,LA,CARDIOVASCULAR DISEASE (CARDIOLOGY),1,447,1060.0
22097,LA,HEMATOLOGY/ONCOLOGY,3,1107,248080.0
22097,LA,INTERNAL MEDICINE,9,2659,12529.0
22097,LA,NEUROLOGY,1,289,3846.0
22097,LA,PSYCHIATRY,5,82,183.0
22097,LA,PULMONARY DISEASE,5,1393,5066.0
22099,LA,INTERNAL MEDICINE,2,479,1651.0
22099,LA,PSYCHIATRY,1,121,1126.0
22101,LA,INTERNAL MEDICINE,4,652,6566.0
22103,LA,CARDIOVASCULAR DISEASE (CARDIOLOGY),24,16787,59633.0
22103,LA,ENDOCRINOLOGY,4,1106,2573.0
22103,LA,HEMATOLOGY/ONCOLOGY,12,3763,628335.0
22103,LA,INTERNAL MEDICINE,129,23008,91596.0
22103,LA,NEUROLOGY,24,3741,10249.0
22103,LA,PSYCHIATRY,10,507,2161.0
22103,LA,PULMONARY DISEASE,12,3192,8983.0
22103,LA,RHEUMATOLOGY,4,969,3906.0
22105,LA,CARDIOVASCULAR DISEASE (CARDIOLOGY),7,6919,26583.0
22105,LA,ENDOCRINOLOGY,2,714,2422.0
22105,LA,HEMATOLOGY/ONCOLOGY,2,676,202240.0
22105,LA,INTERNAL MEDICINE,30,4820,23697.0
22105,LA,NEUROLOGY,3,934,1913.0
22105,LA,PSYCHIATRY,5,254,697.0
22105,LA,PULMONARY DISEASE,3,744,2323.0
22105,LA,RHEUMATOLOGY,1,365,1419.0
22109,LA,CARDIOVASCULAR DISEASE (CARDIOLOGY),4,2813,37386.0
22109,LA,ENDOCRINOLOGY,5,813,2093.0
22109,LA,HEMATOLOGY/ONCOLOGY,4,363,865.0
22109,LA,INTERNAL MEDICINE,21,4794,25044.0
22109,LA,NEUROLOGY,4,232,648.0
22109,LA,PSYCHIATRY,4,17,480.0
22109,LA,PULMONARY DISEASE,5,1413,4063.0
22109,LA,RHEUMATOLOGY,2,345,1289.0
22111,LA,INTERNAL MEDICINE,1,270,2000.0
22111,LA,PSYCHIATRY,1,0,0.0
22113,LA,CARDIOVASCULAR DISEASE (CARDIOLOGY),3,3737,17212.0
22113,LA,HEMATOLOGY/ONCOLOGY,1,114,219.0
22113,LA,INTERNAL MEDICINE,9,4196,28256.0
22113,LA,NEUROLOGY,1,263,16187.0
22113,LA,PSYCHIATRY,1,29,302.0
22115,LA,CARDIOVASCULAR DISEASE (CARDIOLOGY),3,2377,19062.0
22115,LA,ENDOCRINOLOGY,1,283,45457.0
22115,LA,HEMATOLOGY/ONCOLOGY,2,1170,193838.0
22115,LA,INTERNAL MEDICINE,6,1052,6469.0
22115,LA,PSYCHIATRY,1,50,262.0
22115,LA,PULMONARY DISEASE,2,632,2228.0
22117,LA,INTERNAL MEDICINE,6,1002,7975.0
22117,LA,PSYCHIATRY,2,48,248.0
22119,LA,CARDIOVASCULAR DISEASE (CARDIOLOGY),2,672,2397.0
22119,LA,ENDOCRINOLOGY,1,361,47292.0
22119,LA,INTERNAL MEDICINE,4,1018,17960.0
22119,LA,PSYCHIATRY,1,332,1570.0
22121,LA,INTERNAL MEDICINE,2,286,1312.0
22123,LA,INTERNAL MEDICINE,2,46,228.0
22127,LA,INTERNAL MEDICINE,2,527,4388.0
23001,ME,CARDIOVASCULAR DISEASE (CARDIOLOGY),4,3179,5819.0
23001,ME,ENDOCRINOLOGY,2,245,628.0
23001,ME,HEMATOLOGY/ONCOLOGY,1,79,346.0
23001,ME,INTERNAL MEDICINE,28,9112,15341.0
23001,ME,NEUROLOGY,3,622,965.0
23001,ME,PSYCHIATRY,12,498,1312.0
23001,ME,PULMONARY DISEASE,7,764,1851.0
23001,ME,RHEUMATOLOGY,2,591,16734.0
23003,ME,CARDIOVASCULAR DISEASE (CARDIOLOGY),4,1747,4398.0
23003,ME,HEMATOLOGY/ONCOLOGY,2,304,775.0
23003,ME,INTERNAL MEDICINE,16,3360,9472.0
23003,ME,PSYCHIATRY,6,163,492.0
23003,ME,PULMONARY DISEASE,2,591,1317.0
23003,ME,RHEUMATOLOGY,1,794,4313.0
23005,ME,CARDIOVASCULAR DISEASE (CARDIOLOGY),51,29424,58392.0
23005,ME,ENDOCRINOLOGY,14,1895,3921.0
23005,ME,HEMATOLOGY/ONCOLOGY,27,3865,922787.0
23005,ME,INTERNAL MEDICINE,197,32187,139766.0
23005,ME,NEUROLOGY,36,5052,18386.0
23005,ME,PSYCHIATRY,82,2188,11701.0
23005,ME,PULMONARY DISEASE,25,5520,12630.0
23005,ME,RHEUMATOLOGY,7,1629,335094.0
23007,ME,CARDIOVASCULAR DISEASE (CARDIOLOGY),10,9193,14509.0
23007,ME,INTERNAL MEDICINE,9,251,464.0
23007,ME,PSYCHIATRY,3,37,139.0
23009,ME,CARDIOVASCULAR DISEASE (CARDIOLOGY),3,3006,6229.0
23009,ME,HEMATOLOGY/ONCOLOGY,2,305,751.0
23009,ME,INTERNAL MEDICINE,13,1128,3531.0
23009,ME,PSYCHIATRY,5,16,140.0
23009,ME,PULMONARY DISEASE,1,0,0.0
23009,ME,RHEUMATOLOGY,1,70,150.0
23011,ME,CARDIOVASCULAR DISEASE (CARDIOLOGY),2,1849,2912.0
23011,ME,HEMATOLOGY/ONCOLOGY,5,999,5002.0
23011,ME,INTERNAL MEDICINE,15,2127,10274.0
23011,ME,NEUROLOGY,3,207,318.0
23011,ME,PSYCHIATRY,13,384,1314.0
23011,ME,PULMONARY DISEASE,2,322,761.0
23011,ME,RHEUMATOLOGY,1,204,393.0
23013,ME,INTERNAL MEDICINE,6,1020,3372.0
23013,ME,PSYCHIATRY,5,135,1098.0
23015,ME,HEMATOLOGY/ONCOLOGY,1,73,164.0
23015,ME,INTERNAL MEDICINE,4,0,0.0
23015,ME,PSYCHIATRY,1,19,29.0
23017,ME,CARDIOVASCULAR DISEASE (CARDIOLOGY),1,730,1202.0
23017,ME,INTERNAL MEDICINE,8,581,1611.0
23017,ME,PSYCHIATRY,1,0,0.0
23019,ME,CARDIOVASCULAR DISEASE (CARDIOLOGY),20,13838,23076.0
23019,ME,ENDOCRINOLOGY,3,539,939.0
23019,ME,HEMATOLOGY/ONCOLOGY,5,417,832.0
23019,ME,INTERNAL MEDICINE,52,7966,55372.0
23019,ME,NEUROLOGY,10,1739,2521.0
23019,ME,PSYCHIATRY,26,844,3230.0
23019,ME,PULMONARY DISEASE,5,1684,4372.0
23019,ME,RHEUMATOLOGY,5,531,707.0
23021,ME,INTERNAL MEDICINE,3,109,294.0
23023,ME,CARDIOVASCULAR DISEASE (CARDIOLOGY),1,204,290.0
23023,ME,ENDOCRINOLOGY,2,707,1311.0
23023,ME,HEMATOLOGY/ONCOLOGY,5,1207,351504.0
23023,ME,INTERNAL MEDICINE,11,4112,11712.0
23023,ME,PSYCHIATRY,1,13,60.0
23025,ME,CARDIOVASCULAR DISEASE (CARDIOLOGY),2,376,587.0
23025,ME,INTERNAL MEDICINE,7,1217,3421.0
23025,ME,NEUROLOGY,1,159,270.0
23025,ME,PSYCHIATRY,1,0,0.0
23027,ME,CARDIOVASCULAR DISEASE (CARDIOLOGY),4,2797,5852.0
23027,ME,INTERNAL MEDICINE,5,0,0.0
23027,ME,NEUROLOGY,1,199,479.0
23027,ME,PULMONARY DISEASE,1,144,264.0
23029,ME,INTERNAL MEDICINE,4,736,2844.0
23029,ME,PSYCHIATRY,2,0,0.0
23031,ME,CARDIOVASCULAR DISEASE (CARDIOLOGY),19,20152,39408.0
23031,ME,ENDOCRINOLOGY,2,402,864.0
23031,ME,INTERNAL MEDICINE,48,8643,31074.0
23031,ME,NEUROLOGY,13,2029,31130.0
23031,ME,PSYCHIATRY,9,319,1718.0
23031,ME,PULMONARY DISEASE,7,2791,6158.0
23031,ME,RHEUMATOLOGY,3,989,260346.0
24001,MD,CARDIOVASCULAR DISEASE (CARDIOLOGY),5,7654,15229.0
24001,MD,ENDOCRINOLOGY,3,714,15857.0
24001,MD,HEMATOLOGY/ONCOLOGY,3,1665,5148.0
24001,MD,INTERNAL MEDICINE,29,10347,34646.0
24001,MD,NEUROLOGY,4,1629,4711.0
24001,MD,PSYCHIATRY,7,456,2629.0
24001,MD,PULMONARY DISEASE,6,1890,6104.0
24003,MD,CARDIOVASCULAR DISEASE (CARDIOLOGY),43,46805,139935.0
24003,MD,ENDOCRINOLOGY,15,8235,116340.0
24003,MD,HEMATOLOGY/ONCOLOGY,8,3872,1198132.0
24003,MD,INTERNAL MEDICINE,235,73703,486330.0
24003,MD,NEUROLOGY,24,10713,362853.0
24003,MD,PSYCHIATRY,42,1961,9985.0
24003,MD,PULMONARY DISEASE,12,4163,11346.0
24003,MD,RHEUMATOLOGY,15,5355,1327946.0
24005,MD,CARDIOVASCULAR DISEASE (CARDIOLOGY),56,61868,201634.0
24005,MD,ENDOCRINOLOGY,11,4548,57886.0
24005,MD,HEMATOLOGY/ONCOLOGY,20,8897,1694226.0
24005,MD,INTERNAL MEDICINE,362,93241,712118.0
24005,MD,NEUROLOGY,32,6988,215343.0
24005,MD,PSYCHIATRY,157,8275,60214.0
24005,MD,PULMONARY DISEASE,22,8666,25403.0
24005,MD,RHEUMATOLOGY,14,4008,791529.0
24009,MD,CARDIOVASCULAR DISEASE (CARDIOLOGY),5,6967,29933.0
24009,MD,ENDOCRINOLOGY,3,1862,23880.0
24009,MD,HEMATOLOGY/ONCOLOGY,2,1292,134257.0
24009,MD,INTERNAL MEDICINE,35,14131,100061.0
24009,MD,NEUROLOGY,1,37,126.0
24009,MD,PSYCHIATRY,5,659,2715.0
24009,MD,PULMONARY DISEASE,1,801,2346.0
24009,MD,RHEUMATOLOGY,1,140,30995.0
24011,MD,INTERNAL MEDICINE,1,99,191.0
24013,MD,CARDIOVASCULAR DISEASE (CARDIOLOGY),9,15919,52548.0
24013,MD,ENDOCRINOLOGY,3,869,6297.0
24013,MD,HEMATOLOGY/ONCOLOGY,2,1851,4047.0
24013,MD,INTERNAL MEDICINE,47,13732,62905.0
24013,MD,NEUROLOGY,9,2696,19865.0
24013,MD,PSYCHIATRY,7,141,1802.0
24013,MD,PULMONARY DISEASE,2,1684,7473.0
24013,MD,RHEUMATOLOGY,3,1826,339134.0
24015,MD,CARDIOVASCULAR DISEASE (CARDIOLOGY),11,12239,35744.0
24015,MD,HEMATOLOGY/ONCOLOGY,5,1830,109587.0
24015,MD,INTERNAL MEDICINE,124,39197,92316.0
24015,MD,NEUROLOGY,23,6725,10075.0
24015,MD,PSYCHIATRY,5,532,2952.0
24015,MD,PULMONARY DISEASE,1,1102,8189.0
24015,MD,RHEUMATOLOGY,1,529,836.0
24017,MD,CARDIOVASCULAR DISEASE (CARDIOLOGY),16,25025,137787.0
24017,MD,ENDOCRINOLOGY,6,2059,14335.0
24017,MD,HEMATOLOGY/ONCOLOGY,3,2427,841883.0
24017,MD,INTERNAL MEDICINE,54,22486,321074.0
24017,MD,NEUROLOGY,20,7658,100154.0
24017,MD,PSYCHIATRY,6,431,2545.0
24017,MD,PULMONARY DISEASE,2,1789,7807.0
24017,MD,RHEUMATOLOGY,2,926,13968.0
24019,MD,CARDIOVASCULAR DISEASE (CARDIOLOGY),2,724,3055.0
24019,MD,ENDOCRINOLOGY,1,552,2284.0
24019,MD,INTERNAL MEDICINE,6,1563,7488.0
24019,MD,PSYCHIATRY,3,512,2498.0
24021,MD,CARDIOVASCULAR DISEASE (CARDIOLOGY),16,26339,88312.1
24021,MD,ENDOCRINOLOGY,7,3816,52205.0
24021,MD,HEMATOLOGY/ONCOLOGY,6,4366,1092365.0
24021,MD,INTERNAL MEDICINE,61,18161,92015.0
24021,MD,NEUROLOGY,11,3844,37351.0
24021,MD,PSYCHIATRY,14,1201,9281.0
24021,MD,PULMONARY DISEASE,6,3105,14444.0
24021,MD,RHEUMATOLOGY,15,11148,1158622.0
24023,MD,CARDIOVASCULAR DISEASE (CARDIOLOGY),1,106,178.0
24023,MD,INTERNAL MEDICINE,6,2155,9830.0
24023,MD,NEUROLOGY,1,857,9042.0
24023,MD,PSYCHIATRY,2,61,252.0
24023,MD,RHEUMATOLOGY,1,1014,245324.0
24025,MD,CARDIOVASCULAR DISEASE (CARDIOLOGY),17,29719,91750.0
24025,MD,ENDOCRINOLOGY,11,3390,46400.0
24025,MD,HEMATOLOGY/ONCOLOGY,11,4841,631400.0
24025,MD,INTERNAL MEDICINE,117,44732,315515.0
24025,MD,NEUROLOGY,12,6570,49610.0
24025,MD,PSYCHIATRY,11,994,4252.0
24025,MD,PULMONARY DISEASE,5,2566,6746.0
24025,MD,RHEUMATOLOGY,8,3661,883325.0
24027,MD,CARDIOVASCULAR DISEASE (CARDIOLOGY),14,25317,60171.0
24027,MD,ENDOCRINOLOGY,6,3014,19450.0
24027,MD,HEMATOLOGY/ONCOLOGY,22,16122,3493445.0
24027,MD,INTERNAL MEDICINE,73,22921,469687.0
24027,MD,NEUROLOGY,23,7426,118237.0
24027,MD,PSYCHIATRY,31,1543,12824.7
24027,MD,PULMONARY DISEASE,4,2234,32644.0
24027,MD,RHEUMATOLOGY,4,1469,270211.0
24029,MD,CARDIOVASCULAR DISEASE (CARDIOLOGY),3,7002,16404.0
24029,MD,INTERNAL MEDICINE,7,4062,7312.0
24029,MD,PSYCHIATRY,1,32,197.0
24029,MD,PULMONARY DISEASE,4,3130,8303.0
24031,MD,CARDIOVASCULAR DISEASE (CARDIOLOGY),58,57173,200986.0
24031,MD,ENDOCRINOLOGY,10,3613,12106.0
24031,MD,HEMATOLOGY/ONCOLOGY,17,9081,2257268.0
24031,MD,INTERNAL MEDICINE,405,101711,614793.0
24031,MD,NEUROLOGY,40,13695,872098.0
24031,MD,PSYCHIATRY,89,8445,41757.0
24031,MD,PULMONARY DISEASE,14,8873,34806.0
24031,MD,RHEUMATOLOGY,16,10805,1464100.0
24033,MD,CARDIOVASCULAR DISEASE (CARDIOLOGY),47,50920,233049.0
24033,MD,ENDOCRINOLOGY,33,12119,77133.0
24033,MD,HEMATOLOGY/ONCOLOGY,10,2082,477586.0
24033,MD,INTERNAL MEDICINE,441,60545,1030159.0
24033,MD,NEUROLOGY,24,7160,35394.0
24033,MD,PSYCHIATRY,44,1137,9658.0
24033,MD,PULMONARY DISEASE,13,4324,26332.0
24033,MD,RHEUMATOLOGY,7,3423,307940.0
24035,MD,CARDIOVASCULAR DISEASE (CARDIOLOGY),1,1866,4968.0
24035,MD,INTERNAL MEDICINE,4,1434,5039.0
24035,MD,PSYCHIATRY,2,205,767.0
24037,MD,CARDIOVASCULAR DISEASE (CARDIOLOGY),3,5578,20027.0
24037,MD,ENDOCRINOLOGY,3,1285,5711.0
24037,MD,HEMATOLOGY/ONCOLOGY,2,482,61495.0
24037,MD,INTERNAL MEDICINE,20,5313,52061.0
24037,MD,NEUROLOGY,6,2626,41169.0
24037,MD,PSYCHIATRY,6,339,1812.0
24037,MD,PULMONARY DISEASE,1,1217,3380.0
24039,MD,INTERNAL MEDICINE,6,855,3260.0
24039,MD,PSYCHIATRY,2,0,0.0
24041,MD,CARDIOVASCULAR DISEASE (CARDIOLOGY),8,11341,28248.0
24041,MD,ENDOCRINOLOGY,4,1597,6745.0
24041,MD,HEMATOLOGY/ONCOLOGY,4,2556,819921.0
24041,MD,INTERNAL MEDICINE,20,8466,318137.0
24041,MD,NEUROLOGY,3,1163,1588.0
24041,MD,PSYCHIATRY,4,365,1962.0
24041,MD,PULMONARY DISEASE,3,1500,3785.0
24043,MD,CARDIOVASCULAR DISEASE (CARDIOLOGY),21,24953,93392.0
24043,MD,ENDOCRINOLOGY,4,1540,6350.0
24043,MD,HEMATOLOGY/ONCOLOGY,7,2202,337615.0
24043,MD,INTERNAL MEDICINE,71,26740,267203.0
24043,MD,NEUROLOGY,19,7357,71128.0
24043,MD,PSYCHIATRY,23,1896,6446.0
24043,MD,PULMONARY DISEASE,5,6608,25829.0
24043,MD,RHEUMATOLOGY,4,2409,410664.0
24045,MD,CARDIOVASCULAR DISEASE (CARDIOLOGY),19,27559,147258.0
24045,MD,ENDOCRINOLOGY,2,1096,8938.0
24045,MD,HEMATOLOGY/ONCOLOGY,4,1637,75555.0
24045,MD,INTERNAL MEDICINE,71,25475,316436.0
24045,MD,NEUROLOGY,9,3406,22284.0
24045,MD,PSYCHIATRY,11,964,6865.0
24045,MD,PULMONARY DISEASE,9,4342,30987.0
24045,MD,RHEUMATOLOGY,6,5014,1077734.0
24047,MD,CARDIOVASCULAR DISEASE (CARDIOLOGY),2,2390,5355.0
24047,MD,INTERNAL MEDICINE,5,5185,23059.0
24047,MD,NEUROLOGY,3,1692,4421.0
24047,MD,PSYCHIATRY,1,19,463.0
24510,MD,CARDIOVASCULAR DISEASE (CARDIOLOGY),91,86587,205166.0
24510,MD,ENDOCRINOLOGY,65,15427,45812.0
24510,MD,HEMATOLOGY/ONCOLOGY,35,5523,352206.0
24510,MD,INTERNAL MEDICINE,533,91854,430567.0
24510,MD,NEUROLOGY,147,20429,66391.0
24510,MD,PSYCHIATRY,145,6116,35803.0
24510,MD,PULMONARY DISEASE,77,16942,252340.0
24510,MD,RHEUMATOLOGY,34,4552,207945.0
25001,MA,CARDIOVASCULAR DISEASE (CARDIOLOGY),30,46937,154413.0
25001,MA,ENDOCRINOLOGY,7,1983,5025.0
25001,MA,HEMATOLOGY/ONCOLOGY,18,5984,648486.0
25001,MA,INTERNAL MEDICINE,127,53067,370401.0
25001,MA,NEUROLOGY,10,4237,39793.0
25001,MA,PSYCHIATRY,23,1997,10440.0
25001,MA,PULMONARY DISEASE,10,3822,10243.0
25001,MA,RHEUMATOLOGY,6,2491,187051.0
25003,MA,CARDIOVASCULAR DISEASE (CARDIOLOGY),11,12416,22655.0
25003,MA,ENDOCRINOLOGY,2,1335,3303.0
25003,MA,HEMATOLOGY/ONCOLOGY,4,2041,7509.0
25003,MA,INTERNAL MEDICINE,54,19030,69036.0
25003,MA,NEUROLOGY,8,2463,4337.0
25003,MA,PSYCHIATRY,25,1288,7972.0
25003,MA,PULMONARY DISEASE,5,3354,7636.0
25003,MA,RHEUMATOLOGY,3,465,1130.0
25005,MA,CARDIOVASCULAR DISEASE (CARDIOLOGY),39,41474,137052.0
25005,MA,ENDOCRINOLOGY,13,7059,53041.0
25005,MA,HEMATOLOGY/ONCOLOGY,13,5628,340052.0
25005,MA,INTERNAL MEDICINE,158,56911,362602.0
25005,MA,NEUROLOGY,21,7266,45126.0
25005,MA,PSYCHIATRY,50,5255,33238.0
25005,MA,PULMONARY DISEASE,27,10361,31307.0
25005,MA,RHEUMATOLOGY,7,3126,149331.0
25007,MA,CARDIOVASCULAR DISEASE (CARDIOLOGY),6,5618,16479.0
25007,MA,ENDOCRINOLOGY,3,2032,12518.0
25007,MA,HEMATOLOGY/ONCOLOGY,1,280,608.0
25007,MA,INTERNAL MEDICINE,19,2942,11485.0
25007,MA,NEUROLOGY,3,822,7130.0
25007,MA,PSYCHIATRY,6,142,1073.0
25007,MA,PULMONARY DISEASE,1,367,1911.0
25007,MA,RHEUMATOLOGY,1,45,102.0
25009,MA,CARDIOVASCULAR DISEASE (CARDIOLOGY),91,123222,238458.0
25009,MA,ENDOCRINOLOGY,28,13533,118885.0
25009,MA,HEMATOLOGY/ONCOLOGY,22,6751,21801.0
25009,MA,INTERNAL MEDICINE,323,107705,521977.0
25009,MA,NEUROLOGY,37,14336,137639.0
25009,MA,PSYCHIATRY,69,4799,26326.0
25009,MA,PULMONARY DISEASE,23,10206,23054.0
25009,MA,RHEUMATOLOGY,8,4213,334775.0
25011,MA,CARDIOVASCULAR DISEASE (CARDIOLOGY),3,2512,4741.0
25011,MA,ENDOCRINOLOGY,1,478,1117.0
25011,MA,HEMATOLOGY/ONCOLOGY,2,888,1849.0
25011,MA,INTERNAL MEDICINE,12,4060,28258.5
25011,MA,NEUROLOGY,2,484,684.0
25011,MA,PSYCHIATRY,6,886,4253.0
25011,MA,PULMONARY DISEASE,1,289,623.0
25011,MA,RHEUMATOLOGY,1,50,375.0
25013,MA,CARDIOVASCULAR DISEASE (CARDIOLOGY),25,33119,61950.0
25013,MA,ENDOCRINOLOGY,15,3990,10837.0
25013,MA,HEMATOLOGY/ONCOLOGY,10,2828,7524.0
25013,MA,INTERNAL MEDICINE,167,37392,165960.0
25013,MA,NEUROLOGY,20,6524,19986.0
25013,MA,PSYCHIATRY,49,2898,18363.0
25013,MA,PULMONARY DISEASE,15,5233,14330.0
25013,MA,RHEUMATOLOGY,7,2704,229367.0
25015,MA,CARDIOVASCULAR DISEASE (CARDIOLOGY),7,19690,42742.0
25015,MA,ENDOCRINOLOGY,6,2774,37242.0
25015,MA,HEMATOLOGY/ONCOLOGY,3,1179,35150.0
25015,MA,INTERNAL MEDICINE,35,13181,49674.0
25015,MA,NEUROLOGY,3,1501,14917.0
25015,MA,PSYCHIATRY,17,1050,10052.0
25015,MA,PULMONARY DISEASE,8,2608,8300.0
25015,MA,RHEUMATOLOGY,4,1023,24500.0
25017,MA,CARDIOVASCULAR DISEASE (CARDIOLOGY),62,77493,188266.0
25017,MA,ENDOCRINOLOGY,37,11179,78079.0
25017,MA,HEMATOLOGY/ONCOLOGY,42,9887,451814.0
25017,MA,INTERNAL MEDICINE,626,149121,894159.5
25017,MA,NEUROLOGY,64,16292,92774.0
25017,MA,PSYCHIATRY,402,11545,74620.0
25017,MA,PULMONARY DISEASE,53,18972,57051.0
25017,MA,RHEUMATOLOGY,19,4149,26192.0
25019,MA,ENDOCRINOLOGY,1,0,0.0
25019,MA,INTERNAL MEDICINE,5,637,1106.0
25019,MA,PSYCHIATRY,1,53,397.0
25021,MA,CARDIOVASCULAR DISEASE (CARDIOLOGY),52,72428,440663.0
25021,MA,ENDOCRINOLOGY,20,10301,196231.0
25021,MA,HEMATOLOGY/ONCOLOGY,24,7593,321237.0
25021,MA,INTERNAL MEDICINE,451,121782,710920.0
25021,MA,NEUROLOGY,70,17540,751665.0
25021,MA,PSYCHIATRY,149,8794,61113.0
25021,MA,PULMONARY DISEASE,14,3965,11918.0
25021,MA,RHEUMATOLOGY,12,3074,178750.0
25023,MA,CARDIOVASCULAR DISEASE (CARDIOLOGY),41,50136,133386.0
25023,MA,ENDOCRINOLOGY,8,4654,44373.0
25023,MA,HEMATOLOGY/ONCOLOGY,10,3435,141972.0
25023,MA,INTERNAL MEDICINE,159,62787,336126.0
25023,MA,NEUROLOGY,24,7332,70504.0
25023,MA,PSYCHIATRY,50,2741,14144.0
25023,MA,PULMONARY DISEASE,19,7735,24189.0
25023,MA,RHEUMATOLOGY,7,3693,337855.0
25025,MA,CARDIOVASCULAR DISEASE (CARDIOLOGY),272,139445,281001.0
25025,MA,ENDOCRINOLOGY,184,29210,80291.0
25025,MA,HEMATOLOGY/ONCOLOGY,195,25276,100312.0
25025,MA,INTERNAL MEDICINE,1369,181201,572856.0
25025,MA,NEUROLOGY,413,48833,332596.0
25025,MA,PSYCHIATRY,434,17673,79477.0
25025,MA,PULMONARY DISEASE,174,26293,61986.0
25025,MA,RHEUMATOLOGY,86,12224,254263.0
25027,MA,CARDIOVASCULAR DISEASE (CARDIOLOGY),41,43877,104799.0
25027,MA,ENDOCRINOLOGY,15,5142,25721.0
25027,MA,HEMATOLOGY/ONCOLOGY,21,4841,351634.0
25027,MA,INTERNAL MEDICINE,357,74715,277668.0
25027,MA,NEUROLOGY,41,12536,155293.0
25027,MA,PSYCHIATRY,105,5889,39903.0
25027,MA,PULMONARY DISEASE,20,10221,27646.0
25027,MA,RHEUMATOLOGY,32,5862,275250.0
26001,MI,PSYCHIATRY,1,0,0.0
26005,MI,ENDOCRINOLOGY,1,169,382.0
26005,MI,INTERNAL MEDICINE,15,1598,6853.0
26005,MI,NEUROLOGY,1,180,375.0
26005,MI,PSYCHIATRY,11,455,1718.0
26005,MI,PULMONARY DISEASE,1,252,526.0
26005,MI,RHEUMATOLOGY,2,250,528.0
26007,MI,CARDIOVASCULAR DISEASE (CARDIOLOGY),5,9131,23145.0
26007,MI,HEMATOLOGY/ONCOLOGY,1,628,3273.0
26007,MI,INTERNAL MEDICINE,9,1720,3865.0
26007,MI,NEUROLOGY,2,0,0.0
26007,MI,PSYCHIATRY,5,586,5299.0
26007,MI,PULMONARY DISEASE,2,1661,5017.0
26009,MI,NEUROLOGY,1,263,483.0
26009,MI,PSYCHIATRY,1,0,0.0
26011,MI,INTERNAL MEDICINE,5,977,2739.0
26011,MI,PSYCHIATRY,3,98,511.0
26013,MI,CARDIOVASCULAR DISEASE (CARDIOLOGY),1,11,25.0
26015,MI,CARDIOVASCULAR DISEASE (CARDIOLOGY),1,190,265.0
26015,MI,INTERNAL MEDICINE,2,516,31233.0
26015,MI,PSYCHIATRY,1,17,64.0
26017,MI,CARDIOVASCULAR DISEASE (CARDIOLOGY),8,5439,20881.0
26017,MI,HEMATOLOGY/ONCOLOGY,3,408,914.0
26017,MI,INTERNAL MEDICINE,27,9633,48014.0
26017,MI,NEUROLOGY,3,695,12447.0
26017,MI,PSYCHIATRY,10,1171,8160.0
26017,MI,PULMONARY DISEASE,3,1034,2925.0
26017,MI,RHEUMATOLOGY,1,124,11248.0
26019,MI,INTERNAL MEDICINE,1,0,0.0
26019,MI,PSYCHIATRY,1,52,150.0
26021,MI,CARDIOVASCULAR DISEASE (CARDIOLOGY),8,3678,10146.0
26021,MI,ENDOCRINOLOGY,4,696,2193.0
26021,MI,HEMATOLOGY/ONCOLOGY,4,1507,3874.0
26021,MI,INTERNAL MEDICINE,46,8957,37183.0
26021,MI,NEUROLOGY,8,1533,3322.0
26021,MI,PSYCHIATRY,10,437,2109.0
26021,MI,PULMONARY DISEASE,8,1263,3301.0
26021,MI,RHEUMATOLOGY,3,816,3645.0
26023,MI,INTERNAL MEDICINE,6,2466,16707.0
26023,MI,PSYCHIATRY,5,101,409.0
26023,MI,RHEUMATOLOGY,1,80,3023.0
26025,MI,CARDIOVASCULAR DISEASE (CARDIOLOGY),7,6808,12245.0
26025,MI,ENDOCRINOLOGY,1,87,148.0
26025,MI,HEMATOLOGY/ONCOLOGY,3,818,54983.0
26025,MI,INTERNAL MEDICINE,49,11850,33338.0
26025,MI,NEUROLOGY,6,925,1874.0
26025,MI,PSYCHIATRY,16,787,5640.0
26025,MI,PULMONARY DISEASE,4,966,3136.0
26025,MI,RHEUMATOLOGY,3,834,3004.0
26027,MI,INTERNAL MEDICINE,4,1244,4308.0
26029,MI,HEMATOLOGY/ONCOLOGY,1,40,102.0
26029,MI,INTERNAL MEDICINE,2,131,401.0
26029,MI,PSYCHIATRY,1,19,38.0
26029,MI,PULMONARY DISEASE,1,167,221.0
26033,MI,ENDOCRINOLOGY,1,184,426.0
26033,MI,HEMATOLOGY/ONCOLOGY,1,125,650.0
26033,MI,INTERNAL MEDICINE,3,99,325.0
26033,MI,PSYCHIATRY,3,100,311.0
26033,MI,PULMONARY DISEASE,1,257,597.0
26037,MI,ENDOCRINOLOGY,1,187,405.0
26037,MI,INTERNAL MEDICINE,9,1837,7808.0
26037,MI,PSYCHIATRY,3,128,377.0
26039,MI,CARDIOVASCULAR DISEASE (CARDIOLOGY),1,1122,1903.0
26039,MI,HEMATOLOGY/ONCOLOGY,2,602,1697.0
26039,MI,INTERNAL MEDICINE,20,4413,11710.0
26041,MI,CARDIOVASCULAR DISEASE (CARDIOLOGY),2,905,1424.0
26041,MI,INTERNAL MEDICINE,2,1233,3974.0
26041,MI,NEUROLOGY,1,208,271.0
26041,MI,PULMONARY DISEASE,1,139,456.0
26043,MI,CARDIOVASCULAR DISEASE (CARDIOLOGY),6,2124,4386.0
26043,MI,HEMATOLOGY/ONCOLOGY,1,125,301.0
26043,MI,INTERNAL MEDICINE,8,1702,3971.0
26043,MI,NEUROLOGY,1,58,153.0
26043,MI,PSYCHIATRY,1,43,118.0
26045,MI,CARDIOVASCULAR DISEASE (CARDIOLOGY),4,3509,8480.0
26045,MI,INTERNAL MEDICINE,17,3554,13666.0
26045,MI,PULMONARY DISEASE,1,135,194.0
26047,MI,CARDIOVASCULAR DISEASE (CARDIOLOGY),1,107,163.0
26047,MI,HEMATOLOGY/ONCOLOGY,2,183,368.0
26047,MI,INTERNAL MEDICINE,6,573,1979.0
26047,MI,NEUROLOGY,3,415,4006.0
26047,MI,PSYCHIATRY,4,94,402.0
26047,MI,PULMONARY DISEASE,2,2579,6431.0
26049,MI,CARDIOVASCULAR DISEASE (CARDIOLOGY),27,16012,56096.0
26049,MI,ENDOCRINOLOGY,3,1764,9098.0
26049,MI,HEMATOLOGY/ONCOLOGY,9,3054,553801.0
26049,MI,INTERNAL MEDICINE,141,27275,202400.0
26049,MI,NEUROLOGY,13,3759,45771.0
26049,MI,PSYCHIATRY,16,1125,9205.0
26049,MI,PULMONARY DISEASE,22,9304,37602.0
26049,MI,RHEUMATOLOGY,4,876,37197.0
26053,MI,INTERNAL MEDICINE,2,285,1866.0
26053,MI,PSYCHIATRY,2,30,92.0
26055,MI,INTERNAL MEDICINE,4,532,1170.0
26055,MI,PSYCHIATRY,3,106,390.0
26055,MI,PULMONARY DISEASE,1,306,759.0
26057,MI,CARDIOVASCULAR DISEASE (CARDIOLOGY),3,5076,9202.0
26057,MI,ENDOCRINOLOGY,1,69,178.0
26057,MI,HEMATOLOGY/ONCOLOGY,2,750,1720.0
26057,MI,INTERNAL MEDICINE,7,1103,8306.0
26057,MI,NEUROLOGY,1,605,2836.0
26057,MI,PSYCHIATRY,4,374,3568.0
26057,MI,PULMONARY DISEASE,1,496,1080.0
26059,MI,CARDIOVASCULAR DISEASE (CARDIOLOGY),1,539,2020.0
26059,MI,INTERNAL MEDICINE,5,919,3384.0
26059,MI,NEUROLOGY,1,194,585.0
26059,MI,PSYCHIATRY,3,337,1503.0
26059,MI,PULMONARY DISEASE,2,1241,2734.0
26061,MI,CARDIOVASCULAR DISEASE (CARDIOLOGY),1,1779,3585.0
26061,MI,INTERNAL MEDICINE,8,2397,4696.0
26061,MI,PSYCHIATRY,4,74,358.0
26061,MI,RHEUMATOLOGY,1,61,112.0
26063,MI,CARDIOVASCULAR DISEASE (CARDIOLOGY),2,1692,5773.0
26063,MI,HEMATOLOGY/ONCOLOGY,1,61,143.0
26063,MI,INTERNAL MEDICINE,8,2058,6131.0
26063,MI,NEUROLOGY,1,0,0.0
26063,MI,PSYCHIATRY,4,266,1473.0
26063,MI,PULMONARY DISEASE,1,394,1255.0
26065,MI,CARDIOVASCULAR DISEASE (CARDIOLOGY),23,21686,41870.0
26065,MI,ENDOCRINOLOGY,7,727,1761.0
26065,MI,HEMATOLOGY/ONCOLOGY,9,1238,2672.0
26065,MI,INTERNAL MEDICINE,112,18457,69403.0
26065,MI,NEUROLOGY,23,2445,11664.0
26065,MI,PSYCHIATRY,51,2469,15723.0
26065,MI,PULMONARY DISEASE,7,2552,6369.0
26065,MI,RHEUMATOLOGY,5,2209,436393.0
26067,MI,INTERNAL MEDICINE,2,0,0.0
26067,MI,PSYCHIATRY,2,39,197.0
26069,MI,INTERNAL MEDICINE,6,1619,3954.0
26069,MI,PSYCHIATRY,1,0,0.0
26071,MI,CARDIOVASCULAR DISEASE (CARDIOLOGY),1,781,2110.0
26071,MI,INTERNAL MEDICINE,1,1768,4076.0
26073,MI,CARDIOVASCULAR DISEASE (CARDIOLOGY),3,2193,4418.0
26073,MI,HEMATOLOGY/ONCOLOGY,1,105,336.0
26073,MI,INTERNAL MEDICINE,14,3381,10901.0
26073,MI,NEUROLOGY,2,213,519.0
26073,MI,PSYCHIATRY,7,321,1364.0
26073,MI,PULMONARY DISEASE,1,208,756.0
26073,MI,RHEUMATOLOGY,1,97,260.0
26075,MI,CARDIOVASCULAR DISEASE (CARDIOLOGY),12,8909,23336.0
26075,MI,ENDOCRINOLOGY,2,695,2199.0
26075,MI,HEMATOLOGY/ONCOLOGY,4,702,3789.0
26075,MI,INTERNAL MEDICINE,49,11914,218500.0
26075,MI,NEUROLOGY,8,2176,5138.0
26075,MI,PSYCHIATRY,20,878,3592.0
26075,MI,RHEUMATOLOGY,1,291,929.0
26077,MI,CARDIOVASCULAR DISEASE (CARDIOLOGY),18,12486,26078.0
26077,MI,ENDOCRINOLOGY,3,692,1426.0
26077,MI,HEMATOLOGY/ONCOLOGY,8,1409,119107.0
26077,MI,INTERNAL MEDICINE,109,20280,105339.0
26077,MI,NEUROLOGY,13,3092,5634.0
26077,MI,PSYCHIATRY,37,1286,6267.0
26077,MI,PULMONARY DISEASE,3,991,2198.0
26077,MI,RHEUMATOLOGY,4,694,2370.0
26079,MI,PULMONARY DISEASE,1,0,0.0
26081,MI,CARDIOVASCULAR DISEASE (CARDIOLOGY),59,36640,98665.0
26081,MI,ENDOCRINOLOGY,13,1850,3880.0
26081,MI,HEMATOLOGY/ONCOLOGY,30,4482,792203.0
26081,MI,INTERNAL MEDICINE,322,44008,435699.0
26081,MI,NEUROLOGY,79,9093,53116.0
26081,MI,PSYCHIATRY,120,5518,19129.0
26081,MI,PULMONARY DISEASE,50,9736,28205.0
26081,MI,RHEUMATOLOGY,14,2482,294987.5
26085,MI,INTERNAL MEDICINE,1,23,36.0
26087,MI,CARDIOVASCULAR DISEASE (CARDIOLOGY),5,2628,8531.0
26087,MI,HEMATOLOGY/ONCOLOGY,1,416,1520.0
26087,MI,INTERNAL MEDICINE,10,4090,26030.0
26087,MI,NEUROLOGY,1,527,7324.0
26087,MI,PSYCHIATRY,5,223,1114.0
26087,MI,PULMONARY DISEASE,6,4157,18238.0
26089,MI,CARDIOVASCULAR DISEASE (CARDIOLOGY),13,15721,30236.0
26089,MI,ENDOCRINOLOGY,3,616,1538.0
26089,MI,HEMATOLOGY/ONCOLOGY,3,693,1697.0
26089,MI,INTERNAL MEDICINE,83,15740,61837.3
26089,MI,NEUROLOGY,13,1817,5461.0
26089,MI,PSYCHIATRY,16,583,2566.0
26089,MI,PULMONARY DISEASE,2,683,1634.0
26089,MI,RHEUMATOLOGY,2,467,1305.0
26091,MI,INTERNAL MEDICINE,10,1833,12018.0
26091,MI,PSYCHIATRY,7,386,2311.0
26091,MI,PULMONARY DISEASE,1,516,1738.0
26093,MI,CARDIOVASCULAR DISEASE (CARDIOLOGY),4,3392,8114.0
26093,MI,ENDOCRINOLOGY,1,387,1156.0
26093,MI,HEMATOLOGY/ONCOLOGY,1,119,304.0
26093,MI,INTERNAL MEDICINE,32,5870,34275.0
26093,MI,NEUROLOGY,10,2436,13741.0
26093,MI,PSYCHIATRY,12,570,10790.0
26093,MI,RHEUMATOLOGY,3,1029,63276.0
26095,MI,INTERNAL MEDICINE,2,0,0.0
26097,MI,INTERNAL MEDICINE,2,247,582.0
26099,MI,CARDIOVASCULAR DISEASE (CARDIOLOGY),51,43533,149418.0
26099,MI,ENDOCRINOLOGY,14,5913,40176.0
26099,MI,HEMATOLOGY/ONCOLOGY,16,5975,599697.0
26099,MI,INTERNAL MEDICINE,234,50527,316085.0
26099,MI,NEUROLOGY,42,12073,97804.0
26099,MI,PSYCHIATRY,54,5237,37010.0
26099,MI,PULMONARY DISEASE,29,9525,37002.0
26099,MI,RHEUMATOLOGY,11,2415,565939.3
26101,MI,INTERNAL MEDICINE,3,677,3597.0
26101,MI,PSYCHIATRY,2,470,655.0
26103,MI,CARDIOVASCULAR DISEASE (CARDIOLOGY),9,4620,9613.0
26103,MI,HEMATOLOGY/ONCOLOGY,1,259,672.0
26103,MI,INTERNAL MEDICINE,14,2216,15899.0
26103,MI,NEUROLOGY,3,284,15192.0
26103,MI,PSYCHIATRY,4,196,955.0
26103,MI,PULMONARY DISEASE,2,432,1396.0
26103,MI,RHEUMATOLOGY,1,71,115.0
26105,MI,HEMATOLOGY/ONCOLOGY,4,558,1447.0
26105,MI,INTERNAL MEDICINE,3,0,0.0
26105,MI,PSYCHIATRY,1,33,110.0
26107,MI,INTERNAL MEDICINE,3,547,2702.0
26109,MI,PSYCHIATRY,1,0,0.0
26111,MI,CARDIOVASCULAR DISEASE (CARDIOLOGY),3,5560,10049.0
26111,MI,ENDOCRINOLOGY,2,579,1786.0
26111,MI,HEMATOLOGY/ONCOLOGY,2,434,1617.0
26111,MI,INTERNAL MEDICINE,7,1091,4029.0
26111,MI,NEUROLOGY,4,1495,2431.0
26111,MI,PSYCHIATRY,5,268,960.0
26113,MI,INTERNAL MEDICINE,1,42,79.0
26115,MI,ENDOCRINOLOGY,1,798,3131.0
26115,MI,INTERNAL MEDICINE,17,4532,25107.0
26115,MI,NEUROLOGY,3,1047,25443.0
26115,MI,PSYCHIATRY,3,68,196.0
26115,MI,PULMONARY DISEASE,1,1405,4531.0
26117,MI,CARDIOVASCULAR DISEASE (CARDIOLOGY),2,1073,2940.0
26117,MI,INTERNAL MEDICINE,5,643,6017.5
26117,MI,PSYCHIATRY,2,47,195.0
26119,MI,INTERNAL MEDICINE,2,130,352.0
26121,MI,CARDIOVASCULAR DISEASE (CARDIOLOGY),11,9491,18918.0
26121,MI,ENDOCRINOLOGY,3,462,1051.0
26121,MI,HEMATOLOGY/ONCOLOGY,3,248,72886.0
26121,MI,INTERNAL MEDICINE,33,4112,10836.0
26121,MI,NEUROLOGY,7,812,2464.0
26121,MI,PSYCHIATRY,14,419,2039.0
26121,MI,PULMONARY DISEASE,7,1186,2950.0
26123,MI,INTERNAL MEDICINE,2,174,389.0
26123,MI,PSYCHIATRY,6,41,134.0
26125,MI,CARDIOVASCULAR DISEASE (CARDIOLOGY),108,84783,278739.0
26125,MI,ENDOCRINOLOGY,35,13337,49286.0
26125,MI,HEMATOLOGY/ONCOLOGY,35,14140,2487676.0
26125,MI,INTERNAL MEDICINE,646,144076,1134205.5
26125,MI,NEUROLOGY,82,23992,734182.0
26125,MI,PSYCHIATRY,156,10661,99978.0
26125,MI,PULMONARY DISEASE,47,22455,79316.0
26125,MI,RHEUMATOLOGY,21,5457,643873.0
26129,MI,CARDIOVASCULAR DISEASE (CARDIOLOGY),2,2029,3847.0
26129,MI,HEMATOLOGY/ONCOLOGY,1,264,1154.0
26129,MI,INTERNAL MEDICINE,1,0,0.0
26133,MI,INTERNAL MEDICINE,2,92,127.0
26137,MI,HEMATOLOGY/ONCOLOGY,1,233,585.0
26137,MI,INTERNAL MEDICINE,4,918,2265.0
26137,MI,RHEUMATOLOGY,1,108,844.0
26139,MI,HEMATOLOGY/ONCOLOGY,7,2688,838581.0
26139,MI,INTERNAL MEDICINE,22,3986,11092.0
26139,MI,NEUROLOGY,4,651,3807.0
26139,MI,PSYCHIATRY,3,59,215.0
26139,MI,RHEUMATOLOGY,1,91,146.0
26141,MI,INTERNAL MEDICINE,1,72,193.0
26141,MI,PSYCHIATRY,3,93,317.0
26143,MI,CARDIOVASCULAR DISEASE (CARDIOLOGY),1,935,2618.0
26143,MI,INTERNAL MEDICINE,1,262,780.0
26145,MI,CARDIOVASCULAR DISEASE (CARDIOLOGY),15,9748,27298.0
26145,MI,ENDOCRINOLOGY,5,1114,4415.0
26145,MI,HEMATOLOGY/ONCOLOGY,6,1919,170424.0
26145,MI,INTERNAL MEDICINE,92,17880,84651.0
26145,MI,NEUROLOGY,12,2819,10751.0
26145,MI,PSYCHIATRY,17,747,2405.0
26145,MI,PULMONARY DISEASE,11,1832,4955.0
26145,MI,RHEUMATOLOGY,4,991,28348.0
26147,MI,CARDIOVASCULAR DISEASE (CARDIOLOGY),6,6886,28789.0
26147,MI,ENDOCRINOLOGY,1,334,1172.0
26147,MI,HEMATOLOGY/ONCOLOGY,4,1813,168081.0
26147,MI,INTERNAL MEDICINE,35,9404,215489.0
26147,MI,NEUROLOGY,9,2375,45432.0
26147,MI,PSYCHIATRY,13,505,2852.0
26147,MI,PULMONARY DISEASE,3,2188,8019.0
26147,MI,RHEUMATOLOGY,1,330,121581.0
26149,MI,CARDIOVASCULAR DISEASE (CARDIOLOGY),1,1049,1793.0
26149,MI,HEMATOLOGY/ONCOLOGY,1,50,99.0
26149,MI,INTERNAL MEDICINE,4,1086,8403.0
26149,MI,PSYCHIATRY,2,58,193.0
26151,MI,CARDIOVASCULAR DISEASE (CARDIOLOGY),2,1568,3962.0
26151,MI,HEMATOLOGY/ONCOLOGY,1,226,1276.0
26151,MI,INTERNAL MEDICINE,5,382,2307.0
26151,MI,PSYCHIATRY,2,44,106.0
26153,MI,CARDIOVASCULAR DISEASE (CARDIOLOGY),1,0,0.0
26155,MI,HEMATOLOGY/ONCOLOGY,1,286,880.0
26155,MI,INTERNAL MEDICINE,14,2112,9247.0
26155,MI,NEUROLOGY,10,1349,6578.0
26155,MI,PSYCHIATRY,4,138,566.0
26155,MI,PULMONARY DISEASE,2,564,1821.0
26155,MI,RHEUMATOLOGY,1,202,471.0
26157,MI,INTERNAL MEDICINE,10,1932,19604.0
26157,MI,NEUROLOGY,1,19,1642.0
26157,MI,PSYCHIATRY,8,118,439.0
26159,MI,INTERNAL MEDICINE,6,108,136.0
26159,MI,PSYCHIATRY,4,382,1029.0
26161,MI,CARDIOVASCULAR DISEASE (CARDIOLOGY),37,23508,37554.0
26161,MI,ENDOCRINOLOGY,54,6073,20457.0
26161,MI,HEMATOLOGY/ONCOLOGY,24,2212,8487.0
26161,MI,INTERNAL MEDICINE,405,55603,217102.0
26161,MI,NEUROLOGY,98,9073,20587.0
26161,MI,PSYCHIATRY,105,2688,11721.0
26161,MI,PULMONARY DISEASE,65,10873,27529.0
26161,MI,RHEUMATOLOGY,35,3262,13066.0
26163,MI,CARDIOVASCULAR DISEASE (CARDIOLOGY),170,81559,246340.0
26163,MI,ENDOCRINOLOGY,28,6962,38012.0
26163,MI,HEMATOLOGY/ONCOLOGY,55,7111,28630.0
26163,MI,INTERNAL MEDICINE,665,107689,698369.0
26163,MI,NEUROLOGY,102,13749,141736.0
26163,MI,PSYCHIATRY,150,8028,42190.0
26163,MI,PULMONARY DISEASE,62,13932,51574.0
26163,MI,RHEUMATOLOGY,15,2507,83150.0
26165,MI,INTERNAL MEDICINE,3,584,1425.0
26165,MI,PSYCHIATRY,1,47,171.0
26165,MI,PULMONARY DISEASE,1,318,777.0
27001,MN,INTERNAL MEDICINE,6,814,2428.0
27003,MN,CARDIOVASCULAR DISEASE (CARDIOLOGY),12,6696,13001.0
27003,MN,ENDOCRINOLOGY,5,1862,37730.0
27003,MN,HEMATOLOGY/ONCOLOGY,6,604,2391.0
27003,MN,INTERNAL MEDICINE,47,13972,157003.0
27003,MN,NEUROLOGY,9,2245,79907.0
27003,MN,PSYCHIATRY,13,196,733.0
27003,MN,PULMONARY DISEASE,3,500,1755.0
27003,MN,RHEUMATOLOGY,7,560,40252.0
27005,MN,CARDIOVASCULAR DISEASE (CARDIOLOGY),3,5242,10807.0
27005,MN,INTERNAL MEDICINE,7,2012,12773.0
27005,MN,NEUROLOGY,1,493,801.0
27005,MN,PSYCHIATRY,3,227,960.0
27007,MN,CARDIOVASCULAR DISEASE (CARDIOLOGY),6,2831,5578.0
27007,MN,ENDOCRINOLOGY,1,270,1964.0
27007,MN,HEMATOLOGY/ONCOLOGY,2,491,2529.0
27007,MN,INTERNAL MEDICINE,10,1178,4205.0
27007,MN,NEUROLOGY,2,47,69.0
27007,MN,PSYCHIATRY,5,110,640.0
27007,MN,PULMONARY DISEASE,2,635,1290.0
27007,MN,RHEUMATOLOGY,2,67,83.0
27011,MN,PSYCHIATRY,1,0,0.0
27013,MN,CARDIOVASCULAR DISEASE (CARDIOLOGY),37,44362,86211.0
27013,MN,ENDOCRINOLOGY,1,268,649.0
27013,MN,HEMATOLOGY/ONCOLOGY,5,1378,197075.0
27013,MN,INTERNAL MEDICINE,28,22011,64813.0
27013,MN,NEUROLOGY,10,2290,58403.0
27013,MN,PSYCHIATRY,16,1553,22790.0
27013,MN,PULMONARY DISEASE,4,637,1498.0
27015,MN,CARDIOVASCULAR DISEASE (CARDIOLOGY),2,577,1121.0
27015,MN,HEMATOLOGY/ONCOLOGY,1,421,3935.0
27015,MN,INTERNAL MEDICINE,6,1542,4453.0
27015,MN,NEUROLOGY,2,253,334.0
27015,MN,PSYCHIATRY,3,104,559.0
27015,MN,PULMONARY DISEASE,1,238,651.0
27015,MN,RHEUMATOLOGY,1,0,0.0
27017,MN,HEMATOLOGY/ONCOLOGY,1,110,238.0
27017,MN,INTERNAL MEDICINE,3,231,1343.0
27019,MN,CARDIOVASCULAR DISEASE (CARDIOLOGY),13,10707,36027.0
27019,MN,ENDOCRINOLOGY,1,220,800.0
27019,MN,INTERNAL MEDICINE,28,6280,34378.0
27019,MN,PSYCHIATRY,5,233,1173.0
27019,MN,PULMONARY DISEASE,2,588,1644.0
27019,MN,RHEUMATOLOGY,1,217,371.0
27021,MN,CARDIOVASCULAR DISEASE (CARDIOLOGY),1,833,1494.0
27021,MN,INTERNAL MEDICINE,1,67,445.0
27023,MN,INTERNAL MEDICINE,1,0,0.0
27025,MN,CARDIOVASCULAR DISEASE (CARDIOLOGY),2,1675,3422.0
27025,MN,INTERNAL MEDICINE,5,1007,6805.0
27025,MN,PULMONARY DISEASE,1,48,83.0
27025,MN,RHEUMATOLOGY,2,171,1162.0
27027,MN,ENDOCRINOLOGY,1,317,3952.0
27027,MN,INTERNAL MEDICINE,1,576,1660.0
27027,MN,PSYCHIATRY,6,534,2067.0
27029,MN,CARDIOVASCULAR DISEASE (CARDIOLOGY),1,28,48.0
27029,MN,INTERNAL MEDICINE,2,143,446.0
27029,MN,PSYCHIATRY,1,0,0.0
27031,MN,INTERNAL MEDICINE,1,0,0.0
27035,MN,CARDIOVASCULAR DISEASE (CARDIOLOGY),7,3639,6660.0
27035,MN,ENDOCRINOLOGY,2,213,622.0
27035,MN,HEMATOLOGY/ONCOLOGY,3,450,972.0
27035,MN,INTERNAL MEDICINE,18,4746,18646.0
27035,MN,NEUROLOGY,5,829,1641.0
27035,MN,PSYCHIATRY,3,323,2705.0
27035,MN,PULMONARY DISEASE,3,816,2793.0
27035,MN,RHEUMATOLOGY,1,105,127.0
27037,MN,CARDIOVASCULAR DISEASE (CARDIOLOGY),36,25734,51472.0
27037,MN,ENDOCRINOLOGY,11,3057,55102.0
27037,MN,HEMATOLOGY/ONCOLOGY,10,2125,218431.0
27037,MN,INTERNAL MEDICINE,127,29380,214023.0
27037,MN,NEUROLOGY,15,2471,41883.0
27037,MN,PSYCHIATRY,37,2617,19487.0
27037,MN,PULMONARY DISEASE,8,1073,8306.0
27037,MN,RHEUMATOLOGY,13,3811,626317.0
27041,MN,CARDIOVASCULAR DISEASE (CARDIOLOGY),1,101,153.0
27041,MN,HEMATOLOGY/ONCOLOGY,3,715,4234.0
27041,MN,INTERNAL MEDICINE,6,1952,6512.0
27045,MN,CARDIOVASCULAR DISEASE (CARDIOLOGY),11,4545,7571.0
27047,MN,INTERNAL MEDICINE,2,384,1163.0
27047,MN,PSYCHIATRY,2,51,352.0
27049,MN,INTERNAL MEDICINE,1,81,235.0
27049,MN,PSYCHIATRY,1,0,0.0
27051,MN,INTERNAL MEDICINE,1,17,425.0
27053,MN,CARDIOVASCULAR DISEASE (CARDIOLOGY),77,36035,76040.0
27053,MN,ENDOCRINOLOGY,28,4111,68818.0
27053,MN,HEMATOLOGY/ONCOLOGY,82,9817,1333543.0
27053,MN,INTERNAL MEDICINE,654,88642,728012.0
27053,MN,NEUROLOGY,104,17080,752728.0
27053,MN,PSYCHIATRY,181,6892,36602.0
27053,MN,PULMONARY DISEASE,42,7131,39709.0
27053,MN,RHEUMATOLOGY,24,5062,811617.0
27055,MN,INTERNAL MEDICINE,1,355,5275.0
27057,MN,INTERNAL MEDICINE,5,2783,9126.0
27057,MN,PSYCHIATRY,1,0,0.0
27059,MN,CARDIOVASCULAR DISEASE (CARDIOLOGY),1,435,6244.0
27059,MN,INTERNAL MEDICINE,2,382,1034.0
27059,MN,PSYCHIATRY,7,236,1162.0
27061,MN,CARDIOVASCULAR DISEASE (CARDIOLOGY),7,1329,2895.0
27061,MN,HEMATOLOGY/ONCOLOGY,1,89,277.0
27061,MN,INTERNAL MEDICINE,13,3610,8211.0
27061,MN,NEUROLOGY,1,133,277.0
27061,MN,PSYCHIATRY,4,271,971.0
27061,MN,RHEUMATOLOGY,1,205,843.0
27067,MN,CARDIOVASCULAR DISEASE (CARDIOLOGY),4,4099,7332.0
27067,MN,HEMATOLOGY/ONCOLOGY,2,290,569.0
27067,MN,INTERNAL MEDICINE,10,3036,24369.0
27067,MN,NEUROLOGY,1,334,767.0
27067,MN,PSYCHIATRY,2,78,553.0
27067,MN,PULMONARY DISEASE,1,318,792.0
27069,MN,INTERNAL MEDICINE,1,13,44.0
27075,MN,HEMATOLOGY/ONCOLOGY,1,196,1075.0
27079,MN,CARDIOVASCULAR DISEASE (CARDIOLOGY),1,994,4705.0
27081,MN,ENDOCRINOLOGY,1,153,333.0
27081,MN,INTERNAL MEDICINE,1,75,194.0
27083,MN,CARDIOVASCULAR DISEASE (CARDIOLOGY),1,0,0.0
27083,MN,INTERNAL MEDICINE,3,823,1633.0
27083,MN,NEUROLOGY,1,156,264.0
27083,MN,PSYCHIATRY,2,55,320.0
27085,MN,CARDIOVASCULAR DISEASE (CARDIOLOGY),5,5444,8146.0
27085,MN,ENDOCRINOLOGY,2,320,10346.0
27085,MN,HEMATOLOGY/ONCOLOGY,3,472,68611.0
27085,MN,INTERNAL MEDICINE,5,1043,115727.0
27085,MN,PSYCHIATRY,5,177,614.0
27085,MN,PULMONARY DISEASE,2,622,4069.0
27085,MN,RHEUMATOLOGY,1,106,2077.0
27087,MN,INTERNAL MEDICINE,1,81,783.0
27091,MN,INTERNAL MEDICINE,1,294,1411.0
27093,MN,INTERNAL MEDICINE,1,0,0.0
27095,MN,HEMATOLOGY/ONCOLOGY,1,0,0.0
27095,MN,INTERNAL MEDICINE,1,0,0.0
27097,MN,INTERNAL MEDICINE,2,53,110.0
27099,MN,CARDIOVASCULAR DISEASE (CARDIOLOGY),8,7947,12111.0
27099,MN,ENDOCRINOLOGY,2,285,605.0
27099,MN,INTERNAL MEDICINE,9,1745,5576.0
27099,MN,NEUROLOGY,3,1104,3017.0
27099,MN,PSYCHIATRY,2,154,679.0
27099,MN,PULMONARY DISEASE,3,2069,4790.0
27103,MN,INTERNAL MEDICINE,1,170,366.0
27105,MN,HEMATOLOGY/ONCOLOGY,1,316,1044.0
27105,MN,INTERNAL MEDICINE,9,2566,52479.0
27109,MN,CARDIOVASCULAR DISEASE (CARDIOLOGY),132,35058,62864.0
27109,MN,ENDOCRINOLOGY,47,7641,22309.0
27109,MN,HEMATOLOGY/ONCOLOGY,43,2897,139568.0
27109,MN,INTERNAL MEDICINE,290,28239,205767.0
27109,MN,NEUROLOGY,152,17613,229390.0
27109,MN,PSYCHIATRY,87,4288,13486.0
27109,MN,PULMONARY DISEASE,98,20627,46881.0
27109,MN,RHEUMATOLOGY,26,2985,27553.0
27111,MN,CARDIOVASCULAR DISEASE (CARDIOLOGY),2,5972,10792.0
27111,MN,HEMATOLOGY/ONCOLOGY,6,1414,31799.0
27111,MN,INTERNAL MEDICINE,4,799,3652.0
27111,MN,NEUROLOGY,1,85,124.0
27111,MN,PSYCHIATRY,3,286,978.0
27113,MN,HEMATOLOGY/ONCOLOGY,1,316,1069.0
27113,MN,INTERNAL MEDICINE,4,458,1005.0
27113,MN,PSYCHIATRY,1,207,819.0
27119,MN,INTERNAL MEDICINE,3,114,199.0
27119,MN,PSYCHIATRY,1,140,761.0
27121,MN,CARDIOVASCULAR DISEASE (CARDIOLOGY),1,197,230.0
27121,MN,INTERNAL MEDICINE,2,959,1628.0
27121,MN,NEUROLOGY,1,162,342.0
27123,MN,CARDIOVASCULAR DISEASE (CARDIOLOGY),23,11931,25645.0
27123,MN,ENDOCRINOLOGY,11,2394,30507.0
27123,MN,HEMATOLOGY/ONCOLOGY,14,2394,13871.0
27123,MN,INTERNAL MEDICINE,208,32572,169846.0
27123,MN,NEUROLOGY,43,5401,55236.0
27123,MN,PSYCHIATRY,74,3671,18585.0
27123,MN,PULMONARY DISEASE,26,4245,15364.0
27123,MN,RHEUMATOLOGY,4,231,1377.0
27127,MN,INTERNAL MEDICINE,9,2515,5395.0
27129,MN,CARDIOVASCULAR DISEASE (CARDIOLOGY),4,6329,9251.0
27129,MN,INTERNAL MEDICINE,25,3342,7508.0
27131,MN,CARDIOVASCULAR DISEASE (CARDIOLOGY),10,8320,45044.0
27131,MN,INTERNAL MEDICINE,8,1849,7508.0
27131,MN,NEUROLOGY,1,331,715.0
27131,MN,PSYCHIATRY,2,41,177.0
27135,MN,INTERNAL MEDICINE,1,90,239.0
27137,MN,CARDIOVASCULAR DISEASE (CARDIOLOGY),15,9429,16595.0
27137,MN,ENDOCRINOLOGY,11,1446,6614.0
27137,MN,HEMATOLOGY/ONCOLOGY,11,1661,35894.0
27137,MN,INTERNAL MEDICINE,35,5450,20547.0
27137,MN,NEUROLOGY,15,2257,6852.0
27137,MN,PSYCHIATRY,23,927,6305.0
27137,MN,PULMONARY DISEASE,9,1682,3970.0
27137,MN,RHEUMATOLOGY,4,1408,2652.0
27139,MN,CARDIOVASCULAR DISEASE (CARDIOLOGY),1,288,663.0
27139,MN,HEMATOLOGY/ONCOLOGY,1,89,358.0
27139,MN,INTERNAL MEDICINE,14,2248,35042.0
27139,MN,NEUROLOGY,3,757,19124.0
27139,MN,PSYCHIATRY,2,102,643.0
27139,MN,PULMONARY DISEASE,2,635,5320.0
27141,MN,INTERNAL MEDICINE,3,892,5271.0
27145,MN,CARDIOVASCULAR DISEASE (CARDIOLOGY),8,8271,16883.0
27145,MN,ENDOCRINOLOGY,5,2199,61923.0
27145,MN,HEMATOLOGY/ONCOLOGY,4,1541,6350.0
27145,MN,INTERNAL MEDICINE,66,19452,86288.0
27145,MN,NEUROLOGY,13,2385,128600.0
27145,MN,PSYCHIATRY,19,1135,5554.0
27145,MN,PULMONARY DISEASE,5,510,1412.0
27145,MN,RHEUMATOLOGY,1,298,848.0
27147,MN,HEMATOLOGY/ONCOLOGY,1,280,1040.0
27147,MN,NEUROLOGY,1,0,0.0
27147,MN,PSYCHIATRY,2,26,121.0
27153,MN,ENDOCRINOLOGY,1,0,0.0
27153,MN,INTERNAL MEDICINE,1,0,0.0
27153,MN,PSYCHIATRY,1,0,0.0
27153,MN,RHEUMATOLOGY,2,0,0.0
27155,MN,HEMATOLOGY/ONCOLOGY,1,379,2420.0
27157,MN,CARDIOVASCULAR DISEASE (CARDIOLOGY),1,1225,2088.0
27157,MN,HEMATOLOGY/ONCOLOGY,1,208,1383.0
27159,MN,PSYCHIATRY,1,0,0.0
27163,MN,CARDIOVASCULAR DISEASE (CARDIOLOGY),7,5411,11532.0
27163,MN,ENDOCRINOLOGY,2,256,2965.0
27163,MN,HEMATOLOGY/ONCOLOGY,6,1128,246044.0
27163,MN,INTERNAL MEDICINE,47,8755,77653.0
27163,MN,NEUROLOGY,15,1925,34493.0
27163,MN,PSYCHIATRY,17,428,2070.0
27163,MN,PULMONARY DISEASE,5,1221,5915.0
27163,MN,RHEUMATOLOGY,1,145,346.0
27169,MN,CARDIOVASCULAR DISEASE (CARDIOLOGY),5,3200,5009.0
27169,MN,HEMATOLOGY/ONCOLOGY,3,300,874.0
27169,MN,INTERNAL MEDICINE,8,2384,5857.0
27169,MN,NEUROLOGY,2,372,479.0
27169,MN,PULMONARY DISEASE,2,530,999.0
27171,MN,CARDIOVASCULAR DISEASE (CARDIOLOGY),6,7914,46065.0
27171,MN,ENDOCRINOLOGY,10,3555,80100.0
27171,MN,INTERNAL MEDICINE,105,23355,238964.0
27171,MN,NEUROLOGY,1,483,12597.0
27171,MN,PSYCHIATRY,26,1330,8520.0
27171,MN,PULMONARY DISEASE,9,2160,11759.0
27171,MN,RHEUMATOLOGY,5,1024,63048.0
27173,MN,INTERNAL MEDICINE,1,22,51.0
28001,MS,CARDIOVASCULAR DISEASE (CARDIOLOGY),1,709,6418.0
28001,MS,HEMATOLOGY/ONCOLOGY,1,526,147308.0
28001,MS,INTERNAL MEDICINE,6,2919,98989.0
28003,MS,CARDIOVASCULAR DISEASE (CARDIOLOGY),4,5093,29310.0
28003,MS,HEMATOLOGY/ONCOLOGY,1,0,0.0
28003,MS,INTERNAL MEDICINE,15,6711,46495.0
28003,MS,NEUROLOGY,3,2196,91404.0
28003,MS,PSYCHIATRY,2,926,7607.0
28003,MS,PULMONARY DISEASE,1,1190,14342.0
28005,MS,CARDIOVASCULAR DISEASE (CARDIOLOGY),1,1003,3414.0
28005,MS,INTERNAL MEDICINE,2,212,1193.0
28007,MS,INTERNAL MEDICINE,1,576,759.0
28009,MS,INTERNAL MEDICINE,3,2491,5994.0
28011,MS,INTERNAL MEDICINE,4,2018,44944.0
28017,MS,INTERNAL MEDICINE,1,0,0.0
28025,MS,INTERNAL MEDICINE,3,1089,3205.0
28027,MS,INTERNAL MEDICINE,3,285,1042.0
28029,MS,INTERNAL MEDICINE,1,0,0.0
28031,MS,PSYCHIATRY,2,82,523.0
28033,MS,CARDIOVASCULAR DISEASE (CARDIOLOGY),10,13358,45838.0
28033,MS,ENDOCRINOLOGY,2,813,2382.0
28033,MS,HEMATOLOGY/ONCOLOGY,4,3026,428489.0
28033,MS,INTERNAL MEDICINE,19,9134,47885.0
28033,MS,NEUROLOGY,6,2341,66602.0
28033,MS,PSYCHIATRY,2,228,2598.0
28033,MS,PULMONARY DISEASE,3,1601,6020.0
28033,MS,RHEUMATOLOGY,1,224,64915.0
28035,MS,CARDIOVASCULAR DISEASE (CARDIOLOGY),2,54,56.0
28035,MS,ENDOCRINOLOGY,3,1703,4549.0
28035,MS,HEMATOLOGY/ONCOLOGY,4,2131,721206.0
28035,MS,INTERNAL MEDICINE,22,8332,37168.0
28035,MS,NEUROLOGY,7,4341,747939.0
28035,MS,PSYCHIATRY,1,99,460.0
28035,MS,PULMONARY DISEASE,9,5304,40376.0
28035,MS,RHEUMATOLOGY,4,2988,633174.0
28039,MS,CARDIOVASCULAR DISEASE (CARDIOLOGY),1,1023,3576.0
28039,MS,INTERNAL MEDICINE,2,494,702.0
28043,MS,CARDIOVASCULAR DISEASE (CARDIOLOGY),1,927,2964.0
28043,MS,HEMATOLOGY/ONCOLOGY,2,765,3049.0
28043,MS,INTERNAL MEDICINE,9,3811,19344.0
28043,MS,NEUROLOGY,1,314,864.0
28045,MS,CARDIOVASCULAR DISEASE (CARDIOLOGY),3,2110,5820.0
28045,MS,INTERNAL MEDICINE,5,763,4332.0
28045,MS,NEUROLOGY,1,259,345.0
28047,MS,CARDIOVASCULAR DISEASE (CARDIOLOGY),15,18023,76645.0
28047,MS,ENDOCRINOLOGY,3,1090,2898.0
28047,MS,HEMATOLOGY/ONCOLOGY,4,2200,8460.0
28047,MS,INTERNAL MEDICINE,64,19682,122869.0
28047,MS,NEUROLOGY,8,4065,22461.0
28047,MS,PSYCHIATRY,6,220,1110.0
28047,MS,PULMONARY DISEASE,9,3558,10438.0
28047,MS,RHEUMATOLOGY,2,456,1582.0
28049,MS,CARDIOVASCULAR DISEASE (CARDIOLOGY),25,23236,150397.0
28049,MS,ENDOCRINOLOGY,19,6913,78998.0
28049,MS,HEMATOLOGY/ONCOLOGY,16,9434,2408767.0
28049,MS,INTERNAL MEDICINE,130,33725,361084.0
28049,MS,NEUROLOGY,28,6785,538262.0
28049,MS,PSYCHIATRY,14,1599,7484.0
28049,MS,PULMONARY DISEASE,14,8219,39940.0
28049,MS,RHEUMATOLOGY,7,3031,167488.0
28053,MS,INTERNAL MEDICINE,2,417,1223.0
28059,MS,CARDIOVASCULAR DISEASE (CARDIOLOGY),6,6833,34986.0
28059,MS,ENDOCRINOLOGY,2,402,869.0
28059,MS,HEMATOLOGY/ONCOLOGY,5,872,3497.0
28059,MS,INTERNAL MEDICINE,24,7444,34121.0
28059,MS,NEUROLOGY,5,870,2300.0
28059,MS,PSYCHIATRY,6,355,1879.0
28059,MS,PULMONARY DISEASE,4,997,2942.0
28059,MS,RHEUMATOLOGY,3,927,2400.0
28061,MS,INTERNAL MEDICINE,1,0,0.0
28065,MS,HEMATOLOGY/ONCOLOGY,1,519,136161.0
28065,MS,INTERNAL MEDICINE,3,557,5440.0
28067,MS,CARDIOVASCULAR DISEASE (CARDIOLOGY),4,5432,23233.0
28067,MS,HEMATOLOGY/ONCOLOGY,2,1114,176422.0
28067,MS,INTERNAL MEDICINE,16,3924,36644.0
28067,MS,NEUROLOGY,7,2529,31111.0
28067,MS,PSYCHIATRY,2,103,298.0
28069,MS,INTERNAL MEDICINE,1,38,116.0
28071,MS,CARDIOVASCULAR DISEASE (CARDIOLOGY),4,8878,38084.0
28071,MS,ENDOCRINOLOGY,1,36,69.0
28071,MS,HEMATOLOGY/ONCOLOGY,3,1515,6000.0
28071,MS,INTERNAL MEDICINE,27,12924,171829.0
28071,MS,NEUROLOGY,3,1669,67534.0
28071,MS,PSYCHIATRY,4,285,1230.0
28071,MS,PULMONARY DISEASE,4,1876,4971.0
28071,MS,RHEUMATOLOGY,2,1120,3878.0
28073,MS,CARDIOVASCULAR DISEASE (CARDIOLOGY),2,1075,4501.0
28073,MS,ENDOCRINOLOGY,1,1776,4204.0
28073,MS,HEMATOLOGY/ONCOLOGY,1,969,416086.0
28073,MS,INTERNAL MEDICINE,5,1242,6393.0
28073,MS,NEUROLOGY,2,1062,266437.0
28073,MS,PSYCHIATRY,11,308,1312.0
28073,MS,PULMONARY DISEASE,2,552,1623.0
28073,MS,RHEUMATOLOGY,2,961,162208.1
28075,MS,CARDIOVASCULAR DISEASE (CARDIOLOGY),2,1583,3772.0
28075,MS,ENDOCRINOLOGY,1,327,1562.0
28075,MS,HEMATOLOGY/ONCOLOGY,2,860,404726.0
28075,MS,INTERNAL MEDICINE,29,8995,43928.0
28075,MS,NEUROLOGY,1,550,889.0
28075,MS,PSYCHIATRY,8,1212,5455.0
28075,MS,PULMONARY DISEASE,5,2427,10212.0
28077,MS,INTERNAL MEDICINE,2,307,959.0
28079,MS,CARDIOVASCULAR DISEASE (CARDIOLOGY),6,10276,24547.0
28079,MS,INTERNAL MEDICINE,1,380,6882.0
28081,MS,CARDIOVASCULAR DISEASE (CARDIOLOGY),8,24530,133996.0
28081,MS,ENDOCRINOLOGY,2,2521,34811.0
28081,MS,HEMATOLOGY/ONCOLOGY,2,1456,3621.0
28081,MS,INTERNAL MEDICINE,30,12880,120133.0
28081,MS,NEUROLOGY,9,2462,6980.0
28081,MS,PSYCHIATRY,11,873,4025.0
28081,MS,PULMONARY DISEASE,1,15,19.0
28081,MS,RHEUMATOLOGY,2,2238,7316.0
28083,MS,HEMATOLOGY/ONCOLOGY,1,348,121463.0
28083,MS,INTERNAL MEDICINE,3,474,8089.0
28083,MS,NEUROLOGY,1,257,508.0
28083,MS,PULMONARY DISEASE,1,418,915.0
28085,MS,CARDIOVASCULAR DISEASE (CARDIOLOGY),2,4107,41173.0
28085,MS,INTERNAL MEDICINE,7,3108,18058.0
28085,MS,PSYCHIATRY,1,61,236.0
28087,MS,CARDIOVASCULAR DISEASE (CARDIOLOGY),1,1317,4855.0
28087,MS,ENDOCRINOLOGY,7,3013,23818.0
28087,MS,HEMATOLOGY/ONCOLOGY,3,1157,4019.0
28087,MS,INTERNAL MEDICINE,26,11152,59590.0
28087,MS,PSYCHIATRY,2,382,1287.0
28087,MS,PULMONARY DISEASE,4,1566,4937.0
28087,MS,RHEUMATOLOGY,1,233,853.0
28089,MS,CARDIOVASCULAR DISEASE (CARDIOLOGY),1,130,1674.0
28089,MS,ENDOCRINOLOGY,2,442,6610.0
28089,MS,HEMATOLOGY/ONCOLOGY,1,117,332.0
28089,MS,INTERNAL MEDICINE,23,7471,82754.0
28089,MS,NEUROLOGY,9,5018,68711.0
28089,MS,PSYCHIATRY,7,550,3771.0
28089,MS,PULMONARY DISEASE,2,718,2063.0
28089,MS,RHEUMATOLOGY,1,590,9739.0
28091,MS,INTERNAL MEDICINE,3,1147,5011.0
28093,MS,INTERNAL MEDICINE,1,519,3416.0
28095,MS,CARDIOVASCULAR DISEASE (CARDIOLOGY),1,372,595.0
28095,MS,ENDOCRINOLOGY,1,79,413.0
28095,MS,INTERNAL MEDICINE,4,970,7859.0
28095,MS,PULMONARY DISEASE,5,3623,11453.0
28099,MS,CARDIOVASCULAR DISEASE (CARDIOLOGY),2,1909,4137.0
28099,MS,INTERNAL MEDICINE,5,506,1014.0
28099,MS,NEUROLOGY,2,590,2217.0
28099,MS,PSYCHIATRY,1,28,453.0
28103,MS,INTERNAL MEDICINE,1,157,462.0
28105,MS,CARDIOVASCULAR DISEASE (CARDIOLOGY),2,1991,6239.0
28105,MS,HEMATOLOGY/ONCOLOGY,3,1094,2649.0
28105,MS,INTERNAL MEDICINE,3,1373,3729.0
28105,MS,PSYCHIATRY,2,219,856.0
28105,MS,PULMONARY DISEASE,5,4513,12908.0
28107,MS,INTERNAL MEDICINE,3,214,365.0
28107,MS,PULMONARY DISEASE,1,856,2849.5
28109,MS,CARDIOVASCULAR DISEASE (CARDIOLOGY),5,4105,14515.0
28109,MS,INTERNAL MEDICINE,3,1211,6181.0
28111,MS,INTERNAL MEDICINE,1,53,118.0
28113,MS,INTERNAL MEDICINE,5,1439,5709.0
28113,MS,NEUROLOGY,1,493,902.0
28113,MS,PSYCHIATRY,1,374,1842.0
28113,MS,PULMONARY DISEASE,1,474,2126.0
28115,MS,INTERNAL MEDICINE,1,19,124.0
28117,MS,INTERNAL MEDICINE,8,5339,49388.0
28117,MS,NEUROLOGY,2,435,456.0
28117,MS,PSYCHIATRY,1,0,0.0
28117,MS,PULMONARY DISEASE,1,661,2051.0
28121,MS,CARDIOVASCULAR DISEASE (CARDIOLOGY),3,1100,2940.0
28121,MS,ENDOCRINOLOGY,2,903,38961.0
28121,MS,INTERNAL MEDICINE,20,6108,260963.0
28121,MS,NEUROLOGY,5,993,3658.0
28121,MS,PSYCHIATRY,16,724,3107.0
28121,MS,PULMONARY DISEASE,1,2063,3804.0
28121,MS,RHEUMATOLOGY,2,1320,399594.0
28123,MS,INTERNAL MEDICINE,4,347,1412.0
28127,MS,INTERNAL MEDICINE,1,0,0.0
28129,MS,INTERNAL MEDICINE,1,0,0.0
28131,MS,INTERNAL MEDICINE,1,33,41.0
28133,MS,CARDIOVASCULAR DISEASE (CARDIOLOGY),2,1683,5133.0
28133,MS,INTERNAL MEDICINE,2,101,458.0
28135,MS,PSYCHIATRY,1,166,805.0
28137,MS,CARDIOVASCULAR DISEASE (CARDIOLOGY),1,460,5816.0
28137,MS,INTERNAL MEDICINE,4,574,2029.0
28139,MS,ENDOCRINOLOGY,1,428,2209.0
28139,MS,INTERNAL MEDICINE,2,35,59.0
28139,MS,PSYCHIATRY,1,120,342.0
28139,MS,PULMONARY DISEASE,1,1521,8859.0
28141,MS,INTERNAL MEDICINE,3,1936,29023.0
28145,MS,CARDIOVASCULAR DISEASE (CARDIOLOGY),2,1468,23450.0
28145,MS,HEMATOLOGY/ONCOLOGY,4,1516,5906.0
28145,MS,INTERNAL MEDICINE,9,3487,43715.0
28147,MS,CARDIOVASCULAR DISEASE (CARDIOLOGY),1,3837,8581.0
28147,MS,INTERNAL MEDICINE,4,1065,2196.0
28149,MS,CARDIOVASCULAR DISEASE (CARDIOLOGY),1,1489,15339.0
28149,MS,INTERNAL MEDICINE,11,3752,41663.0
28149,MS,PSYCHIATRY,2,261,508.0
28149,MS,PULMONARY DISEASE,3,618,1642.0
28149,MS,RHEUMATOLOGY,1,559,64396.0
28151,MS,CARDIOVASCULAR DISEASE (CARDIOLOGY),3,3401,32611.0
28151,MS,HEMATOLOGY/ONCOLOGY,2,574,7854.0
28151,MS,INTERNAL MEDICINE,5,2677,48631.0
28151,MS,NEUROLOGY,1,356,1010.0
28151,MS,PSYCHIATRY,1,345,4601.0
28151,MS,PULMONARY DISEASE,1,0,0.0
28151,MS,RHEUMATOLOGY,1,281,7209.0
28153,MS,INTERNAL MEDICINE,2,198,896.0
28157,MS,CARDIOVASCULAR DISEASE (CARDIOLOGY),1,720,3225.0
28163,MS,INTERNAL MEDICINE,2,276,1007.0
29001,MO,INTERNAL MEDICINE,6,1431,13272.0
29001,MO,PSYCHIATRY,3,116,467.0
29007,MO,INTERNAL MEDICINE,3,1079,7755.0
29007,MO,PSYCHIATRY,1,0,0.0
29007,MO,RHEUMATOLOGY,1,294,2189.0
29009,MO,HEMATOLOGY/ONCOLOGY,2,906,326179.0
29009,MO,INTERNAL MEDICINE,5,1429,3574.0
29009,MO,PSYCHIATRY,2,0,0.0
29011,MO,HEMATOLOGY/ONCOLOGY,1,106,183.0
29011,MO,INTERNAL MEDICINE,2,152,317.0
29011,MO,NEUROLOGY,1,57,80.0
29013,MO,CARDIOVASCULAR DISEASE (CARDIOLOGY),1,1091,3029.0
29015,MO,INTERNAL MEDICINE,1,0,0.0
29017,MO,INTERNAL MEDICINE,1,172,1329.0
29019,MO,CARDIOVASCULAR DISEASE (CARDIOLOGY),7,12323,41221.0
29019,MO,ENDOCRINOLOGY,3,970,5234.0
29019,MO,HEMATOLOGY/ONCOLOGY,6,5602,1351024.0
29019,MO,INTERNAL MEDICINE,31,6774,20955.0
29019,MO,NEUROLOGY,7,1216,31987.0
29019,MO,PSYCHIATRY,37,1689,4860.0
29019,MO,PULMONARY DISEASE,8,3742,38694.0
29019,MO,RHEUMATOLOGY,2,385,880.0
29021,MO,CARDIOVASCULAR DISEASE (CARDIOLOGY),7,7933,15892.0
29021,MO,INTERNAL MEDICINE,26,8420,34471.0
29021,MO,NEUROLOGY,7,2285,11820.0
29021,MO,PSYCHIATRY,8,501,2113.0
29021,MO,PULMONARY DISEASE,6,3693,14522.0
29021,MO,RHEUMATOLOGY,1,1367,2020.0
29023,MO,CARDIOVASCULAR DISEASE (CARDIOLOGY),2,1394,4050.0
29023,MO,HEMATOLOGY/ONCOLOGY,1,0,0.0
29023,MO,INTERNAL MEDICINE,9,2312,4723.0
29023,MO,PSYCHIATRY,4,330,1165.0
29023,MO,PULMONARY DISEASE,1,683,1741.0
29023,MO,RHEUMATOLOGY,2,274,1377.0
29027,MO,INTERNAL MEDICINE,1,211,686.0
29027,MO,PSYCHIATRY,7,131,524.0
29029,MO,CARDIOVASCULAR DISEASE (CARDIOLOGY),3,3851,13810.0
29029,MO,HEMATOLOGY/ONCOLOGY,1,288,627.0
29029,MO,INTERNAL MEDICINE,9,2200,5032.0
29029,MO,NEUROLOGY,3,1106,2458.0
29029,MO,PSYCHIATRY,3,77,224.0
29029,MO,PULMONARY DISEASE,1,542,2230.0
29031,MO,CARDIOVASCULAR DISEASE (CARDIOLOGY),3,3056,6553.0
29031,MO,ENDOCRINOLOGY,1,545,2570.0
29031,MO,INTERNAL MEDICINE,44,12400,40205.0
29031,MO,NEUROLOGY,6,1980,34265.0
29031,MO,PSYCHIATRY,2,101,357.0
29031,MO,PULMONARY DISEASE,6,2672,8538.0
29031,MO,RHEUMATOLOGY,2,981,4632.0
29033,MO,CARDIOVASCULAR DISEASE (CARDIOLOGY),3,3003,6966.0
29033,MO,HEMATOLOGY/ONCOLOGY,1,378,976.0
29033,MO,INTERNAL MEDICINE,1,145,364.0
29033,MO,PSYCHIATRY,1,24,82.0
29033,MO,PULMONARY DISEASE,1,647,5902.0
29035,MO,INTERNAL MEDICINE,1,265,1361.0
29037,MO,CARDIOVASCULAR DISEASE (CARDIOLOGY),2,2387,5166.0
29037,MO,HEMATOLOGY/ONCOLOGY,1,132,168.0
29037,MO,INTERNAL MEDICINE,6,1749,11962.5
29037,MO,PSYCHIATRY,12,1495,5590.0
29039,MO,INTERNAL MEDICINE,2,344,962.0
29039,MO,PSYCHIATRY,2,21,48.0
29041,MO,PSYCHIATRY,1,14,59.0
29043,MO,CARDIOVASCULAR DISEASE (CARDIOLOGY),1,492,5407.0
29043,MO,INTERNAL MEDICINE,1,332,2051.0
29043,MO,NEUROLOGY,3,692,1439.0
29047,MO,CARDIOVASCULAR DISEASE (CARDIOLOGY),14,22335,50769.0
29047,MO,ENDOCRINOLOGY,5,1871,16375.0
29047,MO,HEMATOLOGY/ONCOLOGY,1,458,1196.0
29047,MO,INTERNAL MEDICINE,33,9308,70266.0
29047,MO,NEUROLOGY,7,2594,28305.0
29047,MO,PSYCHIATRY,24,1848,4966.0
29047,MO,PULMONARY DISEASE,14,6486,39893.0
29047,MO,RHEUMATOLOGY,2,323,1887.0
29049,MO,INTERNAL MEDICINE,1,995,2735.0
29051,MO,CARDIOVASCULAR DISEASE (CARDIOLOGY),3,2650,5731.0
29051,MO,ENDOCRINOLOGY,3,1956,12135.0
29051,MO,HEMATOLOGY/ONCOLOGY,4,1699,308512.0
29051,MO,INTERNAL MEDICINE,17,3414,25722.0
29051,MO,PSYCHIATRY,10,410,1526.0
29051,MO,PULMONARY DISEASE,3,1425,15016.0
29051,MO,RHEUMATOLOGY,2,1042,243481.0
29055,MO,INTERNAL MEDICINE,3,140,513.0
29063,MO,CARDIOVASCULAR DISEASE (CARDIOLOGY),1,1213,4191.0
29063,MO,INTERNAL MEDICINE,4,946,2998.0
29063,MO,PSYCHIATRY,4,155,734.0
29065,MO,INTERNAL MEDICINE,1,177,779.0
29069,MO,INTERNAL MEDICINE,1,403,8473.0
29069,MO,PSYCHIATRY,1,71,314.0
29071,MO,CARDIOVASCULAR DISEASE (CARDIOLOGY),6,5672,14766.0
29071,MO,INTERNAL MEDICINE,21,3458,11399.0
29071,MO,NEUROLOGY,1,133,240.0
29071,MO,PSYCHIATRY,2,88,346.0
29071,MO,PULMONARY DISEASE,1,582,1665.0
29077,MO,CARDIOVASCULAR DISEASE (CARDIOLOGY),6,5420,10250.0
29077,MO,ENDOCRINOLOGY,6,2482,10615.0
29077,MO,HEMATOLOGY/ONCOLOGY,10,3780,58738.0
29077,MO,INTERNAL MEDICINE,107,25617,157010.0
29077,MO,NEUROLOGY,20,5493,59004.0
29077,MO,PSYCHIATRY,29,1037,3929.0
29077,MO,PULMONARY DISEASE,11,3826,9960.0
29077,MO,RHEUMATOLOGY,6,1304,8652.0
29079,MO,CARDIOVASCULAR DISEASE (CARDIOLOGY),1,0,0.0
29079,MO,INTERNAL MEDICINE,2,376,4068.0
29079,MO,PSYCHIATRY,1,22,60.0
29081,MO,CARDIOVASCULAR DISEASE (CARDIOLOGY),1,1021,2808.0
29083,MO,HEMATOLOGY/ONCOLOGY,2,1492,5328.0
29083,MO,INTERNAL MEDICINE,4,426,914.0
29083,MO,NEUROLOGY,1,228,575.0
29083,MO,PSYCHIATRY,4,44,150.0
29083,MO,PULMONARY DISEASE,1,108,308.0
29091,MO,CARDIOVASCULAR DISEASE (CARDIOLOGY),5,4851,13136.0
29091,MO,ENDOCRINOLOGY,1,279,807.0
29091,MO,HEMATOLOGY/ONCOLOGY,3,1596,222937.0
29091,MO,INTERNAL MEDICINE,14,2680,6473.0
29091,MO,NEUROLOGY,2,654,1407.0
29091,MO,PSYCHIATRY,5,247,872.0
29091,MO,PULMONARY DISEASE,1,307,802.0
29095,MO,CARDIOVASCULAR DISEASE (CARDIOLOGY),42,31516,75903.0
29095,MO,ENDOCRINOLOGY,18,2850,11141.0
29095,MO,HEMATOLOGY/ONCOLOGY,26,4935,44093.0
29095,MO,INTERNAL MEDICINE,177,37219,179417.0
29095,MO,NEUROLOGY,28,6015,117763.0
29095,MO,PSYCHIATRY,57,2091,9230.0
29095,MO,PULMONARY DISEASE,29,6433,27306.0
29095,MO,RHEUMATOLOGY,11,2999,383488.5
29097,MO,ENDOCRINOLOGY,1,682,21671.0
29097,MO,INTERNAL MEDICINE,3,232,2419.0
29097,MO,NEUROLOGY,1,0,0.0
29097,MO,PSYCHIATRY,1,39,124.0
29097,MO,PULMONARY DISEASE,1,347,1357.0
29097,MO,RHEUMATOLOGY,3,1401,451387.0
29099,MO,CARDIOVASCULAR DISEASE (CARDIOLOGY),18,14189,54061.0
29099,MO,ENDOCRINOLOGY,3,745,2010.0
29099,MO,HEMATOLOGY/ONCOLOGY,2,720,2247.0
29099,MO,INTERNAL MEDICINE,53,9830,34085.0
29099,MO,NEUROLOGY,5,1719,12579.0
29099,MO,PSYCHIATRY,4,802,2639.0
29099,MO,PULMONARY DISEASE,9,3394,9938.0
29099,MO,RHEUMATOLOGY,2,288,2657.0
29101,MO,CARDIOVASCULAR DISEASE (CARDIOLOGY),1,1033,2067.0
29101,MO,INTERNAL MEDICINE,4,1696,7665.0
29101,MO,RHEUMATOLOGY,1,278,24026.0
29105,MO,CARDIOVASCULAR DISEASE (CARDIOLOGY),2,3197,6049.0
29105,MO,HEMATOLOGY/ONCOLOGY,1,363,2002.0
29105,MO,INTERNAL MEDICINE,2,0,0.0
29107,MO,INTERNAL MEDICINE,3,346,2836.0
29107,MO,NEUROLOGY,1,318,806.0
29107,MO,PSYCHIATRY,1,0,0.0
29107,MO,PULMONARY DISEASE,2,614,3261.0
29107,MO,RHEUMATOLOGY,1,532,845.0
29109,MO,INTERNAL MEDICINE,1,36,676.0
29109,MO,PSYCHIATRY,1,19,81.0
29113,MO,CARDIOVASCULAR DISEASE (CARDIOLOGY),2,1117,2061.0
29113,MO,INTERNAL MEDICINE,3,138,450.0
29113,MO,NEUROLOGY,1,280,885.0
29115,MO,INTERNAL MEDICINE,2,466,1373.0
29117,MO,INTERNAL MEDICINE,2,342,796.0
29119,MO,PSYCHIATRY,2,33,80.0
29121,MO,INTERNAL MEDICINE,6,355,819.0
29123,MO,INTERNAL MEDICINE,1,18,25.0
29125,MO,INTERNAL MEDICINE,1,0,0.0
29127,MO,CARDIOVASCULAR DISEASE (CARDIOLOGY),6,6906,19502.0
29127,MO,ENDOCRINOLOGY,2,921,2836.0
29127,MO,INTERNAL MEDICINE,14,1888,5706.0
29127,MO,NEUROLOGY,1,308,624.0
29127,MO,PSYCHIATRY,7,64,236.0
29127,MO,PULMONARY DISEASE,2,1711,9063.0
29127,MO,RHEUMATOLOGY,1,216,4517.0
29131,MO,INTERNAL MEDICINE,1,26,71.0
29143,MO,INTERNAL MEDICINE,2,177,548.0
29143,MO,PSYCHIATRY,1,18,63.0
29145,MO,CARDIOVASCULAR DISEASE (CARDIOLOGY),10,12892,30205.0
29145,MO,ENDOCRINOLOGY,2,424,2034.0
29145,MO,HEMATOLOGY/ONCOLOGY,6,1467,7190.0
29145,MO,INTERNAL MEDICINE,47,9760,42923.0
29145,MO,NEUROLOGY,8,2734,8351.0
29145,MO,PSYCHIATRY,7,339,1163.0
29145,MO,PULMONARY DISEASE,9,3920,11939.0
29147,MO,CARDIOVASCULAR DISEASE (CARDIOLOGY),2,2720,6639.0
29147,MO,INTERNAL MEDICINE,6,1868,2105.0
29147,MO,PSYCHIATRY,6,114,857.0
29147,MO,PULMONARY DISEASE,1,0,0.0
29155,MO,INTERNAL MEDICINE,1,0,0.0
29157,MO,CARDIOVASCULAR DISEASE (CARDIOLOGY),1,658,1802.0
29157,MO,INTERNAL MEDICINE,3,891,4953.0
29157,MO,PSYCHIATRY,2,106,1041.0
29157,MO,RHEUMATOLOGY,1,97,331.0
29159,MO,CARDIOVASCULAR DISEASE (CARDIOLOGY),1,1357,6989.0
29159,MO,HEMATOLOGY/ONCOLOGY,2,407,1610.0
29159,MO,INTERNAL MEDICINE,5,2097,5331.0
29159,MO,NEUROLOGY,2,901,7670.0
29159,MO,PSYCHIATRY,3,87,768.0
29159,MO,PULMONARY DISEASE,2,1131,3542.0
29159,MO,RHEUMATOLOGY,1,202,923.0
29161,MO,CARDIOVASCULAR DISEASE (CARDIOLOGY),2,3218,8849.0
29161,MO,ENDOCRINOLOGY,1,214,558.0
29161,MO,HEMATOLOGY/ONCOLOGY,2,277,791.0
29161,MO,INTERNAL MEDICINE,15,3540,9691.0
29161,MO,NEUROLOGY,2,793,14399.0
29161,MO,PSYCHIATRY,12,542,2229.0
29161,MO,PULMONARY DISEASE,2,1344,2636.0
29163,MO,HEMATOLOGY/ONCOLOGY,1,0,0.0
29163,MO,NEUROLOGY,1,534,24656.0
29165,MO,ENDOCRINOLOGY,1,690,14159.0
29165,MO,HEMATOLOGY/ONCOLOGY,3,1157,4325.0
29165,MO,INTERNAL MEDICINE,5,1149,26247.0
29165,MO,PSYCHIATRY,1,86,334.0
29167,MO,CARDIOVASCULAR DISEASE (CARDIOLOGY),1,689,1401.0
29167,MO,ENDOCRINOLOGY,1,294,755.0
29167,MO,HEMATOLOGY/ONCOLOGY,1,268,64338.0
29167,MO,INTERNAL MEDICINE,10,2361,4739.0
29167,MO,NEUROLOGY,1,386,726.0
29167,MO,PSYCHIATRY,7,224,1138.0
29167,MO,PULMONARY DISEASE,3,1369,4713.0
29167,MO,RHEUMATOLOGY,3,397,853.0
29169,MO,HEMATOLOGY/ONCOLOGY,1,223,867.0
29169,MO,PSYCHIATRY,1,0,0.0
29169,MO,PULMONARY DISEASE,1,537,1320.0
29175,MO,CARDIOVASCULAR DISEASE (CARDIOLOGY),1,519,2194.0
29175,MO,INTERNAL MEDICINE,5,2494,9858.0
29175,MO,PSYCHIATRY,1,15,557.0
29177,MO,INTERNAL MEDICINE,1,68,152.0
29181,MO,INTERNAL MEDICINE,1,150,637.0
29183,MO,CARDIOVASCULAR DISEASE (CARDIOLOGY),13,11868,29277.0
29183,MO,ENDOCRINOLOGY,7,1999,18000.0
29183,MO,HEMATOLOGY/ONCOLOGY,5,1144,2650.0
29183,MO,INTERNAL MEDICINE,86,20890,89330.0
29183,MO,NEUROLOGY,7,1094,5894.0
29183,MO,PSYCHIATRY,23,2398,9533.0
29183,MO,PULMONARY DISEASE,12,6795,22351.0
29183,MO,RHEUMATOLOGY,3,198,75346.0
29186,MO,CARDIOVASCULAR DISEASE (CARDIOLOGY),1,226,560.0
29186,MO,HEMATOLOGY/ONCOLOGY,1,393,1177.0
29186,MO,INTERNAL MEDICINE,5,513,1112.0
29187,MO,CARDIOVASCULAR DISEASE (CARDIOLOGY),4,2792,19741.0
29187,MO,INTERNAL MEDICINE,13,1209,3173.0
29187,MO,NEUROLOGY,2,514,6981.0
29187,MO,PSYCHIATRY,16,260,1662.0
29189,MO,CARDIOVASCULAR DISEASE (CARDIOLOGY),79,75774,183543.0
29189,MO,ENDOCRINOLOGY,35,11988,236180.0
29189,MO,HEMATOLOGY/ONCOLOGY,38,8477,204833.0
29189,MO,INTERNAL MEDICINE,539,118978,988595.0
29189,MO,NEUROLOGY,66,20442,110469.0
29189,MO,PSYCHIATRY,111,8708,49487.0
29189,MO,PULMONARY DISEASE,41,13926,41830.0
29189,MO,RHEUMATOLOGY,28,6209,1013489.0
29195,MO,INTERNAL MEDICINE,3,1663,3655.0
29199,MO,INTERNAL MEDICINE,1,50,89.0
29201,MO,CARDIOVASCULAR DISEASE (CARDIOLOGY),2,6549,10240.0
29201,MO,ENDOCRINOLOGY,2,2808,5450.0
29201,MO,HEMATOLOGY/ONCOLOGY,1,274,1631.0
29201,MO,INTERNAL MEDICINE,14,5691,39992.0
29201,MO,NEUROLOGY,11,4390,69680.0
29201,MO,PSYCHIATRY,4,350,1143.0
29201,MO,PULMONARY DISEASE,2,396,1171.0
29207,MO,CARDIOVASCULAR DISEASE (CARDIOLOGY),2,2203,9324.0
29207,MO,INTERNAL MEDICINE,7,1951,4514.0
29207,MO,PSYCHIATRY,2,125,464.0
29211,MO,CARDIOVASCULAR DISEASE (CARDIOLOGY),1,1256,5904.0
29213,MO,CARDIOVASCULAR DISEASE (CARDIOLOGY),3,2902,7104.0
29213,MO,ENDOCRINOLOGY,4,1909,12446.0
29213,MO,HEMATOLOGY/ONCOLOGY,2,433,1516.0
29213,MO,INTERNAL MEDICINE,7,2928,20990.0
29213,MO,NEUROLOGY,4,2230,34876.0
29213,MO,PSYCHIATRY,3,104,283.0
29213,MO,PULMONARY DISEASE,1,257,570.0
29215,MO,CARDIOVASCULAR DISEASE (CARDIOLOGY),1,1679,4247.0
29215,MO,PULMONARY DISEASE,1,67,216.0
29217,MO,INTERNAL MEDICINE,2,425,1071.0
29217,MO,PULMONARY DISEASE,1,56,157.0
29219,MO,PULMONARY DISEASE,1,581,1663.0
29221,MO,INTERNAL MEDICINE,3,636,1963.0
29510,MO,CARDIOVASCULAR DISEASE (CARDIOLOGY),59,32211,82720.0
29510,MO,ENDOCRINOLOGY,41,9420,168439.0
29510,MO,HEMATOLOGY/ONCOLOGY,15,1599,151400.0
29510,MO,INTERNAL MEDICINE,163,24579,174568.0
29510,MO,NEUROLOGY,109,10860,282042.0
29510,MO,PSYCHIATRY,91,2879,10779.0
29510,MO,PULMONARY DISEASE,46,10276,35450.0
29510,MO,RHEUMATOLOGY,22,3555,169896.0
30001,MT,INTERNAL MEDICINE,4,112,295.0
30003,MT,INTERNAL MEDICINE,4,275,874.0
30005,MT,PSYCHIATRY,3,769,4133.0
30009,MT,CARDIOVASCULAR DISEASE (CARDIOLOGY),1,2816,6653.0
30009,MT,INTERNAL MEDICINE,6,720,1558.0
30013,MT,CARDIOVASCULAR DISEASE (CARDIOLOGY),8,3893,9865.0
30013,MT,ENDOCRINOLOGY,2,230,609.0
30013,MT,HEMATOLOGY/ONCOLOGY,4,1064,3701.0
30013,MT,INTERNAL MEDICINE,40,14125,49773.0
30013,MT,NEUROLOGY,6,2517,42935.0
30013,MT,PSYCHIATRY,5,359,1637.0
30013,MT,PULMONARY DISEASE,9,2728,10871.0
30013,MT,RHEUMATOLOGY,1,268,54002.0
30019,MT,CARDIOVASCULAR DISEASE (CARDIOLOGY),2,5703,10241.0
30021,MT,INTERNAL MEDICINE,3,183,450.0
30021,MT,PSYCHIATRY,1,0,0.0
30023,MT,CARDIOVASCULAR DISEASE (CARDIOLOGY),1,2059,3150.0
30023,MT,ENDOCRINOLOGY,1,0,0.0
30023,MT,HEMATOLOGY/ONCOLOGY,1,0,0.0
30023,MT,INTERNAL MEDICINE,5,384,1682.0
30023,MT,PSYCHIATRY,3,0,0.0
30023,MT,RHEUMATOLOGY,1,0,0.0
30027,MT,INTERNAL MEDICINE,3,159,445.0
30029,MT,CARDIOVASCULAR DISEASE (CARDIOLOGY),6,6470,12263.0
30029,MT,ENDOCRINOLOGY,2,631,2476.0
30029,MT,HEMATOLOGY/ONCOLOGY,2,416,1602.0
30029,MT,INTERNAL MEDICINE,41,11266,35651.0
30029,MT,NEUROLOGY,8,1715,54906.0
30029,MT,PSYCHIATRY,10,292,1852.0
30029,MT,PULMONARY DISEASE,4,1088,2570.0
30031,MT,CARDIOVASCULAR DISEASE (CARDIOLOGY),4,5819,12469.0
30031,MT,ENDOCRINOLOGY,3,464,856.0
30031,MT,HEMATOLOGY/ONCOLOGY,4,828,2489.0
30031,MT,INTERNAL MEDICINE,27,8127,23868.0
30031,MT,NEUROLOGY,7,1394,5491.0
30031,MT,PSYCHIATRY,13,266,2053.0
30031,MT,PULMONARY DISEASE,5,1228,3416.0
30031,MT,RHEUMATOLOGY,5,912,11964.0
30035,MT,CARDIOVASCULAR DISEASE (CARDIOLOGY),1,1465,2468.0
30041,MT,HEMATOLOGY/ONCOLOGY,1,0,0.0
30041,MT,INTERNAL MEDICINE,4,437,1510.0
30047,MT,CARDIOVASCULAR DISEASE (CARDIOLOGY),1,506,776.0
30047,MT,ENDOCRINOLOGY,1,0,0.0
30047,MT,INTERNAL MEDICINE,2,43,56.0
30047,MT,PSYCHIATRY,1,0,0.0
30049,MT,CARDIOVASCULAR DISEASE (CARDIOLOGY),6,3535,6783.0
30049,MT,ENDOCRINOLOGY,1,332,1705.0
30049,MT,HEMATOLOGY/ONCOLOGY,3,839,2608.0
30049,MT,INTERNAL MEDICINE,13,2200,6008.0
30049,MT,NEUROLOGY,4,880,6054.0
30049,MT,PSYCHIATRY,9,696,3141.0
30049,MT,PULMONARY DISEASE,2,639,1625.0
30049,MT,RHEUMATOLOGY,2,348,877.0
30053,MT,INTERNAL MEDICINE,4,1290,2918.0
30053,MT,PSYCHIATRY,1,0,0.0
30059,MT,CARDIOVASCULAR DISEASE (CARDIOLOGY),2,3627,6432.0
30063,MT,CARDIOVASCULAR DISEASE (CARDIOLOGY),11,9211,23783.0
30063,MT,ENDOCRINOLOGY,1,459,1244.0
30063,MT,HEMATOLOGY/ONCOLOGY,5,1722,8540.0
30063,MT,INTERNAL MEDICINE,25,9305,52395.0
30063,MT,NEUROLOGY,6,875,17881.0
30063,MT,PSYCHIATRY,9,599,3195.0
30063,MT,PULMONARY DISEASE,1,1175,2437.0
30063,MT,RHEUMATOLOGY,4,1802,547510.0
30067,MT,CARDIOVASCULAR DISEASE (CARDIOLOGY),1,73,103.0
30067,MT,INTERNAL MEDICINE,3,144,401.0
30067,MT,PSYCHIATRY,1,0,0.0
30077,MT,CARDIOVASCULAR DISEASE (CARDIOLOGY),1,705,1609.0
30077,MT,INTERNAL MEDICINE,1,0,0.0
30081,MT,ENDOCRINOLOGY,1,0,0.0
30081,MT,INTERNAL MEDICINE,6,927,2587.0
30081,MT,NEUROLOGY,1,0,0.0
30081,MT,PSYCHIATRY,2,0,0.0
30083,MT,INTERNAL MEDICINE,4,459,1632.0
30085,MT,INTERNAL MEDICINE,1,131,851.0
30087,MT,INTERNAL MEDICINE,1,0,0.0
30087,MT,RHEUMATOLOGY,1,11,43.0
30093,MT,CARDIOVASCULAR DISEASE (CARDIOLOGY),2,1929,5191.0
30093,MT,HEMATOLOGY/ONCOLOGY,1,338,1095.0
30093,MT,INTERNAL MEDICINE,7,1573,12827.0
30093,MT,PSYCHIATRY,3,150,1235.0
30093,MT,PULMONARY DISEASE,1,334,1516.0
30105,MT,INTERNAL MEDICINE,1,92,188.0
30111,MT,CARDIOVASCULAR DISEASE (CARDIOLOGY),17,8428,25849.0
30111,MT,ENDOCRINOLOGY,3,863,2239.0
30111,MT,HEMATOLOGY/ONCOLOGY,5,1633,7367.0
30111,MT,INTERNAL MEDICINE,49,15125,62802.0
30111,MT,NEUROLOGY,20,3971,113215.0
30111,MT,PSYCHIATRY,24,6054,44028.0
30111,MT,PULMONARY DISEASE,11,2108,5540.0
30111,MT,RHEUMATOLOGY,3,986,3231.0
31001,NE,INTERNAL MEDICINE,10,3403,82425.0
31001,NE,NEUROLOGY,2,1004,3072.0
31003,NE,CARDIOVASCULAR DISEASE (CARDIOLOGY),4,4452,9269.0
31013,NE,CARDIOVASCULAR DISEASE (CARDIOLOGY),5,9021,16388.0
31013,NE,INTERNAL MEDICINE,2,3066,12895.0
31019,NE,CARDIOVASCULAR DISEASE (CARDIOLOGY),1,1069,3869.0
31019,NE,INTERNAL MEDICINE,11,4785,18749.0
31019,NE,NEUROLOGY,3,960,5170.0
31019,NE,PSYCHIATRY,4,113,443.0
31019,NE,PULMONARY DISEASE,3,595,1425.0
31021,NE,PSYCHIATRY,1,44,210.0
31027,NE,CARDIOVASCULAR DISEASE (CARDIOLOGY),1,887,2216.0
31029,NE,HEMATOLOGY/ONCOLOGY,1,0,0.0
31031,NE,CARDIOVASCULAR DISEASE (CARDIOLOGY),1,520,644.0
31033,NE,CARDIOVASCULAR DISEASE (CARDIOLOGY),2,554,815.0
31033,NE,HEMATOLOGY/ONCOLOGY,1,0,0.0
31033,NE,INTERNAL MEDICINE,3,517,1728.0
31033,NE,NEUROLOGY,2,366,1801.0
31033,NE,PSYCHIATRY,2,279,1330.0
31037,NE,CARDIOVASCULAR DISEASE (CARDIOLOGY),1,1504,2620.0
31039,NE,CARDIOVASCULAR DISEASE (CARDIOLOGY),4,8142,15028.0
31043,NE,RHEUMATOLOGY,1,466,129224.0
31053,NE,INTERNAL MEDICINE,4,435,2133.0
31053,NE,NEUROLOGY,1,224,375.0
31053,NE,PSYCHIATRY,4,135,523.0
31055,NE,CARDIOVASCULAR DISEASE (CARDIOLOGY),21,24760,67541.0
31055,NE,ENDOCRINOLOGY,12,2943,60975.0
31055,NE,HEMATOLOGY/ONCOLOGY,10,5426,1468628.0
31055,NE,INTERNAL MEDICINE,129,29759,724087.5
31055,NE,NEUROLOGY,39,6651,59298.0
31055,NE,PSYCHIATRY,69,3380,19132.0
31055,NE,PULMONARY DISEASE,23,7348,30987.0
31055,NE,RHEUMATOLOGY,12,2439,76587.0
31063,NE,INTERNAL MEDICINE,1,176,706.0
31067,NE,INTERNAL MEDICINE,1,0,0.0
31069,NE,CARDIOVASCULAR DISEASE (CARDIOLOGY),1,1304,3704.0
31079,NE,CARDIOVASCULAR DISEASE (CARDIOLOGY),1,693,3294.0
31079,NE,INTERNAL MEDICINE,11,3680,15622.0
31079,NE,PSYCHIATRY,2,114,580.0
31079,NE,PULMONARY DISEASE,2,77,222.0
31079,NE,RHEUMATOLOGY,2,1167,2173.0
31089,NE,INTERNAL MEDICINE,4,1058,257755.0
31093,NE,CARDIOVASCULAR DISEASE (CARDIOLOGY),1,2128,5467.0
31093,NE,INTERNAL MEDICINE,1,362,1907.0
31093,NE,NEUROLOGY,1,324,888.0
31093,NE,PSYCHIATRY,2,276,1072.0
31097,NE,CARDIOVASCULAR DISEASE (CARDIOLOGY),1,1030,7519.0
31097,NE,PULMONARY DISEASE,1,32,87.0
31101,NE,HEMATOLOGY/ONCOLOGY,2,147,1587.0
31101,NE,INTERNAL MEDICINE,1,0,0.0
31101,NE,PULMONARY DISEASE,1,822,4119.0
31109,NE,CARDIOVASCULAR DISEASE (CARDIOLOGY),11,21590,46450.0
31109,NE,ENDOCRINOLOGY,5,1570,5551.0
31109,NE,HEMATOLOGY/ONCOLOGY,7,6351,1501938.0
31109,NE,INTERNAL MEDICINE,44,16000,543127.0
31109,NE,NEUROLOGY,14,3689,26425.0
31109,NE,PSYCHIATRY,15,1235,6022.0
31109,NE,PULMONARY DISEASE,14,7770,24089.0
31109,NE,RHEUMATOLOGY,4,2363,825708.5
31111,NE,CARDIOVASCULAR DISEASE (CARDIOLOGY),4,4624,15196.0
31111,NE,ENDOCRINOLOGY,2,331,909.0
31111,NE,HEMATOLOGY/ONCOLOGY,1,108,167.0
31111,NE,INTERNAL MEDICINE,7,1401,4830.0
31111,NE,PSYCHIATRY,5,555,2527.0
31111,NE,RHEUMATOLOGY,2,436,1006.0
31119,NE,ENDOCRINOLOGY,1,297,1340.0
31119,NE,HEMATOLOGY/ONCOLOGY,3,3011,878187.0
31119,NE,INTERNAL MEDICINE,9,1731,39099.0
31119,NE,NEUROLOGY,7,1507,9348.0
31119,NE,PSYCHIATRY,3,121,1006.0
31119,NE,PULMONARY DISEASE,2,572,3692.0
31121,NE,PSYCHIATRY,1,0,0.0
31123,NE,CARDIOVASCULAR DISEASE (CARDIOLOGY),2,4605,8692.0
31123,NE,INTERNAL MEDICINE,1,179,640.0
31127,NE,INTERNAL MEDICINE,1,193,1652.0
31127,NE,PULMONARY DISEASE,1,131,298.0
31131,NE,CARDIOVASCULAR DISEASE (CARDIOLOGY),1,514,1333.0
31131,NE,HEMATOLOGY/ONCOLOGY,2,1498,164211.0
31137,NE,PULMONARY DISEASE,2,2157,4067.0
31139,NE,CARDIOVASCULAR DISEASE (CARDIOLOGY),1,729,1683.0
31139,NE,RHEUMATOLOGY,1,261,820.0
31141,NE,CARDIOVASCULAR DISEASE (CARDIOLOGY),1,521,2522.0
31141,NE,INTERNAL MEDICINE,2,631,12675.0
31141,NE,PSYCHIATRY,1,75,398.0
31145,NE,CARDIOVASCULAR DISEASE (CARDIOLOGY),1,1405,4791.0
31145,NE,NEUROLOGY,1,1002,2077.0
31153,NE,CARDIOVASCULAR DISEASE (CARDIOLOGY),8,7431,17672.0
31153,NE,ENDOCRINOLOGY,2,211,3795.0
31153,NE,HEMATOLOGY/ONCOLOGY,1,162,391.0
31153,NE,INTERNAL MEDICINE,12,3437,30244.0
31153,NE,NEUROLOGY,12,2796,120400.0
31153,NE,PSYCHIATRY,2,122,511.0
31153,NE,PULMONARY DISEASE,4,1262,3899.0
31157,NE,INTERNAL MEDICINE,1,576,9531.0
31157,NE,PSYCHIATRY,1,13,145.0
31161,NE,PSYCHIATRY,1,0,0.0
31165,NE,CARDIOVASCULAR DISEASE (CARDIOLOGY),2,1916,3286.0
31165,NE,HEMATOLOGY/ONCOLOGY,3,525,2119.0
31165,NE,INTERNAL MEDICINE,3,849,9639.0
31165,NE,NEUROLOGY,1,188,273.0
31165,NE,PSYCHIATRY,3,214,1519.0
31165,NE,PULMONARY DISEASE,1,132,235.0
31165,NE,RHEUMATOLOGY,1,47,117.0
31173,NE,INTERNAL MEDICINE,2,22,41.0
31173,NE,NEUROLOGY,1,610,49327.0
31177,NE,RHEUMATOLOGY,1,0,0.0
31179,NE,CARDIOVASCULAR DISEASE (CARDIOLOGY),1,871,2648.0
31179,NE,PULMONARY DISEASE,2,1726,5467.0
32001,NV,CARDIOVASCULAR DISEASE (CARDIOLOGY),1,0,0.0
32001,NV,INTERNAL MEDICINE,1,0,0.0
32001,NV,PSYCHIATRY,1,14,32.0
32003,NV,CARDIOVASCULAR DISEASE (CARDIOLOGY),105,94098,411592.0
32003,NV,ENDOCRINOLOGY,30,9124,63948.0
32003,NV,HEMATOLOGY/ONCOLOGY,44,23086,5852338.5
32003,NV,INTERNAL MEDICINE,651,147584,1295332.5
32003,NV,NEUROLOGY,78,31284,702173.0
32003,NV,PSYCHIATRY,102,9542,69269.0
32003,NV,PULMONARY DISEASE,48,20869,262856.0
32003,NV,RHEUMATOLOGY,21,4315,649655.0
32005,NV,CARDIOVASCULAR DISEASE (CARDIOLOGY),1,611,1003.0
32005,NV,INTERNAL MEDICINE,6,1132,10391.0
32005,NV,RHEUMATOLOGY,2,1011,2654.0
32007,NV,CARDIOVASCULAR DISEASE (CARDIOLOGY),1,461,1582.0
32007,NV,INTERNAL MEDICINE,4,915,3158.0
32007,NV,NEUROLOGY,1,157,322.0
32007,NV,PSYCHIATRY,2,0,0.0
32013,NV,CARDIOVASCULAR DISEASE (CARDIOLOGY),1,585,1483.0
32013,NV,INTERNAL MEDICINE,1,0,0.0
32013,NV,PSYCHIATRY,1,21,52.0
32019,NV,PSYCHIATRY,2,138,578.0
32021,NV,INTERNAL MEDICINE,1,202,767.0
32023,NV,CARDIOVASCULAR DISEASE (CARDIOLOGY),13,26535,129235.0
32023,NV,INTERNAL MEDICINE,5,697,5299.0
32023,NV,PSYCHIATRY,1,71,334.0
32027,NV,INTERNAL MEDICINE,2,13,28.0
32029,NV,CARDIOVASCULAR DISEASE (CARDIOLOGY),4,4532,11439.0
32029,NV,INTERNAL MEDICINE,12,2559,8067.0
32031,NV,CARDIOVASCULAR DISEASE (CARDIOLOGY),18,23669,60054.0
32031,NV,ENDOCRINOLOGY,10,2473,11952.0
32031,NV,HEMATOLOGY/ONCOLOGY,8,4506,916210.0
32031,NV,INTERNAL MEDICINE,75,19493,512762.0
32031,NV,NEUROLOGY,26,5872,35952.0
32031,NV,PSYCHIATRY,36,1620,12278.0
32031,NV,PULMONARY DISEASE,13,3189,8978.0
32031,NV,RHEUMATOLOGY,5,970,295353.0
32033,NV,ENDOCRINOLOGY,1,29,101.0
32033,NV,INTERNAL MEDICINE,3,212,740.0
32033,NV,RHEUMATOLOGY,1,0,0.0
32510,NV,CARDIOVASCULAR DISEASE (CARDIOLOGY),11,13045,28998.0
32510,NV,ENDOCRINOLOGY,3,1155,4484.0
32510,NV,HEMATOLOGY/ONCOLOGY,1,281,888.0
32510,NV,INTERNAL MEDICINE,24,7338,31541.0
32510,NV,NEUROLOGY,3,1085,8016.0
32510,NV,PSYCHIATRY,14,704,8208.0
32510,NV,PULMONARY DISEASE,1,1182,2934.0
32510,NV,RHEUMATOLOGY,1,226,659.0
33001,NH,CARDIOVASCULAR DISEASE (CARDIOLOGY),5,6213,13938.0
33001,NH,ENDOCRINOLOGY,1,468,1487.0
33001,NH,INTERNAL MEDICINE,13,2015,4758.0
33001,NH,NEUROLOGY,1,571,1334.0
33001,NH,PSYCHIATRY,1,0,0.0
33001,NH,PULMONARY DISEASE,7,1201,3483.0
33001,NH,RHEUMATOLOGY,1,56,120.0
33003,NH,INTERNAL MEDICINE,8,284,1414.0
33003,NH,PSYCHIATRY,3,35,417.0
33005,NH,CARDIOVASCULAR DISEASE (CARDIOLOGY),2,2528,4415.0
33005,NH,ENDOCRINOLOGY,1,621,1596.0
33005,NH,INTERNAL MEDICINE,7,636,1887.0
33005,NH,NEUROLOGY,1,723,1510.0
33005,NH,PSYCHIATRY,4,214,1447.0
33005,NH,PULMONARY DISEASE,3,1080,2793.0
33007,NH,CARDIOVASCULAR DISEASE (CARDIOLOGY),1,1036,2221.0
33007,NH,INTERNAL MEDICINE,4,262,430.0
33007,NH,NEUROLOGY,3,217,1136.0
33007,NH,PSYCHIATRY,2,242,2098.0
33007,NH,PULMONARY DISEASE,1,73,107.0
33009,NH,CARDIOVASCULAR DISEASE (CARDIOLOGY),2,3543,8469.0
33009,NH,ENDOCRINOLOGY,1,93,254.0
33009,NH,HEMATOLOGY/ONCOLOGY,1,0,0.0
33009,NH,INTERNAL MEDICINE,40,5711,25129.0
33009,NH,NEUROLOGY,4,969,7783.0
33009,NH,PSYCHIATRY,11,1169,7458.0
33009,NH,PULMONARY DISEASE,1,26,93.0
33011,NH,CARDIOVASCULAR DISEASE (CARDIOLOGY),23,32096,69022.0
33011,NH,ENDOCRINOLOGY,11,3235,40505.0
33011,NH,HEMATOLOGY/ONCOLOGY,9,1700,65498.0
33011,NH,INTERNAL MEDICINE,147,40232,109553.0
33011,NH,NEUROLOGY,27,5747,20215.0
33011,NH,PSYCHIATRY,37,4714,28890.0
33011,NH,PULMONARY DISEASE,9,3192,8653.0
33011,NH,RHEUMATOLOGY,11,2624,186860.0
33013,NH,CARDIOVASCULAR DISEASE (CARDIOLOGY),11,10490,16529.0
33013,NH,ENDOCRINOLOGY,2,765,2455.0
33013,NH,HEMATOLOGY/ONCOLOGY,1,584,90574.0
33013,NH,INTERNAL MEDICINE,29,5280,14355.0
33013,NH,NEUROLOGY,10,1918,6990.0
33013,NH,PSYCHIATRY,37,1029,6222.0
33013,NH,PULMONARY DISEASE,7,2342,4760.0
33013,NH,RHEUMATOLOGY,3,1174,121122.0
33015,NH,CARDIOVASCULAR DISEASE (CARDIOLOGY),18,20160,47122.0
33015,NH,ENDOCRINOLOGY,3,1761,8270.0
33015,NH,HEMATOLOGY/ONCOLOGY,10,3450,584376.0
33015,NH,INTERNAL MEDICINE,98,41484,229623.0
33015,NH,NEUROLOGY,7,2295,89015.5
33015,NH,PSYCHIATRY,24,2213,13477.0
33015,NH,PULMONARY DISEASE,9,3731,17404.0
33015,NH,RHEUMATOLOGY,5,1650,72268.0
33017,NH,CARDIOVASCULAR DISEASE (CARDIOLOGY),12,14703,30653.0
33017,NH,ENDOCRINOLOGY,5,1068,4984.0
33017,NH,HEMATOLOGY/ONCOLOGY,6,2260,217506.3
33017,NH,INTERNAL MEDICINE,29,11622,29419.0
33017,NH,NEUROLOGY,11,3300,23845.0
33017,NH,PSYCHIATRY,9,1364,6931.0
33017,NH,PULMONARY DISEASE,3,1446,3289.0
33017,NH,RHEUMATOLOGY,4,1371,3111.0
33019,NH,INTERNAL MEDICINE,5,484,1341.0
33019,NH,PSYCHIATRY,6,364,3620.0
34001,NJ,CARDIOVASCULAR DISEASE (CARDIOLOGY),21,16402,52354.0
34001,NJ,ENDOCRINOLOGY,8,3029,12450.0
34001,NJ,HEMATOLOGY/ONCOLOGY,12,5668,1246165.0
34001,NJ,INTERNAL MEDICINE,118,36252,141370.0
34001,NJ,NEUROLOGY,10,5972,160863.0
34001,NJ,PSYCHIATRY,41,2579,13963.0
34001,NJ,PULMONARY DISEASE,11,8795,51061.0
34001,NJ,RHEUMATOLOGY,8,2737,497082.0
34003,NJ,CARDIOVASCULAR DISEASE (CARDIOLOGY),119,100924,380396.0
34003,NJ,ENDOCRINOLOGY,53,17536,162459.0
34003,NJ,HEMATOLOGY/ONCOLOGY,50,17439,1410783.5
34003,NJ,INTERNAL MEDICINE,463,115913,893369.5
34003,NJ,NEUROLOGY,123,36972,475745.0
34003,NJ,PSYCHIATRY,146,9799,69755.0
34003,NJ,PULMONARY DISEASE,53,23723,112005.0
34003,NJ,RHEUMATOLOGY,33,7604,1189803.9
34005,NJ,CARDIOVASCULAR DISEASE (CARDIOLOGY),29,26495,67342.0
34005,NJ,ENDOCRINOLOGY,14,4317,16673.0
34005,NJ,HEMATOLOGY/ONCOLOGY,13,4596,948316.0
34005,NJ,INTERNAL MEDICINE,126,33919,116786.0
34005,NJ,NEUROLOGY,12,2675,7728.0
34005,NJ,PSYCHIATRY,65,2830,16875.0
34005,NJ,PULMONARY DISEASE,12,6241,18020.0
34005,NJ,RHEUMATOLOGY,5,2101,391625.0
34007,NJ,CARDIOVASCULAR DISEASE (CARDIOLOGY),139,139775,384051.0
34007,NJ,ENDOCRINOLOGY,32,10041,62718.0
34007,NJ,HEMATOLOGY/ONCOLOGY,30,9160,568639.0
34007,NJ,INTERNAL MEDICINE,317,76700,270408.5
34007,NJ,NEUROLOGY,79,17100,100450.0
34007,NJ,PSYCHIATRY,52,3592,17897.0
34007,NJ,PULMONARY DISEASE,50,29228,82017.0
34007,NJ,RHEUMATOLOGY,29,13700,2113493.9
34009,NJ,CARDIOVASCULAR DISEASE (CARDIOLOGY),11,11116,40818.0
34009,NJ,ENDOCRINOLOGY,3,1326,11635.0
34009,NJ,HEMATOLOGY/ONCOLOGY,4,2287,562567.1
34009,NJ,INTERNAL MEDICINE,16,6696,35005.0
34009,NJ,NEUROLOGY,2,821,28648.0
34009,NJ,PULMONARY DISEASE,4,1969,6795.0
34009,NJ,RHEUMATOLOGY,1,181,6546.0
34011,NJ,CARDIOVASCULAR DISEASE (CARDIOLOGY),9,8355,33547.0
34011,NJ,ENDOCRINOLOGY,2,1163,4972.0
34011,NJ,INTERNAL MEDICINE,23,9537,47004.0
34011,NJ,NEUROLOGY,2,903,1919.0
34011,NJ,PSYCHIATRY,6,491,2310.0
34011,NJ,PULMONARY DISEASE,1,694,3741.0
34011,NJ,RHEUMATOLOGY,4,1168,396341.0
34013,NJ,CARDIOVASCULAR DISEASE (CARDIOLOGY),76,54465,191252.0
34013,NJ,ENDOCRINOLOGY,22,7700,109063.0
34013,NJ,HEMATOLOGY/ONCOLOGY,30,7433,644243.0
34013,NJ,INTERNAL MEDICINE,424,90234,456536.0
34013,NJ,NEUROLOGY,36,7706,76652.0
34013,NJ,PSYCHIATRY,64,4118,26075.0
34013,NJ,PULMONARY DISEASE,27,5666,28015.0
34013,NJ,RHEUMATOLOGY,6,2296,5572.0
34015,NJ,CARDIOVASCULAR DISEASE (CARDIOLOGY),6,6639,22116.0
34015,NJ,ENDOCRINOLOGY,3,1052,5594.0
34015,NJ,HEMATOLOGY/ONCOLOGY,8,2749,217664.0
34015,NJ,INTERNAL MEDICINE,48,14477,85768.0
34015,NJ,NEUROLOGY,13,3490,24107.0
34015,NJ,PSYCHIATRY,4,295,1048.0
34015,NJ,PULMONARY DISEASE,7,2894,11005.0
34015,NJ,RHEUMATOLOGY,3,1443,209486.0
34017,NJ,CARDIOVASCULAR DISEASE (CARDIOLOGY),58,36426,132822.0
34017,NJ,ENDOCRINOLOGY,16,4409,32400.0
34017,NJ,HEMATOLOGY/ONCOLOGY,17,4186,267739.7
34017,NJ,INTERNAL MEDICINE,226,48557,530879.0
34017,NJ,NEUROLOGY,19,3883,46251.0
34017,NJ,PSYCHIATRY,40,2881,16155.0
34017,NJ,PULMONARY DISEASE,35,13607,84905.5
34017,NJ,RHEUMATOLOGY,14,4122,913656.0
34019,NJ,CARDIOVASCULAR DISEASE (CARDIOLOGY),10,14811,59792.0
34019,NJ,ENDOCRINOLOGY,4,1437,8570.0
34019,NJ,HEMATOLOGY/ONCOLOGY,5,2140,778782.0
34019,NJ,INTERNAL MEDICINE,30,15432,60617.0
34019,NJ,NEUROLOGY,4,1774,413766.0
34019,NJ,PSYCHIATRY,26,641,5736.0
34019,NJ,PULMONARY DISEASE,5,2378,7753.0
34021,NJ,CARDIOVASCULAR DISEASE (CARDIOLOGY),25,22130,89360.0
34021,NJ,ENDOCRINOLOGY,13,4048,49351.0
34021,NJ,HEMATOLOGY/ONCOLOGY,15,4051,445128.0
34021,NJ,INTERNAL MEDICINE,232,51792,333780.0
34021,NJ,NEUROLOGY,29,8717,47573.0
34021,NJ,PSYCHIATRY,63,3254,20199.0
34021,NJ,PULMONARY DISEASE,14,4670,17912.0
34021,NJ,RHEUMATOLOGY,11,3270,255194.0
34023,NJ,CARDIOVASCULAR DISEASE (CARDIOLOGY),86,88356,312850.1
34023,NJ,ENDOCRINOLOGY,45,9864,129028.0
34023,NJ,HEMATOLOGY/ONCOLOGY,29,6453,838754.0
34023,NJ,INTERNAL MEDICINE,473,99380,598743.0
34023,NJ,NEUROLOGY,82,15834,171749.0
34023,NJ,PSYCHIATRY,68,6651,31112.0
34023,NJ,PULMONARY DISEASE,52,16697,59177.0
34023,NJ,RHEUMATOLOGY,18,5012,528505.0
34025,NJ,CARDIOVASCULAR DISEASE (CARDIOLOGY),74,97370,372160.0
34025,NJ,ENDOCRINOLOGY,22,7889,53544.0
34025,NJ,HEMATOLOGY/ONCOLOGY,25,17812,2520441.1
34025,NJ,INTERNAL MEDICINE,297,95045,850912.5
34025,NJ,NEUROLOGY,50,12881,73049.0
34025,NJ,PSYCHIATRY,63,5149,26626.0
34025,NJ,PULMONARY DISEASE,20,6615,78197.0
34025,NJ,RHEUMATOLOGY,10,4361,839757.7
34027,NJ,CARDIOVASCULAR DISEASE (CARDIOLOGY),119,130809,396953.0
34027,NJ,ENDOCRINOLOGY,20,6788,54267.0
34027,NJ,HEMATOLOGY/ONCOLOGY,29,12513,1102024.0
34027,NJ,INTERNAL MEDICINE,276,90784,490506.0
34027,NJ,NEUROLOGY,38,11282,103293.1
34027,NJ,PSYCHIATRY,63,4072,17657.0
34027,NJ,PULMONARY DISEASE,19,12623,33816.0
34027,NJ,RHEUMATOLOGY,20,6219,1377312.7
34029,NJ,CARDIOVASCULAR DISEASE (CARDIOLOGY),40,57075,236485.0
34029,NJ,ENDOCRINOLOGY,7,4456,31925.0
34029,NJ,HEMATOLOGY/ONCOLOGY,11,5719,708481.0
34029,NJ,INTERNAL MEDICINE,197,71964,487447.0
34029,NJ,NEUROLOGY,18,9480,35759.0
34029,NJ,PSYCHIATRY,42,3998,22118.0
34029,NJ,PULMONARY DISEASE,29,24433,103690.0
34029,NJ,RHEUMATOLOGY,6,4487,717501.6
34031,NJ,CARDIOVASCULAR DISEASE (CARDIOLOGY),32,17048,60612.0
34031,NJ,ENDOCRINOLOGY,5,1073,5340.0
34031,NJ,HEMATOLOGY/ONCOLOGY,8,2778,280892.0
34031,NJ,INTERNAL MEDICINE,146,27006,224690.0
34031,NJ,NEUROLOGY,15,5753,35328.0
34031,NJ,PSYCHIATRY,29,2684,15086.0
34031,NJ,PULMONARY DISEASE,8,2738,16054.0
34031,NJ,RHEUMATOLOGY,5,768,42946.0
34033,NJ,ENDOCRINOLOGY,1,366,2511.0
34033,NJ,INTERNAL MEDICINE,10,2395,11546.0
34033,NJ,PSYCHIATRY,2,166,1341.0
34033,NJ,PULMONARY DISEASE,6,3147,26320.0
34035,NJ,CARDIOVASCULAR DISEASE (CARDIOLOGY),23,18821,78484.0
34035,NJ,ENDOCRINOLOGY,6,1517,8858.0
34035,NJ,HEMATOLOGY/ONCOLOGY,14,6961,1316967.0
34035,NJ,INTERNAL MEDICINE,117,33016,182759.0
34035,NJ,NEUROLOGY,11,6300,55749.0
34035,NJ,PSYCHIATRY,48,3551,20974.0
34035,NJ,PULMONARY DISEASE,11,5444,32128.0
34035,NJ,RHEUMATOLOGY,4,657,6251.0
34037,NJ,ENDOCRINOLOGY,3,1459,9857.0
34037,NJ,INTERNAL MEDICINE,24,11580,65449.0
34037,NJ,PSYCHIATRY,6,312,816.0
34037,NJ,PULMONARY DISEASE,2,1359,5492.0
34037,NJ,RHEUMATOLOGY,2,933,94479.0
34039,NJ,CARDIOVASCULAR DISEASE (CARDIOLOGY),51,41926,150482.0
34039,NJ,ENDOCRINOLOGY,35,17076,231668.0
34039,NJ,HEMATOLOGY/ONCOLOGY,17,4575,669504.0
34039,NJ,INTERNAL MEDICINE,223,59193,393710.0
34039,NJ,NEUROLOGY,16,6480,83840.0
34039,NJ,PSYCHIATRY,38,2175,14676.0
34039,NJ,PULMONARY DISEASE,24,11851,46146.0
34039,NJ,RHEUMATOLOGY,19,4400,496477.0
34041,NJ,CARDIOVASCULAR DISEASE (CARDIOLOGY),4,2651,24799.0
34041,NJ,ENDOCRINOLOGY,1,140,442.0
34041,NJ,HEMATOLOGY/ONCOLOGY,1,489,761.0
34041,NJ,INTERNAL MEDICINE,28,8018,41705.0
34041,NJ,NEUROLOGY,2,475,8671.0
34041,NJ,PSYCHIATRY,6,408,2190.0
34041,NJ,PULMONARY DISEASE,8,3295,7701.0
34041,NJ,RHEUMATOLOGY,2,1072,118364.0
35001,NM,CARDIOVASCULAR DISEASE (CARDIOLOGY),37,28740,58463.0
35001,NM,ENDOCRINOLOGY,12,1890,3838.0
35001,NM,HEMATOLOGY/ONCOLOGY,22,6007,633609.0
35001,NM,INTERNAL MEDICINE,292,41720,320671.0
35001,NM,NEUROLOGY,59,11411,191444.0
35001,NM,PSYCHIATRY,95,5616,24542.0
35001,NM,PULMONARY DISEASE,19,4482,14872.0
35001,NM,RHEUMATOLOGY,15,3255,586541.0
35005,NM,CARDIOVASCULAR DISEASE (CARDIOLOGY),3,2898,13836.0
35005,NM,ENDOCRINOLOGY,1,509,17261.0
35005,NM,HEMATOLOGY/ONCOLOGY,4,1078,285813.0
35005,NM,INTERNAL MEDICINE,2,1018,30292.0
35005,NM,NEUROLOGY,1,370,6269.0
35005,NM,PSYCHIATRY,2,71,263.0
35005,NM,PULMONARY DISEASE,1,0,0.0
35005,NM,RHEUMATOLOGY,2,601,92801.0
35006,NM,CARDIOVASCULAR DISEASE (CARDIOLOGY),2,1644,2871.0
35006,NM,INTERNAL MEDICINE,6,807,1111.0
35006,NM,PSYCHIATRY,1,0,0.0
35009,NM,CARDIOVASCULAR DISEASE (CARDIOLOGY),4,3271,7728.0
35009,NM,ENDOCRINOLOGY,1,347,529.0
35009,NM,HEMATOLOGY/ONCOLOGY,3,265,422.0
35009,NM,INTERNAL MEDICINE,22,3364,17074.0
35009,NM,NEUROLOGY,1,18,32.0
35009,NM,PSYCHIATRY,2,58,224.0
35009,NM,RHEUMATOLOGY,1,229,54764.0
35013,NM,CARDIOVASCULAR DISEASE (CARDIOLOGY),12,11371,35666.0
35013,NM,ENDOCRINOLOGY,3,30,53.0
35013,NM,HEMATOLOGY/ONCOLOGY,6,1325,222653.0
35013,NM,INTERNAL MEDICINE,42,9377,43356.0
35013,NM,NEUROLOGY,3,1551,3044.0
35013,NM,PSYCHIATRY,8,294,2134.0
35013,NM,PULMONARY DISEASE,8,4590,31450.0
35013,NM,RHEUMATOLOGY,1,274,107549.0
35015,NM,CARDIOVASCULAR DISEASE (CARDIOLOGY),1,657,1466.0
35015,NM,ENDOCRINOLOGY,1,381,16500.0
35015,NM,HEMATOLOGY/ONCOLOGY,1,1293,139300.0
35015,NM,INTERNAL MEDICINE,1,106,312.0
35015,NM,NEUROLOGY,1,286,398.0
35017,NM,CARDIOVASCULAR DISEASE (CARDIOLOGY),1,470,1734.0
35017,NM,HEMATOLOGY/ONCOLOGY,1,245,59707.0
35017,NM,INTERNAL MEDICINE,9,2050,12045.0
35017,NM,PSYCHIATRY,1,0,0.0
35017,NM,PULMONARY DISEASE,1,358,1091.0
35025,NM,CARDIOVASCULAR DISEASE (CARDIOLOGY),3,2851,9787.0
35025,NM,INTERNAL MEDICINE,4,654,6091.0
35025,NM,NEUROLOGY,1,326,681.0
35025,NM,PSYCHIATRY,1,0,0.0
35025,NM,RHEUMATOLOGY,1,0,0.0
35027,NM,HEMATOLOGY/ONCOLOGY,2,361,1155.0
35027,NM,INTERNAL MEDICINE,6,1597,10948.0
35029,NM,CARDIOVASCULAR DISEASE (CARDIOLOGY),1,24,32.0
35029,NM,INTERNAL MEDICINE,4,1042,10560.0
35031,NM,CARDIOVASCULAR DISEASE (CARDIOLOGY),1,916,2843.0
35031,NM,ENDOCRINOLOGY,1,125,142.0
35031,NM,HEMATOLOGY/ONCOLOGY,1,676,96870.0
35031,NM,INTERNAL MEDICINE,29,2936,8396.0
35031,NM,NEUROLOGY,2,290,20032.0
35031,NM,PSYCHIATRY,2,22,1807.0
35033,NM,INTERNAL MEDICINE,1,47,94.0
35035,NM,CARDIOVASCULAR DISEASE (CARDIOLOGY),1,957,4217.0
35035,NM,ENDOCRINOLOGY,1,584,1159.0
35035,NM,HEMATOLOGY/ONCOLOGY,2,292,616.0
35035,NM,INTERNAL MEDICINE,11,4768,24009.0
35035,NM,NEUROLOGY,2,848,3136.0
35035,NM,PSYCHIATRY,3,126,749.0
35035,NM,PULMONARY DISEASE,2,586,3075.0
35037,NM,PULMONARY DISEASE,1,564,1164.0
35039,NM,CARDIOVASCULAR DISEASE (CARDIOLOGY),1,1392,2104.0
35039,NM,ENDOCRINOLOGY,1,164,368.0
35039,NM,INTERNAL MEDICINE,11,1835,4060.0
35039,NM,PULMONARY DISEASE,2,1446,3466.0
35041,NM,INTERNAL MEDICINE,1,0,0.0
35043,NM,CARDIOVASCULAR DISEASE (CARDIOLOGY),5,5424,12179.0
35043,NM,ENDOCRINOLOGY,4,1382,4807.0
35043,NM,HEMATOLOGY/ONCOLOGY,2,432,1184.0
35043,NM,INTERNAL MEDICINE,24,4599,23637.0
35043,NM,NEUROLOGY,1,0,0.0
35043,NM,PSYCHIATRY,5,38,663.0
35043,NM,RHEUMATOLOGY,4,635,1392.0
35045,NM,CARDIOVASCULAR DISEASE (CARDIOLOGY),4,3690,12835.0
35045,NM,HEMATOLOGY/ONCOLOGY,1,276,78290.0
35045,NM,INTERNAL MEDICINE,36,5869,15152.0
35045,NM,NEUROLOGY,2,519,22263.0
35045,NM,PSYCHIATRY,7,169,658.0
35045,NM,PULMONARY DISEASE,2,377,884.0
35045,NM,RHEUMATOLOGY,1,90,160.0
35047,NM,INTERNAL MEDICINE,4,735,3289.0
35047,NM,NEUROLOGY,1,13,54.0
35047,NM,PSYCHIATRY,4,131,489.0
35047,NM,PULMONARY DISEASE,1,95,626.0
35049,NM,CARDIOVASCULAR DISEASE (CARDIOLOGY),4,7305,12181.0
35049,NM,ENDOCRINOLOGY,2,890,2311.0
35049,NM,HEMATOLOGY/ONCOLOGY,7,2144,206662.0
35049,NM,INTERNAL MEDICINE,41,9331,221043.0
35049,NM,NEUROLOGY,4,987,2580.0
35049,NM,PSYCHIATRY,18,465,4825.0
35049,NM,PULMONARY DISEASE,7,2941,6436.0
35049,NM,RHEUMATOLOGY,2,734,158452.0
35051,NM,INTERNAL MEDICINE,1,37,63.0
35051,NM,PSYCHIATRY,1,0,0.0
35053,NM,ENDOCRINOLOGY,2,1644,3624.0
35055,NM,ENDOCRINOLOGY,1,0,0.0
35055,NM,INTERNAL MEDICINE,6,3049,10526.0
35055,NM,NEUROLOGY,5,690,1446.0
35055,NM,PSYCHIATRY,2,170,1187.0
35055,NM,PULMONARY DISEASE,1,177,545.0
35061,NM,INTERNAL MEDICINE,1,244,380.0
36001,NY,CARDIOVASCULAR DISEASE (CARDIOLOGY),49,53995,466583.0
36001,NY,ENDOCRINOLOGY,21,6655,31532.0
36001,NY,HEMATOLOGY/ONCOLOGY,14,7339,1165163.0
36001,NY,INTERNAL MEDICINE,141,32672,213771.0
36001,NY,NEUROLOGY,34,6235,63062.0
36001,NY,PSYCHIATRY,41,2769,38459.0
36001,NY,PULMONARY DISEASE,15,4137,10295.0
36001,NY,RHEUMATOLOGY,8,1870,289164.0
36003,NY,INTERNAL MEDICINE,12,1751,4371.0
36003,NY,NEUROLOGY,1,58,92.0
36003,NY,PSYCHIATRY,2,115,280.0
36003,NY,RHEUMATOLOGY,1,59,106.0
36005,NY,CARDIOVASCULAR DISEASE (CARDIOLOGY),123,47423,137079.0
36005,NY,ENDOCRINOLOGY,36,2302,7529.0
36005,NY,HEMATOLOGY/ONCOLOGY,33,4075,489766.0
36005,NY,INTERNAL MEDICINE,583,62685,434257.0
36005,NY,NEUROLOGY,85,10202,65117.0
36005,NY,PSYCHIATRY,226,8166,28004.0
36005,NY,PULMONARY DISEASE,49,6899,26894.0
36005,NY,RHEUMATOLOGY,18,1113,3093.0
36007,NY,CARDIOVASCULAR DISEASE (CARDIOLOGY),14,11719,24939.0
36007,NY,ENDOCRINOLOGY,7,1476,3498.0
36007,NY,HEMATOLOGY/ONCOLOGY,6,2422,401644.0
36007,NY,INTERNAL MEDICINE,53,9970,31724.0
36007,NY,NEUROLOGY,9,2845,5197.0
36007,NY,PSYCHIATRY,19,800,5355.0
36007,NY,PULMONARY DISEASE,6,2061,5219.0
36007,NY,RHEUMATOLOGY,5,1173,2268.0
36009,NY,CARDIOVASCULAR DISEASE (CARDIOLOGY),3,821,2244.0
36009,NY,HEMATOLOGY/ONCOLOGY,1,62,94.0
36009,NY,INTERNAL MEDICINE,12,3112,12069.0
36009,NY,PSYCHIATRY,5,356,1574.0
36009,NY,RHEUMATOLOGY,1,231,584.0
36011,NY,CARDIOVASCULAR DISEASE (CARDIOLOGY),3,1757,4936.0
36011,NY,ENDOCRINOLOGY,1,70,202.0
36011,NY,HEMATOLOGY/ONCOLOGY,4,1043,2930.0
36011,NY,INTERNAL MEDICINE,21,6877,41067.0
36011,NY,NEUROLOGY,2,423,5925.0
36011,NY,PSYCHIATRY,2,23,124.0
36011,NY,PULMONARY DISEASE,6,1664,3727.0
36013,NY,CARDIOVASCULAR DISEASE (CARDIOLOGY),8,5394,14467.0
36013,NY,INTERNAL MEDICINE,33,6731,36702.0
36013,NY,NEUROLOGY,1,151,373.0
36013,NY,PSYCHIATRY,1,12,16.0
36013,NY,PULMONARY DISEASE,1,440,1512.0
36013,NY,RHEUMATOLOGY,1,49,774.0
36015,NY,CARDIOVASCULAR DISEASE (CARDIOLOGY),1,67,129.0
36015,NY,ENDOCRINOLOGY,2,172,218.0
36015,NY,INTERNAL MEDICINE,23,4133,11803.0
36015,NY,NEUROLOGY,1,223,335.0
36015,NY,PSYCHIATRY,6,173,535.0
36015,NY,PULMONARY DISEASE,3,870,2226.0
36015,NY,RHEUMATOLOGY,2,308,656.0
36017,NY,CARDIOVASCULAR DISEASE (CARDIOLOGY),3,2041,3684.0
36017,NY,INTERNAL MEDICINE,8,1787,7539.0
36017,NY,NEUROLOGY,1,399,1165.0
36017,NY,PSYCHIATRY,1,48,464.0
36017,NY,PULMONARY DISEASE,2,866,2476.0
36019,NY,CARDIOVASCULAR DISEASE (CARDIOLOGY),3,4251,9024.0
36019,NY,ENDOCRINOLOGY,1,90,350.0
36019,NY,HEMATOLOGY/ONCOLOGY,1,0,0.0
36019,NY,INTERNAL MEDICINE,26,4567,20006.0
36019,NY,PSYCHIATRY,11,367,2531.0
36019,NY,PULMONARY DISEASE,2,1005,2650.0
36021,NY,CARDIOVASCULAR DISEASE (CARDIOLOGY),4,4297,9714.0
36021,NY,ENDOCRINOLOGY,1,222,2627.0
36021,NY,HEMATOLOGY/ONCOLOGY,2,1101,165548.0
36021,NY,INTERNAL MEDICINE,74,23650,167853.0
36021,NY,NEUROLOGY,10,3980,44424.0
36021,NY,PSYCHIATRY,7,204,1459.0
36021,NY,PULMONARY DISEASE,8,3760,16569.0
36021,NY,RHEUMATOLOGY,3,841,25235.0
36023,NY,CARDIOVASCULAR DISEASE (CARDIOLOGY),2,840,1754.0
36023,NY,HEMATOLOGY/ONCOLOGY,1,268,1305.0
36023,NY,INTERNAL MEDICINE,7,1331,3590.0
36023,NY,NEUROLOGY,1,15,16.0
36023,NY,PSYCHIATRY,4,64,138.0
36023,NY,PULMONARY DISEASE,1,0,0.0
36025,NY,ENDOCRINOLOGY,1,300,654.0
36025,NY,INTERNAL MEDICINE,2,297,1500.0
36025,NY,NEUROLOGY,1,105,246.0
36025,NY,PSYCHIATRY,1,47,180.0
36025,NY,PULMONARY DISEASE,1,472,662.0
36027,NY,CARDIOVASCULAR DISEASE (CARDIOLOGY),25,40192,140546.0
36027,NY,ENDOCRINOLOGY,4,1714,15886.0
36027,NY,HEMATOLOGY/ONCOLOGY,6,2070,232488.0
36027,NY,INTERNAL MEDICINE,109,31336,372652.0
36027,NY,NEUROLOGY,15,5557,52861.5
36027,NY,PSYCHIATRY,31,2859,15537.0
36027,NY,PULMONARY DISEASE,12,5506,22684.0
36027,NY,RHEUMATOLOGY,5,1409,119392.0
36029,NY,CARDIOVASCULAR DISEASE (CARDIOLOGY),71,40040,105402.0
36029,NY,ENDOCRINOLOGY,17,2602,7271.0
36029,NY,HEMATOLOGY/ONCOLOGY,11,2584,1024542.0
36029,NY,INTERNAL MEDICINE,366,46132,341073.0
36029,NY,NEUROLOGY,93,17652,933033.0
36029,NY,PSYCHIATRY,81,3431,31533.0
36029,NY,PULMONARY DISEASE,29,5800,15918.0
36029,NY,RHEUMATOLOGY,18,3585,465956.1
36031,NY,INTERNAL MEDICINE,9,1576,4264.0
36033,NY,CARDIOVASCULAR DISEASE (CARDIOLOGY),2,5418,11188.0
36033,NY,ENDOCRINOLOGY,2,0,0.0
36033,NY,HEMATOLOGY/ONCOLOGY,1,297,728.0
36033,NY,INTERNAL MEDICINE,9,1347,4057.0
36033,NY,PSYCHIATRY,5,222,1259.0
36033,NY,RHEUMATOLOGY,2,316,4418.0
36035,NY,CARDIOVASCULAR DISEASE (CARDIOLOGY),2,1199,3427.0
36035,NY,INTERNAL MEDICINE,8,869,2956.0
36035,NY,NEUROLOGY,1,209,379.0
36035,NY,PULMONARY DISEASE,1,358,408.0
36037,NY,CARDIOVASCULAR DISEASE (CARDIOLOGY),2,721,3475.4
36037,NY,ENDOCRINOLOGY,1,201,367.0
36037,NY,HEMATOLOGY/ONCOLOGY,2,249,555.0
36037,NY,INTERNAL MEDICINE,16,1644,7904.0
36037,NY,NEUROLOGY,3,1163,26826.0
36037,NY,PSYCHIATRY,2,88,351.0
36037,NY,PULMONARY DISEASE,6,736,1583.0
36039,NY,CARDIOVASCULAR DISEASE (CARDIOLOGY),3,1588,4632.0
36039,NY,INTERNAL MEDICINE,3,644,1985.0
36039,NY,PSYCHIATRY,4,168,1121.0
36043,NY,INTERNAL MEDICINE,1,495,5710.0
36043,NY,PSYCHIATRY,2,46,215.0
36045,NY,CARDIOVASCULAR DISEASE (CARDIOLOGY),6,3701,8024.0
36045,NY,ENDOCRINOLOGY,1,93,321.0
36045,NY,HEMATOLOGY/ONCOLOGY,5,996,2161.0
36045,NY,INTERNAL MEDICINE,25,7130,49029.0
36045,NY,NEUROLOGY,4,2030,9046.0
36045,NY,PSYCHIATRY,7,206,923.0
36045,NY,PULMONARY DISEASE,5,1350,3666.0
36045,NY,RHEUMATOLOGY,2,262,632.0
36047,NY,CARDIOVASCULAR DISEASE (CARDIOLOGY),143,89879,437541.0
36047,NY,ENDOCRINOLOGY,43,9369,57002.0
36047,NY,HEMATOLOGY/ONCOLOGY,44,9930,643246.0
36047,NY,INTERNAL MEDICINE,839,139204,1492633.0
36047,NY,NEUROLOGY,101,22837,284969.0
36047,NY,PSYCHIATRY,244,17911,111521.0
36047,NY,PULMONARY DISEASE,54,13605,83257.0
36047,NY,RHEUMATOLOGY,19,3479,164175.5
36049,NY,INTERNAL MEDICINE,2,262,1018.0
36049,NY,PSYCHIATRY,1,19,24.0
36051,NY,CARDIOVASCULAR DISEASE (CARDIOLOGY),13,7002,14265.0
36051,NY,INTERNAL MEDICINE,26,4769,11957.0
36051,NY,NEUROLOGY,1,625,744.0
36051,NY,PULMONARY DISEASE,1,209,749.0
36053,NY,CARDIOVASCULAR DISEASE (CARDIOLOGY),2,1968,4592.0
36053,NY,ENDOCRINOLOGY,1,107,157.0
36053,NY,HEMATOLOGY/ONCOLOGY,1,180,337.0
36053,NY,INTERNAL MEDICINE,7,974,5355.0
36053,NY,NEUROLOGY,1,377,639.0
36053,NY,PSYCHIATRY,8,468,1562.0
36053,NY,PULMONARY DISEASE,2,740,2074.0
36055,NY,CARDIOVASCULAR DISEASE (CARDIOLOGY),65,28016,72036.0
36055,NY,ENDOCRINOLOGY,22,3035,8619.0
36055,NY,HEMATOLOGY/ONCOLOGY,35,3281,116455.0
36055,NY,INTERNAL MEDICINE,460,38903,133511.0
36055,NY,NEUROLOGY,95,7439,122217.0
36055,NY,PSYCHIATRY,99,2816,13350.0
36055,NY,PULMONARY DISEASE,36,4452,11362.0
36055,NY,RHEUMATOLOGY,14,1517,3226.0
36057,NY,HEMATOLOGY/ONCOLOGY,3,1225,199441.0
36057,NY,INTERNAL MEDICINE,12,1715,7102.0
36057,NY,NEUROLOGY,2,228,485.0
36057,NY,PSYCHIATRY,5,189,842.0
36059,NY,CARDIOVASCULAR DISEASE (CARDIOLOGY),242,201317,952808.0
36059,NY,ENDOCRINOLOGY,77,30025,553380.0
36059,NY,HEMATOLOGY/ONCOLOGY,73,25578,1704932.1
36059,NY,INTERNAL MEDICINE,675,176803,2099505.7
36059,NY,NEUROLOGY,141,52416,495180.0
36059,NY,PSYCHIATRY,230,18314,99231.0
36059,NY,PULMONARY DISEASE,72,36303,296341.0
36059,NY,RHEUMATOLOGY,42,13736,1752239.3
36061,NY,CARDIOVASCULAR DISEASE (CARDIOLOGY),592,411007,1591387.0
36061,NY,ENDOCRINOLOGY,229,50560,312904.0
36061,NY,HEMATOLOGY/ONCOLOGY,177,37455,1287801.0
36061,NY,INTERNAL MEDICINE,1554,245255,1423661.0
36061,NY,NEUROLOGY,515,92609,1545041.9
36061,NY,PSYCHIATRY,844,30917,207259.0
36061,NY,PULMONARY DISEASE,252,70520,329749.0
36061,NY,RHEUMATOLOGY,151,26245,730014.2
36063,NY,CARDIOVASCULAR DISEASE (CARDIOLOGY),3,811,1949.0
36063,NY,ENDOCRINOLOGY,2,351,1222.0
36063,NY,HEMATOLOGY/ONCOLOGY,1,333,484.0
36063,NY,INTERNAL MEDICINE,35,5454,93498.5
36063,NY,NEUROLOGY,1,229,487.0
36063,NY,PSYCHIATRY,5,264,766.0
36063,NY,PULMONARY DISEASE,1,294,961.0
36063,NY,RHEUMATOLOGY,1,94,2891.0
36065,NY,CARDIOVASCULAR DISEASE (CARDIOLOGY),16,23574,58813.0
36065,NY,ENDOCRINOLOGY,4,2565,21908.0
36065,NY,HEMATOLOGY/ONCOLOGY,5,2323,563882.0
36065,NY,INTERNAL MEDICINE,83,21158,92412.0
36065,NY,NEUROLOGY,9,2755,7389.0
36065,NY,PSYCHIATRY,14,906,2885.0
36065,NY,PULMONARY DISEASE,8,3523,12252.0
36065,NY,RHEUMATOLOGY,2,1053,93124.5
36067,NY,CARDIOVASCULAR DISEASE (CARDIOLOGY),51,36917,100866.0
36067,NY,ENDOCRINOLOGY,14,1709,7120.0
36067,NY,HEMATOLOGY/ONCOLOGY,29,10650,1969373.0
36067,NY,INTERNAL MEDICINE,118,20213,169136.0
36067,NY,NEUROLOGY,42,6822,61504.0
36067,NY,PSYCHIATRY,60,1407,7972.0
36067,NY,PULMONARY DISEASE,15,3911,9630.0
36067,NY,RHEUMATOLOGY,14,5576,675256.0
36069,NY,CARDIOVASCULAR DISEASE (CARDIOLOGY),4,2999,6377.0
36069,NY,ENDOCRINOLOGY,1,276,722.0
36069,NY,INTERNAL MEDICINE,40,4608,13579.0
36069,NY,NEUROLOGY,2,614,36811.0
36069,NY,PSYCHIATRY,9,356,2022.0
36069,NY,PULMONARY DISEASE,4,485,1266.0
36071,NY,CARDIOVASCULAR DISEASE (CARDIOLOGY),25,28871,154678.0
36071,NY,ENDOCRINOLOGY,13,7470,119321.0
36071,NY,HEMATOLOGY/ONCOLOGY,9,5064,827569.0
36071,NY,INTERNAL MEDICINE,97,31384,381622.0
36071,NY,NEUROLOGY,17,10047,189469.5
36071,NY,PSYCHIATRY,35,1712,14768.0
36071,NY,PULMONARY DISEASE,18,10300,124817.0
36071,NY,RHEUMATOLOGY,8,2269,144709.9
36073,NY,INTERNAL MEDICINE,1,72,322.0
36073,NY,PSYCHIATRY,2,84,371.0
36075,NY,CARDIOVASCULAR DISEASE (CARDIOLOGY),2,659,1582.0
36075,NY,INTERNAL MEDICINE,21,6800,26889.0
36075,NY,PSYCHIATRY,8,312,3173.0
36075,NY,PULMONARY DISEASE,1,0,0.0
36077,NY,CARDIOVASCULAR DISEASE (CARDIOLOGY),14,16686,59001.0
36077,NY,ENDOCRINOLOGY,3,1554,3342.0
36077,NY,HEMATOLOGY/ONCOLOGY,9,1827,5642.0
36077,NY,INTERNAL MEDICINE,45,8194,23168.0
36077,NY,NEUROLOGY,24,3918,9115.0
36077,NY,PSYCHIATRY,10,271,938.0
36077,NY,PULMONARY DISEASE,5,1600,3907.0
36077,NY,RHEUMATOLOGY,3,612,2188.0
36079,NY,CARDIOVASCULAR DISEASE (CARDIOLOGY),4,2480,8488.0
36079,NY,ENDOCRINOLOGY,3,666,9165.0
36079,NY,HEMATOLOGY/ONCOLOGY,1,248,841.0
36079,NY,INTERNAL MEDICINE,36,8401,76002.0
36079,NY,NEUROLOGY,2,667,7901.0
36079,NY,PSYCHIATRY,6,526,5495.0
36079,NY,PULMONARY DISEASE,1,907,2882.0
36081,NY,CARDIOVASCULAR DISEASE (CARDIOLOGY),122,81655,326401.0
36081,NY,ENDOCRINOLOGY,47,10273,106124.0
36081,NY,HEMATOLOGY/ONCOLOGY,40,9404,875535.0
36081,NY,INTERNAL MEDICINE,798,145369,1130423.6
36081,NY,NEUROLOGY,97,20360,252676.0
36081,NY,PSYCHIATRY,254,17541,111876.0
36081,NY,PULMONARY DISEASE,46,11865,116944.0
36081,NY,RHEUMATOLOGY,16,1642,49065.0
36083,NY,CARDIOVASCULAR DISEASE (CARDIOLOGY),13,9566,33570.0
36083,NY,ENDOCRINOLOGY,1,177,588.0
36083,NY,HEMATOLOGY/ONCOLOGY,3,379,942.0
36083,NY,INTERNAL MEDICINE,36,7486,37632.0
36083,NY,PSYCHIATRY,15,600,2785.0
36083,NY,PULMONARY DISEASE,11,3376,9049.0
36083,NY,RHEUMATOLOGY,2,404,3281.5
36085,NY,CARDIOVASCULAR DISEASE (CARDIOLOGY),24,21352,82830.7
36085,NY,ENDOCRINOLOGY,16,6033,15267.0
36085,NY,HEMATOLOGY/ONCOLOGY,13,3444,10618.0
36085,NY,INTERNAL MEDICINE,163,43379,307020.0
36085,NY,NEUROLOGY,20,5279,38057.0
36085,NY,PSYCHIATRY,50,3426,19126.0
36085,NY,PULMONARY DISEASE,10,7746,45967.0
36085,NY,RHEUMATOLOGY,6,1187,100277.0
36087,NY,CARDIOVASCULAR DISEASE (CARDIOLOGY),20,20357,72823.0
36087,NY,ENDOCRINOLOGY,18,8821,235696.0
36087,NY,HEMATOLOGY/ONCOLOGY,10,5588,188175.0
36087,NY,INTERNAL MEDICINE,88,27740,171433.0
36087,NY,NEUROLOGY,13,5710,69456.0
36087,NY,PSYCHIATRY,28,2209,14290.0
36087,NY,PULMONARY DISEASE,17,8648,33361.0
36087,NY,RHEUMATOLOGY,2,668,48441.0
36089,NY,CARDIOVASCULAR DISEASE (CARDIOLOGY),5,4211,7746.0
36089,NY,ENDOCRINOLOGY,1,546,1420.0
36089,NY,HEMATOLOGY/ONCOLOGY,1,172,817.0
36089,NY,INTERNAL MEDICINE,31,5787,32027.0
36089,NY,NEUROLOGY,4,901,1773.0
36089,NY,PSYCHIATRY,9,478,2217.0
36089,NY,PULMONARY DISEASE,1,294,892.0
36089,NY,RHEUMATOLOGY,1,329,685.0
36091,NY,CARDIOVASCULAR DISEASE (CARDIOLOGY),13,7012,18567.0
36091,NY,ENDOCRINOLOGY,5,1496,11320.0
36091,NY,HEMATOLOGY/ONCOLOGY,5,880,2536.0
36091,NY,INTERNAL MEDICINE,37,7261,92882.0
36091,NY,NEUROLOGY,5,1139,2582.0
36091,NY,PSYCHIATRY,17,908,3679.0
36091,NY,PULMONARY DISEASE,8,3262,8786.0
36093,NY,CARDIOVASCULAR DISEASE (CARDIOLOGY),6,2132,6276.0
36093,NY,INTERNAL MEDICINE,24,6043,31272.0
36093,NY,NEUROLOGY,1,339,2437.0
36093,NY,PSYCHIATRY,10,329,2069.0
36093,NY,PULMONARY DISEASE,9,2845,8348.0
36093,NY,RHEUMATOLOGY,1,184,393.0
36095,NY,CARDIOVASCULAR DISEASE (CARDIOLOGY),1,1375,10888.0
36095,NY,ENDOCRINOLOGY,1,440,764.0
36095,NY,INTERNAL MEDICINE,8,998,2952.0
36095,NY,PSYCHIATRY,1,43,157.0
36097,NY,INTERNAL MEDICINE,4,132,389.0
36097,NY,PSYCHIATRY,1,25,40.0
36099,NY,PSYCHIATRY,2,107,548.0
36101,NY,CARDIOVASCULAR DISEASE (CARDIOLOGY),10,12560,33813.0
36101,NY,ENDOCRINOLOGY,1,363,855.0
36101,NY,INTERNAL MEDICINE,21,4600,21006.0
36101,NY,NEUROLOGY,2,713,5214.0
36101,NY,PSYCHIATRY,2,108,722.0
36101,NY,PULMONARY DISEASE,2,806,2295.0
36103,NY,CARDIOVASCULAR DISEASE (CARDIOLOGY),138,174896,644703.0
36103,NY,ENDOCRINOLOGY,49,21489,236668.0
36103,NY,HEMATOLOGY/ONCOLOGY,62,49855,4651326.0
36103,NY,INTERNAL MEDICINE,432,145210,1425433.0
36103,NY,NEUROLOGY,135,39835,406852.0
36103,NY,PSYCHIATRY,195,13864,91285.0
36103,NY,PULMONARY DISEASE,57,26344,111981.0
36103,NY,RHEUMATOLOGY,41,16968,2315510.0
36105,NY,CARDIOVASCULAR DISEASE (CARDIOLOGY),1,327,515.0
36105,NY,HEMATOLOGY/ONCOLOGY,1,24,448.0
36105,NY,INTERNAL MEDICINE,8,1034,4266.0
36105,NY,PSYCHIATRY,13,1026,6229.0
36105,NY,PULMONARY DISEASE,1,407,1273.0
36107,NY,INTERNAL MEDICINE,6,1154,3711.0
36107,NY,PSYCHIATRY,3,14,91.0
36109,NY,CARDIOVASCULAR DISEASE (CARDIOLOGY),7,3332,12869.0
36109,NY,ENDOCRINOLOGY,2,695,1616.0
36109,NY,HEMATOLOGY/ONCOLOGY,4,957,2582.0
36109,NY,INTERNAL MEDICINE,25,4702,19576.0
36109,NY,NEUROLOGY,10,2188,6409.0
36109,NY,PSYCHIATRY,7,135,536.0
36109,NY,PULMONARY DISEASE,2,1146,2782.0
36109,NY,RHEUMATOLOGY,2,725,2528.0
36111,NY,CARDIOVASCULAR DISEASE (CARDIOLOGY),10,7622,21476.0
36111,NY,ENDOCRINOLOGY,1,639,1611.0
36111,NY,INTERNAL MEDICINE,31,7703,33323.0
36111,NY,NEUROLOGY,6,2105,43568.0
36111,NY,PSYCHIATRY,9,228,1335.0
36111,NY,PULMONARY DISEASE,2,567,1480.0
36111,NY,RHEUMATOLOGY,2,567,115271.0
36113,NY,CARDIOVASCULAR DISEASE (CARDIOLOGY),10,11416,24122.0
36113,NY,HEMATOLOGY/ONCOLOGY,4,1390,3514.0
36113,NY,INTERNAL MEDICINE,31,5465,17426.0
36113,NY,NEUROLOGY,8,2505,55212.0
36113,NY,PSYCHIATRY,3,161,807.0
36113,NY,PULMONARY DISEASE,3,296,673.0
36115,NY,CARDIOVASCULAR DISEASE (CARDIOLOGY),1,431,608.0
36115,NY,INTERNAL MEDICINE,3,555,1866.0
36115,NY,PSYCHIATRY,1,17,55.0
36117,NY,CARDIOVASCULAR DISEASE (CARDIOLOGY),2,675,1418.0
36117,NY,INTERNAL MEDICINE,19,2434,8168.0
36117,NY,NEUROLOGY,1,146,254.0
36117,NY,PSYCHIATRY,3,87,347.0
36117,NY,PULMONARY DISEASE,6,1368,3335.0
36119,NY,CARDIOVASCULAR DISEASE (CARDIOLOGY),130,97217,353042.0
36119,NY,ENDOCRINOLOGY,55,18582,191158.0
36119,NY,HEMATOLOGY/ONCOLOGY,50,14246,1278481.5
36119,NY,INTERNAL MEDICINE,622,160175,1647286.0
36119,NY,NEUROLOGY,90,21488,310148.0
36119,NY,PSYCHIATRY,177,8969,81366.0
36119,NY,PULMONARY DISEASE,52,15564,58200.0
36119,NY,RHEUMATOLOGY,32,8240,711463.4
36121,NY,INTERNAL MEDICINE,7,512,2300.0
36121,NY,PSYCHIATRY,1,44,173.0
36123,NY,INTERNAL MEDICINE,1,121,260.0
36123,NY,PSYCHIATRY,1,0,0.0
37001,NC,CARDIOVASCULAR DISEASE (CARDIOLOGY),11,5965,16974.0
37001,NC,ENDOCRINOLOGY,4,1098,19864.0
37001,NC,HEMATOLOGY/ONCOLOGY,8,1345,4211.0
37001,NC,INTERNAL MEDICINE,44,9595,65798.0
37001,NC,NEUROLOGY,3,1039,3817.0
37001,NC,PSYCHIATRY,13,655,4651.0
37001,NC,PULMONARY DISEASE,3,1650,8993.0
37001,NC,RHEUMATOLOGY,2,577,117976.0
37005,NC,CARDIOVASCULAR DISEASE (CARDIOLOGY),1,245,369.0
37005,NC,HEMATOLOGY/ONCOLOGY,1,242,2222.0
37005,NC,INTERNAL MEDICINE,1,370,2037.0
37007,NC,INTERNAL MEDICINE,1,132,194.0
37009,NC,CARDIOVASCULAR DISEASE (CARDIOLOGY),4,3753,9499.0
37009,NC,HEMATOLOGY/ONCOLOGY,1,18,22.0
37009,NC,INTERNAL MEDICINE,3,472,2150.0
37009,NC,PSYCHIATRY,2,90,299.0
37011,NC,INTERNAL MEDICINE,2,274,1273.0
37011,NC,PSYCHIATRY,4,154,534.0
37013,NC,HEMATOLOGY/ONCOLOGY,1,0,0.0
37013,NC,INTERNAL MEDICINE,9,2853,29698.0
37013,NC,PSYCHIATRY,4,154,581.0
37013,NC,PULMONARY DISEASE,1,257,1124.0
37015,NC,INTERNAL MEDICINE,3,406,2358.0
37017,NC,INTERNAL MEDICINE,1,12,125.0
37019,NC,CARDIOVASCULAR DISEASE (CARDIOLOGY),1,327,1517.0
37019,NC,ENDOCRINOLOGY,1,577,1503.0
37019,NC,INTERNAL MEDICINE,14,5010,74259.0
37019,NC,NEUROLOGY,1,349,2038.0
37019,NC,PSYCHIATRY,3,59,157.0
37019,NC,PULMONARY DISEASE,2,331,3795.0
37019,NC,RHEUMATOLOGY,1,696,419241.0
37021,NC,CARDIOVASCULAR DISEASE (CARDIOLOGY),21,20509,45411.0
37021,NC,ENDOCRINOLOGY,8,3397,59271.0
37021,NC,HEMATOLOGY/ONCOLOGY,11,8902,1200745.0
37021,NC,INTERNAL MEDICINE,130,26245,572235.0
37021,NC,NEUROLOGY,11,4605,313795.0
37021,NC,PSYCHIATRY,40,1478,9934.0
37021,NC,PULMONARY DISEASE,19,7070,18731.0
37021,NC,RHEUMATOLOGY,6,2916,1029586.0
37023,NC,CARDIOVASCULAR DISEASE (CARDIOLOGY),4,4464,9011.0
37023,NC,HEMATOLOGY/ONCOLOGY,1,184,368.0
37023,NC,INTERNAL MEDICINE,27,4284,21730.0
37023,NC,NEUROLOGY,2,715,2423.0
37023,NC,PSYCHIATRY,4,133,3132.0
37023,NC,PULMONARY DISEASE,1,127,305.0
37025,NC,CARDIOVASCULAR DISEASE (CARDIOLOGY),29,25846,167924.0
37025,NC,ENDOCRINOLOGY,6,1691,23528.0
37025,NC,HEMATOLOGY/ONCOLOGY,8,1574,3966.0
37025,NC,INTERNAL MEDICINE,50,14205,66304.0
37025,NC,NEUROLOGY,10,2172,89308.0
37025,NC,PSYCHIATRY,19,1196,4206.0
37025,NC,PULMONARY DISEASE,7,1983,7544.0
37025,NC,RHEUMATOLOGY,3,809,133865.0
37027,NC,CARDIOVASCULAR DISEASE (CARDIOLOGY),6,6790,30106.0
37027,NC,HEMATOLOGY/ONCOLOGY,1,412,1595.0
37027,NC,INTERNAL MEDICINE,10,1202,3339.0
37027,NC,NEUROLOGY,1,0,0.0
37027,NC,PSYCHIATRY,1,11,19.0
37027,NC,PULMONARY DISEASE,3,756,2456.0
37029,NC,INTERNAL MEDICINE,1,626,2736.0
37031,NC,CARDIOVASCULAR DISEASE (CARDIOLOGY),3,788,1433.0
37031,NC,ENDOCRINOLOGY,1,1185,24923.0
37031,NC,HEMATOLOGY/ONCOLOGY,2,56,56.0
37031,NC,INTERNAL MEDICINE,13,2948,18890.0
37031,NC,PULMONARY DISEASE,1,867,2504.0
37031,NC,RHEUMATOLOGY,1,85,411.0
37033,NC,INTERNAL MEDICINE,1,165,235.0
37033,NC,PSYCHIATRY,1,0,0.0
37035,NC,CARDIOVASCULAR DISEASE (CARDIOLOGY),12,7835,19405.0
37035,NC,ENDOCRINOLOGY,3,709,9029.0
37035,NC,HEMATOLOGY/ONCOLOGY,2,1028,177216.0
37035,NC,INTERNAL MEDICINE,35,7489,158837.0
37035,NC,NEUROLOGY,4,1004,2331.0
37035,NC,PSYCHIATRY,12,674,3928.0
37035,NC,PULMONARY DISEASE,9,2289,7732.0
37035,NC,RHEUMATOLOGY,4,1007,397141.0
37037,NC,ENDOCRINOLOGY,1,266,577.0
37037,NC,INTERNAL MEDICINE,6,1244,6549.0
37037,NC,PSYCHIATRY,4,85,813.0
37037,NC,PULMONARY DISEASE,1,178,1223.0
37039,NC,CARDIOVASCULAR DISEASE (CARDIOLOGY),3,1158,5393.0
37039,NC,INTERNAL MEDICINE,5,501,2776.5
37041,NC,INTERNAL MEDICINE,10,1595,5201.0
37041,NC,PSYCHIATRY,1,0,0.0
37043,NC,PSYCHIATRY,1,22,23.0
37045,NC,CARDIOVASCULAR DISEASE (CARDIOLOGY),2,3288,14912.0
37045,NC,ENDOCRINOLOGY,2,239,528.0
37045,NC,HEMATOLOGY/ONCOLOGY,1,63,69.0
37045,NC,INTERNAL MEDICINE,14,3144,116380.0
37045,NC,PSYCHIATRY,1,167,388.0
37045,NC,PULMONARY DISEASE,1,12,27.0
37047,NC,ENDOCRINOLOGY,1,24,37.0
37047,NC,HEMATOLOGY/ONCOLOGY,1,288,710.0
37047,NC,INTERNAL MEDICINE,7,2122,43423.0
37047,NC,PSYCHIATRY,1,0,0.0
37049,NC,CARDIOVASCULAR DISEASE (CARDIOLOGY),10,12870,61112.0
37049,NC,ENDOCRINOLOGY,1,1639,27395.0
37049,NC,INTERNAL MEDICINE,17,8212,243936.0
37049,NC,NEUROLOGY,3,1118,40739.0
37049,NC,PSYCHIATRY,4,373,2068.0
37049,NC,PULMONARY DISEASE,2,1922,27414.0
37049,NC,RHEUMATOLOGY,2,1808,47061.0
37051,NC,CARDIOVASCULAR DISEASE (CARDIOLOGY),17,10530,49191.0
37051,NC,ENDOCRINOLOGY,4,1736,10023.0
37051,NC,HEMATOLOGY/ONCOLOGY,5,954,39610.0
37051,NC,INTERNAL MEDICINE,94,18952,163879.0
37051,NC,NEUROLOGY,14,2643,55292.0
37051,NC,PSYCHIATRY,20,1079,3344.0
37051,NC,PULMONARY DISEASE,6,1886,18076.0
37051,NC,RHEUMATOLOGY,2,718,229758.0
37053,NC,RHEUMATOLOGY,1,700,2224.0
37055,NC,HEMATOLOGY/ONCOLOGY,2,330,683.0
37055,NC,INTERNAL MEDICINE,10,3404,14728.0
37057,NC,CARDIOVASCULAR DISEASE (CARDIOLOGY),3,274,378.0
37057,NC,ENDOCRINOLOGY,1,138,367.0
37057,NC,HEMATOLOGY/ONCOLOGY,5,777,4089.0
37057,NC,INTERNAL MEDICINE,14,2197,10533.0
37057,NC,NEUROLOGY,1,183,222.0
37057,NC,PSYCHIATRY,11,382,1264.0
37057,NC,PULMONARY DISEASE,3,545,824.0
37059,NC,CARDIOVASCULAR DISEASE (CARDIOLOGY),1,1782,2929.0
37059,NC,INTERNAL MEDICINE,2,346,6464.0
37059,NC,NEUROLOGY,3,1006,2364.0
37061,NC,HEMATOLOGY/ONCOLOGY,1,144,391.0
37061,NC,INTERNAL MEDICINE,5,749,2423.0
37061,NC,PSYCHIATRY,2,146,766.0
37063,NC,CARDIOVASCULAR DISEASE (CARDIOLOGY),42,27315,76010.0
37063,NC,ENDOCRINOLOGY,12,1796,4230.0
37063,NC,HEMATOLOGY/ONCOLOGY,24,2596,10123.0
37063,NC,INTERNAL MEDICINE,273,41502,272821.0
37063,NC,NEUROLOGY,56,10917,152079.0
37063,NC,PSYCHIATRY,64,3298,15101.0
37063,NC,PULMONARY DISEASE,28,7715,20126.0
37063,NC,RHEUMATOLOGY,20,1922,51119.0
37065,NC,CARDIOVASCULAR DISEASE (CARDIOLOGY),5,4207,9880.0
37065,NC,INTERNAL MEDICINE,16,1922,11809.0
37065,NC,NEUROLOGY,3,1259,2769.0
37065,NC,PSYCHIATRY,1,33,117.0
37065,NC,PULMONARY DISEASE,1,528,1853.0
37067,NC,CARDIOVASCULAR DISEASE (CARDIOLOGY),9,8490,18062.0
37067,NC,ENDOCRINOLOGY,13,2708,9146.0
37067,NC,HEMATOLOGY/ONCOLOGY,10,1555,5014.0
37067,NC,INTERNAL MEDICINE,106,15949,64335.0
37067,NC,NEUROLOGY,50,8543,120027.0
37067,NC,PSYCHIATRY,49,2091,10667.0
37067,NC,PULMONARY DISEASE,7,3115,53500.0
37067,NC,RHEUMATOLOGY,8,1677,37824.0
37069,NC,CARDIOVASCULAR DISEASE (CARDIOLOGY),1,1287,4017.0
37069,NC,INTERNAL MEDICINE,5,898,6134.0
37069,NC,NEUROLOGY,4,603,1443.0
37069,NC,PSYCHIATRY,3,142,633.0
37069,NC,RHEUMATOLOGY,1,52,150.0
37071,NC,CARDIOVASCULAR DISEASE (CARDIOLOGY),12,7462,17250.0
37071,NC,ENDOCRINOLOGY,4,1207,10869.0
37071,NC,HEMATOLOGY/ONCOLOGY,5,957,3386.0
37071,NC,INTERNAL MEDICINE,76,14795,105778.0
37071,NC,NEUROLOGY,14,2896,26333.0
37071,NC,PSYCHIATRY,9,633,1930.0
37071,NC,PULMONARY DISEASE,11,3111,11068.0
37071,NC,RHEUMATOLOGY,5,739,90994.0
37077,NC,CARDIOVASCULAR DISEASE (CARDIOLOGY),2,1163,6184.0
37077,NC,INTERNAL MEDICINE,11,2072,7261.0
37077,NC,PSYCHIATRY,2,59,726.0
37081,NC,CARDIOVASCULAR DISEASE (CARDIOLOGY),63,33120,75968.0
37081,NC,ENDOCRINOLOGY,11,2112,26235.0
37081,NC,HEMATOLOGY/ONCOLOGY,9,1930,5820.0
37081,NC,INTERNAL MEDICINE,195,28850,274495.5
37081,NC,NEUROLOGY,31,4773,134656.0
37081,NC,PSYCHIATRY,32,999,4579.0
37081,NC,PULMONARY DISEASE,23,3997,155970.0
37081,NC,RHEUMATOLOGY,11,4961,668658.0
37083,NC,CARDIOVASCULAR DISEASE (CARDIOLOGY),3,3048,8636.0
37083,NC,HEMATOLOGY/ONCOLOGY,1,194,508.0
37083,NC,INTERNAL MEDICINE,11,1450,4017.0
37083,NC,PSYCHIATRY,1,147,1536.0
37083,NC,PULMONARY DISEASE,1,237,1164.0
37085,NC,HEMATOLOGY/ONCOLOGY,1,209,593.0
37085,NC,INTERNAL MEDICINE,17,3146,22973.0
37085,NC,NEUROLOGY,2,548,1248.0
37085,NC,PSYCHIATRY,1,60,199.0
37085,NC,RHEUMATOLOGY,1,77,271.0
37087,NC,CARDIOVASCULAR DISEASE (CARDIOLOGY),4,3360,8145.0
37087,NC,HEMATOLOGY/ONCOLOGY,2,366,1135.0
37087,NC,INTERNAL MEDICINE,14,3035,9148.0
37087,NC,PSYCHIATRY,3,46,207.0
37087,NC,PULMONARY DISEASE,1,437,1158.0
37087,NC,RHEUMATOLOGY,1,1105,2141.0
37089,NC,CARDIOVASCULAR DISEASE (CARDIOLOGY),7,6264,14144.0
37089,NC,ENDOCRINOLOGY,6,488,2795.0
37089,NC,HEMATOLOGY/ONCOLOGY,4,1488,4886.0
37089,NC,INTERNAL MEDICINE,38,9029,46566.0
37089,NC,NEUROLOGY,5,1964,6505.0
37089,NC,PSYCHIATRY,4,419,2619.0
37089,NC,PULMONARY DISEASE,8,2776,6730.0
37089,NC,RHEUMATOLOGY,6,1606,137683.0
37091,NC,HEMATOLOGY/ONCOLOGY,1,801,153165.0
37091,NC,INTERNAL MEDICINE,9,4128,55235.0
37091,NC,PSYCHIATRY,1,199,1147.0
37091,NC,RHEUMATOLOGY,1,12,105.0
37093,NC,INTERNAL MEDICINE,8,1133,4206.0
37093,NC,PSYCHIATRY,2,66,75.0
37097,NC,CARDIOVASCULAR DISEASE (CARDIOLOGY),12,10138,41197.0
37097,NC,ENDOCRINOLOGY,3,1151,17689.0
37097,NC,HEMATOLOGY/ONCOLOGY,6,1180,265019.0
37097,NC,INTERNAL MEDICINE,32,7638,116205.0
37097,NC,NEUROLOGY,6,2251,165381.0
37097,NC,PSYCHIATRY,6,411,3037.0
37097,NC,PULMONARY DISEASE,4,2493,31985.0
37097,NC,RHEUMATOLOGY,3,1740,508864.0
37099,NC,CARDIOVASCULAR DISEASE (CARDIOLOGY),3,2190,4115.0
37099,NC,ENDOCRINOLOGY,1,140,459.0
37099,NC,INTERNAL MEDICINE,11,3183,22372.0
37099,NC,PULMONARY DISEASE,1,316,640.0
37101,NC,CARDIOVASCULAR DISEASE (CARDIOLOGY),8,9613,42353.0
37101,NC,ENDOCRINOLOGY,1,123,1065.0
37101,NC,HEMATOLOGY/ONCOLOGY,2,425,882.0
37101,NC,INTERNAL MEDICINE,19,4990,94683.0
37101,NC,NEUROLOGY,1,462,993.0
37101,NC,PSYCHIATRY,6,531,2334.0
37101,NC,PULMONARY DISEASE,1,534,2756.0
37101,NC,RHEUMATOLOGY,2,270,2152.0
37103,NC,CARDIOVASCULAR DISEASE (CARDIOLOGY),4,2400,6467.0
37103,NC,ENDOCRINOLOGY,2,469,7118.0
37103,NC,HEMATOLOGY/ONCOLOGY,3,1723,6244.0
37103,NC,INTERNAL MEDICINE,11,4587,142037.0
37103,NC,NEUROLOGY,2,982,10123.0
37103,NC,PSYCHIATRY,1,0,0.0
37103,NC,PULMONARY DISEASE,2,1433,98042.0
37103,NC,RHEUMATOLOGY,3,1478,281081.0
37105,NC,CARDIOVASCULAR DISEASE (CARDIOLOGY),5,2264,19522.0
37105,NC,ENDOCRINOLOGY,1,1102,43101.0
37105,NC,HEMATOLOGY/ONCOLOGY,1,115,12081.0
37105,NC,INTERNAL MEDICINE,10,1619,11775.0
37105,NC,NEUROLOGY,1,382,1031.0
37105,NC,PSYCHIATRY,1,25,240.0
37105,NC,PULMONARY DISEASE,1,49,274.0
37107,NC,CARDIOVASCULAR DISEASE (CARDIOLOGY),5,5002,25071.0
37107,NC,ENDOCRINOLOGY,1,318,13057.0
37107,NC,HEMATOLOGY/ONCOLOGY,1,396,21850.0
37107,NC,INTERNAL MEDICINE,25,6938,147051.0
37107,NC,NEUROLOGY,1,312,476.0
37107,NC,PSYCHIATRY,3,55,374.0
37107,NC,PULMONARY DISEASE,2,642,2076.0
37109,NC,CARDIOVASCULAR DISEASE (CARDIOLOGY),3,3522,12268.0
37109,NC,HEMATOLOGY/ONCOLOGY,4,806,35172.0
37109,NC,INTERNAL MEDICINE,7,2473,15496.0
37109,NC,PSYCHIATRY,2,116,440.0
37109,NC,PULMONARY DISEASE,1,215,981.0
37111,NC,CARDIOVASCULAR DISEASE (CARDIOLOGY),2,3484,6363.0
37111,NC,INTERNAL MEDICINE,14,4375,54515.0
37111,NC,NEUROLOGY,2,1025,8492.0
37111,NC,RHEUMATOLOGY,1,468,131776.0
37113,NC,INTERNAL MEDICINE,21,3333,11273.0
37115,NC,INTERNAL MEDICINE,3,553,6409.0
37117,NC,PSYCHIATRY,1,112,494.0
37119,NC,CARDIOVASCULAR DISEASE (CARDIOLOGY),84,57789,248063.0
37119,NC,ENDOCRINOLOGY,29,7359,48349.0
37119,NC,HEMATOLOGY/ONCOLOGY,74,11739,773620.0
37119,NC,INTERNAL MEDICINE,327,66417,548136.0
37119,NC,NEUROLOGY,90,17888,202295.0
37119,NC,PSYCHIATRY,120,4981,17985.0
37119,NC,PULMONARY DISEASE,64,16564,53229.0
37119,NC,RHEUMATOLOGY,29,10772,1631956.0
37121,NC,CARDIOVASCULAR DISEASE (CARDIOLOGY),1,858,1728.0
37123,NC,CARDIOVASCULAR DISEASE (CARDIOLOGY),1,0,0.0
37123,NC,INTERNAL MEDICINE,2,419,1036.0
37125,NC,CARDIOVASCULAR DISEASE (CARDIOLOGY),4,2647,8341.0
37125,NC,ENDOCRINOLOGY,2,854,20807.0
37125,NC,HEMATOLOGY/ONCOLOGY,5,1277,4715.0
37125,NC,INTERNAL MEDICINE,42,20256,331162.0
37125,NC,NEUROLOGY,12,4140,79926.0
37125,NC,PSYCHIATRY,14,781,3044.0
37125,NC,PULMONARY DISEASE,5,2866,22158.0
37125,NC,RHEUMATOLOGY,2,587,244785.0
37127,NC,CARDIOVASCULAR DISEASE (CARDIOLOGY),1,197,1712.0
37127,NC,ENDOCRINOLOGY,2,1243,22144.0
37127,NC,HEMATOLOGY/ONCOLOGY,3,673,1958.0
37127,NC,INTERNAL MEDICINE,30,7673,37789.0
37127,NC,PSYCHIATRY,3,38,86.0
37127,NC,PULMONARY DISEASE,1,700,3365.0
37129,NC,CARDIOVASCULAR DISEASE (CARDIOLOGY),34,46322,128746.0
37129,NC,ENDOCRINOLOGY,6,2783,54356.0
37129,NC,HEMATOLOGY/ONCOLOGY,6,2280,62232.0
37129,NC,INTERNAL MEDICINE,79,28239,438096.0
37129,NC,NEUROLOGY,20,6924,123742.0
37129,NC,PSYCHIATRY,25,1730,11413.0
37129,NC,PULMONARY DISEASE,14,7804,28572.0
37129,NC,RHEUMATOLOGY,8,3947,970142.0
37131,NC,INTERNAL MEDICINE,1,111,286.0
37131,NC,PSYCHIATRY,1,0,0.0
37133,NC,CARDIOVASCULAR DISEASE (CARDIOLOGY),5,5692,15586.0
37133,NC,ENDOCRINOLOGY,3,1905,54214.0
37133,NC,HEMATOLOGY/ONCOLOGY,3,2408,732293.0
37133,NC,INTERNAL MEDICINE,35,9628,126309.0
37133,NC,NEUROLOGY,1,52,244.0
37133,NC,PSYCHIATRY,6,361,1120.0
37133,NC,PULMONARY DISEASE,2,723,2700.0
37135,NC,CARDIOVASCULAR DISEASE (CARDIOLOGY),30,19093,38207.0
37135,NC,ENDOCRINOLOGY,21,2627,6855.0
37135,NC,HEMATOLOGY/ONCOLOGY,30,2851,11019.0
37135,NC,INTERNAL MEDICINE,90,11875,60097.0
37135,NC,NEUROLOGY,58,6428,44887.0
37135,NC,PSYCHIATRY,111,3016,13778.0
37135,NC,PULMONARY DISEASE,36,4918,13956.0
37135,NC,RHEUMATOLOGY,15,1468,5363.0
37137,NC,INTERNAL MEDICINE,1,316,5087.0
37139,NC,CARDIOVASCULAR DISEASE (CARDIOLOGY),4,8007,29439.0
37139,NC,ENDOCRINOLOGY,1,432,851.0
37139,NC,HEMATOLOGY/ONCOLOGY,6,5496,832326.0
37139,NC,INTERNAL MEDICINE,44,12591,47585.0
37139,NC,NEUROLOGY,10,2860,4485.0
37139,NC,PULMONARY DISEASE,3,2353,6076.0
37141,NC,INTERNAL MEDICINE,4,912,10691.0
37145,NC,CARDIOVASCULAR DISEASE (CARDIOLOGY),1,27,36.0
37145,NC,INTERNAL MEDICINE,5,1225,12012.5
37145,NC,PSYCHIATRY,1,0,0.0
37147,NC,CARDIOVASCULAR DISEASE (CARDIOLOGY),19,24130,141150.0
37147,NC,ENDOCRINOLOGY,8,4324,143003.0
37147,NC,HEMATOLOGY/ONCOLOGY,6,2781,394802.0
37147,NC,INTERNAL MEDICINE,77,16493,150050.5
37147,NC,NEUROLOGY,16,2922,19082.0
37147,NC,PSYCHIATRY,20,1676,6451.0
37147,NC,PULMONARY DISEASE,18,7666,24074.0
37147,NC,RHEUMATOLOGY,4,2792,327706.3
37149,NC,CARDIOVASCULAR DISEASE (CARDIOLOGY),2,1529,3716.0
37149,NC,INTERNAL MEDICINE,5,959,4178.0
37149,NC,PSYCHIATRY,1,0,0.0
37151,NC,CARDIOVASCULAR DISEASE (CARDIOLOGY),5,3067,6557.0
37151,NC,HEMATOLOGY/ONCOLOGY,2,287,802.0
37151,NC,INTERNAL MEDICINE,13,1698,14728.0
37151,NC,PSYCHIATRY,2,36,109.0
37151,NC,PULMONARY DISEASE,1,430,6976.0
37153,NC,CARDIOVASCULAR DISEASE (CARDIOLOGY),5,4106,18537.0
37153,NC,INTERNAL MEDICINE,6,1803,7694.0
37155,NC,CARDIOVASCULAR DISEASE (CARDIOLOGY),8,3886,10896.0
37155,NC,HEMATOLOGY/ONCOLOGY,1,0,0.0
37155,NC,INTERNAL MEDICINE,16,2696,8105.0
37155,NC,NEUROLOGY,2,349,3634.0
37155,NC,PSYCHIATRY,3,0,0.0
37155,NC,PULMONARY DISEASE,2,455,11908.0
37157,NC,CARDIOVASCULAR DISEASE (CARDIOLOGY),2,1257,2739.0
37157,NC,ENDOCRINOLOGY,1,223,925.0
37157,NC,HEMATOLOGY/ONCOLOGY,1,67,230.0
37157,NC,INTERNAL MEDICINE,15,3424,29907.0
37157,NC,PSYCHIATRY,1,39,134.0
37159,NC,HEMATOLOGY/ONCOLOGY,1,169,654.0
37159,NC,INTERNAL MEDICINE,12,3242,32927.0
37159,NC,NEUROLOGY,6,1932,47859.0
37159,NC,PSYCHIATRY,6,372,2557.0
37159,NC,PULMONARY DISEASE,1,360,1034.0
37159,NC,RHEUMATOLOGY,2,326,113361.0
37161,NC,CARDIOVASCULAR DISEASE (CARDIOLOGY),1,324,623.0
37161,NC,HEMATOLOGY/ONCOLOGY,1,167,517.0
37161,NC,INTERNAL MEDICINE,9,1639,16255.0
37161,NC,NEUROLOGY,1,569,2793.0
37161,NC,PSYCHIATRY,1,35,225.0
37163,NC,CARDIOVASCULAR DISEASE (CARDIOLOGY),1,419,910.0
37163,NC,ENDOCRINOLOGY,1,0,0.0
37163,NC,INTERNAL MEDICINE,20,2472,11061.0
37163,NC,PSYCHIATRY,1,12,59.0
37165,NC,CARDIOVASCULAR DISEASE (CARDIOLOGY),2,324,1732.0
37165,NC,HEMATOLOGY/ONCOLOGY,2,204,466.0
37165,NC,INTERNAL MEDICINE,6,1377,3932.0
37165,NC,PSYCHIATRY,1,24,121.0
37165,NC,PULMONARY DISEASE,1,433,2879.0
37167,NC,HEMATOLOGY/ONCOLOGY,1,117,335.0
37167,NC,INTERNAL MEDICINE,4,1229,13034.0
37167,NC,PSYCHIATRY,5,242,966.0
37167,NC,PULMONARY DISEASE,1,396,1231.0
37169,NC,INTERNAL MEDICINE,2,131,588.0
37171,NC,CARDIOVASCULAR DISEASE (CARDIOLOGY),2,1215,6556.0
37171,NC,ENDOCRINOLOGY,1,215,903.0
37171,NC,INTERNAL MEDICINE,20,4222,16197.0
37171,NC,NEUROLOGY,1,382,778.0
37171,NC,PSYCHIATRY,3,100,701.0
37173,NC,CARDIOVASCULAR DISEASE (CARDIOLOGY),1,1487,2490.0
37173,NC,INTERNAL MEDICINE,1,0,0.0
37173,NC,PSYCHIATRY,1,18,46.0
37175,NC,CARDIOVASCULAR DISEASE (CARDIOLOGY),1,601,2300.0
37175,NC,INTERNAL MEDICINE,6,1083,4106.0
37175,NC,NEUROLOGY,4,1402,11532.0
37175,NC,PSYCHIATRY,2,103,289.0
37177,NC,PSYCHIATRY,1,103,384.0
37179,NC,CARDIOVASCULAR DISEASE (CARDIOLOGY),4,3991,14395.0
37179,NC,ENDOCRINOLOGY,2,638,15337.0
37179,NC,HEMATOLOGY/ONCOLOGY,5,855,2365.0
37179,NC,INTERNAL MEDICINE,10,2276,12069.0
37179,NC,NEUROLOGY,4,1087,11494.0
37179,NC,PSYCHIATRY,3,188,860.0
37179,NC,PULMONARY DISEASE,5,2143,8394.0
37181,NC,CARDIOVASCULAR DISEASE (CARDIOLOGY),3,1114,3793.0
37181,NC,HEMATOLOGY/ONCOLOGY,1,178,329.0
37181,NC,INTERNAL MEDICINE,5,188,1066.0
37181,NC,NEUROLOGY,1,444,821.0
37181,NC,PSYCHIATRY,2,31,114.0
37183,NC,CARDIOVASCULAR DISEASE (CARDIOLOGY),73,76691,234529.0
37183,NC,ENDOCRINOLOGY,21,10046,70948.0
37183,NC,HEMATOLOGY/ONCOLOGY,30,7524,342042.5
37183,NC,INTERNAL MEDICINE,306,49825,375560.0
37183,NC,NEUROLOGY,36,10480,598884.0
37183,NC,PSYCHIATRY,99,3638,23493.0
37183,NC,PULMONARY DISEASE,29,11520,41511.0
37183,NC,RHEUMATOLOGY,19,4240,972457.0
37187,NC,INTERNAL MEDICINE,1,116,297.0
37189,NC,CARDIOVASCULAR DISEASE (CARDIOLOGY),1,884,2252.0
37189,NC,HEMATOLOGY/ONCOLOGY,1,269,440.0
37189,NC,INTERNAL MEDICINE,12,3003,12385.0
37189,NC,NEUROLOGY,3,1730,9777.0
37189,NC,PSYCHIATRY,1,0,0.0
37189,NC,PULMONARY DISEASE,3,658,5829.0
37189,NC,RHEUMATOLOGY,2,729,160119.0
37191,NC,CARDIOVASCULAR DISEASE (CARDIOLOGY),1,1518,9946.0
37191,NC,ENDOCRINOLOGY,2,279,1268.0
37191,NC,HEMATOLOGY/ONCOLOGY,3,3540,747919.0
37191,NC,INTERNAL MEDICINE,29,7896,35442.0
37191,NC,NEUROLOGY,1,570,985.0
37191,NC,PSYCHIATRY,12,1087,6778.0
37191,NC,PULMONARY DISEASE,4,1121,2618.0
37191,NC,RHEUMATOLOGY,1,402,212194.0
37193,NC,CARDIOVASCULAR DISEASE (CARDIOLOGY),4,1138,1826.0
37193,NC,INTERNAL MEDICINE,10,1933,15392.0
37193,NC,NEUROLOGY,3,250,467.0
37193,NC,PSYCHIATRY,1,476,2361.0
37193,NC,PULMONARY DISEASE,1,306,1767.0
37195,NC,CARDIOVASCULAR DISEASE (CARDIOLOGY),5,3139,23717.0
37195,NC,ENDOCRINOLOGY,1,29,100.0
37195,NC,HEMATOLOGY/ONCOLOGY,3,1415,321848.0
37195,NC,INTERNAL MEDICINE,39,12873,252777.5
37195,NC,NEUROLOGY,8,2313,33826.0
37195,NC,PSYCHIATRY,3,317,1470.0
37195,NC,PULMONARY DISEASE,2,825,2893.0
37195,NC,RHEUMATOLOGY,2,733,261505.0
37199,NC,INTERNAL MEDICINE,1,19,49.0
38001,ND,INTERNAL MEDICINE,1,82,476.0
38015,ND,CARDIOVASCULAR DISEASE (CARDIOLOGY),4,6302,15185.0
38015,ND,ENDOCRINOLOGY,1,82,455.0
38015,ND,HEMATOLOGY/ONCOLOGY,6,2337,7253.0
38015,ND,INTERNAL MEDICINE,19,8589,77073.0
38015,ND,NEUROLOGY,6,1200,6668.0
38015,ND,PSYCHIATRY,15,568,2567.0
38015,ND,PULMONARY DISEASE,8,1859,5127.0
38015,ND,RHEUMATOLOGY,2,409,1292.0
38017,ND,CARDIOVASCULAR DISEASE (CARDIOLOGY),16,18030,39150.0
38017,ND,ENDOCRINOLOGY,8,2471,5642.0
38017,ND,HEMATOLOGY/ONCOLOGY,8,461,1515.0
38017,ND,INTERNAL MEDICINE,39,13333,75753.0
38017,ND,NEUROLOGY,24,7033,13627.0
38017,ND,PSYCHIATRY,30,2767,10404.0
38017,ND,PULMONARY DISEASE,9,2401,6121.0
38017,ND,RHEUMATOLOGY,6,2174,9174.0
38021,ND,INTERNAL MEDICINE,2,90,118.0
38035,ND,CARDIOVASCULAR DISEASE (CARDIOLOGY),3,2408,6741.0
38035,ND,INTERNAL MEDICINE,6,2007,15607.0
38035,ND,NEUROLOGY,17,4754,36626.0
38035,ND,PSYCHIATRY,10,595,2320.0
38035,ND,PULMONARY DISEASE,5,1620,3705.0
38053,ND,INTERNAL MEDICINE,3,201,944.0
38057,ND,PSYCHIATRY,2,20,113.0
38059,ND,INTERNAL MEDICINE,2,118,929.0
38061,ND,INTERNAL MEDICINE,1,56,416.0
38067,ND,INTERNAL MEDICINE,1,31,141.0
38071,ND,CARDIOVASCULAR DISEASE (CARDIOLOGY),3,731,3404.0
38071,ND,HEMATOLOGY/ONCOLOGY,2,348,1163.0
38071,ND,INTERNAL MEDICINE,10,2569,38120.0
38071,ND,PSYCHIATRY,2,0,0.0
38077,ND,INTERNAL MEDICINE,1,561,9124.0
38079,ND,INTERNAL MEDICINE,1,299,566.0
38089,ND,INTERNAL MEDICINE,3,1056,26843.0
38089,ND,PSYCHIATRY,1,61,285.0
38089,ND,RHEUMATOLOGY,1,271,887.0
38093,ND,INTERNAL MEDICINE,1,162,556.0
38093,ND,PSYCHIATRY,4,148,504.0
38099,ND,INTERNAL MEDICINE,1,0,0.0
38099,ND,PSYCHIATRY,2,32,148.0
38101,ND,CARDIOVASCULAR DISEASE (CARDIOLOGY),3,5924,15433.0
38101,ND,ENDOCRINOLOGY,1,662,1404.0
38101,ND,HEMATOLOGY/ONCOLOGY,2,906,2532.0
38101,ND,INTERNAL MEDICINE,4,1514,4203.0
38101,ND,NEUROLOGY,4,1201,2571.0
38101,ND,PSYCHIATRY,9,352,1959.0
38101,ND,PULMONARY DISEASE,2,802,3407.0
38105,ND,HEMATOLOGY/ONCOLOGY,3,707,2099.0
38105,ND,INTERNAL MEDICINE,3,439,1356.0
38105,ND,NEUROLOGY,1,146,860.0
38105,ND,PSYCHIATRY,1,21,33.0
38105,ND,RHEUMATOLOGY,1,315,1108.0
39001,OH,CARDIOVASCULAR DISEASE (CARDIOLOGY),1,0,0.0
39001,OH,HEMATOLOGY/ONCOLOGY,1,130,3119.0
39001,OH,INTERNAL MEDICINE,3,1269,7122.0
39003,OH,CARDIOVASCULAR DISEASE (CARDIOLOGY),14,27014,74582.0
39003,OH,ENDOCRINOLOGY,1,427,1044.0
39003,OH,HEMATOLOGY/ONCOLOGY,8,2174,416573.0
39003,OH,INTERNAL MEDICINE,43,13160,36991.0
39003,OH,NEUROLOGY,4,1171,2263.0
39003,OH,PSYCHIATRY,3,176,1128.0
39003,OH,PULMONARY DISEASE,9,3096,9711.0
39003,OH,RHEUMATOLOGY,3,1212,112223.0
39005,OH,CARDIOVASCULAR DISEASE (CARDIOLOGY),2,1467,3622.0
39005,OH,ENDOCRINOLOGY,1,230,575.0
39005,OH,INTERNAL MEDICINE,3,603,3657.0
39005,OH,NEUROLOGY,1,273,438.0
39005,OH,PSYCHIATRY,1,100,463.0
39007,OH,CARDIOVASCULAR DISEASE (CARDIOLOGY),17,16127,39172.0
39007,OH,ENDOCRINOLOGY,6,2654,10633.0
39007,OH,HEMATOLOGY/ONCOLOGY,4,1352,4414.0
39007,OH,INTERNAL MEDICINE,36,8485,43950.0
39007,OH,NEUROLOGY,7,1800,20427.0
39007,OH,PSYCHIATRY,3,162,517.0
39007,OH,PULMONARY DISEASE,2,860,2453.0
39009,OH,ENDOCRINOLOGY,1,234,881.0
39009,OH,HEMATOLOGY/ONCOLOGY,1,132,389.0
39009,OH,INTERNAL MEDICINE,13,2705,8626.0
39009,OH,NEUROLOGY,3,706,3120.0
39009,OH,PSYCHIATRY,7,82,583.0
39009,OH,PULMONARY DISEASE,1,364,1058.0
39011,OH,CARDIOVASCULAR DISEASE (CARDIOLOGY),1,2674,7622.0
39011,OH,INTERNAL MEDICINE,2,940,3412.0
39011,OH,NEUROLOGY,1,490,11779.0
39013,OH,CARDIOVASCULAR DISEASE (CARDIOLOGY),3,2764,10569.0
39013,OH,INTERNAL MEDICINE,3,246,740.0
39013,OH,NEUROLOGY,1,531,1218.0
39013,OH,PSYCHIATRY,3,158,588.0
39015,OH,CARDIOVASCULAR DISEASE (CARDIOLOGY),2,1459,4787.0
39017,OH,CARDIOVASCULAR DISEASE (CARDIOLOGY),18,11727,25464.0
39017,OH,ENDOCRINOLOGY,3,334,1254.0
39017,OH,HEMATOLOGY/ONCOLOGY,6,2007,329123.0
39017,OH,INTERNAL MEDICINE,57,12962,82385.2
39017,OH,NEUROLOGY,8,1037,3672.0
39017,OH,PSYCHIATRY,19,1163,7386.0
39017,OH,PULMONARY DISEASE,9,2465,6394.0
39017,OH,RHEUMATOLOGY,5,858,166201.0
39019,OH,CARDIOVASCULAR DISEASE (CARDIOLOGY),1,928,2072.0
39019,OH,INTERNAL MEDICINE,4,1268,4982.0
39021,OH,CARDIOVASCULAR DISEASE (CARDIOLOGY),1,1180,3461.0
39021,OH,HEMATOLOGY/ONCOLOGY,1,461,870.0
39021,OH,INTERNAL MEDICINE,3,468,1703.0
39023,OH,CARDIOVASCULAR DISEASE (CARDIOLOGY),2,1039,3987.0
39023,OH,ENDOCRINOLOGY,1,403,1759.0
39023,OH,HEMATOLOGY/ONCOLOGY,3,880,2531.0
39023,OH,INTERNAL MEDICINE,94,18741,63669.0
39023,OH,NEUROLOGY,7,2278,34587.0
39023,OH,PSYCHIATRY,8,520,3669.0
39023,OH,PULMONARY DISEASE,5,1704,4919.0
39023,OH,RHEUMATOLOGY,1,354,2679.0
39025,OH,HEMATOLOGY/ONCOLOGY,1,373,6119.0
39025,OH,INTERNAL MEDICINE,17,4381,14143.0
39025,OH,PSYCHIATRY,4,312,1530.0
39025,OH,PULMONARY DISEASE,6,1554,5162.0
39027,OH,INTERNAL MEDICINE,4,1465,3045.0
39029,OH,CARDIOVASCULAR DISEASE (CARDIOLOGY),1,1831,4016.0
39029,OH,ENDOCRINOLOGY,1,37,67.0
39029,OH,HEMATOLOGY/ONCOLOGY,1,198,673.0
39029,OH,INTERNAL MEDICINE,25,3950,21706.0
39029,OH,NEUROLOGY,1,20,25.0
39029,OH,PSYCHIATRY,2,644,1410.0
39029,OH,PULMONARY DISEASE,1,817,3967.0
39031,OH,INTERNAL MEDICINE,7,797,2344.0
39033,OH,CARDIOVASCULAR DISEASE (CARDIOLOGY),1,1008,1688.0
39033,OH,INTERNAL MEDICINE,2,313,1793.0
39033,OH,RHEUMATOLOGY,1,222,415.0
39035,OH,CARDIOVASCULAR DISEASE (CARDIOLOGY),104,69450,168304.0
39035,OH,ENDOCRINOLOGY,33,5874,22478.0
39035,OH,HEMATOLOGY/ONCOLOGY,66,7831,23996.0
39035,OH,INTERNAL MEDICINE,512,107763,472405.5
39035,OH,NEUROLOGY,86,14344,96899.0
39035,OH,PSYCHIATRY,145,5943,30512.0
39035,OH,PULMONARY DISEASE,79,19560,53705.0
39035,OH,RHEUMATOLOGY,28,6051,244820.0
39037,OH,CARDIOVASCULAR DISEASE (CARDIOLOGY),1,628,1611.0
39037,OH,INTERNAL MEDICINE,5,1608,3001.0
39037,OH,PSYCHIATRY,1,0,0.0
39039,OH,CARDIOVASCULAR DISEASE (CARDIOLOGY),6,9463,19955.0
39039,OH,INTERNAL MEDICINE,7,3424,17397.0
39039,OH,NEUROLOGY,2,519,1384.0
39039,OH,PSYCHIATRY,2,86,1231.0
39039,OH,PULMONARY DISEASE,8,3664,10083.0
39041,OH,CARDIOVASCULAR DISEASE (CARDIOLOGY),5,4561,8796.0
39041,OH,ENDOCRINOLOGY,4,1708,11579.0
39041,OH,HEMATOLOGY/ONCOLOGY,2,471,36680.0
39041,OH,INTERNAL MEDICINE,31,7846,60549.0
39041,OH,NEUROLOGY,6,1008,3787.0
39041,OH,PSYCHIATRY,8,243,2026.0
39043,OH,CARDIOVASCULAR DISEASE (CARDIOLOGY),4,2529,4931.0
39043,OH,HEMATOLOGY/ONCOLOGY,2,515,1408.0
39043,OH,INTERNAL MEDICINE,17,4646,19003.0
39043,OH,NEUROLOGY,6,2956,37587.0
39043,OH,PSYCHIATRY,6,406,1803.0
39043,OH,PULMONARY DISEASE,1,735,2847.0
39043,OH,RHEUMATOLOGY,1,395,73973.5
39045,OH,CARDIOVASCULAR DISEASE (CARDIOLOGY),13,8874,22446.0
39045,OH,ENDOCRINOLOGY,4,1402,7188.0
39045,OH,HEMATOLOGY/ONCOLOGY,2,657,1605.0
39045,OH,INTERNAL MEDICINE,26,4721,16294.0
39045,OH,NEUROLOGY,6,2620,23766.0
39045,OH,PSYCHIATRY,3,159,500.0
39045,OH,PULMONARY DISEASE,4,1624,4339.0
39045,OH,RHEUMATOLOGY,2,359,14268.0
39047,OH,CARDIOVASCULAR DISEASE (CARDIOLOGY),1,554,973.0
39047,OH,INTERNAL MEDICINE,4,1157,1748.0
39047,OH,PULMONARY DISEASE,1,416,1603.0
39049,OH,CARDIOVASCULAR DISEASE (CARDIOLOGY),101,63132,124564.5
39049,OH,ENDOCRINOLOGY,50,7459,33306.0
39049,OH,HEMATOLOGY/ONCOLOGY,34,6995,1238603.0
39049,OH,INTERNAL MEDICINE,554,101764,852151.0
39049,OH,NEUROLOGY,137,20466,337304.0
39049,OH,PSYCHIATRY,155,7125,36387.0
39049,OH,PULMONARY DISEASE,97,15602,43588.0
39049,OH,RHEUMATOLOGY,34,8297,1064369.2
39051,OH,CARDIOVASCULAR DISEASE (CARDIOLOGY),3,2908,6430.0
39051,OH,INTERNAL MEDICINE,2,139,1137.0
39051,OH,NEUROLOGY,1,324,11602.0
39051,OH,PSYCHIATRY,2,116,431.0
39053,OH,CARDIOVASCULAR DISEASE (CARDIOLOGY),3,2654,5050.0
39053,OH,ENDOCRINOLOGY,1,143,326.0
39053,OH,HEMATOLOGY/ONCOLOGY,2,419,958.0
39053,OH,INTERNAL MEDICINE,10,5257,11908.0
39053,OH,NEUROLOGY,1,550,5007.0
39053,OH,PSYCHIATRY,2,87,468.0
39053,OH,PULMONARY DISEASE,20,4764,12346.0
39053,OH,RHEUMATOLOGY,1,139,177.0
39055,OH,CARDIOVASCULAR DISEASE (CARDIOLOGY),3,3379,16231.0
39055,OH,ENDOCRINOLOGY,1,0,0.0
39055,OH,INTERNAL MEDICINE,17,5719,44440.0
39055,OH,NEUROLOGY,1,234,464.0
39055,OH,PSYCHIATRY,5,355,1817.0
39055,OH,PULMONARY DISEASE,5,1641,5373.0
39055,OH,RHEUMATOLOGY,1,0,0.0
39057,OH,CARDIOVASCULAR DISEASE (CARDIOLOGY),15,12489,32796.0
39057,OH,HEMATOLOGY/ONCOLOGY,4,1067,4359.0
39057,OH,INTERNAL MEDICINE,16,3898,19295.0
39057,OH,NEUROLOGY,1,278,1348.0
39057,OH,PSYCHIATRY,8,473,3689.0
39057,OH,PULMONARY DISEASE,1,1048,2796.0
39057,OH,RHEUMATOLOGY,1,261,50535.0
39059,OH,CARDIOVASCULAR DISEASE (CARDIOLOGY),4,2736,6148.0
39059,OH,INTERNAL MEDICINE,11,2586,37519.0
39059,OH,PSYCHIATRY,1,42,246.0
39059,OH,PULMONARY DISEASE,1,226,631.0
39061,OH,CARDIOVASCULAR DISEASE (CARDIOLOGY),86,49372,99565.0
39061,OH,ENDOCRINOLOGY,43,6428,211271.0
39061,OH,HEMATOLOGY/ONCOLOGY,82,10268,1029235.0
39061,OH,INTERNAL MEDICINE,363,64122,289909.0
39061,OH,NEUROLOGY,88,10182,209636.0
39061,OH,PSYCHIATRY,98,3779,20256.0
39061,OH,PULMONARY DISEASE,59,8652,23271.0
39061,OH,RHEUMATOLOGY,24,4612,589245.0
39063,OH,ENDOCRINOLOGY,1,0,0.0
39063,OH,HEMATOLOGY/ONCOLOGY,1,309,984.0
39063,OH,INTERNAL MEDICINE,9,3714,53562.0
39063,OH,NEUROLOGY,2,1061,2635.0
39063,OH,PSYCHIATRY,4,316,949.0
39063,OH,PULMONARY DISEASE,4,512,4178.0
39063,OH,RHEUMATOLOGY,1,80,99.0
39065,OH,CARDIOVASCULAR DISEASE (CARDIOLOGY),1,1197,2200.0
39065,OH,INTERNAL MEDICINE,2,471,2972.0
39067,OH,INTERNAL MEDICINE,2,158,671.0
39069,OH,HEMATOLOGY/ONCOLOGY,1,135,24108.0
39069,OH,INTERNAL MEDICINE,5,1380,3680.0
39071,OH,HEMATOLOGY/ONCOLOGY,1,40,51.0
39071,OH,INTERNAL MEDICINE,4,272,120135.0
39071,OH,NEUROLOGY,5,1817,31190.0
39071,OH,PSYCHIATRY,2,90,281.0
39071,OH,PULMONARY DISEASE,1,385,1232.0
39073,OH,CARDIOVASCULAR DISEASE (CARDIOLOGY),2,1773,3260.0
39073,OH,INTERNAL MEDICINE,5,1735,3646.0
39073,OH,PSYCHIATRY,1,37,309.0
39075,OH,CARDIOVASCULAR DISEASE (CARDIOLOGY),2,2100,4180.0
39075,OH,INTERNAL MEDICINE,2,733,2595.0
39075,OH,PSYCHIATRY,1,235,697.0
39077,OH,CARDIOVASCULAR DISEASE (CARDIOLOGY),3,1971,3925.0
39077,OH,INTERNAL MEDICINE,10,3166,11326.0
39077,OH,PSYCHIATRY,1,0,0.0
39077,OH,PULMONARY DISEASE,1,340,773.0
39079,OH,INTERNAL MEDICINE,2,431,1451.0
39081,OH,CARDIOVASCULAR DISEASE (CARDIOLOGY),4,4055,17207.0
39081,OH,ENDOCRINOLOGY,1,370,1123.0
39081,OH,INTERNAL MEDICINE,30,6073,27341.0
39081,OH,NEUROLOGY,3,1419,6564.0
39081,OH,PSYCHIATRY,3,535,2020.0
39081,OH,PULMONARY DISEASE,1,378,1599.0
39083,OH,CARDIOVASCULAR DISEASE (CARDIOLOGY),6,3912,9303.0
39083,OH,ENDOCRINOLOGY,2,937,4696.0
39083,OH,HEMATOLOGY/ONCOLOGY,1,280,877.0
39083,OH,INTERNAL MEDICINE,10,3356,10234.0
39083,OH,NEUROLOGY,1,0,0.0
39083,OH,PSYCHIATRY,1,79,274.0
39083,OH,PULMONARY DISEASE,2,763,1792.0
39085,OH,CARDIOVASCULAR DISEASE (CARDIOLOGY),2,1317,4293.0
39085,OH,ENDOCRINOLOGY,3,868,1964.0
39085,OH,INTERNAL MEDICINE,32,7877,27503.0
39085,OH,NEUROLOGY,5,1970,13061.0
39085,OH,PSYCHIATRY,11,321,2464.0
39085,OH,PULMONARY DISEASE,1,254,545.0
39085,OH,RHEUMATOLOGY,6,2442,179354.0
39087,OH,CARDIOVASCULAR DISEASE (CARDIOLOGY),2,3599,14742.0
39087,OH,INTERNAL MEDICINE,9,2652,6775.0
39089,OH,CARDIOVASCULAR DISEASE (CARDIOLOGY),7,5963,14110.0
39089,OH,ENDOCRINOLOGY,3,417,1700.0
39089,OH,HEMATOLOGY/ONCOLOGY,2,553,1307.0
39089,OH,INTERNAL MEDICINE,20,5500,34937.0
39089,OH,NEUROLOGY,5,1075,6931.0
39089,OH,PSYCHIATRY,6,153,757.0
39089,OH,PULMONARY DISEASE,4,1222,2763.0
39089,OH,RHEUMATOLOGY,1,225,505.0
39091,OH,CARDIOVASCULAR DISEASE (CARDIOLOGY),1,1193,2393.0
39091,OH,INTERNAL MEDICINE,3,1324,6568.0
39091,OH,NEUROLOGY,1,289,1590.0
39091,OH,PSYCHIATRY,2,41,96.0
39091,OH,PULMONARY DISEASE,2,736,1469.0
39093,OH,CARDIOVASCULAR DISEASE (CARDIOLOGY),7,6310,16339.0
39093,OH,ENDOCRINOLOGY,1,511,7668.0
39093,OH,HEMATOLOGY/ONCOLOGY,3,425,1238.0
39093,OH,INTERNAL MEDICINE,48,10701,40485.0
39093,OH,NEUROLOGY,3,1392,4996.0
39093,OH,PSYCHIATRY,11,900,2877.0
39093,OH,PULMONARY DISEASE,3,1925,5636.0
39093,OH,RHEUMATOLOGY,5,1608,3659.0
39095,OH,CARDIOVASCULAR DISEASE (CARDIOLOGY),49,35780,76271.0
39095,OH,ENDOCRINOLOGY,11,2893,23010.0
39095,OH,HEMATOLOGY/ONCOLOGY,16,7234,1031077.0
39095,OH,INTERNAL MEDICINE,126,25316,101579.0
39095,OH,NEUROLOGY,53,11410,83782.0
39095,OH,PSYCHIATRY,50,3214,20700.0
39095,OH,PULMONARY DISEASE,20,7878,21049.0
39095,OH,RHEUMATOLOGY,14,3042,333863.0
39097,OH,CARDIOVASCULAR DISEASE (CARDIOLOGY),3,2766,6842.0
39097,OH,INTERNAL MEDICINE,3,57,335.0
39097,OH,PSYCHIATRY,1,36,231.0
39099,OH,CARDIOVASCULAR DISEASE (CARDIOLOGY),13,16152,37408.0
39099,OH,ENDOCRINOLOGY,3,1578,7390.0
39099,OH,HEMATOLOGY/ONCOLOGY,5,2453,832696.0
39099,OH,INTERNAL MEDICINE,92,19647,254760.0
39099,OH,NEUROLOGY,7,1418,8830.0
39099,OH,PSYCHIATRY,13,1130,4768.0
39099,OH,PULMONARY DISEASE,7,2496,7871.0
39099,OH,RHEUMATOLOGY,3,982,90860.0
39101,OH,CARDIOVASCULAR DISEASE (CARDIOLOGY),4,4806,9403.0
39101,OH,ENDOCRINOLOGY,1,559,9034.0
39101,OH,HEMATOLOGY/ONCOLOGY,4,1119,2908.0
39101,OH,INTERNAL MEDICINE,21,6238,39003.0
39101,OH,NEUROLOGY,5,1233,5191.0
39101,OH,PSYCHIATRY,5,292,1164.0
39101,OH,PULMONARY DISEASE,7,1597,4429.0
39101,OH,RHEUMATOLOGY,2,869,4518.0
39103,OH,CARDIOVASCULAR DISEASE (CARDIOLOGY),8,12613,23450.0
39103,OH,ENDOCRINOLOGY,2,373,891.0
39103,OH,HEMATOLOGY/ONCOLOGY,2,745,3059.0
39103,OH,INTERNAL MEDICINE,20,4334,24472.0
39103,OH,NEUROLOGY,5,1142,1942.0
39103,OH,PSYCHIATRY,6,200,1150.0
39103,OH,PULMONARY DISEASE,1,418,931.0
39103,OH,RHEUMATOLOGY,1,224,549.0
39107,OH,CARDIOVASCULAR DISEASE (CARDIOLOGY),2,2294,7921.0
39107,OH,INTERNAL MEDICINE,4,1010,4079.0
39107,OH,PULMONARY DISEASE,1,470,1272.0
39109,OH,CARDIOVASCULAR DISEASE (CARDIOLOGY),4,3895,8064.0
39109,OH,ENDOCRINOLOGY,1,124,215.0
39109,OH,HEMATOLOGY/ONCOLOGY,2,1011,360525.0
39109,OH,INTERNAL MEDICINE,15,5779,23005.0
39109,OH,NEUROLOGY,2,675,1603.0
39109,OH,PSYCHIATRY,2,197,855.0
39109,OH,PULMONARY DISEASE,1,748,3144.0
39113,OH,CARDIOVASCULAR DISEASE (CARDIOLOGY),35,33553,79589.0
39113,OH,ENDOCRINOLOGY,10,1685,9306.0
39113,OH,HEMATOLOGY/ONCOLOGY,20,6221,554131.0
39113,OH,INTERNAL MEDICINE,233,42586,172642.0
39113,OH,NEUROLOGY,44,5203,58626.0
39113,OH,PSYCHIATRY,47,2221,11710.0
39113,OH,PULMONARY DISEASE,26,12326,37910.0
39113,OH,RHEUMATOLOGY,8,2951,1114756.0
39115,OH,INTERNAL MEDICINE,1,110,1834.0
39117,OH,CARDIOVASCULAR DISEASE (CARDIOLOGY),5,3959,7992.0
39117,OH,ENDOCRINOLOGY,1,115,403.0
39117,OH,HEMATOLOGY/ONCOLOGY,1,265,818.0
39117,OH,INTERNAL MEDICINE,8,2316,9040.0
39117,OH,NEUROLOGY,2,438,2748.0
39117,OH,PULMONARY DISEASE,3,1385,3707.0
39119,OH,CARDIOVASCULAR DISEASE (CARDIOLOGY),13,9718,20682.0
39119,OH,ENDOCRINOLOGY,3,683,1825.0
39119,OH,HEMATOLOGY/ONCOLOGY,3,823,2902.0
39119,OH,INTERNAL MEDICINE,36,11570,45370.0
39119,OH,NEUROLOGY,2,914,10357.0
39119,OH,PSYCHIATRY,3,75,512.0
39119,OH,PULMONARY DISEASE,2,501,1408.0
39119,OH,RHEUMATOLOGY,2,552,2415.0
39121,OH,PULMONARY DISEASE,1,299,737.0
39123,OH,INTERNAL MEDICINE,1,280,1129.0
39125,OH,CARDIOVASCULAR DISEASE (CARDIOLOGY),6,11392,19920.0
39125,OH,INTERNAL MEDICINE,2,309,989.0
39125,OH,PULMONARY DISEASE,2,854,1867.0
39127,OH,INTERNAL MEDICINE,1,102,434.0
39129,OH,CARDIOVASCULAR DISEASE (CARDIOLOGY),1,721,1654.0
39129,OH,ENDOCRINOLOGY,1,0,0.0
39129,OH,HEMATOLOGY/ONCOLOGY,1,248,528.0
39129,OH,INTERNAL MEDICINE,6,2012,8420.0
39129,OH,NEUROLOGY,2,267,6404.0
39129,OH,PULMONARY DISEASE,1,270,822.0
39131,OH,CARDIOVASCULAR DISEASE (CARDIOLOGY),3,2700,4218.0
39131,OH,INTERNAL MEDICINE,10,2977,7137.0
39131,OH,NEUROLOGY,1,420,1775.0
39131,OH,PSYCHIATRY,4,526,3512.0
39131,OH,PULMONARY DISEASE,1,699,1926.0
39133,OH,INTERNAL MEDICINE,7,1320,7391.5
39133,OH,PSYCHIATRY,4,164,527.0
39133,OH,RHEUMATOLOGY,1,311,909.0
39137,OH,PSYCHIATRY,1,54,322.0
39139,OH,CARDIOVASCULAR DISEASE (CARDIOLOGY),8,10913,17036.5
39139,OH,ENDOCRINOLOGY,2,443,965.0
39139,OH,HEMATOLOGY/ONCOLOGY,1,0,0.0
39139,OH,INTERNAL MEDICINE,32,10567,37404.0
39139,OH,NEUROLOGY,4,1298,15479.0
39139,OH,PSYCHIATRY,6,527,1305.0
39139,OH,PULMONARY DISEASE,4,877,2144.0
39139,OH,RHEUMATOLOGY,1,254,1118.0
39141,OH,CARDIOVASCULAR DISEASE (CARDIOLOGY),2,486,1155.0
39141,OH,ENDOCRINOLOGY,2,315,863.0
39141,OH,INTERNAL MEDICINE,23,5616,16568.0
39141,OH,NEUROLOGY,9,1858,9280.0
39141,OH,PSYCHIATRY,9,544,2158.0
39141,OH,PULMONARY DISEASE,2,384,1295.0
39141,OH,RHEUMATOLOGY,3,373,1412.0
39143,OH,CARDIOVASCULAR DISEASE (CARDIOLOGY),1,723,2932.0
39143,OH,INTERNAL MEDICINE,6,2382,34611.0
39145,OH,CARDIOVASCULAR DISEASE (CARDIOLOGY),6,10000,23209.0
39145,OH,ENDOCRINOLOGY,1,113,280.0
39145,OH,HEMATOLOGY/ONCOLOGY,2,754,3554.0
39145,OH,INTERNAL MEDICINE,11,1553,5258.0
39145,OH,NEUROLOGY,5,1693,3221.0
39145,OH,PSYCHIATRY,3,526,1300.0
39145,OH,PULMONARY DISEASE,4,1321,2963.0
39145,OH,RHEUMATOLOGY,2,763,95065.0
39147,OH,CARDIOVASCULAR DISEASE (CARDIOLOGY),3,1957,4323.0
39147,OH,INTERNAL MEDICINE,4,5420,17041.0
39147,OH,PSYCHIATRY,1,208,1030.0
39149,OH,CARDIOVASCULAR DISEASE (CARDIOLOGY),1,1150,2682.0
39149,OH,ENDOCRINOLOGY,1,401,1455.0
39149,OH,INTERNAL MEDICINE,4,1327,6156.0
39151,OH,CARDIOVASCULAR DISEASE (CARDIOLOGY),14,10383,24864.0
39151,OH,ENDOCRINOLOGY,6,3236,22993.0
39151,OH,HEMATOLOGY/ONCOLOGY,10,4154,808864.0
39151,OH,INTERNAL MEDICINE,115,20813,106409.0
39151,OH,NEUROLOGY,11,3325,68518.0
39151,OH,PSYCHIATRY,23,1519,8482.0
39151,OH,PULMONARY DISEASE,3,1126,2744.0
39153,OH,CARDIOVASCULAR DISEASE (CARDIOLOGY),37,17545,34905.0
39153,OH,ENDOCRINOLOGY,21,3229,13415.0
39153,OH,HEMATOLOGY/ONCOLOGY,10,1274,22114.0
39153,OH,INTERNAL MEDICINE,192,34836,206299.1
39153,OH,NEUROLOGY,41,8964,237809.0
39153,OH,PSYCHIATRY,60,3063,14362.0
39153,OH,PULMONARY DISEASE,23,4648,11992.0
39153,OH,RHEUMATOLOGY,11,2714,362656.0
39155,OH,CARDIOVASCULAR DISEASE (CARDIOLOGY),9,9072,36055.0
39155,OH,INTERNAL MEDICINE,28,8484,60937.5
39155,OH,NEUROLOGY,3,738,5539.0
39155,OH,PSYCHIATRY,3,295,1628.0
39155,OH,PULMONARY DISEASE,2,349,1313.0
39157,OH,CARDIOVASCULAR DISEASE (CARDIOLOGY),7,4119,9116.0
39157,OH,HEMATOLOGY/ONCOLOGY,1,226,786.0
39157,OH,INTERNAL MEDICINE,14,3649,11407.0
39157,OH,NEUROLOGY,1,393,631.0
39157,OH,PULMONARY DISEASE,1,575,1466.0
39159,OH,HEMATOLOGY/ONCOLOGY,1,0,0.0
39159,OH,INTERNAL MEDICINE,6,754,5460.0
39159,OH,NEUROLOGY,2,317,1192.0
39159,OH,PSYCHIATRY,3,95,252.0
39159,OH,RHEUMATOLOGY,1,106,282.0
39161,OH,INTERNAL MEDICINE,2,671,1209.0
39161,OH,NEUROLOGY,1,465,35522.0
39161,OH,PSYCHIATRY,2,374,2071.0
39163,OH,PSYCHIATRY,1,0,0.0
39165,OH,CARDIOVASCULAR DISEASE (CARDIOLOGY),21,22748,57141.0
39165,OH,ENDOCRINOLOGY,4,835,14170.0
39165,OH,HEMATOLOGY/ONCOLOGY,5,1902,204692.0
39165,OH,INTERNAL MEDICINE,91,20468,99285.0
39165,OH,NEUROLOGY,4,492,1375.0
39165,OH,PSYCHIATRY,25,899,5078.0
39165,OH,PULMONARY DISEASE,2,1100,2848.0
39167,OH,CARDIOVASCULAR DISEASE (CARDIOLOGY),5,3957,7691.0
39167,OH,ENDOCRINOLOGY,1,280,1277.0
39167,OH,HEMATOLOGY/ONCOLOGY,1,0,0.0
39167,OH,INTERNAL MEDICINE,20,6296,16752.0
39167,OH,NEUROLOGY,3,1159,2770.0
39167,OH,PSYCHIATRY,3,595,2041.0
39167,OH,PULMONARY DISEASE,3,1636,4616.0
39167,OH,RHEUMATOLOGY,1,283,599.0
39169,OH,CARDIOVASCULAR DISEASE (CARDIOLOGY),13,12695,25388.0
39169,OH,ENDOCRINOLOGY,2,387,4164.0
39169,OH,HEMATOLOGY/ONCOLOGY,2,820,297964.0
39169,OH,INTERNAL MEDICINE,18,4169,16268.0
39169,OH,NEUROLOGY,4,1536,45095.0
39169,OH,PSYCHIATRY,2,155,650.0
39169,OH,PULMONARY DISEASE,4,1828,6480.0
39169,OH,RHEUMATOLOGY,1,365,1610.0
39173,OH,CARDIOVASCULAR DISEASE (CARDIOLOGY),4,2182,4610.0
39173,OH,HEMATOLOGY/ONCOLOGY,2,1165,3262.0
39173,OH,INTERNAL MEDICINE,22,5871,18612.0
39173,OH,NEUROLOGY,1,362,683.0
39173,OH,PSYCHIATRY,3,237,1685.0
39173,OH,PULMONARY DISEASE,2,341,616.0
39175,OH,CARDIOVASCULAR DISEASE (CARDIOLOGY),2,2582,4944.0
39175,OH,HEMATOLOGY/ONCOLOGY,1,19,23.0
39175,OH,INTERNAL MEDICINE,2,331,1205.0
39175,OH,NEUROLOGY,1,0,0.0
39175,OH,PSYCHIATRY,2,37,139.0
40001,OK,INTERNAL MEDICINE,1,155,577.0
40009,OK,CARDIOVASCULAR DISEASE (CARDIOLOGY),1,827,1631.0
40009,OK,INTERNAL MEDICINE,2,137,349.0
40009,OK,NEUROLOGY,1,0,0.0
40013,OK,CARDIOVASCULAR DISEASE (CARDIOLOGY),2,1573,13354.0
40013,OK,ENDOCRINOLOGY,1,132,169.0
40013,OK,INTERNAL MEDICINE,8,3157,32951.0
40013,OK,NEUROLOGY,2,278,4746.0
40013,OK,PSYCHIATRY,2,37,165.0
40013,OK,PULMONARY DISEASE,1,432,660.0
40013,OK,RHEUMATOLOGY,1,124,323.0
40015,OK,INTERNAL MEDICINE,1,0,0.0
40017,OK,CARDIOVASCULAR DISEASE (CARDIOLOGY),1,0,0.0
40017,OK,INTERNAL MEDICINE,5,1536,9183.0
40017,OK,NEUROLOGY,4,1244,4931.0
40017,OK,PULMONARY DISEASE,1,63,231.0
40019,OK,CARDIOVASCULAR DISEASE (CARDIOLOGY),2,5090,12237.0
40019,OK,HEMATOLOGY/ONCOLOGY,1,596,1923.0
40019,OK,INTERNAL MEDICINE,14,7611,23401.0
40019,OK,NEUROLOGY,2,1456,6945.0
40019,OK,PSYCHIATRY,4,389,1647.0
40019,OK,PULMONARY DISEASE,1,522,1469.0
40019,OK,RHEUMATOLOGY,1,404,64431.0
40021,OK,CARDIOVASCULAR DISEASE (CARDIOLOGY),2,650,1088.0
40021,OK,ENDOCRINOLOGY,1,131,512.0
40021,OK,HEMATOLOGY/ONCOLOGY,1,586,122011.0
40021,OK,INTERNAL MEDICINE,28,8301,52610.0
40021,OK,NEUROLOGY,9,1384,2657.0
40021,OK,PSYCHIATRY,3,88,621.0
40021,OK,PULMONARY DISEASE,2,586,1578.0
40021,OK,RHEUMATOLOGY,1,284,376.0
40027,OK,CARDIOVASCULAR DISEASE (CARDIOLOGY),10,14329,53293.0
40027,OK,ENDOCRINOLOGY,3,1543,4528.0
40027,OK,HEMATOLOGY/ONCOLOGY,2,699,99778.0
40027,OK,INTERNAL MEDICINE,20,6628,33987.0
40027,OK,NEUROLOGY,5,2719,36052.0
40027,OK,PSYCHIATRY,22,1666,9908.0
40027,OK,PULMONARY DISEASE,4,2630,12338.0
40027,OK,RHEUMATOLOGY,1,345,72510.0
40031,OK,CARDIOVASCULAR DISEASE (CARDIOLOGY),7,10310,25474.0
40031,OK,HEMATOLOGY/ONCOLOGY,9,2911,10286.0
40031,OK,INTERNAL MEDICINE,17,2495,9617.0
40031,OK,NEUROLOGY,3,1135,23880.0
40031,OK,PSYCHIATRY,5,141,659.0
40031,OK,PULMONARY DISEASE,1,347,885.0
40031,OK,RHEUMATOLOGY,1,708,213555.0
40037,OK,CARDIOVASCULAR DISEASE (CARDIOLOGY),1,46,279.0
40037,OK,INTERNAL MEDICINE,3,562,2168.0
40039,OK,RHEUMATOLOGY,1,92,228.0
40041,OK,CARDIOVASCULAR DISEASE (CARDIOLOGY),2,3315,12629.0
40041,OK,HEMATOLOGY/ONCOLOGY,1,518,1089.0
40041,OK,INTERNAL MEDICINE,2,737,977.0
40045,OK,PSYCHIATRY,1,159,796.0
40047,OK,CARDIOVASCULAR DISEASE (CARDIOLOGY),3,3557,40375.0
40047,OK,HEMATOLOGY/ONCOLOGY,1,618,1916.0
40047,OK,INTERNAL MEDICINE,4,2350,16339.0
40047,OK,NEUROLOGY,2,1473,11654.0
40047,OK,PULMONARY DISEASE,3,1104,3438.0
40049,OK,INTERNAL MEDICINE,1,84,624.0
40049,OK,PSYCHIATRY,1,1644,19398.0
40051,OK,INTERNAL MEDICINE,2,1074,3000.0
40055,OK,INTERNAL MEDICINE,1,625,1402.0
40057,OK,INTERNAL MEDICINE,1,442,1417.0
40065,OK,INTERNAL MEDICINE,3,964,3298.0
40071,OK,CARDIOVASCULAR DISEASE (CARDIOLOGY),2,1193,4446.0
40071,OK,INTERNAL MEDICINE,4,936,28325.0
40071,OK,PULMONARY DISEASE,1,1191,1747.0
40073,OK,INTERNAL MEDICINE,8,1938,5637.0
40073,OK,PSYCHIATRY,1,37,152.0
40077,OK,CARDIOVASCULAR DISEASE (CARDIOLOGY),2,657,1957.0
40077,OK,ENDOCRINOLOGY,1,233,388.0
40077,OK,INTERNAL MEDICINE,3,363,998.0
40077,OK,NEUROLOGY,5,1043,2772.0
40077,OK,PSYCHIATRY,1,57,85.0
40077,OK,RHEUMATOLOGY,1,833,32167.0
40079,OK,INTERNAL MEDICINE,1,0,0.0
40079,OK,PSYCHIATRY,1,18,28.0
40083,OK,INTERNAL MEDICINE,1,331,6154.0
40087,OK,CARDIOVASCULAR DISEASE (CARDIOLOGY),1,1745,4037.0
40087,OK,INTERNAL MEDICINE,3,218,710.0
40089,OK,CARDIOVASCULAR DISEASE (CARDIOLOGY),2,2806,15395.0
40089,OK,INTERNAL MEDICINE,2,375,6403.0
40091,OK,INTERNAL MEDICINE,1,502,4632.0
40095,OK,INTERNAL MEDICINE,1,83,203.0
40097,OK,INTERNAL MEDICINE,3,716,2446.0
40101,OK,CARDIOVASCULAR DISEASE (CARDIOLOGY),7,9016,31192.0
40101,OK,ENDOCRINOLOGY,1,153,428.0
40101,OK,HEMATOLOGY/ONCOLOGY,4,1225,4680.0
40101,OK,INTERNAL MEDICINE,10,3165,30770.5
40101,OK,PSYCHIATRY,2,263,1623.0
40101,OK,PULMONARY DISEASE,1,554,4318.0
40107,OK,PSYCHIATRY,1,108,759.0
40109,OK,CARDIOVASCULAR DISEASE (CARDIOLOGY),51,42520,116678.0
40109,OK,ENDOCRINOLOGY,25,7971,34313.0
40109,OK,HEMATOLOGY/ONCOLOGY,33,9688,68667.0
40109,OK,INTERNAL MEDICINE,282,70758,477770.0
40109,OK,NEUROLOGY,66,14522,387275.0
40109,OK,PSYCHIATRY,94,4880,28816.0
40109,OK,PULMONARY DISEASE,57,20348,65619.0
40109,OK,RHEUMATOLOGY,26,9382,1612061.0
40111,OK,INTERNAL MEDICINE,2,450,2493.0
40111,OK,NEUROLOGY,2,290,4997.0
40111,OK,PSYCHIATRY,1,0,0.0
40113,OK,INTERNAL MEDICINE,2,218,799.0
40113,OK,PSYCHIATRY,4,33,125.0
40113,OK,PULMONARY DISEASE,2,318,938.0
40115,OK,INTERNAL MEDICINE,7,4335,14690.0
40117,OK,PSYCHIATRY,1,0,0.0
40119,OK,CARDIOVASCULAR DISEASE (CARDIOLOGY),6,5398,17907.0
40119,OK,ENDOCRINOLOGY,1,336,874.0
40119,OK,HEMATOLOGY/ONCOLOGY,2,908,3132.0
40119,OK,INTERNAL MEDICINE,24,9958,102961.0
40119,OK,NEUROLOGY,3,1999,12490.0
40119,OK,PSYCHIATRY,5,220,2835.0
40119,OK,PULMONARY DISEASE,2,509,1467.0
40121,OK,CARDIOVASCULAR DISEASE (CARDIOLOGY),1,2267,5609.0
40121,OK,ENDOCRINOLOGY,1,529,1767.0
40121,OK,HEMATOLOGY/ONCOLOGY,1,479,119612.0
40121,OK,INTERNAL MEDICINE,9,3232,16843.0
40121,OK,PSYCHIATRY,6,197,521.0
40121,OK,PULMONARY DISEASE,2,1391,4733.0
40123,OK,CARDIOVASCULAR DISEASE (CARDIOLOGY),3,3284,8664.0
40123,OK,ENDOCRINOLOGY,2,387,1139.0
40123,OK,HEMATOLOGY/ONCOLOGY,4,1725,4940.0
40123,OK,INTERNAL MEDICINE,17,3802,13212.0
40123,OK,PSYCHIATRY,7,295,1253.0
40123,OK,RHEUMATOLOGY,1,378,793.0
40125,OK,CARDIOVASCULAR DISEASE (CARDIOLOGY),1,1205,4616.0
40125,OK,ENDOCRINOLOGY,1,41,313.0
40125,OK,INTERNAL MEDICINE,1,145,1758.0
40125,OK,PSYCHIATRY,1,25,44.0
40131,OK,INTERNAL MEDICINE,6,481,14724.0
40131,OK,PSYCHIATRY,5,222,1264.0
40133,OK,ENDOCRINOLOGY,1,431,24794.0
40133,OK,PSYCHIATRY,1,0,0.0
40135,OK,INTERNAL MEDICINE,2,810,4549.0
40135,OK,PSYCHIATRY,1,0,0.0
40135,OK,PULMONARY DISEASE,1,915,8568.0
40137,OK,CARDIOVASCULAR DISEASE (CARDIOLOGY),1,612,1104.0
40137,OK,INTERNAL MEDICINE,4,776,2787.0
40137,OK,NEUROLOGY,1,135,345.0
40137,OK,PULMONARY DISEASE,1,490,1540.0
40137,OK,RHEUMATOLOGY,1,604,207782.0
40139,OK,INTERNAL MEDICINE,3,861,18339.0
40143,OK,CARDIOVASCULAR DISEASE (CARDIOLOGY),42,55950,111349.0
40143,OK,ENDOCRINOLOGY,14,4049,19217.0
40143,OK,HEMATOLOGY/ONCOLOGY,15,6372,765080.0
40143,OK,INTERNAL MEDICINE,243,59422,580825.0
40143,OK,NEUROLOGY,48,12148,209849.0
40143,OK,PSYCHIATRY,84,4820,20325.0
40143,OK,PULMONARY DISEASE,18,6343,18646.0
40143,OK,RHEUMATOLOGY,9,3230,739895.0
40145,OK,CARDIOVASCULAR DISEASE (CARDIOLOGY),1,167,3970.0
40145,OK,PSYCHIATRY,1,74,376.0
40151,OK,INTERNAL MEDICINE,1,0,0.0
40153,OK,INTERNAL MEDICINE,2,1179,3930.0
41001,OR,INTERNAL MEDICINE,2,339,940.0
41003,OR,CARDIOVASCULAR DISEASE (CARDIOLOGY),4,4873,7258.0
41003,OR,ENDOCRINOLOGY,2,600,22699.0
41003,OR,HEMATOLOGY/ONCOLOGY,6,2483,686532.0
41003,OR,INTERNAL MEDICINE,54,11898,126202.0
41003,OR,NEUROLOGY,4,790,59056.0
41003,OR,PSYCHIATRY,21,411,3223.0
41003,OR,PULMONARY DISEASE,1,210,576.0
41003,OR,RHEUMATOLOGY,3,549,1960.0
41005,OR,CARDIOVASCULAR DISEASE (CARDIOLOGY),28,5417,9603.0
41005,OR,ENDOCRINOLOGY,3,0,0.0
41005,OR,HEMATOLOGY/ONCOLOGY,5,57,2428.0
41005,OR,INTERNAL MEDICINE,216,11777,54829.0
41005,OR,NEUROLOGY,32,4569,25569.0
41005,OR,PSYCHIATRY,45,815,4205.0
41005,OR,PULMONARY DISEASE,9,123,225.0
41005,OR,RHEUMATOLOGY,6,282,1032.0
41007,OR,CARDIOVASCULAR DISEASE (CARDIOLOGY),4,1435,3469.0
41007,OR,ENDOCRINOLOGY,1,0,0.0
41007,OR,HEMATOLOGY/ONCOLOGY,1,64,107.0
41007,OR,INTERNAL MEDICINE,12,1589,12370.0
41007,OR,PSYCHIATRY,1,0,0.0
41007,OR,PULMONARY DISEASE,2,0,0.0
41009,OR,INTERNAL MEDICINE,3,447,3165.0
41011,OR,CARDIOVASCULAR DISEASE (CARDIOLOGY),6,8601,16691.0
41011,OR,HEMATOLOGY/ONCOLOGY,3,614,35081.0
41011,OR,INTERNAL MEDICINE,18,9043,58943.0
41011,OR,NEUROLOGY,4,439,1241.0
41011,OR,PSYCHIATRY,2,48,371.0
41015,OR,INTERNAL MEDICINE,6,3081,13680.0
41017,OR,CARDIOVASCULAR DISEASE (CARDIOLOGY),14,19656,44277.0
41017,OR,ENDOCRINOLOGY,3,2873,7607.0
41017,OR,HEMATOLOGY/ONCOLOGY,10,3224,1548905.0
41017,OR,INTERNAL MEDICINE,60,15921,114572.5
41017,OR,NEUROLOGY,14,4535,90677.0
41017,OR,PSYCHIATRY,16,576,4607.0
41017,OR,PULMONARY DISEASE,7,3939,59087.0
41017,OR,RHEUMATOLOGY,8,3638,578460.0
41019,OR,CARDIOVASCULAR DISEASE (CARDIOLOGY),11,7387,14205.0
41019,OR,ENDOCRINOLOGY,2,78,114.0
41019,OR,HEMATOLOGY/ONCOLOGY,3,846,455835.0
41019,OR,INTERNAL MEDICINE,35,5655,27659.0
41019,OR,NEUROLOGY,5,771,17904.0
41019,OR,PSYCHIATRY,6,245,905.0
41019,OR,PULMONARY DISEASE,4,1338,4977.0
41019,OR,RHEUMATOLOGY,1,0,0.0
41027,OR,CARDIOVASCULAR DISEASE (CARDIOLOGY),2,2343,3989.0
41027,OR,HEMATOLOGY/ONCOLOGY,1,0,0.0
41027,OR,INTERNAL MEDICINE,8,259,926.0
41027,OR,RHEUMATOLOGY,2,227,3664.0
41029,OR,CARDIOVASCULAR DISEASE (CARDIOLOGY),19,19991,43997.0
41029,OR,ENDOCRINOLOGY,3,1735,9517.0
41029,OR,HEMATOLOGY/ONCOLOGY,14,4287,19901.0
41029,OR,INTERNAL MEDICINE,63,15577,105385.0
41029,OR,NEUROLOGY,11,2209,24905.0
41029,OR,PSYCHIATRY,11,616,2252.0
41029,OR,PULMONARY DISEASE,10,2733,7532.0
41029,OR,RHEUMATOLOGY,5,2432,734958.3
41033,OR,INTERNAL MEDICINE,17,3679,33767.0
41033,OR,PSYCHIATRY,1,0,0.0
41033,OR,PULMONARY DISEASE,1,263,1242.0
41035,OR,CARDIOVASCULAR DISEASE (CARDIOLOGY),4,5644,11617.0
41035,OR,ENDOCRINOLOGY,2,104,294.0
41035,OR,HEMATOLOGY/ONCOLOGY,2,566,58528.0
41035,OR,INTERNAL MEDICINE,8,3182,8765.0
41035,OR,NEUROLOGY,1,281,643.0
41035,OR,PSYCHIATRY,1,35,104.0
41035,OR,RHEUMATOLOGY,1,405,879.0
41039,OR,CARDIOVASCULAR DISEASE (CARDIOLOGY),11,14291,29692.0
41039,OR,ENDOCRINOLOGY,6,927,19912.0
41039,OR,HEMATOLOGY/ONCOLOGY,5,2851,598295.0
41039,OR,INTERNAL MEDICINE,56,10192,135052.0
41039,OR,NEUROLOGY,20,3829,105471.0
41039,OR,PSYCHIATRY,21,309,1803.0
41039,OR,PULMONARY DISEASE,5,849,2808.0
41039,OR,RHEUMATOLOGY,7,2371,370248.5
41041,OR,CARDIOVASCULAR DISEASE (CARDIOLOGY),5,2050,3645.0
41041,OR,INTERNAL MEDICINE,10,1334,6472.0
41041,OR,PSYCHIATRY,4,101,416.0
41043,OR,CARDIOVASCULAR DISEASE (CARDIOLOGY),4,6927,10270.0
41043,OR,ENDOCRINOLOGY,1,130,539.0
41043,OR,INTERNAL MEDICINE,33,4955,18993.0
41043,OR,NEUROLOGY,1,734,1333.0
41043,OR,PSYCHIATRY,7,213,1238.0
41045,OR,CARDIOVASCULAR DISEASE (CARDIOLOGY),2,1946,4384.0
41045,OR,INTERNAL MEDICINE,4,2100,4419.0
41045,OR,PULMONARY DISEASE,2,524,1412.0
41047,OR,CARDIOVASCULAR DISEASE (CARDIOLOGY),11,6674,22763.0
41047,OR,ENDOCRINOLOGY,1,212,553.0
41047,OR,HEMATOLOGY/ONCOLOGY,5,1206,286453.0
41047,OR,INTERNAL MEDICINE,62,8145,581761.0
41047,OR,NEUROLOGY,5,1470,3354.0
41047,OR,PSYCHIATRY,35,693,3187.0
41047,OR,PULMONARY DISEASE,9,2364,8851.0
41047,OR,RHEUMATOLOGY,2,324,57265.0
41049,OR,PSYCHIATRY,1,0,0.0
41051,OR,CARDIOVASCULAR DISEASE (CARDIOLOGY),54,27970,58830.0
41051,OR,ENDOCRINOLOGY,23,4208,12173.0
41051,OR,HEMATOLOGY/ONCOLOGY,18,1873,11836.0
41051,OR,INTERNAL MEDICINE,398,45025,211034.0
41051,OR,NEUROLOGY,85,9643,147760.0
41051,OR,PSYCHIATRY,122,2100,10269.0
41051,OR,PULMONARY DISEASE,54,8032,57699.0
41051,OR,RHEUMATOLOGY,19,2838,7417.0
41053,OR,INTERNAL MEDICINE,4,309,1250.0
41053,OR,PSYCHIATRY,3,77,349.0
41057,OR,CARDIOVASCULAR DISEASE (CARDIOLOGY),3,1537,2706.0
41057,OR,HEMATOLOGY/ONCOLOGY,1,23,25.0
41057,OR,INTERNAL MEDICINE,9,1401,6274.0
41057,OR,PSYCHIATRY,1,0,0.0
41057,OR,PULMONARY DISEASE,1,299,632.0
41059,OR,CARDIOVASCULAR DISEASE (CARDIOLOGY),1,967,1470.0
41059,OR,INTERNAL MEDICINE,10,959,5672.0
41059,OR,PSYCHIATRY,2,27,154.0
41059,OR,PULMONARY DISEASE,2,1687,6254.0
41061,OR,CARDIOVASCULAR DISEASE (CARDIOLOGY),1,127,192.0
41061,OR,INTERNAL MEDICINE,4,306,1063.0
41061,OR,NEUROLOGY,1,11,34.0
41061,OR,PSYCHIATRY,1,0,0.0
41061,OR,RHEUMATOLOGY,1,0,0.0
41063,OR,PSYCHIATRY,1,40,139.0
41065,OR,CARDIOVASCULAR DISEASE (CARDIOLOGY),2,828,1316.0
41065,OR,HEMATOLOGY/ONCOLOGY,1,303,963.0
41065,OR,INTERNAL MEDICINE,9,1958,4148.0
41065,OR,NEUROLOGY,1,274,9640.0
41065,OR,PSYCHIATRY,4,63,212.0
41067,OR,CARDIOVASCULAR DISEASE (CARDIOLOGY),11,3448,8871.0
41067,OR,ENDOCRINOLOGY,20,3452,27333.0
41067,OR,HEMATOLOGY/ONCOLOGY,28,6335,897163.0
41067,OR,INTERNAL MEDICINE,173,20526,179640.0
41067,OR,NEUROLOGY,35,4175,48254.0
41067,OR,PSYCHIATRY,49,1698,9899.0
41067,OR,PULMONARY DISEASE,22,3557,28351.0
41067,OR,RHEUMATOLOGY,10,2879,468026.0
41071,OR,CARDIOVASCULAR DISEASE (CARDIOLOGY),21,35841,56441.0
41071,OR,HEMATOLOGY/ONCOLOGY,4,1198,269463.0
41071,OR,INTERNAL MEDICINE,32,7877,26136.0
41071,OR,NEUROLOGY,3,574,7456.0
41071,OR,PULMONARY DISEASE,1,749,1567.0
41071,OR,RHEUMATOLOGY,1,228,75061.0
44001,RI,CARDIOVASCULAR DISEASE (CARDIOLOGY),2,4710,8443.0
44001,RI,INTERNAL MEDICINE,18,3242,20805.0
44003,RI,CARDIOVASCULAR DISEASE (CARDIOLOGY),25,24266,47855.0
44003,RI,ENDOCRINOLOGY,1,304,679.0
44003,RI,HEMATOLOGY/ONCOLOGY,13,2673,92179.0
44003,RI,INTERNAL MEDICINE,109,15581,52055.0
44003,RI,NEUROLOGY,14,2520,34867.0
44003,RI,PSYCHIATRY,56,1954,10133.0
44003,RI,PULMONARY DISEASE,7,1259,3709.0
44003,RI,RHEUMATOLOGY,3,566,52490.0
44005,RI,CARDIOVASCULAR DISEASE (CARDIOLOGY),7,8219,15248.0
44005,RI,ENDOCRINOLOGY,1,68,107.0
44005,RI,HEMATOLOGY/ONCOLOGY,2,591,1801.0
44005,RI,INTERNAL MEDICINE,24,6332,29224.0
44005,RI,NEUROLOGY,6,1780,152216.0
44005,RI,PSYCHIATRY,14,505,1457.0
44005,RI,PULMONARY DISEASE,7,1716,3814.0
44005,RI,RHEUMATOLOGY,1,320,1070.0
44007,RI,CARDIOVASCULAR DISEASE (CARDIOLOGY),41,26309,60316.0
44007,RI,ENDOCRINOLOGY,13,3517,27645.0
44007,RI,HEMATOLOGY/ONCOLOGY,30,3192,43324.0
44007,RI,INTERNAL MEDICINE,369,64354,302662.0
44007,RI,NEUROLOGY,57,7025,95002.0
44007,RI,PSYCHIATRY,112,3837,20450.0
44007,RI,PULMONARY DISEASE,29,4907,11754.0
44007,RI,RHEUMATOLOGY,18,3437,249066.0
44009,RI,CARDIOVASCULAR DISEASE (CARDIOLOGY),1,152,462.0
44009,RI,ENDOCRINOLOGY,1,457,8569.0
44009,RI,HEMATOLOGY/ONCOLOGY,5,1545,4035.0
44009,RI,INTERNAL MEDICINE,52,12648,35903.0
44009,RI,NEUROLOGY,1,311,4926.0
44009,RI,PSYCHIATRY,3,168,826.0
44009,RI,PULMONARY DISEASE,3,494,1415.0
44009,RI,RHEUMATOLOGY,2,987,182871.0
45001,SC,INTERNAL MEDICINE,2,494,4782.0
45001,SC,NEUROLOGY,1,0,0.0
45001,SC,PSYCHIATRY,1,14,356.0
45003,SC,CARDIOVASCULAR DISEASE (CARDIOLOGY),1,1253,3364.0
45003,SC,ENDOCRINOLOGY,1,787,6844.0
45003,SC,HEMATOLOGY/ONCOLOGY,7,4681,1087765.0
45003,SC,INTERNAL MEDICINE,29,9615,41576.0
45003,SC,NEUROLOGY,6,1766,14645.0
45003,SC,PSYCHIATRY,14,327,1767.0
45003,SC,PULMONARY DISEASE,2,692,3191.0
45005,SC,INTERNAL MEDICINE,1,442,1168.0
45005,SC,PSYCHIATRY,1,0,0.0
45007,SC,CARDIOVASCULAR DISEASE (CARDIOLOGY),6,10842,41474.0
45007,SC,ENDOCRINOLOGY,2,744,3888.0
45007,SC,HEMATOLOGY/ONCOLOGY,4,1794,940283.0
45007,SC,INTERNAL MEDICINE,54,15074,66618.0
45007,SC,NEUROLOGY,7,1902,32679.0
45007,SC,PSYCHIATRY,12,757,5981.0
45007,SC,PULMONARY DISEASE,3,1133,3904.0
45007,SC,RHEUMATOLOGY,2,202,1662.0
45009,SC,HEMATOLOGY/ONCOLOGY,1,208,790.0
45009,SC,INTERNAL MEDICINE,2,0,0.0
45009,SC,PSYCHIATRY,1,0,0.0
45011,SC,INTERNAL MEDICINE,1,0,0.0
45013,SC,CARDIOVASCULAR DISEASE (CARDIOLOGY),11,22148,81847.0
45013,SC,HEMATOLOGY/ONCOLOGY,10,6349,632386.0
45013,SC,INTERNAL MEDICINE,57,22511,107996.0
45013,SC,NEUROLOGY,9,5726,1020570.0
45013,SC,PSYCHIATRY,20,1133,8476.0
45013,SC,PULMONARY DISEASE,4,3244,18150.0
45013,SC,RHEUMATOLOGY,3,1985,590677.0
45015,SC,CARDIOVASCULAR DISEASE (CARDIOLOGY),1,1202,3205.0
45015,SC,INTERNAL MEDICINE,33,8924,47833.0
45015,SC,PSYCHIATRY,7,336,2266.0
45015,SC,PULMONARY DISEASE,5,3626,12602.0
45015,SC,RHEUMATOLOGY,8,4346,843298.0
45019,SC,CARDIOVASCULAR DISEASE (CARDIOLOGY),50,45328,125977.4
45019,SC,ENDOCRINOLOGY,22,6984,36349.0
45019,SC,HEMATOLOGY/ONCOLOGY,46,10180,209586.0
45019,SC,INTERNAL MEDICINE,222,53631,476426.0
45019,SC,NEUROLOGY,76,21405,526247.0
45019,SC,PSYCHIATRY,93,4520,21876.0
45019,SC,PULMONARY DISEASE,39,12298,30021.0
45019,SC,RHEUMATOLOGY,21,3917,412188.0
45021,SC,INTERNAL MEDICINE,1,242,2302.0
45021,SC,PSYCHIATRY,2,138,328.0
45023,SC,INTERNAL MEDICINE,1,44,751.0
45023,SC,NEUROLOGY,1,304,504.0
45027,SC,ENDOCRINOLOGY,1,0,0.0
45027,SC,INTERNAL MEDICINE,14,3397,9027.0
45027,SC,PSYCHIATRY,2,194,242.0
45029,SC,CARDIOVASCULAR DISEASE (CARDIOLOGY),1,1396,5715.0
45029,SC,ENDOCRINOLOGY,1,394,3556.0
45029,SC,INTERNAL MEDICINE,9,2256,9212.0
45029,SC,PSYCHIATRY,1,27,176.0
45031,SC,CARDIOVASCULAR DISEASE (CARDIOLOGY),2,1321,3851.0
45031,SC,INTERNAL MEDICINE,4,790,7983.0
45033,SC,INTERNAL MEDICINE,6,2106,37224.0
45033,SC,NEUROLOGY,1,276,708.0
45033,SC,PSYCHIATRY,2,77,354.0
45035,SC,INTERNAL MEDICINE,21,8160,48781.0
45035,SC,NEUROLOGY,1,354,497.0
45035,SC,PSYCHIATRY,2,151,1435.0
45037,SC,INTERNAL MEDICINE,1,298,800.0
45041,SC,CARDIOVASCULAR DISEASE (CARDIOLOGY),9,15042,39702.0
45041,SC,ENDOCRINOLOGY,7,1310,8287.0
45041,SC,HEMATOLOGY/ONCOLOGY,9,3536,12377.0
45041,SC,INTERNAL MEDICINE,51,13374,64695.0
45041,SC,NEUROLOGY,9,3497,25464.0
45041,SC,PSYCHIATRY,9,598,3114.0
45041,SC,PULMONARY DISEASE,8,4153,16483.0
45041,SC,RHEUMATOLOGY,2,51,101.0
45043,SC,CARDIOVASCULAR DISEASE (CARDIOLOGY),2,242,779.0
45043,SC,INTERNAL MEDICINE,4,1374,7923.0
45043,SC,PSYCHIATRY,2,156,619.0
45045,SC,CARDIOVASCULAR DISEASE (CARDIOLOGY),43,60345,139124.0
45045,SC,ENDOCRINOLOGY,10,3208,13072.0
45045,SC,HEMATOLOGY/ONCOLOGY,12,3972,11543.0
45045,SC,INTERNAL MEDICINE,182,47998,540143.7
45045,SC,NEUROLOGY,43,11823,305432.0
45045,SC,PSYCHIATRY,61,3099,12924.0
45045,SC,PULMONARY DISEASE,28,11264,31619.0
45045,SC,RHEUMATOLOGY,15,7512,2465653.0
45047,SC,CARDIOVASCULAR DISEASE (CARDIOLOGY),8,6746,18229.0
45047,SC,HEMATOLOGY/ONCOLOGY,3,1310,4628.0
45047,SC,INTERNAL MEDICINE,26,7352,32430.0
45047,SC,NEUROLOGY,2,1373,102560.0
45047,SC,PSYCHIATRY,7,365,1492.0
45047,SC,PULMONARY DISEASE,6,3039,7101.0
45047,SC,RHEUMATOLOGY,1,73,4244.0
45049,SC,CARDIOVASCULAR DISEASE (CARDIOLOGY),1,642,1336.0
45051,SC,CARDIOVASCULAR DISEASE (CARDIOLOGY),29,42840,140517.0
45051,SC,ENDOCRINOLOGY,10,5911,316891.0
45051,SC,HEMATOLOGY/ONCOLOGY,20,9887,1589120.0
45051,SC,INTERNAL MEDICINE,130,47683,230379.3
45051,SC,NEUROLOGY,13,7873,241427.0
45051,SC,PSYCHIATRY,19,1741,9401.0
45051,SC,PULMONARY DISEASE,17,9750,30615.0
45051,SC,RHEUMATOLOGY,15,6556,1679745.5
45053,SC,INTERNAL MEDICINE,6,661,2225.0
45055,SC,CARDIOVASCULAR DISEASE (CARDIOLOGY),5,4438,21225.0
45055,SC,HEMATOLOGY/ONCOLOGY,2,1631,276830.0
45055,SC,INTERNAL MEDICINE,14,7322,107522.0
45055,SC,PSYCHIATRY,8,505,2541.0
45055,SC,RHEUMATOLOGY,1,297,986.0
45057,SC,CARDIOVASCULAR DISEASE (CARDIOLOGY),5,4884,29525.0
45057,SC,INTERNAL MEDICINE,28,5845,23887.0
45057,SC,NEUROLOGY,7,1989,4109.0
45057,SC,PSYCHIATRY,6,732,3568.0
45057,SC,PULMONARY DISEASE,2,1127,2232.0
45057,SC,RHEUMATOLOGY,1,423,52543.0
45059,SC,CARDIOVASCULAR DISEASE (CARDIOLOGY),1,903,2328.0
45059,SC,HEMATOLOGY/ONCOLOGY,1,276,726.0
45059,SC,INTERNAL MEDICINE,3,759,8345.0
45059,SC,PSYCHIATRY,1,0,0.0
45061,SC,INTERNAL MEDICINE,3,58,173.0
45063,SC,CARDIOVASCULAR DISEASE (CARDIOLOGY),9,9007,36179.0
45063,SC,ENDOCRINOLOGY,4,1759,10263.0
45063,SC,HEMATOLOGY/ONCOLOGY,11,9923,2265340.5
45063,SC,INTERNAL MEDICINE,67,42199,355233.0
45063,SC,NEUROLOGY,8,4289,64098.0
45063,SC,PSYCHIATRY,18,1953,13711.0
45063,SC,PULMONARY DISEASE,8,4596,14013.0
45063,SC,RHEUMATOLOGY,5,1226,63641.0
45067,SC,CARDIOVASCULAR DISEASE (CARDIOLOGY),1,1106,4061.0
45067,SC,INTERNAL MEDICINE,2,185,210.0
45067,SC,PULMONARY DISEASE,2,749,1871.0
45069,SC,PSYCHIATRY,4,263,1141.0
45071,SC,INTERNAL MEDICINE,2,1719,8721.0
45073,SC,CARDIOVASCULAR DISEASE (CARDIOLOGY),2,2600,8055.0
45073,SC,HEMATOLOGY/ONCOLOGY,1,445,1982.0
45073,SC,INTERNAL MEDICINE,10,2672,114540.0
45073,SC,PSYCHIATRY,3,109,461.0
45073,SC,PULMONARY DISEASE,5,1555,3263.0
45075,SC,CARDIOVASCULAR DISEASE (CARDIOLOGY),7,4050,12996.0
45075,SC,ENDOCRINOLOGY,2,572,12160.0
45075,SC,HEMATOLOGY/ONCOLOGY,5,540,1616.0
45075,SC,INTERNAL MEDICINE,22,3856,20386.0
45075,SC,NEUROLOGY,1,378,1731.0
45075,SC,PSYCHIATRY,11,357,1916.0
45075,SC,PULMONARY DISEASE,2,834,2787.0
45075,SC,RHEUMATOLOGY,3,502,158057.0
45077,SC,CARDIOVASCULAR DISEASE (CARDIOLOGY),4,6516,16749.0
45077,SC,INTERNAL MEDICINE,19,5444,54889.0
45077,SC,NEUROLOGY,3,485,2614.0
45077,SC,PSYCHIATRY,4,141,511.0
45077,SC,PULMONARY DISEASE,4,2018,9174.0
45079,SC,CARDIOVASCULAR DISEASE (CARDIOLOGY),26,31140,127336.0
45079,SC,ENDOCRINOLOGY,8,3335,17447.0
45079,SC,HEMATOLOGY/ONCOLOGY,11,11032,2665407.0
45079,SC,INTERNAL MEDICINE,101,25393,304183.8
45079,SC,NEUROLOGY,24,4917,55761.0
45079,SC,PSYCHIATRY,75,3270,14572.0
45079,SC,PULMONARY DISEASE,21,10428,31107.0
45079,SC,RHEUMATOLOGY,9,1784,345073.0
45081,SC,CARDIOVASCULAR DISEASE (CARDIOLOGY),1,1344,2674.0
45083,SC,CARDIOVASCULAR DISEASE (CARDIOLOGY),8,10027,28991.0
45083,SC,ENDOCRINOLOGY,7,2200,7538.0
45083,SC,HEMATOLOGY/ONCOLOGY,11,4495,38420.0
45083,SC,INTERNAL MEDICINE,136,35850,201299.0
45083,SC,NEUROLOGY,12,5944,251960.0
45083,SC,PSYCHIATRY,25,872,2651.0
45083,SC,PULMONARY DISEASE,9,3963,14862.0
45083,SC,RHEUMATOLOGY,3,786,1703.0
45085,SC,CARDIOVASCULAR DISEASE (CARDIOLOGY),3,3923,11827.0
45085,SC,HEMATOLOGY/ONCOLOGY,1,152,3483.0
45085,SC,INTERNAL MEDICINE,10,3662,29688.0
45085,SC,NEUROLOGY,2,1007,48898.0
45085,SC,PSYCHIATRY,4,225,748.0
45085,SC,PULMONARY DISEASE,2,545,2011.0
45087,SC,INTERNAL MEDICINE,1,351,1690.0
45091,SC,CARDIOVASCULAR DISEASE (CARDIOLOGY),17,19937,118096.4
45091,SC,ENDOCRINOLOGY,1,317,1886.0
45091,SC,HEMATOLOGY/ONCOLOGY,4,1242,224754.0
45091,SC,INTERNAL MEDICINE,60,15695,128418.0
45091,SC,NEUROLOGY,7,2662,144161.0
45091,SC,PSYCHIATRY,10,539,2873.0
45091,SC,PULMONARY DISEASE,3,1797,45249.0
45091,SC,RHEUMATOLOGY,2,1219,278508.0
46005,SD,CARDIOVASCULAR DISEASE (CARDIOLOGY),1,341,710.0
46005,SD,INTERNAL MEDICINE,4,294,1386.0
46007,SD,INTERNAL MEDICINE,1,18,94.0
46007,SD,PSYCHIATRY,1,72,236.0
46009,SD,INTERNAL MEDICINE,2,685,1366.0
46011,SD,INTERNAL MEDICINE,5,2058,8909.0
46011,SD,PSYCHIATRY,1,54,124.0
46013,SD,CARDIOVASCULAR DISEASE (CARDIOLOGY),3,3484,13451.0
46013,SD,HEMATOLOGY/ONCOLOGY,2,655,546093.0
46013,SD,INTERNAL MEDICINE,11,3021,9446.0
46013,SD,PSYCHIATRY,6,326,1108.0
46013,SD,PULMONARY DISEASE,2,1243,2556.0
46013,SD,RHEUMATOLOGY,1,382,1214.0
46027,SD,HEMATOLOGY/ONCOLOGY,2,238,540.0
46027,SD,INTERNAL MEDICINE,1,182,706.0
46029,SD,CARDIOVASCULAR DISEASE (CARDIOLOGY),1,558,1219.0
46029,SD,HEMATOLOGY/ONCOLOGY,1,157,460.0
46029,SD,INTERNAL MEDICINE,7,1959,51581.0
46029,SD,PSYCHIATRY,1,0,0.0
46029,SD,PULMONARY DISEASE,1,514,1556.0
46035,SD,INTERNAL MEDICINE,5,826,4070.0
46035,SD,NEUROLOGY,1,124,3613.0
46041,SD,ENDOCRINOLOGY,1,120,173.0
46041,SD,INTERNAL MEDICINE,4,181,630.0
46047,SD,CARDIOVASCULAR DISEASE (CARDIOLOGY),1,2050,3936.0
46047,SD,ENDOCRINOLOGY,1,850,2903.0
46047,SD,PSYCHIATRY,1,0,0.0
46057,SD,CARDIOVASCULAR DISEASE (CARDIOLOGY),1,102,205.0
46059,SD,INTERNAL MEDICINE,1,77,164.0
46065,SD,INTERNAL MEDICINE,5,1689,6880.0
46065,SD,PSYCHIATRY,1,0,0.0
46081,SD,CARDIOVASCULAR DISEASE (CARDIOLOGY),1,2165,5076.0
46081,SD,INTERNAL MEDICINE,4,1574,2610.0
46081,SD,PULMONARY DISEASE,2,822,1967.0
46083,SD,ENDOCRINOLOGY,1,480,1381.0
46083,SD,INTERNAL MEDICINE,1,631,9172.0
46083,SD,NEUROLOGY,1,118,494.0
46083,SD,PSYCHIATRY,13,1466,6474.0
46083,SD,RHEUMATOLOGY,1,507,1866.0
46091,SD,INTERNAL MEDICINE,1,103,233.0
46099,SD,CARDIOVASCULAR DISEASE (CARDIOLOGY),12,5270,14625.0
46099,SD,ENDOCRINOLOGY,13,3794,9839.0
46099,SD,HEMATOLOGY/ONCOLOGY,12,4387,15876.0
46099,SD,INTERNAL MEDICINE,63,30795,77414.0
46099,SD,NEUROLOGY,33,8143,62404.0
46099,SD,PSYCHIATRY,18,1134,4633.0
46099,SD,PULMONARY DISEASE,18,7754,20315.0
46099,SD,RHEUMATOLOGY,9,2566,7120.0
46102,SD,INTERNAL MEDICINE,4,19,107.0
46102,SD,PSYCHIATRY,1,33,56.0
46103,SD,CARDIOVASCULAR DISEASE (CARDIOLOGY),6,9825,18798.0
46103,SD,ENDOCRINOLOGY,2,702,2345.0
46103,SD,HEMATOLOGY/ONCOLOGY,5,1128,5967.0
46103,SD,INTERNAL MEDICINE,37,8000,28857.0
46103,SD,NEUROLOGY,15,2464,22212.0
46103,SD,PSYCHIATRY,11,743,3153.0
46103,SD,PULMONARY DISEASE,7,1332,3671.0
46103,SD,RHEUMATOLOGY,4,1345,220936.0
46109,SD,INTERNAL MEDICINE,1,39,976.0
46109,SD,PSYCHIATRY,2,38,152.0
46109,SD,RHEUMATOLOGY,3,178,4566.0
46121,SD,INTERNAL MEDICINE,19,1041,2254.0
46125,SD,NEUROLOGY,5,1849,5267.0
46127,SD,INTERNAL MEDICINE,1,395,5420.0
46127,SD,NEUROLOGY,1,346,7461.0
46127,SD,PSYCHIATRY,1,21,276.0
46135,SD,CARDIOVASCULAR DISEASE (CARDIOLOGY),2,1920,26723.5
46135,SD,ENDOCRINOLOGY,1,354,2363.0
46135,SD,INTERNAL MEDICINE,9,3453,102165.5
46135,SD,PSYCHIATRY,6,220,849.0
46135,SD,PULMONARY DISEASE,1,1068,26345.0
46135,SD,RHEUMATOLOGY,1,342,66799.0
47001,TN,CARDIOVASCULAR DISEASE (CARDIOLOGY),2,2315,6167.0
47001,TN,HEMATOLOGY/ONCOLOGY,4,1300,4593.0
47001,TN,INTERNAL MEDICINE,7,1871,8533.0
47001,TN,NEUROLOGY,1,237,2801.0
47001,TN,PSYCHIATRY,4,167,1301.0
47003,TN,HEMATOLOGY/ONCOLOGY,2,1657,438177.0
47003,TN,INTERNAL MEDICINE,2,634,3599.0
47003,TN,PSYCHIATRY,1,56,525.0
47005,TN,INTERNAL MEDICINE,1,327,402.0
47005,TN,PULMONARY DISEASE,1,446,1831.0
47007,TN,INTERNAL MEDICINE,3,231,1298.0
47009,TN,CARDIOVASCULAR DISEASE (CARDIOLOGY),6,5409,18589.0
47009,TN,HEMATOLOGY/ONCOLOGY,1,364,886.0
47009,TN,INTERNAL MEDICINE,24,7411,44477.0
47009,TN,NEUROLOGY,4,1091,33623.0
47009,TN,PSYCHIATRY,11,651,2114.0
47009,TN,PULMONARY DISEASE,8,2065,13469.0
47011,TN,CARDIOVASCULAR DISEASE (CARDIOLOGY),2,2588,4892.0
47011,TN,ENDOCRINOLOGY,1,259,1097.0
47011,TN,INTERNAL MEDICINE,18,4416,17408.0
47011,TN,NEUROLOGY,3,892,20701.0
47011,TN,PSYCHIATRY,7,722,4807.0
47011,TN,PULMONARY DISEASE,3,2045,9879.0
47013,TN,CARDIOVASCULAR DISEASE (CARDIOLOGY),1,0,0.0
47013,TN,ENDOCRINOLOGY,1,49,3070.0
47013,TN,INTERNAL MEDICINE,6,1166,9474.0
47013,TN,PSYCHIATRY,1,0,0.0
47015,TN,PSYCHIATRY,1,63,209.0
47017,TN,INTERNAL MEDICINE,2,1463,22642.0
47019,TN,INTERNAL MEDICINE,11,1654,15652.0
47019,TN,NEUROLOGY,2,316,2338.0
47019,TN,PSYCHIATRY,7,167,704.0
47019,TN,PULMONARY DISEASE,1,199,575.0
47023,TN,INTERNAL MEDICINE,1,399,12892.0
47025,TN,HEMATOLOGY/ONCOLOGY,1,489,129222.0
47025,TN,INTERNAL MEDICINE,5,698,2724.0
47027,TN,INTERNAL MEDICINE,1,292,3831.0
47029,TN,INTERNAL MEDICINE,5,2217,18095.0
47029,TN,RHEUMATOLOGY,1,412,3173.0
47031,TN,CARDIOVASCULAR DISEASE (CARDIOLOGY),2,2631,10608.0
47031,TN,HEMATOLOGY/ONCOLOGY,7,2856,793413.0
47031,TN,INTERNAL MEDICINE,11,2295,23609.0
47031,TN,PSYCHIATRY,2,244,983.0
47035,TN,CARDIOVASCULAR DISEASE (CARDIOLOGY),5,8299,20137.0
47035,TN,INTERNAL MEDICINE,16,6689,242884.0
47035,TN,RHEUMATOLOGY,1,89,1188.0
47037,TN,CARDIOVASCULAR DISEASE (CARDIOLOGY),116,59395,116853.0
47037,TN,ENDOCRINOLOGY,40,8279,101800.0
47037,TN,HEMATOLOGY/ONCOLOGY,80,12831,1189552.0
47037,TN,INTERNAL MEDICINE,477,83582,767765.5
47037,TN,NEUROLOGY,114,21511,189435.0
47037,TN,PSYCHIATRY,108,3901,18581.0
47037,TN,PULMONARY DISEASE,56,11737,36056.0
47037,TN,RHEUMATOLOGY,35,8284,804477.0
47043,TN,CARDIOVASCULAR DISEASE (CARDIOLOGY),1,495,1640.0
47043,TN,HEMATOLOGY/ONCOLOGY,4,2052,526681.0
47043,TN,INTERNAL MEDICINE,17,4711,44597.0
47043,TN,NEUROLOGY,4,1304,8398.0
47043,TN,PULMONARY DISEASE,1,640,1421.0
47045,TN,CARDIOVASCULAR DISEASE (CARDIOLOGY),2,2017,9456.0
47045,TN,INTERNAL MEDICINE,10,3228,33299.0
47047,TN,PSYCHIATRY,1,146,1523.0
47049,TN,INTERNAL MEDICINE,1,192,1475.0
47049,TN,NEUROLOGY,1,243,435.0
47051,TN,CARDIOVASCULAR DISEASE (CARDIOLOGY),2,1624,22835.0
47051,TN,INTERNAL MEDICINE,9,2043,20873.0
47051,TN,PSYCHIATRY,2,142,1303.0
47051,TN,PULMONARY DISEASE,1,233,777.0
47053,TN,INTERNAL MEDICINE,1,152,1415.0
47055,TN,INTERNAL MEDICINE,3,778,5040.0
47055,TN,NEUROLOGY,1,414,12885.0
47055,TN,PSYCHIATRY,2,86,657.0
47057,TN,INTERNAL MEDICINE,2,379,2368.0
47059,TN,CARDIOVASCULAR DISEASE (CARDIOLOGY),1,1810,3467.0
47059,TN,HEMATOLOGY/ONCOLOGY,1,100,28767.0
47059,TN,INTERNAL MEDICINE,9,3463,7875.0
47059,TN,NEUROLOGY,1,113,235.0
47059,TN,PSYCHIATRY,1,60,164.0
47063,TN,CARDIOVASCULAR DISEASE (CARDIOLOGY),2,3703,14484.0
47063,TN,ENDOCRINOLOGY,2,731,32420.0
47063,TN,INTERNAL MEDICINE,15,3705,20855.0
47063,TN,NEUROLOGY,1,275,772.0
47063,TN,PULMONARY DISEASE,2,810,4173.0
47065,TN,CARDIOVASCULAR DISEASE (CARDIOLOGY),37,52541,105895.0
47065,TN,ENDOCRINOLOGY,7,1971,13319.0
47065,TN,HEMATOLOGY/ONCOLOGY,22,11996,2455278.0
47065,TN,INTERNAL MEDICINE,148,33754,281400.0
47065,TN,NEUROLOGY,36,6415,177050.0
47065,TN,PSYCHIATRY,23,947,5171.0
47065,TN,PULMONARY DISEASE,21,6005,22204.0
47065,TN,RHEUMATOLOGY,13,4723,876369.0
47067,TN,INTERNAL MEDICINE,1,0,0.0
47069,TN,INTERNAL MEDICINE,1,0,0.0
47069,TN,NEUROLOGY,1,87,271.0
47069,TN,PSYCHIATRY,5,278,965.0
47071,TN,CARDIOVASCULAR DISEASE (CARDIOLOGY),1,596,2256.0
47071,TN,INTERNAL MEDICINE,2,446,1504.0
47073,TN,INTERNAL MEDICINE,2,194,308.0
47073,TN,PULMONARY DISEASE,1,149,384.0
47075,TN,CARDIOVASCULAR DISEASE (CARDIOLOGY),1,36,146.0
47075,TN,INTERNAL MEDICINE,7,2968,13637.0
47075,TN,PSYCHIATRY,3,207,1207.0
47077,TN,INTERNAL MEDICINE,4,333,384.0
47079,TN,HEMATOLOGY/ONCOLOGY,2,3115,464661.0
47079,TN,INTERNAL MEDICINE,13,4242,22810.0
47079,TN,PULMONARY DISEASE,2,1174,8444.0
47081,TN,INTERNAL MEDICINE,1,455,5115.0
47087,TN,INTERNAL MEDICINE,1,414,34552.0
47089,TN,CARDIOVASCULAR DISEASE (CARDIOLOGY),2,995,6404.0
47089,TN,INTERNAL MEDICINE,5,1090,19121.0
47089,TN,NEUROLOGY,12,3862,39141.0
47091,TN,CARDIOVASCULAR DISEASE (CARDIOLOGY),1,377,895.0
47091,TN,INTERNAL MEDICINE,1,237,500.0
47093,TN,CARDIOVASCULAR DISEASE (CARDIOLOGY),24,20165,51716.0
47093,TN,ENDOCRINOLOGY,10,3282,57941.0
47093,TN,HEMATOLOGY/ONCOLOGY,23,7733,1307748.0
47093,TN,INTERNAL MEDICINE,225,49906,663797.0
47093,TN,NEUROLOGY,40,6798,95953.0
47093,TN,PSYCHIATRY,30,2270,8446.0
47093,TN,PULMONARY DISEASE,35,9228,113266.0
47093,TN,RHEUMATOLOGY,11,2977,290908.1
47095,TN,PSYCHIATRY,1,19,57.0
47097,TN,INTERNAL MEDICINE,3,1279,22909.0
47099,TN,CARDIOVASCULAR DISEASE (CARDIOLOGY),1,1267,2959.0
47099,TN,INTERNAL MEDICINE,10,1385,10850.0
47099,TN,PULMONARY DISEASE,1,596,1220.0
47101,TN,INTERNAL MEDICINE,1,53,108.0
47103,TN,CARDIOVASCULAR DISEASE (CARDIOLOGY),1,674,1192.0
47103,TN,INTERNAL MEDICINE,4,781,3448.0
47105,TN,CARDIOVASCULAR DISEASE (CARDIOLOGY),6,4780,10063.0
47105,TN,HEMATOLOGY/ONCOLOGY,1,1214,398990.0
47105,TN,INTERNAL MEDICINE,48,12831,252567.0
47105,TN,NEUROLOGY,5,963,28066.0
47105,TN,PULMONARY DISEASE,1,185,502.0
47105,TN,RHEUMATOLOGY,2,462,204861.0
47107,TN,CARDIOVASCULAR DISEASE (CARDIOLOGY),1,478,3951.0
47107,TN,INTERNAL MEDICINE,6,1793,13702.0
47107,TN,NEUROLOGY,1,264,838.0
47107,TN,PSYCHIATRY,1,11,164.0
47109,TN,INTERNAL MEDICINE,1,116,950.0
47111,TN,INTERNAL MEDICINE,1,445,3297.0
47113,TN,CARDIOVASCULAR DISEASE (CARDIOLOGY),11,12876,240413.0
47113,TN,ENDOCRINOLOGY,3,1278,7307.0
47113,TN,HEMATOLOGY/ONCOLOGY,5,2004,5960.0
47113,TN,INTERNAL MEDICINE,54,17672,160046.0
47113,TN,NEUROLOGY,6,2863,37883.0
47113,TN,PSYCHIATRY,5,403,2573.0
47113,TN,PULMONARY DISEASE,14,2783,16746.0
47113,TN,RHEUMATOLOGY,2,1444,463392.0
47115,TN,CARDIOVASCULAR DISEASE (CARDIOLOGY),1,1604,2913.0
47115,TN,INTERNAL MEDICINE,1,67,492.0
47115,TN,PSYCHIATRY,3,26,72.0
47117,TN,INTERNAL MEDICINE,2,87,119.0
47117,TN,NEUROLOGY,1,194,312.0
47117,TN,PSYCHIATRY,1,0,0.0
47117,TN,PULMONARY DISEASE,1,173,385.0
47119,TN,CARDIOVASCULAR DISEASE (CARDIOLOGY),13,16268,30181.0
47119,TN,HEMATOLOGY/ONCOLOGY,4,1254,156223.0
47119,TN,INTERNAL MEDICINE,46,12615,102668.0
47119,TN,NEUROLOGY,4,822,1712.0
47119,TN,PSYCHIATRY,10,1164,10465.0
47119,TN,PULMONARY DISEASE,4,307,873.0
47121,TN,INTERNAL MEDICINE,1,265,1450.0
47123,TN,CARDIOVASCULAR DISEASE (CARDIOLOGY),1,112,344.0
47123,TN,INTERNAL MEDICINE,5,2481,8059.0
47125,TN,CARDIOVASCULAR DISEASE (CARDIOLOGY),2,1210,4198.0
47125,TN,HEMATOLOGY/ONCOLOGY,1,390,58956.0
47125,TN,INTERNAL MEDICINE,23,10419,182568.0
47125,TN,NEUROLOGY,1,81,149.0
47125,TN,PSYCHIATRY,4,77,662.0
47125,TN,PULMONARY DISEASE,2,638,2382.0
47129,TN,INTERNAL MEDICINE,1,0,0.0
47129,TN,PSYCHIATRY,1,0,0.0
47131,TN,CARDIOVASCULAR DISEASE (CARDIOLOGY),1,509,2385.0
47131,TN,HEMATOLOGY/ONCOLOGY,1,710,7552.0
47131,TN,INTERNAL MEDICINE,34,8275,28375.0
47133,TN,INTERNAL MEDICINE,3,823,9695.0
47133,TN,PULMONARY DISEASE,1,331,1944.0
47135,TN,INTERNAL MEDICINE,1,16,180.0
47135,TN,PSYCHIATRY,1,23,366.0
47137,TN,INTERNAL MEDICINE,1,0,0.0
47139,TN,INTERNAL MEDICINE,3,654,4117.0
47141,TN,CARDIOVASCULAR DISEASE (CARDIOLOGY),7,11602,26852.0
47141,TN,ENDOCRINOLOGY,2,547,2779.0
47141,TN,HEMATOLOGY/ONCOLOGY,7,2236,386846.0
47141,TN,INTERNAL MEDICINE,33,8895,68147.5
47141,TN,NEUROLOGY,6,2131,14003.0
47141,TN,PSYCHIATRY,21,1995,3705.0
47141,TN,PULMONARY DISEASE,7,2770,13978.0
47143,TN,INTERNAL MEDICINE,5,481,5738.0
47145,TN,INTERNAL MEDICINE,6,1040,7817.0
47147,TN,CARDIOVASCULAR DISEASE (CARDIOLOGY),2,2197,5127.0
47147,TN,INTERNAL MEDICINE,9,2053,28277.0
47147,TN,PSYCHIATRY,1,29,81.0
47147,TN,PULMONARY DISEASE,1,144,584.0
47149,TN,CARDIOVASCULAR DISEASE (CARDIOLOGY),12,10449,31087.0
47149,TN,ENDOCRINOLOGY,4,730,7428.0
47149,TN,HEMATOLOGY/ONCOLOGY,1,0,0.0
47149,TN,INTERNAL MEDICINE,71,16436,107620.0
47149,TN,NEUROLOGY,10,2730,9800.0
47149,TN,PSYCHIATRY,11,906,4872.0
47149,TN,PULMONARY DISEASE,8,2474,6895.0
47149,TN,RHEUMATOLOGY,2,828,136003.0
47151,TN,INTERNAL MEDICINE,2,140,756.0
47151,TN,PSYCHIATRY,1,72,223.0
47153,TN,NEUROLOGY,1,270,485.0
47155,TN,CARDIOVASCULAR DISEASE (CARDIOLOGY),9,7178,18293.0
47155,TN,HEMATOLOGY/ONCOLOGY,3,862,134269.0
47155,TN,INTERNAL MEDICINE,19,4862,24207.0
47155,TN,PULMONARY DISEASE,5,1303,3797.0
47157,TN,CARDIOVASCULAR DISEASE (CARDIOLOGY),41,41945,223543.4
47157,TN,ENDOCRINOLOGY,18,6857,118095.0
47157,TN,HEMATOLOGY/ONCOLOGY,26,9744,1511178.5
47157,TN,INTERNAL MEDICINE,278,69234,722429.9
47157,TN,NEUROLOGY,58,15163,702849.0
47157,TN,PSYCHIATRY,28,1505,11279.0
47157,TN,PULMONARY DISEASE,28,10466,29031.0
47157,TN,RHEUMATOLOGY,15,3252,689527.0
47159,TN,INTERNAL MEDICINE,1,23,40.0
47163,TN,CARDIOVASCULAR DISEASE (CARDIOLOGY),9,8034,15892.0
47163,TN,ENDOCRINOLOGY,5,1097,2913.0
47163,TN,HEMATOLOGY/ONCOLOGY,5,821,1842.0
47163,TN,INTERNAL MEDICINE,58,13303,168586.0
47163,TN,NEUROLOGY,18,3560,7667.0
47163,TN,PSYCHIATRY,6,553,2222.0
47163,TN,PULMONARY DISEASE,8,2278,5685.0
47163,TN,RHEUMATOLOGY,3,1158,228288.0
47165,TN,CARDIOVASCULAR DISEASE (CARDIOLOGY),3,3395,8506.0
47165,TN,ENDOCRINOLOGY,2,718,6890.0
47165,TN,HEMATOLOGY/ONCOLOGY,1,464,127042.0
47165,TN,INTERNAL MEDICINE,42,8409,28267.0
47165,TN,NEUROLOGY,1,488,1124.0
47165,TN,PSYCHIATRY,2,158,309.0
47165,TN,PULMONARY DISEASE,3,1187,2663.0
47165,TN,RHEUMATOLOGY,2,1028,153304.0
47167,TN,CARDIOVASCULAR DISEASE (CARDIOLOGY),1,489,1043.0
47167,TN,ENDOCRINOLOGY,3,615,3447.0
47167,TN,HEMATOLOGY/ONCOLOGY,5,1661,8626.0
47167,TN,INTERNAL MEDICINE,18,7806,138361.0
47167,TN,NEUROLOGY,2,225,524.0
47167,TN,PULMONARY DISEASE,1,562,2096.0
47167,TN,RHEUMATOLOGY,3,852,17012.0
47169,TN,CARDIOVASCULAR DISEASE (CARDIOLOGY),2,2851,8341.0
47171,TN,INTERNAL MEDICINE,3,297,3810.0
47173,TN,INTERNAL MEDICINE,2,546,20373.0
47177,TN,CARDIOVASCULAR DISEASE (CARDIOLOGY),5,7455,16359.0
47177,TN,HEMATOLOGY/ONCOLOGY,4,2536,662484.0
47177,TN,INTERNAL MEDICINE,12,3743,10912.0
47177,TN,NEUROLOGY,1,274,405.0
47177,TN,PSYCHIATRY,1,242,656.0
47177,TN,PULMONARY DISEASE,5,2257,8166.0
47179,TN,CARDIOVASCULAR DISEASE (CARDIOLOGY),7,4349,17293.0
47179,TN,ENDOCRINOLOGY,3,167,1340.0
47179,TN,HEMATOLOGY/ONCOLOGY,6,1885,433374.0
47179,TN,INTERNAL MEDICINE,66,16984,183891.0
47179,TN,NEUROLOGY,4,599,58740.0
47179,TN,PSYCHIATRY,15,276,1096.0
47179,TN,PULMONARY DISEASE,7,2966,45515.0
47179,TN,RHEUMATOLOGY,5,738,45937.0
47181,TN,CARDIOVASCULAR DISEASE (CARDIOLOGY),3,4329,11339.0
47181,TN,INTERNAL MEDICINE,1,282,961.0
47183,TN,CARDIOVASCULAR DISEASE (CARDIOLOGY),3,2189,5880.0
47183,TN,INTERNAL MEDICINE,3,1615,7957.0
47185,TN,INTERNAL MEDICINE,3,680,2388.0
47187,TN,CARDIOVASCULAR DISEASE (CARDIOLOGY),13,5998,18826.0
47187,TN,ENDOCRINOLOGY,4,1141,30866.0
47187,TN,HEMATOLOGY/ONCOLOGY,5,1985,328399.0
47187,TN,INTERNAL MEDICINE,97,16905,112695.0
47187,TN,NEUROLOGY,15,4728,45865.0
47187,TN,PSYCHIATRY,57,1513,9699.0
47187,TN,PULMONARY DISEASE,13,5961,21640.0
47187,TN,RHEUMATOLOGY,5,3098,88531.0
47189,TN,CARDIOVASCULAR DISEASE (CARDIOLOGY),5,6215,19670.0
47189,TN,ENDOCRINOLOGY,2,250,1511.0
47189,TN,HEMATOLOGY/ONCOLOGY,3,1125,276125.0
47189,TN,INTERNAL MEDICINE,11,3286,39061.0
47189,TN,PSYCHIATRY,2,45,244.0
47189,TN,PULMONARY DISEASE,4,2047,6935.0
47189,TN,RHEUMATOLOGY,1,273,84803.0
48001,TX,CARDIOVASCULAR DISEASE (CARDIOLOGY),3,1450,7273.0
48001,TX,ENDOCRINOLOGY,1,629,36254.0
48001,TX,HEMATOLOGY/ONCOLOGY,1,598,167327.0
48001,TX,INTERNAL MEDICINE,9,1861,19088.0
48001,TX,PSYCHIATRY,2,77,1006.0
48005,TX,CARDIOVASCULAR DISEASE (CARDIOLOGY),2,1916,27897.0
48005,TX,ENDOCRINOLOGY,1,472,2154.0
48005,TX,HEMATOLOGY/ONCOLOGY,3,835,367404.0
48005,TX,INTERNAL MEDICINE,30,6241,40821.0
48005,TX,NEUROLOGY,3,1526,8146.0
48005,TX,PSYCHIATRY,4,263,2862.0
48005,TX,PULMONARY DISEASE,2,1680,5793.0
48005,TX,RHEUMATOLOGY,1,371,74788.0
48007,TX,INTERNAL MEDICINE,2,2003,12983.0
48007,TX,PSYCHIATRY,1,57,390.0
48009,TX,ENDOCRINOLOGY,3,1486,7645.0
48009,TX,INTERNAL MEDICINE,4,1054,5318.0
48009,TX,NEUROLOGY,2,352,1154.0
48009,TX,RHEUMATOLOGY,1,495,2153.0
48013,TX,CARDIOVASCULAR DISEASE (CARDIOLOGY),1,770,3811.0
48013,TX,INTERNAL MEDICINE,1,72,591.0
48013,TX,PSYCHIATRY,6,269,2256.0
48013,TX,PULMONARY DISEASE,1,279,967.0
48015,TX,CARDIOVASCULAR DISEASE (CARDIOLOGY),1,1097,6969.0
48015,TX,INTERNAL MEDICINE,2,749,11624.0
48019,TX,INTERNAL MEDICINE,3,1291,7863.0
48021,TX,HEMATOLOGY/ONCOLOGY,3,1446,372679.0
48021,TX,INTERNAL MEDICINE,12,1550,8769.0
48021,TX,PSYCHIATRY,2,148,401.0
48021,TX,RHEUMATOLOGY,2,279,63006.0
48023,TX,INTERNAL MEDICINE,1,0,0.0
48025,TX,CARDIOVASCULAR DISEASE (CARDIOLOGY),1,502,1169.0
48025,TX,INTERNAL MEDICINE,4,911,4439.0
48025,TX,PULMONARY DISEASE,1,869,4096.0
48027,TX,CARDIOVASCULAR DISEASE (CARDIOLOGY),2,2069,4222.0
48027,TX,ENDOCRINOLOGY,1,172,547.0
48027,TX,HEMATOLOGY/ONCOLOGY,1,66,345.0
48027,TX,INTERNAL MEDICINE,18,4003,34415.0
48027,TX,NEUROLOGY,2,354,3633.0
48027,TX,PSYCHIATRY,13,438,2396.0
48027,TX,PULMONARY DISEASE,1,480,1027.0
48029,TX,CARDIOVASCULAR DISEASE (CARDIOLOGY),113,56297,228158.0
48029,TX,ENDOCRINOLOGY,39,13634,206135.0
48029,TX,HEMATOLOGY/ONCOLOGY,53,14528,3242126.0
48029,TX,INTERNAL MEDICINE,529,105618,969649.0
48029,TX,NEUROLOGY,97,18939,273215.0
48029,TX,PSYCHIATRY,129,4289,30068.0
48029,TX,PULMONARY DISEASE,82,27247,104553.0
48029,TX,RHEUMATOLOGY,33,10308,2490627.2
48035,TX,CARDIOVASCULAR DISEASE (CARDIOLOGY),1,975,3937.0
48035,TX,INTERNAL MEDICINE,1,0,0.0
48035,TX,PSYCHIATRY,1,0,0.0
48037,TX,CARDIOVASCULAR DISEASE (CARDIOLOGY),5,7436,22895.0
48037,TX,ENDOCRINOLOGY,1,576,1255.0
48037,TX,HEMATOLOGY/ONCOLOGY,1,355,840.0
48037,TX,INTERNAL MEDICINE,20,7727,147245.5
48037,TX,NEUROLOGY,1,329,540.0
48037,TX,PSYCHIATRY,3,477,1659.0
48037,TX,PULMONARY DISEASE,1,369,4133.0
48037,TX,RHEUMATOLOGY,1,319,95156.0
48039,TX,CARDIOVASCULAR DISEASE (CARDIOLOGY),12,5632,34919.0
48039,TX,ENDOCRINOLOGY,3,926,6185.0
48039,TX,HEMATOLOGY/ONCOLOGY,4,426,288936.5
48039,TX,INTERNAL MEDICINE,70,13889,88771.0
48039,TX,NEUROLOGY,20,3783,36494.0
48039,TX,PSYCHIATRY,12,802,4668.0
48039,TX,PULMONARY DISEASE,4,822,2297.0
48039,TX,RHEUMATOLOGY,4,355,51309.0
48041,TX,CARDIOVASCULAR DISEASE (CARDIOLOGY),9,7373,72661.0
48041,TX,ENDOCRINOLOGY,2,446,1723.0
48041,TX,HEMATOLOGY/ONCOLOGY,2,1033,292460.0
48041,TX,INTERNAL MEDICINE,59,14559,248250.0
48041,TX,NEUROLOGY,1,376,2920.0
48041,TX,PSYCHIATRY,8,193,1278.0
48041,TX,PULMONARY DISEASE,6,2581,5337.0
48041,TX,RHEUMATOLOGY,2,921,549291.5
48049,TX,CARDIOVASCULAR DISEASE (CARDIOLOGY),1,2229,6964.0
48049,TX,HEMATOLOGY/ONCOLOGY,2,207,504.0
48049,TX,INTERNAL MEDICINE,15,5251,25844.0
48051,TX,CARDIOVASCULAR DISEASE (CARDIOLOGY),3,3341,7267.0
48051,TX,ENDOCRINOLOGY,1,0,0.0
48051,TX,HEMATOLOGY/ONCOLOGY,2,571,1918.0
48051,TX,INTERNAL MEDICINE,6,1574,5234.0
48051,TX,PULMONARY DISEASE,2,777,1669.0
48051,TX,RHEUMATOLOGY,2,141,329.0
48053,TX,CARDIOVASCULAR DISEASE (CARDIOLOGY),2,3120,7827.0
48053,TX,ENDOCRINOLOGY,2,1049,2058.0
48053,TX,HEMATOLOGY/ONCOLOGY,2,799,3768.0
48053,TX,INTERNAL MEDICINE,16,3941,14972.0
48053,TX,NEUROLOGY,5,1388,2832.0
48053,TX,PSYCHIATRY,2,27,710.0
48053,TX,RHEUMATOLOGY,1,150,583.0
48055,TX,INTERNAL MEDICINE,5,684,2181.0
48057,TX,INTERNAL MEDICINE,2,275,1808.0
48061,TX,CARDIOVASCULAR DISEASE (CARDIOLOGY),20,10791,57488.0
48061,TX,ENDOCRINOLOGY,4,809,3143.0
48061,TX,HEMATOLOGY/ONCOLOGY,3,1316,288462.0
48061,TX,INTERNAL MEDICINE,87,12316,172388.5
48061,TX,NEUROLOGY,15,2080,7124.0
48061,TX,PSYCHIATRY,11,546,2452.0
48061,TX,PULMONARY DISEASE,6,1931,10938.0
48061,TX,RHEUMATOLOGY,2,256,5031.5
48063,TX,INTERNAL MEDICINE,1,263,307.0
48067,TX,INTERNAL MEDICINE,4,1470,2690.0
48067,TX,PSYCHIATRY,1,18,112.0
48071,TX,CARDIOVASCULAR DISEASE (CARDIOLOGY),1,475,9341.0
48071,TX,INTERNAL MEDICINE,1,0,0.0
48073,TX,HEMATOLOGY/ONCOLOGY,1,1058,209861.0
48073,TX,INTERNAL MEDICINE,3,407,2710.0
48073,TX,PSYCHIATRY,10,133,436.0
48085,TX,CARDIOVASCULAR DISEASE (CARDIOLOGY),68,59591,286900.0
48085,TX,ENDOCRINOLOGY,18,5615,70215.0
48085,TX,HEMATOLOGY/ONCOLOGY,23,10730,2219530.0
48085,TX,INTERNAL MEDICINE,393,97602,711787.5
48085,TX,NEUROLOGY,63,20645,584116.0
48085,TX,PSYCHIATRY,109,4346,32323.0
48085,TX,PULMONARY DISEASE,21,10224,98853.0
48085,TX,RHEUMATOLOGY,17,2549,429413.0
48087,TX,INTERNAL MEDICINE,1,43,193.0
48089,TX,CARDIOVASCULAR DISEASE (CARDIOLOGY),1,1239,3431.0
48089,TX,INTERNAL MEDICINE,2,196,1763.0
48089,TX,PULMONARY DISEASE,1,0,0.0
48091,TX,ENDOCRINOLOGY,1,336,1107.0
48091,TX,INTERNAL MEDICINE,10,6323,37622.0
48091,TX,NEUROLOGY,1,645,3750.0
48091,TX,PSYCHIATRY,5,0,0.0
48093,TX,INTERNAL MEDICINE,3,246,392.0
48097,TX,CARDIOVASCULAR DISEASE (CARDIOLOGY),2,1848,7078.0
48097,TX,INTERNAL MEDICINE,4,639,4070.0
48097,TX,PSYCHIATRY,1,0,0.0
48099,TX,INTERNAL MEDICINE,1,0,0.0
48113,TX,CARDIOVASCULAR DISEASE (CARDIOLOGY),144,85570,319125.0
48113,TX,ENDOCRINOLOGY,77,18286,93724.0
48113,TX,HEMATOLOGY/ONCOLOGY,91,20131,3482994.0
48113,TX,INTERNAL MEDICINE,983,181880,1535152.0
48113,TX,NEUROLOGY,140,28260,932777.0
48113,TX,PSYCHIATRY,189,10726,50555.0
48113,TX,PULMONARY DISEASE,113,30154,95554.0
48113,TX,RHEUMATOLOGY,42,6772,1058537.0
48117,TX,INTERNAL MEDICINE,3,456,1125.0
48121,TX,CARDIOVASCULAR DISEASE (CARDIOLOGY),23,12849,51706.0
48121,TX,ENDOCRINOLOGY,10,2507,13300.0
48121,TX,HEMATOLOGY/ONCOLOGY,14,5568,1458479.5
48121,TX,INTERNAL MEDICINE,143,36269,387885.0
48121,TX,NEUROLOGY,31,7333,75209.0
48121,TX,PSYCHIATRY,26,2213,13657.0
48121,TX,PULMONARY DISEASE,8,3303,14492.0
48121,TX,RHEUMATOLOGY,6,1178,104669.0
48123,TX,CARDIOVASCULAR DISEASE (CARDIOLOGY),2,1528,4713.0
48123,TX,INTERNAL MEDICINE,3,220,445.0
48123,TX,PSYCHIATRY,1,17,41.0
48133,TX,CARDIOVASCULAR DISEASE (CARDIOLOGY),1,706,1112.0
48133,TX,INTERNAL MEDICINE,4,1070,8561.0
48135,TX,CARDIOVASCULAR DISEASE (CARDIOLOGY),4,6273,17842.0
48135,TX,ENDOCRINOLOGY,5,669,6860.0
48135,TX,HEMATOLOGY/ONCOLOGY,2,497,136309.0
48135,TX,INTERNAL MEDICINE,29,6443,44540.0
48135,TX,PSYCHIATRY,5,73,668.0
48135,TX,PULMONARY DISEASE,2,260,542.0
48139,TX,CARDIOVASCULAR DISEASE (CARDIOLOGY),5,1988,9607.0
48139,TX,ENDOCRINOLOGY,5,1727,13485.0
48139,TX,HEMATOLOGY/ONCOLOGY,2,768,2466.0
48139,TX,INTERNAL MEDICINE,57,22113,208954.0
48139,TX,NEUROLOGY,6,2148,47522.0
48139,TX,PSYCHIATRY,2,88,517.0
48139,TX,PULMONARY DISEASE,2,1294,3391.0
48139,TX,RHEUMATOLOGY,4,1037,192998.0
48141,TX,CARDIOVASCULAR DISEASE (CARDIOLOGY),32,11813,53285.0
48141,TX,ENDOCRINOLOGY,6,1346,5370.0
48141,TX,HEMATOLOGY/ONCOLOGY,20,4206,726653.0
48141,TX,INTERNAL MEDICINE,179,25113,166787.0
48141,TX,NEUROLOGY,22,3587,26061.0
48141,TX,PSYCHIATRY,41,1716,9006.0
48141,TX,PULMONARY DISEASE,15,4666,38716.0
48141,TX,RHEUMATOLOGY,8,1207,340647.0
48143,TX,HEMATOLOGY/ONCOLOGY,1,468,329173.0
48143,TX,INTERNAL MEDICINE,6,2482,45544.0
48145,TX,INTERNAL MEDICINE,1,0,0.0
48147,TX,ENDOCRINOLOGY,1,706,9557.0
48147,TX,INTERNAL MEDICINE,3,873,2955.0
48149,TX,INTERNAL MEDICINE,2,89,145.0
48157,TX,CARDIOVASCULAR DISEASE (CARDIOLOGY),61,41254,124010.0
48157,TX,ENDOCRINOLOGY,33,8514,101293.0
48157,TX,HEMATOLOGY/ONCOLOGY,21,3964,373691.0
48157,TX,INTERNAL MEDICINE,248,50793,297049.0
48157,TX,NEUROLOGY,62,19597,917184.0
48157,TX,PSYCHIATRY,38,2007,18628.0
48157,TX,PULMONARY DISEASE,18,6889,43389.0
48157,TX,RHEUMATOLOGY,22,3468,903950.2
48161,TX,INTERNAL MEDICINE,5,1015,2428.0
48163,TX,INTERNAL MEDICINE,2,265,545.0
48165,TX,PULMONARY DISEASE,1,98,479.0
48167,TX,CARDIOVASCULAR DISEASE (CARDIOLOGY),19,15495,34330.0
48167,TX,ENDOCRINOLOGY,7,935,2144.0
48167,TX,HEMATOLOGY/ONCOLOGY,8,933,59914.0
48167,TX,INTERNAL MEDICINE,64,9423,41812.0
48167,TX,NEUROLOGY,17,3788,8718.0
48167,TX,PSYCHIATRY,33,1966,9863.0
48167,TX,PULMONARY DISEASE,7,2150,7897.0
48167,TX,RHEUMATOLOGY,7,1050,209142.0
48171,TX,CARDIOVASCULAR DISEASE (CARDIOLOGY),2,2376,8127.0
48171,TX,HEMATOLOGY/ONCOLOGY,1,769,299454.0
48171,TX,INTERNAL MEDICINE,9,5107,33302.0
48171,TX,NEUROLOGY,2,754,4821.0
48171,TX,RHEUMATOLOGY,1,459,32639.0
48177,TX,CARDIOVASCULAR DISEASE (CARDIOLOGY),2,2410,30190.0
48177,TX,INTERNAL MEDICINE,1,159,1104.0
48177,TX,PSYCHIATRY,1,0,0.0
48179,TX,INTERNAL MEDICINE,10,1503,10369.0
48179,TX,PULMONARY DISEASE,1,0,0.0
48181,TX,CARDIOVASCULAR DISEASE (CARDIOLOGY),2,2748,22813.0
48181,TX,ENDOCRINOLOGY,1,574,22361.0
48181,TX,HEMATOLOGY/ONCOLOGY,3,2806,641450.0
48181,TX,INTERNAL MEDICINE,42,14720,154231.0
48181,TX,NEUROLOGY,6,2448,56620.0
48181,TX,PSYCHIATRY,7,1019,9948.0
48181,TX,PULMONARY DISEASE,3,3056,22152.0
48183,TX,CARDIOVASCULAR DISEASE (CARDIOLOGY),5,6057,28727.0
48183,TX,ENDOCRINOLOGY,1,374,5149.0
48183,TX,HEMATOLOGY/ONCOLOGY,3,1882,352640.0
48183,TX,INTERNAL MEDICINE,46,13579,299557.0
48183,TX,NEUROLOGY,3,1190,10592.0
48183,TX,PSYCHIATRY,3,259,848.0
48183,TX,PULMONARY DISEASE,3,2344,10468.0
48183,TX,RHEUMATOLOGY,2,1182,147888.0
48185,TX,INTERNAL MEDICINE,1,669,5230.0
48187,TX,CARDIOVASCULAR DISEASE (CARDIOLOGY),8,7732,40000.0
48187,TX,ENDOCRINOLOGY,1,340,1513.0
48187,TX,HEMATOLOGY/ONCOLOGY,3,2039,459452.0
48187,TX,INTERNAL MEDICINE,16,3537,21914.0
48187,TX,PSYCHIATRY,1,50,96.0
48187,TX,PULMONARY DISEASE,1,842,2848.0
48189,TX,INTERNAL MEDICINE,4,825,2264.0
48189,TX,PSYCHIATRY,1,36,83.0
48199,TX,INTERNAL MEDICINE,4,1108,5885.0
48201,TX,CARDIOVASCULAR DISEASE (CARDIOLOGY),358,215486,1042131.1
48201,TX,ENDOCRINOLOGY,138,25967,307049.0
48201,TX,HEMATOLOGY/ONCOLOGY,186,30797,4370301.0
48201,TX,INTERNAL MEDICINE,1338,198234,2011595.0
48201,TX,NEUROLOGY,315,57812,1471597.0
48201,TX,PSYCHIATRY,376,13780,75176.0
48201,TX,PULMONARY DISEASE,146,46189,288455.0
48201,TX,RHEUMATOLOGY,99,16396,3652869.0
48203,TX,CARDIOVASCULAR DISEASE (CARDIOLOGY),1,83,348.0
48203,TX,INTERNAL MEDICINE,3,866,4384.0
48203,TX,PSYCHIATRY,1,26,55.0
48207,TX,CARDIOVASCULAR DISEASE (CARDIOLOGY),1,3181,9429.0
48207,TX,HEMATOLOGY/ONCOLOGY,1,266,1118.0
48209,TX,CARDIOVASCULAR DISEASE (CARDIOLOGY),7,5166,18578.0
48209,TX,ENDOCRINOLOGY,1,117,2415.0
48209,TX,HEMATOLOGY/ONCOLOGY,1,290,47536.0
48209,TX,INTERNAL MEDICINE,13,5153,82644.0
48209,TX,NEUROLOGY,2,935,2744.0
48209,TX,PSYCHIATRY,3,82,444.0
48209,TX,PULMONARY DISEASE,3,1717,6838.0
48209,TX,RHEUMATOLOGY,3,1099,163179.0
48211,TX,NEUROLOGY,1,223,297.0
48213,TX,CARDIOVASCULAR DISEASE (CARDIOLOGY),1,1220,3576.0
48213,TX,INTERNAL MEDICINE,4,736,10106.0
48213,TX,NEUROLOGY,1,419,1246.0
48213,TX,PSYCHIATRY,1,73,263.0
48215,TX,CARDIOVASCULAR DISEASE (CARDIOLOGY),19,6360,21138.0
48215,TX,ENDOCRINOLOGY,11,1936,40386.0
48215,TX,HEMATOLOGY/ONCOLOGY,14,2334,384568.0
48215,TX,INTERNAL MEDICINE,133,21813,164039.0
48215,TX,NEUROLOGY,21,2742,22092.9
48215,TX,PSYCHIATRY,20,1077,5268.0
48215,TX,PULMONARY DISEASE,22,6935,29245.0
48215,TX,RHEUMATOLOGY,4,1102,211587.0
48217,TX,CARDIOVASCULAR DISEASE (CARDIOLOGY),1,1451,5067.0
48217,TX,INTERNAL MEDICINE,4,1091,2675.0
48219,TX,CARDIOVASCULAR DISEASE (CARDIOLOGY),2,4199,39998.0
48219,TX,ENDOCRINOLOGY,2,766,2246.0
48219,TX,INTERNAL MEDICINE,4,1693,11804.0
48219,TX,PULMONARY DISEASE,4,1834,6754.0
48221,TX,CARDIOVASCULAR DISEASE (CARDIOLOGY),1,968,3947.0
48221,TX,HEMATOLOGY/ONCOLOGY,1,300,106875.0
48221,TX,INTERNAL MEDICINE,12,3808,33946.5
48221,TX,NEUROLOGY,1,832,6584.0
48221,TX,PSYCHIATRY,5,192,573.0
48221,TX,PULMONARY DISEASE,1,1043,3139.0
48223,TX,CARDIOVASCULAR DISEASE (CARDIOLOGY),9,9799,29911.0
48223,TX,INTERNAL MEDICINE,10,3669,12675.0
48223,TX,PULMONARY DISEASE,4,1452,5465.0
48223,TX,RHEUMATOLOGY,1,157,687.0
48225,TX,CARDIOVASCULAR DISEASE (CARDIOLOGY),3,4311,13876.0
48225,TX,INTERNAL MEDICINE,1,0,0.0
48227,TX,CARDIOVASCULAR DISEASE (CARDIOLOGY),4,2122,8056.0
48227,TX,HEMATOLOGY/ONCOLOGY,1,667,205345.0
48227,TX,INTERNAL MEDICINE,10,2288,28117.0
48227,TX,NEUROLOGY,5,3547,234648.0
48227,TX,PSYCHIATRY,7,115,353.0
48227,TX,PULMONARY DISEASE,2,700,3431.0
48227,TX,RHEUMATOLOGY,2,589,62572.0
48231,TX,CARDIOVASCULAR DISEASE (CARDIOLOGY),2,1536,8086.0
48231,TX,INTERNAL MEDICINE,15,4028,14122.0
48231,TX,NEUROLOGY,2,809,2232.0
48231,TX,PSYCHIATRY,6,469,4843.0
48231,TX,PULMONARY DISEASE,1,709,2091.0
48233,TX,PSYCHIATRY,1,37,1781.0
48237,TX,INTERNAL MEDICINE,3,1287,23535.0
48239,TX,INTERNAL MEDICINE,2,315,678.0
48241,TX,INTERNAL MEDICINE,6,1173,5762.0
48245,TX,CARDIOVASCULAR DISEASE (CARDIOLOGY),15,11816,93031.0
48245,TX,ENDOCRINOLOGY,5,3402,165768.0
48245,TX,HEMATOLOGY/ONCOLOGY,3,1371,305996.0
48245,TX,INTERNAL MEDICINE,53,14997,132859.0
48245,TX,NEUROLOGY,8,2758,105584.0
48245,TX,PSYCHIATRY,14,871,5328.0
48245,TX,PULMONARY DISEASE,8,3893,12987.0
48245,TX,RHEUMATOLOGY,5,1194,114130.0
48249,TX,CARDIOVASCULAR DISEASE (CARDIOLOGY),2,2032,18251.0
48249,TX,INTERNAL MEDICINE,5,296,866.0
48249,TX,PSYCHIATRY,1,0,0.0
48251,TX,CARDIOVASCULAR DISEASE (CARDIOLOGY),5,3670,14123.0
48251,TX,ENDOCRINOLOGY,1,442,1656.0
48251,TX,HEMATOLOGY/ONCOLOGY,1,181,61805.0
48251,TX,INTERNAL MEDICINE,44,10483,53150.0
48251,TX,NEUROLOGY,2,825,2597.0
48251,TX,PSYCHIATRY,4,549,2521.0
48251,TX,PULMONARY DISEASE,5,3341,14439.0
48251,TX,RHEUMATOLOGY,1,346,18861.0
48253,TX,CARDIOVASCULAR DISEASE (CARDIOLOGY),6,9878,21593.0
48253,TX,ENDOCRINOLOGY,2,642,1588.0
48253,TX,HEMATOLOGY/ONCOLOGY,6,2473,439010.0
48253,TX,INTERNAL MEDICINE,37,13600,59406.0
48253,TX,NEUROLOGY,3,2315,11640.0
48253,TX,PSYCHIATRY,2,21,24.0
48253,TX,PULMONARY DISEASE,1,1101,4394.0
48253,TX,RHEUMATOLOGY,2,835,8957.0
48257,TX,CARDIOVASCULAR DISEASE (CARDIOLOGY),4,4675,30346.0
48257,TX,ENDOCRINOLOGY,1,325,969.0
48257,TX,INTERNAL MEDICINE,11,2189,17376.0
48257,TX,NEUROLOGY,1,23,967.0
48257,TX,PSYCHIATRY,18,333,1719.0
48257,TX,RHEUMATOLOGY,1,382,31865.0
48259,TX,CARDIOVASCULAR DISEASE (CARDIOLOGY),1,1366,4824.0
48259,TX,INTERNAL MEDICINE,3,727,2711.0
48259,TX,NEUROLOGY,5,1590,14649.0
48259,TX,PSYCHIATRY,1,0,0.0
48259,TX,PULMONARY DISEASE,2,984,3489.0
48265,TX,CARDIOVASCULAR DISEASE (CARDIOLOGY),4,3288,11240.0
48265,TX,ENDOCRINOLOGY,1,632,1861.0
48265,TX,HEMATOLOGY/ONCOLOGY,1,680,195395.0
48265,TX,INTERNAL MEDICINE,42,11327,50646.0
48265,TX,NEUROLOGY,3,1480,11471.0
48265,TX,PSYCHIATRY,3,65,215.0
48265,TX,PULMONARY DISEASE,1,1148,2932.0
48265,TX,RHEUMATOLOGY,1,462,20342.0
48273,TX,CARDIOVASCULAR DISEASE (CARDIOLOGY),4,2338,5586.0
48273,TX,INTERNAL MEDICINE,5,855,2611.0
48275,TX,INTERNAL MEDICINE,1,185,525.0
48277,TX,CARDIOVASCULAR DISEASE (CARDIOLOGY),3,3082,43845.0
48277,TX,ENDOCRINOLOGY,1,273,748.0
48277,TX,INTERNAL MEDICINE,11,4118,22925.0
48277,TX,NEUROLOGY,2,165,1931.0
48277,TX,PSYCHIATRY,1,73,637.0
48277,TX,PULMONARY DISEASE,1,509,1332.0
48279,TX,INTERNAL MEDICINE,2,190,260.0
48281,TX,INTERNAL MEDICINE,1,724,3057.0
48281,TX,NEUROLOGY,1,207,327.0
48285,TX,CARDIOVASCULAR DISEASE (CARDIOLOGY),1,861,2162.0
48285,TX,INTERNAL MEDICINE,1,0,0.0
48291,TX,CARDIOVASCULAR DISEASE (CARDIOLOGY),2,479,3357.0
48291,TX,INTERNAL MEDICINE,4,1053,6761.0
48291,TX,PSYCHIATRY,1,0,0.0
48293,TX,INTERNAL MEDICINE,3,181,841.0
48293,TX,PSYCHIATRY,4,118,250.0
48299,TX,INTERNAL MEDICINE,5,459,1396.0
48303,TX,CARDIOVASCULAR DISEASE (CARDIOLOGY),13,14280,52963.0
48303,TX,ENDOCRINOLOGY,2,903,7780.0
48303,TX,HEMATOLOGY/ONCOLOGY,13,3175,42470.0
48303,TX,INTERNAL MEDICINE,60,16348,170985.0
48303,TX,NEUROLOGY,6,2015,27746.0
48303,TX,PSYCHIATRY,36,1108,3309.0
48303,TX,PULMONARY DISEASE,6,2250,10549.0
48303,TX,RHEUMATOLOGY,6,2895,727942.4
48309,TX,CARDIOVASCULAR DISEASE (CARDIOLOGY),15,25658,72522.0
48309,TX,ENDOCRINOLOGY,3,986,5093.0
48309,TX,HEMATOLOGY/ONCOLOGY,5,1361,211721.1
48309,TX,INTERNAL MEDICINE,36,7721,31998.0
48309,TX,NEUROLOGY,11,3109,7705.0
48309,TX,PSYCHIATRY,27,1526,3744.0
48309,TX,PULMONARY DISEASE,11,4244,14904.0
48309,TX,RHEUMATOLOGY,1,173,6807.0
48317,TX,INTERNAL MEDICINE,1,60,84.0
48317,TX,PSYCHIATRY,1,107,660.0
48321,TX,CARDIOVASCULAR DISEASE (CARDIOLOGY),1,1408,11567.0
48321,TX,INTERNAL MEDICINE,7,2535,20741.0
48321,TX,PSYCHIATRY,2,0,0.0
48323,TX,ENDOCRINOLOGY,2,161,521.0
48323,TX,INTERNAL MEDICINE,9,1709,12404.0
48325,TX,ENDOCRINOLOGY,1,298,938.0
48325,TX,INTERNAL MEDICINE,2,1532,5985.0
48329,TX,CARDIOVASCULAR DISEASE (CARDIOLOGY),4,2599,12953.0
48329,TX,ENDOCRINOLOGY,1,361,800.0
48329,TX,HEMATOLOGY/ONCOLOGY,3,1439,342275.0
48329,TX,INTERNAL MEDICINE,32,8011,63642.0
48329,TX,NEUROLOGY,2,375,717.0
48329,TX,PSYCHIATRY,6,289,1049.0
48329,TX,PULMONARY DISEASE,5,982,3898.0
48329,TX,RHEUMATOLOGY,1,165,610.0
48331,TX,CARDIOVASCULAR DISEASE (CARDIOLOGY),2,986,1524.0
48331,TX,INTERNAL MEDICINE,1,12,34.0
48331,TX,PULMONARY DISEASE,2,1255,3121.0
48339,TX,CARDIOVASCULAR DISEASE (CARDIOLOGY),46,33125,141810.0
48339,TX,ENDOCRINOLOGY,5,1632,84852.0
48339,TX,HEMATOLOGY/ONCOLOGY,14,3875,926362.0
48339,TX,INTERNAL MEDICINE,103,18489,188524.5
48339,TX,NEUROLOGY,40,7759,455916.0
48339,TX,PSYCHIATRY,21,1236,10773.0
48339,TX,PULMONARY DISEASE,21,9602,129077.0
48339,TX,RHEUMATOLOGY,12,2782,1289425.0
48341,TX,INTERNAL MEDICINE,6,1387,9300.0
48343,TX,CARDIOVASCULAR DISEASE (CARDIOLOGY),1,911,2457.0
48347,TX,CARDIOVASCULAR DISEASE (CARDIOLOGY),2,1757,10456.0
48347,TX,INTERNAL MEDICINE,11,2642,26821.0
48347,TX,NEUROLOGY,3,765,7337.0
48347,TX,PSYCHIATRY,1,73,323.0
48347,TX,PULMONARY DISEASE,4,2034,21774.0
48349,TX,CARDIOVASCULAR DISEASE (CARDIOLOGY),1,754,1933.0
48349,TX,HEMATOLOGY/ONCOLOGY,1,164,29134.0
48349,TX,INTERNAL MEDICINE,3,229,474.0
48355,TX,CARDIOVASCULAR DISEASE (CARDIOLOGY),19,9121,39929.0
48355,TX,ENDOCRINOLOGY,5,969,11701.0
48355,TX,HEMATOLOGY/ONCOLOGY,9,3958,1148702.0
48355,TX,INTERNAL MEDICINE,63,14779,197823.0
48355,TX,NEUROLOGY,10,2452,14725.0
48355,TX,PSYCHIATRY,7,634,2773.0
48355,TX,PULMONARY DISEASE,5,2748,14513.0
48355,TX,RHEUMATOLOGY,5,1197,150031.0
48361,TX,INTERNAL MEDICINE,2,297,1557.0
48363,TX,CARDIOVASCULAR DISEASE (CARDIOLOGY),1,717,2579.0
48363,TX,ENDOCRINOLOGY,1,225,2235.0
48363,TX,HEMATOLOGY/ONCOLOGY,1,413,153664.0
48363,TX,INTERNAL MEDICINE,3,541,1202.0
48365,TX,INTERNAL MEDICINE,1,0,0.0
48367,TX,CARDIOVASCULAR DISEASE (CARDIOLOGY),2,2788,13063.0
48367,TX,ENDOCRINOLOGY,3,725,4973.0
48367,TX,HEMATOLOGY/ONCOLOGY,8,3255,1160130.0
48367,TX,INTERNAL MEDICINE,19,5415,36719.0
48367,TX,NEUROLOGY,1,347,1228.0
48367,TX,PSYCHIATRY,4,186,684.0
48367,TX,PULMONARY DISEASE,1,1470,11410.0
48367,TX,RHEUMATOLOGY,1,310,39919.0
48369,TX,INTERNAL MEDICINE,3,161,463.0
48371,TX,PSYCHIATRY,1,0,0.0
48373,TX,ENDOCRINOLOGY,1,277,741.0
48373,TX,HEMATOLOGY/ONCOLOGY,1,285,135945.0
48373,TX,INTERNAL MEDICINE,5,1002,10148.0
48373,TX,PULMONARY DISEASE,1,395,1473.0
48375,TX,CARDIOVASCULAR DISEASE (CARDIOLOGY),10,21130,98749.0
48375,TX,ENDOCRINOLOGY,4,2135,49700.0
48375,TX,HEMATOLOGY/ONCOLOGY,8,5227,854812.0
48375,TX,INTERNAL MEDICINE,53,15258,224377.0
48375,TX,NEUROLOGY,5,3089,118933.0
48375,TX,PSYCHIATRY,10,531,3624.0
48375,TX,PULMONARY DISEASE,10,5907,28368.0
48375,TX,RHEUMATOLOGY,9,3988,872598.0
48377,TX,INTERNAL MEDICINE,2,27,44.0
48381,TX,INTERNAL MEDICINE,3,757,3818.0
48381,TX,PSYCHIATRY,1,148,637.0
48387,TX,INTERNAL MEDICINE,1,865,2578.0
48389,TX,INTERNAL MEDICINE,1,56,122.0
48391,TX,INTERNAL MEDICINE,1,22,114.0
48397,TX,CARDIOVASCULAR DISEASE (CARDIOLOGY),2,4166,14637.0
48397,TX,HEMATOLOGY/ONCOLOGY,1,401,51935.0
48397,TX,INTERNAL MEDICINE,16,4163,17507.0
48397,TX,NEUROLOGY,1,557,2734.0
48397,TX,PSYCHIATRY,2,921,5654.0
48397,TX,PULMONARY DISEASE,3,1285,5952.0
48397,TX,RHEUMATOLOGY,1,65,817.0
48401,TX,CARDIOVASCULAR DISEASE (CARDIOLOGY),2,1367,3728.0
48401,TX,ENDOCRINOLOGY,5,2853,11542.0
48401,TX,INTERNAL MEDICINE,9,3297,12302.0
48401,TX,NEUROLOGY,2,957,3726.0
48401,TX,PSYCHIATRY,3,125,333.0
48401,TX,PULMONARY DISEASE,2,666,2985.0
48401,TX,RHEUMATOLOGY,3,1470,4901.0
48407,TX,INTERNAL MEDICINE,1,2609,35368.0
48409,TX,INTERNAL MEDICINE,5,542,6040.0
48415,TX,INTERNAL MEDICINE,1,75,228.0
48415,TX,PULMONARY DISEASE,1,385,1915.0
48419,TX,INTERNAL MEDICINE,1,180,552.0
48419,TX,PSYCHIATRY,1,0,0.0
48423,TX,CARDIOVASCULAR DISEASE (CARDIOLOGY),15,13731,41555.0
48423,TX,ENDOCRINOLOGY,5,1554,5495.0
48423,TX,HEMATOLOGY/ONCOLOGY,11,5257,428623.0
48423,TX,INTERNAL MEDICINE,131,41352,412352.0
48423,TX,NEUROLOGY,23,6886,28646.0
48423,TX,PSYCHIATRY,23,905,4863.0
48423,TX,PULMONARY DISEASE,10,3347,13980.0
48423,TX,RHEUMATOLOGY,6,1639,42287.0
48425,TX,INTERNAL MEDICINE,2,173,917.0
48425,TX,PSYCHIATRY,1,36,365.0
48427,TX,INTERNAL MEDICINE,3,225,1177.0
48429,TX,INTERNAL MEDICINE,2,95,224.0
48439,TX,CARDIOVASCULAR DISEASE (CARDIOLOGY),99,73301,298503.0
48439,TX,ENDOCRINOLOGY,34,9500,74245.0
48439,TX,HEMATOLOGY/ONCOLOGY,38,10134,1894303.0
48439,TX,INTERNAL MEDICINE,553,117383,959793.0
48439,TX,NEUROLOGY,75,22754,395207.5
48439,TX,PSYCHIATRY,83,3578,18988.0
48439,TX,PULMONARY DISEASE,51,16366,53329.0
48439,TX,RHEUMATOLOGY,36,8583,1200962.5
48441,TX,CARDIOVASCULAR DISEASE (CARDIOLOGY),3,2926,9995.0
48441,TX,ENDOCRINOLOGY,2,1079,21229.0
48441,TX,HEMATOLOGY/ONCOLOGY,1,709,204888.0
48441,TX,INTERNAL MEDICINE,16,5877,58430.0
48441,TX,NEUROLOGY,5,532,10653.0
48441,TX,PSYCHIATRY,7,298,1885.0
48441,TX,PULMONARY DISEASE,2,665,1276.0
48441,TX,RHEUMATOLOGY,1,369,1355.0
48449,TX,CARDIOVASCULAR DISEASE (CARDIOLOGY),1,992,2724.0
48449,TX,INTERNAL MEDICINE,10,3129,155926.0
48449,TX,NEUROLOGY,2,722,1703.0
48449,TX,PSYCHIATRY,3,221,3562.0
48449,TX,PULMONARY DISEASE,3,973,2792.0
48451,TX,CARDIOVASCULAR DISEASE (CARDIOLOGY),6,10092,35927.0
48451,TX,ENDOCRINOLOGY,4,1192,5313.0
48451,TX,HEMATOLOGY/ONCOLOGY,9,2905,13206.0
48451,TX,INTERNAL MEDICINE,43,12098,61873.0
48451,TX,NEUROLOGY,13,3788,64933.0
48451,TX,PSYCHIATRY,11,355,1675.0
48451,TX,PULMONARY DISEASE,3,512,1683.0
48451,TX,RHEUMATOLOGY,3,511,35633.0
48453,TX,CARDIOVASCULAR DISEASE (CARDIOLOGY),71,50885,195004.0
48453,TX,ENDOCRINOLOGY,31,8050,109146.0
48453,TX,HEMATOLOGY/ONCOLOGY,22,6594,1059790.0
48453,TX,INTERNAL MEDICINE,461,100580,567697.0
48453,TX,NEUROLOGY,90,17163,238401.0
48453,TX,PSYCHIATRY,124,4154,17856.0
48453,TX,PULMONARY DISEASE,29,7260,33997.0
48453,TX,RHEUMATOLOGY,19,4705,1146001.0
48455,TX,INTERNAL MEDICINE,2,730,3909.0
48457,TX,INTERNAL MEDICINE,2,206,668.0
48459,TX,INTERNAL MEDICINE,1,330,5001.0
48463,TX,CARDIOVASCULAR DISEASE (CARDIOLOGY),2,1122,4731.0
48463,TX,HEMATOLOGY/ONCOLOGY,1,0,0.0
48463,TX,INTERNAL MEDICINE,6,551,1610.0
48463,TX,PSYCHIATRY,3,70,166.0
48463,TX,PULMONARY DISEASE,1,407,1083.0
48465,TX,CARDIOVASCULAR DISEASE (CARDIOLOGY),1,427,909.0
48465,TX,INTERNAL MEDICINE,1,465,3214.0
48465,TX,PSYCHIATRY,1,157,403.0
48467,TX,INTERNAL MEDICINE,4,877,2561.0
48469,TX,CARDIOVASCULAR DISEASE (CARDIOLOGY),7,4824,36846.0
48469,TX,HEMATOLOGY/ONCOLOGY,2,768,3481.0
48469,TX,INTERNAL MEDICINE,24,11895,269010.0
48469,TX,NEUROLOGY,1,185,410.0
48469,TX,PSYCHIATRY,1,42,100.0
48469,TX,PULMONARY DISEASE,2,1041,3461.0
48469,TX,RHEUMATOLOGY,1,412,97196.0
48471,TX,CARDIOVASCULAR DISEASE (CARDIOLOGY),3,351,854.0
48471,TX,INTERNAL MEDICINE,21,4600,29090.0
48471,TX,NEUROLOGY,1,108,731.0
48471,TX,PSYCHIATRY,1,15,116.0
48471,TX,PULMONARY DISEASE,1,722,4175.0
48471,TX,RHEUMATOLOGY,1,330,95023.0
48473,TX,INTERNAL MEDICINE,1,285,2201.0
48473,TX,PSYCHIATRY,1,0,0.0
48475,TX,INTERNAL MEDICINE,2,320,5177.0
48475,TX,RHEUMATOLOGY,1,20,44.0
48477,TX,PSYCHIATRY,1,0,0.0
48479,TX,CARDIOVASCULAR DISEASE (CARDIOLOGY),2,1653,8255.0
48479,TX,ENDOCRINOLOGY,1,228,1006.0
48479,TX,HEMATOLOGY/ONCOLOGY,2,735,64880.0
48479,TX,INTERNAL MEDICINE,40,10367,181534.0
48479,TX,NEUROLOGY,3,923,4689.0
48479,TX,PSYCHIATRY,3,89,169.0
48479,TX,PULMONARY DISEASE,6,1509,12560.0
48479,TX,RHEUMATOLOGY,1,267,88136.0
48481,TX,INTERNAL MEDICINE,2,2307,5575.0
48481,TX,PSYCHIATRY,1,68,375.0
48481,TX,PULMONARY DISEASE,3,1763,9735.0
48485,TX,CARDIOVASCULAR DISEASE (CARDIOLOGY),10,14720,55794.0
48485,TX,HEMATOLOGY/ONCOLOGY,1,1598,368193.0
48485,TX,INTERNAL MEDICINE,29,9278,62455.0
48485,TX,NEUROLOGY,5,3260,156911.0
48485,TX,PSYCHIATRY,11,1557,9616.0
48485,TX,RHEUMATOLOGY,3,1550,725578.0
48487,TX,INTERNAL MEDICINE,2,435,7706.0
48491,TX,CARDIOVASCULAR DISEASE (CARDIOLOGY),16,11523,39375.0
48491,TX,ENDOCRINOLOGY,12,5286,34290.0
48491,TX,HEMATOLOGY/ONCOLOGY,21,9728,2169349.0
48491,TX,INTERNAL MEDICINE,132,31556,186328.0
48491,TX,NEUROLOGY,21,3496,104477.0
48491,TX,PSYCHIATRY,49,595,2858.0
48491,TX,PULMONARY DISEASE,6,2486,7799.0
48491,TX,RHEUMATOLOGY,9,2515,445247.0
48493,TX,CARDIOVASCULAR DISEASE (CARDIOLOGY),1,649,2228.0
48493,TX,INTERNAL MEDICINE,2,231,509.0
48497,TX,CARDIOVASCULAR DISEASE (CARDIOLOGY),2,1376,12539.0
48497,TX,INTERNAL MEDICINE,5,716,8312.0
48497,TX,PSYCHIATRY,1,412,2946.0
48497,TX,PULMONARY DISEASE,1,256,756.0
48497,TX,RHEUMATOLOGY,1,769,115716.0
48499,TX,ENDOCRINOLOGY,1,458,1269.0
48499,TX,HEMATOLOGY/ONCOLOGY,1,284,34162.0
48499,TX,INTERNAL MEDICINE,6,2253,14616.0
48499,TX,NEUROLOGY,1,453,553.0
48499,TX,PSYCHIATRY,1,42,247.0
48503,TX,HEMATOLOGY/ONCOLOGY,1,1437,364512.0
48503,TX,INTERNAL MEDICINE,1,479,20096.0
48505,TX,PSYCHIATRY,3,117,647.0
49003,UT,INTERNAL MEDICINE,4,1483,9850.0
49005,UT,CARDIOVASCULAR DISEASE (CARDIOLOGY),3,2389,4636.0
49005,UT,INTERNAL MEDICINE,16,3142,16616.0
49005,UT,NEUROLOGY,1,289,17394.0
49005,UT,PSYCHIATRY,4,131,1190.0
49005,UT,PULMONARY DISEASE,1,185,440.0
49005,UT,RHEUMATOLOGY,2,1047,283285.0
49007,UT,INTERNAL MEDICINE,3,1333,4826.0
49011,UT,CARDIOVASCULAR DISEASE (CARDIOLOGY),8,6637,23872.0
49011,UT,ENDOCRINOLOGY,1,82,108.0
49011,UT,INTERNAL MEDICINE,28,8200,294717.0
49011,UT,NEUROLOGY,5,1115,23662.0
49011,UT,PSYCHIATRY,16,483,4186.0
49011,UT,PULMONARY DISEASE,8,1693,4611.0
49011,UT,RHEUMATOLOGY,4,523,23381.0
49013,UT,INTERNAL MEDICINE,3,46,109.0
49013,UT,RHEUMATOLOGY,1,0,0.0
49021,UT,CARDIOVASCULAR DISEASE (CARDIOLOGY),1,2293,3752.0
49021,UT,HEMATOLOGY/ONCOLOGY,2,583,1927.0
49021,UT,INTERNAL MEDICINE,3,1290,6007.0
49021,UT,NEUROLOGY,3,834,1724.0
49021,UT,PSYCHIATRY,1,39,156.0
49021,UT,PULMONARY DISEASE,1,348,769.0
49023,UT,INTERNAL MEDICINE,1,633,806.0
49027,UT,CARDIOVASCULAR DISEASE (CARDIOLOGY),3,1116,2127.0
49027,UT,HEMATOLOGY/ONCOLOGY,2,555,1460.0
49027,UT,INTERNAL MEDICINE,10,2133,9341.0
49027,UT,PSYCHIATRY,1,24,128.0
49027,UT,RHEUMATOLOGY,1,0,0.0
49035,UT,CARDIOVASCULAR DISEASE (CARDIOLOGY),35,24942,61845.0
49035,UT,ENDOCRINOLOGY,12,3309,42592.0
49035,UT,HEMATOLOGY/ONCOLOGY,42,4936,302155.0
49035,UT,INTERNAL MEDICINE,186,32648,169962.0
49035,UT,NEUROLOGY,64,7794,287477.0
49035,UT,PSYCHIATRY,83,2537,16553.0
49035,UT,PULMONARY DISEASE,42,5774,16900.0
49035,UT,RHEUMATOLOGY,10,1452,130016.0
49037,UT,HEMATOLOGY/ONCOLOGY,1,347,1265.0
49037,UT,INTERNAL MEDICINE,1,1176,1780.0
49037,UT,PSYCHIATRY,1,0,0.0
49039,UT,NEUROLOGY,1,65,93.0
49039,UT,PSYCHIATRY,1,29,105.0
49041,UT,HEMATOLOGY/ONCOLOGY,2,197,994.0
49043,UT,CARDIOVASCULAR DISEASE (CARDIOLOGY),1,299,570.0
49043,UT,ENDOCRINOLOGY,1,407,18055.0
49043,UT,INTERNAL MEDICINE,2,273,1175.0
49043,UT,PSYCHIATRY,2,42,290.0
49045,UT,CARDIOVASCULAR DISEASE (CARDIOLOGY),1,1401,2559.0
49045,UT,INTERNAL MEDICINE,8,916,3966.0
49047,UT,INTERNAL MEDICINE,3,448,1754.0
49049,UT,CARDIOVASCULAR DISEASE (CARDIOLOGY),18,11521,57053.0
49049,UT,ENDOCRINOLOGY,6,1143,8360.0
49049,UT,HEMATOLOGY/ONCOLOGY,6,2836,634839.0
49049,UT,INTERNAL MEDICINE,59,16851,460889.7
49049,UT,NEUROLOGY,12,2371,58997.0
49049,UT,PSYCHIATRY,41,1333,7322.0
49049,UT,PULMONARY DISEASE,8,2263,6847.0
49049,UT,RHEUMATOLOGY,4,974,228706.0
49051,UT,INTERNAL MEDICINE,4,844,4251.0
49053,UT,CARDIOVASCULAR DISEASE (CARDIOLOGY),6,2622,4591.0
49053,UT,ENDOCRINOLOGY,1,293,559.0
49053,UT,HEMATOLOGY/ONCOLOGY,5,1075,3660.0
49053,UT,INTERNAL MEDICINE,26,11204,202881.0
49053,UT,NEUROLOGY,9,2074,28065.0
49053,UT,PSYCHIATRY,12,374,3275.0
49053,UT,PULMONARY DISEASE,5,1334,2884.0
49053,UT,RHEUMATOLOGY,5,1537,476338.0
49057,UT,CARDIOVASCULAR DISEASE (CARDIOLOGY),6,3217,5626.0
49057,UT,HEMATOLOGY/ONCOLOGY,5,1192,238278.0
49057,UT,INTERNAL MEDICINE,29,6378,57661.0
49057,UT,NEUROLOGY,11,2458,37666.0
49057,UT,PSYCHIATRY,14,528,2458.0
49057,UT,PULMONARY DISEASE,5,736,1788.0
49057,UT,RHEUMATOLOGY,3,553,128485.0
50001,VT,CARDIOVASCULAR DISEASE (CARDIOLOGY),1,565,978.0
50001,VT,INTERNAL MEDICINE,9,1427,4460.0
50003,VT,CARDIOVASCULAR DISEASE (CARDIOLOGY),5,5721,27902.0
50003,VT,HEMATOLOGY/ONCOLOGY,2,483,9262.0
50003,VT,INTERNAL MEDICINE,12,3573,10163.0
50003,VT,NEUROLOGY,1,485,862.0
50003,VT,PSYCHIATRY,2,317,28046.0
50003,VT,PULMONARY DISEASE,2,750,1392.0
50003,VT,RHEUMATOLOGY,1,1114,1580.0
50005,VT,INTERNAL MEDICINE,2,136,278.0
50005,VT,PSYCHIATRY,1,58,69.0
50005,VT,PULMONARY DISEASE,1,416,1351.0
50007,VT,CARDIOVASCULAR DISEASE (CARDIOLOGY),26,20170,35241.0
50007,VT,ENDOCRINOLOGY,11,2362,4248.0
50007,VT,HEMATOLOGY/ONCOLOGY,14,2429,158916.0
50007,VT,INTERNAL MEDICINE,113,24637,56124.0
50007,VT,NEUROLOGY,38,6497,23740.0
50007,VT,PSYCHIATRY,60,1951,10495.0
50007,VT,PULMONARY DISEASE,14,2977,5696.0
50007,VT,RHEUMATOLOGY,10,2336,5525.0
50011,VT,CARDIOVASCULAR DISEASE (CARDIOLOGY),2,1161,2420.0
50011,VT,INTERNAL MEDICINE,8,1988,4299.0
50011,VT,PSYCHIATRY,4,127,1618.0
50011,VT,PULMONARY DISEASE,1,554,947.0
50013,VT,INTERNAL MEDICINE,1,255,1234.0
50015,VT,INTERNAL MEDICINE,2,168,385.0
50015,VT,NEUROLOGY,2,0,0.0
50015,VT,PSYCHIATRY,2,0,0.0
50017,VT,INTERNAL MEDICINE,2,86,217.0
50017,VT,PSYCHIATRY,1,94,220.0
50019,VT,CARDIOVASCULAR DISEASE (CARDIOLOGY),1,324,627.0
50019,VT,INTERNAL MEDICINE,4,943,2719.0
50019,VT,NEUROLOGY,1,45,91.0
50019,VT,PSYCHIATRY,3,211,701.0
50021,VT,CARDIOVASCULAR DISEASE (CARDIOLOGY),3,5140,12091.0
50021,VT,ENDOCRINOLOGY,4,775,1610.0
50021,VT,HEMATOLOGY/ONCOLOGY,2,488,1382.0
50021,VT,INTERNAL MEDICINE,18,5520,14517.0
50021,VT,NEUROLOGY,2,809,1448.0
50021,VT,PSYCHIATRY,8,396,2414.0
50021,VT,PULMONARY DISEASE,2,889,1932.0
50021,VT,RHEUMATOLOGY,2,702,1809.0
50023,VT,ENDOCRINOLOGY,1,362,668.0
50023,VT,INTERNAL MEDICINE,18,3484,9772.0
50023,VT,NEUROLOGY,1,239,470.0
50023,VT,PSYCHIATRY,17,474,2835.0
50023,VT,RHEUMATOLOGY,1,298,794.0
50025,VT,CARDIOVASCULAR DISEASE (CARDIOLOGY),1,2059,4509.0
50025,VT,HEMATOLOGY/ONCOLOGY,1,0,0.0
50025,VT,INTERNAL MEDICINE,13,1736,4229.0
50025,VT,NEUROLOGY,2,357,659.0
50025,VT,PSYCHIATRY,15,284,3752.0
50027,VT,INTERNAL MEDICINE,9,897,2874.0
50027,VT,NEUROLOGY,1,130,338.0
50027,VT,PSYCHIATRY,5,88,485.0
50027,VT,RHEUMATOLOGY,1,14,21.0
51001,VA,CARDIOVASCULAR DISEASE (CARDIOLOGY),1,225,494.0
51001,VA,HEMATOLOGY/ONCOLOGY,1,165,990.0
51001,VA,INTERNAL MEDICINE,1,211,790.0
51001,VA,NEUROLOGY,1,515,1808.0
51001,VA,PSYCHIATRY,4,58,282.0
51001,VA,PULMONARY DISEASE,1,363,1198.0
51003,VA,CARDIOVASCULAR DISEASE (CARDIOLOGY),22,20210,42733.0
51003,VA,ENDOCRINOLOGY,15,3645,9850.0
51003,VA,HEMATOLOGY/ONCOLOGY,6,1277,6652.0
51003,VA,INTERNAL MEDICINE,53,14848,77016.0
51003,VA,NEUROLOGY,11,2760,25036.0
51003,VA,PSYCHIATRY,26,1361,6310.0
51003,VA,PULMONARY DISEASE,6,1760,5958.0
51003,VA,RHEUMATOLOGY,6,1478,3491.0
51005,VA,ENDOCRINOLOGY,1,1606,34607.0
51005,VA,INTERNAL MEDICINE,12,4499,17188.0
51005,VA,PSYCHIATRY,4,217,1794.0
51009,VA,INTERNAL MEDICINE,1,605,4200.0
51011,VA,ENDOCRINOLOGY,1,103,4471.0
51011,VA,INTERNAL MEDICINE,1,635,8971.0
51013,VA,CARDIOVASCULAR DISEASE (CARDIOLOGY),52,73885,182209.0
51013,VA,ENDOCRINOLOGY,1,299,634.0
51013,VA,HEMATOLOGY/ONCOLOGY,5,2855,456939.0
51013,VA,INTERNAL MEDICINE,126,26762,109567.0
51013,VA,NEUROLOGY,11,2611,6330.0
51013,VA,PSYCHIATRY,31,908,5039.0
51013,VA,PULMONARY DISEASE,3,1631,5806.0
51013,VA,RHEUMATOLOGY,2,845,400474.0
51015,VA,CARDIOVASCULAR DISEASE (CARDIOLOGY),4,6051,13731.0
51015,VA,ENDOCRINOLOGY,8,2637,7940.0
51015,VA,HEMATOLOGY/ONCOLOGY,2,459,952.0
51015,VA,INTERNAL MEDICINE,19,7627,43926.0
51015,VA,NEUROLOGY,4,1376,2757.0
51015,VA,PSYCHIATRY,9,1516,7646.0
51015,VA,PULMONARY DISEASE,5,2562,6253.0
51015,VA,RHEUMATOLOGY,3,1100,2746.0
51017,VA,INTERNAL MEDICINE,1,28,42.0
51019,VA,CARDIOVASCULAR DISEASE (CARDIOLOGY),7,13847,21881.0
51019,VA,HEMATOLOGY/ONCOLOGY,2,0,0.0
51019,VA,INTERNAL MEDICINE,9,3773,52281.0
51019,VA,NEUROLOGY,2,547,1011.0
51019,VA,PSYCHIATRY,4,59,320.0
51023,VA,CARDIOVASCULAR DISEASE (CARDIOLOGY),2,5359,9548.0
51025,VA,INTERNAL MEDICINE,1,501,3335.0
51027,VA,INTERNAL MEDICINE,10,1687,4408.0
51027,VA,PSYCHIATRY,1,52,225.0
51029,VA,INTERNAL MEDICINE,1,212,1082.0
51031,VA,CARDIOVASCULAR DISEASE (CARDIOLOGY),8,8084,15292.0
51031,VA,ENDOCRINOLOGY,2,147,467.0
51031,VA,HEMATOLOGY/ONCOLOGY,10,3114,228277.0
51031,VA,INTERNAL MEDICINE,13,5028,18296.0
51031,VA,NEUROLOGY,7,1055,10945.0
51031,VA,PSYCHIATRY,4,561,2864.0
51031,VA,PULMONARY DISEASE,3,946,2317.0
51031,VA,RHEUMATOLOGY,1,0,0.0
51033,VA,INTERNAL MEDICINE,4,828,2811.0
51037,VA,INTERNAL MEDICINE,1,1027,3044.0
51041,VA,CARDIOVASCULAR DISEASE (CARDIOLOGY),27,29479,224200.0
51041,VA,ENDOCRINOLOGY,13,5270,110176.0
51041,VA,HEMATOLOGY/ONCOLOGY,16,9768,1580390.0
51041,VA,INTERNAL MEDICINE,84,25582,171612.0
51041,VA,NEUROLOGY,16,8201,108407.0
51041,VA,PSYCHIATRY,26,2106,12062.0
51041,VA,PULMONARY DISEASE,3,599,1576.0
51041,VA,RHEUMATOLOGY,6,3135,1221366.0
51047,VA,CARDIOVASCULAR DISEASE (CARDIOLOGY),3,4027,13767.0
51047,VA,ENDOCRINOLOGY,1,673,1259.0
51047,VA,HEMATOLOGY/ONCOLOGY,1,465,1376.0
51047,VA,INTERNAL MEDICINE,2,274,4916.0
51047,VA,PSYCHIATRY,1,15,51.0
51049,VA,CARDIOVASCULAR DISEASE (CARDIOLOGY),2,2423,3598.0
51049,VA,INTERNAL MEDICINE,3,2347,10480.0
51049,VA,PSYCHIATRY,1,206,694.0
51049,VA,PULMONARY DISEASE,1,491,1709.0
51051,VA,INTERNAL MEDICINE,3,285,3221.0
51051,VA,NEUROLOGY,2,701,4778.0
51051,VA,PSYCHIATRY,2,11,58.0
51053,VA,INTERNAL MEDICINE,3,435,2166.0
51057,VA,CARDIOVASCULAR DISEASE (CARDIOLOGY),4,2612,30933.0
51057,VA,INTERNAL MEDICINE,32,9353,40164.0
51059,VA,CARDIOVASCULAR DISEASE (CARDIOLOGY),39,36520,121929.0
51059,VA,ENDOCRINOLOGY,22,4452,18078.0
51059,VA,HEMATOLOGY/ONCOLOGY,23,9436,1319403.0
51059,VA,INTERNAL MEDICINE,305,74689,1095695.0
51059,VA,NEUROLOGY,66,22752,390047.8
51059,VA,PSYCHIATRY,128,6587,30266.0
51059,VA,PULMONARY DISEASE,27,8920,32366.0
51059,VA,RHEUMATOLOGY,16,4487,1054388.0
51061,VA,CARDIOVASCULAR DISEASE (CARDIOLOGY),1,78,144.0
51061,VA,HEMATOLOGY/ONCOLOGY,2,1417,296191.0
51061,VA,INTERNAL MEDICINE,12,4525,21952.0
51061,VA,NEUROLOGY,2,337,1402.5
51061,VA,PULMONARY DISEASE,1,173,558.0
51063,VA,INTERNAL MEDICINE,2,251,3158.0
51063,VA,PSYCHIATRY,1,14,133.0
51065,VA,INTERNAL MEDICINE,3,724,3443.0
51067,VA,CARDIOVASCULAR DISEASE (CARDIOLOGY),1,1768,4274.0
51067,VA,INTERNAL MEDICINE,5,1303,3350.0
51067,VA,PULMONARY DISEASE,9,3248,7358.0
51067,VA,RHEUMATOLOGY,1,332,1035.0
51069,VA,INTERNAL MEDICINE,3,1020,3452.0
51069,VA,PSYCHIATRY,2,80,390.0
51071,VA,CARDIOVASCULAR DISEASE (CARDIOLOGY),3,4015,10167.0
51071,VA,INTERNAL MEDICINE,7,1563,5902.0
51071,VA,PULMONARY DISEASE,1,328,851.0
51073,VA,INTERNAL MEDICINE,7,3154,40905.0
51073,VA,PSYCHIATRY,2,201,708.0
51075,VA,INTERNAL MEDICINE,12,3449,25203.0
51075,VA,NEUROLOGY,1,227,307.0
51075,VA,PSYCHIATRY,1,0,0.0
51077,VA,CARDIOVASCULAR DISEASE (CARDIOLOGY),2,1016,4569.0
51077,VA,INTERNAL MEDICINE,6,294,2082.0
51077,VA,NEUROLOGY,1,237,329.0
51077,VA,PSYCHIATRY,1,83,365.0
51079,VA,INTERNAL MEDICINE,1,629,3559.0
51081,VA,INTERNAL MEDICINE,1,421,1252.0
51083,VA,CARDIOVASCULAR DISEASE (CARDIOLOGY),2,3513,11079.0
51083,VA,ENDOCRINOLOGY,1,586,1286.0
51083,VA,HEMATOLOGY/ONCOLOGY,3,448,808.0
51083,VA,INTERNAL MEDICINE,3,1531,8882.0
51083,VA,PSYCHIATRY,3,238,2336.0
51083,VA,PULMONARY DISEASE,2,2263,10911.0
51085,VA,CARDIOVASCULAR DISEASE (CARDIOLOGY),5,5763,42375.0
51085,VA,ENDOCRINOLOGY,2,1778,32698.0
51085,VA,HEMATOLOGY/ONCOLOGY,3,1618,108383.0
51085,VA,INTERNAL MEDICINE,23,8819,34536.0
51085,VA,PSYCHIATRY,4,40,181.0
51085,VA,PULMONARY DISEASE,5,3816,84685.0
51085,VA,RHEUMATOLOGY,1,437,143202.0
51087,VA,CARDIOVASCULAR DISEASE (CARDIOLOGY),18,23841,105688.0
51087,VA,ENDOCRINOLOGY,10,3476,13606.0
51087,VA,HEMATOLOGY/ONCOLOGY,2,780,127204.0
51087,VA,INTERNAL MEDICINE,83,20304,120787.0
51087,VA,NEUROLOGY,28,6841,32788.0
51087,VA,PSYCHIATRY,21,844,2841.0
51087,VA,PULMONARY DISEASE,2,1683,35661.0
51087,VA,RHEUMATOLOGY,7,3375,1473866.0
51089,VA,CARDIOVASCULAR DISEASE (CARDIOLOGY),5,10372,18597.0
51089,VA,HEMATOLOGY/ONCOLOGY,4,598,2009.0
51089,VA,INTERNAL MEDICINE,12,1490,10829.0
51089,VA,NEUROLOGY,1,1030,5937.5
51089,VA,PSYCHIATRY,4,545,3532.0
51091,VA,INTERNAL MEDICINE,1,0,0.0
51093,VA,CARDIOVASCULAR DISEASE (CARDIOLOGY),1,1872,2410.0
51093,VA,INTERNAL MEDICINE,2,954,6381.0
51095,VA,CARDIOVASCULAR DISEASE (CARDIOLOGY),6,9823,25239.0
51095,VA,ENDOCRINOLOGY,2,446,2244.0
51095,VA,HEMATOLOGY/ONCOLOGY,10,6100,660847.0
51095,VA,INTERNAL MEDICINE,24,9445,80814.0
51095,VA,NEUROLOGY,8,4639,13679.0
51095,VA,PSYCHIATRY,7,248,1264.0
51095,VA,PULMONARY DISEASE,9,3740,8523.0
51095,VA,RHEUMATOLOGY,3,1972,604552.0
51099,VA,CARDIOVASCULAR DISEASE (CARDIOLOGY),1,2105,6547.0
51101,VA,NEUROLOGY,1,1009,2491.0
51103,VA,INTERNAL MEDICINE,3,592,3404.0
51105,VA,CARDIOVASCULAR DISEASE (CARDIOLOGY),7,5532,10553.0
51105,VA,INTERNAL MEDICINE,4,522,920.0
51107,VA,CARDIOVASCULAR DISEASE (CARDIOLOGY),16,19194,42570.0
51107,VA,ENDOCRINOLOGY,8,1237,7096.0
51107,VA,HEMATOLOGY/ONCOLOGY,3,782,102548.0
51107,VA,INTERNAL MEDICINE,80,28860,185693.0
51107,VA,NEUROLOGY,8,1508,4901.0
51107,VA,PSYCHIATRY,29,1293,5024.0
51107,VA,PULMONARY DISEASE,8,3396,23241.0
51107,VA,RHEUMATOLOGY,10,2980,388727.5
51109,VA,CARDIOVASCULAR DISEASE (CARDIOLOGY),1,2521,4691.0
51109,VA,ENDOCRINOLOGY,1,24,37.0
51109,VA,PULMONARY DISEASE,4,1084,2917.0
51111,VA,INTERNAL MEDICINE,1,994,2493.0
51117,VA,CARDIOVASCULAR DISEASE (CARDIOLOGY),2,1157,2488.0
51117,VA,HEMATOLOGY/ONCOLOGY,1,323,622.0
51117,VA,INTERNAL MEDICINE,9,2143,15946.0
51117,VA,NEUROLOGY,1,0,0.0
51121,VA,CARDIOVASCULAR DISEASE (CARDIOLOGY),3,4760,8224.0
51121,VA,ENDOCRINOLOGY,1,220,532.0
51121,VA,HEMATOLOGY/ONCOLOGY,3,2322,475618.0
51121,VA,INTERNAL MEDICINE,25,5684,23771.0
51121,VA,NEUROLOGY,6,1602,12639.0
51121,VA,PSYCHIATRY,9,205,878.0
51121,VA,PULMONARY DISEASE,1,528,1248.0
51125,VA,INTERNAL MEDICINE,1,0,0.0
51127,VA,INTERNAL MEDICINE,1,39,41.0
51131,VA,INTERNAL MEDICINE,1,0,0.0
51133,VA,ENDOCRINOLOGY,1,289,781.0
51133,VA,INTERNAL MEDICINE,10,3794,23191.0
51133,VA,NEUROLOGY,1,682,9199.0
51133,VA,PSYCHIATRY,2,221,1131.0
51137,VA,INTERNAL MEDICINE,8,2102,7825.0
51139,VA,INTERNAL MEDICINE,10,2110,4621.0
51139,VA,PSYCHIATRY,1,91,366.0
51139,VA,PULMONARY DISEASE,1,1488,3154.0
51141,VA,PSYCHIATRY,1,76,184.0
51143,VA,CARDIOVASCULAR DISEASE (CARDIOLOGY),9,4147,16302.0
51143,VA,HEMATOLOGY/ONCOLOGY,1,450,1452.0
51143,VA,INTERNAL MEDICINE,22,7460,32533.0
51143,VA,NEUROLOGY,3,1027,4544.0
51143,VA,PSYCHIATRY,4,133,572.0
51143,VA,PULMONARY DISEASE,3,729,2461.0
51145,VA,INTERNAL MEDICINE,1,241,725.0
51149,VA,CARDIOVASCULAR DISEASE (CARDIOLOGY),7,5768,39136.0
51149,VA,HEMATOLOGY/ONCOLOGY,3,1829,243193.0
51149,VA,INTERNAL MEDICINE,17,4028,20560.5
51149,VA,NEUROLOGY,1,680,8056.0
51149,VA,PSYCHIATRY,11,1255,5460.0
51149,VA,PULMONARY DISEASE,4,2289,9679.0
51153,VA,CARDIOVASCULAR DISEASE (CARDIOLOGY),39,45671,120049.0
51153,VA,ENDOCRINOLOGY,5,1333,4400.0
51153,VA,HEMATOLOGY/ONCOLOGY,20,11155,2071243.0
51153,VA,INTERNAL MEDICINE,127,21021,119085.0
51153,VA,NEUROLOGY,11,3169,13784.0
51153,VA,PSYCHIATRY,11,648,3682.0
51153,VA,PULMONARY DISEASE,5,3151,16846.0
51153,VA,RHEUMATOLOGY,6,2714,547456.0
51155,VA,CARDIOVASCULAR DISEASE (CARDIOLOGY),2,1450,11601.0
51155,VA,HEMATOLOGY/ONCOLOGY,1,566,1800.0
51155,VA,INTERNAL MEDICINE,8,2121,18236.0
51161,VA,CARDIOVASCULAR DISEASE (CARDIOLOGY),10,11767,31079.0
51161,VA,ENDOCRINOLOGY,1,470,6128.0
51161,VA,HEMATOLOGY/ONCOLOGY,13,8158,1594900.0
51161,VA,INTERNAL MEDICINE,113,33686,123745.0
51161,VA,NEUROLOGY,12,2784,6354.0
51161,VA,PSYCHIATRY,50,2341,9839.0
51161,VA,PULMONARY DISEASE,8,3397,9038.0
51161,VA,RHEUMATOLOGY,2,597,1806.0
51163,VA,CARDIOVASCULAR DISEASE (CARDIOLOGY),6,7943,19046.0
51163,VA,INTERNAL MEDICINE,14,2007,7389.0
51163,VA,NEUROLOGY,1,0,0.0
51163,VA,PSYCHIATRY,4,140,297.0
51163,VA,PULMONARY DISEASE,1,280,441.0
51165,VA,CARDIOVASCULAR DISEASE (CARDIOLOGY),6,6638,13460.0
51165,VA,ENDOCRINOLOGY,1,283,1685.0
51165,VA,HEMATOLOGY/ONCOLOGY,7,2372,9386.0
51165,VA,INTERNAL MEDICINE,15,8567,17186.0
51165,VA,NEUROLOGY,8,3826,50942.0
51165,VA,PSYCHIATRY,8,181,923.0
51165,VA,PULMONARY DISEASE,4,1922,4827.0
51165,VA,RHEUMATOLOGY,2,381,1255.0
51167,VA,INTERNAL MEDICINE,3,423,6482.0
51167,VA,PSYCHIATRY,2,11,120.0
51169,VA,INTERNAL MEDICINE,1,221,2751.0
51169,VA,PSYCHIATRY,1,44,197.0
51171,VA,INTERNAL MEDICINE,3,0,0.0
51171,VA,PSYCHIATRY,2,304,8355.0
51173,VA,INTERNAL MEDICINE,1,55,100.0
51173,VA,PSYCHIATRY,3,181,675.0
51175,VA,INTERNAL MEDICINE,7,1178,6626.0
51175,VA,NEUROLOGY,2,1392,76080.0
51175,VA,PULMONARY DISEASE,1,732,3708.0
51175,VA,RHEUMATOLOGY,2,1647,294533.0
51177,VA,CARDIOVASCULAR DISEASE (CARDIOLOGY),4,6120,22978.0
51177,VA,ENDOCRINOLOGY,1,1541,11289.0
51177,VA,INTERNAL MEDICINE,21,9880,57230.0
51177,VA,NEUROLOGY,3,539,7038.0
51177,VA,PSYCHIATRY,4,289,1729.0
51177,VA,PULMONARY DISEASE,1,519,1348.0
51179,VA,CARDIOVASCULAR DISEASE (CARDIOLOGY),1,1693,6484.0
51179,VA,HEMATOLOGY/ONCOLOGY,13,10611,2209179.0
51179,VA,INTERNAL MEDICINE,10,2580,8171.0
51179,VA,NEUROLOGY,2,684,3408.0
51179,VA,PSYCHIATRY,17,244,1352.0
51179,VA,RHEUMATOLOGY,3,440,18515.0
51181,VA,INTERNAL MEDICINE,1,0,0.0
51181,VA,PSYCHIATRY,1,283,1553.0
51185,VA,CARDIOVASCULAR DISEASE (CARDIOLOGY),4,2231,7223.0
51185,VA,ENDOCRINOLOGY,1,311,961.0
51185,VA,INTERNAL MEDICINE,4,825,5965.0
51185,VA,NEUROLOGY,1,126,169.0
51185,VA,PSYCHIATRY,1,92,230.0
51185,VA,RHEUMATOLOGY,1,224,3056.0
51187,VA,INTERNAL MEDICINE,11,3320,5875.0
51187,VA,PSYCHIATRY,1,11,48.0
51191,VA,CARDIOVASCULAR DISEASE (CARDIOLOGY),5,2250,6852.0
51191,VA,ENDOCRINOLOGY,1,482,1074.0
51191,VA,HEMATOLOGY/ONCOLOGY,5,820,4708.0
51191,VA,INTERNAL MEDICINE,17,5078,17565.0
51191,VA,NEUROLOGY,2,396,697.0
51191,VA,PSYCHIATRY,4,203,855.0
51191,VA,PULMONARY DISEASE,2,697,2329.0
51193,VA,INTERNAL MEDICINE,1,469,2575.0
51195,VA,CARDIOVASCULAR DISEASE (CARDIOLOGY),6,5477,12789.0
51195,VA,HEMATOLOGY/ONCOLOGY,2,581,10388.0
51195,VA,INTERNAL MEDICINE,12,1921,26238.0
51195,VA,NEUROLOGY,6,1468,3989.0
51195,VA,PSYCHIATRY,1,68,119.0
51195,VA,PULMONARY DISEASE,2,279,800.0
51197,VA,CARDIOVASCULAR DISEASE (CARDIOLOGY),3,2937,7730.0
51197,VA,INTERNAL MEDICINE,4,798,3185.0
51199,VA,INTERNAL MEDICINE,8,2451,15686.0
51199,VA,NEUROLOGY,1,830,4169.0
51199,VA,PSYCHIATRY,2,80,491.0
51199,VA,PULMONARY DISEASE,3,746,1745.0
51510,VA,CARDIOVASCULAR DISEASE (CARDIOLOGY),5,5970,16582.0
51510,VA,ENDOCRINOLOGY,2,629,2607.0
51510,VA,HEMATOLOGY/ONCOLOGY,2,818,75096.0
51510,VA,INTERNAL MEDICINE,34,6400,39759.0
51510,VA,NEUROLOGY,22,7797,31481.0
51510,VA,PSYCHIATRY,8,166,953.0
51510,VA,PULMONARY DISEASE,3,1391,6996.0
51510,VA,RHEUMATOLOGY,4,964,209715.0
51520,VA,INTERNAL MEDICINE,5,1059,3502.0
51520,VA,PSYCHIATRY,4,334,815.0
51540,VA,CARDIOVASCULAR DISEASE (CARDIOLOGY),11,6392,11133.0
51540,VA,ENDOCRINOLOGY,3,188,271.0
51540,VA,HEMATOLOGY/ONCOLOGY,15,2274,7927.0
51540,VA,INTERNAL MEDICINE,35,4475,17221.0
51540,VA,NEUROLOGY,44,6538,14701.0
51540,VA,PSYCHIATRY,12,1306,4487.0
51540,VA,PULMONARY DISEASE,19,4710,10935.0
51540,VA,RHEUMATOLOGY,3,436,1267.0
51550,VA,CARDIOVASCULAR DISEASE (CARDIOLOGY),12,14184,33364.0
51550,VA,ENDOCRINOLOGY,7,2498,36815.0
51550,VA,HEMATOLOGY/ONCOLOGY,3,1151,178321.0
51550,VA,INTERNAL MEDICINE,61,21437,117160.0
51550,VA,NEUROLOGY,9,3773,18761.0
51550,VA,PSYCHIATRY,9,424,2182.0
51550,VA,PULMONARY DISEASE,11,6302,27219.0
51550,VA,RHEUMATOLOGY,6,2691,763179.0
51610,VA,ENDOCRINOLOGY,2,205,1605.0
51610,VA,INTERNAL MEDICINE,5,1007,4675.0
51610,VA,PSYCHIATRY,3,110,2199.0
51610,VA,RHEUMATOLOGY,1,268,78692.0
51630,VA,CARDIOVASCULAR DISEASE (CARDIOLOGY),11,10845,25975.0
51630,VA,ENDOCRINOLOGY,10,1946,7707.0
51630,VA,INTERNAL MEDICINE,88,24697,84020.0
51630,VA,NEUROLOGY,9,2004,30474.0
51630,VA,PSYCHIATRY,20,899,4028.0
51630,VA,PULMONARY DISEASE,5,5955,48730.0
51630,VA,RHEUMATOLOGY,2,555,18283.0
51650,VA,CARDIOVASCULAR DISEASE (CARDIOLOGY),2,3501,9959.0
51650,VA,ENDOCRINOLOGY,3,990,3110.0
51650,VA,HEMATOLOGY/ONCOLOGY,4,4019,794448.0
51650,VA,INTERNAL MEDICINE,12,2695,14466.0
51650,VA,NEUROLOGY,4,782,3455.0
51650,VA,PSYCHIATRY,18,604,2902.0
51650,VA,PULMONARY DISEASE,3,1439,3106.0
51650,VA,RHEUMATOLOGY,5,1163,4186.0
51680,VA,ENDOCRINOLOGY,1,900,2253.0
51680,VA,INTERNAL MEDICINE,9,4162,18706.0
51680,VA,PSYCHIATRY,4,455,2311.0
51680,VA,RHEUMATOLOGY,1,771,23367.0
51683,VA,CARDIOVASCULAR DISEASE (CARDIOLOGY),1,2317,6307.0
51683,VA,ENDOCRINOLOGY,1,165,507.0
51683,VA,INTERNAL MEDICINE,20,6558,30315.0
51683,VA,NEUROLOGY,6,1597,2879.0
51683,VA,PSYCHIATRY,9,219,1946.0
51700,VA,CARDIOVASCULAR DISEASE (CARDIOLOGY),17,22771,53213.0
51700,VA,ENDOCRINOLOGY,4,2420,10076.0
51700,VA,HEMATOLOGY/ONCOLOGY,8,4895,1094520.0
51700,VA,INTERNAL MEDICINE,42,10168,76695.0
51700,VA,NEUROLOGY,11,5480,31047.0
51700,VA,PSYCHIATRY,6,344,1948.0
51700,VA,PULMONARY DISEASE,10,4091,13105.0
51700,VA,RHEUMATOLOGY,1,1069,180280.0
51710,VA,CARDIOVASCULAR DISEASE (CARDIOLOGY),22,14920,39065.0
51710,VA,ENDOCRINOLOGY,12,5162,10997.0
51710,VA,HEMATOLOGY/ONCOLOGY,14,5474,1107278.0
51710,VA,INTERNAL MEDICINE,92,22112,112269.0
51710,VA,NEUROLOGY,24,5430,339771.0
51710,VA,PSYCHIATRY,33,1493,6281.0
51710,VA,PULMONARY DISEASE,20,3535,7982.0
51710,VA,RHEUMATOLOGY,5,1206,2356.0
51735,VA,NEUROLOGY,1,352,1640.0
51740,VA,INTERNAL MEDICINE,16,3751,25191.0
51740,VA,NEUROLOGY,2,1894,6631.0
51740,VA,PSYCHIATRY,1,26,90.0
51740,VA,PULMONARY DISEASE,6,1212,5132.0
51760,VA,CARDIOVASCULAR DISEASE (CARDIOLOGY),20,12175,49199.0
51760,VA,ENDOCRINOLOGY,8,1618,9278.0
51760,VA,HEMATOLOGY/ONCOLOGY,29,4060,13786.0
51760,VA,INTERNAL MEDICINE,202,33626,141477.0
51760,VA,NEUROLOGY,36,3005,6540.0
51760,VA,PSYCHIATRY,40,2386,11111.0
51760,VA,PULMONARY DISEASE,32,13117,339188.0
51760,VA,RHEUMATOLOGY,6,768,1618.0
51770,VA,CARDIOVASCULAR DISEASE (CARDIOLOGY),6,11916,20445.0
51770,VA,ENDOCRINOLOGY,1,176,647.0
51770,VA,INTERNAL MEDICINE,31,6948,51067.0
51770,VA,NEUROLOGY,7,2255,4866.0
51770,VA,PSYCHIATRY,7,149,530.0
51770,VA,PULMONARY DISEASE,1,201,777.0
51770,VA,RHEUMATOLOGY,2,507,1450.0
51800,VA,CARDIOVASCULAR DISEASE (CARDIOLOGY),7,8678,19857.0
51800,VA,ENDOCRINOLOGY,3,1462,13442.0
51800,VA,HEMATOLOGY/ONCOLOGY,3,1242,222609.0
51800,VA,INTERNAL MEDICINE,24,7332,23030.0
51800,VA,PSYCHIATRY,7,177,893.0
51800,VA,PULMONARY DISEASE,4,2108,8959.0
51800,VA,RHEUMATOLOGY,1,479,57836.0
51810,VA,CARDIOVASCULAR DISEASE (CARDIOLOGY),10,13071,32480.0
51810,VA,ENDOCRINOLOGY,8,2535,37953.0
51810,VA,HEMATOLOGY/ONCOLOGY,7,5472,1033968.0
51810,VA,INTERNAL MEDICINE,56,16791,71958.0
51810,VA,NEUROLOGY,7,2660,8546.9
51810,VA,PSYCHIATRY,56,4201,13181.0
51810,VA,PULMONARY DISEASE,12,4829,15086.0
51810,VA,RHEUMATOLOGY,5,3521,149466.0
51840,VA,CARDIOVASCULAR DISEASE (CARDIOLOGY),10,12024,24432.0
51840,VA,ENDOCRINOLOGY,3,1723,2796.0
51840,VA,HEMATOLOGY/ONCOLOGY,5,3358,815340.0
51840,VA,INTERNAL MEDICINE,62,21462,438762.0
51840,VA,NEUROLOGY,12,6010,191714.0
51840,VA,PSYCHIATRY,16,627,4058.0
51840,VA,PULMONARY DISEASE,1,506,1457.0
51840,VA,RHEUMATOLOGY,3,691,123685.0
53003,WA,INTERNAL MEDICINE,2,403,1375.0
53003,WA,PSYCHIATRY,1,0,0.0
53005,WA,CARDIOVASCULAR DISEASE (CARDIOLOGY),14,12097,38086.0
53005,WA,ENDOCRINOLOGY,5,1639,4314.0
53005,WA,HEMATOLOGY/ONCOLOGY,6,1900,18552.0
53005,WA,INTERNAL MEDICINE,46,13563,48683.0
53005,WA,NEUROLOGY,6,1915,5114.0
53005,WA,PSYCHIATRY,5,273,1886.0
53005,WA,PULMONARY DISEASE,4,3448,10080.0
53005,WA,RHEUMATOLOGY,5,1036,2721.0
53007,WA,CARDIOVASCULAR DISEASE (CARDIOLOGY),6,9935,20100.0
53007,WA,ENDOCRINOLOGY,3,865,1815.0
53007,WA,HEMATOLOGY/ONCOLOGY,6,1880,6848.0
53007,WA,INTERNAL MEDICINE,29,2681,11649.0
53007,WA,NEUROLOGY,7,1691,6680.0
53007,WA,PSYCHIATRY,4,271,2986.0
53007,WA,PULMONARY DISEASE,4,2444,7221.0
53007,WA,RHEUMATOLOGY,3,2021,5243.0
53009,WA,CARDIOVASCULAR DISEASE (CARDIOLOGY),3,4018,7412.0
53009,WA,HEMATOLOGY/ONCOLOGY,2,721,1867.0
53009,WA,INTERNAL MEDICINE,9,3781,27608.0
53009,WA,PSYCHIATRY,3,99,803.0
53009,WA,PULMONARY DISEASE,1,1182,3859.0
53009,WA,RHEUMATOLOGY,1,24,39.0
53011,WA,CARDIOVASCULAR DISEASE (CARDIOLOGY),22,11070,36930.0
53011,WA,ENDOCRINOLOGY,12,1820,17770.0
53011,WA,HEMATOLOGY/ONCOLOGY,15,2253,245997.0
53011,WA,INTERNAL MEDICINE,164,17749,122580.0
53011,WA,NEUROLOGY,21,3512,73032.0
53011,WA,PSYCHIATRY,29,602,2635.0
53011,WA,PULMONARY DISEASE,24,4791,20256.0
53011,WA,RHEUMATOLOGY,9,1166,50140.0
53013,WA,CARDIOVASCULAR DISEASE (CARDIOLOGY),1,1704,4615.0
53013,WA,INTERNAL MEDICINE,3,779,11484.0
53015,WA,CARDIOVASCULAR DISEASE (CARDIOLOGY),2,1733,2999.0
53015,WA,HEMATOLOGY/ONCOLOGY,2,164,887.0
53015,WA,INTERNAL MEDICINE,35,4761,53353.0
53015,WA,NEUROLOGY,2,293,511.0
53015,WA,PSYCHIATRY,8,406,5770.0
53015,WA,PULMONARY DISEASE,5,386,985.0
53015,WA,RHEUMATOLOGY,1,0,0.0
53019,WA,INTERNAL MEDICINE,1,0,0.0
53019,WA,PSYCHIATRY,1,35,238.0
53021,WA,INTERNAL MEDICINE,5,1306,6348.0
53021,WA,RHEUMATOLOGY,1,99,56304.0
53025,WA,CARDIOVASCULAR DISEASE (CARDIOLOGY),1,84,144.0
53025,WA,INTERNAL MEDICINE,10,1039,3484.0
53025,WA,PSYCHIATRY,1,0,0.0
53027,WA,CARDIOVASCULAR DISEASE (CARDIOLOGY),3,2277,4687.0
53027,WA,HEMATOLOGY/ONCOLOGY,1,13,964.0
53027,WA,INTERNAL MEDICINE,11,4111,22521.0
53027,WA,NEUROLOGY,1,937,2412.0
53027,WA,PSYCHIATRY,1,0,0.0
53029,WA,CARDIOVASCULAR DISEASE (CARDIOLOGY),2,848,3140.0
53029,WA,INTERNAL MEDICINE,11,1500,4565.0
53031,WA,CARDIOVASCULAR DISEASE (CARDIOLOGY),1,202,216.0
53031,WA,HEMATOLOGY/ONCOLOGY,1,139,1825.0
53031,WA,INTERNAL MEDICINE,16,1266,3178.0
53031,WA,NEUROLOGY,1,153,6141.0
53031,WA,PSYCHIATRY,3,79,1290.0
53031,WA,PULMONARY DISEASE,1,1011,3768.0
53033,WA,CARDIOVASCULAR DISEASE (CARDIOLOGY),159,102930,245640.0
53033,WA,ENDOCRINOLOGY,66,8994,68719.0
53033,WA,HEMATOLOGY/ONCOLOGY,177,18642,829165.0
53033,WA,INTERNAL MEDICINE,652,90376,450921.0
53033,WA,NEUROLOGY,235,31845,342056.5
53033,WA,PSYCHIATRY,243,6862,37029.0
53033,WA,PULMONARY DISEASE,125,18462,69157.0
53033,WA,RHEUMATOLOGY,71,12515,914454.4
53035,WA,CARDIOVASCULAR DISEASE (CARDIOLOGY),5,5600,20937.0
53035,WA,ENDOCRINOLOGY,5,1409,5255.0
53035,WA,HEMATOLOGY/ONCOLOGY,5,1785,8352.0
53035,WA,INTERNAL MEDICINE,66,18253,77564.0
53035,WA,NEUROLOGY,8,4615,68363.0
53035,WA,PSYCHIATRY,11,439,1538.0
53035,WA,PULMONARY DISEASE,10,4731,17288.0
53035,WA,RHEUMATOLOGY,2,401,1221.0
53037,WA,CARDIOVASCULAR DISEASE (CARDIOLOGY),1,1795,2941.0
53037,WA,INTERNAL MEDICINE,1,399,466.0
53037,WA,NEUROLOGY,1,0,0.0
53039,WA,INTERNAL MEDICINE,2,151,368.0
53041,WA,CARDIOVASCULAR DISEASE (CARDIOLOGY),1,1881,4618.0
53041,WA,HEMATOLOGY/ONCOLOGY,1,279,1328.0
53041,WA,INTERNAL MEDICINE,12,2184,6745.0
53041,WA,PSYCHIATRY,1,0,0.0
53043,WA,INTERNAL MEDICINE,1,98,197.0
53045,WA,CARDIOVASCULAR DISEASE (CARDIOLOGY),1,109,363.0
53045,WA,INTERNAL MEDICINE,3,296,787.0
53047,WA,ENDOCRINOLOGY,1,0,0.0
53047,WA,INTERNAL MEDICINE,2,124,388.0
53049,WA,INTERNAL MEDICINE,1,248,384.0
53053,WA,CARDIOVASCULAR DISEASE (CARDIOLOGY),33,26075,68181.0
53053,WA,ENDOCRINOLOGY,15,3294,28306.0
53053,WA,HEMATOLOGY/ONCOLOGY,25,6847,1096440.0
53053,WA,INTERNAL MEDICINE,191,33687,340050.0
53053,WA,NEUROLOGY,33,5539,218153.0
53053,WA,PSYCHIATRY,39,1677,16775.0
53053,WA,PULMONARY DISEASE,32,7311,19760.0
53053,WA,RHEUMATOLOGY,8,1109,8591.0
53055,WA,INTERNAL MEDICINE,1,14,42.0
53057,WA,CARDIOVASCULAR DISEASE (CARDIOLOGY),17,26466,74412.0
53057,WA,ENDOCRINOLOGY,1,382,1113.0
53057,WA,HEMATOLOGY/ONCOLOGY,4,1227,47422.0
53057,WA,INTERNAL MEDICINE,42,12330,46058.0
53057,WA,NEUROLOGY,5,1679,6237.0
53057,WA,PSYCHIATRY,8,363,3198.0
53057,WA,PULMONARY DISEASE,7,2307,5728.0
53057,WA,RHEUMATOLOGY,2,620,2250.0
53059,WA,PSYCHIATRY,1,19,119.0
53061,WA,CARDIOVASCULAR DISEASE (CARDIOLOGY),33,23572,78149.0
53061,WA,ENDOCRINOLOGY,11,2414,20183.0
53061,WA,HEMATOLOGY/ONCOLOGY,10,2195,210528.0
53061,WA,INTERNAL MEDICINE,171,21958,124119.0
53061,WA,NEUROLOGY,24,4564,52021.0
53061,WA,PSYCHIATRY,33,1482,8960.0
53061,WA,PULMONARY DISEASE,13,3071,8913.0
53061,WA,RHEUMATOLOGY,8,1991,82240.0
53063,WA,CARDIOVASCULAR DISEASE (CARDIOLOGY),10,7765,15025.0
53063,WA,ENDOCRINOLOGY,7,1080,7785.0
53063,WA,HEMATOLOGY/ONCOLOGY,15,6575,1512802.0
53063,WA,INTERNAL MEDICINE,150,26243,218414.0
53063,WA,NEUROLOGY,20,6150,176795.0
53063,WA,PSYCHIATRY,59,2102,9982.0
53063,WA,PULMONARY DISEASE,6,1683,5061.0
53063,WA,RHEUMATOLOGY,7,2703,361213.0
53065,WA,CARDIOVASCULAR DISEASE (CARDIOLOGY),1,2287,4181.0
53065,WA,INTERNAL MEDICINE,17,5480,26195.0
53065,WA,NEUROLOGY,1,220,3020.0
53065,WA,PULMONARY DISEASE,1,78,131.0
53067,WA,CARDIOVASCULAR DISEASE (CARDIOLOGY),11,7545,22634.0
53067,WA,ENDOCRINOLOGY,2,432,1875.0
53067,WA,HEMATOLOGY/ONCOLOGY,7,2756,437962.0
53067,WA,INTERNAL MEDICINE,66,12063,52771.0
53067,WA,NEUROLOGY,9,3407,6296.0
53067,WA,PSYCHIATRY,20,678,2916.0
53067,WA,PULMONARY DISEASE,9,3268,12878.0
53067,WA,RHEUMATOLOGY,4,1014,33110.0
53071,WA,CARDIOVASCULAR DISEASE (CARDIOLOGY),1,2358,9533.0
53071,WA,HEMATOLOGY/ONCOLOGY,1,450,1766.0
53071,WA,INTERNAL MEDICINE,11,6613,74515.0
53071,WA,NEUROLOGY,1,154,1298.0
53071,WA,PULMONARY DISEASE,1,421,1312.0
53073,WA,CARDIOVASCULAR DISEASE (CARDIOLOGY),2,1074,4554.0
53073,WA,INTERNAL MEDICINE,27,6725,49679.0
53073,WA,NEUROLOGY,11,2722,7274.0
53073,WA,PSYCHIATRY,14,275,1719.0
53073,WA,PULMONARY DISEASE,9,2685,6867.0
53073,WA,RHEUMATOLOGY,1,492,200032.0
53075,WA,CARDIOVASCULAR DISEASE (CARDIOLOGY),2,3107,5439.0
53075,WA,INTERNAL MEDICINE,4,1301,10450.0
53075,WA,PSYCHIATRY,1,15,68.0
53077,WA,CARDIOVASCULAR DISEASE (CARDIOLOGY),6,4056,21928.0
53077,WA,ENDOCRINOLOGY,2,358,767.0
53077,WA,HEMATOLOGY/ONCOLOGY,2,574,2045.0
53077,WA,INTERNAL MEDICINE,46,6408,18039.0
53077,WA,NEUROLOGY,3,1245,10245.0
53077,WA,PSYCHIATRY,10,146,925.0
53077,WA,PULMONARY DISEASE,5,1090,5350.0
53077,WA,RHEUMATOLOGY,2,296,1218.0
54001,WV,PSYCHIATRY,1,45,166.0
54003,WV,ENDOCRINOLOGY,4,563,3110.0
54003,WV,HEMATOLOGY/ONCOLOGY,5,1008,2582.0
54003,WV,INTERNAL MEDICINE,17,3561,11870.0
54003,WV,NEUROLOGY,3,829,7064.0
54003,WV,PSYCHIATRY,11,616,3917.0
54003,WV,PULMONARY DISEASE,1,608,1490.0
54003,WV,RHEUMATOLOGY,1,506,2218.0
54005,WV,CARDIOVASCULAR DISEASE (CARDIOLOGY),1,35,59.0
54005,WV,PSYCHIATRY,1,0,0.0
54005,WV,PULMONARY DISEASE,2,270,964.0
54007,WV,ENDOCRINOLOGY,1,0,0.0
54007,WV,INTERNAL MEDICINE,2,123,736.0
54007,WV,PSYCHIATRY,1,0,0.0
54009,WV,CARDIOVASCULAR DISEASE (CARDIOLOGY),1,1410,12412.0
54009,WV,INTERNAL MEDICINE,2,1042,4024.0
54011,WV,CARDIOVASCULAR DISEASE (CARDIOLOGY),13,5971,14529.0
54011,WV,ENDOCRINOLOGY,9,1234,1876.0
54011,WV,HEMATOLOGY/ONCOLOGY,3,1131,4791.0
54011,WV,INTERNAL MEDICINE,62,11352,33272.0
54011,WV,NEUROLOGY,13,2265,4598.0
54011,WV,PSYCHIATRY,26,1324,4406.0
54011,WV,PULMONARY DISEASE,7,2038,4555.0
54011,WV,RHEUMATOLOGY,3,260,1016.0
54013,WV,INTERNAL MEDICINE,1,33,123.0
54015,WV,INTERNAL MEDICINE,1,133,487.0
54019,WV,INTERNAL MEDICINE,5,904,2287.0
54019,WV,PSYCHIATRY,1,0,0.0
54023,WV,INTERNAL MEDICINE,5,1281,11553.0
54025,WV,CARDIOVASCULAR DISEASE (CARDIOLOGY),4,2049,4653.0
54025,WV,ENDOCRINOLOGY,1,341,1084.0
54025,WV,INTERNAL MEDICINE,9,1475,7595.0
54025,WV,NEUROLOGY,3,375,428.0
54025,WV,PSYCHIATRY,1,166,516.0
54025,WV,PULMONARY DISEASE,1,260,1121.0
54027,WV,INTERNAL MEDICINE,1,0,0.0
54029,WV,CARDIOVASCULAR DISEASE (CARDIOLOGY),1,1682,6013.0
54029,WV,ENDOCRINOLOGY,1,158,367.0
54029,WV,HEMATOLOGY/ONCOLOGY,2,558,1339.0
54029,WV,INTERNAL MEDICINE,8,2156,11692.0
54029,WV,NEUROLOGY,1,355,849.0
54029,WV,PSYCHIATRY,1,39,1738.0
54029,WV,PULMONARY DISEASE,2,675,2901.0
54033,WV,CARDIOVASCULAR DISEASE (CARDIOLOGY),5,3388,14276.0
54033,WV,ENDOCRINOLOGY,3,330,857.0
54033,WV,HEMATOLOGY/ONCOLOGY,5,751,2420.0
54033,WV,INTERNAL MEDICINE,20,3429,12399.0
54033,WV,NEUROLOGY,2,113,140.0
54033,WV,PSYCHIATRY,2,170,475.0
54033,WV,PULMONARY DISEASE,4,1249,4777.0
54033,WV,RHEUMATOLOGY,3,500,1359.0
54035,WV,CARDIOVASCULAR DISEASE (CARDIOLOGY),1,1032,2606.0
54035,WV,ENDOCRINOLOGY,1,127,283.0
54035,WV,INTERNAL MEDICINE,6,1431,6117.0
54037,WV,CARDIOVASCULAR DISEASE (CARDIOLOGY),1,2095,3542.0
54037,WV,HEMATOLOGY/ONCOLOGY,1,64,147.0
54037,WV,INTERNAL MEDICINE,3,574,1888.0
54037,WV,PSYCHIATRY,1,170,1129.0
54037,WV,PULMONARY DISEASE,2,323,1018.0
54037,WV,RHEUMATOLOGY,1,248,628.0
54039,WV,CARDIOVASCULAR DISEASE (CARDIOLOGY),15,11307,27161.0
54039,WV,ENDOCRINOLOGY,9,2384,17135.0
54039,WV,HEMATOLOGY/ONCOLOGY,8,2529,7984.0
54039,WV,INTERNAL MEDICINE,112,16208,66121.0
54039,WV,NEUROLOGY,23,4861,13719.0
54039,WV,PSYCHIATRY,30,2029,8419.0
54039,WV,PULMONARY DISEASE,16,2317,7923.0
54039,WV,RHEUMATOLOGY,5,1231,71868.0
54041,WV,CARDIOVASCULAR DISEASE (CARDIOLOGY),1,714,2771.0
54041,WV,INTERNAL MEDICINE,1,83,364.0
54041,WV,PSYCHIATRY,8,81,531.0
54045,WV,HEMATOLOGY/ONCOLOGY,1,48,7432.0
54045,WV,INTERNAL MEDICINE,12,2659,10691.0
54045,WV,PSYCHIATRY,1,0,0.0
54045,WV,PULMONARY DISEASE,1,274,1023.0
54049,WV,CARDIOVASCULAR DISEASE (CARDIOLOGY),1,197,508.0
54049,WV,INTERNAL MEDICINE,10,4111,32010.0
54049,WV,NEUROLOGY,1,81,181.0
54049,WV,PSYCHIATRY,1,0,0.0
54049,WV,PULMONARY DISEASE,2,359,1456.0
54051,WV,INTERNAL MEDICINE,4,1320,5667.0
54051,WV,PSYCHIATRY,2,192,743.0
54053,WV,INTERNAL MEDICINE,5,614,1020.0
54055,WV,CARDIOVASCULAR DISEASE (CARDIOLOGY),4,1848,9290.0
54055,WV,HEMATOLOGY/ONCOLOGY,1,254,608.0
54055,WV,INTERNAL MEDICINE,14,3220,18888.0
54055,WV,NEUROLOGY,3,423,3077.0
54055,WV,PSYCHIATRY,4,253,1678.0
54055,WV,PULMONARY DISEASE,4,3290,8275.0
54057,WV,CARDIOVASCULAR DISEASE (CARDIOLOGY),2,1076,2405.0
54057,WV,INTERNAL MEDICINE,4,1848,6318.0
54057,WV,PULMONARY DISEASE,1,172,209.0
54059,WV,INTERNAL MEDICINE,1,34,195.0
54061,WV,CARDIOVASCULAR DISEASE (CARDIOLOGY),25,16154,33868.0
54061,WV,ENDOCRINOLOGY,9,984,2688.0
54061,WV,HEMATOLOGY/ONCOLOGY,18,2106,6128.0
54061,WV,INTERNAL MEDICINE,154,21068,58333.0
54061,WV,NEUROLOGY,44,8209,33730.0
54061,WV,PSYCHIATRY,43,2606,8842.0
54061,WV,PULMONARY DISEASE,15,3115,7275.0
54061,WV,RHEUMATOLOGY,5,1153,13541.0
54065,WV,CARDIOVASCULAR DISEASE (CARDIOLOGY),5,12987,23160.0
54065,WV,INTERNAL MEDICINE,5,4190,7520.0
54067,WV,INTERNAL MEDICINE,1,174,187.0
54069,WV,CARDIOVASCULAR DISEASE (CARDIOLOGY),5,8091,25919.0
54069,WV,ENDOCRINOLOGY,2,316,665.0
54069,WV,HEMATOLOGY/ONCOLOGY,2,236,555.0
54069,WV,INTERNAL MEDICINE,15,4499,17989.0
54069,WV,NEUROLOGY,8,2072,4975.0
54069,WV,PSYCHIATRY,3,244,1457.0
54069,WV,PULMONARY DISEASE,2,246,510.0
54069,WV,RHEUMATOLOGY,1,224,475.0
54073,WV,CARDIOVASCULAR DISEASE (CARDIOLOGY),1,1747,5237.0
54075,WV,CARDIOVASCULAR DISEASE (CARDIOLOGY),1,1054,1773.0
54075,WV,INTERNAL MEDICINE,1,59,122.0
54077,WV,INTERNAL MEDICINE,7,845,3587.0
54077,WV,NEUROLOGY,2,437,1132.0
54077,WV,PULMONARY DISEASE,1,120,203.0
54079,WV,CARDIOVASCULAR DISEASE (CARDIOLOGY),1,1822,6982.0
54079,WV,ENDOCRINOLOGY,3,523,1019.0
54079,WV,HEMATOLOGY/ONCOLOGY,4,1522,6708.0
54079,WV,INTERNAL MEDICINE,14,2772,11187.0
54079,WV,NEUROLOGY,5,2248,9049.0
54079,WV,PSYCHIATRY,2,0,0.0
54079,WV,PULMONARY DISEASE,2,1265,3513.0
54081,WV,CARDIOVASCULAR DISEASE (CARDIOLOGY),7,5326,26738.0
54081,WV,HEMATOLOGY/ONCOLOGY,3,1375,253166.0
54081,WV,INTERNAL MEDICINE,29,6809,45468.5
54081,WV,NEUROLOGY,3,2050,193824.0
54081,WV,PSYCHIATRY,7,1557,7544.0
54081,WV,PULMONARY DISEASE,4,1644,8008.0
54081,WV,RHEUMATOLOGY,1,926,140249.0
54083,WV,CARDIOVASCULAR DISEASE (CARDIOLOGY),1,875,1734.0
54083,WV,INTERNAL MEDICINE,3,399,1985.0
54083,WV,PSYCHIATRY,1,33,114.0
54085,WV,INTERNAL MEDICINE,1,112,1238.0
54087,WV,ENDOCRINOLOGY,1,164,836.0
54087,WV,HEMATOLOGY/ONCOLOGY,1,392,926.0
54087,WV,INTERNAL MEDICINE,2,1282,3171.0
54087,WV,PULMONARY DISEASE,1,926,2466.0
54089,WV,CARDIOVASCULAR DISEASE (CARDIOLOGY),1,70,127.0
54089,WV,ENDOCRINOLOGY,1,21,54.0
54091,WV,CARDIOVASCULAR DISEASE (CARDIOLOGY),1,845,1856.0
54091,WV,INTERNAL MEDICINE,2,680,7664.0
54091,WV,PSYCHIATRY,1,0,0.0
54093,WV,INTERNAL MEDICINE,1,0,0.0
54095,WV,INTERNAL MEDICINE,2,1479,6622.0
54097,WV,CARDIOVASCULAR DISEASE (CARDIOLOGY),4,5629,9653.0
54097,WV,HEMATOLOGY/ONCOLOGY,2,772,2443.0
54097,WV,INTERNAL MEDICINE,4,890,6575.5
54097,WV,PSYCHIATRY,3,27,109.0
54099,WV,INTERNAL MEDICINE,2,15,66.0
54103,WV,HEMATOLOGY/ONCOLOGY,1,292,656.0
54107,WV,CARDIOVASCULAR DISEASE (CARDIOLOGY),4,4354,7942.0
54107,WV,ENDOCRINOLOGY,3,325,550.0
54107,WV,HEMATOLOGY/ONCOLOGY,3,697,2409.0
54107,WV,INTERNAL MEDICINE,27,8550,41938.0
54107,WV,NEUROLOGY,3,888,1553.0
54107,WV,PSYCHIATRY,5,345,1644.0
54107,WV,PULMONARY DISEASE,3,1123,3020.0
54107,WV,RHEUMATOLOGY,2,522,67986.2
55003,WI,CARDIOVASCULAR DISEASE (CARDIOLOGY),2,1480,2707.0
55003,WI,INTERNAL MEDICINE,2,221,346.0
55003,WI,NEUROLOGY,2,325,439.0
55003,WI,PSYCHIATRY,2,77,559.0
55005,WI,HEMATOLOGY/ONCOLOGY,2,727,3056.0
55005,WI,INTERNAL MEDICINE,1,5712,14436.0
55007,WI,INTERNAL MEDICINE,1,81,1295.0
55009,WI,CARDIOVASCULAR DISEASE (CARDIOLOGY),9,5564,12852.0
55009,WI,ENDOCRINOLOGY,3,641,6465.0
55009,WI,HEMATOLOGY/ONCOLOGY,5,966,4399.0
55009,WI,INTERNAL MEDICINE,71,14971,54809.0
55009,WI,NEUROLOGY,14,2278,16845.0
55009,WI,PSYCHIATRY,30,993,4424.5
55009,WI,PULMONARY DISEASE,8,1387,3455.0
55009,WI,RHEUMATOLOGY,9,2761,463962.0
55013,WI,INTERNAL MEDICINE,2,158,397.0
55013,WI,PSYCHIATRY,1,24,134.0
55015,WI,CARDIOVASCULAR DISEASE (CARDIOLOGY),2,33,103.0
55015,WI,ENDOCRINOLOGY,1,400,670.0
55015,WI,HEMATOLOGY/ONCOLOGY,7,1815,330433.0
55015,WI,INTERNAL MEDICINE,15,3167,10321.0
55015,WI,NEUROLOGY,1,245,2548.0
55015,WI,PSYCHIATRY,9,364,1683.0
55015,WI,PULMONARY DISEASE,5,713,1782.0
55017,WI,INTERNAL MEDICINE,4,1143,2241.0
55017,WI,PULMONARY DISEASE,1,181,476.0
55021,WI,CARDIOVASCULAR DISEASE (CARDIOLOGY),4,3519,7071.0
55021,WI,INTERNAL MEDICINE,9,2156,12808.0
55021,WI,PSYCHIATRY,3,609,3525.0
55021,WI,PULMONARY DISEASE,1,0,0.0
55021,WI,RHEUMATOLOGY,2,238,676.0
55023,WI,HEMATOLOGY/ONCOLOGY,2,632,2002.0
55023,WI,INTERNAL MEDICINE,4,1345,3389.0
55025,WI,CARDIOVASCULAR DISEASE (CARDIOLOGY),44,40376,75350.0
55025,WI,ENDOCRINOLOGY,29,5164,44005.0
55025,WI,HEMATOLOGY/ONCOLOGY,32,6161,768388.0
55025,WI,INTERNAL MEDICINE,160,36338,174321.0
55025,WI,NEUROLOGY,64,9034,60329.0
55025,WI,PSYCHIATRY,89,3886,48564.0
55025,WI,PULMONARY DISEASE,46,10114,32601.0
55025,WI,RHEUMATOLOGY,21,3747,44419.0
55027,WI,CARDIOVASCULAR DISEASE (CARDIOLOGY),5,2734,7058.0
55027,WI,ENDOCRINOLOGY,1,87,192.0
55027,WI,HEMATOLOGY/ONCOLOGY,1,107,11464.0
55027,WI,INTERNAL MEDICINE,9,1639,6503.0
55027,WI,NEUROLOGY,1,244,443.0
55027,WI,PSYCHIATRY,4,223,745.0
55027,WI,RHEUMATOLOGY,1,329,8684.0
55029,WI,HEMATOLOGY/ONCOLOGY,1,202,525.0
55029,WI,INTERNAL MEDICINE,6,225,744.0
55029,WI,PSYCHIATRY,2,56,188.0
55031,WI,INTERNAL MEDICINE,1,144,308.0
55035,WI,CARDIOVASCULAR DISEASE (CARDIOLOGY),13,14505,29089.0
55035,WI,ENDOCRINOLOGY,2,789,43656.0
55035,WI,HEMATOLOGY/ONCOLOGY,3,560,1524.0
55035,WI,INTERNAL MEDICINE,20,6567,24233.0
55035,WI,NEUROLOGY,7,2572,5419.0
55035,WI,PSYCHIATRY,15,1006,2776.0
55035,WI,PULMONARY DISEASE,9,2835,7942.0
55035,WI,RHEUMATOLOGY,5,1177,2244.0
55039,WI,CARDIOVASCULAR DISEASE (CARDIOLOGY),7,6519,17313.0
55039,WI,ENDOCRINOLOGY,2,516,7097.0
55039,WI,HEMATOLOGY/ONCOLOGY,2,255,10111.0
55039,WI,INTERNAL MEDICINE,13,1993,6426.0
55039,WI,NEUROLOGY,2,585,1603.0
55039,WI,PSYCHIATRY,6,250,873.0
55039,WI,PULMONARY DISEASE,2,471,849.0
55039,WI,RHEUMATOLOGY,1,170,290.0
55041,WI,PSYCHIATRY,2,0,0.0
55043,WI,ENDOCRINOLOGY,4,1999,32404.0
55043,WI,HEMATOLOGY/ONCOLOGY,1,326,71669.0
55043,WI,INTERNAL MEDICINE,1,105,177.0
55043,WI,PSYCHIATRY,1,54,567.0
55043,WI,RHEUMATOLOGY,1,235,681.0
55045,WI,CARDIOVASCULAR DISEASE (CARDIOLOGY),1,932,1802.0
55045,WI,INTERNAL MEDICINE,2,713,2421.0
55045,WI,NEUROLOGY,2,582,2919.0
55045,WI,PSYCHIATRY,7,410,3164.0
55045,WI,RHEUMATOLOGY,1,335,761.0
55049,WI,INTERNAL MEDICINE,2,238,857.0
55051,WI,PSYCHIATRY,1,17,100.0
55055,WI,CARDIOVASCULAR DISEASE (CARDIOLOGY),3,2924,5281.0
55055,WI,HEMATOLOGY/ONCOLOGY,2,195,1094.0
55055,WI,INTERNAL MEDICINE,11,2863,8643.0
55055,WI,PSYCHIATRY,3,85,243.0
55055,WI,RHEUMATOLOGY,1,122,2477.0
55057,WI,CARDIOVASCULAR DISEASE (CARDIOLOGY),2,1747,3143.0
55057,WI,HEMATOLOGY/ONCOLOGY,1,114,551.0
55057,WI,INTERNAL MEDICINE,2,169,632.0
55057,WI,NEUROLOGY,2,449,1139.0
55057,WI,PSYCHIATRY,1,75,247.0
55059,WI,CARDIOVASCULAR DISEASE (CARDIOLOGY),7,3816,10746.0
55059,WI,ENDOCRINOLOGY,3,760,19234.0
55059,WI,HEMATOLOGY/ONCOLOGY,4,1400,6546.0
55059,WI,INTERNAL MEDICINE,42,9368,42514.0
55059,WI,NEUROLOGY,10,1610,12672.0
55059,WI,PSYCHIATRY,6,85,418.0
55059,WI,PULMONARY DISEASE,6,2017,6291.0
55059,WI,RHEUMATOLOGY,2,575,22711.0
55061,WI,INTERNAL MEDICINE,2,128,261.0
55063,WI,CARDIOVASCULAR DISEASE (CARDIOLOGY),7,3695,20228.0
55063,WI,ENDOCRINOLOGY,4,922,3913.0
55063,WI,HEMATOLOGY/ONCOLOGY,1,184,579.0
55063,WI,INTERNAL MEDICINE,63,11663,40666.0
55063,WI,NEUROLOGY,13,2510,5939.0
55063,WI,PSYCHIATRY,22,826,5224.0
55063,WI,PULMONARY DISEASE,7,2295,6198.0
55063,WI,RHEUMATOLOGY,4,1106,146862.0
55065,WI,CARDIOVASCULAR DISEASE (CARDIOLOGY),2,4661,7431.0
55065,WI,INTERNAL MEDICINE,1,324,679.0
55067,WI,CARDIOVASCULAR DISEASE (CARDIOLOGY),3,2680,6393.0
55067,WI,INTERNAL MEDICINE,10,3774,10898.0
55067,WI,PSYCHIATRY,1,23,116.0
55069,WI,INTERNAL MEDICINE,2,440,1484.0
55071,WI,CARDIOVASCULAR DISEASE (CARDIOLOGY),2,2796,5283.0
55071,WI,INTERNAL MEDICINE,3,208,906.0
55071,WI,PSYCHIATRY,2,24,124.0
55073,WI,CARDIOVASCULAR DISEASE (CARDIOLOGY),1,11,25.0
55073,WI,ENDOCRINOLOGY,1,0,0.0
55073,WI,HEMATOLOGY/ONCOLOGY,3,939,3995.0
55073,WI,INTERNAL MEDICINE,18,2791,23523.0
55073,WI,NEUROLOGY,3,327,5390.0
55073,WI,PSYCHIATRY,10,581,4259.0
55073,WI,RHEUMATOLOGY,3,615,44972.0
55075,WI,CARDIOVASCULAR DISEASE (CARDIOLOGY),4,1860,3852.0
55075,WI,ENDOCRINOLOGY,3,451,3431.0
55075,WI,HEMATOLOGY/ONCOLOGY,1,170,528.0
55075,WI,INTERNAL MEDICINE,4,844,3357.0
55075,WI,PSYCHIATRY,1,83,415.0
55075,WI,PULMONARY DISEASE,3,821,2354.0
55075,WI,RHEUMATOLOGY,3,181,2864.0
55077,WI,PSYCHIATRY,1,97,933.0
55078,WI,PSYCHIATRY,1,19,27.0
55079,WI,CARDIOVASCULAR DISEASE (CARDIOLOGY),83,46706,174263.0
55079,WI,ENDOCRINOLOGY,45,6508,67809.0
55079,WI,HEMATOLOGY/ONCOLOGY,69,7870,32391.0
55079,WI,INTERNAL MEDICINE,307,121351,508250.0
55079,WI,NEUROLOGY,82,8728,61730.0
55079,WI,PSYCHIATRY,148,6672,33719.0
55079,WI,PULMONARY DISEASE,49,9915,27948.0
55079,WI,RHEUMATOLOGY,18,3220,540478.0
55081,WI,CARDIOVASCULAR DISEASE (CARDIOLOGY),4,6748,11429.0
55081,WI,ENDOCRINOLOGY,1,287,851.0
55081,WI,HEMATOLOGY/ONCOLOGY,1,271,948.0
55081,WI,INTERNAL MEDICINE,12,5812,11885.0
55081,WI,NEUROLOGY,2,435,1280.0
55083,WI,CARDIOVASCULAR DISEASE (CARDIOLOGY),2,2327,3737.0
55083,WI,INTERNAL MEDICINE,2,353,1366.0
55085,WI,HEMATOLOGY/ONCOLOGY,1,405,1349.0
55085,WI,INTERNAL MEDICINE,11,2195,5595.0
55085,WI,NEUROLOGY,3,395,676.0
55085,WI,PSYCHIATRY,4,117,572.0
55085,WI,PULMONARY DISEASE,1,1050,1963.0
55085,WI,RHEUMATOLOGY,1,76,334.0
55087,WI,CARDIOVASCULAR DISEASE (CARDIOLOGY),3,1712,4046.0
55087,WI,ENDOCRINOLOGY,1,282,804.0
55087,WI,HEMATOLOGY/ONCOLOGY,7,1126,27048.0
55087,WI,INTERNAL MEDICINE,14,3243,39526.0
55087,WI,NEUROLOGY,1,302,549.0
55087,WI,PSYCHIATRY,7,199,885.0
55087,WI,PULMONARY DISEASE,2,734,1940.0
55089,WI,CARDIOVASCULAR DISEASE (CARDIOLOGY),8,5645,16102.0
55089,WI,ENDOCRINOLOGY,5,1590,42351.0
55089,WI,HEMATOLOGY/ONCOLOGY,8,2348,8500.0
55089,WI,INTERNAL MEDICINE,51,10354,43708.0
55089,WI,NEUROLOGY,7,1596,31506.0
55089,WI,PSYCHIATRY,8,485,1934.0
55089,WI,PULMONARY DISEASE,5,1610,5425.0
55091,WI,INTERNAL MEDICINE,1,110,537.0
55093,WI,CARDIOVASCULAR DISEASE (CARDIOLOGY),16,8875,23821.0
55093,WI,INTERNAL MEDICINE,33,6160,20002.0
55093,WI,NEUROLOGY,7,715,1192.0
55093,WI,PSYCHIATRY,1,72,208.0
55093,WI,PULMONARY DISEASE,1,593,2318.0
55095,WI,CARDIOVASCULAR DISEASE (CARDIOLOGY),1,0,0.0
55095,WI,HEMATOLOGY/ONCOLOGY,1,114,481.0
55095,WI,INTERNAL MEDICINE,5,1176,4688.0
55095,WI,PSYCHIATRY,6,114,563.0
55097,WI,INTERNAL MEDICINE,2,649,1690.0
55097,WI,PSYCHIATRY,5,430,2074.0
55101,WI,CARDIOVASCULAR DISEASE (CARDIOLOGY),5,3140,8633.0
55101,WI,ENDOCRINOLOGY,2,287,713.0
55101,WI,HEMATOLOGY/ONCOLOGY,3,476,1726.0
55101,WI,INTERNAL MEDICINE,33,5444,28480.0
55101,WI,NEUROLOGY,8,2409,6731.0
55101,WI,PSYCHIATRY,6,543,2134.0
55101,WI,PULMONARY DISEASE,8,2426,6085.0
55101,WI,RHEUMATOLOGY,1,203,9398.0
55103,WI,CARDIOVASCULAR DISEASE (CARDIOLOGY),2,2544,4457.0
55105,WI,CARDIOVASCULAR DISEASE (CARDIOLOGY),12,11197,34190.0
55105,WI,ENDOCRINOLOGY,3,1573,3967.0
55105,WI,HEMATOLOGY/ONCOLOGY,4,1183,142457.0
55105,WI,INTERNAL MEDICINE,30,7990,22305.0
55105,WI,NEUROLOGY,7,2514,21880.0
55105,WI,PSYCHIATRY,10,423,1324.0
55105,WI,PULMONARY DISEASE,6,2421,8917.0
55105,WI,RHEUMATOLOGY,3,1074,13967.0
55107,WI,INTERNAL MEDICINE,2,1928,33891.0
55107,WI,PSYCHIATRY,1,136,360.0
55109,WI,CARDIOVASCULAR DISEASE (CARDIOLOGY),13,10635,17133.0
55109,WI,HEMATOLOGY/ONCOLOGY,2,203,619.0
55109,WI,INTERNAL MEDICINE,12,2119,186115.0
55109,WI,NEUROLOGY,3,473,1054.0
55109,WI,PSYCHIATRY,2,62,125.0
55109,WI,RHEUMATOLOGY,9,1723,136326.0
55111,WI,CARDIOVASCULAR DISEASE (CARDIOLOGY),5,2228,4716.0
55111,WI,HEMATOLOGY/ONCOLOGY,2,406,82902.0
55111,WI,INTERNAL MEDICINE,5,576,1561.0
55111,WI,PSYCHIATRY,3,74,219.0
55111,WI,RHEUMATOLOGY,1,312,856.0
55113,WI,CARDIOVASCULAR DISEASE (CARDIOLOGY),5,3242,5185.0
55113,WI,ENDOCRINOLOGY,1,267,1661.0
55113,WI,INTERNAL MEDICINE,2,1420,10806.0
55113,WI,PULMONARY DISEASE,1,202,524.0
55115,WI,HEMATOLOGY/ONCOLOGY,4,770,5035.0
55115,WI,INTERNAL MEDICINE,5,835,2119.0
55115,WI,NEUROLOGY,2,590,25760.0
55115,WI,PSYCHIATRY,1,53,112.0
55117,WI,CARDIOVASCULAR DISEASE (CARDIOLOGY),9,7612,19116.0
55117,WI,ENDOCRINOLOGY,3,246,17847.0
55117,WI,HEMATOLOGY/ONCOLOGY,9,1877,316877.0
55117,WI,INTERNAL MEDICINE,25,5346,37515.0
55117,WI,NEUROLOGY,7,1649,24480.0
55117,WI,PSYCHIATRY,8,272,3738.0
55117,WI,PULMONARY DISEASE,8,3028,8282.0
55117,WI,RHEUMATOLOGY,3,494,6196.0
55119,WI,HEMATOLOGY/ONCOLOGY,1,132,625.0
55119,WI,INTERNAL MEDICINE,7,344,522.0
55119,WI,PSYCHIATRY,1,0,0.0
55121,WI,PSYCHIATRY,1,178,974.0
55123,WI,PSYCHIATRY,2,0,0.0
55125,WI,INTERNAL MEDICINE,5,943,5301.0
55127,WI,CARDIOVASCULAR DISEASE (CARDIOLOGY),1,926,1574.0
55127,WI,ENDOCRINOLOGY,1,110,238.0
55127,WI,INTERNAL MEDICINE,4,1556,27993.0
55127,WI,NEUROLOGY,2,111,223.0
55127,WI,PSYCHIATRY,2,66,240.0
55127,WI,PULMONARY DISEASE,3,910,2268.0
55129,WI,HEMATOLOGY/ONCOLOGY,1,123,442.0
55129,WI,INTERNAL MEDICINE,3,498,2311.0
55129,WI,NEUROLOGY,1,283,21653.0
55129,WI,RHEUMATOLOGY,1,596,3135.0
55131,WI,CARDIOVASCULAR DISEASE (CARDIOLOGY),9,2579,6562.0
55131,WI,HEMATOLOGY/ONCOLOGY,5,1958,10205.0
55131,WI,INTERNAL MEDICINE,23,6831,30537.0
55131,WI,NEUROLOGY,7,1457,12246.0
55131,WI,PSYCHIATRY,6,537,3281.0
55131,WI,PULMONARY DISEASE,4,1763,6352.0
55131,WI,RHEUMATOLOGY,1,317,1505.0
55133,WI,CARDIOVASCULAR DISEASE (CARDIOLOGY),21,20311,45096.0
55133,WI,ENDOCRINOLOGY,11,3564,40436.0
55133,WI,HEMATOLOGY/ONCOLOGY,15,2335,6432.0
55133,WI,INTERNAL MEDICINE,132,35494,154478.0
55133,WI,NEUROLOGY,17,3688,18460.0
55133,WI,PSYCHIATRY,41,1336,5035.0
55133,WI,PULMONARY DISEASE,7,1138,4740.0
55133,WI,RHEUMATOLOGY,8,2338,356906.0
55135,WI,CARDIOVASCULAR DISEASE (CARDIOLOGY),6,4788,52463.0
55135,WI,INTERNAL MEDICINE,4,754,4026.0
55135,WI,PSYCHIATRY,2,94,264.0
55137,WI,INTERNAL MEDICINE,1,209,1697.0
55137,WI,PSYCHIATRY,1,0,0.0
55139,WI,CARDIOVASCULAR DISEASE (CARDIOLOGY),4,2547,4447.0
55139,WI,ENDOCRINOLOGY,6,1169,8460.0
55139,WI,HEMATOLOGY/ONCOLOGY,3,465,1251.0
55139,WI,INTERNAL MEDICINE,24,6025,30308.0
55139,WI,NEUROLOGY,7,1702,167341.0
55139,WI,PSYCHIATRY,10,713,5030.0
55139,WI,PULMONARY DISEASE,3,1219,2442.0
55139,WI,RHEUMATOLOGY,6,1032,18613.0
55141,WI,CARDIOVASCULAR DISEASE (CARDIOLOGY),14,11915,30496.0
55141,WI,ENDOCRINOLOGY,6,2580,21612.0
55141,WI,HEMATOLOGY/ONCOLOGY,14,3589,97175.0
55141,WI,INTERNAL MEDICINE,46,9667,30431.0
55141,WI,NEUROLOGY,21,4185,41246.0
55141,WI,PSYCHIATRY,13,761,3391.0
55141,WI,PULMONARY DISEASE,7,1440,3863.0
55141,WI,RHEUMATOLOGY,5,1539,3779.0
56001,WY,INTERNAL MEDICINE,6,2437,7365.0
56001,WY,PSYCHIATRY,1,27,122.0
56003,WY,HEMATOLOGY/ONCOLOGY,1,71,123.0
56003,WY,INTERNAL MEDICINE,1,318,544.0
56003,WY,PSYCHIATRY,1,0,0.0
56005,WY,CARDIOVASCULAR DISEASE (CARDIOLOGY),1,727,1301.0
56005,WY,ENDOCRINOLOGY,2,367,1668.0
56005,WY,INTERNAL MEDICINE,10,2440,10010.0
56005,WY,NEUROLOGY,2,463,1138.0
56005,WY,PSYCHIATRY,5,51,260.0
56005,WY,RHEUMATOLOGY,2,426,180753.0
56007,WY,INTERNAL MEDICINE,2,336,1564.0
56009,WY,NEUROLOGY,1,762,155143.0
56013,WY,HEMATOLOGY/ONCOLOGY,1,622,276239.0
56013,WY,INTERNAL MEDICINE,8,1514,10774.0
56013,WY,PSYCHIATRY,1,24,206.0
56015,WY,NEUROLOGY,1,479,1739.0
56017,WY,HEMATOLOGY/ONCOLOGY,1,18,31.0
56017,WY,INTERNAL MEDICINE,1,0,0.0
56017,WY,NEUROLOGY,1,158,305.0
56017,WY,RHEUMATOLOGY,1,295,999.0
56019,WY,INTERNAL MEDICINE,1,116,292.0
56021,WY,CARDIOVASCULAR DISEASE (CARDIOLOGY),2,941,2102.0
56021,WY,ENDOCRINOLOGY,1,234,1002.0
56021,WY,HEMATOLOGY/ONCOLOGY,4,1385,3434.0
56021,WY,INTERNAL MEDICINE,15,6038,37098.0
56021,WY,NEUROLOGY,7,1651,29531.0
56021,WY,PSYCHIATRY,6,151,501.0
56021,WY,PULMONARY DISEASE,2,429,1352.0
56025,WY,CARDIOVASCULAR DISEASE (CARDIOLOGY),8,6991,19960.0
56025,WY,INTERNAL MEDICINE,17,4374,18136.0
56025,WY,NEUROLOGY,2,761,36771.0
56025,WY,PSYCHIATRY,5,188,1022.0
56025,WY,PULMONARY DISEASE,2,500,654.0
56027,WY,INTERNAL MEDICINE,1,47,98.0
56029,WY,CARDIOVASCULAR DISEASE (CARDIOLOGY),5,5044,10299.0
56029,WY,HEMATOLOGY/ONCOLOGY,2,907,3571.0
56029,WY,INTERNAL MEDICINE,5,929,8366.0
56029,WY,NEUROLOGY,3,2137,76287.0
56029,WY,PSYCHIATRY,2,104,299.0
56029,WY,PULMONARY DISEASE,8,2415,5409.0
56029,WY,RHEUMATOLOGY,1,335,1781.0
56031,WY,INTERNAL MEDICINE,1,121,343.0
56033,WY,HEMATOLOGY/ONCOLOGY,1,341,845.0
56033,WY,INTERNAL MEDICINE,14,5847,34035.0
56033,WY,NEUROLOGY,1,868,4492.0
56033,WY,PSYCHIATRY,1,24,37.0
56033,WY,RHEUMATOLOGY,1,380,1463.0
56035,WY,INTERNAL MEDICINE,1,345,6255.0
56037,WY,CARDIOVASCULAR DISEASE (CARDIOLOGY),5,4953,14402.0
56037,WY,HEMATOLOGY/ONCOLOGY,1,143,261.0
56037,WY,INTERNAL MEDICINE,10,2112,6001.0
56037,WY,NEUROLOGY,3,234,476.0
56039,WY,CARDIOVASCULAR DISEASE (CARDIOLOGY),1,851,1660.0
56039,WY,INTERNAL MEDICINE,9,3694,12541.0
56039,WY,PSYCHIATRY,2,0,0.0
56039,WY,PULMONARY DISEASE,1,397,824.0
56043,WY,HEMATOLOGY/ONCOLOGY,1,169,339.0
56043,WY,INTERNAL MEDICINE,2,233,781.0
