NPI,SERVICE_AREA_STATE,ISSUERID,SERVICEAREAID,SERVICE_AREA_ZIP
1033560057,MI,58594,MIS001,48653
1013281120,OR,71287,ORS004,97321
1023500568,OR,71287,ORS004,97321
1023639291,OR,71287,ORS004,97321
1023856044,OR,71287,ORS004,97321
1033730817,OR,71287,ORS004,97321
1063151306,OR,71287,ORS004,97321
1063199479,OR,71287,ORS004,97321
1073552394,OR,71287,ORS004,97321
1093734584,OR,71287,ORS004,97321
1093762247,OR,71287,ORS004,97321
1134198005,OR,71287,ORS004,97321
1134234800,OR,71287,ORS004,97321
1134358435,OR,71287,ORS004,97321
1134568959,OR,71287,ORS004,97321
1144302639,OR,71287,ORS004,97321
1144312943,OR,71287,ORS004,97321
1154488021,OR,71287,ORS004,97321
1164424586,OR,71287,ORS004,97321
1194044701,OR,71287,ORS004,97321
1215147475,OR,71287,ORS004,97321
1225482169,OR,71287,ORS004,97321
1255398681,OR,71287,ORS004,97321
1255891347,OR,71287,ORS004,97321
1265638035,OR,71287,ORS004,97321
1275008021,OR,71287,ORS004,97321
1275116733,OR,71287,ORS004,97321
1285039453,OR,71287,ORS004,97321
1285073338,OR,71287,ORS004,97321
1285658625,OR,71287,ORS004,97321
1295386506,OR,71287,ORS004,97321
1295705937,OR,71287,ORS004,97321
1295754760,OR,71287,ORS004,97321
1306494638,OR,71287,ORS004,97321
1306872510,OR,71287,ORS004,97321
1316377724,OR,71287,ORS004,97321
1326435504,OR,71287,ORS004,97321
1336175553,OR,71287,ORS004,97321
1346327681,OR,71287,ORS004,97321
1376217042,OR,71287,ORS004,97321
1396787644,OR,71287,ORS004,97321
1407160260,OR,71287,ORS004,97321
1417410747,OR,71287,ORS004,97321
1437578853,OR,71287,ORS004,97321
1457647091,OR,71287,ORS004,97321
1477013142,OR,71287,ORS004,97321
1477812915,OR,71287,ORS004,97321
1487686440,OR,71287,ORS004,97321
1508187733,OR,71287,ORS004,97321
1518296847,OR,71287,ORS004,97321
1518352350,OR,71287,ORS004,97321
1538235726,OR,71287,ORS004,97321
1558343574,OR,71287,ORS004,97321
1578138244,OR,71287,ORS004,97321
1578940441,OR,71287,ORS004,97321
1598051666,OR,71287,ORS004,97321
1639154974,OR,71287,ORS004,97321
1659545176,OR,71287,ORS004,97321
1669518049,OR,71287,ORS004,97321
1679032502,OR,71287,ORS004,97321
1689459497,OR,71287,ORS004,97321
1689882730,OR,71287,ORS004,97321
1720027220,OR,71287,ORS004,97321
1720273667,OR,71287,ORS004,97321
1730115551,OR,71287,ORS004,97321
1740783596,OR,71287,ORS004,97321
1750679817,OR,71287,ORS004,97321
1750817714,OR,71287,ORS004,97321
1770043200,OR,71287,ORS004,97321
1780390872,OR,71287,ORS004,97321
1790091403,OR,71287,ORS004,97321
1831148592,OR,71287,ORS004,97321
1841258647,OR,71287,ORS004,97321
1841269750,OR,71287,ORS004,97321
1841649969,OR,71287,ORS004,97321
1861811770,OR,71287,ORS004,97321
1871512368,OR,71287,ORS004,97321
1871932699,OR,71287,ORS004,97321
1881075513,OR,71287,ORS004,97321
1881451771,OR,71287,ORS004,97321
1902065204,OR,71287,ORS004,97321
1902316813,OR,71287,ORS004,97321
1902367527,OR,71287,ORS004,97321
1912500745,OR,71287,ORS004,97321
1932128832,OR,71287,ORS004,97321
1932389194,OR,71287,ORS004,97321
1952806291,OR,71287,ORS004,97321
1972360865,OR,71287,ORS004,97321
1982138798,OR,71287,ORS004,97321
1982146288,OR,71287,ORS004,97321
1982279527,OR,71287,ORS004,97321
1982954715,OR,71287,ORS004,97321
1992947030,OR,71287,ORS004,97321
1093377210,MI,29698,MIS007,49201
1104849025,MI,29698,MIS007,49201
1568031250,MI,29698,MIS007,49201
1588234058,MI,29698,MIS007,49201
1700531837,MI,29698,MIS007,49201
1881190593,MI,29698,MIS007,49201
1417284688,MI,29698,MIS007,49201
1013281120,OR,71287,ORS001,97321
1023500568,OR,71287,ORS001,97321
1023639291,OR,71287,ORS001,97321
1023856044,OR,71287,ORS001,97321
1033730817,OR,71287,ORS001,97321
1063151306,OR,71287,ORS001,97321
1063199479,OR,71287,ORS001,97321
1073552394,OR,71287,ORS001,97321
1093734584,OR,71287,ORS001,97321
1093762247,OR,71287,ORS001,97321
1134198005,OR,71287,ORS001,97321
1134234800,OR,71287,ORS001,97321
1134358435,OR,71287,ORS001,97321
1134568959,OR,71287,ORS001,97321
1144302639,OR,71287,ORS001,97321
1144312943,OR,71287,ORS001,97321
1154488021,OR,71287,ORS001,97321
1164424586,OR,71287,ORS001,97321
1194044701,OR,71287,ORS001,97321
1215147475,OR,71287,ORS001,97321
1225482169,OR,71287,ORS001,97321
1255398681,OR,71287,ORS001,97321
1255891347,OR,71287,ORS001,97321
1265638035,OR,71287,ORS001,97321
1275008021,OR,71287,ORS001,97321
1275116733,OR,71287,ORS001,97321
1285039453,OR,71287,ORS001,97321
1285073338,OR,71287,ORS001,97321
1285658625,OR,71287,ORS001,97321
1295386506,OR,71287,ORS001,97321
1295705937,OR,71287,ORS001,97321
1295754760,OR,71287,ORS001,97321
1306494638,OR,71287,ORS001,97321
1306872510,OR,71287,ORS001,97321
1316377724,OR,71287,ORS001,97321
1326435504,OR,71287,ORS001,97321
1336175553,OR,71287,ORS001,97321
1346327681,OR,71287,ORS001,97321
1376217042,OR,71287,ORS001,97321
1396787644,OR,71287,ORS001,97321
1407160260,OR,71287,ORS001,97321
1417410747,OR,71287,ORS001,97321
1437578853,OR,71287,ORS001,97321
1457647091,OR,71287,ORS001,97321
1477013142,OR,71287,ORS001,97321
1477812915,OR,71287,ORS001,97321
1487686440,OR,71287,ORS001,97321
1508187733,OR,71287,ORS001,97321
1518296847,OR,71287,ORS001,97321
1518352350,OR,71287,ORS001,97321
1538235726,OR,71287,ORS001,97321
1558343574,OR,71287,ORS001,97321
1578138244,OR,71287,ORS001,97321
1578940441,OR,71287,ORS001,97321
1598051666,OR,71287,ORS001,97321
1639154974,OR,71287,ORS001,97321
1659545176,OR,71287,ORS001,97321
1669518049,OR,71287,ORS001,97321
1679032502,OR,71287,ORS001,97321
1689459497,OR,71287,ORS001,97321
1689882730,OR,71287,ORS001,97321
1720027220,OR,71287,ORS001,97321
1720273667,OR,71287,ORS001,97321
1730115551,OR,71287,ORS001,97321
1740783596,OR,71287,ORS001,97321
1750679817,OR,71287,ORS001,97321
1750817714,OR,71287,ORS001,97321
1770043200,OR,71287,ORS001,97321
1780390872,OR,71287,ORS001,97321
1790091403,OR,71287,ORS001,97321
1831148592,OR,71287,ORS001,97321
1841258647,OR,71287,ORS001,97321
1841269750,OR,71287,ORS001,97321
1841649969,OR,71287,ORS001,97321
1861811770,OR,71287,ORS001,97321
1871512368,OR,71287,ORS001,97321
1871932699,OR,71287,ORS001,97321
1881075513,OR,71287,ORS001,97321
1881451771,OR,71287,ORS001,97321
1902065204,OR,71287,ORS001,97321
1902316813,OR,71287,ORS001,97321
1902367527,OR,71287,ORS001,97321
1912500745,OR,71287,ORS001,97321
1932128832,OR,71287,ORS001,97321
1932389194,OR,71287,ORS001,97321
1952806291,OR,71287,ORS001,97321
1972360865,OR,71287,ORS001,97321
1982138798,OR,71287,ORS001,97321
1982146288,OR,71287,ORS001,97321
1982279527,OR,71287,ORS001,97321
1982954715,OR,71287,ORS001,97321
1992947030,OR,71287,ORS001,97321
1518923986,OR,71287,ORS004,97477
1003369133,OR,71287,ORS004,97477
1013203348,OR,71287,ORS004,97477
1043399967,OR,71287,ORS004,97477
1073600938,OR,71287,ORS004,97477
1093367005,OR,71287,ORS004,97477
1093450363,OR,71287,ORS004,97477
1093722217,OR,71287,ORS004,97477
1124290648,OR,71287,ORS004,97477
1124481338,OR,71287,ORS004,97477
1124541156,OR,71287,ORS004,97477
1134145972,OR,71287,ORS004,97477
1134467368,OR,71287,ORS004,97477
1154327997,OR,71287,ORS004,97477
1154360071,OR,71287,ORS004,97477
1154856706,OR,71287,ORS004,97477
1164159091,OR,71287,ORS004,97477
1174819502,OR,71287,ORS004,97477
1174979462,OR,71287,ORS004,97477
1194368134,OR,71287,ORS004,97477
1205368909,OR,71287,ORS004,97477
1215258595,OR,71287,ORS004,97477
1225309685,OR,71287,ORS004,97477
1225598899,OR,71287,ORS004,97477
1235274234,OR,71287,ORS004,97477
1235357104,OR,71287,ORS004,97477
1245308832,OR,71287,ORS004,97477
1255837688,OR,71287,ORS004,97477
1265425938,OR,71287,ORS004,97477
1275508574,OR,71287,ORS004,97477
1275875130,OR,71287,ORS004,97477
1295187367,OR,71287,ORS004,97477
1295798908,OR,71287,ORS004,97477
1316986821,OR,71287,ORS004,97477
1326435504,OR,71287,ORS004,97477
1346229549,OR,71287,ORS004,97477
1346652310,OR,71287,ORS004,97477
1356729826,OR,71287,ORS004,97477
1366055113,OR,71287,ORS004,97477
1366140634,OR,71287,ORS004,97477
1386101913,OR,71287,ORS004,97477
1386694081,OR,71287,ORS004,97477
1417177304,OR,71287,ORS004,97477
1447440433,OR,71287,ORS004,97477
1447462783,OR,71287,ORS004,97477
1447783758,OR,71287,ORS004,97477
1457644098,OR,71287,ORS004,97477
1467657056,OR,71287,ORS004,97477
1467694745,OR,71287,ORS004,97477
1467758581,OR,71287,ORS004,97477
1467813212,OR,71287,ORS004,97477
1477583722,OR,71287,ORS004,97477
1497796403,OR,71287,ORS004,97477
1497998660,OR,71287,ORS004,97477
1508098286,OR,71287,ORS004,97477
1508416140,OR,71287,ORS004,97477
1518198274,OR,71287,ORS004,97477
1528200516,OR,71287,ORS004,97477
1538483292,OR,71287,ORS004,97477
1548410616,OR,71287,ORS004,97477
1548935117,OR,71287,ORS004,97477
1558596312,OR,71287,ORS004,97477
1568036481,OR,71287,ORS004,97477
1568564912,OR,71287,ORS004,97477
1578183356,OR,71287,ORS004,97477
1578714861,OR,71287,ORS004,97477
1598151730,OR,71287,ORS004,97477
1598744658,OR,71287,ORS004,97477
1609960228,OR,71287,ORS004,97477
1639379811,OR,71287,ORS004,97477
1639518368,OR,71287,ORS004,97477
1639776917,OR,71287,ORS004,97477
1649247420,OR,71287,ORS004,97477
1659132769,OR,71287,ORS004,97477
1679867071,OR,71287,ORS004,97477
1689694101,OR,71287,ORS004,97477
1699175638,OR,71287,ORS004,97477
1710165303,OR,71287,ORS004,97477
1720590987,OR,71287,ORS004,97477
1730582321,OR,71287,ORS004,97477
1740250588,OR,71287,ORS004,97477
1750330262,OR,71287,ORS004,97477
1750889333,OR,71287,ORS004,97477
1770564015,OR,71287,ORS004,97477
1770735292,OR,71287,ORS004,97477
1770781809,OR,71287,ORS004,97477
1801317631,OR,71287,ORS004,97477
1811246176,OR,71287,ORS004,97477
1821094350,OR,71287,ORS004,97477
1821166539,OR,71287,ORS004,97477
1851660955,OR,71287,ORS004,97477
1881238541,OR,71287,ORS004,97477
1891929741,OR,71287,ORS004,97477
1902411424,OR,71287,ORS004,97477
1912497264,OR,71287,ORS004,97477
1932780699,OR,71287,ORS004,97477
1942217914,OR,71287,ORS004,97477
1942812219,OR,71287,ORS004,97477
1952745093,OR,71287,ORS004,97477
1962630392,OR,71287,ORS004,97477
1962763185,OR,71287,ORS004,97477
1972949253,OR,71287,ORS004,97477
1982011508,OR,71287,ORS004,97477
1982056073,OR,71287,ORS004,97477
1982100038,OR,71287,ORS004,97477
1992099824,OR,71287,ORS004,97477
1992225775,OR,71287,ORS004,97477
1992968887,OR,71287,ORS004,97477
1093792673,OR,71287,ORS004,97477
1518923986,OR,71287,ORS001,97477
1003369133,OR,71287,ORS001,97477
1013203348,OR,71287,ORS001,97477
1043399967,OR,71287,ORS001,97477
1073600938,OR,71287,ORS001,97477
1093367005,OR,71287,ORS001,97477
1093450363,OR,71287,ORS001,97477
1093722217,OR,71287,ORS001,97477
1124290648,OR,71287,ORS001,97477
1124481338,OR,71287,ORS001,97477
1124541156,OR,71287,ORS001,97477
1134145972,OR,71287,ORS001,97477
1134467368,OR,71287,ORS001,97477
1154327997,OR,71287,ORS001,97477
1154360071,OR,71287,ORS001,97477
1154856706,OR,71287,ORS001,97477
1164159091,OR,71287,ORS001,97477
1174819502,OR,71287,ORS001,97477
1174979462,OR,71287,ORS001,97477
1194368134,OR,71287,ORS001,97477
1205368909,OR,71287,ORS001,97477
1215258595,OR,71287,ORS001,97477
1225309685,OR,71287,ORS001,97477
1225598899,OR,71287,ORS001,97477
1235274234,OR,71287,ORS001,97477
1235357104,OR,71287,ORS001,97477
1245308832,OR,71287,ORS001,97477
1255837688,OR,71287,ORS001,97477
1265425938,OR,71287,ORS001,97477
1275508574,OR,71287,ORS001,97477
1275875130,OR,71287,ORS001,97477
1295187367,OR,71287,ORS001,97477
1295798908,OR,71287,ORS001,97477
1316986821,OR,71287,ORS001,97477
1326435504,OR,71287,ORS001,97477
1346229549,OR,71287,ORS001,97477
1346652310,OR,71287,ORS001,97477
1356729826,OR,71287,ORS001,97477
1366055113,OR,71287,ORS001,97477
1366140634,OR,71287,ORS001,97477
1386101913,OR,71287,ORS001,97477
1386694081,OR,71287,ORS001,97477
1417177304,OR,71287,ORS001,97477
1447440433,OR,71287,ORS001,97477
1447462783,OR,71287,ORS001,97477
1447783758,OR,71287,ORS001,97477
1457644098,OR,71287,ORS001,97477
1467657056,OR,71287,ORS001,97477
1467694745,OR,71287,ORS001,97477
1467758581,OR,71287,ORS001,97477
1467813212,OR,71287,ORS001,97477
1477583722,OR,71287,ORS001,97477
1497796403,OR,71287,ORS001,97477
1497998660,OR,71287,ORS001,97477
1508098286,OR,71287,ORS001,97477
1508416140,OR,71287,ORS001,97477
1518198274,OR,71287,ORS001,97477
1528200516,OR,71287,ORS001,97477
1538483292,OR,71287,ORS001,97477
1548410616,OR,71287,ORS001,97477
1548935117,OR,71287,ORS001,97477
1558596312,OR,71287,ORS001,97477
1568036481,OR,71287,ORS001,97477
1568564912,OR,71287,ORS001,97477
1578183356,OR,71287,ORS001,97477
1578714861,OR,71287,ORS001,97477
1598151730,OR,71287,ORS001,97477
1598744658,OR,71287,ORS001,97477
1609960228,OR,71287,ORS001,97477
1639379811,OR,71287,ORS001,97477
1639518368,OR,71287,ORS001,97477
1639776917,OR,71287,ORS001,97477
1649247420,OR,71287,ORS001,97477
1659132769,OR,71287,ORS001,97477
1679867071,OR,71287,ORS001,97477
1689694101,OR,71287,ORS001,97477
1699175638,OR,71287,ORS001,97477
1710165303,OR,71287,ORS001,97477
1720590987,OR,71287,ORS001,97477
1730582321,OR,71287,ORS001,97477
1740250588,OR,71287,ORS001,97477
1750330262,OR,71287,ORS001,97477
1750889333,OR,71287,ORS001,97477
1770564015,OR,71287,ORS001,97477
1770735292,OR,71287,ORS001,97477
1770781809,OR,71287,ORS001,97477
1801317631,OR,71287,ORS001,97477
1811246176,OR,71287,ORS001,97477
1821094350,OR,71287,ORS001,97477
1821166539,OR,71287,ORS001,97477
1851660955,OR,71287,ORS001,97477
1881238541,OR,71287,ORS001,97477
1891929741,OR,71287,ORS001,97477
1902411424,OR,71287,ORS001,97477
1912497264,OR,71287,ORS001,97477
1932780699,OR,71287,ORS001,97477
1942217914,OR,71287,ORS001,97477
1942812219,OR,71287,ORS001,97477
1952745093,OR,71287,ORS001,97477
1962630392,OR,71287,ORS001,97477
1962763185,OR,71287,ORS001,97477
1972949253,OR,71287,ORS001,97477
1982011508,OR,71287,ORS001,97477
1982056073,OR,71287,ORS001,97477
1982100038,OR,71287,ORS001,97477
1992099824,OR,71287,ORS001,97477
1992225775,OR,71287,ORS001,97477
1992968887,OR,71287,ORS001,97477
1093792673,OR,71287,ORS001,97477
1003443391,OR,56707,ORS002,97132
1023229838,OR,56707,ORS002,97132
1043442007,OR,56707,ORS002,97132
1053532564,OR,56707,ORS002,97132
1073048450,OR,56707,ORS002,97132
1083819551,OR,56707,ORS002,97132
1104864792,OR,56707,ORS002,97132
1104928522,OR,56707,ORS002,97132
1114919610,OR,56707,ORS002,97132
1124021753,OR,56707,ORS002,97132
1124293626,OR,56707,ORS002,97132
1124361241,OR,56707,ORS002,97132
1124432976,OR,56707,ORS002,97132
1134348543,OR,56707,ORS002,97132
1154379576,OR,56707,ORS002,97132
1154646610,OR,56707,ORS002,97132
1154783579,OR,56707,ORS002,97132
1164504171,OR,56707,ORS002,97132
1164765111,OR,56707,ORS002,97132
1174084925,OR,56707,ORS002,97132
1225096167,OR,56707,ORS002,97132
1225475890,OR,56707,ORS002,97132
1245451038,OR,56707,ORS002,97132
1245643394,OR,56707,ORS002,97132
1255368205,OR,56707,ORS002,97132
1255656658,OR,56707,ORS002,97132
1265580054,OR,56707,ORS002,97132
1285204412,OR,56707,ORS002,97132
1285666594,OR,56707,ORS002,97132
1295020477,OR,56707,ORS002,97132
1306036108,OR,56707,ORS002,97132
1326398041,OR,56707,ORS002,97132
1326471616,OR,56707,ORS002,97132
1326575937,OR,56707,ORS002,97132
1336185438,OR,56707,ORS002,97132
1336551555,OR,56707,ORS002,97132
1346232857,OR,56707,ORS002,97132
1346430113,OR,56707,ORS002,97132
1356307870,OR,56707,ORS002,97132
1376854158,OR,56707,ORS002,97132
1396770186,OR,56707,ORS002,97132
1396778916,OR,56707,ORS002,97132
1407972821,OR,56707,ORS002,97132
1417265075,OR,56707,ORS002,97132
1427435429,OR,56707,ORS002,97132
1467417154,OR,56707,ORS002,97132
1487697488,OR,56707,ORS002,97132
1487748836,OR,56707,ORS002,97132
1487806790,OR,56707,ORS002,97132
1497140909,OR,56707,ORS002,97132
1508070046,OR,56707,ORS002,97132
1508305723,OR,56707,ORS002,97132
1518494517,OR,56707,ORS002,97132
1528226230,OR,56707,ORS002,97132
1528483872,OR,56707,ORS002,97132
1548531973,OR,56707,ORS002,97132
1558342857,OR,56707,ORS002,97132
1558761247,OR,56707,ORS002,97132
1568999183,OR,56707,ORS002,97132
1578145843,OR,56707,ORS002,97132
1578568499,OR,56707,ORS002,97132
1578669487,OR,56707,ORS002,97132
1578784369,OR,56707,ORS002,97132
1588632202,OR,56707,ORS002,97132
1619031838,OR,56707,ORS002,97132
1619990702,OR,56707,ORS002,97132
1619996964,OR,56707,ORS002,97132
1639254659,OR,56707,ORS002,97132
1649636648,OR,56707,ORS002,97132
1649791385,OR,56707,ORS002,97132
1659694735,OR,56707,ORS002,97132
1679897581,OR,56707,ORS002,97132
1700044484,OR,56707,ORS002,97132
1710187489,OR,56707,ORS002,97132
1710921085,OR,56707,ORS002,97132
1720284623,OR,56707,ORS002,97132
1730300641,OR,56707,ORS002,97132
1730679499,OR,56707,ORS002,97132
1750373056,OR,56707,ORS002,97132
1760659627,OR,56707,ORS002,97132
1770579237,OR,56707,ORS002,97132
1801422803,OR,56707,ORS002,97132
1801844626,OR,56707,ORS002,97132
1811382922,OR,56707,ORS002,97132
1831456979,OR,56707,ORS002,97132
1861425795,OR,56707,ORS002,97132
1861452658,OR,56707,ORS002,97132
1871785014,OR,56707,ORS002,97132
1891885380,OR,56707,ORS002,97132
1902097850,OR,56707,ORS002,97132
1902108335,OR,56707,ORS002,97132
1922047935,OR,56707,ORS002,97132
1942271986,OR,56707,ORS002,97132
1942429345,OR,56707,ORS002,97132
1952696601,OR,56707,ORS002,97132
1962645028,OR,56707,ORS002,97132
1982610481,OR,56707,ORS002,97132
1982954715,OR,56707,ORS002,97132
1992123475,OR,56707,ORS002,97132
1134539265,MI,58594,MIS001,48471
1558492850,MI,58594,MIS001,48471
1568463800,MI,58594,MIS001,48471
1891760286,MI,58594,MIS001,48471
1467196329,OR,56707,ORS002,97132
1518015551,OR,56707,ORS002,97132
1619566775,OR,56707,ORS002,97132
1750025987,OR,56707,ORS002,97132
1790718310,OR,56707,ORS002,97132
1851040299,OR,56707,ORS002,97132
1083034771,TX,66252,TXS002,78666
1083126668,TX,66252,TXS002,78666
1083675086,TX,66252,TXS002,78666
1134348535,TX,66252,TXS002,78666
1144278326,TX,66252,TXS002,78666
1144450131,TX,66252,TXS002,78666
1154383669,TX,66252,TXS002,78666
1154646560,TX,66252,TXS002,78666
1184116063,TX,66252,TXS002,78666
1194953117,TX,66252,TXS002,78666
1215536537,TX,66252,TXS002,78666
1245316884,TX,66252,TXS002,78666
1245423326,TX,66252,TXS002,78666
1295767465,TX,66252,TXS002,78666
1326794553,TX,66252,TXS002,78666
1366548547,TX,66252,TXS002,78666
1366848541,TX,66252,TXS002,78666
1376047217,TX,66252,TXS002,78666
1437579455,TX,66252,TXS002,78666
1457765547,TX,66252,TXS002,78666
1477133106,TX,66252,TXS002,78666
1508939141,TX,66252,TXS002,78666
1548713258,TX,66252,TXS002,78666
1578106753,TX,66252,TXS002,78666
1578524955,TX,66252,TXS002,78666
1609563980,TX,66252,TXS002,78666
1629428826,TX,66252,TXS002,78666
1669091096,TX,66252,TXS002,78666
1679223903,TX,66252,TXS002,78666
1679833354,TX,66252,TXS002,78666
1689993297,TX,66252,TXS002,78666
1710543939,TX,66252,TXS002,78666
1770579187,TX,66252,TXS002,78666
1770970451,TX,66252,TXS002,78666
1790109866,TX,66252,TXS002,78666
1790211209,TX,66252,TXS002,78666
1801471214,TX,66252,TXS002,78666
1821300278,TX,66252,TXS002,78666
1821404039,TX,66252,TXS002,78666
1841220092,TX,66252,TXS002,78666
1881973147,TX,66252,TXS002,78666
1891172938,TX,66252,TXS002,78666
1922468370,TX,66252,TXS002,78666
1922645225,TX,66252,TXS002,78666
1356952212,TX,66252,TXS002,78666
1568749224,TX,66252,TXS002,78666
1801016480,TX,66252,TXS002,78666
1932659257,TX,66252,TXS002,78666
1033266911,TX,66252,TXS002,78666
1275500100,TX,66252,TXS002,78666
1366706921,TX,66252,TXS002,78666
1598944571,TX,66252,TXS002,78666
1881702900,TX,66252,TXS002,78666
1336671924,TX,66252,TXS002,78666
1568680080,TX,66252,TXS002,78666
1851351704,TX,66252,TXS002,78666
1861723108,TX,66252,TXS002,78666
1023853728,TX,66252,TXS002,78666
1063119121,TX,66252,TXS002,78666
1114379849,TX,66252,TXS002,78666
1134803349,TX,66252,TXS002,78666
1154991255,TX,66252,TXS002,78666
1164579595,TX,66252,TXS002,78666
1174207112,TX,66252,TXS002,78666
1205194537,TX,66252,TXS002,78666
1295374601,TX,66252,TXS002,78666
1407422520,TX,66252,TXS002,78666
1417278086,TX,66252,TXS002,78666
1457856676,TX,66252,TXS002,78666
1457974909,TX,66252,TXS002,78666
1467487702,TX,66252,TXS002,78666
1477119287,TX,66252,TXS002,78666
1528016557,TX,66252,TXS002,78666
1528112646,TX,66252,TXS002,78666
1548551427,TX,66252,TXS002,78666
1558869875,TX,66252,TXS002,78666
1568694834,TX,66252,TXS002,78666
1619609468,TX,66252,TXS002,78666
1669457388,TX,66252,TXS002,78666
1689660805,TX,66252,TXS002,78666
1699271833,TX,66252,TXS002,78666
1730370578,TX,66252,TXS002,78666
1770222317,TX,66252,TXS002,78666
1790169662,TX,66252,TXS002,78666
1861477952,TX,66252,TXS002,78666
1902281660,TX,66252,TXS002,78666
1962871624,TX,66252,TXS002,78666
1245861160,TX,66252,TXS002,78666
1720074719,TX,66252,TXS002,78666
1083034771,TX,66252,TXS001,78666
1083126668,TX,66252,TXS001,78666
1083675086,TX,66252,TXS001,78666
1134348535,TX,66252,TXS001,78666
1144278326,TX,66252,TXS001,78666
1144450131,TX,66252,TXS001,78666
1154383669,TX,66252,TXS001,78666
1154646560,TX,66252,TXS001,78666
1184116063,TX,66252,TXS001,78666
1194953117,TX,66252,TXS001,78666
1215536537,TX,66252,TXS001,78666
1245316884,TX,66252,TXS001,78666
1245423326,TX,66252,TXS001,78666
1295767465,TX,66252,TXS001,78666
1326794553,TX,66252,TXS001,78666
1366548547,TX,66252,TXS001,78666
1366848541,TX,66252,TXS001,78666
1376047217,TX,66252,TXS001,78666
1437579455,TX,66252,TXS001,78666
1457765547,TX,66252,TXS001,78666
1477133106,TX,66252,TXS001,78666
1508939141,TX,66252,TXS001,78666
1548713258,TX,66252,TXS001,78666
1578106753,TX,66252,TXS001,78666
1578524955,TX,66252,TXS001,78666
1609563980,TX,66252,TXS001,78666
1629428826,TX,66252,TXS001,78666
1669091096,TX,66252,TXS001,78666
1679223903,TX,66252,TXS001,78666
1679833354,TX,66252,TXS001,78666
1689993297,TX,66252,TXS001,78666
1710543939,TX,66252,TXS001,78666
1770579187,TX,66252,TXS001,78666
1770970451,TX,66252,TXS001,78666
1790109866,TX,66252,TXS001,78666
1790211209,TX,66252,TXS001,78666
1801471214,TX,66252,TXS001,78666
1821300278,TX,66252,TXS001,78666
1821404039,TX,66252,TXS001,78666
1841220092,TX,66252,TXS001,78666
1881973147,TX,66252,TXS001,78666
1891172938,TX,66252,TXS001,78666
1922468370,TX,66252,TXS001,78666
1922645225,TX,66252,TXS001,78666
1356952212,TX,66252,TXS001,78666
1568749224,TX,66252,TXS001,78666
1801016480,TX,66252,TXS001,78666
1932659257,TX,66252,TXS001,78666
1033266911,TX,66252,TXS001,78666
1275500100,TX,66252,TXS001,78666
1366706921,TX,66252,TXS001,78666
1598944571,TX,66252,TXS001,78666
1881702900,TX,66252,TXS001,78666
1336671924,TX,66252,TXS001,78666
1568680080,TX,66252,TXS001,78666
1851351704,TX,66252,TXS001,78666
1861723108,TX,66252,TXS001,78666
1023853728,TX,66252,TXS001,78666
1063119121,TX,66252,TXS001,78666
1114379849,TX,66252,TXS001,78666
1134803349,TX,66252,TXS001,78666
1154991255,TX,66252,TXS001,78666
1164579595,TX,66252,TXS001,78666
1174207112,TX,66252,TXS001,78666
1205194537,TX,66252,TXS001,78666
1295374601,TX,66252,TXS001,78666
1407422520,TX,66252,TXS001,78666
1417278086,TX,66252,TXS001,78666
1457856676,TX,66252,TXS001,78666
1457974909,TX,66252,TXS001,78666
1467487702,TX,66252,TXS001,78666
1477119287,TX,66252,TXS001,78666
1528016557,TX,66252,TXS001,78666
1528112646,TX,66252,TXS001,78666
1548551427,TX,66252,TXS001,78666
1558869875,TX,66252,TXS001,78666
1568694834,TX,66252,TXS001,78666
1619609468,TX,66252,TXS001,78666
1669457388,TX,66252,TXS001,78666
1689660805,TX,66252,TXS001,78666
1699271833,TX,66252,TXS001,78666
1730370578,TX,66252,TXS001,78666
1770222317,TX,66252,TXS001,78666
1790169662,TX,66252,TXS001,78666
1861477952,TX,66252,TXS001,78666
1902281660,TX,66252,TXS001,78666
1962871624,TX,66252,TXS001,78666
1245861160,TX,66252,TXS001,78666
1720074719,TX,66252,TXS001,78666
1003445263,MI,58594,MIS001,49444
1013438886,MI,58594,MIS001,49444
1013989177,MI,58594,MIS001,49444
1023000189,MI,58594,MIS001,49444
1023129517,MI,58594,MIS001,49444
1023374048,MI,58594,MIS001,49444
1033200720,MI,58594,MIS001,49444
1033544796,MI,58594,MIS001,49444
1043474919,MI,58594,MIS001,49444
1053793471,MI,58594,MIS001,49444
1053947176,MI,58594,MIS001,49444
1073549044,MI,58594,MIS001,49444
1073550034,MI,58594,MIS001,49444
1083156723,MI,58594,MIS001,49444
1093200081,MI,58594,MIS001,49444
1093226920,MI,58594,MIS001,49444
1093412215,MI,58594,MIS001,49444
1093755167,MI,58594,MIS001,49444
1104459718,MI,58594,MIS001,49444
1114361649,MI,58594,MIS001,49444
1114436391,MI,58594,MIS001,49444
1124012521,MI,58594,MIS001,49444
1124686365,MI,58594,MIS001,49444
1154391589,MI,58594,MIS001,49444
1154816882,MI,58594,MIS001,49444
1164862033,MI,58594,MIS001,49444
1174087084,MI,58594,MIS001,49444
1174741409,MI,58594,MIS001,49444
1174758262,MI,58594,MIS001,49444
1184601841,MI,58594,MIS001,49444
1194044636,MI,58594,MIS001,49444
1194163279,MI,58594,MIS001,49444
1194298794,MI,58594,MIS001,49444
1194354787,MI,58594,MIS001,49444
1194788943,MI,58594,MIS001,49444
1205155710,MI,58594,MIS001,49444
1205175593,MI,58594,MIS001,49444
1215220330,MI,58594,MIS001,49444
1215257134,MI,58594,MIS001,49444
1225310774,MI,58594,MIS001,49444
1225474174,MI,58594,MIS001,49444
1235220914,MI,58594,MIS001,49444
1235385964,MI,58594,MIS001,49444
1235579954,MI,58594,MIS001,49444
1235851122,MI,58594,MIS001,49444
1255548442,MI,58594,MIS001,49444
1265608707,MI,58594,MIS001,49444
1275748212,MI,58594,MIS001,49444
1285094706,MI,58594,MIS001,49444
1285615443,MI,58594,MIS001,49444
1285658955,MI,58594,MIS001,49444
1295051977,MI,58594,MIS001,49444
1295985034,MI,58594,MIS001,49444
1306026133,MI,58594,MIS001,49444
1306145990,MI,58594,MIS001,49444
1306809546,MI,58594,MIS001,49444
1306858048,MI,58594,MIS001,49444
1326131335,MI,58594,MIS001,49444
1336361138,MI,58594,MIS001,49444
1346477973,MI,58594,MIS001,49444
1356776207,MI,58594,MIS001,49444
1356909501,MI,58594,MIS001,49444
1366768756,MI,58594,MIS001,49444
1396965356,MI,58594,MIS001,49444
1437599727,MI,58594,MIS001,49444
1457579849,MI,58594,MIS001,49444
1457900219,MI,58594,MIS001,49444
1457974784,MI,58594,MIS001,49444
1467618546,MI,58594,MIS001,49444
1467656272,MI,58594,MIS001,49444
1467937102,MI,58594,MIS001,49444
1467980441,MI,58594,MIS001,49444
1487617338,MI,58594,MIS001,49444
1497301311,MI,58594,MIS001,49444
1508091364,MI,58594,MIS001,49444
1508295973,MI,58594,MIS001,49444
1528552122,MI,58594,MIS001,49444
1528773033,MI,58594,MIS001,49444
1538659180,MI,58594,MIS001,49444
1538708227,MI,58594,MIS001,49444
1538778352,MI,58594,MIS001,49444
1548575491,MI,58594,MIS001,49444
1548800113,MI,58594,MIS001,49444
1568959609,MI,58594,MIS001,49444
1578798096,MI,58594,MIS001,49444
1578832325,MI,58594,MIS001,49444
1578915187,MI,58594,MIS001,49444
1588379762,MI,58594,MIS001,49444
1619900412,MI,58594,MIS001,49444
1629707021,MI,58594,MIS001,49444
1649583063,MI,58594,MIS001,49444
1649663493,MI,58594,MIS001,49444
1649704495,MI,58594,MIS001,49444
1659369726,MI,58594,MIS001,49444
1659583888,MI,58594,MIS001,49444
1659722627,MI,58594,MIS001,49444
1679028591,MI,58594,MIS001,49444
1689600827,MI,58594,MIS001,49444
1689613952,MI,58594,MIS001,49444
1699241588,MI,58594,MIS001,49444
1700415965,MI,58594,MIS001,49444
1700801081,MI,58594,MIS001,49444
1710951827,MI,58594,MIS001,49444
1720572340,MI,58594,MIS001,49444
1730471368,MI,58594,MIS001,49444
1740282904,MI,58594,MIS001,49444
1740799451,MI,58594,MIS001,49444
1750516191,MI,58594,MIS001,49444
1750648945,MI,58594,MIS001,49444
1750897245,MI,58594,MIS001,49444
1780653659,MI,58594,MIS001,49444
1790103737,MI,58594,MIS001,49444
1790778397,MI,58594,MIS001,49444
1811323777,MI,58594,MIS001,49444
1811357924,MI,58594,MIS001,49444
1811697758,MI,58594,MIS001,49444
1821044280,MI,58594,MIS001,49444
1851741854,MI,58594,MIS001,49444
1851974075,MI,58594,MIS001,49444
1861484636,MI,58594,MIS001,49444
1871574046,MI,58594,MIS001,49444
1871587287,MI,58594,MIS001,49444
1881078137,MI,58594,MIS001,49444
1881189520,MI,58594,MIS001,49444
1891101416,MI,58594,MIS001,49444
1891154621,MI,58594,MIS001,49444
1902342298,MI,58594,MIS001,49444
1912366386,MI,58594,MIS001,49444
1912951211,MI,58594,MIS001,49444
1922444389,MI,58594,MIS001,49444
1952783888,MI,58594,MIS001,49444
1962847756,MI,58594,MIS001,49444
1982287256,MI,58594,MIS001,49444
1992467526,MI,58594,MIS001,49444
1013604966,MI,58594,MIS001,49444
1073904983,MI,58594,MIS001,49444
1083280101,MI,58594,MIS001,49444
1154934842,MI,58594,MIS001,49444
1205465143,MI,58594,MIS001,49444
1295229482,MI,58594,MIS001,49444
1396194288,MI,58594,MIS001,49444
1598964447,MI,58594,MIS001,49444
1891193710,MI,58594,MIS001,49444
1952189482,MI,58594,MIS001,49444
1164986352,MI,58594,MIS001,49444
1386982148,MI,58594,MIS001,49444
1447948211,MI,58594,MIS001,49444
1720713027,MI,58594,MIS001,49444
1003217860,MI,58594,MIS001,49444
1083701361,MI,58594,MIS001,49444
1174044259,MI,58594,MIS001,49444
1275547770,MI,58594,MIS001,49444
1285129643,MI,58594,MIS001,49444
1306236302,MI,58594,MIS001,49444
1336181981,MI,58594,MIS001,49444
1437462942,MI,58594,MIS001,49444
1467733063,MI,58594,MIS001,49444
1558836650,MI,58594,MIS001,49444
1578199477,MI,58594,MIS001,49444
1619629532,MI,58594,MIS001,49444
1639217896,MI,58594,MIS001,49444
1669258604,MI,58594,MIS001,49444
1689047227,MI,58594,MIS001,49444
1720247299,MI,58594,MIS001,49444
1780846980,MI,58594,MIS001,49444
1851545255,MI,58594,MIS001,49444
1861744005,MI,58594,MIS001,49444
1861874927,MI,58594,MIS001,49444
1881470474,MI,58594,MIS001,49444
1881632305,MI,58594,MIS001,49444
1902286248,MI,58594,MIS001,49444
1912928110,MI,58594,MIS001,49444
1932403037,MI,58594,MIS001,49444
1952187700,MI,58594,MIS001,49444
1952758930,MI,58594,MIS001,49444
1093367013,MI,58594,MIS001,49444
1346862075,MI,58594,MIS001,49444
1356867733,MI,58594,MIS001,49444
1407083629,MI,58594,MIS001,49444
1679016638,MI,58594,MIS001,49444
1710531264,MI,58594,MIS001,49444
1881266153,MI,58594,MIS001,49444
1922759703,MI,58594,MIS001,49444
1962954396,MI,58594,MIS001,49444
1992041024,MI,58594,MIS001,49444
1003805607,MI,58594,MIS001,49444
1063905396,MI,58594,MIS001,49444
1104866839,MI,58594,MIS001,49444
1114980661,MI,58594,MIS001,49444
1124273958,MI,58594,MIS001,49444
1124591201,MI,58594,MIS001,49444
1134513930,MI,58594,MIS001,49444
1174551915,MI,58594,MIS001,49444
1184687147,MI,58594,MIS001,49444
1205926268,MI,58594,MIS001,49444
1205995057,MI,58594,MIS001,49444
1215151568,MI,58594,MIS001,49444
1215475967,MI,58594,MIS001,49444
1225478969,MI,58594,MIS001,49444
1275637811,MI,58594,MIS001,49444
1275702102,MI,58594,MIS001,49444
1275983108,MI,58594,MIS001,49444
1306353222,MI,58594,MIS001,49444
1306835087,MI,58594,MIS001,49444
1316300486,MI,58594,MIS001,49444
1326420159,MI,58594,MIS001,49444
1346496759,MI,58594,MIS001,49444
1346506318,MI,58594,MIS001,49444
1356009369,MI,58594,MIS001,49444
1356534572,MI,58594,MIS001,49444
1366846198,MI,58594,MIS001,49444
1376703868,MI,58594,MIS001,49444
1407940190,MI,58594,MIS001,49444
1417563073,MI,58594,MIS001,49444
1427027473,MI,58594,MIS001,49444
1427189620,MI,58594,MIS001,49444
1477522670,MI,58594,MIS001,49444
1477525681,MI,58594,MIS001,49444
1518294495,MI,58594,MIS001,49444
1518533207,MI,58594,MIS001,49444
1558652727,MI,58594,MIS001,49444
1578074654,MI,58594,MIS001,49444
1598728016,MI,58594,MIS001,49444
1619208881,MI,58594,MIS001,49444
1649790494,MI,58594,MIS001,49444
1710457718,MI,58594,MIS001,49444
1750382735,MI,58594,MIS001,49444
1770505638,MI,58594,MIS001,49444
1770546194,MI,58594,MIS001,49444
1790709632,MI,58594,MIS001,49444
1801247739,MI,58594,MIS001,49444
1801268677,MI,58594,MIS001,49444
1811342421,MI,58594,MIS001,49444
1821599374,MI,58594,MIS001,49444
1831568609,MI,58594,MIS001,49444
1851549901,MI,58594,MIS001,49444
1871581355,MI,58594,MIS001,49444
1881225084,MI,58594,MIS001,49444
1881692077,MI,58594,MIS001,49444
1902240765,MI,58594,MIS001,49444
1912919630,MI,58594,MIS001,49444
1922087436,MI,58594,MIS001,49444
1932736816,MI,58594,MIS001,49444
1942200993,MI,58594,MIS001,49444
1942560487,MI,58594,MIS001,49444
1952077489,MI,58594,MIS001,49444
1952690257,MI,58594,MIS001,49444
1962843813,MI,58594,MIS001,49444
1972116895,MI,58594,MIS001,49444
1972527778,MI,58594,MIS001,49444
1972560308,MI,58594,MIS001,49444
1972589240,MI,58594,MIS001,49444
1982628848,MI,58594,MIS001,49444
1992307151,MI,58594,MIS001,49444
1992364731,MI,58594,MIS001,49444
1932198785,MI,58594,MIS001,49444
1427825405,OR,71287,ORS004,97401
1720708886,OR,71287,ORS004,97401
1427825405,OR,71287,ORS001,97401
1720708886,OR,71287,ORS001,97401
1609964931,OR,71287,ORS004,97370
1225337868,OR,56707,ORS002,97132
1134625502,MI,29698,MIS007,49230
1194244210,MI,29698,MIS007,49230
1215904255,MI,29698,MIS007,49230
1326515784,MI,29698,MIS007,49230
1457437469,MI,29698,MIS007,49230
1851820518,MI,29698,MIS007,49230
1891314795,MI,29698,MIS007,49230
1487926127,OR,56707,ORS002,97132
1235154212,OR,71287,ORS004,97477
1366490914,OR,71287,ORS004,97477
1538492442,OR,71287,ORS004,97477
1720405145,OR,71287,ORS004,97477
1770058224,OR,71287,ORS004,97477
1811926223,OR,71287,ORS004,97477
1033645213,OR,71287,ORS004,97401
1083807077,OR,71287,ORS004,97401
1104282102,OR,71287,ORS004,97401
1124428032,OR,71287,ORS004,97401
1124683941,OR,71287,ORS004,97401
1134850043,OR,71287,ORS004,97401
1194799718,OR,71287,ORS004,97401
1205369485,OR,71287,ORS004,97401
1265809966,OR,71287,ORS004,97401
1265899710,OR,71287,ORS004,97401
1306461496,OR,71287,ORS004,97401
1306481916,OR,71287,ORS004,97401
1316188857,OR,71287,ORS004,97401
1407960388,OR,71287,ORS004,97401
1417307042,OR,71287,ORS004,97401
1447706841,OR,71287,ORS004,97401
1508099433,OR,71287,ORS004,97401
1518942093,OR,71287,ORS004,97401
1528451911,OR,71287,ORS004,97401
1588093264,OR,71287,ORS004,97401
1639102619,OR,71287,ORS004,97401
1669785820,OR,71287,ORS004,97401
1689044026,OR,71287,ORS004,97401
1689833196,OR,71287,ORS004,97401
1750876868,OR,71287,ORS004,97401
1760730907,OR,71287,ORS004,97401
1760863369,OR,71287,ORS004,97401
1790125649,OR,71287,ORS004,97401
1821067703,OR,71287,ORS004,97401
1871896894,OR,71287,ORS004,97401
1891185286,OR,71287,ORS004,97401
1942278817,OR,71287,ORS004,97401
1962114074,OR,71287,ORS004,97401
1972021707,OR,71287,ORS004,97401
1477846608,OR,71287,ORS004,97401
1043654015,OR,71287,ORS004,97401
1083813844,OR,71287,ORS004,97401
1083928683,OR,71287,ORS004,97401
1104825645,OR,71287,ORS004,97401
1124075122,OR,71287,ORS004,97401
1194848697,OR,71287,ORS004,97401
1225418361,OR,71287,ORS004,97401
1265478499,OR,71287,ORS004,97401
1306266515,OR,71287,ORS004,97401
1326084377,OR,71287,ORS004,97401
1346277399,OR,71287,ORS004,97401
1407871163,OR,71287,ORS004,97401
1417397738,OR,71287,ORS004,97401
1477733574,OR,71287,ORS004,97401
1497787485,OR,71287,ORS004,97401
1508030909,OR,71287,ORS004,97401
1558484238,OR,71287,ORS004,97401
1659683928,OR,71287,ORS004,97401
1679571814,OR,71287,ORS004,97401
1699038216,OR,71287,ORS004,97401
1730443201,OR,71287,ORS004,97401
1801978481,OR,71287,ORS004,97401
1841467347,OR,71287,ORS004,97401
1851517999,OR,71287,ORS004,97401
1881630861,OR,71287,ORS004,97401
1942763420,OR,71287,ORS004,97401
1265710537,OR,71287,ORS004,97401
1093176083,OR,71287,ORS004,97401
1609964931,OR,71287,ORS001,97370
1235154212,OR,71287,ORS001,97477
1366490914,OR,71287,ORS001,97477
1538492442,OR,71287,ORS001,97477
1720405145,OR,71287,ORS001,97477
1770058224,OR,71287,ORS001,97477
1811926223,OR,71287,ORS001,97477
1033645213,OR,71287,ORS001,97401
1083807077,OR,71287,ORS001,97401
1104282102,OR,71287,ORS001,97401
1124428032,OR,71287,ORS001,97401
1124683941,OR,71287,ORS001,97401
1134850043,OR,71287,ORS001,97401
1194799718,OR,71287,ORS001,97401
1205369485,OR,71287,ORS001,97401
1265809966,OR,71287,ORS001,97401
1265899710,OR,71287,ORS001,97401
1306461496,OR,71287,ORS001,97401
1306481916,OR,71287,ORS001,97401
1316188857,OR,71287,ORS001,97401
1407960388,OR,71287,ORS001,97401
1417307042,OR,71287,ORS001,97401
1447706841,OR,71287,ORS001,97401
1508099433,OR,71287,ORS001,97401
1518942093,OR,71287,ORS001,97401
1528451911,OR,71287,ORS001,97401
1588093264,OR,71287,ORS001,97401
1639102619,OR,71287,ORS001,97401
1669785820,OR,71287,ORS001,97401
1689044026,OR,71287,ORS001,97401
1689833196,OR,71287,ORS001,97401
1750876868,OR,71287,ORS001,97401
1760730907,OR,71287,ORS001,97401
1760863369,OR,71287,ORS001,97401
1790125649,OR,71287,ORS001,97401
1821067703,OR,71287,ORS001,97401
1871896894,OR,71287,ORS001,97401
1891185286,OR,71287,ORS001,97401
1942278817,OR,71287,ORS001,97401
1962114074,OR,71287,ORS001,97401
1972021707,OR,71287,ORS001,97401
1477846608,OR,71287,ORS001,97401
1043654015,OR,71287,ORS001,97401
1083813844,OR,71287,ORS001,97401
1083928683,OR,71287,ORS001,97401
1104825645,OR,71287,ORS001,97401
1124075122,OR,71287,ORS001,97401
1194848697,OR,71287,ORS001,97401
1225418361,OR,71287,ORS001,97401
1265478499,OR,71287,ORS001,97401
1306266515,OR,71287,ORS001,97401
1326084377,OR,71287,ORS001,97401
1346277399,OR,71287,ORS001,97401
1407871163,OR,71287,ORS001,97401
1417397738,OR,71287,ORS001,97401
1477733574,OR,71287,ORS001,97401
1497787485,OR,71287,ORS001,97401
1508030909,OR,71287,ORS001,97401
1558484238,OR,71287,ORS001,97401
1659683928,OR,71287,ORS001,97401
1679571814,OR,71287,ORS001,97401
1699038216,OR,71287,ORS001,97401
1730443201,OR,71287,ORS001,97401
1801978481,OR,71287,ORS001,97401
1841467347,OR,71287,ORS001,97401
1851517999,OR,71287,ORS001,97401
1881630861,OR,71287,ORS001,97401
1942763420,OR,71287,ORS001,97401
1265710537,OR,71287,ORS001,97401
1093176083,OR,71287,ORS001,97401
1942778162,TX,66252,TXS002,78666
1003480930,MI,29698,MIS005,49068
1013460567,MI,29698,MIS005,49068
1013963180,MI,29698,MIS005,49068
1013988294,MI,29698,MIS005,49068
1023456159,MI,29698,MIS005,49068
1033286554,MI,29698,MIS005,49068
1053382234,MI,29698,MIS005,49068
1063487197,MI,29698,MIS005,49068
1114145133,MI,29698,MIS005,49068
1114280294,MI,29698,MIS005,49068
1124099395,MI,29698,MIS005,49068
1124706676,MI,29698,MIS005,49068
1134190275,MI,29698,MIS005,49068
1134742323,MI,29698,MIS005,49068
1144209420,MI,29698,MIS005,49068
1144743485,MI,29698,MIS005,49068
1154392363,MI,29698,MIS005,49068
1154998797,MI,29698,MIS005,49068
1164610960,MI,29698,MIS005,49068
1164733887,MI,29698,MIS005,49068
1184028656,MI,29698,MIS005,49068
1194271411,MI,29698,MIS005,49068
1205216330,MI,29698,MIS005,49068
1205474517,MI,29698,MIS005,49068
1225139256,MI,29698,MIS005,49068
1225596125,MI,29698,MIS005,49068
1225660061,MI,29698,MIS005,49068
1225673387,MI,29698,MIS005,49068
1235146150,MI,29698,MIS005,49068
1235594342,MI,29698,MIS005,49068
1265403398,MI,29698,MIS005,49068
1265532089,MI,29698,MIS005,49068
1275504458,MI,29698,MIS005,49068
1285805291,MI,29698,MIS005,49068
1306499108,MI,29698,MIS005,49068
1336110527,MI,29698,MIS005,49068
1356366819,MI,29698,MIS005,49068
1417362039,MI,29698,MIS005,49068
1417928532,MI,29698,MIS005,49068
1437260650,MI,29698,MIS005,49068
1437476355,MI,29698,MIS005,49068
1447745237,MI,29698,MIS005,49068
1447796263,MI,29698,MIS005,49068
1487614343,MI,29698,MIS005,49068
1518378587,MI,29698,MIS005,49068
1518587591,MI,29698,MIS005,49068
1548586548,MI,29698,MIS005,49068
1558646976,MI,29698,MIS005,49068
1558930875,MI,29698,MIS005,49068
1578527099,MI,29698,MIS005,49068
1578773032,MI,29698,MIS005,49068
1609351857,MI,29698,MIS005,49068
1619545647,MI,29698,MIS005,49068
1619923976,MI,29698,MIS005,49068
1619948726,MI,29698,MIS005,49068
1619997160,MI,29698,MIS005,49068
1639105612,MI,29698,MIS005,49068
1639301724,MI,29698,MIS005,49068
1639669591,MI,29698,MIS005,49068
1649227604,MI,29698,MIS005,49068
1659347748,MI,29698,MIS005,49068
1659919702,MI,29698,MIS005,49068
1669026415,MI,29698,MIS005,49068
1669479234,MI,29698,MIS005,49068
1669498200,MI,29698,MIS005,49068
1669675286,MI,29698,MIS005,49068
1679138325,MI,29698,MIS005,49068
1689325797,MI,29698,MIS005,49068
1689645707,MI,29698,MIS005,49068
1699160994,MI,29698,MIS005,49068
1699235218,MI,29698,MIS005,49068
1699769315,MI,29698,MIS005,49068
1699970566,MI,29698,MIS005,49068
1700977154,MI,29698,MIS005,49068
1710275177,MI,29698,MIS005,49068
1720298359,MI,29698,MIS005,49068
1750953741,MI,29698,MIS005,49068
1770189375,MI,29698,MIS005,49068
1770770216,MI,29698,MIS005,49068
1770832982,MI,29698,MIS005,49068
1780071340,MI,29698,MIS005,49068
1780683565,MI,29698,MIS005,49068
1801024781,MI,29698,MIS005,49068
1811530009,MI,29698,MIS005,49068
1821188616,MI,29698,MIS005,49068
1821317991,MI,29698,MIS005,49068
1831135268,MI,29698,MIS005,49068
1831887561,MI,29698,MIS005,49068
1851337430,MI,29698,MIS005,49068
1861433211,MI,29698,MIS005,49068
1861923047,MI,29698,MIS005,49068
1881122257,MI,29698,MIS005,49068
1891207379,MI,29698,MIS005,49068
1912950197,MI,29698,MIS005,49068
1922362656,MI,29698,MIS005,49068
1922599497,MI,29698,MIS005,49068
1932316429,MI,29698,MIS005,49068
1942513353,MI,29698,MIS005,49068
1942614623,MI,29698,MIS005,49068
1962477794,MI,29698,MIS005,49068
1962956409,MI,29698,MIS005,49068
1982902854,MI,29698,MIS005,49068
1679135958,MI,29698,MIS005,49068
1023296050,MI,29698,MIS005,49068
1043260821,MI,29698,MIS005,49068
1154524338,MI,29698,MIS005,49068
1184673709,MI,29698,MIS005,49068
1396864401,MI,29698,MIS005,49068
1508816380,MI,29698,MIS005,49068
1922057546,MI,29698,MIS005,49068
1205876513,MI,29698,MIS005,49068
1023463312,MI,29698,MIS005,49068
1053803965,MI,29698,MIS005,49068
1316137367,MI,29698,MIS005,49068
1497281323,MI,29698,MIS005,49068
1881124816,MI,29698,MIS005,49068
1003860396,MI,29698,MIS005,49068
1053400291,MI,29698,MIS005,49068
1104811678,MI,29698,MIS005,49068
1124001771,MI,29698,MIS005,49068
1124388822,MI,29698,MIS005,49068
1215969241,MI,29698,MIS005,49068
1336808948,MI,29698,MIS005,49068
1568773588,MI,29698,MIS005,49068
1730876590,MI,29698,MIS005,49068
1801986914,MI,29698,MIS005,49068
1811540800,MI,29698,MIS005,49068
1942300454,MI,29698,MIS005,49068
1962128512,MI,29698,MIS005,49068
1942778162,TX,66252,TXS001,78666
1053984609,MI,29698,MIS005,49037
1417608621,MI,29698,MIS005,49037
1437398831,MI,29698,MIS005,49037
1700992484,MI,29698,MIS005,49037
1780888503,MI,58594,MIS001,48647
1821151598,MI,29698,MIS007,49201
1912985615,MI,29698,MIS007,49201
1013232453,MI,58594,MIS001,49412
1033269816,MI,58594,MIS001,49412
1033594932,MI,58594,MIS001,49412
1043410145,MI,58594,MIS001,49412
1093023228,MI,58594,MIS001,49412
1114169570,MI,58594,MIS001,49412
1134244544,MI,58594,MIS001,49412
1164631818,MI,58594,MIS001,49412
1174761837,MI,58594,MIS001,49412
1184831869,MI,58594,MIS001,49412
1215928684,MI,58594,MIS001,49412
1235392598,MI,58594,MIS001,49412
1306048442,MI,58594,MIS001,49412
1366460172,MI,58594,MIS001,49412
1407015084,MI,58594,MIS001,49412
1457779274,MI,58594,MIS001,49412
1487697421,MI,58594,MIS001,49412
1497791610,MI,58594,MIS001,49412
1508241498,MI,58594,MIS001,49412
1518086230,MI,58594,MIS001,49412
1518321819,MI,58594,MIS001,49412
1528049111,MI,58594,MIS001,49412
1528247590,MI,58594,MIS001,49412
1538109574,MI,58594,MIS001,49412
1598980773,MI,58594,MIS001,49412
1609054394,MI,58594,MIS001,49412
1639445844,MI,58594,MIS001,49412
1659545440,MI,58594,MIS001,49412
1669671772,MI,58594,MIS001,49412
1669793253,MI,58594,MIS001,49412
1679692206,MI,58594,MIS001,49412
1689360265,MI,58594,MIS001,49412
1700147873,MI,58594,MIS001,49412
1710450259,MI,58594,MIS001,49412
1740539733,MI,58594,MIS001,49412
1760648364,MI,58594,MIS001,49412
1760703284,MI,58594,MIS001,49412
1770782716,MI,58594,MIS001,49412
1780070870,MI,58594,MIS001,49412
1790943330,MI,58594,MIS001,49412
1801001011,MI,58594,MIS001,49412
1801214226,MI,58594,MIS001,49412
1831180231,MI,58594,MIS001,49412
1831189448,MI,58594,MIS001,49412
1851497424,MI,58594,MIS001,49412
1902969546,MI,58594,MIS001,49412
1144879875,MI,58594,MIS001,49412
1154352466,MI,58594,MIS001,49412
1265750632,MI,58594,MIS001,49412
1366195406,MI,58594,MIS001,49412
1386699692,MI,58594,MIS001,49412
1659619823,MI,58594,MIS001,49412
1992252795,MI,58594,MIS001,49412
1013294222,MI,58594,MIS001,49412
1023009453,MI,58594,MIS001,49412
1043692932,MI,58594,MIS001,49412
1063112324,MI,58594,MIS001,49412
1073888459,MI,58594,MIS001,49412
1093022386,MI,58594,MIS001,49412
1093958621,MI,58594,MIS001,49412
1124451927,MI,58594,MIS001,49412
1144489287,MI,58594,MIS001,49412
1275513079,MI,58594,MIS001,49412
1346443769,MI,58594,MIS001,49412
1356399281,MI,58594,MIS001,49412
1407030307,MI,58594,MIS001,49412
1427499029,MI,58594,MIS001,49412
1427762442,MI,58594,MIS001,49412
1588016448,MI,58594,MIS001,49412
1588088801,MI,58594,MIS001,49412
1588674188,MI,58594,MIS001,49412
1689394660,MI,58594,MIS001,49412
1710207535,MI,58594,MIS001,49412
1841726965,MI,58594,MIS001,49412
1861919722,MI,58594,MIS001,49412
1942639844,MI,58594,MIS001,49412
1942885215,MI,58594,MIS001,49412
1992298681,MI,58594,MIS001,49412
1932470929,MI,58594,MIS001,49456
1023013620,OR,71287,ORS004,97355
1245649474,OR,71287,ORS004,97355
1477220697,OR,71287,ORS004,97355
1508160524,OR,71287,ORS004,97355
1841944238,OR,71287,ORS004,97355
1063820041,OR,71287,ORS004,97401
1073560009,OR,71287,ORS004,97401
1104341007,OR,71287,ORS004,97401
1144393133,OR,71287,ORS004,97401
1164535118,OR,71287,ORS004,97401
1215607288,OR,71287,ORS004,97401
1225468036,OR,71287,ORS004,97401
1265739742,OR,71287,ORS004,97401
1275533945,OR,71287,ORS004,97401
1295138444,OR,71287,ORS004,97401
1306015417,OR,71287,ORS004,97401
1326730615,OR,71287,ORS004,97401
1336625078,OR,71287,ORS004,97401
1336692813,OR,71287,ORS004,97401
1336903954,OR,71287,ORS004,97401
1356452031,OR,71287,ORS004,97401
1396320396,OR,71287,ORS004,97401
1417298381,OR,71287,ORS004,97401
1427805282,OR,71287,ORS004,97401
1437928678,OR,71287,ORS004,97401
1467565408,OR,71287,ORS004,97401
1588971188,OR,71287,ORS004,97401
1598019747,OR,71287,ORS004,97401
1699154336,OR,71287,ORS004,97401
1700217064,OR,71287,ORS004,97401
1760012165,OR,71287,ORS004,97401
1851849954,OR,71287,ORS004,97401
1891972568,OR,71287,ORS004,97401
1922587450,OR,71287,ORS004,97401
1992317507,OR,71287,ORS004,97401
1023013620,OR,71287,ORS001,97355
1245649474,OR,71287,ORS001,97355
1477220697,OR,71287,ORS001,97355
1508160524,OR,71287,ORS001,97355
1841944238,OR,71287,ORS001,97355
1063820041,OR,71287,ORS001,97401
1073560009,OR,71287,ORS001,97401
1104341007,OR,71287,ORS001,97401
1144393133,OR,71287,ORS001,97401
1164535118,OR,71287,ORS001,97401
1215607288,OR,71287,ORS001,97401
1225468036,OR,71287,ORS001,97401
1265739742,OR,71287,ORS001,97401
1275533945,OR,71287,ORS001,97401
1295138444,OR,71287,ORS001,97401
1306015417,OR,71287,ORS001,97401
1326730615,OR,71287,ORS001,97401
1336625078,OR,71287,ORS001,97401
1336692813,OR,71287,ORS001,97401
1336903954,OR,71287,ORS001,97401
1356452031,OR,71287,ORS001,97401
1396320396,OR,71287,ORS001,97401
1417298381,OR,71287,ORS001,97401
1427805282,OR,71287,ORS001,97401
1437928678,OR,71287,ORS001,97401
1467565408,OR,71287,ORS001,97401
1588971188,OR,71287,ORS001,97401
1598019747,OR,71287,ORS001,97401
1699154336,OR,71287,ORS001,97401
1700217064,OR,71287,ORS001,97401
1760012165,OR,71287,ORS001,97401
1851849954,OR,71287,ORS001,97401
1891972568,OR,71287,ORS001,97401
1922587450,OR,71287,ORS001,97401
1992317507,OR,71287,ORS001,97401
1003823022,OR,71287,ORS004,97477
1023351418,OR,71287,ORS004,97477
1063572238,OR,71287,ORS004,97477
1093177321,OR,71287,ORS004,97477
1104801356,OR,71287,ORS004,97477
1114485190,OR,71287,ORS004,97477
1144431883,OR,71287,ORS004,97477
1144544248,OR,71287,ORS004,97477
1174540751,OR,71287,ORS004,97477
1205037587,OR,71287,ORS004,97477
1235441833,OR,71287,ORS004,97477
1265545099,OR,71287,ORS004,97477
1306862206,OR,71287,ORS004,97477
1346300530,OR,71287,ORS004,97477
1356875728,OR,71287,ORS004,97477
1457842650,OR,71287,ORS004,97477
1497771182,OR,71287,ORS004,97477
1518978204,OR,71287,ORS004,97477
1558344952,OR,71287,ORS004,97477
1609130269,OR,71287,ORS004,97477
1619214871,OR,71287,ORS004,97477
1649330846,OR,71287,ORS004,97477
1730370743,OR,71287,ORS004,97477
1780604454,OR,71287,ORS004,97477
1801815519,OR,71287,ORS004,97477
1891008561,OR,71287,ORS004,97477
1891712477,OR,71287,ORS004,97477
1902212863,OR,71287,ORS004,97477
1982253290,OR,71287,ORS004,97477
1003823022,OR,71287,ORS001,97477
1023351418,OR,71287,ORS001,97477
1063572238,OR,71287,ORS001,97477
1093177321,OR,71287,ORS001,97477
1104801356,OR,71287,ORS001,97477
1114485190,OR,71287,ORS001,97477
1144431883,OR,71287,ORS001,97477
1144544248,OR,71287,ORS001,97477
1174540751,OR,71287,ORS001,97477
1205037587,OR,71287,ORS001,97477
1235441833,OR,71287,ORS001,97477
1265545099,OR,71287,ORS001,97477
1306862206,OR,71287,ORS001,97477
1346300530,OR,71287,ORS001,97477
1356875728,OR,71287,ORS001,97477
1457842650,OR,71287,ORS001,97477
1497771182,OR,71287,ORS001,97477
1518978204,OR,71287,ORS001,97477
1558344952,OR,71287,ORS001,97477
1609130269,OR,71287,ORS001,97477
1619214871,OR,71287,ORS001,97477
1649330846,OR,71287,ORS001,97477
1730370743,OR,71287,ORS001,97477
1780604454,OR,71287,ORS001,97477
1801815519,OR,71287,ORS001,97477
1891008561,OR,71287,ORS001,97477
1891712477,OR,71287,ORS001,97477
1902212863,OR,71287,ORS001,97477
1982253290,OR,71287,ORS001,97477
1063013837,MI,29698,MIS007,49230
1083744999,MI,29698,MIS007,49230
1114193356,MI,29698,MIS007,49230
1124072400,MI,29698,MIS007,49230
1134480957,MI,29698,MIS007,49230
1154030237,MI,29698,MIS007,49230
1295351500,MI,29698,MIS007,49230
1316634173,MI,29698,MIS007,49230
1407272206,MI,29698,MIS007,49230
1508913047,MI,29698,MIS007,49230
1538116561,MI,29698,MIS007,49230
1588248280,MI,29698,MIS007,49230
1659871838,MI,29698,MIS007,49230
1730812371,MI,29698,MIS007,49230
1760014690,MI,29698,MIS007,49230
1811413859,MI,29698,MIS007,49230
1871033837,MI,29698,MIS007,49230
1881345387,MI,29698,MIS007,49230
1922629286,MI,29698,MIS007,49230
1487151841,MI,29698,MIS007,49230
1558491357,MI,29698,MIS007,49230
1659332104,MI,29698,MIS007,49230
1720640741,MI,29698,MIS007,49230
1902926371,MI,29698,MIS007,49230
1003455981,MI,58594,MIS001,49412
1003842949,MI,58594,MIS001,49412
1013964550,MI,58594,MIS001,49412
1073111407,MI,58594,MIS001,49412
1104866086,MI,58594,MIS001,49412
1124321146,MI,58594,MIS001,49412
1124777966,MI,58594,MIS001,49412
1164472619,MI,58594,MIS001,49412
1184286106,MI,58594,MIS001,49412
1225559156,MI,58594,MIS001,49412
1235154840,MI,58594,MIS001,49412
1265483861,MI,58594,MIS001,49412
1336874247,MI,58594,MIS001,49412
1356371868,MI,58594,MIS001,49412
1366495756,MI,58594,MIS001,49412
1376659409,MI,58594,MIS001,49412
1407079536,MI,58594,MIS001,49412
1407815137,MI,58594,MIS001,49412
1477965242,MI,58594,MIS001,49412
1508875402,MI,58594,MIS001,49412
1518452580,MI,58594,MIS001,49412
1598271074,MI,58594,MIS001,49412
1619208881,MI,58594,MIS001,49412
1629563689,MI,58594,MIS001,49412
1639188428,MI,58594,MIS001,49412
1669843785,MI,58594,MIS001,49412
1750042677,MI,58594,MIS001,49412
1750901757,MI,58594,MIS001,49412
1811418106,MI,58594,MIS001,49412
1891357810,MI,58594,MIS001,49412
1912916743,MI,58594,MIS001,49412
1962414235,MI,58594,MIS001,49412
1437130499,MI,58594,MIS001,49412
1992365746,MI,58594,MIS001,49412
1003346636,MI,58594,MIS001,49412
1013328236,MI,58594,MIS001,49412
1013355007,MI,58594,MIS001,49412
1033260005,MI,58594,MIS001,49412
1033309380,MI,58594,MIS001,49412
1033552740,MI,58594,MIS001,49412
1043698988,MI,58594,MIS001,49412
1043728207,MI,58594,MIS001,49412
1053539007,MI,58594,MIS001,49412
1063436533,MI,58594,MIS001,49412
1083269641,MI,58594,MIS001,49412
1093240822,MI,58594,MIS001,49412
1093755167,MI,58594,MIS001,49412
1114303211,MI,58594,MIS001,49412
1114412418,MI,58594,MIS001,49412
1124400668,MI,58594,MIS001,49412
1134103732,MI,58594,MIS001,49412
1154832160,MI,58594,MIS001,49412
1164862025,MI,58594,MIS001,49412
1174052187,MI,58594,MIS001,49412
1174521116,MI,58594,MIS001,49412
1184007379,MI,58594,MIS001,49412
1194178178,MI,58594,MIS001,49412
1194445452,MI,58594,MIS001,49412
1205486156,MI,58594,MIS001,49412
1215979216,MI,58594,MIS001,49412
1265849541,MI,58594,MIS001,49412
1285131490,MI,58594,MIS001,49412
1295776441,MI,58594,MIS001,49412
1336268747,MI,58594,MIS001,49412
1336670165,MI,58594,MIS001,49412
1346463254,MI,58594,MIS001,49412
1356423933,MI,58594,MIS001,49412
1396950226,MI,58594,MIS001,49412
1427481498,MI,58594,MIS001,49412
1447244819,MI,58594,MIS001,49412
1447411004,MI,58594,MIS001,49412
1447442215,MI,58594,MIS001,49412
1447788757,MI,58594,MIS001,49412
1487174231,MI,58594,MIS001,49412
1487278834,MI,58594,MIS001,49412
1487854485,MI,58594,MIS001,49412
1497746952,MI,58594,MIS001,49412
1528403235,MI,58594,MIS001,49412
1548677263,MI,58594,MIS001,49412
1558488874,MI,58594,MIS001,49412
1588794770,MI,58594,MIS001,49412
1609217165,MI,58594,MIS001,49412
1619158359,MI,58594,MIS001,49412
1619329406,MI,58594,MIS001,49412
1649632720,MI,58594,MIS001,49412
1659504512,MI,58594,MIS001,49412
1669967964,MI,58594,MIS001,49412
1679912976,MI,58594,MIS001,49412
1679953848,MI,58594,MIS001,49412
1689194664,MI,58594,MIS001,49412
1700826880,MI,58594,MIS001,49412
1710197355,MI,58594,MIS001,49412
1710322110,MI,58594,MIS001,49412
1710968284,MI,58594,MIS001,49412
1720354723,MI,58594,MIS001,49412
1720425788,MI,58594,MIS001,49412
1730315474,MI,58594,MIS001,49412
1750049110,MI,58594,MIS001,49412
1760422786,MI,58594,MIS001,49412
1770600462,MI,58594,MIS001,49412
1770732414,MI,58594,MIS001,49412
1790162246,MI,58594,MIS001,49412
1790306058,MI,58594,MIS001,49412
1790766640,MI,58594,MIS001,49412
1801351762,MI,58594,MIS001,49412
1801823950,MI,58594,MIS001,49412
1821520545,MI,58594,MIS001,49412
1841672979,MI,58594,MIS001,49412
1851518682,MI,58594,MIS001,49412
1851984330,MI,58594,MIS001,49412
1871544551,MI,58594,MIS001,49412
1871987792,MI,58594,MIS001,49412
1881959161,MI,58594,MIS001,49412
1891767489,MI,58594,MIS001,49412
1891995536,MI,58594,MIS001,49412
1902338619,MI,58594,MIS001,49412
1902415193,MI,58594,MIS001,49412
1902668635,MI,58594,MIS001,49412
1942289798,MI,58594,MIS001,49412
1952694572,MI,58594,MIS001,49412
1952757817,MI,58594,MIS001,49412
1962721902,MI,58594,MIS001,49412
1982022901,MI,58594,MIS001,49412
1982780581,MI,58594,MIS001,49412
1992155824,MI,58594,MIS001,49412
1992997647,MI,58594,MIS001,49412
1134751977,MI,29698,MIS005,49068
1245789643,MI,29698,MIS005,49068
1598102824,MI,29698,MIS005,49068
1619574654,MI,29698,MIS005,49068
1821490459,MI,29698,MIS005,49068
1831203694,MI,29698,MIS005,49068
1669852711,MI,29698,MIS005,49068
1235752908,OR,71287,ORS004,97401
1003588005,OR,71287,ORS004,97401
1013614429,OR,71287,ORS004,97401
1033782305,OR,71287,ORS004,97401
1053600395,OR,71287,ORS004,97401
1063058352,OR,71287,ORS004,97401
1114023793,OR,71287,ORS004,97401
1154782282,OR,71287,ORS004,97401
1235329392,OR,71287,ORS004,97401
1265704803,OR,71287,ORS004,97401
1295803773,OR,71287,ORS004,97401
1306043252,OR,71287,ORS004,97401
1346817764,OR,71287,ORS004,97401
1376082826,OR,71287,ORS004,97401
1376241406,OR,71287,ORS004,97401
1417391608,OR,71287,ORS004,97401
1447346218,OR,71287,ORS004,97401
1467932020,OR,71287,ORS004,97401
1508587528,OR,71287,ORS004,97401
1518354711,OR,71287,ORS004,97401
1558454454,OR,71287,ORS004,97401
1639817091,OR,71287,ORS004,97401
1649031469,OR,71287,ORS004,97401
1649205402,OR,71287,ORS004,97401
1659009306,OR,71287,ORS004,97401
1659850287,OR,71287,ORS004,97401
1710642640,OR,71287,ORS004,97401
1730607086,OR,71287,ORS004,97401
1750746699,OR,71287,ORS004,97401
1780367003,OR,71287,ORS004,97401
1790159309,OR,71287,ORS004,97401
1801413893,OR,71287,ORS004,97401
1801533468,OR,71287,ORS004,97401
1841204161,OR,71287,ORS004,97401
1861250409,OR,71287,ORS004,97401
1902054844,OR,71287,ORS004,97401
1942677315,OR,71287,ORS004,97401
1962282137,OR,71287,ORS004,97401
1982339214,OR,71287,ORS004,97401
1134522048,OR,71287,ORS004,97405
1669257465,MI,29698,MIS007,49202
1235752908,OR,71287,ORS001,97401
1003588005,OR,71287,ORS001,97401
1013614429,OR,71287,ORS001,97401
1033782305,OR,71287,ORS001,97401
1053600395,OR,71287,ORS001,97401
1063058352,OR,71287,ORS001,97401
1114023793,OR,71287,ORS001,97401
1154782282,OR,71287,ORS001,97401
1235329392,OR,71287,ORS001,97401
1265704803,OR,71287,ORS001,97401
1295803773,OR,71287,ORS001,97401
1306043252,OR,71287,ORS001,97401
1346817764,OR,71287,ORS001,97401
1376082826,OR,71287,ORS001,97401
1376241406,OR,71287,ORS001,97401
1417391608,OR,71287,ORS001,97401
1447346218,OR,71287,ORS001,97401
1467932020,OR,71287,ORS001,97401
1508587528,OR,71287,ORS001,97401
1518354711,OR,71287,ORS001,97401
1558454454,OR,71287,ORS001,97401
1639817091,OR,71287,ORS001,97401
1649031469,OR,71287,ORS001,97401
1649205402,OR,71287,ORS001,97401
1659009306,OR,71287,ORS001,97401
1659850287,OR,71287,ORS001,97401
1710642640,OR,71287,ORS001,97401
1730607086,OR,71287,ORS001,97401
1750746699,OR,71287,ORS001,97401
1780367003,OR,71287,ORS001,97401
1790159309,OR,71287,ORS001,97401
1801413893,OR,71287,ORS001,97401
1801533468,OR,71287,ORS001,97401
1841204161,OR,71287,ORS001,97401
1861250409,OR,71287,ORS001,97401
1902054844,OR,71287,ORS001,97401
1942677315,OR,71287,ORS001,97401
1962282137,OR,71287,ORS001,97401
1982339214,OR,71287,ORS001,97401
1134522048,OR,71287,ORS001,97405
1003066218,MI,29698,MIS007,49201
1003201971,MI,29698,MIS007,49201
1003569195,MI,29698,MIS007,49201
1013142827,MI,29698,MIS007,49201
1013302397,MI,29698,MIS007,49201
1013392547,MI,29698,MIS007,49201
1013467786,MI,29698,MIS007,49201
1013906023,MI,29698,MIS007,49201
1013951029,MI,29698,MIS007,49201
1013958248,MI,29698,MIS007,49201
1023015682,MI,29698,MIS007,49201
1033110549,MI,29698,MIS007,49201
1033422795,MI,29698,MIS007,49201
1033800057,MI,29698,MIS007,49201
1043475148,MI,29698,MIS007,49201
1043621931,MI,29698,MIS007,49201
1043755424,MI,29698,MIS007,49201
1043872740,MI,29698,MIS007,49201
1063653673,MI,29698,MIS007,49201
1063774172,MI,29698,MIS007,49201
1063871838,MI,29698,MIS007,49201
1073139788,MI,29698,MIS007,49201
1073141024,MI,29698,MIS007,49201
1073346961,MI,29698,MIS007,49201
1073779435,MI,29698,MIS007,49201
1083651103,MI,29698,MIS007,49201
1083839625,MI,29698,MIS007,49201
1093030280,MI,29698,MIS007,49201
1093187353,MI,29698,MIS007,49201
1093195018,MI,29698,MIS007,49201
1093434870,MI,29698,MIS007,49201
1093795783,MI,29698,MIS007,49201
1104029693,MI,29698,MIS007,49201
1104209659,MI,29698,MIS007,49201
1104385061,MI,29698,MIS007,49201
1104846559,MI,29698,MIS007,49201
1114022001,MI,29698,MIS007,49201
1114457991,MI,29698,MIS007,49201
1124137104,MI,29698,MIS007,49201
1124327366,MI,29698,MIS007,49201
1124642095,MI,29698,MIS007,49201
1134625502,MI,29698,MIS007,49201
1154761567,MI,29698,MIS007,49201
1154842037,MI,29698,MIS007,49201
1154911675,MI,29698,MIS007,49201
1164862561,MI,29698,MIS007,49201
1164926754,MI,29698,MIS007,49201
1174012595,MI,29698,MIS007,49201
1174803357,MI,29698,MIS007,49201
1184076952,MI,29698,MIS007,49201
1184151631,MI,29698,MIS007,49201
1194127928,MI,29698,MIS007,49201
1194253807,MI,29698,MIS007,49201
1194306837,MI,29698,MIS007,49201
1194751693,MI,29698,MIS007,49201
1194779983,MI,29698,MIS007,49201
1194843110,MI,29698,MIS007,49201
1194901835,MI,29698,MIS007,49201
1205878238,MI,29698,MIS007,49201
1215139175,MI,29698,MIS007,49201
1215317235,MI,29698,MIS007,49201
1215339668,MI,29698,MIS007,49201
1215558317,MI,29698,MIS007,49201
1215904255,MI,29698,MIS007,49201
1225311665,MI,29698,MIS007,49201
1225716186,MI,29698,MIS007,49201
1235348400,MI,29698,MIS007,49201
1235759960,MI,29698,MIS007,49201
1245246446,MI,29698,MIS007,49201
1245646868,MI,29698,MIS007,49201
1255332490,MI,29698,MIS007,49201
1255372538,MI,29698,MIS007,49201
1255749735,MI,29698,MIS007,49201
1255937710,MI,29698,MIS007,49201
1265091045,MI,29698,MIS007,49201
1265639520,MI,29698,MIS007,49201
1275034209,MI,29698,MIS007,49201
1275043937,MI,29698,MIS007,49201
1295027472,MI,29698,MIS007,49201
1295143600,MI,29698,MIS007,49201
1295271633,MI,29698,MIS007,49201
1306089040,MI,29698,MIS007,49201
1306179494,MI,29698,MIS007,49201
1306254438,MI,29698,MIS007,49201
1306467287,MI,29698,MIS007,49201
1326015801,MI,29698,MIS007,49201
1326089848,MI,29698,MIS007,49201
1336922244,MI,29698,MIS007,49201
1346610722,MI,29698,MIS007,49201
1346692076,MI,29698,MIS007,49201
1356574909,MI,29698,MIS007,49201
1356681415,MI,29698,MIS007,49201
1366071888,MI,29698,MIS007,49201
1366408692,MI,29698,MIS007,49201
1366465528,MI,29698,MIS007,49201
1366797797,MI,29698,MIS007,49201
1376958835,MI,29698,MIS007,49201
1386262574,MI,29698,MIS007,49201
1386282358,MI,29698,MIS007,49201
1386498053,MI,29698,MIS007,49201
1396746889,MI,29698,MIS007,49201
1396907150,MI,29698,MIS007,49201
1407177884,MI,29698,MIS007,49201
1417423369,MI,29698,MIS007,49201
1417431578,MI,29698,MIS007,49201
1417565086,MI,29698,MIS007,49201
1427059534,MI,29698,MIS007,49201
1427109149,MI,29698,MIS007,49201
1427409788,MI,29698,MIS007,49201
1437116118,MI,29698,MIS007,49201
1437425717,MI,29698,MIS007,49201
1447626999,MI,29698,MIS007,49201
1447660212,MI,29698,MIS007,49201
1457319832,MI,29698,MIS007,49201
1457437469,MI,29698,MIS007,49201
1457772469,MI,29698,MIS007,49201
1467017699,MI,29698,MIS007,49201
1477592996,MI,29698,MIS007,49201
1477857324,MI,29698,MIS007,49201
1477947810,MI,29698,MIS007,49201
1487866976,MI,29698,MIS007,49201
1487920740,MI,29698,MIS007,49201
1497097174,MI,29698,MIS007,49201
1497388359,MI,29698,MIS007,49201
1497712129,MI,29698,MIS007,49201
1497764104,MI,29698,MIS007,49201
1497954598,MI,29698,MIS007,49201
1508412891,MI,29698,MIS007,49201
1508883570,MI,29698,MIS007,49201
1518067545,MI,29698,MIS007,49201
1518123298,MI,29698,MIS007,49201
1518495225,MI,29698,MIS007,49201
1538550397,MI,29698,MIS007,49201
1548210487,MI,29698,MIS007,49201
1548358500,MI,29698,MIS007,49201
1548735731,MI,29698,MIS007,49201
1548798192,MI,29698,MIS007,49201
1558781450,MI,29698,MIS007,49201
1558898403,MI,29698,MIS007,49201
1558919332,MI,29698,MIS007,49201
1558928010,MI,29698,MIS007,49201
1568922854,MI,29698,MIS007,49201
1578910733,MI,29698,MIS007,49201
1578934667,MI,29698,MIS007,49201
1588070197,MI,29698,MIS007,49201
1588871271,MI,29698,MIS007,49201
1588871826,MI,29698,MIS007,49201
1598250946,MI,29698,MIS007,49201
1598424418,MI,29698,MIS007,49201
1609261098,MI,29698,MIS007,49201
1609425149,MI,29698,MIS007,49201
1609833359,MI,29698,MIS007,49201
1619062163,MI,29698,MIS007,49201
1619952405,MI,29698,MIS007,49201
1629513072,MI,29698,MIS007,49201
1639146681,MI,29698,MIS007,49201
1639326705,MI,29698,MIS007,49201
1639510662,MI,29698,MIS007,49201
1639609597,MI,29698,MIS007,49201
1649387945,MI,29698,MIS007,49201
1659360675,MI,29698,MIS007,49201
1659386498,MI,29698,MIS007,49201
1659574317,MI,29698,MIS007,49201
1659655850,MI,29698,MIS007,49201
1669403903,MI,29698,MIS007,49201
1669791760,MI,29698,MIS007,49201
1669868154,MI,29698,MIS007,49201
1669944237,MI,29698,MIS007,49201
1679005037,MI,29698,MIS007,49201
1689033748,MI,29698,MIS007,49201
1689679714,MI,29698,MIS007,49201
1689812901,MI,29698,MIS007,49201
1689889636,MI,29698,MIS007,49201
1699843540,MI,29698,MIS007,49201
1700314846,MI,29698,MIS007,49201
1710079074,MI,29698,MIS007,49201
1710299961,MI,29698,MIS007,49201
1710544630,MI,29698,MIS007,49201
1720132004,MI,29698,MIS007,49201
1720338262,MI,29698,MIS007,49201
1720368145,MI,29698,MIS007,49201
1730529223,MI,29698,MIS007,49201
1730561804,MI,29698,MIS007,49201
1730574534,MI,29698,MIS007,49201
1740232685,MI,29698,MIS007,49201
1740664366,MI,29698,MIS007,49201
1740696400,MI,29698,MIS007,49201
1750519559,MI,29698,MIS007,49201
1750658084,MI,29698,MIS007,49201
1750709465,MI,29698,MIS007,49201
1750970083,MI,29698,MIS007,49201
1760486583,MI,29698,MIS007,49201
1770030611,MI,29698,MIS007,49201
1770847196,MI,29698,MIS007,49201
1780068650,MI,29698,MIS007,49201
1780631937,MI,29698,MIS007,49201
1780894725,MI,29698,MIS007,49201
1780912667,MI,29698,MIS007,49201
1790546620,MI,29698,MIS007,49201
1790725158,MI,29698,MIS007,49201
1790746998,MI,29698,MIS007,49201
1801195003,MI,29698,MIS007,49201
1801232434,MI,29698,MIS007,49201
1811030224,MI,29698,MIS007,49201
1811254956,MI,29698,MIS007,49201
1811301864,MI,29698,MIS007,49201
1811469208,MI,29698,MIS007,49201
1831319037,MI,29698,MIS007,49201
1831537265,MI,29698,MIS007,49201
1831684083,MI,29698,MIS007,49201
1831773886,MI,29698,MIS007,49201
1841801222,MI,29698,MIS007,49201
1851368922,MI,29698,MIS007,49201
1871139980,MI,29698,MIS007,49201
1871698639,MI,29698,MIS007,49201
1881045847,MI,29698,MIS007,49201
1881163293,MI,29698,MIS007,49201
1881852390,MI,29698,MIS007,49201
1891173696,MI,29698,MIS007,49201
1891931804,MI,29698,MIS007,49201
1902378185,MI,29698,MIS007,49201
1902397649,MI,29698,MIS007,49201
1902415193,MI,29698,MIS007,49201
1902513070,MI,29698,MIS007,49201
1912209248,MI,29698,MIS007,49201
1912318973,MI,29698,MIS007,49201
1912595810,MI,29698,MIS007,49201
1912951377,MI,29698,MIS007,49201
1922499789,MI,29698,MIS007,49201
1932572419,MI,29698,MIS007,49201
1942208749,MI,29698,MIS007,49201
1942328414,MI,29698,MIS007,49201
1942520424,MI,29698,MIS007,49201
1952573602,MI,29698,MIS007,49201
1952800435,MI,29698,MIS007,49201
1952881054,MI,29698,MIS007,49201
1952918849,MI,29698,MIS007,49201
1962710848,MI,29698,MIS007,49201
1972035020,MI,29698,MIS007,49201
1972551414,MI,29698,MIS007,49201
1982359782,MI,29698,MIS007,49201
1982832861,MI,29698,MIS007,49201
1992428882,MI,29698,MIS007,49201
1992956122,MI,29698,MIS007,49201
1891751806,MI,29698,MIS007,49201
1225489784,MI,29698,MIS007,49201
1235579467,MI,29698,MIS007,49201
1659505378,MI,29698,MIS007,49201
1770740946,MI,29698,MIS007,49201
1811334386,MI,29698,MIS007,49201
1952677460,MI,29698,MIS007,49201
1346226883,MI,29698,MIS007,49201
1699732677,MI,29698,MIS007,49201
1013403302,MI,29698,MIS007,49201
1124212170,MI,29698,MIS007,49201
1225332281,MI,29698,MIS007,49201
1346997335,MI,29698,MIS007,49201
1790185189,MI,29698,MIS007,49201
1801163316,MI,29698,MIS007,49201
1881706000,MI,29698,MIS007,49201
1922439496,MI,29698,MIS007,49201
1972969855,MI,29698,MIS007,49201
1841857299,MI,29698,MIS007,49201
1972898070,MI,29698,MIS007,49201
1659699189,MI,29698,MIS007,49201
1043882038,MI,29698,MIS007,49201
1053031534,MI,29698,MIS007,49201
1073578407,MI,29698,MIS007,49201
1144803768,MI,29698,MIS007,49201
1194087106,MI,29698,MIS007,49201
1205152725,MI,29698,MIS007,49201
1235464280,MI,29698,MIS007,49201
1245498708,MI,29698,MIS007,49201
1245760693,MI,29698,MIS007,49201
1285186544,MI,29698,MIS007,49201
1306071824,MI,29698,MIS007,49201
1316572407,MI,29698,MIS007,49201
1346779840,MI,29698,MIS007,49201
1366015406,MI,29698,MIS007,49201
1366177289,MI,29698,MIS007,49201
1366481905,MI,29698,MIS007,49201
1407310097,MI,29698,MIS007,49201
1467425306,MI,29698,MIS007,49201
1487008876,MI,29698,MIS007,49201
1508808338,MI,29698,MIS007,49201
1528329547,MI,29698,MIS007,49201
1558096552,MI,29698,MIS007,49201
1578591541,MI,29698,MIS007,49201
1578839569,MI,29698,MIS007,49201
1598288730,MI,29698,MIS007,49201
1598714677,MI,29698,MIS007,49201
1609178581,MI,29698,MIS007,49201
1609983527,MI,29698,MIS007,49201
1639643075,MI,29698,MIS007,49201
1639695638,MI,29698,MIS007,49201
1659775567,MI,29698,MIS007,49201
1669587127,MI,29698,MIS007,49201
1669666285,MI,29698,MIS007,49201
1679558472,MI,29698,MIS007,49201
1689200123,MI,29698,MIS007,49201
1689631897,MI,29698,MIS007,49201
1700250271,MI,29698,MIS007,49201
1710412457,MI,29698,MIS007,49201
1740227818,MI,29698,MIS007,49201
1750049078,MI,29698,MIS007,49201
1770128837,MI,29698,MIS007,49201
1770549099,MI,29698,MIS007,49201
1790158251,MI,29698,MIS007,49201
1851520910,MI,29698,MIS007,49201
1932783636,MI,29698,MIS007,49201
1942374558,MI,29698,MIS007,49201
1952378432,MI,29698,MIS007,49201
1962170407,MI,29698,MIS007,49201
1962980599,MI,29698,MIS007,49201
1972189728,MI,29698,MIS007,49201
1982139325,MI,29698,MIS007,49201
1982249041,MI,29698,MIS007,49201
1013671916,MI,29698,MIS007,49201
1952534588,MI,29698,MIS007,49201
1275860678,MI,29698,MIS007,49201
1346991775,MI,29698,MIS007,49201
1659683886,MI,29698,MIS007,49201
1891991931,MI,29698,MIS007,49201
1689800047,MI,29698,MIS007,49201
1699724112,MI,29698,MIS007,49201
1710419783,MI,29698,MIS007,49201
1730617135,MI,29698,MIS007,49201
1235377516,MI,29698,MIS007,49201
1043472509,MI,29698,MIS007,49201
1154646313,MI,29698,MIS007,49201
1285793521,MI,29698,MIS007,49201
1396375366,MI,29698,MIS007,49201
1790813285,MI,29698,MIS007,49201
1902105463,MI,29698,MIS007,49201
1508950064,MI,29698,MIS007,49201
1720316763,MI,29698,MIS007,49201
1841637188,MI,29698,MIS007,49201
1982292314,MI,29698,MIS007,49201
1023641743,OR,71287,ORS004,97401
1023858768,OR,71287,ORS004,97401
1033732276,OR,71287,ORS004,97401
1063506731,OR,71287,ORS004,97401
1083929566,OR,71287,ORS004,97401
1144974320,OR,71287,ORS004,97401
1164314662,OR,71287,ORS004,97401
1235874462,OR,71287,ORS004,97401
1285233627,OR,71287,ORS004,97401
1285522987,OR,71287,ORS004,97401
1306702840,OR,71287,ORS004,97401
1326848763,OR,71287,ORS004,97401
1346712577,OR,71287,ORS004,97401
1366097214,OR,71287,ORS004,97401
1366827859,OR,71287,ORS004,97401
1437020930,OR,71287,ORS004,97401
1437020948,OR,71287,ORS004,97401
1508680943,OR,71287,ORS004,97401
1619567575,OR,71287,ORS004,97401
1720072044,OR,71287,ORS004,97401
1780132316,OR,71287,ORS004,97401
1790664449,OR,71287,ORS004,97401
1841810371,OR,71287,ORS004,97401
1902536949,OR,71287,ORS004,97401
1801865738,OR,71287,ORS004,97401
1023641743,OR,71287,ORS001,97401
1023858768,OR,71287,ORS001,97401
1033732276,OR,71287,ORS001,97401
1063506731,OR,71287,ORS001,97401
1083929566,OR,71287,ORS001,97401
1144974320,OR,71287,ORS001,97401
1164314662,OR,71287,ORS001,97401
1235874462,OR,71287,ORS001,97401
1285233627,OR,71287,ORS001,97401
1285522987,OR,71287,ORS001,97401
1306702840,OR,71287,ORS001,97401
1326848763,OR,71287,ORS001,97401
1346712577,OR,71287,ORS001,97401
1366097214,OR,71287,ORS001,97401
1366827859,OR,71287,ORS001,97401
1437020930,OR,71287,ORS001,97401
1437020948,OR,71287,ORS001,97401
1508680943,OR,71287,ORS001,97401
1619567575,OR,71287,ORS001,97401
1720072044,OR,71287,ORS001,97401
1780132316,OR,71287,ORS001,97401
1790664449,OR,71287,ORS001,97401
1841810371,OR,71287,ORS001,97401
1902536949,OR,71287,ORS001,97401
1801865738,OR,71287,ORS001,97401
1992589139,MI,29698,MIS007,49201
1154961605,OR,71287,ORS004,97477
1518094507,OR,71287,ORS004,97405
1013051317,OR,71287,ORS004,97477
1013115161,OR,71287,ORS004,97477
1013193044,OR,71287,ORS004,97477
1013554526,OR,71287,ORS004,97477
1013911601,OR,71287,ORS004,97477
1023234515,OR,71287,ORS004,97477
1023364593,OR,71287,ORS004,97477
1033283627,OR,71287,ORS004,97477
1033560453,OR,71287,ORS004,97477
1043630171,OR,71287,ORS004,97477
1043861438,OR,71287,ORS004,97477
1053390252,OR,71287,ORS004,97477
1053623314,OR,71287,ORS004,97477
1063775732,OR,71287,ORS004,97477
1063849024,OR,71287,ORS004,97477
1073543732,OR,71287,ORS004,97477
1073957429,OR,71287,ORS004,97477
1083633713,OR,71287,ORS004,97477
1083949697,OR,71287,ORS004,97477
1093784902,OR,71287,ORS004,97477
1093859647,OR,71287,ORS004,97477
1093926081,OR,71287,ORS004,97477
1104363878,OR,71287,ORS004,97477
1104825645,OR,71287,ORS004,97477
1114061934,OR,71287,ORS004,97477
1114411899,OR,71287,ORS004,97477
1114583671,OR,71287,ORS004,97477
1114592995,OR,71287,ORS004,97477
1114692555,OR,71287,ORS004,97477
1124410121,OR,71287,ORS004,97477
1124538905,OR,71287,ORS004,97477
1124550520,OR,71287,ORS004,97477
1134360845,OR,71287,ORS004,97477
1134472533,OR,71287,ORS004,97477
1134494578,OR,71287,ORS004,97477
1134514540,OR,71287,ORS004,97477
1134655855,OR,71287,ORS004,97477
1144518788,OR,71287,ORS004,97477
1144948803,OR,71287,ORS004,97477
1154764751,OR,71287,ORS004,97477
1154775997,OR,71287,ORS004,97477
1154796878,OR,71287,ORS004,97477
1164416632,OR,71287,ORS004,97477
1164417606,OR,71287,ORS004,97477
1164855730,OR,71287,ORS004,97477
1174942916,OR,71287,ORS004,97477
1184835498,OR,71287,ORS004,97477
1194144832,OR,71287,ORS004,97477
1194928739,OR,71287,ORS004,97477
1205034360,OR,71287,ORS004,97477
1205157757,OR,71287,ORS004,97477
1215041934,OR,71287,ORS004,97477
1215423835,OR,71287,ORS004,97477
1215967625,OR,71287,ORS004,97477
1225005093,OR,71287,ORS004,97477
1225411598,OR,71287,ORS004,97477
1225458169,OR,71287,ORS004,97477
1235106386,OR,71287,ORS004,97477
1235150814,OR,71287,ORS004,97477
1235230707,OR,71287,ORS004,97477
1235270927,OR,71287,ORS004,97477
1235495490,OR,71287,ORS004,97477
1255768412,OR,71287,ORS004,97477
1265656862,OR,71287,ORS004,97477
1275027963,OR,71287,ORS004,97477
1275973083,OR,71287,ORS004,97477
1285075010,OR,71287,ORS004,97477
1285864074,OR,71287,ORS004,97477
1295702850,OR,71287,ORS004,97477
1295754919,OR,71287,ORS004,97477
1306306725,OR,71287,ORS004,97477
1306980271,OR,71287,ORS004,97477
1306983556,OR,71287,ORS004,97477
1316262645,OR,71287,ORS004,97477
1316358393,OR,71287,ORS004,97477
1316682958,OR,71287,ORS004,97477
1326202524,OR,71287,ORS004,97477
1326575655,OR,71287,ORS004,97477
1336435536,OR,71287,ORS004,97477
1336461813,OR,71287,ORS004,97477
1336468404,OR,71287,ORS004,97477
1336608553,OR,71287,ORS004,97477
1346260379,OR,71287,ORS004,97477
1346471034,OR,71287,ORS004,97477
1346538360,OR,71287,ORS004,97477
1346803624,OR,71287,ORS004,97477
1356339501,OR,71287,ORS004,97477
1356737126,OR,71287,ORS004,97477
1356960736,OR,71287,ORS004,97477
1366132094,OR,71287,ORS004,97477
1376573006,OR,71287,ORS004,97477
1376834531,OR,71287,ORS004,97477
1386892263,OR,71287,ORS004,97477
1396249017,OR,71287,ORS004,97477
1407026263,OR,71287,ORS004,97477
1407059108,OR,71287,ORS004,97477
1407142573,OR,71287,ORS004,97477
1407254014,OR,71287,ORS004,97477
1407968431,OR,71287,ORS004,97477
1417326984,OR,71287,ORS004,97477
1417903691,OR,71287,ORS004,97477
1427219633,OR,71287,ORS004,97477
1427545862,OR,71287,ORS004,97477
1427580463,OR,71287,ORS004,97477
1427618974,OR,71287,ORS004,97477
1437158797,OR,71287,ORS004,97477
1437306628,OR,71287,ORS004,97477
1437554235,OR,71287,ORS004,97477
1437627890,OR,71287,ORS004,97477
1447578844,OR,71287,ORS004,97477
1447702428,OR,71287,ORS004,97477
1457745200,OR,71287,ORS004,97477
1467422485,OR,71287,ORS004,97477
1467449629,OR,71287,ORS004,97477
1467517300,OR,71287,ORS004,97477
1467576272,OR,71287,ORS004,97477
1477015436,OR,71287,ORS004,97477
1477916294,OR,71287,ORS004,97477
1487271219,OR,71287,ORS004,97477
1487605630,OR,71287,ORS004,97477
1487986469,OR,71287,ORS004,97477
1497100903,OR,71287,ORS004,97477
1497725808,OR,71287,ORS004,97477
1497947345,OR,71287,ORS004,97477
1508106873,OR,71287,ORS004,97477
1508171570,OR,71287,ORS004,97477
1508391541,OR,71287,ORS004,97477
1518161538,OR,71287,ORS004,97477
1528183001,OR,71287,ORS004,97477
1528357795,OR,71287,ORS004,97477
1538508320,OR,71287,ORS004,97477
1538695788,OR,71287,ORS004,97477
1548268790,OR,71287,ORS004,97477
1548616709,OR,71287,ORS004,97477
1548765951,OR,71287,ORS004,97477
1558443515,OR,71287,ORS004,97477
1558526046,OR,71287,ORS004,97477
1558560367,OR,71287,ORS004,97477
1558940874,OR,71287,ORS004,97477
1578737342,OR,71287,ORS004,97477
1588051809,OR,71287,ORS004,97477
1598043564,OR,71287,ORS004,97477
1609139062,OR,71287,ORS004,97477
1609803774,OR,71287,ORS004,97477
1609966233,OR,71287,ORS004,97477
1619295011,OR,71287,ORS004,97477
1619961398,OR,71287,ORS004,97477
1619993763,OR,71287,ORS004,97477
1629539515,OR,71287,ORS004,97477
1629567995,OR,71287,ORS004,97477
1639120801,OR,71287,ORS004,97477
1639456379,OR,71287,ORS004,97477
1649286063,OR,71287,ORS004,97477
1649644618,OR,71287,ORS004,97477
1659489722,OR,71287,ORS004,97477
1659638278,OR,71287,ORS004,97477
1669086641,OR,71287,ORS004,97477
1669470670,OR,71287,ORS004,97477
1669498499,OR,71287,ORS004,97477
1679571814,OR,71287,ORS004,97477
1679890388,OR,71287,ORS004,97477
1679913677,OR,71287,ORS004,97477
1679960835,OR,71287,ORS004,97477
1689967796,OR,71287,ORS004,97477
1699114421,OR,71287,ORS004,97477
1699267963,OR,71287,ORS004,97477
1699270223,OR,71287,ORS004,97477
1700124021,OR,71287,ORS004,97477
1700198587,OR,71287,ORS004,97477
1710211768,OR,71287,ORS004,97477
1710322193,OR,71287,ORS004,97477
1710332986,OR,71287,ORS004,97477
1710912027,OR,71287,ORS004,97477
1710914015,OR,71287,ORS004,97477
1720374069,OR,71287,ORS004,97477
1720407364,OR,71287,ORS004,97477
1720511181,OR,71287,ORS004,97477
1720521008,OR,71287,ORS004,97477
1730475187,OR,71287,ORS004,97477
1730527219,OR,71287,ORS004,97477
1740444850,OR,71287,ORS004,97477
1740799519,OR,71287,ORS004,97477
1750534079,OR,71287,ORS004,97477
1750545232,OR,71287,ORS004,97477
1750606109,OR,71287,ORS004,97477
1750725685,OR,71287,ORS004,97477
1760526339,OR,71287,ORS004,97477
1760613780,OR,71287,ORS004,97477
1760731384,OR,71287,ORS004,97477
1770188302,OR,71287,ORS004,97477
1770698490,OR,71287,ORS004,97477
1780100958,OR,71287,ORS004,97477
1780628719,OR,71287,ORS004,97477
1780813667,OR,71287,ORS004,97477
1780933952,OR,71287,ORS004,97477
1790197523,OR,71287,ORS004,97477
1790743490,OR,71287,ORS004,97477
1801022967,OR,71287,ORS004,97477
1811123920,OR,71287,ORS004,97477
1811212863,OR,71287,ORS004,97477
1811427057,OR,71287,ORS004,97477
1811492036,OR,71287,ORS004,97477
1811997000,OR,71287,ORS004,97477
1821014465,OR,71287,ORS004,97477
1821202185,OR,71287,ORS004,97477
1821345687,OR,71287,ORS004,97477
1821351909,OR,71287,ORS004,97477
1821626581,OR,71287,ORS004,97477
1831333624,OR,71287,ORS004,97477
1831573906,OR,71287,ORS004,97477
1841467347,OR,71287,ORS004,97477
1841623519,OR,71287,ORS004,97477
1841707411,OR,71287,ORS004,97477
1841797032,OR,71287,ORS004,97477
1851331011,OR,71287,ORS004,97477
1851654776,OR,71287,ORS004,97477
1851687552,OR,71287,ORS004,97477
1851690317,OR,71287,ORS004,97477
1851714570,OR,71287,ORS004,97477
1851779870,OR,71287,ORS004,97477
1851788921,OR,71287,ORS004,97477
1861044505,OR,71287,ORS004,97477
1861490021,OR,71287,ORS004,97477
1861694861,OR,71287,ORS004,97477
1871293886,OR,71287,ORS004,97477
1871519082,OR,71287,ORS004,97477
1871912428,OR,71287,ORS004,97477
1881112910,OR,71287,ORS004,97477
1881257939,OR,71287,ORS004,97477
1881969780,OR,71287,ORS004,97477
1891059333,OR,71287,ORS004,97477
1891228029,OR,71287,ORS004,97477
1902320039,OR,71287,ORS004,97477
1902894074,OR,71287,ORS004,97477
1912978438,OR,71287,ORS004,97477
1922267384,OR,71287,ORS004,97477
1932429453,OR,71287,ORS004,97477
1952324907,OR,71287,ORS004,97477
1952336422,OR,71287,ORS004,97477
1952501744,OR,71287,ORS004,97477
1952688731,OR,71287,ORS004,97477
1952695082,OR,71287,ORS004,97477
1952755787,OR,71287,ORS004,97477
1962480871,OR,71287,ORS004,97477
1962769679,OR,71287,ORS004,97477
1962930495,OR,71287,ORS004,97477
1962985408,OR,71287,ORS004,97477
1972802148,OR,71287,ORS004,97477
1972824043,OR,71287,ORS004,97477
1982636262,OR,71287,ORS004,97477
1982861191,OR,71287,ORS004,97477
1992020754,OR,71287,ORS004,97477
1992755334,OR,71287,ORS004,97477
1205862505,OR,71287,ORS004,97477
1154961605,OR,71287,ORS001,97477
1518094507,OR,71287,ORS001,97405
1013051317,OR,71287,ORS001,97477
1013115161,OR,71287,ORS001,97477
1013193044,OR,71287,ORS001,97477
1013554526,OR,71287,ORS001,97477
1013911601,OR,71287,ORS001,97477
1023234515,OR,71287,ORS001,97477
1023364593,OR,71287,ORS001,97477
1033283627,OR,71287,ORS001,97477
1033560453,OR,71287,ORS001,97477
1043630171,OR,71287,ORS001,97477
1043861438,OR,71287,ORS001,97477
1053390252,OR,71287,ORS001,97477
1053623314,OR,71287,ORS001,97477
1063775732,OR,71287,ORS001,97477
1063849024,OR,71287,ORS001,97477
1073543732,OR,71287,ORS001,97477
1073957429,OR,71287,ORS001,97477
1083633713,OR,71287,ORS001,97477
1083949697,OR,71287,ORS001,97477
1093784902,OR,71287,ORS001,97477
1093859647,OR,71287,ORS001,97477
1093926081,OR,71287,ORS001,97477
1104363878,OR,71287,ORS001,97477
1104825645,OR,71287,ORS001,97477
1114061934,OR,71287,ORS001,97477
1114411899,OR,71287,ORS001,97477
1114583671,OR,71287,ORS001,97477
1114592995,OR,71287,ORS001,97477
1114692555,OR,71287,ORS001,97477
1124410121,OR,71287,ORS001,97477
1124538905,OR,71287,ORS001,97477
1124550520,OR,71287,ORS001,97477
1134360845,OR,71287,ORS001,97477
1134472533,OR,71287,ORS001,97477
1134494578,OR,71287,ORS001,97477
1134514540,OR,71287,ORS001,97477
1134655855,OR,71287,ORS001,97477
1144518788,OR,71287,ORS001,97477
1144948803,OR,71287,ORS001,97477
1154764751,OR,71287,ORS001,97477
1154775997,OR,71287,ORS001,97477
1154796878,OR,71287,ORS001,97477
1164416632,OR,71287,ORS001,97477
1164417606,OR,71287,ORS001,97477
1164855730,OR,71287,ORS001,97477
1174942916,OR,71287,ORS001,97477
1184835498,OR,71287,ORS001,97477
1194144832,OR,71287,ORS001,97477
1194928739,OR,71287,ORS001,97477
1205034360,OR,71287,ORS001,97477
1205157757,OR,71287,ORS001,97477
1215041934,OR,71287,ORS001,97477
1215423835,OR,71287,ORS001,97477
1215967625,OR,71287,ORS001,97477
1225005093,OR,71287,ORS001,97477
1225411598,OR,71287,ORS001,97477
1225458169,OR,71287,ORS001,97477
1235106386,OR,71287,ORS001,97477
1235150814,OR,71287,ORS001,97477
1235230707,OR,71287,ORS001,97477
1235270927,OR,71287,ORS001,97477
1235495490,OR,71287,ORS001,97477
1255768412,OR,71287,ORS001,97477
1265656862,OR,71287,ORS001,97477
1275027963,OR,71287,ORS001,97477
1275973083,OR,71287,ORS001,97477
1285075010,OR,71287,ORS001,97477
1285864074,OR,71287,ORS001,97477
1295702850,OR,71287,ORS001,97477
1295754919,OR,71287,ORS001,97477
1306306725,OR,71287,ORS001,97477
1306980271,OR,71287,ORS001,97477
1306983556,OR,71287,ORS001,97477
1316262645,OR,71287,ORS001,97477
1316358393,OR,71287,ORS001,97477
1316682958,OR,71287,ORS001,97477
1326202524,OR,71287,ORS001,97477
1326575655,OR,71287,ORS001,97477
1336435536,OR,71287,ORS001,97477
1336461813,OR,71287,ORS001,97477
1336468404,OR,71287,ORS001,97477
1336608553,OR,71287,ORS001,97477
1346260379,OR,71287,ORS001,97477
1346471034,OR,71287,ORS001,97477
1346538360,OR,71287,ORS001,97477
1346803624,OR,71287,ORS001,97477
1356339501,OR,71287,ORS001,97477
1356737126,OR,71287,ORS001,97477
1356960736,OR,71287,ORS001,97477
1366132094,OR,71287,ORS001,97477
1376573006,OR,71287,ORS001,97477
1376834531,OR,71287,ORS001,97477
1386892263,OR,71287,ORS001,97477
1396249017,OR,71287,ORS001,97477
1407026263,OR,71287,ORS001,97477
1407059108,OR,71287,ORS001,97477
1407142573,OR,71287,ORS001,97477
1407254014,OR,71287,ORS001,97477
1407968431,OR,71287,ORS001,97477
1417326984,OR,71287,ORS001,97477
1417903691,OR,71287,ORS001,97477
1427219633,OR,71287,ORS001,97477
1427545862,OR,71287,ORS001,97477
1427580463,OR,71287,ORS001,97477
1427618974,OR,71287,ORS001,97477
1437158797,OR,71287,ORS001,97477
1437306628,OR,71287,ORS001,97477
1437554235,OR,71287,ORS001,97477
1437627890,OR,71287,ORS001,97477
1447578844,OR,71287,ORS001,97477
1447702428,OR,71287,ORS001,97477
1457745200,OR,71287,ORS001,97477
1467422485,OR,71287,ORS001,97477
1467449629,OR,71287,ORS001,97477
1467517300,OR,71287,ORS001,97477
1467576272,OR,71287,ORS001,97477
1477015436,OR,71287,ORS001,97477
1477916294,OR,71287,ORS001,97477
1487271219,OR,71287,ORS001,97477
1487605630,OR,71287,ORS001,97477
1487986469,OR,71287,ORS001,97477
1497100903,OR,71287,ORS001,97477
1497725808,OR,71287,ORS001,97477
1497947345,OR,71287,ORS001,97477
1508106873,OR,71287,ORS001,97477
1508171570,OR,71287,ORS001,97477
1508391541,OR,71287,ORS001,97477
1518161538,OR,71287,ORS001,97477
1528183001,OR,71287,ORS001,97477
1528357795,OR,71287,ORS001,97477
1538508320,OR,71287,ORS001,97477
1538695788,OR,71287,ORS001,97477
1548268790,OR,71287,ORS001,97477
1548616709,OR,71287,ORS001,97477
1548765951,OR,71287,ORS001,97477
1558443515,OR,71287,ORS001,97477
1558526046,OR,71287,ORS001,97477
1558560367,OR,71287,ORS001,97477
1558940874,OR,71287,ORS001,97477
1578737342,OR,71287,ORS001,97477
1588051809,OR,71287,ORS001,97477
1598043564,OR,71287,ORS001,97477
1609139062,OR,71287,ORS001,97477
1609803774,OR,71287,ORS001,97477
1609966233,OR,71287,ORS001,97477
1619295011,OR,71287,ORS001,97477
1619961398,OR,71287,ORS001,97477
1619993763,OR,71287,ORS001,97477
1629539515,OR,71287,ORS001,97477
1629567995,OR,71287,ORS001,97477
1639120801,OR,71287,ORS001,97477
1639456379,OR,71287,ORS001,97477
1649286063,OR,71287,ORS001,97477
1649644618,OR,71287,ORS001,97477
1659489722,OR,71287,ORS001,97477
1659638278,OR,71287,ORS001,97477
1669086641,OR,71287,ORS001,97477
1669470670,OR,71287,ORS001,97477
1669498499,OR,71287,ORS001,97477
1679571814,OR,71287,ORS001,97477
1679890388,OR,71287,ORS001,97477
1679913677,OR,71287,ORS001,97477
1679960835,OR,71287,ORS001,97477
1689967796,OR,71287,ORS001,97477
1699114421,OR,71287,ORS001,97477
1699267963,OR,71287,ORS001,97477
1699270223,OR,71287,ORS001,97477
1700124021,OR,71287,ORS001,97477
1700198587,OR,71287,ORS001,97477
1710211768,OR,71287,ORS001,97477
1710322193,OR,71287,ORS001,97477
1710332986,OR,71287,ORS001,97477
1710912027,OR,71287,ORS001,97477
1710914015,OR,71287,ORS001,97477
1720374069,OR,71287,ORS001,97477
1720407364,OR,71287,ORS001,97477
1720511181,OR,71287,ORS001,97477
1720521008,OR,71287,ORS001,97477
1730475187,OR,71287,ORS001,97477
1730527219,OR,71287,ORS001,97477
1740444850,OR,71287,ORS001,97477
1740799519,OR,71287,ORS001,97477
1750534079,OR,71287,ORS001,97477
1750545232,OR,71287,ORS001,97477
1750606109,OR,71287,ORS001,97477
1750725685,OR,71287,ORS001,97477
1760526339,OR,71287,ORS001,97477
1760613780,OR,71287,ORS001,97477
1760731384,OR,71287,ORS001,97477
1770188302,OR,71287,ORS001,97477
1770698490,OR,71287,ORS001,97477
1780100958,OR,71287,ORS001,97477
1780628719,OR,71287,ORS001,97477
1780813667,OR,71287,ORS001,97477
1780933952,OR,71287,ORS001,97477
1790197523,OR,71287,ORS001,97477
1790743490,OR,71287,ORS001,97477
1801022967,OR,71287,ORS001,97477
1811123920,OR,71287,ORS001,97477
1811212863,OR,71287,ORS001,97477
1811427057,OR,71287,ORS001,97477
1811492036,OR,71287,ORS001,97477
1811997000,OR,71287,ORS001,97477
1821014465,OR,71287,ORS001,97477
1821202185,OR,71287,ORS001,97477
1821345687,OR,71287,ORS001,97477
1821351909,OR,71287,ORS001,97477
1821626581,OR,71287,ORS001,97477
1831333624,OR,71287,ORS001,97477
1831573906,OR,71287,ORS001,97477
1841467347,OR,71287,ORS001,97477
1841623519,OR,71287,ORS001,97477
1841707411,OR,71287,ORS001,97477
1841797032,OR,71287,ORS001,97477
1851331011,OR,71287,ORS001,97477
1851654776,OR,71287,ORS001,97477
1851687552,OR,71287,ORS001,97477
1851690317,OR,71287,ORS001,97477
1851714570,OR,71287,ORS001,97477
1851779870,OR,71287,ORS001,97477
1851788921,OR,71287,ORS001,97477
1861044505,OR,71287,ORS001,97477
1861490021,OR,71287,ORS001,97477
1861694861,OR,71287,ORS001,97477
1871293886,OR,71287,ORS001,97477
1871519082,OR,71287,ORS001,97477
1871912428,OR,71287,ORS001,97477
1881112910,OR,71287,ORS001,97477
1881257939,OR,71287,ORS001,97477
1881969780,OR,71287,ORS001,97477
1891059333,OR,71287,ORS001,97477
1891228029,OR,71287,ORS001,97477
1902320039,OR,71287,ORS001,97477
1902894074,OR,71287,ORS001,97477
1912978438,OR,71287,ORS001,97477
1922267384,OR,71287,ORS001,97477
1932429453,OR,71287,ORS001,97477
1952324907,OR,71287,ORS001,97477
1952336422,OR,71287,ORS001,97477
1952501744,OR,71287,ORS001,97477
1952688731,OR,71287,ORS001,97477
1952695082,OR,71287,ORS001,97477
1952755787,OR,71287,ORS001,97477
1962480871,OR,71287,ORS001,97477
1962769679,OR,71287,ORS001,97477
1962930495,OR,71287,ORS001,97477
1962985408,OR,71287,ORS001,97477
1972802148,OR,71287,ORS001,97477
1972824043,OR,71287,ORS001,97477
1982636262,OR,71287,ORS001,97477
1982861191,OR,71287,ORS001,97477
1992020754,OR,71287,ORS001,97477
1992755334,OR,71287,ORS001,97477
1205862505,OR,71287,ORS001,97477
1033217096,TX,66252,TXS002,78666
1013438886,MI,58594,MIS001,49445
1033588629,MI,58594,MIS001,49445
1043218126,MI,58594,MIS001,49445
1124607007,MI,58594,MIS001,49445
1144819848,MI,58594,MIS001,49445
1235718552,MI,58594,MIS001,49445
1235851122,MI,58594,MIS001,49445
1255548442,MI,58594,MIS001,49445
1275510034,MI,58594,MIS001,49445
1295256063,MI,58594,MIS001,49445
1336453216,MI,58594,MIS001,49445
1356345698,MI,58594,MIS001,49445
1376089433,MI,58594,MIS001,49445
1396711560,MI,58594,MIS001,49445
1427035229,MI,58594,MIS001,49445
1447024989,MI,58594,MIS001,49445
1457607806,MI,58594,MIS001,49445
1477815850,MI,58594,MIS001,49445
1487069233,MI,58594,MIS001,49445
1497188668,MI,58594,MIS001,49445
1508843251,MI,58594,MIS001,49445
1508876236,MI,58594,MIS001,49445
1518662097,MI,58594,MIS001,49445
1548236888,MI,58594,MIS001,49445
1568588432,MI,58594,MIS001,49445
1568788172,MI,58594,MIS001,49445
1578764775,MI,58594,MIS001,49445
1598223612,MI,58594,MIS001,49445
1689263238,MI,58594,MIS001,49445
1700459732,MI,58594,MIS001,49445
1700863503,MI,58594,MIS001,49445
1710765813,MI,58594,MIS001,49445
1710957790,MI,58594,MIS001,49445
1770587008,MI,58594,MIS001,49445
1801137229,MI,58594,MIS001,49445
1851378657,MI,58594,MIS001,49445
1851594501,MI,58594,MIS001,49445
1861868580,MI,58594,MIS001,49445
1881645513,MI,58594,MIS001,49445
1891752168,MI,58594,MIS001,49445
1902390529,MI,58594,MIS001,49445
1922445022,MI,58594,MIS001,49445
1932186624,MI,58594,MIS001,49445
1942427935,MI,58594,MIS001,49445
1952664583,MI,58594,MIS001,49445
1952857872,MI,58594,MIS001,49445
1972361459,MI,58594,MIS001,49445
1992398689,MI,58594,MIS001,49445
1073387759,MI,58594,MIS001,49445
1093812182,MI,58594,MIS001,49445
1104599265,MI,58594,MIS001,49445
1124072400,MI,58594,MIS001,49445
1124078555,MI,58594,MIS001,49445
1205890605,MI,58594,MIS001,49445
1225752959,MI,58594,MIS001,49445
1376629493,MI,58594,MIS001,49445
1396015905,MI,58594,MIS001,49445
1396461935,MI,58594,MIS001,49445
1447689997,MI,58594,MIS001,49445
1477080380,MI,58594,MIS001,49445
1477324986,MI,58594,MIS001,49445
1477818854,MI,58594,MIS001,49445
1518325059,MI,58594,MIS001,49445
1578208526,MI,58594,MIS001,49445
1659935716,MI,58594,MIS001,49445
1669145033,MI,58594,MIS001,49445
1669666095,MI,58594,MIS001,49445
1699444687,MI,58594,MIS001,49445
1811365372,MI,58594,MIS001,49445
1871336453,MI,58594,MIS001,49445
1881345387,MI,58594,MIS001,49445
1952388563,MI,58594,MIS001,49445
1972934693,MI,58594,MIS001,49445
1033217096,TX,66252,TXS001,78666
1053606137,OR,77969,ORS002,97381
1083900419,OR,77969,ORS002,97381
1245485846,OR,77969,ORS002,97381
1265619464,OR,77969,ORS002,97381
1295390649,OR,77969,ORS002,97381
1336117035,OR,77969,ORS002,97381
1336119635,OR,77969,ORS002,97381
1346852951,OR,77969,ORS002,97381
1396191169,OR,77969,ORS002,97381
1407204225,OR,77969,ORS002,97381
1427087931,OR,77969,ORS002,97381
1437127644,OR,77969,ORS002,97381
1447299284,OR,77969,ORS002,97381
1780910265,OR,77969,ORS002,97381
1912089947,OR,77969,ORS002,97381
1912921313,OR,77969,ORS002,97381
1962525204,OR,77969,ORS002,97381
1003294968,OR,56707,ORS002,97123
1003891524,OR,56707,ORS002,97123
1013110493,OR,56707,ORS002,97123
1013236934,OR,56707,ORS002,97123
1023307899,OR,56707,ORS002,97123
1023309440,OR,56707,ORS002,97123
1023316452,OR,56707,ORS002,97123
1033141361,OR,56707,ORS002,97123
1033347349,OR,56707,ORS002,97123
1033524384,OR,56707,ORS002,97123
1033644539,OR,56707,ORS002,97123
1033697131,OR,56707,ORS002,97123
1033699327,OR,56707,ORS002,97123
1033747845,OR,56707,ORS002,97123
1043420086,OR,56707,ORS002,97123
1043448186,OR,56707,ORS002,97123
1043609712,OR,56707,ORS002,97123
1053680157,OR,56707,ORS002,97123
1063050540,OR,56707,ORS002,97123
1063587384,OR,56707,ORS002,97123
1063924223,OR,56707,ORS002,97123
1073191086,OR,56707,ORS002,97123
1073926531,OR,56707,ORS002,97123
1083610893,OR,56707,ORS002,97123
1083871057,OR,56707,ORS002,97123
1083883417,OR,56707,ORS002,97123
1093164386,OR,56707,ORS002,97123
1093754285,OR,56707,ORS002,97123
1104356088,OR,56707,ORS002,97123
1104588961,OR,56707,ORS002,97123
1114458106,OR,56707,ORS002,97123
1124112016,OR,56707,ORS002,97123
1124465745,OR,56707,ORS002,97123
1124580717,OR,56707,ORS002,97123
1124656608,OR,56707,ORS002,97123
1134204936,OR,56707,ORS002,97123
1134412794,OR,56707,ORS002,97123
1134756547,OR,56707,ORS002,97123
1144335019,OR,56707,ORS002,97123
1144570813,OR,56707,ORS002,97123
1144592239,OR,56707,ORS002,97123
1144781162,OR,56707,ORS002,97123
1154307478,OR,56707,ORS002,97123
1154629939,OR,56707,ORS002,97123
1154649382,OR,56707,ORS002,97123
1164417689,OR,56707,ORS002,97123
1164552626,OR,56707,ORS002,97123
1164862017,OR,56707,ORS002,97123
1164867529,OR,56707,ORS002,97123
1164953725,OR,56707,ORS002,97123
1174014377,OR,56707,ORS002,97123
1174064315,OR,56707,ORS002,97123
1174763064,OR,56707,ORS002,97123
1184011413,OR,56707,ORS002,97123
1194045872,OR,56707,ORS002,97123
1194774547,OR,56707,ORS002,97123
1205155660,OR,56707,ORS002,97123
1205217171,OR,56707,ORS002,97123
1205217999,OR,56707,ORS002,97123
1205269867,OR,56707,ORS002,97123
1205274826,OR,56707,ORS002,97123
1205298619,OR,56707,ORS002,97123
1215513999,OR,56707,ORS002,97123
1215963368,OR,56707,ORS002,97123
1235496944,OR,56707,ORS002,97123
1245886316,OR,56707,ORS002,97123
1255349718,OR,56707,ORS002,97123
1255441556,OR,56707,ORS002,97123
1255742466,OR,56707,ORS002,97123
1255828406,OR,56707,ORS002,97123
1265019996,OR,56707,ORS002,97123
1265624530,OR,56707,ORS002,97123
1265879142,OR,56707,ORS002,97123
1265885743,OR,56707,ORS002,97123
1275160004,OR,56707,ORS002,97123
1275923146,OR,56707,ORS002,97123
1285099267,OR,56707,ORS002,97123
1285862375,OR,56707,ORS002,97123
1295106169,OR,56707,ORS002,97123
1295737005,OR,56707,ORS002,97123
1295964310,OR,56707,ORS002,97123
1306134721,OR,56707,ORS002,97123
1306265871,OR,56707,ORS002,97123
1306286125,OR,56707,ORS002,97123
1306293352,OR,56707,ORS002,97123
1306330691,OR,56707,ORS002,97123
1306833108,OR,56707,ORS002,97123
1306882964,OR,56707,ORS002,97123
1326056847,OR,56707,ORS002,97123
1326391269,OR,56707,ORS002,97123
1326393695,OR,56707,ORS002,97123
1326479783,OR,56707,ORS002,97123
1336119635,OR,56707,ORS002,97123
1336399682,OR,56707,ORS002,97123
1336501584,OR,56707,ORS002,97123
1336671866,OR,56707,ORS002,97123
1346536992,OR,56707,ORS002,97123
1346813821,OR,56707,ORS002,97123
1356385835,OR,56707,ORS002,97123
1356842207,OR,56707,ORS002,97123
1366572331,OR,56707,ORS002,97123
1366693210,OR,56707,ORS002,97123
1366718116,OR,56707,ORS002,97123
1366805137,OR,56707,ORS002,97123
1366898629,OR,56707,ORS002,97123
1376886606,OR,56707,ORS002,97123
1376991539,OR,56707,ORS002,97123
1386088821,OR,56707,ORS002,97123
1386177277,OR,56707,ORS002,97123
1396234175,OR,56707,ORS002,97123
1396236527,OR,56707,ORS002,97123
1396256681,OR,56707,ORS002,97123
1396279246,OR,56707,ORS002,97123
1396882676,OR,56707,ORS002,97123
1407484934,OR,56707,ORS002,97123
1417131889,OR,56707,ORS002,97123
1417329160,OR,56707,ORS002,97123
1417476029,OR,56707,ORS002,97123
1417619545,OR,56707,ORS002,97123
1427492537,OR,56707,ORS002,97123
1437527520,OR,56707,ORS002,97123
1437554235,OR,56707,ORS002,97123
1457884454,OR,56707,ORS002,97123
1467030627,OR,56707,ORS002,97123
1467524744,OR,56707,ORS002,97123
1467526947,OR,56707,ORS002,97123
1467588111,OR,56707,ORS002,97123
1477013753,OR,56707,ORS002,97123
1487966289,OR,56707,ORS002,97123
1497000715,OR,56707,ORS002,97123
1497040836,OR,56707,ORS002,97123
1497790190,OR,56707,ORS002,97123
1508085739,OR,56707,ORS002,97123
1508219940,OR,56707,ORS002,97123
1518287739,OR,56707,ORS002,97123
1518319672,OR,56707,ORS002,97123
1518419704,OR,56707,ORS002,97123
1518498559,OR,56707,ORS002,97123
1528441318,OR,56707,ORS002,97123
1528485919,OR,56707,ORS002,97123
1538261573,OR,56707,ORS002,97123
1538275276,OR,56707,ORS002,97123
1538492673,OR,56707,ORS002,97123
1538523063,OR,56707,ORS002,97123
1538587118,OR,56707,ORS002,97123
1548383086,OR,56707,ORS002,97123
1548558117,OR,56707,ORS002,97123
1558795542,OR,56707,ORS002,97123
1568501997,OR,56707,ORS002,97123
1568699932,OR,56707,ORS002,97123
1568807410,OR,56707,ORS002,97123
1578024238,OR,56707,ORS002,97123
1578068284,OR,56707,ORS002,97123
1578890596,OR,56707,ORS002,97123
1598279564,OR,56707,ORS002,97123
1609077528,OR,56707,ORS002,97123
1609295583,OR,56707,ORS002,97123
1609497874,OR,56707,ORS002,97123
1609533090,OR,56707,ORS002,97123
1619209756,OR,56707,ORS002,97123
1619347606,OR,56707,ORS002,97123
1619949658,OR,56707,ORS002,97123
1629192372,OR,56707,ORS002,97123
1629206578,OR,56707,ORS002,97123
1629426630,OR,56707,ORS002,97123
1629507801,OR,56707,ORS002,97123
1629639323,OR,56707,ORS002,97123
1639532187,OR,56707,ORS002,97123
1649389263,OR,56707,ORS002,97123
1649860511,OR,56707,ORS002,97123
1649885344,OR,56707,ORS002,97123
1659554624,OR,56707,ORS002,97123
1669796140,OR,56707,ORS002,97123
1669905550,OR,56707,ORS002,97123
1669925004,OR,56707,ORS002,97123
1669925269,OR,56707,ORS002,97123
1689394215,OR,56707,ORS002,97123
1689878100,OR,56707,ORS002,97123
1689917700,OR,56707,ORS002,97123
1689939522,OR,56707,ORS002,97123
1699112789,OR,56707,ORS002,97123
1699204826,OR,56707,ORS002,97123
1699918300,OR,56707,ORS002,97123
1700090396,OR,56707,ORS002,97123
1700318342,OR,56707,ORS002,97123
1700380946,OR,56707,ORS002,97123
1700499555,OR,56707,ORS002,97123
1700963121,OR,56707,ORS002,97123
1710078779,OR,56707,ORS002,97123
1710165303,OR,56707,ORS002,97123
1710245949,OR,56707,ORS002,97123
1710360276,OR,56707,ORS002,97123
1710506795,OR,56707,ORS002,97123
1710571732,OR,56707,ORS002,97123
1710993498,OR,56707,ORS002,97123
1720206261,OR,56707,ORS002,97123
1720241805,OR,56707,ORS002,97123
1720465230,OR,56707,ORS002,97123
1720494347,OR,56707,ORS002,97123
1730684432,OR,56707,ORS002,97123
1740379874,OR,56707,ORS002,97123
1740428861,OR,56707,ORS002,97123
1740816693,OR,56707,ORS002,97123
1750332813,OR,56707,ORS002,97123
1750398681,OR,56707,ORS002,97123
1750768511,OR,56707,ORS002,97123
1760019038,OR,56707,ORS002,97123
1760774376,OR,56707,ORS002,97123
1760918387,OR,56707,ORS002,97123
1770519902,OR,56707,ORS002,97123
1770600405,OR,56707,ORS002,97123
1780082263,OR,56707,ORS002,97123
1780805176,OR,56707,ORS002,97123
1790139723,OR,56707,ORS002,97123
1790218261,OR,56707,ORS002,97123
1790882561,OR,56707,ORS002,97123
1801030770,OR,56707,ORS002,97123
1801094636,OR,56707,ORS002,97123
1801215249,OR,56707,ORS002,97123
1801324736,OR,56707,ORS002,97123
1801474366,OR,56707,ORS002,97123
1821044306,OR,56707,ORS002,97123
1821378241,OR,56707,ORS002,97123
1821445750,OR,56707,ORS002,97123
1821482068,OR,56707,ORS002,97123
1821584871,OR,56707,ORS002,97123
1831131713,OR,56707,ORS002,97123
1831504752,OR,56707,ORS002,97123
1831509439,OR,56707,ORS002,97123
1841610094,OR,56707,ORS002,97123
1841714029,OR,56707,ORS002,97123
1841749405,OR,56707,ORS002,97123
1841829421,OR,56707,ORS002,97123
1851329783,OR,56707,ORS002,97123
1851393045,OR,56707,ORS002,97123
1851786495,OR,56707,ORS002,97123
1871082917,OR,56707,ORS002,97123
1871169003,OR,56707,ORS002,97123
1871954701,OR,56707,ORS002,97123
1902482763,OR,56707,ORS002,97123
1902997489,OR,56707,ORS002,97123
1912496670,OR,56707,ORS002,97123
1912518994,OR,56707,ORS002,97123
1912759762,OR,56707,ORS002,97123
1912989773,OR,56707,ORS002,97123
1922495258,OR,56707,ORS002,97123
1932288248,OR,56707,ORS002,97123
1932491032,OR,56707,ORS002,97123
1942468939,OR,56707,ORS002,97123
1942699897,OR,56707,ORS002,97123
1952492571,OR,56707,ORS002,97123
1952771560,OR,56707,ORS002,97123
1952798167,OR,56707,ORS002,97123
1962088641,OR,56707,ORS002,97123
1962419895,OR,56707,ORS002,97123
1962715250,OR,56707,ORS002,97123
1962842823,OR,56707,ORS002,97123
1972589976,OR,56707,ORS002,97123
1972637973,OR,56707,ORS002,97123
1972678845,OR,56707,ORS002,97123
1972711703,OR,56707,ORS002,97123
1972732576,OR,56707,ORS002,97123
1982612446,OR,56707,ORS002,97123
1982929840,OR,56707,ORS002,97123
1992168231,OR,56707,ORS002,97123
1992332589,OR,56707,ORS002,97123
1023386877,MI,29698,MIS007,49201
1023666765,MI,29698,MIS007,49201
1053103663,MI,29698,MIS007,49201
1073019956,MI,29698,MIS007,49201
1083443105,MI,29698,MIS007,49201
1093033474,MI,29698,MIS007,49201
1114708609,MI,29698,MIS007,49201
1174287114,MI,29698,MIS007,49201
1174985154,MI,29698,MIS007,49201
1184967085,MI,29698,MIS007,49201
1194958454,MI,29698,MIS007,49201
1215746110,MI,29698,MIS007,49201
1255195624,MI,29698,MIS007,49201
1275152159,MI,29698,MIS007,49201
1295961241,MI,29698,MIS007,49201
1306560230,MI,29698,MIS007,49201
1316567555,MI,29698,MIS007,49201
1336864933,MI,29698,MIS007,49201
1386380079,MI,29698,MIS007,49201
1386763332,MI,29698,MIS007,49201
1417625856,MI,29698,MIS007,49201
1437591229,MI,29698,MIS007,49201
1467073197,MI,29698,MIS007,49201
1467258913,MI,29698,MIS007,49201
1497498729,MI,29698,MIS007,49201
1497574362,MI,29698,MIS007,49201
1518532019,MI,29698,MIS007,49201
1518589894,MI,29698,MIS007,49201
1548021785,MI,29698,MIS007,49201
1548984602,MI,29698,MIS007,49201
1578124632,MI,29698,MIS007,49201
1578195319,MI,29698,MIS007,49201
1598116774,MI,29698,MIS007,49201
1598167868,MI,29698,MIS007,49201
1619223088,MI,29698,MIS007,49201
1629637228,MI,29698,MIS007,49201
1659747475,MI,29698,MIS007,49201
1669092078,MI,29698,MIS007,49201
1780898692,MI,29698,MIS007,49201
1790473569,MI,29698,MIS007,49201
1811626765,MI,29698,MIS007,49201
1821793134,MI,29698,MIS007,49201
1851968143,MI,29698,MIS007,49201
1861981664,MI,29698,MIS007,49201
1942241633,MI,29698,MIS007,49201
1952162836,MI,29698,MIS007,49201
1982482048,MI,29698,MIS007,49201
1821057159,MI,29698,MIS007,49201
1073136461,MI,29698,MIS007,49201
1205483591,MI,29698,MIS007,49201
1518254614,MI,29698,MIS007,49201
1972201002,MI,29698,MIS007,49201
1689814501,MI,29698,MIS007,49201
1255371530,MI,29698,MIS007,49201
1306683990,MI,29698,MIS007,49201
1578283529,MI,29698,MIS007,49201
1871286708,MI,29698,MIS007,49201
1932561941,MI,29698,MIS007,49201
1972090801,MI,29698,MIS007,49201
1992845028,MI,29698,MIS007,49201
1578051371,MI,29698,MIS007,49201
1689019507,MI,29698,MIS007,49201
1619233749,MI,29698,MIS007,49201
1598474421,MI,29698,MIS007,49201
1720533581,MI,29698,MIS007,49201
1588998561,MI,29698,MIS007,49201
1306824321,MI,29698,MIS003,49423
1043226178,OR,71287,ORS004,97405
1609862846,OR,71287,ORS004,97405
1912223587,OR,71287,ORS004,97405
1043226178,OR,71287,ORS001,97405
1609862846,OR,71287,ORS001,97405
1912223587,OR,71287,ORS001,97405
1013328236,MI,58594,MIS001,49445
1013355007,MI,58594,MIS001,49445
1033269816,MI,58594,MIS001,49445
1043410145,MI,58594,MIS001,49445
1134103732,MI,58594,MIS001,49445
1134244544,MI,58594,MIS001,49445
1154315505,MI,58594,MIS001,49445
1164968921,MI,58594,MIS001,49445
1174521116,MI,58594,MIS001,49445
1174761837,MI,58594,MIS001,49445
1215338090,MI,58594,MIS001,49445
1215547781,MI,58594,MIS001,49445
1215928684,MI,58594,MIS001,49445
1215979216,MI,58594,MIS001,49445
1235392598,MI,58594,MIS001,49445
1265849541,MI,58594,MIS001,49445
1336268747,MI,58594,MIS001,49445
1336670165,MI,58594,MIS001,49445
1346463254,MI,58594,MIS001,49445
1376961177,MI,58594,MIS001,49445
1386786044,MI,58594,MIS001,49445
1447244819,MI,58594,MIS001,49445
1487854485,MI,58594,MIS001,49445
1497746952,MI,58594,MIS001,49445
1497791610,MI,58594,MIS001,49445
1518086230,MI,58594,MIS001,49445
1518321819,MI,58594,MIS001,49445
1538109574,MI,58594,MIS001,49445
1558488874,MI,58594,MIS001,49445
1588205801,MI,58594,MIS001,49445
1609054394,MI,58594,MIS001,49445
1639445844,MI,58594,MIS001,49445
1649632720,MI,58594,MIS001,49445
1659545440,MI,58594,MIS001,49445
1679692206,MI,58594,MIS001,49445
1689194664,MI,58594,MIS001,49445
1720425788,MI,58594,MIS001,49445
1760703284,MI,58594,MIS001,49445
1770600462,MI,58594,MIS001,49445
1770782716,MI,58594,MIS001,49445
1780070870,MI,58594,MIS001,49445
1790766640,MI,58594,MIS001,49445
1801001011,MI,58594,MIS001,49445
1821666876,MI,58594,MIS001,49445
1831180231,MI,58594,MIS001,49445
1871544551,MI,58594,MIS001,49445
1871987792,MI,58594,MIS001,49445
1891995536,MI,58594,MIS001,49445
1912319757,MI,58594,MIS001,49445
1912436320,MI,58594,MIS001,49445
1942289798,MI,58594,MIS001,49445
1982780581,MI,58594,MIS001,49445
1003195389,OR,71287,ORS004,97477
1013990860,OR,71287,ORS004,97477
1033588363,OR,71287,ORS004,97477
1043304363,OR,71287,ORS004,97477
1073873857,OR,71287,ORS004,97477
1083603575,OR,71287,ORS004,97477
1124091095,OR,71287,ORS004,97477
1154330215,OR,71287,ORS004,97477
1164520870,OR,71287,ORS004,97477
1174834832,OR,71287,ORS004,97477
1205991916,OR,71287,ORS004,97477
1245749613,OR,71287,ORS004,97477
1265410799,OR,71287,ORS004,97477
1265641393,OR,71287,ORS004,97477
1295138444,OR,71287,ORS004,97477
1316925829,OR,71287,ORS004,97477
1336119494,OR,71287,ORS004,97477
1356399190,OR,71287,ORS004,97477
1407960388,OR,71287,ORS004,97477
1417687922,OR,71287,ORS004,97477
1427007632,OR,71287,ORS004,97477
1477969319,OR,71287,ORS004,97477
1487415204,OR,71287,ORS004,97477
1497719165,OR,71287,ORS004,97477
1518251370,OR,71287,ORS004,97477
1538345145,OR,71287,ORS004,97477
1548994213,OR,71287,ORS004,97477
1558656199,OR,71287,ORS004,97477
1619125341,OR,71287,ORS004,97477
1619405305,OR,71287,ORS004,97477
1629067756,OR,71287,ORS004,97477
1659040590,OR,71287,ORS004,97477
1659380566,OR,71287,ORS004,97477
1659616555,OR,71287,ORS004,97477
1669413340,OR,71287,ORS004,97477
1720603954,OR,71287,ORS004,97477
1730383167,OR,71287,ORS004,97477
1740335728,OR,71287,ORS004,97477
1780657981,OR,71287,ORS004,97477
1821067489,OR,71287,ORS004,97477
1821574625,OR,71287,ORS004,97477
1912396086,OR,71287,ORS004,97477
1912611146,OR,71287,ORS004,97477
1952412702,OR,71287,ORS004,97477
1962807511,OR,71287,ORS004,97477
1972784486,OR,71287,ORS004,97477
1003195389,OR,71287,ORS001,97477
1013990860,OR,71287,ORS001,97477
1033588363,OR,71287,ORS001,97477
1043304363,OR,71287,ORS001,97477
1073873857,OR,71287,ORS001,97477
1083603575,OR,71287,ORS001,97477
1124091095,OR,71287,ORS001,97477
1154330215,OR,71287,ORS001,97477
1164520870,OR,71287,ORS001,97477
1174834832,OR,71287,ORS001,97477
1205991916,OR,71287,ORS001,97477
1245749613,OR,71287,ORS001,97477
1265410799,OR,71287,ORS001,97477
1265641393,OR,71287,ORS001,97477
1295138444,OR,71287,ORS001,97477
1316925829,OR,71287,ORS001,97477
1336119494,OR,71287,ORS001,97477
1356399190,OR,71287,ORS001,97477
1407960388,OR,71287,ORS001,97477
1417687922,OR,71287,ORS001,97477
1427007632,OR,71287,ORS001,97477
1477969319,OR,71287,ORS001,97477
1487415204,OR,71287,ORS001,97477
1497719165,OR,71287,ORS001,97477
1518251370,OR,71287,ORS001,97477
1538345145,OR,71287,ORS001,97477
1548994213,OR,71287,ORS001,97477
1558656199,OR,71287,ORS001,97477
1619125341,OR,71287,ORS001,97477
1619405305,OR,71287,ORS001,97477
1629067756,OR,71287,ORS001,97477
1659040590,OR,71287,ORS001,97477
1659380566,OR,71287,ORS001,97477
1659616555,OR,71287,ORS001,97477
1669413340,OR,71287,ORS001,97477
1720603954,OR,71287,ORS001,97477
1730383167,OR,71287,ORS001,97477
1740335728,OR,71287,ORS001,97477
1780657981,OR,71287,ORS001,97477
1821067489,OR,71287,ORS001,97477
1821574625,OR,71287,ORS001,97477
1912396086,OR,71287,ORS001,97477
1912611146,OR,71287,ORS001,97477
1952412702,OR,71287,ORS001,97477
1962807511,OR,71287,ORS001,97477
1972784486,OR,71287,ORS001,97477
1336502384,OR,71287,ORS004,97401
1669902599,OR,71287,ORS004,97401
1043408024,OR,71287,ORS004,97401
1104372531,OR,71287,ORS004,97401
1184231854,OR,71287,ORS004,97401
1184401093,OR,71287,ORS004,97401
1194013441,OR,71287,ORS004,97401
1235704909,OR,71287,ORS004,97401
1265827265,OR,71287,ORS004,97401
1275018152,OR,71287,ORS004,97401
1306397666,OR,71287,ORS004,97401
1336300862,OR,71287,ORS004,97401
1356659395,OR,71287,ORS004,97401
1366752974,OR,71287,ORS004,97401
1376982678,OR,71287,ORS004,97401
1407280134,OR,71287,ORS004,97401
1457502486,OR,71287,ORS004,97401
1467942292,OR,71287,ORS004,97401
1497362040,OR,71287,ORS004,97401
1538819990,OR,71287,ORS004,97401
1568083160,OR,71287,ORS004,97401
1609395912,OR,71287,ORS004,97401
1629806401,OR,71287,ORS004,97401
1649400318,OR,71287,ORS004,97401
1679851182,OR,71287,ORS004,97401
1679974166,OR,71287,ORS004,97401
1699126011,OR,71287,ORS004,97401
1699538777,OR,71287,ORS004,97401
1740785450,OR,71287,ORS004,97401
1790362564,OR,71287,ORS004,97401
1801687314,OR,71287,ORS004,97401
1811329105,OR,71287,ORS004,97401
1881069185,OR,71287,ORS004,97401
1891501748,OR,71287,ORS004,97401
1730531203,OR,71287,ORS004,97401
1013478270,OR,71287,ORS004,97401
1346270964,OR,71287,ORS004,97401
1972184349,OR,71287,ORS004,97401
1225406671,OR,71287,ORS004,97401
1063779668,OR,71287,ORS004,97401
1841515939,OR,71287,ORS004,97401
1992496160,OR,71287,ORS004,97401
1184397176,OR,71287,ORS004,97401
1558177121,MI,58594,MIS001,49456
1669348025,MI,58594,MIS001,49456
1063396927,OR,71287,ORS004,97424
1619547833,OR,71287,ORS004,97424
1942630983,OR,71287,ORS004,97424
1336502384,OR,71287,ORS001,97401
1669902599,OR,71287,ORS001,97401
1043408024,OR,71287,ORS001,97401
1104372531,OR,71287,ORS001,97401
1184231854,OR,71287,ORS001,97401
1184401093,OR,71287,ORS001,97401
1194013441,OR,71287,ORS001,97401
1235704909,OR,71287,ORS001,97401
1265827265,OR,71287,ORS001,97401
1275018152,OR,71287,ORS001,97401
1306397666,OR,71287,ORS001,97401
1336300862,OR,71287,ORS001,97401
1356659395,OR,71287,ORS001,97401
1366752974,OR,71287,ORS001,97401
1376982678,OR,71287,ORS001,97401
1407280134,OR,71287,ORS001,97401
1457502486,OR,71287,ORS001,97401
1467942292,OR,71287,ORS001,97401
1497362040,OR,71287,ORS001,97401
1538819990,OR,71287,ORS001,97401
1568083160,OR,71287,ORS001,97401
1609395912,OR,71287,ORS001,97401
1629806401,OR,71287,ORS001,97401
1649400318,OR,71287,ORS001,97401
1679851182,OR,71287,ORS001,97401
1679974166,OR,71287,ORS001,97401
1699126011,OR,71287,ORS001,97401
1699538777,OR,71287,ORS001,97401
1740785450,OR,71287,ORS001,97401
1790362564,OR,71287,ORS001,97401
1801687314,OR,71287,ORS001,97401
1811329105,OR,71287,ORS001,97401
1881069185,OR,71287,ORS001,97401
1891501748,OR,71287,ORS001,97401
1730531203,OR,71287,ORS001,97401
1013478270,OR,71287,ORS001,97401
1346270964,OR,71287,ORS001,97401
1972184349,OR,71287,ORS001,97401
1225406671,OR,71287,ORS001,97401
1063779668,OR,71287,ORS001,97401
1841515939,OR,71287,ORS001,97401
1992496160,OR,71287,ORS001,97401
1184397176,OR,71287,ORS001,97401
1063396927,OR,71287,ORS001,97424
1619547833,OR,71287,ORS001,97424
1942630983,OR,71287,ORS001,97424
1366420168,MI,58594,MIS001,49441
1023436037,OR,71287,ORS004,97477
1114330404,OR,71287,ORS004,97477
1144512138,OR,71287,ORS004,97477
1184623407,OR,71287,ORS004,97477
1326036211,OR,71287,ORS004,97477
1336510635,OR,71287,ORS004,97477
1346365871,OR,71287,ORS004,97477
1376721142,OR,71287,ORS004,97477
1396078937,OR,71287,ORS004,97477
1417397233,OR,71287,ORS004,97477
1467855627,OR,71287,ORS004,97477
1477973535,OR,71287,ORS004,97477
1588793558,OR,71287,ORS004,97477
1598731903,OR,71287,ORS004,97477
1801084116,OR,71287,ORS004,97477
1881957876,OR,71287,ORS004,97477
1912906462,OR,71287,ORS004,97477
1023050549,OR,71287,ORS004,97477
1023516291,OR,71287,ORS004,97477
1033679428,OR,71287,ORS004,97477
1043521974,OR,71287,ORS004,97477
1053676049,OR,71287,ORS004,97477
1063468171,OR,71287,ORS004,97477
1154849446,OR,71287,ORS004,97477
1174750335,OR,71287,ORS004,97477
1194030080,OR,71287,ORS004,97477
1205286283,OR,71287,ORS004,97477
1205520244,OR,71287,ORS004,97477
1235291808,OR,71287,ORS004,97477
1245543222,OR,71287,ORS004,97477
1255113429,OR,71287,ORS004,97477
1285122846,OR,71287,ORS004,97477
1295716926,OR,71287,ORS004,97477
1326533316,OR,71287,ORS004,97477
1366732729,OR,71287,ORS004,97477
1366974438,OR,71287,ORS004,97477
1376075622,OR,71287,ORS004,97477
1376640011,OR,71287,ORS004,97477
1417986761,OR,71287,ORS004,97477
1487411302,OR,71287,ORS004,97477
1518373588,OR,71287,ORS004,97477
1538471305,OR,71287,ORS004,97477
1609257526,OR,71287,ORS004,97477
1629100656,OR,71287,ORS004,97477
1629432422,OR,71287,ORS004,97477
1639468697,OR,71287,ORS004,97477
1679952105,OR,71287,ORS004,97477
1710943303,OR,71287,ORS004,97477
1720364813,OR,71287,ORS004,97477
1740879220,OR,71287,ORS004,97477
1760800932,OR,71287,ORS004,97477
1780941666,OR,71287,ORS004,97477
1811282775,OR,71287,ORS004,97477
1831509371,OR,71287,ORS004,97477
1831578855,OR,71287,ORS004,97477
1841852977,OR,71287,ORS004,97477
1851449938,OR,71287,ORS004,97477
1851779516,OR,71287,ORS004,97477
1881972677,OR,71287,ORS004,97477
1891897112,OR,71287,ORS004,97477
1942447032,OR,71287,ORS004,97477
1174046650,OR,71287,ORS004,97477
1780172957,OR,71287,ORS004,97477
1881600336,OR,71287,ORS004,97477
1083928683,OR,71287,ORS004,97477
1124075122,OR,71287,ORS004,97477
1194848697,OR,71287,ORS004,97477
1265478499,OR,71287,ORS004,97477
1326084377,OR,71287,ORS004,97477
1346277399,OR,71287,ORS004,97477
1407871163,OR,71287,ORS004,97477
1417397738,OR,71287,ORS004,97477
1497787485,OR,71287,ORS004,97477
1508030909,OR,71287,ORS004,97477
1558484238,OR,71287,ORS004,97477
1659683928,OR,71287,ORS004,97477
1730443201,OR,71287,ORS004,97477
1851517999,OR,71287,ORS004,97477
1881630861,OR,71287,ORS004,97477
1467500165,MI,58594,MIS001,49451
1104279876,MI,29698,MIS003,49423
1245014935,MI,29698,MIS003,49423
1750067823,MI,29698,MIS003,49423
1891946554,MI,29698,MIS003,49423
1346029568,MI,29698,MIS003,49423
1528674926,MI,29698,MIS003,49423
1902682727,MI,29698,MIS003,49423
1023777240,MI,29698,MIS003,49423
1912645904,MI,29698,MIS003,49423
1023436037,OR,71287,ORS001,97477
1114330404,OR,71287,ORS001,97477
1144512138,OR,71287,ORS001,97477
1184623407,OR,71287,ORS001,97477
1326036211,OR,71287,ORS001,97477
1336510635,OR,71287,ORS001,97477
1346365871,OR,71287,ORS001,97477
1376721142,OR,71287,ORS001,97477
1396078937,OR,71287,ORS001,97477
1417397233,OR,71287,ORS001,97477
1467855627,OR,71287,ORS001,97477
1477973535,OR,71287,ORS001,97477
1588793558,OR,71287,ORS001,97477
1598731903,OR,71287,ORS001,97477
1801084116,OR,71287,ORS001,97477
1881957876,OR,71287,ORS001,97477
1912906462,OR,71287,ORS001,97477
1023050549,OR,71287,ORS001,97477
1023516291,OR,71287,ORS001,97477
1033679428,OR,71287,ORS001,97477
1043521974,OR,71287,ORS001,97477
1053676049,OR,71287,ORS001,97477
1063468171,OR,71287,ORS001,97477
1154849446,OR,71287,ORS001,97477
1174750335,OR,71287,ORS001,97477
1194030080,OR,71287,ORS001,97477
1205286283,OR,71287,ORS001,97477
1205520244,OR,71287,ORS001,97477
1235291808,OR,71287,ORS001,97477
1245543222,OR,71287,ORS001,97477
1255113429,OR,71287,ORS001,97477
1285122846,OR,71287,ORS001,97477
1295716926,OR,71287,ORS001,97477
1326533316,OR,71287,ORS001,97477
1366732729,OR,71287,ORS001,97477
1366974438,OR,71287,ORS001,97477
1376075622,OR,71287,ORS001,97477
1376640011,OR,71287,ORS001,97477
1417986761,OR,71287,ORS001,97477
1487411302,OR,71287,ORS001,97477
1518373588,OR,71287,ORS001,97477
1538471305,OR,71287,ORS001,97477
1609257526,OR,71287,ORS001,97477
1629100656,OR,71287,ORS001,97477
1629432422,OR,71287,ORS001,97477
1639468697,OR,71287,ORS001,97477
1679952105,OR,71287,ORS001,97477
1710943303,OR,71287,ORS001,97477
1720364813,OR,71287,ORS001,97477
1740879220,OR,71287,ORS001,97477
1760800932,OR,71287,ORS001,97477
1780941666,OR,71287,ORS001,97477
1811282775,OR,71287,ORS001,97477
1831509371,OR,71287,ORS001,97477
1831578855,OR,71287,ORS001,97477
1841852977,OR,71287,ORS001,97477
1851449938,OR,71287,ORS001,97477
1851779516,OR,71287,ORS001,97477
1881972677,OR,71287,ORS001,97477
1891897112,OR,71287,ORS001,97477
1942447032,OR,71287,ORS001,97477
1174046650,OR,71287,ORS001,97477
1780172957,OR,71287,ORS001,97477
1881600336,OR,71287,ORS001,97477
1083928683,OR,71287,ORS001,97477
1124075122,OR,71287,ORS001,97477
1194848697,OR,71287,ORS001,97477
1265478499,OR,71287,ORS001,97477
1326084377,OR,71287,ORS001,97477
1346277399,OR,71287,ORS001,97477
1407871163,OR,71287,ORS001,97477
1417397738,OR,71287,ORS001,97477
1497787485,OR,71287,ORS001,97477
1508030909,OR,71287,ORS001,97477
1558484238,OR,71287,ORS001,97477
1659683928,OR,71287,ORS001,97477
1730443201,OR,71287,ORS001,97477
1851517999,OR,71287,ORS001,97477
1881630861,OR,71287,ORS001,97477
1003832908,MI,29698,MIS005,49017
1013100312,MI,29698,MIS005,49017
1013117209,MI,29698,MIS005,49017
1013204916,MI,29698,MIS005,49017
1013937036,MI,29698,MIS005,49017
1023249364,MI,29698,MIS005,49017
1023340700,MI,29698,MIS005,49017
1023400371,MI,29698,MIS005,49017
1023497021,MI,29698,MIS005,49017
1023576006,MI,29698,MIS005,49017
1033361084,MI,29698,MIS005,49017
1033501044,MI,29698,MIS005,49017
1043230071,MI,29698,MIS005,49017
1043410384,MI,29698,MIS005,49017
1043830664,MI,29698,MIS005,49017
1053394551,MI,29698,MIS005,49017
1053514018,MI,29698,MIS005,49017
1073656963,MI,29698,MIS005,49017
1083608434,MI,29698,MIS005,49017
1083939516,MI,29698,MIS005,49017
1093913246,MI,29698,MIS005,49017
1104176460,MI,29698,MIS005,49017
1104321249,MI,29698,MIS005,49017
1124224183,MI,29698,MIS005,49017
1124295167,MI,29698,MIS005,49017
1124316054,MI,29698,MIS005,49017
1124368360,MI,29698,MIS005,49017
1134751977,MI,29698,MIS005,49017
1154773836,MI,29698,MIS005,49017
1164489316,MI,29698,MIS005,49017
1164612453,MI,29698,MIS005,49017
1174533228,MI,29698,MIS005,49017
1184004756,MI,29698,MIS005,49017
1205064458,MI,29698,MIS005,49017
1205092681,MI,29698,MIS005,49017
1205212057,MI,29698,MIS005,49017
1205987724,MI,29698,MIS005,49017
1215317110,MI,29698,MIS005,49017
1215394580,MI,29698,MIS005,49017
1225096506,MI,29698,MIS005,49017
1225318652,MI,29698,MIS005,49017
1225352792,MI,29698,MIS005,49017
1225391840,MI,29698,MIS005,49017
1225421225,MI,29698,MIS005,49017
1225440829,MI,29698,MIS005,49017
1235173303,MI,29698,MIS005,49017
1235336942,MI,29698,MIS005,49017
1245201169,MI,29698,MIS005,49017
1245789643,MI,29698,MIS005,49017
1255471488,MI,29698,MIS005,49017
1265668420,MI,29698,MIS005,49017
1275868630,MI,29698,MIS005,49017
1285254912,MI,29698,MIS005,49017
1285625590,MI,29698,MIS005,49017
1295124428,MI,29698,MIS005,49017
1295482743,MI,29698,MIS005,49017
1295777670,MI,29698,MIS005,49017
1306496872,MI,29698,MIS005,49017
1316247984,MI,29698,MIS005,49017
1326068347,MI,29698,MIS005,49017
1336472174,MI,29698,MIS005,49017
1336475219,MI,29698,MIS005,49017
1346224086,MI,29698,MIS005,49017
1346765724,MI,29698,MIS005,49017
1346811577,MI,29698,MIS005,49017
1356743959,MI,29698,MIS005,49017
1366822496,MI,29698,MIS005,49017
1376055517,MI,29698,MIS005,49017
1376637660,MI,29698,MIS005,49017
1376953661,MI,29698,MIS005,49017
1386985133,MI,29698,MIS005,49017
1407236607,MI,29698,MIS005,49017
1407305576,MI,29698,MIS005,49017
1407338627,MI,29698,MIS005,49017
1407377930,MI,29698,MIS005,49017
1407696552,MI,29698,MIS005,49017
1417151911,MI,29698,MIS005,49017
1417158619,MI,29698,MIS005,49017
1417922568,MI,29698,MIS005,49017
1427169135,MI,29698,MIS005,49017
1427259035,MI,29698,MIS005,49017
1427687557,MI,29698,MIS005,49017
1447205000,MI,29698,MIS005,49017
1447445002,MI,29698,MIS005,49017
1457434524,MI,29698,MIS005,49017
1457680894,MI,29698,MIS005,49017
1457724965,MI,29698,MIS005,49017
1457912818,MI,29698,MIS005,49017
1467027805,MI,29698,MIS005,49017
1467773374,MI,29698,MIS005,49017
1477622264,MI,29698,MIS005,49017
1477662286,MI,29698,MIS005,49017
1477664167,MI,29698,MIS005,49017
1477946184,MI,29698,MIS005,49017
1487075388,MI,29698,MIS005,49017
1487276549,MI,29698,MIS005,49017
1487286688,MI,29698,MIS005,49017
1487947925,MI,29698,MIS005,49017
1508213513,MI,29698,MIS005,49017
1508822966,MI,29698,MIS005,49017
1508894924,MI,29698,MIS005,49017
1518304666,MI,29698,MIS005,49017
1518392232,MI,29698,MIS005,49017
1528791647,MI,29698,MIS005,49017
1538363999,MI,29698,MIS005,49017
1538548326,MI,29698,MIS005,49017
1548659329,MI,29698,MIS005,49017
1548766363,MI,29698,MIS005,49017
1558660803,MI,29698,MIS005,49017
1558743377,MI,29698,MIS005,49017
1568663185,MI,29698,MIS005,49017
1578024071,MI,29698,MIS005,49017
1578964102,MI,29698,MIS005,49017
1588772016,MI,29698,MIS005,49017
1598073801,MI,29698,MIS005,49017
1598102824,MI,29698,MIS005,49017
1598834392,MI,29698,MIS005,49017
1609079334,MI,29698,MIS005,49017
1609259837,MI,29698,MIS005,49017
1609260884,MI,29698,MIS005,49017
1609338318,MI,29698,MIS005,49017
1609802685,MI,29698,MIS005,49017
1619133907,MI,29698,MIS005,49017
1619574654,MI,29698,MIS005,49017
1619942448,MI,29698,MIS005,49017
1629343298,MI,29698,MIS005,49017
1629638747,MI,29698,MIS005,49017
1649650185,MI,29698,MIS005,49017
1659328508,MI,29698,MIS005,49017
1659692945,MI,29698,MIS005,49017
1669633368,MI,29698,MIS005,49017
1669910188,MI,29698,MIS005,49017
1669931416,MI,29698,MIS005,49017
1669944922,MI,29698,MIS005,49017
1679567044,MI,29698,MIS005,49017
1679591499,MI,29698,MIS005,49017
1679721096,MI,29698,MIS005,49017
1699073643,MI,29698,MIS005,49017
1699202028,MI,29698,MIS005,49017
1699704551,MI,29698,MIS005,49017
1699710566,MI,29698,MIS005,49017
1699757849,MI,29698,MIS005,49017
1699901421,MI,29698,MIS005,49017
1700145422,MI,29698,MIS005,49017
1700235942,MI,29698,MIS005,49017
1700821063,MI,29698,MIS005,49017
1720518657,MI,29698,MIS005,49017
1730109778,MI,29698,MIS005,49017
1730584103,MI,29698,MIS005,49017
1740676295,MI,29698,MIS005,49017
1750310207,MI,29698,MIS005,49017
1770716904,MI,29698,MIS005,49017
1770739302,MI,29698,MIS005,49017
1770960049,MI,29698,MIS005,49017
1780658146,MI,29698,MIS005,49017
1780881219,MI,29698,MIS005,49017
1790231025,MI,29698,MIS005,49017
1790781508,MI,29698,MIS005,49017
1790915544,MI,29698,MIS005,49017
1790950715,MI,29698,MIS005,49017
1790994374,MI,29698,MIS005,49017
1801830732,MI,29698,MIS005,49017
1801994462,MI,29698,MIS005,49017
1811340813,MI,29698,MIS005,49017
1811493133,MI,29698,MIS005,49017
1821316837,MI,29698,MIS005,49017
1821490459,MI,29698,MIS005,49017
1831179407,MI,29698,MIS005,49017
1831203694,MI,29698,MIS005,49017
1861016396,MI,29698,MIS005,49017
1861500894,MI,29698,MIS005,49017
1861696346,MI,29698,MIS005,49017
1871852558,MI,29698,MIS005,49017
1871930107,MI,29698,MIS005,49017
1881048213,MI,29698,MIS005,49017
1881073427,MI,29698,MIS005,49017
1881894459,MI,29698,MIS005,49017
1881898104,MI,29698,MIS005,49017
1881961027,MI,29698,MIS005,49017
1902121544,MI,29698,MIS005,49017
1902194830,MI,29698,MIS005,49017
1902288723,MI,29698,MIS005,49017
1912369570,MI,29698,MIS005,49017
1912951229,MI,29698,MIS005,49017
1922199900,MI,29698,MIS005,49017
1932447018,MI,29698,MIS005,49017
1932490489,MI,29698,MIS005,49017
1932639754,MI,29698,MIS005,49017
1932802980,MI,29698,MIS005,49017
1942589874,MI,29698,MIS005,49017
1942612858,MI,29698,MIS005,49017
1952321952,MI,29698,MIS005,49017
1952354896,MI,29698,MIS005,49017
1952419566,MI,29698,MIS005,49017
1952713737,MI,29698,MIS005,49017
1962596502,MI,29698,MIS005,49017
1962873828,MI,29698,MIS005,49017
1962919555,MI,29698,MIS005,49017
1972523918,MI,29698,MIS005,49017
1982131488,MI,29698,MIS005,49017
1982917282,MI,29698,MIS005,49017
1992154058,MI,29698,MIS005,49017
1992702229,MI,29698,MIS005,49017
1992983209,MI,29698,MIS005,49017
1013319904,MI,29698,MIS005,49017
1053072090,MI,29698,MIS005,49017
1346200573,MI,29698,MIS005,49017
1477904332,MI,29698,MIS005,49017
1619363645,MI,29698,MIS005,49017
1639515349,MI,29698,MIS005,49017
1700994019,MI,29698,MIS005,49017
1952748220,MI,29698,MIS005,49017
1962518589,MI,29698,MIS005,49017
1275583031,MI,29698,MIS003,49423
1912921933,MI,29698,MIS003,49423
1336897313,OR,71287,ORS004,97330
1073569091,OR,71287,ORS004,97322
1144258070,OR,71287,ORS004,97322
1184158479,OR,71287,ORS004,97322
1225479595,OR,71287,ORS004,97322
1255058285,OR,71287,ORS004,97322
1255376786,OR,71287,ORS004,97322
1275608838,OR,71287,ORS004,97322
1306465562,OR,71287,ORS004,97322
1346721362,OR,71287,ORS004,97322
1356812291,OR,71287,ORS004,97322
1366108227,OR,71287,ORS004,97322
1427379650,OR,71287,ORS004,97322
1427481803,OR,71287,ORS004,97322
1487831848,OR,71287,ORS004,97322
1508841974,OR,71287,ORS004,97322
1548298797,OR,71287,ORS004,97322
1548842578,OR,71287,ORS004,97322
1568818581,OR,71287,ORS004,97322
1578632469,OR,71287,ORS004,97322
1639424104,OR,71287,ORS004,97322
1700893088,OR,71287,ORS004,97322
1740222488,OR,71287,ORS004,97322
1790211845,OR,71287,ORS004,97322
1801382007,OR,71287,ORS004,97322
1811511306,OR,71287,ORS004,97322
1851328645,OR,71287,ORS004,97322
1851884506,OR,71287,ORS004,97322
1932354164,OR,71287,ORS004,97322
1932669447,OR,71287,ORS004,97322
1952338139,OR,71287,ORS004,97322
1952340838,OR,71287,ORS004,97322
1104197458,OR,71287,ORS004,97322
1144312943,OR,71287,ORS004,97322
1154488021,OR,71287,ORS004,97322
1215147475,OR,71287,ORS004,97322
1255398681,OR,71287,ORS004,97322
1265794697,OR,71287,ORS004,97322
1275829038,OR,71287,ORS004,97322
1285039453,OR,71287,ORS004,97322
1457647091,OR,71287,ORS004,97322
1649292186,OR,71287,ORS004,97322
1659545176,OR,71287,ORS004,97322
1669518049,OR,71287,ORS004,97322
1679032502,OR,71287,ORS004,97322
1689882730,OR,71287,ORS004,97322
1750679817,OR,71287,ORS004,97322
1780947044,OR,71287,ORS004,97322
1841258647,OR,71287,ORS004,97322
1841269750,OR,71287,ORS004,97322
1336897313,OR,71287,ORS001,97330
1073569091,OR,71287,ORS001,97322
1144258070,OR,71287,ORS001,97322
1184158479,OR,71287,ORS001,97322
1225479595,OR,71287,ORS001,97322
1255058285,OR,71287,ORS001,97322
1255376786,OR,71287,ORS001,97322
1275608838,OR,71287,ORS001,97322
1306465562,OR,71287,ORS001,97322
1346721362,OR,71287,ORS001,97322
1356812291,OR,71287,ORS001,97322
1366108227,OR,71287,ORS001,97322
1427379650,OR,71287,ORS001,97322
1427481803,OR,71287,ORS001,97322
1487831848,OR,71287,ORS001,97322
1508841974,OR,71287,ORS001,97322
1548298797,OR,71287,ORS001,97322
1548842578,OR,71287,ORS001,97322
1568818581,OR,71287,ORS001,97322
1578632469,OR,71287,ORS001,97322
1639424104,OR,71287,ORS001,97322
1700893088,OR,71287,ORS001,97322
1740222488,OR,71287,ORS001,97322
1790211845,OR,71287,ORS001,97322
1801382007,OR,71287,ORS001,97322
1811511306,OR,71287,ORS001,97322
1851328645,OR,71287,ORS001,97322
1851884506,OR,71287,ORS001,97322
1932354164,OR,71287,ORS001,97322
1932669447,OR,71287,ORS001,97322
1952338139,OR,71287,ORS001,97322
1952340838,OR,71287,ORS001,97322
1104197458,OR,71287,ORS001,97322
1144312943,OR,71287,ORS001,97322
1154488021,OR,71287,ORS001,97322
1215147475,OR,71287,ORS001,97322
1255398681,OR,71287,ORS001,97322
1265794697,OR,71287,ORS001,97322
1275829038,OR,71287,ORS001,97322
1285039453,OR,71287,ORS001,97322
1457647091,OR,71287,ORS001,97322
1649292186,OR,71287,ORS001,97322
1659545176,OR,71287,ORS001,97322
1669518049,OR,71287,ORS001,97322
1679032502,OR,71287,ORS001,97322
1689882730,OR,71287,ORS001,97322
1750679817,OR,71287,ORS001,97322
1780947044,OR,71287,ORS001,97322
1841258647,OR,71287,ORS001,97322
1841269750,OR,71287,ORS001,97322
1649350182,MI,29698,MIS005,49017
1093195430,MI,29698,MIS005,49017
1235655036,MI,29698,MIS005,49017
1255339222,MI,29698,MIS005,49017
1285885731,MI,29698,MIS005,49017
1558322933,MI,29698,MIS005,49017
1609103589,MI,29698,MIS005,49017
1639773179,MI,29698,MIS005,49017
1760988448,MI,29698,MIS005,49017
1831327246,MI,29698,MIS005,49017
1912359936,MI,29698,MIS005,49017
1326086935,MI,29698,MIS005,49017
1437574811,MI,29698,MIS005,49017
1851731103,MI,29698,MIS005,49017
1003996547,MI,29698,MIS005,49017
1053927442,MI,29698,MIS005,49017
1093895534,MI,29698,MIS005,49017
1295084267,MI,29698,MIS005,49017
1336689009,MI,29698,MIS005,49017
1376245142,MI,29698,MIS005,49017
1497357800,MI,29698,MIS005,49017
1659048494,MI,29698,MIS005,49017
1699175471,MI,29698,MIS005,49017
1821229154,MI,29698,MIS005,49017
1851708903,MI,29698,MIS005,49017
1992271027,MI,29698,MIS005,49017
1497901110,MI,29698,MIS005,49017
1003063306,MI,29698,MIS005,49017
1053553719,MI,29698,MIS005,49017
1174923189,MI,29698,MIS005,49017
1326070020,MI,29698,MIS005,49017
1386704781,MI,29698,MIS005,49017
1770517120,MI,29698,MIS005,49017
1033847009,MI,29698,MIS005,49017
1356494710,MI,29698,MIS005,49017
1558077883,MI,29698,MIS005,49017
1982193629,MI,29698,MIS005,49017
1407110257,MI,29698,MIS005,49017
1912350893,MI,29698,MIS005,49017
1821331687,MI,29698,MIS005,49017
1891155099,MI,29698,MIS005,49017
1073545133,MI,29698,MIS005,49015
1477835874,MI,29698,MIS005,49015
1871628628,MI,29698,MIS005,49015
1700998481,MI,29698,MIS007,49202
1013003045,OR,71287,ORS004,97408
1013990860,OR,71287,ORS004,97408
1033588363,OR,71287,ORS004,97408
1043304363,OR,71287,ORS004,97408
1063021137,OR,71287,ORS004,97408
1063726701,OR,71287,ORS004,97408
1083705479,OR,71287,ORS004,97408
1114075819,OR,71287,ORS004,97408
1205355740,OR,71287,ORS004,97408
1245749613,OR,71287,ORS004,97408
1295138444,OR,71287,ORS004,97408
1356399190,OR,71287,ORS004,97408
1356563837,OR,71287,ORS004,97408
1366451999,OR,71287,ORS004,97408
1477969319,OR,71287,ORS004,97408
1497719165,OR,71287,ORS004,97408
1538345145,OR,71287,ORS004,97408
1548517105,OR,71287,ORS004,97408
1578714861,OR,71287,ORS004,97408
1588218580,OR,71287,ORS004,97408
1588862098,OR,71287,ORS004,97408
1619405305,OR,71287,ORS004,97408
1659380566,OR,71287,ORS004,97408
1659937266,OR,71287,ORS004,97408
1720603954,OR,71287,ORS004,97408
1770137580,OR,71287,ORS004,97408
1780657981,OR,71287,ORS004,97408
1912518093,OR,71287,ORS004,97408
1922568443,OR,71287,ORS004,97408
1952412702,OR,71287,ORS004,97408
1962807511,OR,71287,ORS004,97408
1972784486,OR,71287,ORS004,97408
1992326136,OR,71287,ORS004,97408
1023010543,OR,71287,ORS004,97408
1235128471,OR,71287,ORS004,97408
1447477823,OR,71287,ORS004,97408
1467653766,OR,71287,ORS004,97408
1477356681,OR,71287,ORS004,97408
1538187901,OR,71287,ORS004,97408
1013003045,OR,71287,ORS001,97408
1013990860,OR,71287,ORS001,97408
1033588363,OR,71287,ORS001,97408
1043304363,OR,71287,ORS001,97408
1063021137,OR,71287,ORS001,97408
1063726701,OR,71287,ORS001,97408
1083705479,OR,71287,ORS001,97408
1114075819,OR,71287,ORS001,97408
1205355740,OR,71287,ORS001,97408
1245749613,OR,71287,ORS001,97408
1295138444,OR,71287,ORS001,97408
1356399190,OR,71287,ORS001,97408
1356563837,OR,71287,ORS001,97408
1366451999,OR,71287,ORS001,97408
1477969319,OR,71287,ORS001,97408
1497719165,OR,71287,ORS001,97408
1538345145,OR,71287,ORS001,97408
1548517105,OR,71287,ORS001,97408
1578714861,OR,71287,ORS001,97408
1588218580,OR,71287,ORS001,97408
1588862098,OR,71287,ORS001,97408
1619405305,OR,71287,ORS001,97408
1659380566,OR,71287,ORS001,97408
1659937266,OR,71287,ORS001,97408
1720603954,OR,71287,ORS001,97408
1770137580,OR,71287,ORS001,97408
1780657981,OR,71287,ORS001,97408
1912518093,OR,71287,ORS001,97408
1922568443,OR,71287,ORS001,97408
1952412702,OR,71287,ORS001,97408
1962807511,OR,71287,ORS001,97408
1972784486,OR,71287,ORS001,97408
1992326136,OR,71287,ORS001,97408
1023010543,OR,71287,ORS001,97408
1235128471,OR,71287,ORS001,97408
1447477823,OR,71287,ORS001,97408
1467653766,OR,71287,ORS001,97408
1477356681,OR,71287,ORS001,97408
1538187901,OR,71287,ORS001,97408
1942683578,MI,58594,MIS001,49445
1629485131,MI,58594,MIS001,49441
1093098964,OR,77969,ORS002,97381
1174100036,OR,77969,ORS002,97381
1215230651,OR,77969,ORS002,97381
1275130510,OR,77969,ORS002,97381
1417536020,OR,77969,ORS002,97381
1013667880,OR,56707,ORS002,97123
1023758893,OR,56707,ORS002,97123
1033253315,OR,56707,ORS002,97123
1063973766,OR,56707,ORS002,97123
1093368680,OR,56707,ORS002,97123
1114205747,OR,56707,ORS002,97123
1124718747,OR,56707,ORS002,97123
1154908671,OR,56707,ORS002,97123
1174639884,OR,56707,ORS002,97123
1184366304,OR,56707,ORS002,97123
1184465130,OR,56707,ORS002,97123
1215513858,OR,56707,ORS002,97123
1225532971,OR,56707,ORS002,97123
1235628595,OR,56707,ORS002,97123
1245663053,OR,56707,ORS002,97123
1255719258,OR,56707,ORS002,97123
1275390130,OR,56707,ORS002,97123
1275977571,OR,56707,ORS002,97123
1306291802,OR,56707,ORS002,97123
1336004118,OR,56707,ORS002,97123
1376265728,OR,56707,ORS002,97123
1386011690,OR,56707,ORS002,97123
1417582271,OR,56707,ORS002,97123
1417678863,OR,56707,ORS002,97123
1427325562,OR,56707,ORS002,97123
1467823849,OR,56707,ORS002,97123
1497086458,OR,56707,ORS002,97123
1497316400,OR,56707,ORS002,97123
1538796040,OR,56707,ORS002,97123
1568987329,OR,56707,ORS002,97123
1588241087,OR,56707,ORS002,97123
1598341190,OR,56707,ORS002,97123
1619436086,OR,56707,ORS002,97123
1619525037,OR,56707,ORS002,97123
1619558020,OR,56707,ORS002,97123
1639761729,OR,56707,ORS002,97123
1659194785,OR,56707,ORS002,97123
1699746305,OR,56707,ORS002,97123
1700515301,OR,56707,ORS002,97123
1710514997,OR,56707,ORS002,97123
1710993308,OR,56707,ORS002,97123
1750963849,OR,56707,ORS002,97123
1760447908,OR,56707,ORS002,97123
1811639404,OR,56707,ORS002,97123
1831831981,OR,56707,ORS002,97123
1861113961,OR,56707,ORS002,97123
1861998643,OR,56707,ORS002,97123
1871850552,OR,56707,ORS002,97123
1871958017,OR,56707,ORS002,97123
1902123953,OR,56707,ORS002,97123
1902563455,OR,56707,ORS002,97123
1922821636,OR,56707,ORS002,97123
1952042921,OR,56707,ORS002,97123
1962461442,OR,56707,ORS002,97123
1003885328,MI,29698,MIS007,49203
1730148594,MI,29698,MIS007,49203
1184965121,OR,71287,ORS004,97477
1235347428,OR,71287,ORS004,97477
1235581265,OR,71287,ORS004,97477
1346282852,OR,71287,ORS004,97477
1417393489,OR,71287,ORS004,97477
1437124021,OR,71287,ORS004,97477
1518567791,OR,71287,ORS004,97477
1750672614,OR,71287,ORS004,97477
1043351992,OR,71287,ORS004,97477
1174501761,OR,71287,ORS004,97477
1871525337,OR,71287,ORS004,97477
1134210370,OR,71287,ORS004,97477
1174011332,OR,71287,ORS004,97477
1366880486,OR,71287,ORS004,97477
1548556533,OR,71287,ORS004,97477
1790714046,OR,71287,ORS004,97477
1760252662,OR,71287,ORS004,97477
1023037306,OR,71287,ORS004,97477
1083977607,OR,71287,ORS004,97477
1104920693,OR,71287,ORS004,97477
1215106877,OR,71287,ORS004,97477
1255983995,OR,71287,ORS004,97477
1265668263,OR,71287,ORS004,97477
1346401445,OR,71287,ORS004,97477
1386082386,OR,71287,ORS004,97477
1396087912,OR,71287,ORS004,97477
1588057293,OR,71287,ORS004,97477
1649299538,OR,71287,ORS004,97477
1699747055,OR,71287,ORS004,97477
1710906177,OR,71287,ORS004,97477
1902884497,OR,71287,ORS004,97477
1912451998,OR,71287,ORS004,97477
1013439215,OR,71287,ORS004,97477
1336514728,OR,71287,ORS004,97477
1497831580,OR,71287,ORS004,97477
1518049683,OR,71287,ORS004,97477
1861170482,OR,71287,ORS004,97477
1871160580,OR,71287,ORS004,97477
1184965121,OR,71287,ORS001,97477
1235347428,OR,71287,ORS001,97477
1235581265,OR,71287,ORS001,97477
1346282852,OR,71287,ORS001,97477
1417393489,OR,71287,ORS001,97477
1437124021,OR,71287,ORS001,97477
1518567791,OR,71287,ORS001,97477
1750672614,OR,71287,ORS001,97477
1043351992,OR,71287,ORS001,97477
1174501761,OR,71287,ORS001,97477
1871525337,OR,71287,ORS001,97477
1134210370,OR,71287,ORS001,97477
1174011332,OR,71287,ORS001,97477
1366880486,OR,71287,ORS001,97477
1548556533,OR,71287,ORS001,97477
1790714046,OR,71287,ORS001,97477
1760252662,OR,71287,ORS001,97477
1023037306,OR,71287,ORS001,97477
1083977607,OR,71287,ORS001,97477
1104920693,OR,71287,ORS001,97477
1215106877,OR,71287,ORS001,97477
1255983995,OR,71287,ORS001,97477
1265668263,OR,71287,ORS001,97477
1346401445,OR,71287,ORS001,97477
1386082386,OR,71287,ORS001,97477
1396087912,OR,71287,ORS001,97477
1588057293,OR,71287,ORS001,97477
1649299538,OR,71287,ORS001,97477
1699747055,OR,71287,ORS001,97477
1710906177,OR,71287,ORS001,97477
1902884497,OR,71287,ORS001,97477
1912451998,OR,71287,ORS001,97477
1013439215,OR,71287,ORS001,97477
1336514728,OR,71287,ORS001,97477
1497831580,OR,71287,ORS001,97477
1518049683,OR,71287,ORS001,97477
1861170482,OR,71287,ORS001,97477
1871160580,OR,71287,ORS001,97477
1003051269,OR,71287,ORS004,97330
1003158700,OR,71287,ORS004,97330
1013281120,OR,71287,ORS004,97330
1013302108,OR,71287,ORS004,97330
1013442425,OR,71287,ORS004,97330
1013925445,OR,71287,ORS004,97330
1013960368,OR,71287,ORS004,97330
1023396983,OR,71287,ORS004,97330
1023465895,OR,71287,ORS004,97330
1023856044,OR,71287,ORS004,97330
1033730817,OR,71287,ORS004,97330
1063090223,OR,71287,ORS004,97330
1063151306,OR,71287,ORS004,97330
1063589059,OR,71287,ORS004,97330
1063805786,OR,71287,ORS004,97330
1073027058,OR,71287,ORS004,97330
1073600938,OR,71287,ORS004,97330
1073735551,OR,71287,ORS004,97330
1073876199,OR,71287,ORS004,97330
1073877858,OR,71287,ORS004,97330
1083119929,OR,71287,ORS004,97330
1083688931,OR,71287,ORS004,97330
1093126757,OR,71287,ORS004,97330
1093547291,OR,71287,ORS004,97330
1093762247,OR,71287,ORS004,97330
1093893554,OR,71287,ORS004,97330
1104144930,OR,71287,ORS004,97330
1104445741,OR,71287,ORS004,97330
1114458841,OR,71287,ORS004,97330
1114963568,OR,71287,ORS004,97330
1124152368,OR,71287,ORS004,97330
1124443320,OR,71287,ORS004,97330
1124555966,OR,71287,ORS004,97330
1124571799,OR,71287,ORS004,97330
1134568959,OR,71287,ORS004,97330
1134647142,OR,71287,ORS004,97330
1144240615,OR,71287,ORS004,97330
1144302639,OR,71287,ORS004,97330
1144312943,OR,71287,ORS004,97330
1144327263,OR,71287,ORS004,97330
1144480260,OR,71287,ORS004,97330
1144611971,OR,71287,ORS004,97330
1144645466,OR,71287,ORS004,97330
1144757311,OR,71287,ORS004,97330
1144858309,OR,71287,ORS004,97330
1154373868,OR,71287,ORS004,97330
1154396570,OR,71287,ORS004,97330
1154488021,OR,71287,ORS004,97330
1154513596,OR,71287,ORS004,97330
1154740231,OR,71287,ORS004,97330
1154763050,OR,71287,ORS004,97330
1164006201,OR,71287,ORS004,97330
1164462990,OR,71287,ORS004,97330
1164855730,OR,71287,ORS004,97330
1174889703,OR,71287,ORS004,97330
1184079162,OR,71287,ORS004,97330
1184623407,OR,71287,ORS004,97330
1184718314,OR,71287,ORS004,97330
1194036269,OR,71287,ORS004,97330
1205019346,OR,71287,ORS004,97330
1205060555,OR,71287,ORS004,97330
1205801289,OR,71287,ORS004,97330
1215082987,OR,71287,ORS004,97330
1215147475,OR,71287,ORS004,97330
1225061963,OR,71287,ORS004,97330
1225073158,OR,71287,ORS004,97330
1225590136,OR,71287,ORS004,97330
1235324708,OR,71287,ORS004,97330
1235425398,OR,71287,ORS004,97330
1235759549,OR,71287,ORS004,97330
1245402320,OR,71287,ORS004,97330
1245507219,OR,71287,ORS004,97330
1245618701,OR,71287,ORS004,97330
1245642685,OR,71287,ORS004,97330
1245724764,OR,71287,ORS004,97330
1255058285,OR,71287,ORS004,97330
1255305462,OR,71287,ORS004,97330
1255398681,OR,71287,ORS004,97330
1255837746,OR,71287,ORS004,97330
1265192116,OR,71287,ORS004,97330
1265412019,OR,71287,ORS004,97330
1265948046,OR,71287,ORS004,97330
1275008021,OR,71287,ORS004,97330
1275579260,OR,71287,ORS004,97330
1275594616,OR,71287,ORS004,97330
1275608838,OR,71287,ORS004,97330
1275821902,OR,71287,ORS004,97330
1275940728,OR,71287,ORS004,97330
1285039453,OR,71287,ORS004,97330
1285192500,OR,71287,ORS004,97330
1285815985,OR,71287,ORS004,97330
1285886366,OR,71287,ORS004,97330
1295128619,OR,71287,ORS004,97330
1295183291,OR,71287,ORS004,97330
1295386506,OR,71287,ORS004,97330
1295754760,OR,71287,ORS004,97330
1295799211,OR,71287,ORS004,97330
1306134721,OR,71287,ORS004,97330
1306465562,OR,71287,ORS004,97330
1306572441,OR,71287,ORS004,97330
1306855622,OR,71287,ORS004,97330
1306972534,OR,71287,ORS004,97330
1316233489,OR,71287,ORS004,97330
1316385974,OR,71287,ORS004,97330
1326307323,OR,71287,ORS004,97330
1326314121,OR,71287,ORS004,97330
1326435504,OR,71287,ORS004,97330
1326574617,OR,71287,ORS004,97330
1336168574,OR,71287,ORS004,97330
1336176734,OR,71287,ORS004,97330
1336304773,OR,71287,ORS004,97330
1366108227,OR,71287,ORS004,97330
1366411241,OR,71287,ORS004,97330
1376027698,OR,71287,ORS004,97330
1376129338,OR,71287,ORS004,97330
1376217042,OR,71287,ORS004,97330
1376510420,OR,71287,ORS004,97330
1386120129,OR,71287,ORS004,97330
1386605913,OR,71287,ORS004,97330
1396797254,OR,71287,ORS004,97330
1407066392,OR,71287,ORS004,97330
1407261456,OR,71287,ORS004,97330
1407418486,OR,71287,ORS004,97330
1407475007,OR,71287,ORS004,97330
1407928153,OR,71287,ORS004,97330
1417310418,OR,71287,ORS004,97330
1417579335,OR,71287,ORS004,97330
1427018027,OR,71287,ORS004,97330
1427128644,OR,71287,ORS004,97330
1427379650,OR,71287,ORS004,97330
1437446408,OR,71287,ORS004,97330
1437487238,OR,71287,ORS004,97330
1437496544,OR,71287,ORS004,97330
1437564283,OR,71287,ORS004,97330
1447802418,OR,71287,ORS004,97330
1457647091,OR,71287,ORS004,97330
1467716068,OR,71287,ORS004,97330
1467830547,OR,71287,ORS004,97330
1467955211,OR,71287,ORS004,97330
1477812915,OR,71287,ORS004,97330
1477819498,OR,71287,ORS004,97330
1487626313,OR,71287,ORS004,97330
1487629184,OR,71287,ORS004,97330
1487696068,OR,71287,ORS004,97330
1497088728,OR,71287,ORS004,97330
1497252670,OR,71287,ORS004,97330
1497913834,OR,71287,ORS004,97330
1497925135,OR,71287,ORS004,97330
1508803602,OR,71287,ORS004,97330
1518922111,OR,71287,ORS004,97330
1518935774,OR,71287,ORS004,97330
1518995430,OR,71287,ORS004,97330
1528001591,OR,71287,ORS004,97330
1528034683,OR,71287,ORS004,97330
1528290459,OR,71287,ORS004,97330
1538235726,OR,71287,ORS004,97330
1538241120,OR,71287,ORS004,97330
1538426549,OR,71287,ORS004,97330
1548458425,OR,71287,ORS004,97330
1548842578,OR,71287,ORS004,97330
1558343574,OR,71287,ORS004,97330
1558604793,OR,71287,ORS004,97330
1568211340,OR,71287,ORS004,97330
1578138244,OR,71287,ORS004,97330
1578668927,OR,71287,ORS004,97330
1578940441,OR,71287,ORS004,97330
1578958930,OR,71287,ORS004,97330
1588690564,OR,71287,ORS004,97330
1598142614,OR,71287,ORS004,97330
1598708455,OR,71287,ORS004,97330
1598853822,OR,71287,ORS004,97330
1609077296,OR,71287,ORS004,97330
1609130392,OR,71287,ORS004,97330
1609284629,OR,71287,ORS004,97330
1609817592,OR,71287,ORS004,97330
1619061165,OR,71287,ORS004,97330
1619263035,OR,71287,ORS004,97330
1629269287,OR,71287,ORS004,97330
1629481452,OR,71287,ORS004,97330
1639185697,OR,71287,ORS004,97330
1639424104,OR,71287,ORS004,97330
1639685043,OR,71287,ORS004,97330
1639732951,OR,71287,ORS004,97330
1639798267,OR,71287,ORS004,97330
1649041906,OR,71287,ORS004,97330
1649233503,OR,71287,ORS004,97330
1649261991,OR,71287,ORS004,97330
1649292186,OR,71287,ORS004,97330
1649382417,OR,71287,ORS004,97330
1649675240,OR,71287,ORS004,97330
1649808452,OR,71287,ORS004,97330
1659132454,OR,71287,ORS004,97330
1659483204,OR,71287,ORS004,97330
1659530442,OR,71287,ORS004,97330
1659545176,OR,71287,ORS004,97330
1659552818,OR,71287,ORS004,97330
1659711463,OR,71287,ORS004,97330
1659729986,OR,71287,ORS004,97330
1669085981,OR,71287,ORS004,97330
1669518049,OR,71287,ORS004,97330
1669860979,OR,71287,ORS004,97330
1679032502,OR,71287,ORS004,97330
1679076012,OR,71287,ORS004,97330
1679867071,OR,71287,ORS004,97330
1679869283,OR,71287,ORS004,97330
1679945000,OR,71287,ORS004,97330
1679978340,OR,71287,ORS004,97330
1689051690,OR,71287,ORS004,97330
1689459497,OR,71287,ORS004,97330
1689740094,OR,71287,ORS004,97330
1689882730,OR,71287,ORS004,97330
1699220228,OR,71287,ORS004,97330
1699220491,OR,71287,ORS004,97330
1700069408,OR,71287,ORS004,97330
1700204062,OR,71287,ORS004,97330
1700912482,OR,71287,ORS004,97330
1710338173,OR,71287,ORS004,97330
1710372701,OR,71287,ORS004,97330
1710406442,OR,71287,ORS004,97330
1710541750,OR,71287,ORS004,97330
1710685417,OR,71287,ORS004,97330
1710924451,OR,71287,ORS004,97330
1720224801,OR,71287,ORS004,97330
1720241805,OR,71287,ORS004,97330
1730115551,OR,71287,ORS004,97330
1740205830,OR,71287,ORS004,97330
1740568609,OR,71287,ORS004,97330
1740617729,OR,71287,ORS004,97330
1750050191,OR,71287,ORS004,97330
1750661211,OR,71287,ORS004,97330
1750679817,OR,71287,ORS004,97330
1750768511,OR,71287,ORS004,97330
1750777397,OR,71287,ORS004,97330
1760423289,OR,71287,ORS004,97330
1760431464,OR,71287,ORS004,97330
1770529927,OR,71287,ORS004,97330
1770770463,OR,71287,ORS004,97330
1770803892,OR,71287,ORS004,97330
1780061812,OR,71287,ORS004,97330
1780136242,OR,71287,ORS004,97330
1780607606,OR,71287,ORS004,97330
1780947044,OR,71287,ORS004,97330
1790091403,OR,71287,ORS004,97330
1790211845,OR,71287,ORS004,97330
1790226579,OR,71287,ORS004,97330
1801319058,OR,71287,ORS004,97330
1801337092,OR,71287,ORS004,97330
1801399845,OR,71287,ORS004,97330
1811511306,OR,71287,ORS004,97330
1821242942,OR,71287,ORS004,97330
1821559162,OR,71287,ORS004,97330
1821569088,OR,71287,ORS004,97330
1831148592,OR,71287,ORS004,97330
1831267582,OR,71287,ORS004,97330
1831534668,OR,71287,ORS004,97330
1841209376,OR,71287,ORS004,97330
1841258647,OR,71287,ORS004,97330
1841269750,OR,71287,ORS004,97330
1841421229,OR,71287,ORS004,97330
1841610094,OR,71287,ORS004,97330
1841649969,OR,71287,ORS004,97330
1851026314,OR,71287,ORS004,97330
1851587901,OR,71287,ORS004,97330
1851602502,OR,71287,ORS004,97330
1851884506,OR,71287,ORS004,97330
1861818957,OR,71287,ORS004,97330
1861948069,OR,71287,ORS004,97330
1871507962,OR,71287,ORS004,97330
1871512368,OR,71287,ORS004,97330
1871704841,OR,71287,ORS004,97330
1871813394,OR,71287,ORS004,97330
1871856138,OR,71287,ORS004,97330
1871932699,OR,71287,ORS004,97330
1871988295,OR,71287,ORS004,97330
1881043560,OR,71287,ORS004,97330
1881075513,OR,71287,ORS004,97330
1881128270,OR,71287,ORS004,97330
1881613032,OR,71287,ORS004,97330
1881656783,OR,71287,ORS004,97330
1891065348,OR,71287,ORS004,97330
1891707683,OR,71287,ORS004,97330
1891787453,OR,71287,ORS004,97330
1891938817,OR,71287,ORS004,97330
1902028111,OR,71287,ORS004,97330
1902028368,OR,71287,ORS004,97330
1902255748,OR,71287,ORS004,97330
1902284714,OR,71287,ORS004,97330
1912019217,OR,71287,ORS004,97330
1912148529,OR,71287,ORS004,97330
1922032333,OR,71287,ORS004,97330
1922319052,OR,71287,ORS004,97330
1932124393,OR,71287,ORS004,97330
1932151990,OR,71287,ORS004,97330
1932159324,OR,71287,ORS004,97330
1932354164,OR,71287,ORS004,97330
1932595600,OR,71287,ORS004,97330
1942665138,OR,71287,ORS004,97330
1942866686,OR,71287,ORS004,97330
1952079931,OR,71287,ORS004,97330
1952497737,OR,71287,ORS004,97330
1952519522,OR,71287,ORS004,97330
1952643744,OR,71287,ORS004,97330
1952806291,OR,71287,ORS004,97330
1952857591,OR,71287,ORS004,97330
1952861379,OR,71287,ORS004,97330
1952930125,OR,71287,ORS004,97330
1962476580,OR,71287,ORS004,97330
1962820936,OR,71287,ORS004,97330
1962848366,OR,71287,ORS004,97330
1972693935,OR,71287,ORS004,97330
1972899441,OR,71287,ORS004,97330
1982059903,OR,71287,ORS004,97330
1982146288,OR,71287,ORS004,97330
1982268066,OR,71287,ORS004,97330
1982279527,OR,71287,ORS004,97330
1982641957,OR,71287,ORS004,97330
1982805719,OR,71287,ORS004,97330
1982866406,OR,71287,ORS004,97330
1992185995,OR,71287,ORS004,97330
1992476907,OR,71287,ORS004,97330
1992794945,OR,71287,ORS004,97330
1992935787,OR,71287,ORS004,97330
1992947030,OR,71287,ORS004,97330
1992962377,OR,71287,ORS004,97330
1073593422,OR,71287,ORS004,97330
1225324395,OR,71287,ORS004,97330
1285998047,OR,71287,ORS004,97330
1336302686,OR,71287,ORS004,97330
1336584010,OR,71287,ORS004,97330
1427468131,OR,71287,ORS004,97330
1447294509,OR,71287,ORS004,97330
1497959506,OR,71287,ORS004,97330
1619918034,OR,71287,ORS004,97330
1669035457,OR,71287,ORS004,97330
1699934612,OR,71287,ORS004,97330
1720027220,OR,71287,ORS004,97330
1801829361,OR,71287,ORS004,97330
1831365048,OR,71287,ORS004,97330
1861451916,OR,71287,ORS004,97330
1932441680,OR,71287,ORS004,97330
1952662892,OR,71287,ORS004,97330
1134378698,OR,71287,ORS004,97333
1285055467,OR,71287,ORS004,97333
1003051269,OR,71287,ORS001,97330
1003158700,OR,71287,ORS001,97330
1013281120,OR,71287,ORS001,97330
1013302108,OR,71287,ORS001,97330
1013442425,OR,71287,ORS001,97330
1013925445,OR,71287,ORS001,97330
1013960368,OR,71287,ORS001,97330
1023396983,OR,71287,ORS001,97330
1023465895,OR,71287,ORS001,97330
1023856044,OR,71287,ORS001,97330
1033730817,OR,71287,ORS001,97330
1063090223,OR,71287,ORS001,97330
1063151306,OR,71287,ORS001,97330
1063589059,OR,71287,ORS001,97330
1063805786,OR,71287,ORS001,97330
1073027058,OR,71287,ORS001,97330
1073600938,OR,71287,ORS001,97330
1073735551,OR,71287,ORS001,97330
1073876199,OR,71287,ORS001,97330
1073877858,OR,71287,ORS001,97330
1083119929,OR,71287,ORS001,97330
1083688931,OR,71287,ORS001,97330
1093126757,OR,71287,ORS001,97330
1093547291,OR,71287,ORS001,97330
1093762247,OR,71287,ORS001,97330
1093893554,OR,71287,ORS001,97330
1104144930,OR,71287,ORS001,97330
1104445741,OR,71287,ORS001,97330
1114458841,OR,71287,ORS001,97330
1114963568,OR,71287,ORS001,97330
1124152368,OR,71287,ORS001,97330
1124443320,OR,71287,ORS001,97330
1124555966,OR,71287,ORS001,97330
1124571799,OR,71287,ORS001,97330
1134568959,OR,71287,ORS001,97330
1134647142,OR,71287,ORS001,97330
1144240615,OR,71287,ORS001,97330
1144302639,OR,71287,ORS001,97330
1144312943,OR,71287,ORS001,97330
1144327263,OR,71287,ORS001,97330
1144480260,OR,71287,ORS001,97330
1144611971,OR,71287,ORS001,97330
1144645466,OR,71287,ORS001,97330
1144757311,OR,71287,ORS001,97330
1144858309,OR,71287,ORS001,97330
1154373868,OR,71287,ORS001,97330
1154396570,OR,71287,ORS001,97330
1154488021,OR,71287,ORS001,97330
1154513596,OR,71287,ORS001,97330
1154740231,OR,71287,ORS001,97330
1154763050,OR,71287,ORS001,97330
1164006201,OR,71287,ORS001,97330
1164462990,OR,71287,ORS001,97330
1164855730,OR,71287,ORS001,97330
1174889703,OR,71287,ORS001,97330
1184079162,OR,71287,ORS001,97330
1184623407,OR,71287,ORS001,97330
1184718314,OR,71287,ORS001,97330
1194036269,OR,71287,ORS001,97330
1205019346,OR,71287,ORS001,97330
1205060555,OR,71287,ORS001,97330
1205801289,OR,71287,ORS001,97330
1215082987,OR,71287,ORS001,97330
1215147475,OR,71287,ORS001,97330
1225061963,OR,71287,ORS001,97330
1225073158,OR,71287,ORS001,97330
1225590136,OR,71287,ORS001,97330
1235324708,OR,71287,ORS001,97330
1235425398,OR,71287,ORS001,97330
1235759549,OR,71287,ORS001,97330
1245402320,OR,71287,ORS001,97330
1245507219,OR,71287,ORS001,97330
1245618701,OR,71287,ORS001,97330
1245642685,OR,71287,ORS001,97330
1245724764,OR,71287,ORS001,97330
1255058285,OR,71287,ORS001,97330
1255305462,OR,71287,ORS001,97330
1255398681,OR,71287,ORS001,97330
1255837746,OR,71287,ORS001,97330
1265192116,OR,71287,ORS001,97330
1265412019,OR,71287,ORS001,97330
1265948046,OR,71287,ORS001,97330
1275008021,OR,71287,ORS001,97330
1275579260,OR,71287,ORS001,97330
1275594616,OR,71287,ORS001,97330
1275608838,OR,71287,ORS001,97330
1275821902,OR,71287,ORS001,97330
1275940728,OR,71287,ORS001,97330
1285039453,OR,71287,ORS001,97330
1285192500,OR,71287,ORS001,97330
1285815985,OR,71287,ORS001,97330
1285886366,OR,71287,ORS001,97330
1295128619,OR,71287,ORS001,97330
1295183291,OR,71287,ORS001,97330
1295386506,OR,71287,ORS001,97330
1295754760,OR,71287,ORS001,97330
1295799211,OR,71287,ORS001,97330
1306134721,OR,71287,ORS001,97330
1306465562,OR,71287,ORS001,97330
1306572441,OR,71287,ORS001,97330
1306855622,OR,71287,ORS001,97330
1306972534,OR,71287,ORS001,97330
1316233489,OR,71287,ORS001,97330
1316385974,OR,71287,ORS001,97330
1326307323,OR,71287,ORS001,97330
1326314121,OR,71287,ORS001,97330
1326435504,OR,71287,ORS001,97330
1326574617,OR,71287,ORS001,97330
1336168574,OR,71287,ORS001,97330
1336176734,OR,71287,ORS001,97330
1336304773,OR,71287,ORS001,97330
1366108227,OR,71287,ORS001,97330
1366411241,OR,71287,ORS001,97330
1376027698,OR,71287,ORS001,97330
1376129338,OR,71287,ORS001,97330
1376217042,OR,71287,ORS001,97330
1376510420,OR,71287,ORS001,97330
1386120129,OR,71287,ORS001,97330
1386605913,OR,71287,ORS001,97330
1396797254,OR,71287,ORS001,97330
1407066392,OR,71287,ORS001,97330
1407261456,OR,71287,ORS001,97330
1407418486,OR,71287,ORS001,97330
1407475007,OR,71287,ORS001,97330
1407928153,OR,71287,ORS001,97330
1417310418,OR,71287,ORS001,97330
1417579335,OR,71287,ORS001,97330
1427018027,OR,71287,ORS001,97330
1427128644,OR,71287,ORS001,97330
1427379650,OR,71287,ORS001,97330
1437446408,OR,71287,ORS001,97330
1437487238,OR,71287,ORS001,97330
1437496544,OR,71287,ORS001,97330
1437564283,OR,71287,ORS001,97330
1447802418,OR,71287,ORS001,97330
1457647091,OR,71287,ORS001,97330
1467716068,OR,71287,ORS001,97330
1467830547,OR,71287,ORS001,97330
1467955211,OR,71287,ORS001,97330
1477812915,OR,71287,ORS001,97330
1477819498,OR,71287,ORS001,97330
1487626313,OR,71287,ORS001,97330
1487629184,OR,71287,ORS001,97330
1487696068,OR,71287,ORS001,97330
1497088728,OR,71287,ORS001,97330
1497252670,OR,71287,ORS001,97330
1497913834,OR,71287,ORS001,97330
1497925135,OR,71287,ORS001,97330
1508803602,OR,71287,ORS001,97330
1518922111,OR,71287,ORS001,97330
1518935774,OR,71287,ORS001,97330
1518995430,OR,71287,ORS001,97330
1528001591,OR,71287,ORS001,97330
1528034683,OR,71287,ORS001,97330
1528290459,OR,71287,ORS001,97330
1538235726,OR,71287,ORS001,97330
1538241120,OR,71287,ORS001,97330
1538426549,OR,71287,ORS001,97330
1548458425,OR,71287,ORS001,97330
1548842578,OR,71287,ORS001,97330
1558343574,OR,71287,ORS001,97330
1558604793,OR,71287,ORS001,97330
1568211340,OR,71287,ORS001,97330
1578138244,OR,71287,ORS001,97330
1578668927,OR,71287,ORS001,97330
1578940441,OR,71287,ORS001,97330
1578958930,OR,71287,ORS001,97330
1588690564,OR,71287,ORS001,97330
1598142614,OR,71287,ORS001,97330
1598708455,OR,71287,ORS001,97330
1598853822,OR,71287,ORS001,97330
1609077296,OR,71287,ORS001,97330
1609130392,OR,71287,ORS001,97330
1609284629,OR,71287,ORS001,97330
1609817592,OR,71287,ORS001,97330
1619061165,OR,71287,ORS001,97330
1619263035,OR,71287,ORS001,97330
1629269287,OR,71287,ORS001,97330
1629481452,OR,71287,ORS001,97330
1639185697,OR,71287,ORS001,97330
1639424104,OR,71287,ORS001,97330
1639685043,OR,71287,ORS001,97330
1639732951,OR,71287,ORS001,97330
1639798267,OR,71287,ORS001,97330
1649041906,OR,71287,ORS001,97330
1649233503,OR,71287,ORS001,97330
1649261991,OR,71287,ORS001,97330
1649292186,OR,71287,ORS001,97330
1649382417,OR,71287,ORS001,97330
1649675240,OR,71287,ORS001,97330
1649808452,OR,71287,ORS001,97330
1659132454,OR,71287,ORS001,97330
1659483204,OR,71287,ORS001,97330
1659530442,OR,71287,ORS001,97330
1659545176,OR,71287,ORS001,97330
1659552818,OR,71287,ORS001,97330
1659711463,OR,71287,ORS001,97330
1659729986,OR,71287,ORS001,97330
1669085981,OR,71287,ORS001,97330
1669518049,OR,71287,ORS001,97330
1669860979,OR,71287,ORS001,97330
1679032502,OR,71287,ORS001,97330
1679076012,OR,71287,ORS001,97330
1679867071,OR,71287,ORS001,97330
1679869283,OR,71287,ORS001,97330
1679945000,OR,71287,ORS001,97330
1679978340,OR,71287,ORS001,97330
1689051690,OR,71287,ORS001,97330
1689459497,OR,71287,ORS001,97330
1689740094,OR,71287,ORS001,97330
1689882730,OR,71287,ORS001,97330
1699220228,OR,71287,ORS001,97330
1699220491,OR,71287,ORS001,97330
1700069408,OR,71287,ORS001,97330
1700204062,OR,71287,ORS001,97330
1700912482,OR,71287,ORS001,97330
1710338173,OR,71287,ORS001,97330
1710372701,OR,71287,ORS001,97330
1710406442,OR,71287,ORS001,97330
1710541750,OR,71287,ORS001,97330
1710685417,OR,71287,ORS001,97330
1710924451,OR,71287,ORS001,97330
1720224801,OR,71287,ORS001,97330
1720241805,OR,71287,ORS001,97330
1730115551,OR,71287,ORS001,97330
1740205830,OR,71287,ORS001,97330
1740568609,OR,71287,ORS001,97330
1740617729,OR,71287,ORS001,97330
1750050191,OR,71287,ORS001,97330
1750661211,OR,71287,ORS001,97330
1750679817,OR,71287,ORS001,97330
1750768511,OR,71287,ORS001,97330
1750777397,OR,71287,ORS001,97330
1760423289,OR,71287,ORS001,97330
1760431464,OR,71287,ORS001,97330
1770529927,OR,71287,ORS001,97330
1770770463,OR,71287,ORS001,97330
1770803892,OR,71287,ORS001,97330
1780061812,OR,71287,ORS001,97330
1780136242,OR,71287,ORS001,97330
1780607606,OR,71287,ORS001,97330
1780947044,OR,71287,ORS001,97330
1790091403,OR,71287,ORS001,97330
1790211845,OR,71287,ORS001,97330
1790226579,OR,71287,ORS001,97330
1801319058,OR,71287,ORS001,97330
1801337092,OR,71287,ORS001,97330
1801399845,OR,71287,ORS001,97330
1811511306,OR,71287,ORS001,97330
1821242942,OR,71287,ORS001,97330
1821559162,OR,71287,ORS001,97330
1821569088,OR,71287,ORS001,97330
1831148592,OR,71287,ORS001,97330
1831267582,OR,71287,ORS001,97330
1831534668,OR,71287,ORS001,97330
1841209376,OR,71287,ORS001,97330
1841258647,OR,71287,ORS001,97330
1841269750,OR,71287,ORS001,97330
1841421229,OR,71287,ORS001,97330
1841610094,OR,71287,ORS001,97330
1841649969,OR,71287,ORS001,97330
1851026314,OR,71287,ORS001,97330
1851587901,OR,71287,ORS001,97330
1851602502,OR,71287,ORS001,97330
1851884506,OR,71287,ORS001,97330
1861818957,OR,71287,ORS001,97330
1861948069,OR,71287,ORS001,97330
1871507962,OR,71287,ORS001,97330
1871512368,OR,71287,ORS001,97330
1871704841,OR,71287,ORS001,97330
1871813394,OR,71287,ORS001,97330
1871856138,OR,71287,ORS001,97330
1871932699,OR,71287,ORS001,97330
1871988295,OR,71287,ORS001,97330
1881043560,OR,71287,ORS001,97330
1881075513,OR,71287,ORS001,97330
1881128270,OR,71287,ORS001,97330
1881613032,OR,71287,ORS001,97330
1881656783,OR,71287,ORS001,97330
1891065348,OR,71287,ORS001,97330
1891707683,OR,71287,ORS001,97330
1891787453,OR,71287,ORS001,97330
1891938817,OR,71287,ORS001,97330
1902028111,OR,71287,ORS001,97330
1902028368,OR,71287,ORS001,97330
1902255748,OR,71287,ORS001,97330
1902284714,OR,71287,ORS001,97330
1912019217,OR,71287,ORS001,97330
1912148529,OR,71287,ORS001,97330
1922032333,OR,71287,ORS001,97330
1922319052,OR,71287,ORS001,97330
1932124393,OR,71287,ORS001,97330
1932151990,OR,71287,ORS001,97330
1932159324,OR,71287,ORS001,97330
1932354164,OR,71287,ORS001,97330
1932595600,OR,71287,ORS001,97330
1942665138,OR,71287,ORS001,97330
1942866686,OR,71287,ORS001,97330
1952079931,OR,71287,ORS001,97330
1952497737,OR,71287,ORS001,97330
1952519522,OR,71287,ORS001,97330
1952643744,OR,71287,ORS001,97330
1952806291,OR,71287,ORS001,97330
1952857591,OR,71287,ORS001,97330
1952861379,OR,71287,ORS001,97330
1952930125,OR,71287,ORS001,97330
1962476580,OR,71287,ORS001,97330
1962820936,OR,71287,ORS001,97330
1962848366,OR,71287,ORS001,97330
1972693935,OR,71287,ORS001,97330
1972899441,OR,71287,ORS001,97330
1982059903,OR,71287,ORS001,97330
1982146288,OR,71287,ORS001,97330
1982268066,OR,71287,ORS001,97330
1982279527,OR,71287,ORS001,97330
1982641957,OR,71287,ORS001,97330
1982805719,OR,71287,ORS001,97330
1982866406,OR,71287,ORS001,97330
1992185995,OR,71287,ORS001,97330
1992476907,OR,71287,ORS001,97330
1992794945,OR,71287,ORS001,97330
1992935787,OR,71287,ORS001,97330
1992947030,OR,71287,ORS001,97330
1992962377,OR,71287,ORS001,97330
1073593422,OR,71287,ORS001,97330
1225324395,OR,71287,ORS001,97330
1285998047,OR,71287,ORS001,97330
1336302686,OR,71287,ORS001,97330
1336584010,OR,71287,ORS001,97330
1427468131,OR,71287,ORS001,97330
1447294509,OR,71287,ORS001,97330
1497959506,OR,71287,ORS001,97330
1619918034,OR,71287,ORS001,97330
1669035457,OR,71287,ORS001,97330
1699934612,OR,71287,ORS001,97330
1720027220,OR,71287,ORS001,97330
1801829361,OR,71287,ORS001,97330
1831365048,OR,71287,ORS001,97330
1861451916,OR,71287,ORS001,97330
1932441680,OR,71287,ORS001,97330
1952662892,OR,71287,ORS001,97330
1134378698,OR,71287,ORS001,97333
1285055467,OR,71287,ORS001,97333
1003454992,OR,77969,ORS002,97381
1023239407,OR,77969,ORS002,97381
1043659006,OR,77969,ORS002,97381
1053585935,OR,77969,ORS002,97381
1053586016,OR,77969,ORS002,97381
1104806959,OR,77969,ORS002,97381
1104982818,OR,77969,ORS002,97381
1124347117,OR,77969,ORS002,97381
1144312166,OR,77969,ORS002,97381
1174042824,OR,77969,ORS002,97381
1174535090,OR,77969,ORS002,97381
1184671620,OR,77969,ORS002,97381
1184756603,OR,77969,ORS002,97381
1184874349,OR,77969,ORS002,97381
1205274370,OR,77969,ORS002,97381
1205997897,OR,77969,ORS002,97381
1245359454,OR,77969,ORS002,97381
1265799407,OR,77969,ORS002,97381
1285723726,OR,77969,ORS002,97381
1326090762,OR,77969,ORS002,97381
1356965701,OR,77969,ORS002,97381
1366861775,OR,77969,ORS002,97381
1386961712,OR,77969,ORS002,97381
1427276757,OR,77969,ORS002,97381
1437139011,OR,77969,ORS002,97381
1447229877,OR,77969,ORS002,97381
1457313108,OR,77969,ORS002,97381
1457652679,OR,77969,ORS002,97381
1457855306,OR,77969,ORS002,97381
1477278174,OR,77969,ORS002,97381
1518139617,OR,77969,ORS002,97381
1528720679,OR,77969,ORS002,97381
1548259773,OR,77969,ORS002,97381
1568662385,OR,77969,ORS002,97381
1568676583,OR,77969,ORS002,97381
1568794055,OR,77969,ORS002,97381
1578728168,OR,77969,ORS002,97381
1588286215,OR,77969,ORS002,97381
1598781429,OR,77969,ORS002,97381
1629052444,OR,77969,ORS002,97381
1629139951,OR,77969,ORS002,97381
1639131923,OR,77969,ORS002,97381
1639152549,OR,77969,ORS002,97381
1669799706,OR,77969,ORS002,97381
1679734354,OR,77969,ORS002,97381
1700224516,OR,77969,ORS002,97381
1710049333,OR,77969,ORS002,97381
1720241458,OR,77969,ORS002,97381
1720465933,OR,77969,ORS002,97381
1720489644,OR,77969,ORS002,97381
1730131855,OR,77969,ORS002,97381
1750873436,OR,77969,ORS002,97381
1760189237,OR,77969,ORS002,97381
1770984841,OR,77969,ORS002,97381
1790362481,OR,77969,ORS002,97381
1801836721,OR,77969,ORS002,97381
1811980998,OR,77969,ORS002,97381
1841241106,OR,77969,ORS002,97381
1841797990,OR,77969,ORS002,97381
1851420863,OR,77969,ORS002,97381
1851816854,OR,77969,ORS002,97381
1861994055,OR,77969,ORS002,97381
1871962589,OR,77969,ORS002,97381
1881027241,OR,77969,ORS002,97381
1891729778,OR,77969,ORS002,97381
1902528789,OR,77969,ORS002,97381
1902577323,OR,77969,ORS002,97381
1912391830,OR,77969,ORS002,97381
1922050236,OR,77969,ORS002,97381
1932277944,OR,77969,ORS002,97381
1932594082,OR,77969,ORS002,97381
1942219431,OR,77969,ORS002,97381
1942615869,OR,77969,ORS002,97381
1962406223,OR,77969,ORS002,97381
1962453217,OR,77969,ORS002,97381
1962778902,OR,77969,ORS002,97381
1962848903,OR,77969,ORS002,97381
1962988154,OR,77969,ORS002,97381
1336204049,MI,29698,MIS005,49014
1649239070,MI,29698,MIS005,49014
1235316498,MI,29698,MIS005,49014
1023040722,OR,71287,ORS004,97330
1033169271,OR,71287,ORS004,97330
1033642020,OR,71287,ORS004,97330
1043957210,OR,71287,ORS004,97330
1053363747,OR,71287,ORS004,97330
1053684696,OR,71287,ORS004,97330
1063461564,OR,71287,ORS004,97330
1063640266,OR,71287,ORS004,97330
1144390592,OR,71287,ORS004,97330
1154049534,OR,71287,ORS004,97330
1174574677,OR,71287,ORS004,97330
1184298663,OR,71287,ORS004,97330
1184673998,OR,71287,ORS004,97330
1194737429,OR,71287,ORS004,97330
1194775171,OR,71287,ORS004,97330
1215022512,OR,71287,ORS004,97330
1215272505,OR,71287,ORS004,97330
1225374580,OR,71287,ORS004,97330
1235310269,OR,71287,ORS004,97330
1235392580,OR,71287,ORS004,97330
1235634262,OR,71287,ORS004,97330
1245289115,OR,71287,ORS004,97330
1295460616,OR,71287,ORS004,97330
1306089263,OR,71287,ORS004,97330
1326314519,OR,71287,ORS004,97330
1326481466,OR,71287,ORS004,97330
1366492886,OR,71287,ORS004,97330
1376320077,OR,71287,ORS004,97330
1386694776,OR,71287,ORS004,97330
1386746998,OR,71287,ORS004,97330
1396775342,OR,71287,ORS004,97330
1396794756,OR,71287,ORS004,97330
1407381890,OR,71287,ORS004,97330
1417055476,OR,71287,ORS004,97330
1427002039,OR,71287,ORS004,97330
1427009497,OR,71287,ORS004,97330
1437320942,OR,71287,ORS004,97330
1467438044,OR,71287,ORS004,97330
1467955401,OR,71287,ORS004,97330
1477597250,OR,71287,ORS004,97330
1508363318,OR,71287,ORS004,97330
1508852252,OR,71287,ORS004,97330
1518314756,OR,71287,ORS004,97330
1538138516,OR,71287,ORS004,97330
1548451362,OR,71287,ORS004,97330
1548469315,OR,71287,ORS004,97330
1578856449,OR,71287,ORS004,97330
1588944847,OR,71287,ORS004,97330
1588963946,OR,71287,ORS004,97330
1629232194,OR,71287,ORS004,97330
1639439862,OR,71287,ORS004,97330
1639558216,OR,71287,ORS004,97330
1649368580,OR,71287,ORS004,97330
1659682722,OR,71287,ORS004,97330
1679129753,OR,71287,ORS004,97330
1689069908,OR,71287,ORS004,97330
1689127045,OR,71287,ORS004,97330
1720538937,OR,71287,ORS004,97330
1730228727,OR,71287,ORS004,97330
1730260936,OR,71287,ORS004,97330
1740359231,OR,71287,ORS004,97330
1760517478,OR,71287,ORS004,97330
1770554859,OR,71287,ORS004,97330
1770577025,OR,71287,ORS004,97330
1770761215,OR,71287,ORS004,97330
1801204821,OR,71287,ORS004,97330
1821417544,OR,71287,ORS004,97330
1821736182,OR,71287,ORS004,97330
1851799688,OR,71287,ORS004,97330
1861655284,OR,71287,ORS004,97330
1871936419,OR,71287,ORS004,97330
1871970277,OR,71287,ORS004,97330
1891276630,OR,71287,ORS004,97330
1891925921,OR,71287,ORS004,97330
1922370519,OR,71287,ORS004,97330
1942680830,OR,71287,ORS004,97330
1972957553,OR,71287,ORS004,97330
1982054813,OR,71287,ORS004,97330
1982081089,OR,71287,ORS004,97330
1982163028,OR,71287,ORS004,97330
1992055206,OR,71287,ORS004,97330
1992116842,OR,71287,ORS004,97330
1992755847,OR,71287,ORS004,97330
1992813257,OR,71287,ORS004,97330
1003454992,OR,71287,ORS004,97330
1023040722,OR,71287,ORS001,97330
1033169271,OR,71287,ORS001,97330
1033642020,OR,71287,ORS001,97330
1043957210,OR,71287,ORS001,97330
1053363747,OR,71287,ORS001,97330
1053684696,OR,71287,ORS001,97330
1063461564,OR,71287,ORS001,97330
1063640266,OR,71287,ORS001,97330
1144390592,OR,71287,ORS001,97330
1154049534,OR,71287,ORS001,97330
1174574677,OR,71287,ORS001,97330
1184298663,OR,71287,ORS001,97330
1184673998,OR,71287,ORS001,97330
1194737429,OR,71287,ORS001,97330
1194775171,OR,71287,ORS001,97330
1215022512,OR,71287,ORS001,97330
1215272505,OR,71287,ORS001,97330
1225374580,OR,71287,ORS001,97330
1235310269,OR,71287,ORS001,97330
1235392580,OR,71287,ORS001,97330
1235634262,OR,71287,ORS001,97330
1245289115,OR,71287,ORS001,97330
1295460616,OR,71287,ORS001,97330
1306089263,OR,71287,ORS001,97330
1326314519,OR,71287,ORS001,97330
1326481466,OR,71287,ORS001,97330
1366492886,OR,71287,ORS001,97330
1376320077,OR,71287,ORS001,97330
1386694776,OR,71287,ORS001,97330
1386746998,OR,71287,ORS001,97330
1396775342,OR,71287,ORS001,97330
1396794756,OR,71287,ORS001,97330
1407381890,OR,71287,ORS001,97330
1417055476,OR,71287,ORS001,97330
1427002039,OR,71287,ORS001,97330
1427009497,OR,71287,ORS001,97330
1437320942,OR,71287,ORS001,97330
1467438044,OR,71287,ORS001,97330
1467955401,OR,71287,ORS001,97330
1477597250,OR,71287,ORS001,97330
1508363318,OR,71287,ORS001,97330
1508852252,OR,71287,ORS001,97330
1518314756,OR,71287,ORS001,97330
1538138516,OR,71287,ORS001,97330
1548451362,OR,71287,ORS001,97330
1548469315,OR,71287,ORS001,97330
1578856449,OR,71287,ORS001,97330
1588944847,OR,71287,ORS001,97330
1588963946,OR,71287,ORS001,97330
1629232194,OR,71287,ORS001,97330
1639439862,OR,71287,ORS001,97330
1639558216,OR,71287,ORS001,97330
1649368580,OR,71287,ORS001,97330
1659682722,OR,71287,ORS001,97330
1679129753,OR,71287,ORS001,97330
1689069908,OR,71287,ORS001,97330
1689127045,OR,71287,ORS001,97330
1720538937,OR,71287,ORS001,97330
1730228727,OR,71287,ORS001,97330
1730260936,OR,71287,ORS001,97330
1740359231,OR,71287,ORS001,97330
1760517478,OR,71287,ORS001,97330
1770554859,OR,71287,ORS001,97330
1770577025,OR,71287,ORS001,97330
1770761215,OR,71287,ORS001,97330
1801204821,OR,71287,ORS001,97330
1821417544,OR,71287,ORS001,97330
1821736182,OR,71287,ORS001,97330
1851799688,OR,71287,ORS001,97330
1861655284,OR,71287,ORS001,97330
1871936419,OR,71287,ORS001,97330
1871970277,OR,71287,ORS001,97330
1891276630,OR,71287,ORS001,97330
1891925921,OR,71287,ORS001,97330
1922370519,OR,71287,ORS001,97330
1942680830,OR,71287,ORS001,97330
1972957553,OR,71287,ORS001,97330
1982054813,OR,71287,ORS001,97330
1982081089,OR,71287,ORS001,97330
1982163028,OR,71287,ORS001,97330
1992055206,OR,71287,ORS001,97330
1992116842,OR,71287,ORS001,97330
1992755847,OR,71287,ORS001,97330
1992813257,OR,71287,ORS001,97330
1003454992,OR,71287,ORS001,97330
1013321389,OR,56707,ORS002,97132
1053381889,OR,56707,ORS002,97132
1114366424,OR,56707,ORS002,97132
1154839785,OR,56707,ORS002,97132
1215699830,OR,56707,ORS002,97132
1295283174,OR,56707,ORS002,97132
1346799632,OR,56707,ORS002,97132
1558301259,OR,56707,ORS002,97132
1558919415,OR,56707,ORS002,97132
1568493435,OR,56707,ORS002,97132
1588251532,OR,56707,ORS002,97132
1689973182,OR,56707,ORS002,97132
1710622840,OR,56707,ORS002,97132
1720617657,OR,56707,ORS002,97132
1821361056,OR,56707,ORS002,97132
1831153196,OR,56707,ORS002,97132
1922663285,OR,56707,ORS002,97132
1326022138,OR,56707,ORS002,97132
1013409135,OR,56707,ORS002,97132
1144639691,OR,56707,ORS002,97132
1184849762,OR,56707,ORS002,97132
1255065330,OR,56707,ORS002,97132
1275171316,OR,56707,ORS002,97132
1285175604,OR,56707,ORS002,97132
1306844683,OR,56707,ORS002,97132
1386925899,OR,56707,ORS002,97132
1417119843,OR,56707,ORS002,97132
1598701690,OR,56707,ORS002,97132
1598772311,OR,56707,ORS002,97132
1598944928,OR,56707,ORS002,97132
1831113133,OR,56707,ORS002,97132
1851577506,OR,56707,ORS002,97132
1871539973,OR,56707,ORS002,97132
1992232243,OR,56707,ORS002,97132
1043475528,OR,56707,ORS002,97132
1275820839,OR,56707,ORS002,97132
1336201573,OR,56707,ORS002,97132
1356673255,OR,56707,ORS002,97132
1457616591,OR,56707,ORS002,97132
1477759702,OR,56707,ORS002,97132
1598097487,OR,56707,ORS002,97132
1669815197,OR,56707,ORS002,97132
1891053088,OR,56707,ORS002,97132
1942296579,OR,56707,ORS002,97132
1962782078,OR,56707,ORS002,97132
1558086819,MI,29698,MIS003,49423
1689228678,MI,29698,MIS003,49423
1073569091,OR,71287,ORS004,97321
1073593422,OR,71287,ORS004,97321
1083688931,OR,71287,ORS004,97321
1093165516,OR,71287,ORS004,97321
1144480260,OR,71287,ORS004,97321
1144516204,OR,71287,ORS004,97321
1184079162,OR,71287,ORS004,97321
1255058285,OR,71287,ORS004,97321
1255376786,OR,71287,ORS004,97321
1275608838,OR,71287,ORS004,97321
1285066712,OR,71287,ORS004,97321
1295128619,OR,71287,ORS004,97321
1306465562,OR,71287,ORS004,97321
1356812291,OR,71287,ORS004,97321
1366108227,OR,71287,ORS004,97321
1417167941,OR,71287,ORS004,97321
1427379650,OR,71287,ORS004,97321
1427481803,OR,71287,ORS004,97321
1437586765,OR,71287,ORS004,97321
1487157236,OR,71287,ORS004,97321
1548842578,OR,71287,ORS004,97321
1558190579,OR,71287,ORS004,97321
1578632469,OR,71287,ORS004,97321
1598389140,OR,71287,ORS004,97321
1639424104,OR,71287,ORS004,97321
1659729986,OR,71287,ORS004,97321
1710958277,OR,71287,ORS004,97321
1740222488,OR,71287,ORS004,97321
1740617729,OR,71287,ORS004,97321
1750661211,OR,71287,ORS004,97321
1811511306,OR,71287,ORS004,97321
1851328645,OR,71287,ORS004,97321
1851884506,OR,71287,ORS004,97321
1881043560,OR,71287,ORS004,97321
1912299447,OR,71287,ORS004,97321
1932354164,OR,71287,ORS004,97321
1952079931,OR,71287,ORS004,97321
1952340838,OR,71287,ORS004,97321
1982268066,OR,71287,ORS004,97321
1982641957,OR,71287,ORS004,97321
1992476907,OR,71287,ORS004,97321
1215596101,OR,71287,ORS004,97321
1285365734,OR,71287,ORS004,97321
1679502652,OR,71287,ORS004,97321
1770528812,OR,71287,ORS004,97321
1770950560,OR,71287,ORS004,97321
1871946574,OR,71287,ORS004,97321
1053854117,MI,29698,MIS007,49203
1124306204,MI,29698,MIS007,49203
1134565682,MI,29698,MIS007,49203
1134625502,MI,29698,MIS007,49203
1184852980,MI,29698,MIS007,49203
1215904255,MI,29698,MIS007,49203
1235196486,MI,29698,MIS007,49203
1255837878,MI,29698,MIS007,49203
1275560773,MI,29698,MIS007,49203
1285079061,MI,29698,MIS007,49203
1306145578,MI,29698,MIS007,49203
1316438138,MI,29698,MIS007,49203
1316970312,MI,29698,MIS007,49203
1326015801,MI,29698,MIS007,49203
1407852403,MI,29698,MIS007,49203
1457437469,MI,29698,MIS007,49203
1538187927,MI,29698,MIS007,49203
1639229826,MI,29698,MIS007,49203
1659078624,MI,29698,MIS007,49203
1679057517,MI,29698,MIS007,49203
1720249667,MI,29698,MIS007,49203
1891248332,MI,29698,MIS007,49203
1073569091,OR,71287,ORS001,97321
1073593422,OR,71287,ORS001,97321
1083688931,OR,71287,ORS001,97321
1093165516,OR,71287,ORS001,97321
1144480260,OR,71287,ORS001,97321
1144516204,OR,71287,ORS001,97321
1184079162,OR,71287,ORS001,97321
1255058285,OR,71287,ORS001,97321
1255376786,OR,71287,ORS001,97321
1275608838,OR,71287,ORS001,97321
1285066712,OR,71287,ORS001,97321
1295128619,OR,71287,ORS001,97321
1306465562,OR,71287,ORS001,97321
1356812291,OR,71287,ORS001,97321
1366108227,OR,71287,ORS001,97321
1417167941,OR,71287,ORS001,97321
1427379650,OR,71287,ORS001,97321
1427481803,OR,71287,ORS001,97321
1437586765,OR,71287,ORS001,97321
1487157236,OR,71287,ORS001,97321
1548842578,OR,71287,ORS001,97321
1558190579,OR,71287,ORS001,97321
1578632469,OR,71287,ORS001,97321
1598389140,OR,71287,ORS001,97321
1639424104,OR,71287,ORS001,97321
1659729986,OR,71287,ORS001,97321
1710958277,OR,71287,ORS001,97321
1740222488,OR,71287,ORS001,97321
1740617729,OR,71287,ORS001,97321
1750661211,OR,71287,ORS001,97321
1811511306,OR,71287,ORS001,97321
1851328645,OR,71287,ORS001,97321
1851884506,OR,71287,ORS001,97321
1881043560,OR,71287,ORS001,97321
1912299447,OR,71287,ORS001,97321
1932354164,OR,71287,ORS001,97321
1952079931,OR,71287,ORS001,97321
1952340838,OR,71287,ORS001,97321
1982268066,OR,71287,ORS001,97321
1982641957,OR,71287,ORS001,97321
1992476907,OR,71287,ORS001,97321
1215596101,OR,71287,ORS001,97321
1285365734,OR,71287,ORS001,97321
1679502652,OR,71287,ORS001,97321
1770528812,OR,71287,ORS001,97321
1770950560,OR,71287,ORS001,97321
1871946574,OR,71287,ORS001,97321
1013947902,OR,71287,ORS004,97321
1114078797,OR,71287,ORS004,97321
1124052261,OR,71287,ORS004,97321
1124053186,OR,71287,ORS004,97321
1215190400,OR,71287,ORS004,97321
1265446025,OR,71287,ORS004,97321
1568569457,OR,71287,ORS004,97321
1679830772,OR,71287,ORS004,97321
1760429831,OR,71287,ORS004,97321
1851676902,OR,71287,ORS004,97321
1639917719,MI,29698,MIS007,49202
1013947902,OR,71287,ORS001,97321
1114078797,OR,71287,ORS001,97321
1124052261,OR,71287,ORS001,97321
1124053186,OR,71287,ORS001,97321
1215190400,OR,71287,ORS001,97321
1265446025,OR,71287,ORS001,97321
1568569457,OR,71287,ORS001,97321
1679830772,OR,71287,ORS001,97321
1760429831,OR,71287,ORS001,97321
1851676902,OR,71287,ORS001,97321
1003036757,OR,71287,ORS004,97401
1043546534,OR,71287,ORS004,97401
1053365627,OR,71287,ORS004,97401
1073630943,OR,71287,ORS004,97401
1093192965,OR,71287,ORS004,97401
1093193831,OR,71287,ORS004,97401
1124460217,OR,71287,ORS004,97401
1154763050,OR,71287,ORS004,97401
1235420753,OR,71287,ORS004,97401
1295771152,OR,71287,ORS004,97401
1316188006,OR,71287,ORS004,97401
1326679366,OR,71287,ORS004,97401
1336514611,OR,71287,ORS004,97401
1376935270,OR,71287,ORS004,97401
1437691516,OR,71287,ORS004,97401
1487725644,OR,71287,ORS004,97401
1528516986,OR,71287,ORS004,97401
1558939116,OR,71287,ORS004,97401
1578873477,OR,71287,ORS004,97401
1588300370,OR,71287,ORS004,97401
1649206566,OR,71287,ORS004,97401
1649671132,OR,71287,ORS004,97401
1669413340,OR,71287,ORS004,97401
1669600888,OR,71287,ORS004,97401
1699366740,OR,71287,ORS004,97401
1710641618,OR,71287,ORS004,97401
1740617729,OR,71287,ORS004,97401
1831681618,OR,71287,ORS004,97401
1902275639,OR,71287,ORS004,97401
1922250364,OR,71287,ORS004,97401
1982172946,OR,71287,ORS004,97401
1982681789,OR,71287,ORS004,97401
1003036757,OR,71287,ORS001,97401
1043546534,OR,71287,ORS001,97401
1053365627,OR,71287,ORS001,97401
1073630943,OR,71287,ORS001,97401
1093192965,OR,71287,ORS001,97401
1093193831,OR,71287,ORS001,97401
1124460217,OR,71287,ORS001,97401
1154763050,OR,71287,ORS001,97401
1235420753,OR,71287,ORS001,97401
1295771152,OR,71287,ORS001,97401
1316188006,OR,71287,ORS001,97401
1326679366,OR,71287,ORS001,97401
1336514611,OR,71287,ORS001,97401
1376935270,OR,71287,ORS001,97401
1437691516,OR,71287,ORS001,97401
1487725644,OR,71287,ORS001,97401
1528516986,OR,71287,ORS001,97401
1558939116,OR,71287,ORS001,97401
1578873477,OR,71287,ORS001,97401
1588300370,OR,71287,ORS001,97401
1649206566,OR,71287,ORS001,97401
1649671132,OR,71287,ORS001,97401
1669413340,OR,71287,ORS001,97401
1669600888,OR,71287,ORS001,97401
1699366740,OR,71287,ORS001,97401
1710641618,OR,71287,ORS001,97401
1740617729,OR,71287,ORS001,97401
1831681618,OR,71287,ORS001,97401
1902275639,OR,71287,ORS001,97401
1922250364,OR,71287,ORS001,97401
1982172946,OR,71287,ORS001,97401
1982681789,OR,71287,ORS001,97401
1013400555,OR,71287,ORS004,97402
1033283627,OR,71287,ORS004,97402
1053383893,OR,71287,ORS004,97402
1063849024,OR,71287,ORS004,97402
1083276307,OR,71287,ORS004,97402
1083949697,OR,71287,ORS004,97402
1114374584,OR,71287,ORS004,97402
1114592995,OR,71287,ORS004,97402
1124410121,OR,71287,ORS004,97402
1124538905,OR,71287,ORS004,97402
1134472533,OR,71287,ORS004,97402
1144518788,OR,71287,ORS004,97402
1144948803,OR,71287,ORS004,97402
1164417606,OR,71287,ORS004,97402
1205157757,OR,71287,ORS004,97402
1205824703,OR,71287,ORS004,97402
1225411598,OR,71287,ORS004,97402
1235106386,OR,71287,ORS004,97402
1235230707,OR,71287,ORS004,97402
1235270927,OR,71287,ORS004,97402
1255568515,OR,71287,ORS004,97402
1255858247,OR,71287,ORS004,97402
1265899710,OR,71287,ORS004,97402
1306298864,OR,71287,ORS004,97402
1316682958,OR,71287,ORS004,97402
1336456383,OR,71287,ORS004,97402
1366002776,OR,71287,ORS004,97402
1376561548,OR,71287,ORS004,97402
1407026263,OR,71287,ORS004,97402
1407254014,OR,71287,ORS004,97402
1417326984,OR,71287,ORS004,97402
1427239334,OR,71287,ORS004,97402
1427618974,OR,71287,ORS004,97402
1437306628,OR,71287,ORS004,97402
1437510765,OR,71287,ORS004,97402
1437627890,OR,71287,ORS004,97402
1447227434,OR,71287,ORS004,97402
1467693093,OR,71287,ORS004,97402
1487986469,OR,71287,ORS004,97402
1508244260,OR,71287,ORS004,97402
1528801958,OR,71287,ORS004,97402
1548713399,OR,71287,ORS004,97402
1558676049,OR,71287,ORS004,97402
1558854539,OR,71287,ORS004,97402
1568578870,OR,71287,ORS004,97402
1578508214,OR,71287,ORS004,97402
1588633523,OR,71287,ORS004,97402
1588638852,OR,71287,ORS004,97402
1588861058,OR,71287,ORS004,97402
1619944022,OR,71287,ORS004,97402
1639120801,OR,71287,ORS004,97402
1639208291,OR,71287,ORS004,97402
1639456379,OR,71287,ORS004,97402
1669470670,OR,71287,ORS004,97402
1689722654,OR,71287,ORS004,97402
1699267963,OR,71287,ORS004,97402
1710250329,OR,71287,ORS004,97402
1710332986,OR,71287,ORS004,97402
1720374069,OR,71287,ORS004,97402
1730102583,OR,71287,ORS004,97402
1770188302,OR,71287,ORS004,97402
1770698490,OR,71287,ORS004,97402
1780628719,OR,71287,ORS004,97402
1801164926,OR,71287,ORS004,97402
1801374483,OR,71287,ORS004,97402
1811997000,OR,71287,ORS004,97402
1821510504,OR,71287,ORS004,97402
1821647173,OR,71287,ORS004,97402
1831486471,OR,71287,ORS004,97402
1831861335,OR,71287,ORS004,97402
1851707814,OR,71287,ORS004,97402
1861694861,OR,71287,ORS004,97402
1871561456,OR,71287,ORS004,97402
1902118417,OR,71287,ORS004,97402
1902320039,OR,71287,ORS004,97402
1922029289,OR,71287,ORS004,97402
1922267384,OR,71287,ORS004,97402
1932505765,OR,71287,ORS004,97402
1942278817,OR,71287,ORS004,97402
1952324907,OR,71287,ORS004,97402
1952501744,OR,71287,ORS004,97402
1962480871,OR,71287,ORS004,97402
1982676730,OR,71287,ORS004,97402
1609931948,MI,29698,MIS007,49254
1013400555,OR,71287,ORS001,97402
1033283627,OR,71287,ORS001,97402
1053383893,OR,71287,ORS001,97402
1063849024,OR,71287,ORS001,97402
1083276307,OR,71287,ORS001,97402
1083949697,OR,71287,ORS001,97402
1114374584,OR,71287,ORS001,97402
1114592995,OR,71287,ORS001,97402
1124410121,OR,71287,ORS001,97402
1124538905,OR,71287,ORS001,97402
1134472533,OR,71287,ORS001,97402
1144518788,OR,71287,ORS001,97402
1144948803,OR,71287,ORS001,97402
1164417606,OR,71287,ORS001,97402
1205157757,OR,71287,ORS001,97402
1205824703,OR,71287,ORS001,97402
1225411598,OR,71287,ORS001,97402
1235106386,OR,71287,ORS001,97402
1235230707,OR,71287,ORS001,97402
1235270927,OR,71287,ORS001,97402
1255568515,OR,71287,ORS001,97402
1255858247,OR,71287,ORS001,97402
1265899710,OR,71287,ORS001,97402
1306298864,OR,71287,ORS001,97402
1316682958,OR,71287,ORS001,97402
1336456383,OR,71287,ORS001,97402
1366002776,OR,71287,ORS001,97402
1376561548,OR,71287,ORS001,97402
1407026263,OR,71287,ORS001,97402
1407254014,OR,71287,ORS001,97402
1417326984,OR,71287,ORS001,97402
1427239334,OR,71287,ORS001,97402
1427618974,OR,71287,ORS001,97402
1437306628,OR,71287,ORS001,97402
1437510765,OR,71287,ORS001,97402
1437627890,OR,71287,ORS001,97402
1447227434,OR,71287,ORS001,97402
1467693093,OR,71287,ORS001,97402
1487986469,OR,71287,ORS001,97402
1508244260,OR,71287,ORS001,97402
1528801958,OR,71287,ORS001,97402
1548713399,OR,71287,ORS001,97402
1558676049,OR,71287,ORS001,97402
1558854539,OR,71287,ORS001,97402
1568578870,OR,71287,ORS001,97402
1578508214,OR,71287,ORS001,97402
1588633523,OR,71287,ORS001,97402
1588638852,OR,71287,ORS001,97402
1588861058,OR,71287,ORS001,97402
1619944022,OR,71287,ORS001,97402
1639120801,OR,71287,ORS001,97402
1639208291,OR,71287,ORS001,97402
1639456379,OR,71287,ORS001,97402
1669470670,OR,71287,ORS001,97402
1689722654,OR,71287,ORS001,97402
1699267963,OR,71287,ORS001,97402
1710250329,OR,71287,ORS001,97402
1710332986,OR,71287,ORS001,97402
1720374069,OR,71287,ORS001,97402
1730102583,OR,71287,ORS001,97402
1770188302,OR,71287,ORS001,97402
1770698490,OR,71287,ORS001,97402
1780628719,OR,71287,ORS001,97402
1801164926,OR,71287,ORS001,97402
1801374483,OR,71287,ORS001,97402
1811997000,OR,71287,ORS001,97402
1821510504,OR,71287,ORS001,97402
1821647173,OR,71287,ORS001,97402
1831486471,OR,71287,ORS001,97402
1831861335,OR,71287,ORS001,97402
1851707814,OR,71287,ORS001,97402
1861694861,OR,71287,ORS001,97402
1871561456,OR,71287,ORS001,97402
1902118417,OR,71287,ORS001,97402
1902320039,OR,71287,ORS001,97402
1922029289,OR,71287,ORS001,97402
1922267384,OR,71287,ORS001,97402
1932505765,OR,71287,ORS001,97402
1942278817,OR,71287,ORS001,97402
1952324907,OR,71287,ORS001,97402
1952501744,OR,71287,ORS001,97402
1962480871,OR,71287,ORS001,97402
1982676730,OR,71287,ORS001,97402
1013281120,OR,71287,ORS004,97355
1023856044,OR,71287,ORS004,97355
1033730817,OR,71287,ORS004,97355
1043271869,OR,71287,ORS004,97355
1063199479,OR,71287,ORS004,97355
1083957088,OR,71287,ORS004,97355
1093734584,OR,71287,ORS004,97355
1114451267,OR,71287,ORS004,97355
1134234800,OR,71287,ORS004,97355
1144302639,OR,71287,ORS004,97355
1174568638,OR,71287,ORS004,97355
1184079162,OR,71287,ORS004,97355
1194234435,OR,71287,ORS004,97355
1245693811,OR,71287,ORS004,97355
1255837746,OR,71287,ORS004,97355
1255891347,OR,71287,ORS004,97355
1275940728,OR,71287,ORS004,97355
1285886366,OR,71287,ORS004,97355
1295183291,OR,71287,ORS004,97355
1306134721,OR,71287,ORS004,97355
1326334855,OR,71287,ORS004,97355
1386059970,OR,71287,ORS004,97355
1386120129,OR,71287,ORS004,97355
1386206332,OR,71287,ORS004,97355
1407928153,OR,71287,ORS004,97355
1437496544,OR,71287,ORS004,97355
1487041687,OR,71287,ORS004,97355
1487686440,OR,71287,ORS004,97355
1508187733,OR,71287,ORS004,97355
1518168814,OR,71287,ORS004,97355
1518901313,OR,71287,ORS004,97355
1528395969,OR,71287,ORS004,97355
1568705523,OR,71287,ORS004,97355
1578138244,OR,71287,ORS004,97355
1588045702,OR,71287,ORS004,97355
1609817592,OR,71287,ORS004,97355
1629481452,OR,71287,ORS004,97355
1649520313,OR,71287,ORS004,97355
1679806384,OR,71287,ORS004,97355
1689026759,OR,71287,ORS004,97355
1689459497,OR,71287,ORS004,97355
1720273667,OR,71287,ORS004,97355
1740778109,OR,71287,ORS004,97355
1780390872,OR,71287,ORS004,97355
1801337092,OR,71287,ORS004,97355
1821409731,OR,71287,ORS004,97355
1831148592,OR,71287,ORS004,97355
1841421229,OR,71287,ORS004,97355
1841649969,OR,71287,ORS004,97355
1861620254,OR,71287,ORS004,97355
1861948069,OR,71287,ORS004,97355
1881451771,OR,71287,ORS004,97355
1922028711,OR,71287,ORS004,97355
1932441680,OR,71287,ORS004,97355
1972360865,OR,71287,ORS004,97355
1982138798,OR,71287,ORS004,97355
1982929881,OR,71287,ORS004,97355
1013281120,OR,71287,ORS001,97355
1023856044,OR,71287,ORS001,97355
1033730817,OR,71287,ORS001,97355
1043271869,OR,71287,ORS001,97355
1063199479,OR,71287,ORS001,97355
1083957088,OR,71287,ORS001,97355
1093734584,OR,71287,ORS001,97355
1114451267,OR,71287,ORS001,97355
1134234800,OR,71287,ORS001,97355
1144302639,OR,71287,ORS001,97355
1174568638,OR,71287,ORS001,97355
1184079162,OR,71287,ORS001,97355
1194234435,OR,71287,ORS001,97355
1245693811,OR,71287,ORS001,97355
1255837746,OR,71287,ORS001,97355
1255891347,OR,71287,ORS001,97355
1275940728,OR,71287,ORS001,97355
1285886366,OR,71287,ORS001,97355
1295183291,OR,71287,ORS001,97355
1306134721,OR,71287,ORS001,97355
1326334855,OR,71287,ORS001,97355
1386059970,OR,71287,ORS001,97355
1386120129,OR,71287,ORS001,97355
1386206332,OR,71287,ORS001,97355
1407928153,OR,71287,ORS001,97355
1437496544,OR,71287,ORS001,97355
1487041687,OR,71287,ORS001,97355
1487686440,OR,71287,ORS001,97355
1508187733,OR,71287,ORS001,97355
1518168814,OR,71287,ORS001,97355
1518901313,OR,71287,ORS001,97355
1528395969,OR,71287,ORS001,97355
1568705523,OR,71287,ORS001,97355
1578138244,OR,71287,ORS001,97355
1588045702,OR,71287,ORS001,97355
1609817592,OR,71287,ORS001,97355
1629481452,OR,71287,ORS001,97355
1649520313,OR,71287,ORS001,97355
1679806384,OR,71287,ORS001,97355
1689026759,OR,71287,ORS001,97355
1689459497,OR,71287,ORS001,97355
1720273667,OR,71287,ORS001,97355
1740778109,OR,71287,ORS001,97355
1780390872,OR,71287,ORS001,97355
1801337092,OR,71287,ORS001,97355
1821409731,OR,71287,ORS001,97355
1831148592,OR,71287,ORS001,97355
1841421229,OR,71287,ORS001,97355
1841649969,OR,71287,ORS001,97355
1861620254,OR,71287,ORS001,97355
1861948069,OR,71287,ORS001,97355
1881451771,OR,71287,ORS001,97355
1922028711,OR,71287,ORS001,97355
1932441680,OR,71287,ORS001,97355
1972360865,OR,71287,ORS001,97355
1982138798,OR,71287,ORS001,97355
1982929881,OR,71287,ORS001,97355
1063433449,OR,71287,ORS004,97355
1134568959,OR,71287,ORS004,97355
1144312943,OR,71287,ORS004,97355
1154488021,OR,71287,ORS004,97355
1215147475,OR,71287,ORS004,97355
1255398681,OR,71287,ORS004,97355
1285039453,OR,71287,ORS004,97355
1427468131,OR,71287,ORS004,97355
1457647091,OR,71287,ORS004,97355
1639154974,OR,71287,ORS004,97355
1659341386,OR,71287,ORS004,97355
1659545176,OR,71287,ORS004,97355
1669518049,OR,71287,ORS004,97355
1679032502,OR,71287,ORS004,97355
1689882730,OR,71287,ORS004,97355
1750679817,OR,71287,ORS004,97355
1841258647,OR,71287,ORS004,97355
1841269750,OR,71287,ORS004,97355
1871932699,OR,71287,ORS004,97355
1952662892,OR,71287,ORS004,97355
1952368318,OR,71287,ORS004,97330
1063433449,OR,71287,ORS001,97355
1134568959,OR,71287,ORS001,97355
1144312943,OR,71287,ORS001,97355
1154488021,OR,71287,ORS001,97355
1215147475,OR,71287,ORS001,97355
1255398681,OR,71287,ORS001,97355
1285039453,OR,71287,ORS001,97355
1427468131,OR,71287,ORS001,97355
1457647091,OR,71287,ORS001,97355
1639154974,OR,71287,ORS001,97355
1659341386,OR,71287,ORS001,97355
1659545176,OR,71287,ORS001,97355
1669518049,OR,71287,ORS001,97355
1679032502,OR,71287,ORS001,97355
1689882730,OR,71287,ORS001,97355
1750679817,OR,71287,ORS001,97355
1841258647,OR,71287,ORS001,97355
1841269750,OR,71287,ORS001,97355
1871932699,OR,71287,ORS001,97355
1952662892,OR,71287,ORS001,97355
1952368318,OR,71287,ORS001,97330
1720481658,OR,56707,ORS002,97123
1013302108,OR,71287,ORS004,97321
1013302108,OR,71287,ORS001,97321
1174962369,OR,71287,ORS004,97477
1194952911,OR,71287,ORS004,97477
1235387291,OR,71287,ORS004,97477
1285265595,OR,71287,ORS004,97477
1508250028,OR,71287,ORS004,97477
1659514321,OR,71287,ORS004,97477
1699038216,OR,71287,ORS004,97477
1699773648,OR,71287,ORS004,97477
1699931212,OR,71287,ORS004,97477
1700285582,OR,71287,ORS004,97477
1780654467,OR,71287,ORS004,97477
1780744268,OR,71287,ORS004,97477
1932200524,OR,71287,ORS004,97477
1982483731,OR,71287,ORS004,97477
1508874058,OR,71287,ORS004,97477
1083141196,OR,71287,ORS004,97477
1144937442,OR,71287,ORS004,97477
1285324756,OR,71287,ORS004,97477
1356331060,OR,71287,ORS004,97477
1386002038,OR,71287,ORS004,97477
1659145548,OR,71287,ORS004,97477
1689730616,OR,71287,ORS004,97477
1891492773,OR,71287,ORS004,97477
1962689695,OR,71287,ORS004,97477
1174962369,OR,71287,ORS001,97477
1194952911,OR,71287,ORS001,97477
1235387291,OR,71287,ORS001,97477
1285265595,OR,71287,ORS001,97477
1508250028,OR,71287,ORS001,97477
1659514321,OR,71287,ORS001,97477
1699038216,OR,71287,ORS001,97477
1699773648,OR,71287,ORS001,97477
1699931212,OR,71287,ORS001,97477
1700285582,OR,71287,ORS001,97477
1780654467,OR,71287,ORS001,97477
1780744268,OR,71287,ORS001,97477
1932200524,OR,71287,ORS001,97477
1982483731,OR,71287,ORS001,97477
1508874058,OR,71287,ORS001,97477
1083141196,OR,71287,ORS001,97477
1144937442,OR,71287,ORS001,97477
1285324756,OR,71287,ORS001,97477
1356331060,OR,71287,ORS001,97477
1386002038,OR,71287,ORS001,97477
1659145548,OR,71287,ORS001,97477
1689730616,OR,71287,ORS001,97477
1891492773,OR,71287,ORS001,97477
1962689695,OR,71287,ORS001,97477
1700105988,OR,71287,ORS004,97330
1396987699,OR,71287,ORS004,97330
1700105988,OR,71287,ORS001,97330
1396987699,OR,71287,ORS001,97330
1538331780,OR,71287,ORS004,97424
1396079281,OR,71287,ORS004,97321
1518111970,MI,29698,MIS007,49202
1003346636,MI,58594,MIS001,48624
1013390020,MI,58594,MIS001,48624
1083996318,MI,58594,MIS001,48624
1124177977,MI,58594,MIS001,48624
1164918447,MI,58594,MIS001,48624
1174780654,MI,58594,MIS001,48624
1255858973,MI,58594,MIS001,48624
1265693980,MI,58594,MIS001,48624
1275846230,MI,58594,MIS001,48624
1306043773,MI,58594,MIS001,48624
1326432048,MI,58594,MIS001,48624
1346425816,MI,58594,MIS001,48624
1386872588,MI,58594,MIS001,48624
1407003882,MI,58594,MIS001,48624
1407853948,MI,58594,MIS001,48624
1427052091,MI,58594,MIS001,48624
1437266582,MI,58594,MIS001,48624
1447556436,MI,58594,MIS001,48624
1467481465,MI,58594,MIS001,48624
1497490692,MI,58594,MIS001,48624
1508474214,MI,58594,MIS001,48624
1568720787,MI,58594,MIS001,48624
1619347432,MI,58594,MIS001,48624
1659338630,MI,58594,MIS001,48624
1700143997,MI,58594,MIS001,48624
1710210679,MI,58594,MIS001,48624
1740911270,MI,58594,MIS001,48624
1811424914,MI,58594,MIS001,48624
1891019444,MI,58594,MIS001,48624
1902683360,MI,58594,MIS001,48624
1922205681,MI,58594,MIS001,48624
1952650988,MI,58594,MIS001,48624
1992830822,MI,58594,MIS001,48624
1992971212,MI,58594,MIS001,48624
1992980460,MI,58594,MIS001,48624
1992570162,MI,58594,MIS001,48624
1538331780,OR,71287,ORS001,97424
1396079281,OR,71287,ORS001,97321
1265472617,MI,29698,MIS005,49015
1083220388,MI,58594,MIS001,48624
1639155732,MI,58594,MIS001,48624
1639187230,MI,58594,MIS001,48624
1841641636,MI,58594,MIS001,48624
1922000124,MI,58594,MIS001,48624
1922884717,MI,58594,MIS001,48624
1972174969,MI,58594,MIS001,48624
1972731370,MI,58594,MIS001,48624
1013917285,OR,71287,ORS004,97401
1043210248,OR,71287,ORS004,97401
1073039277,OR,71287,ORS004,97401
1073908646,OR,71287,ORS004,97401
1093931578,OR,71287,ORS004,97401
1104442391,OR,71287,ORS004,97401
1104689280,OR,71287,ORS004,97401
1124431812,OR,71287,ORS004,97401
1144220195,OR,71287,ORS004,97401
1144540790,OR,71287,ORS004,97401
1174030662,OR,71287,ORS004,97401
1174641518,OR,71287,ORS004,97401
1174808158,OR,71287,ORS004,97401
1194083071,OR,71287,ORS004,97401
1194329995,OR,71287,ORS004,97401
1205203106,OR,71287,ORS004,97401
1215227756,OR,71287,ORS004,97401
1215652706,OR,71287,ORS004,97401
1225645898,OR,71287,ORS004,97401
1235606534,OR,71287,ORS004,97401
1265415624,OR,71287,ORS004,97401
1285804401,OR,71287,ORS004,97401
1336345040,OR,71287,ORS004,97401
1346305877,OR,71287,ORS004,97401
1346970191,OR,71287,ORS004,97401
1356507628,OR,71287,ORS004,97401
1356526321,OR,71287,ORS004,97401
1376914036,OR,71287,ORS004,97401
1396134300,OR,71287,ORS004,97401
1427037340,OR,71287,ORS004,97401
1437273174,OR,71287,ORS004,97401
1437393949,OR,71287,ORS004,97401
1437615499,OR,71287,ORS004,97401
1447250485,OR,71287,ORS004,97401
1447400957,OR,71287,ORS004,97401
1457542938,OR,71287,ORS004,97401
1467648642,OR,71287,ORS004,97401
1467828855,OR,71287,ORS004,97401
1487842316,OR,71287,ORS004,97401
1518567791,OR,71287,ORS004,97401
1518609924,OR,71287,ORS004,97401
1528790771,OR,71287,ORS004,97401
1538169727,OR,71287,ORS004,97401
1558361873,OR,71287,ORS004,97401
1598752446,OR,71287,ORS004,97401
1629075478,OR,71287,ORS004,97401
1639306723,OR,71287,ORS004,97401
1639564065,OR,71287,ORS004,97401
1639589765,OR,71287,ORS004,97401
1649754268,OR,71287,ORS004,97401
1689759698,OR,71287,ORS004,97401
1700236692,OR,71287,ORS004,97401
1720640220,OR,71287,ORS004,97401
1750773164,OR,71287,ORS004,97401
1801322953,OR,71287,ORS004,97401
1801645668,OR,71287,ORS004,97401
1821537408,OR,71287,ORS004,97401
1861478182,OR,71287,ORS004,97401
1861991796,OR,71287,ORS004,97401
1871913756,OR,71287,ORS004,97401
1881759322,OR,71287,ORS004,97401
1902584584,OR,71287,ORS004,97401
1922548783,OR,71287,ORS004,97401
1952352502,OR,71287,ORS004,97401
1013917285,OR,71287,ORS001,97401
1043210248,OR,71287,ORS001,97401
1073039277,OR,71287,ORS001,97401
1073908646,OR,71287,ORS001,97401
1093931578,OR,71287,ORS001,97401
1104442391,OR,71287,ORS001,97401
1104689280,OR,71287,ORS001,97401
1124431812,OR,71287,ORS001,97401
1144220195,OR,71287,ORS001,97401
1144540790,OR,71287,ORS001,97401
1174030662,OR,71287,ORS001,97401
1174641518,OR,71287,ORS001,97401
1174808158,OR,71287,ORS001,97401
1194083071,OR,71287,ORS001,97401
1194329995,OR,71287,ORS001,97401
1205203106,OR,71287,ORS001,97401
1215227756,OR,71287,ORS001,97401
1215652706,OR,71287,ORS001,97401
1225645898,OR,71287,ORS001,97401
1235606534,OR,71287,ORS001,97401
1265415624,OR,71287,ORS001,97401
1285804401,OR,71287,ORS001,97401
1336345040,OR,71287,ORS001,97401
1346305877,OR,71287,ORS001,97401
1346970191,OR,71287,ORS001,97401
1356507628,OR,71287,ORS001,97401
1356526321,OR,71287,ORS001,97401
1376914036,OR,71287,ORS001,97401
1396134300,OR,71287,ORS001,97401
1427037340,OR,71287,ORS001,97401
1437273174,OR,71287,ORS001,97401
1437393949,OR,71287,ORS001,97401
1437615499,OR,71287,ORS001,97401
1447250485,OR,71287,ORS001,97401
1447400957,OR,71287,ORS001,97401
1457542938,OR,71287,ORS001,97401
1467648642,OR,71287,ORS001,97401
1467828855,OR,71287,ORS001,97401
1487842316,OR,71287,ORS001,97401
1518567791,OR,71287,ORS001,97401
1518609924,OR,71287,ORS001,97401
1528790771,OR,71287,ORS001,97401
1538169727,OR,71287,ORS001,97401
1558361873,OR,71287,ORS001,97401
1598752446,OR,71287,ORS001,97401
1629075478,OR,71287,ORS001,97401
1639306723,OR,71287,ORS001,97401
1639564065,OR,71287,ORS001,97401
1639589765,OR,71287,ORS001,97401
1649754268,OR,71287,ORS001,97401
1689759698,OR,71287,ORS001,97401
1700236692,OR,71287,ORS001,97401
1720640220,OR,71287,ORS001,97401
1750773164,OR,71287,ORS001,97401
1801322953,OR,71287,ORS001,97401
1801645668,OR,71287,ORS001,97401
1821537408,OR,71287,ORS001,97401
1861478182,OR,71287,ORS001,97401
1861991796,OR,71287,ORS001,97401
1871913756,OR,71287,ORS001,97401
1881759322,OR,71287,ORS001,97401
1902584584,OR,71287,ORS001,97401
1922548783,OR,71287,ORS001,97401
1952352502,OR,71287,ORS001,97401
1003506536,OR,71287,ORS004,97330
1023435336,OR,71287,ORS004,97330
1033594544,OR,71287,ORS004,97330
1053057091,OR,71287,ORS004,97330
1053773341,OR,71287,ORS004,97330
1073300414,OR,71287,ORS004,97330
1093123051,OR,71287,ORS004,97330
1104455302,OR,71287,ORS004,97330
1174941298,OR,71287,ORS004,97330
1225602436,OR,71287,ORS004,97330
1235490038,OR,71287,ORS004,97330
1265917629,OR,71287,ORS004,97330
1285371138,OR,71287,ORS004,97330
1306455266,OR,71287,ORS004,97330
1336300862,OR,71287,ORS004,97330
1336867878,OR,71287,ORS004,97330
1356431464,OR,71287,ORS004,97330
1427505015,OR,71287,ORS004,97330
1467771295,OR,71287,ORS004,97330
1487270575,OR,71287,ORS004,97330
1538731039,OR,71287,ORS004,97330
1538788211,OR,71287,ORS004,97330
1568626398,OR,71287,ORS004,97330
1669212775,OR,71287,ORS004,97330
1720830607,OR,71287,ORS004,97330
1730574245,OR,71287,ORS004,97330
1801315239,OR,71287,ORS004,97330
1821076316,OR,71287,ORS004,97330
1821657263,OR,71287,ORS004,97330
1851110993,OR,71287,ORS004,97330
1871300665,OR,71287,ORS004,97330
1871313262,OR,71287,ORS004,97330
1871599217,OR,71287,ORS004,97330
1881630192,OR,71287,ORS004,97330
1922267582,OR,71287,ORS004,97330
1972326882,OR,71287,ORS004,97330
1982233953,OR,71287,ORS004,97330
1356589303,OR,71287,ORS004,97330
1427309152,OR,56707,ORS002,97132
1730548215,OR,56707,ORS002,97132
1003506536,OR,71287,ORS001,97330
1023435336,OR,71287,ORS001,97330
1033594544,OR,71287,ORS001,97330
1053057091,OR,71287,ORS001,97330
1053773341,OR,71287,ORS001,97330
1073300414,OR,71287,ORS001,97330
1093123051,OR,71287,ORS001,97330
1104455302,OR,71287,ORS001,97330
1174941298,OR,71287,ORS001,97330
1225602436,OR,71287,ORS001,97330
1235490038,OR,71287,ORS001,97330
1265917629,OR,71287,ORS001,97330
1285371138,OR,71287,ORS001,97330
1306455266,OR,71287,ORS001,97330
1336300862,OR,71287,ORS001,97330
1336867878,OR,71287,ORS001,97330
1356431464,OR,71287,ORS001,97330
1427505015,OR,71287,ORS001,97330
1467771295,OR,71287,ORS001,97330
1487270575,OR,71287,ORS001,97330
1538731039,OR,71287,ORS001,97330
1538788211,OR,71287,ORS001,97330
1568626398,OR,71287,ORS001,97330
1669212775,OR,71287,ORS001,97330
1720830607,OR,71287,ORS001,97330
1730574245,OR,71287,ORS001,97330
1801315239,OR,71287,ORS001,97330
1821076316,OR,71287,ORS001,97330
1821657263,OR,71287,ORS001,97330
1851110993,OR,71287,ORS001,97330
1871300665,OR,71287,ORS001,97330
1871313262,OR,71287,ORS001,97330
1871599217,OR,71287,ORS001,97330
1881630192,OR,71287,ORS001,97330
1922267582,OR,71287,ORS001,97330
1972326882,OR,71287,ORS001,97330
1982233953,OR,71287,ORS001,97330
1356589303,OR,71287,ORS001,97330
1003858945,OR,71287,ORS004,97401
1013193556,OR,71287,ORS004,97401
1033762901,OR,71287,ORS004,97401
1053326900,OR,71287,ORS004,97401
1063437127,OR,71287,ORS004,97401
1134529688,OR,71287,ORS004,97401
1154307080,OR,71287,ORS004,97401
1184950479,OR,71287,ORS004,97401
1184965121,OR,71287,ORS004,97401
1215177852,OR,71287,ORS004,97401
1215191259,OR,71287,ORS004,97401
1235347428,OR,71287,ORS004,97401
1245360759,OR,71287,ORS004,97401
1306309117,OR,71287,ORS004,97401
1336609288,OR,71287,ORS004,97401
1346282852,OR,71287,ORS004,97401
1356447288,OR,71287,ORS004,97401
1376884304,OR,71287,ORS004,97401
1407619638,OR,71287,ORS004,97401
1417362914,OR,71287,ORS004,97401
1427134287,OR,71287,ORS004,97401
1477502813,OR,71287,ORS004,97401
1487971081,OR,71287,ORS004,97401
1508830670,OR,71287,ORS004,97401
1639122591,OR,71287,ORS004,97401
1649249681,OR,71287,ORS004,97401
1649625971,OR,71287,ORS004,97401
1659596179,OR,71287,ORS004,97401
1700058021,OR,71287,ORS004,97401
1710473541,OR,71287,ORS004,97401
1720195233,OR,71287,ORS004,97401
1770979098,OR,71287,ORS004,97401
1780902783,OR,71287,ORS004,97401
1851750046,OR,71287,ORS004,97401
1902931587,OR,71287,ORS004,97401
1922211424,OR,71287,ORS004,97401
1992306344,OR,71287,ORS004,97401
1003858945,OR,71287,ORS001,97401
1013193556,OR,71287,ORS001,97401
1033762901,OR,71287,ORS001,97401
1053326900,OR,71287,ORS001,97401
1063437127,OR,71287,ORS001,97401
1134529688,OR,71287,ORS001,97401
1154307080,OR,71287,ORS001,97401
1184950479,OR,71287,ORS001,97401
1184965121,OR,71287,ORS001,97401
1215177852,OR,71287,ORS001,97401
1215191259,OR,71287,ORS001,97401
1235347428,OR,71287,ORS001,97401
1245360759,OR,71287,ORS001,97401
1306309117,OR,71287,ORS001,97401
1336609288,OR,71287,ORS001,97401
1346282852,OR,71287,ORS001,97401
1356447288,OR,71287,ORS001,97401
1376884304,OR,71287,ORS001,97401
1407619638,OR,71287,ORS001,97401
1417362914,OR,71287,ORS001,97401
1427134287,OR,71287,ORS001,97401
1477502813,OR,71287,ORS001,97401
1487971081,OR,71287,ORS001,97401
1508830670,OR,71287,ORS001,97401
1639122591,OR,71287,ORS001,97401
1649249681,OR,71287,ORS001,97401
1649625971,OR,71287,ORS001,97401
1659596179,OR,71287,ORS001,97401
1700058021,OR,71287,ORS001,97401
1710473541,OR,71287,ORS001,97401
1720195233,OR,71287,ORS001,97401
1770979098,OR,71287,ORS001,97401
1780902783,OR,71287,ORS001,97401
1851750046,OR,71287,ORS001,97401
1902931587,OR,71287,ORS001,97401
1922211424,OR,71287,ORS001,97401
1992306344,OR,71287,ORS001,97401
1144312943,OR,71287,ORS004,97333
1154488021,OR,71287,ORS004,97333
1215147475,OR,71287,ORS004,97333
1255058285,OR,71287,ORS004,97333
1255398681,OR,71287,ORS004,97333
1275608838,OR,71287,ORS004,97333
1285039453,OR,71287,ORS004,97333
1306465562,OR,71287,ORS004,97333
1366108227,OR,71287,ORS004,97333
1427379650,OR,71287,ORS004,97333
1457647091,OR,71287,ORS004,97333
1538241120,OR,71287,ORS004,97333
1548842578,OR,71287,ORS004,97333
1659545176,OR,71287,ORS004,97333
1669518049,OR,71287,ORS004,97333
1679032502,OR,71287,ORS004,97333
1689882730,OR,71287,ORS004,97333
1750679817,OR,71287,ORS004,97333
1780136242,OR,71287,ORS004,97333
1841258647,OR,71287,ORS004,97333
1841269750,OR,71287,ORS004,97333
1851884506,OR,71287,ORS004,97333
1881043560,OR,71287,ORS004,97333
1952079931,OR,71287,ORS004,97333
1144312943,OR,71287,ORS001,97333
1154488021,OR,71287,ORS001,97333
1215147475,OR,71287,ORS001,97333
1255058285,OR,71287,ORS001,97333
1255398681,OR,71287,ORS001,97333
1275608838,OR,71287,ORS001,97333
1285039453,OR,71287,ORS001,97333
1306465562,OR,71287,ORS001,97333
1366108227,OR,71287,ORS001,97333
1427379650,OR,71287,ORS001,97333
1457647091,OR,71287,ORS001,97333
1538241120,OR,71287,ORS001,97333
1548842578,OR,71287,ORS001,97333
1659545176,OR,71287,ORS001,97333
1669518049,OR,71287,ORS001,97333
1679032502,OR,71287,ORS001,97333
1689882730,OR,71287,ORS001,97333
1750679817,OR,71287,ORS001,97333
1780136242,OR,71287,ORS001,97333
1841258647,OR,71287,ORS001,97333
1841269750,OR,71287,ORS001,97333
1851884506,OR,71287,ORS001,97333
1881043560,OR,71287,ORS001,97333
1952079931,OR,71287,ORS001,97333
1073027058,OR,71287,ORS004,97321
1265913925,OR,71287,ORS004,97321
1295183291,OR,71287,ORS004,97321
1407418486,OR,71287,ORS004,97321
1992935787,OR,71287,ORS004,97321
1194234435,OR,71287,ORS004,97321
1801829361,OR,71287,ORS004,97321
1043431232,TX,66252,TXS002,78666
1265042279,MI,29698,MIS005,49015
1306224621,MI,29698,MIS005,49015
1427793231,MI,29698,MIS005,49015
1659569002,MI,29698,MIS005,49015
1992493704,MI,29698,MIS005,49015
1306256771,MI,58594,MIS001,49441
1043431232,TX,66252,TXS001,78666
1073027058,OR,71287,ORS001,97321
1265913925,OR,71287,ORS001,97321
1295183291,OR,71287,ORS001,97321
1407418486,OR,71287,ORS001,97321
1992935787,OR,71287,ORS001,97321
1194234435,OR,71287,ORS001,97321
1801829361,OR,71287,ORS001,97321
1396102869,MI,29698,MIS007,49203
1659364719,OR,56707,ORS002,97123
1902224546,OR,56707,ORS002,97123
1306377627,OR,56707,ORS002,97123
1194234435,OR,71287,ORS004,97330
1326334855,OR,71287,ORS004,97330
1437213295,OR,71287,ORS004,97330
1457478620,OR,71287,ORS004,97330
1891885091,OR,71287,ORS004,97330
1194234435,OR,71287,ORS001,97330
1326334855,OR,71287,ORS001,97330
1437213295,OR,71287,ORS001,97330
1457478620,OR,71287,ORS001,97330
1891885091,OR,71287,ORS001,97330
1003195389,OR,71287,ORS004,97401
1013990860,OR,71287,ORS004,97401
1063645570,OR,71287,ORS004,97401
1063822583,OR,71287,ORS004,97401
1083603575,OR,71287,ORS004,97401
1124091095,OR,71287,ORS004,97401
1154330215,OR,71287,ORS004,97401
1164485504,OR,71287,ORS004,97401
1164520870,OR,71287,ORS004,97401
1174834832,OR,71287,ORS004,97401
1205068012,OR,71287,ORS004,97401
1205991916,OR,71287,ORS004,97401
1215420625,OR,71287,ORS004,97401
1265641393,OR,71287,ORS004,97401
1316925829,OR,71287,ORS004,97401
1336119494,OR,71287,ORS004,97401
1336150804,OR,71287,ORS004,97401
1336185677,OR,71287,ORS004,97401
1356399190,OR,71287,ORS004,97401
1386746998,OR,71287,ORS004,97401
1407381890,OR,71287,ORS004,97401
1417055476,OR,71287,ORS004,97401
1417687922,OR,71287,ORS004,97401
1497719165,OR,71287,ORS004,97401
1508186669,OR,71287,ORS004,97401
1518251370,OR,71287,ORS004,97401
1528590619,OR,71287,ORS004,97401
1538138516,OR,71287,ORS004,97401
1538345145,OR,71287,ORS004,97401
1548994213,OR,71287,ORS004,97401
1558656199,OR,71287,ORS004,97401
1578307898,OR,71287,ORS004,97401
1578714861,OR,71287,ORS004,97401
1588963946,OR,71287,ORS004,97401
1598920118,OR,71287,ORS004,97401
1619125341,OR,71287,ORS004,97401
1639430887,OR,71287,ORS004,97401
1659616555,OR,71287,ORS004,97401
1659682722,OR,71287,ORS004,97401
1689069908,OR,71287,ORS004,97401
1720538937,OR,71287,ORS004,97401
1740223304,OR,71287,ORS004,97401
1740335728,OR,71287,ORS004,97401
1740715101,OR,71287,ORS004,97401
1780657981,OR,71287,ORS004,97401
1821417544,OR,71287,ORS004,97401
1821574625,OR,71287,ORS004,97401
1831686740,OR,71287,ORS004,97401
1851788400,OR,71287,ORS004,97401
1912396086,OR,71287,ORS004,97401
1942680830,OR,71287,ORS004,97401
1972784486,OR,71287,ORS004,97401
1063640266,OR,71287,ORS004,97401
1407720691,OR,71287,ORS004,97321
1003195389,OR,71287,ORS001,97401
1013990860,OR,71287,ORS001,97401
1063645570,OR,71287,ORS001,97401
1063822583,OR,71287,ORS001,97401
1083603575,OR,71287,ORS001,97401
1124091095,OR,71287,ORS001,97401
1154330215,OR,71287,ORS001,97401
1164485504,OR,71287,ORS001,97401
1164520870,OR,71287,ORS001,97401
1174834832,OR,71287,ORS001,97401
1205068012,OR,71287,ORS001,97401
1205991916,OR,71287,ORS001,97401
1215420625,OR,71287,ORS001,97401
1265641393,OR,71287,ORS001,97401
1316925829,OR,71287,ORS001,97401
1336119494,OR,71287,ORS001,97401
1336150804,OR,71287,ORS001,97401
1336185677,OR,71287,ORS001,97401
1356399190,OR,71287,ORS001,97401
1386746998,OR,71287,ORS001,97401
1407381890,OR,71287,ORS001,97401
1417055476,OR,71287,ORS001,97401
1417687922,OR,71287,ORS001,97401
1497719165,OR,71287,ORS001,97401
1508186669,OR,71287,ORS001,97401
1518251370,OR,71287,ORS001,97401
1528590619,OR,71287,ORS001,97401
1538138516,OR,71287,ORS001,97401
1538345145,OR,71287,ORS001,97401
1548994213,OR,71287,ORS001,97401
1558656199,OR,71287,ORS001,97401
1578307898,OR,71287,ORS001,97401
1578714861,OR,71287,ORS001,97401
1588963946,OR,71287,ORS001,97401
1598920118,OR,71287,ORS001,97401
1619125341,OR,71287,ORS001,97401
1639430887,OR,71287,ORS001,97401
1659616555,OR,71287,ORS001,97401
1659682722,OR,71287,ORS001,97401
1689069908,OR,71287,ORS001,97401
1720538937,OR,71287,ORS001,97401
1740223304,OR,71287,ORS001,97401
1740335728,OR,71287,ORS001,97401
1740715101,OR,71287,ORS001,97401
1780657981,OR,71287,ORS001,97401
1821417544,OR,71287,ORS001,97401
1821574625,OR,71287,ORS001,97401
1831686740,OR,71287,ORS001,97401
1851788400,OR,71287,ORS001,97401
1912396086,OR,71287,ORS001,97401
1942680830,OR,71287,ORS001,97401
1972784486,OR,71287,ORS001,97401
1063640266,OR,71287,ORS001,97401
1407720691,OR,71287,ORS001,97321
1093547291,OR,71287,ORS004,97321
1144258070,OR,71287,ORS004,97321
1184158479,OR,71287,ORS004,97321
1225479595,OR,71287,ORS004,97321
1235822461,OR,71287,ORS004,97321
1346721362,OR,71287,ORS004,97321
1487831848,OR,71287,ORS004,97321
1508841974,OR,71287,ORS004,97321
1538241120,OR,71287,ORS004,97321
1548298797,OR,71287,ORS004,97321
1568818581,OR,71287,ORS004,97321
1649233503,OR,71287,ORS004,97321
1659711463,OR,71287,ORS004,97321
1669035457,OR,71287,ORS004,97321
1679945000,OR,71287,ORS004,97321
1700893088,OR,71287,ORS004,97321
1710338173,OR,71287,ORS004,97321
1710924451,OR,71287,ORS004,97321
1790211845,OR,71287,ORS004,97321
1801382007,OR,71287,ORS004,97321
1841421229,OR,71287,ORS004,97321
1912019217,OR,71287,ORS004,97321
1932669447,OR,71287,ORS004,97321
1952338139,OR,71287,ORS004,97321
1952533317,OR,71287,ORS004,97321
1982631628,OR,71287,ORS004,97321
1093547291,OR,71287,ORS001,97321
1144258070,OR,71287,ORS001,97321
1184158479,OR,71287,ORS001,97321
1225479595,OR,71287,ORS001,97321
1235822461,OR,71287,ORS001,97321
1346721362,OR,71287,ORS001,97321
1487831848,OR,71287,ORS001,97321
1508841974,OR,71287,ORS001,97321
1538241120,OR,71287,ORS001,97321
1548298797,OR,71287,ORS001,97321
1568818581,OR,71287,ORS001,97321
1649233503,OR,71287,ORS001,97321
1659711463,OR,71287,ORS001,97321
1669035457,OR,71287,ORS001,97321
1679945000,OR,71287,ORS001,97321
1700893088,OR,71287,ORS001,97321
1710338173,OR,71287,ORS001,97321
1710924451,OR,71287,ORS001,97321
1790211845,OR,71287,ORS001,97321
1801382007,OR,71287,ORS001,97321
1841421229,OR,71287,ORS001,97321
1912019217,OR,71287,ORS001,97321
1932669447,OR,71287,ORS001,97321
1952338139,OR,71287,ORS001,97321
1952533317,OR,71287,ORS001,97321
1982631628,OR,71287,ORS001,97321
1225809502,MI,29698,MIS003,49348
1245853274,MI,29698,MIS003,49348
1295393254,MI,29698,MIS003,49348
1609930262,MI,29698,MIS003,49348
1568664670,TX,66252,TXS002,78666
1396851002,TX,66252,TXS002,78666
1023003563,TX,66252,TXS002,78666
1215921937,TX,66252,TXS002,78666
1467735704,TX,66252,TXS002,78666
1477241347,TX,66252,TXS002,78666
1528282050,TX,66252,TXS002,78666
1629062344,TX,66252,TXS002,78666
1629633474,TX,66252,TXS002,78666
1669529129,TX,66252,TXS002,78666
1790915858,TX,66252,TXS002,78666
1912991621,TX,66252,TXS002,78666
1962893891,TX,66252,TXS002,78666
1972597953,TX,66252,TXS002,78666
1457359952,TX,66252,TXS002,78666
1831134824,TX,66252,TXS002,78666
1568664670,TX,66252,TXS001,78666
1396851002,TX,66252,TXS001,78666
1023003563,TX,66252,TXS001,78666
1215921937,TX,66252,TXS001,78666
1467735704,TX,66252,TXS001,78666
1477241347,TX,66252,TXS001,78666
1528282050,TX,66252,TXS001,78666
1629062344,TX,66252,TXS001,78666
1629633474,TX,66252,TXS001,78666
1669529129,TX,66252,TXS001,78666
1790915858,TX,66252,TXS001,78666
1912991621,TX,66252,TXS001,78666
1962893891,TX,66252,TXS001,78666
1972597953,TX,66252,TXS001,78666
1457359952,TX,66252,TXS001,78666
1831134824,TX,66252,TXS001,78666
1336928290,MI,58594,MIS001,49441
1699630996,TX,66252,TXS002,78666
1043098775,TX,66252,TXS002,78666
1316994304,MI,29698,MIS007,49201
1104015056,MI,29698,MIS007,49201
1285844191,MI,29698,MIS007,49201
1306137666,MI,29698,MIS007,49201
1912004458,MI,29698,MIS007,49201
1841803087,MI,29698,MIS007,49201
1033279906,MI,29698,MIS007,49201
1164181210,MI,29698,MIS007,49201
1164418042,MI,29698,MIS007,49201
1174198030,MI,29698,MIS007,49201
1306482476,MI,29698,MIS007,49201
1508597840,MI,29698,MIS007,49201
1568722981,MI,29698,MIS007,49201
1689682551,MI,29698,MIS007,49201
1750776985,MI,29698,MIS007,49201
1821063363,MI,29698,MIS007,49201
1831164375,MI,29698,MIS007,49201
1891154829,MI,29698,MIS007,49201
1518043512,MI,29698,MIS007,49201
1699630996,TX,66252,TXS001,78666
1043098775,TX,66252,TXS001,78666
1639915382,MI,29698,MIS007,49201
1316058357,MI,29698,MIS007,49201
1114521853,MI,29698,MIS007,49201
1184676017,MI,58594,MIS001,49412
1639647449,OR,71287,ORS004,97401
1336164425,TX,66252,TXS002,78666
1366063927,TX,66252,TXS002,78666
1437347697,TX,66252,TXS002,78666
1518674571,TX,66252,TXS002,78666
1639647449,OR,71287,ORS001,97401
1336164425,TX,66252,TXS001,78666
1366063927,TX,66252,TXS001,78666
1437347697,TX,66252,TXS001,78666
1518674571,TX,66252,TXS001,78666
1598257859,OR,56707,ORS002,97123
1053553719,MI,29698,MIS007,49202
1053796730,MI,29698,MIS007,49202
1134404288,MI,29698,MIS007,49202
1174923189,MI,29698,MIS007,49202
1245590868,MI,29698,MIS007,49202
1275117319,MI,29698,MIS007,49202
1386704781,MI,29698,MIS007,49202
1396826095,MI,29698,MIS007,49202
1508063843,MI,29698,MIS007,49202
1508861659,MI,29698,MIS007,49202
1629073036,MI,29698,MIS007,49202
1639818263,MI,29698,MIS007,49202
1659421253,MI,29698,MIS007,49202
1881101582,MI,29698,MIS007,49202
1114815552,MI,29698,MIS007,49202
1396580171,MI,29698,MIS007,49202
1417179367,MI,58594,MIS001,49251
1285219428,OR,71287,ORS004,97401
1710406012,OR,71287,ORS004,97401
1285219428,OR,71287,ORS001,97401
1710406012,OR,71287,ORS001,97401
1003182130,TX,66252,TXS002,78666
1114137064,TX,66252,TXS002,78666
1205384096,TX,66252,TXS002,78666
1255080354,TX,66252,TXS002,78666
1497099709,TX,66252,TXS002,78666
1538304803,TX,66252,TXS002,78666
1629578018,TX,66252,TXS002,78666
1659353902,TX,66252,TXS002,78666
1750534376,TX,66252,TXS002,78666
1881631356,TX,66252,TXS002,78666
1942730916,TX,66252,TXS002,78666
1982642914,TX,66252,TXS002,78666
1003182130,TX,66252,TXS001,78666
1114137064,TX,66252,TXS001,78666
1205384096,TX,66252,TXS001,78666
1255080354,TX,66252,TXS001,78666
1497099709,TX,66252,TXS001,78666
1538304803,TX,66252,TXS001,78666
1629578018,TX,66252,TXS001,78666
1659353902,TX,66252,TXS001,78666
1750534376,TX,66252,TXS001,78666
1881631356,TX,66252,TXS001,78666
1942730916,TX,66252,TXS001,78666
1982642914,TX,66252,TXS001,78666
1932640331,OR,71287,ORS004,97401
1023452729,OR,56707,ORS002,97132
1316408149,TX,66252,TXS002,78666
1932640331,OR,71287,ORS001,97401
1316408149,TX,66252,TXS001,78666
1205944519,MI,29698,MIS005,49068
1295413839,MI,29698,MIS005,49068
1538618939,MI,29698,MIS005,49068
1851505861,MI,29698,MIS005,49068
1801811187,MI,58594,MIS001,49456
1174637995,MI,29698,MIS007,49240
1184989857,OR,71287,ORS004,97401
1265587851,OR,71287,ORS004,97401
1265847271,OR,71287,ORS004,97401
1265871560,OR,71287,ORS004,97401
1376109603,OR,71287,ORS004,97401
1396165395,OR,71287,ORS004,97401
1487018073,OR,71287,ORS004,97401
1760469324,OR,71287,ORS004,97401
1932472677,OR,71287,ORS004,97401
1184989857,OR,71287,ORS001,97401
1265587851,OR,71287,ORS001,97401
1265847271,OR,71287,ORS001,97401
1265871560,OR,71287,ORS001,97401
1376109603,OR,71287,ORS001,97401
1396165395,OR,71287,ORS001,97401
1487018073,OR,71287,ORS001,97401
1760469324,OR,71287,ORS001,97401
1932472677,OR,71287,ORS001,97401
1912045568,OR,71287,ORS004,97478
1023635653,OR,71287,ORS004,97426
1912045568,OR,71287,ORS001,97478
1023635653,OR,71287,ORS001,97426
1053638684,OR,71287,ORS004,97321
1770983330,OR,71287,ORS004,97321
1740230200,MI,58594,MIS001,49444
1487745980,MI,58594,MIS001,49444
1770546749,MI,58594,MIS001,49444
1093556540,OR,71287,ORS004,97401
1366686818,OR,71287,ORS004,97401
1902075591,OR,71287,ORS004,97401
1245305044,MI,29698,MIS007,49203
1609833359,MI,29698,MIS007,49203
1457319832,MI,29698,MIS007,49203
1104299288,OR,77969,ORS002,97071
1093556540,OR,71287,ORS001,97401
1366686818,OR,71287,ORS001,97401
1902075591,OR,71287,ORS001,97401
1053638684,OR,71287,ORS001,97321
1770983330,OR,71287,ORS001,97321
1730747049,MI,29698,MIS007,49240
1023585593,OR,71287,ORS004,97401
1548691561,OR,71287,ORS004,97401
1831370741,OR,71287,ORS004,97401
1518707025,MI,29698,MIS005,49015
1114551876,MI,29698,MIS005,49068
1316220437,MI,58594,MIS001,49444
1780409201,OR,71287,ORS004,97401
1144843640,OR,77969,ORS002,97071
1154987436,OR,77969,ORS002,97071
1265138416,OR,77969,ORS002,97071
1265584239,OR,71287,ORS004,97401
1467591529,OR,71287,ORS004,97401
1023585593,OR,71287,ORS001,97401
1548691561,OR,71287,ORS001,97401
1831370741,OR,71287,ORS001,97401
1780409201,OR,71287,ORS001,97401
1265584239,OR,71287,ORS001,97401
1467591529,OR,71287,ORS001,97401
1598963530,MI,29698,MIS005,49037
1215904255,MI,29698,MIS007,49240
1326015801,MI,29698,MIS007,49240
1265995013,MI,29698,MIS007,49240
1942520424,MI,29698,MIS007,49240
1427539220,MI,29698,MIS007,49240
1457437469,MI,29698,MIS007,49240
1760716252,MI,29698,MIS007,49203
1043379860,OR,71287,ORS004,97401
1053952648,OR,71287,ORS004,97401
1093707366,OR,71287,ORS004,97401
1114284015,OR,71287,ORS004,97401
1487867081,OR,71287,ORS004,97401
1518490226,OR,71287,ORS004,97401
1760420376,OR,71287,ORS004,97401
1821067489,OR,71287,ORS004,97401
1912353657,OR,71287,ORS004,97401
1992835367,OR,71287,ORS004,97401
1033143433,MI,29698,MIS005,49068
1043379860,OR,71287,ORS001,97401
1053952648,OR,71287,ORS001,97401
1093707366,OR,71287,ORS001,97401
1114284015,OR,71287,ORS001,97401
1487867081,OR,71287,ORS001,97401
1518490226,OR,71287,ORS001,97401
1760420376,OR,71287,ORS001,97401
1821067489,OR,71287,ORS001,97401
1912353657,OR,71287,ORS001,97401
1992835367,OR,71287,ORS001,97401
1083688261,MI,29698,MIS003,49406
1528465648,MI,58594,MIS001,48656
1023077591,MI,58594,MIS001,48441
1033192059,MI,58594,MIS001,48441
1730149576,MI,58594,MIS001,48441
1740332600,MI,58594,MIS001,48441
1669048534,MI,58594,MIS001,49327
1396234829,MI,58594,MIS001,48441
1629099619,MI,58594,MIS001,49327
1639648579,MI,58594,MIS001,49327
1649923061,MI,58594,MIS001,49327
1700804234,MI,58594,MIS001,49327
1760123186,MI,58594,MIS001,49327
1902465743,MI,58594,MIS001,49327
1174757355,OR,71287,ORS004,97401
1841767340,OR,71287,ORS004,97401
1174757355,OR,71287,ORS001,97401
1841767340,OR,71287,ORS001,97401
1053836650,MI,29698,MIS005,49068
1346083169,MI,29698,MIS005,49068
1710933932,MI,29698,MIS005,49068
1235410762,MI,29698,MIS005,49068
1366903791,MI,29698,MIS005,49068
1417977570,MI,29698,MIS005,49068
1437689437,MI,29698,MIS005,49068
1467119420,MI,29698,MIS005,49068
1558619908,MI,29698,MIS005,49068
1689847428,MI,29698,MIS005,49068
1760993042,MI,29698,MIS005,49068
1801380589,MI,29698,MIS005,49068
1891781944,MI,29698,MIS005,49068
1902874126,MI,29698,MIS005,49068
1922774959,MI,29698,MIS005,49068
1962035402,MI,29698,MIS005,49068
1396709523,MI,29698,MIS005,49068
1760014500,MI,29698,MIS005,49068
1982818597,MI,29698,MIS005,49068
1568109585,MI,29698,MIS005,49015
1255668687,OR,71287,ORS004,97401
1912050758,MI,29698,MIS005,49068
1437353935,MI,29698,MIS005,49068
1033573472,MI,29698,MIS005,49068
1396115739,TX,66252,TXS002,78666
1588716286,TX,66252,TXS002,78666
1831348648,TX,66252,TXS002,78666
1013759513,MI,29698,MIS005,49068
1164412961,MI,29698,MIS005,49068
1336880954,MI,29698,MIS005,49068
1386608107,MI,29698,MIS005,49068
1427791797,MI,29698,MIS005,49068
1437891926,MI,29698,MIS005,49068
1467258160,MI,29698,MIS005,49068
1659938785,MI,29698,MIS005,49068
1700615507,MI,29698,MIS005,49068
1720719214,MI,29698,MIS005,49068
1770473746,MI,29698,MIS005,49068
1801297940,MI,29698,MIS005,49068
1932947645,MI,29698,MIS005,49068
1972016038,MI,29698,MIS005,49068
1861224743,MI,29698,MIS005,49068
1255668687,OR,71287,ORS001,97401
1396115739,TX,66252,TXS001,78666
1588716286,TX,66252,TXS001,78666
1831348648,TX,66252,TXS001,78666
1538245667,MI,29698,MIS007,49202
1336260645,MI,58594,MIS001,49442
1124658315,OR,71287,ORS004,97405
1215208665,OR,71287,ORS004,97405
1396398616,OR,71287,ORS004,97405
1487020608,OR,71287,ORS004,97405
1508236423,OR,71287,ORS004,97405
1568932390,OR,71287,ORS004,97405
1639764988,OR,71287,ORS004,97405
1790281228,OR,71287,ORS004,97405
1801924253,OR,71287,ORS004,97405
1831719012,OR,71287,ORS004,97405
1871552422,OR,71287,ORS004,97405
1083129449,OR,71287,ORS004,97405
1083163026,OR,71287,ORS004,97405
1104001528,OR,71287,ORS004,97405
1366812281,OR,71287,ORS004,97405
1366922213,OR,71287,ORS004,97405
1447836382,OR,71287,ORS004,97405
1457541518,OR,71287,ORS004,97405
1578036158,OR,71287,ORS004,97405
1700569142,OR,71287,ORS004,97405
1912545443,OR,71287,ORS004,97405
1124658315,OR,71287,ORS001,97405
1215208665,OR,71287,ORS001,97405
1396398616,OR,71287,ORS001,97405
1487020608,OR,71287,ORS001,97405
1508236423,OR,71287,ORS001,97405
1568932390,OR,71287,ORS001,97405
1639764988,OR,71287,ORS001,97405
1790281228,OR,71287,ORS001,97405
1801924253,OR,71287,ORS001,97405
1831719012,OR,71287,ORS001,97405
1871552422,OR,71287,ORS001,97405
1083129449,OR,71287,ORS001,97405
1083163026,OR,71287,ORS001,97405
1104001528,OR,71287,ORS001,97405
1366812281,OR,71287,ORS001,97405
1366922213,OR,71287,ORS001,97405
1447836382,OR,71287,ORS001,97405
1457541518,OR,71287,ORS001,97405
1578036158,OR,71287,ORS001,97405
1700569142,OR,71287,ORS001,97405
1912545443,OR,71287,ORS001,97405
1174544225,OR,71287,ORS004,97405
1174544225,OR,71287,ORS001,97405
1922999887,MI,29698,MIS005,49037
1730122367,MI,29698,MIS007,49201
1023503240,MI,58594,MIS001,49412
1598326662,MI,58594,MIS001,49412
1023231008,MI,58594,MIS001,49412
1124889852,MI,58594,MIS001,49412
1285685461,MI,58594,MIS001,49412
1326875741,MI,58594,MIS001,49412
1386221000,MI,58594,MIS001,49412
1477320919,MI,58594,MIS001,49412
1568414860,MI,58594,MIS001,49412
1588372437,MI,58594,MIS001,49412
1720613490,MI,58594,MIS001,49412
1801846316,MI,58594,MIS001,49412
1841929171,MI,58594,MIS001,49412
1871224816,MI,58594,MIS001,49412
1942252440,MI,58594,MIS001,49412
1972153104,MI,58594,MIS001,49412
1992959548,OR,71287,ORS004,97322
1992959548,OR,71287,ORS001,97322
1306591466,OR,56707,ORS002,97132
1497100119,MI,58594,MIS001,48624
1124767009,MI,29698,MIS005,49015
1689069148,MI,29698,MIS005,49015
1386034486,MI,29698,MIS007,49202
1316188006,OR,77969,ORS002,97071
1336854504,OR,77969,ORS002,97071
1346799590,OR,77969,ORS002,97071
1376141424,OR,77969,ORS002,97071
1376935270,OR,77969,ORS002,97071
1831681618,OR,77969,ORS002,97071
1891265914,OR,77969,ORS002,97071
1922250364,OR,77969,ORS002,97071
1154604064,MI,29698,MIS007,49203
1184146417,OR,71287,ORS004,97487
1548728025,OR,71287,ORS004,97322
1184146417,OR,71287,ORS001,97487
1548728025,OR,71287,ORS001,97322
1720691314,MI,29698,MIS007,49202
1134451784,OR,77969,ORS002,97071
1326854332,OR,77969,ORS002,97071
1427557263,OR,77969,ORS002,97071
1194355099,OR,71287,ORS004,97408
1255975215,OR,71287,ORS004,97408
1386045805,OR,71287,ORS004,97408
1194355099,OR,71287,ORS001,97408
1255975215,OR,71287,ORS001,97408
1386045805,OR,71287,ORS001,97408
1285508960,MI,58594,MIS001,48455
1871230078,OR,56707,ORS002,97132
1952859621,OR,71287,ORS004,97405
1952859621,OR,71287,ORS001,97405
1033319124,OR,71287,ORS004,97477
1063822625,OR,71287,ORS004,97477
1104957240,OR,71287,ORS004,97477
1225468036,OR,71287,ORS004,97477
1265547277,OR,71287,ORS004,97477
1336394949,OR,71287,ORS004,97477
1447813738,OR,71287,ORS004,97477
1457496705,OR,71287,ORS004,97477
1558898528,OR,71287,ORS004,97477
1730575119,OR,71287,ORS004,97477
1881670198,OR,71287,ORS004,97477
1992027635,OR,71287,ORS004,97477
1053625384,OR,71287,ORS004,97330
1033319124,OR,71287,ORS001,97477
1063822625,OR,71287,ORS001,97477
1104957240,OR,71287,ORS001,97477
1225468036,OR,71287,ORS001,97477
1265547277,OR,71287,ORS001,97477
1336394949,OR,71287,ORS001,97477
1447813738,OR,71287,ORS001,97477
1457496705,OR,71287,ORS001,97477
1558898528,OR,71287,ORS001,97477
1730575119,OR,71287,ORS001,97477
1881670198,OR,71287,ORS001,97477
1992027635,OR,71287,ORS001,97477
1053625384,OR,71287,ORS001,97330
1275256265,TX,66252,TXS002,78666
1881775708,MI,29698,MIS007,49201
1275256265,TX,66252,TXS001,78666
1003832908,MI,29698,MIS005,49015
1205499902,MI,29698,MIS005,49015
1285625590,MI,29698,MIS005,49015
1316247984,MI,29698,MIS005,49015
1336475219,MI,29698,MIS005,49015
1407305576,MI,29698,MIS005,49015
1427259035,MI,29698,MIS005,49015
1487286688,MI,29698,MIS005,49015
1548574528,MI,29698,MIS005,49015
1679721096,MI,29698,MIS005,49015
1831687110,MI,29698,MIS005,49015
1992983209,MI,29698,MIS005,49015
1720262181,MI,58594,MIS001,49403
1134737455,TX,66252,TXS002,78666
1306476858,TX,66252,TXS002,78666
1962828202,TX,66252,TXS002,78666
1134737455,TX,66252,TXS001,78666
1306476858,TX,66252,TXS001,78666
1962828202,TX,66252,TXS001,78666
1902930043,MI,29698,MIS007,49201
1306045257,MI,29698,MIS005,49068
1487752440,MI,29698,MIS005,49015
1578109732,MI,29698,MIS005,49015
1023052081,MI,58594,MIS001,48653
1659411619,MI,58594,MIS001,48653
1326347840,OR,71287,ORS004,97330
1356118079,OR,71287,ORS004,97330
1508962184,OR,71287,ORS004,97330
1528207362,OR,71287,ORS004,97330
1992790687,OR,77969,ORS002,97381
1326347840,OR,71287,ORS001,97330
1356118079,OR,71287,ORS001,97330
1508962184,OR,71287,ORS001,97330
1528207362,OR,71287,ORS001,97330
1578622890,OR,71287,ORS004,97402
1679315626,OR,71287,ORS004,97402
1578622890,OR,71287,ORS001,97402
1679315626,OR,71287,ORS001,97402
1104458017,MI,58594,MIS001,49444
1376959726,MI,58594,MIS001,49444
1063403632,MI,29698,MIS007,49202
1134118961,MI,58594,MIS001,49442
1184125759,MI,58594,MIS001,49442
1336188556,MI,58594,MIS001,49442
1437706496,MI,58594,MIS001,49442
1538714373,MI,58594,MIS001,49442
1649749136,MI,58594,MIS001,49442
1649755984,MI,58594,MIS001,49442
1760813224,MI,58594,MIS001,49442
1780673525,MI,58594,MIS001,49442
1871525832,MI,58594,MIS001,49442
1063605822,MI,58594,MIS001,49442
1679734271,MI,29698,MIS005,49015
1356874440,MI,29698,MIS005,49015
1447030986,MI,29698,MIS005,49015
1821483918,OR,71287,ORS004,97402
1417080706,MI,58594,MIS001,49444
1821483918,OR,71287,ORS001,97402
1023608239,MI,58594,MIS001,49442
1023796828,MI,58594,MIS001,49442
1134530132,MI,58594,MIS001,49442
1144871930,MI,58594,MIS001,49442
1154798254,MI,58594,MIS001,49442
1164080412,MI,58594,MIS001,49442
1194348490,MI,58594,MIS001,49442
1205062874,MI,58594,MIS001,49442
1215140470,MI,58594,MIS001,49442
1225364953,MI,58594,MIS001,49442
1225500895,MI,58594,MIS001,49442
1275041501,MI,58594,MIS001,49442
1336892520,MI,58594,MIS001,49442
1376944777,MI,58594,MIS001,49442
1427534726,MI,58594,MIS001,49442
1477056257,MI,58594,MIS001,49442
1568886984,MI,58594,MIS001,49442
1619421880,MI,58594,MIS001,49442
1689301160,MI,58594,MIS001,49442
1700574373,MI,58594,MIS001,49442
1710608047,MI,58594,MIS001,49442
1821414038,MI,58594,MIS001,49442
1821656711,MI,58594,MIS001,49442
1821869900,MI,58594,MIS001,49442
1841062353,MI,58594,MIS001,49442
1881384048,MI,58594,MIS001,49442
1922528181,MI,58594,MIS001,49442
1972008381,MI,58594,MIS001,49442
1134120108,MI,58594,MIS001,49442
1831451657,MI,58594,MIS001,49444
1225280779,MI,58594,MIS001,49444
1922333913,OR,71287,ORS004,97477
1730448184,OR,71287,ORS004,97477
1609437839,OR,71287,ORS004,97477
1922333913,OR,71287,ORS001,97477
1730448184,OR,71287,ORS001,97477
1609437839,OR,71287,ORS001,97477
1114547874,MI,29698,MIS005,49015
1619135480,MI,29698,MIS005,49015
1982676110,MI,29698,MIS005,49015
1831220466,OR,71287,ORS004,97401
1831220466,OR,71287,ORS001,97401
1801160361,MI,58594,MIS001,49440
1972164069,MI,58594,MIS001,49440
1720871585,MI,29698,MIS005,49015
1871856138,OR,71287,ORS004,97322
1871856138,OR,71287,ORS001,97322
1083595425,TX,66252,TXS002,78666
1013979665,OR,71287,ORS004,97401
1457699142,OR,71287,ORS004,97401
1619981859,OR,71287,ORS004,97401
1184887036,OR,71287,ORS004,97401
1194220103,OR,71287,ORS004,97401
1235704537,OR,71287,ORS004,97401
1528454311,OR,71287,ORS004,97401
1386385839,OR,71287,ORS004,97401
1811346034,OR,71287,ORS004,97401
1023085503,OR,71287,ORS004,97401
1073873857,OR,71287,ORS004,97401
1265410799,OR,71287,ORS004,97401
1346228830,OR,71287,ORS004,97401
1497168991,OR,71287,ORS004,97401
1619405305,OR,71287,ORS004,97401
1013166966,OR,71287,ORS004,97401
1245326651,OR,71287,ORS004,97401
1639278294,OR,71287,ORS004,97401
1679912778,OR,71287,ORS004,97401
1811207913,OR,71287,ORS004,97401
1083595425,TX,66252,TXS001,78666
1013979665,OR,71287,ORS001,97401
1457699142,OR,71287,ORS001,97401
1619981859,OR,71287,ORS001,97401
1184887036,OR,71287,ORS001,97401
1194220103,OR,71287,ORS001,97401
1235704537,OR,71287,ORS001,97401
1528454311,OR,71287,ORS001,97401
1386385839,OR,71287,ORS001,97401
1811346034,OR,71287,ORS001,97401
1023085503,OR,71287,ORS001,97401
1073873857,OR,71287,ORS001,97401
1265410799,OR,71287,ORS001,97401
1346228830,OR,71287,ORS001,97401
1497168991,OR,71287,ORS001,97401
1619405305,OR,71287,ORS001,97401
1013166966,OR,71287,ORS001,97401
1245326651,OR,71287,ORS001,97401
1639278294,OR,71287,ORS001,97401
1679912778,OR,71287,ORS001,97401
1811207913,OR,71287,ORS001,97401
1740843994,OR,71287,ORS004,97401
1972180982,OR,71287,ORS004,97401
1114807070,OR,71287,ORS004,97401
1407693880,OR,71287,ORS004,97401
1760167324,OR,71287,ORS004,97401
1902231665,OR,71287,ORS004,97401
1326482035,MI,29698,MIS007,49201
1740843994,OR,71287,ORS001,97401
1972180982,OR,71287,ORS001,97401
1114807070,OR,71287,ORS001,97401
1407693880,OR,71287,ORS001,97401
1760167324,OR,71287,ORS001,97401
1902231665,OR,71287,ORS001,97401
1184817413,MI,29698,MIS007,49201
1184852980,MI,29698,MIS007,49201
1205834090,MI,29698,MIS007,49201
1245430693,MI,29698,MIS007,49201
1265846042,MI,29698,MIS007,49201
1275542672,MI,29698,MIS007,49201
1326490046,MI,29698,MIS007,49201
1558645291,MI,29698,MIS007,49201
1649371071,MI,29698,MIS007,49201
1659366110,MI,29698,MIS007,49201
1720249667,MI,29698,MIS007,49201
1730741786,MI,29698,MIS007,49201
1740711605,MI,29698,MIS007,49201
1770746943,MI,29698,MIS007,49201
1811559867,MI,29698,MIS007,49201
1003603481,MI,29698,MIS007,49201
1023531225,MI,29698,MIS007,49201
1093339145,MI,29698,MIS007,49201
1194377234,MI,29698,MIS007,49201
1245823269,MI,29698,MIS007,49201
1255089868,MI,29698,MIS007,49201
1295305399,MI,29698,MIS007,49201
1417106238,MI,29698,MIS007,49201
1427653104,MI,29698,MIS007,49201
1437292513,MI,29698,MIS007,49201
1457357055,MI,29698,MIS007,49201
1518453836,MI,29698,MIS007,49201
1568227676,MI,29698,MIS007,49201
1629621925,MI,29698,MIS007,49201
1659351229,MI,29698,MIS007,49201
1689052789,MI,29698,MIS007,49201
1699343566,MI,29698,MIS007,49201
1740008069,MI,29698,MIS007,49201
1760043269,MI,29698,MIS007,49201
1780248484,MI,29698,MIS007,49201
1801885454,MI,29698,MIS007,49201
1811658420,MI,29698,MIS007,49201
1891193330,MI,29698,MIS007,49201
1891519161,MI,29698,MIS007,49201
1881898104,MI,29698,MIS005,49014
1487624391,OR,71287,ORS004,97477
1487624391,OR,71287,ORS001,97477
1144399213,OR,71287,ORS004,97448
1740063932,OR,71287,ORS004,97448
1144399213,OR,71287,ORS001,97448
1740063932,OR,71287,ORS001,97448
1205307881,OR,71287,ORS004,97448
1205862505,OR,71287,ORS004,97448
1407166903,OR,71287,ORS004,97448
1205307881,OR,71287,ORS001,97448
1205862505,OR,71287,ORS001,97448
1407166903,OR,71287,ORS001,97448
1518023480,MI,58594,MIS001,49444
1821454844,OR,71287,ORS004,97383
1154704773,MI,58594,MIS001,49444
1184118838,MI,58594,MIS001,49444
1396702098,MI,58594,MIS001,49444
1407813413,MI,58594,MIS001,49444
1477519791,MI,58594,MIS001,49444
1821454844,OR,71287,ORS001,97383
1871766816,OR,71287,ORS004,97355
1023291044,MI,58594,MIS001,49444
1871766816,OR,71287,ORS001,97355
1134111818,MI,58594,MIS001,49452
1164624292,MI,58594,MIS001,49452
1063900496,MI,58594,MIS001,48371
1083052377,MI,58594,MIS001,48371
1154512895,MI,58594,MIS001,48371
1316955925,MI,58594,MIS001,48371
1417998980,MI,58594,MIS001,48371
1427094929,MI,58594,MIS001,48371
1548823800,MI,58594,MIS001,48371
1588600464,MI,58594,MIS001,48371
1619190790,MI,58594,MIS001,48371
1649685967,MI,58594,MIS001,48371
1821021486,MI,58594,MIS001,48371
1821288747,MI,58594,MIS001,48371
1891710158,MI,58594,MIS001,48371
1902998719,MI,58594,MIS001,48371
1013213958,MI,58594,MIS001,48371
1023615788,MI,58594,MIS001,48371
1053567669,MI,58594,MIS001,48371
1538516646,MI,58594,MIS001,48371
1811074065,MI,58594,MIS001,48371
1285229070,MI,58594,MIS001,48371
1104893502,MI,58594,MIS001,48371
1386642056,MI,58594,MIS001,48371
1487143889,MI,58594,MIS001,48371
1497953533,MI,58594,MIS001,48371
1811201114,MI,58594,MIS001,48371
1053706549,MI,29698,MIS005,49017
1417690397,MI,58594,MIS001,48371
1013920438,MI,29698,MIS003,49423
1932145729,MI,29698,MIS003,49423
1194463745,MI,29698,MIS003,49423
1205807112,OR,77969,ORS002,97381
1336110469,OR,77969,ORS002,97381
1851496830,MI,29698,MIS007,49203
1437403078,OR,71287,ORS004,97333
1437403078,OR,71287,ORS001,97333
1962659680,MI,29698,MIS007,49203
1184657330,OR,71287,ORS004,97333
1184657330,OR,71287,ORS001,97333
1104089986,MI,58594,MIS001,49444
1700663200,MI,58594,MIS001,49444
1740751775,MI,58594,MIS001,49444
1740989284,MI,58594,MIS001,49444
1912261694,MI,58594,MIS001,49444
1205464955,MI,58594,MIS001,49444
1215428339,MI,58594,MIS001,49444
1265749451,MI,58594,MIS001,49444
1376089433,MI,58594,MIS001,49444
1447251442,MI,58594,MIS001,49444
1871907097,MI,58594,MIS001,49444
1235692526,MI,58594,MIS001,49444
1942010350,MI,58594,MIS001,49444
1245554211,OR,77969,ORS002,97071
1639568496,OR,77969,ORS002,97071
1790976207,OR,77969,ORS002,97071
1336377225,MI,29698,MIS007,49277
1699908863,OR,71287,ORS004,97487
1699908863,OR,71287,ORS001,97487
1316010010,MI,58594,MIS001,49420
1588914782,MI,58594,MIS001,49420
1083502611,OR,71287,ORS004,97383
1104055003,OR,71287,ORS004,97383
1164230454,OR,71287,ORS004,97383
1275200586,OR,71287,ORS004,97383
1316940919,OR,71287,ORS004,97383
1437266418,OR,71287,ORS004,97383
1447491121,OR,71287,ORS004,97383
1629721014,OR,71287,ORS004,97383
1275906091,MI,29698,MIS007,49240
1043365513,OR,71287,ORS004,97383
1053745943,OR,71287,ORS004,97383
1114367919,OR,71287,ORS004,97383
1124076732,OR,71287,ORS004,97383
1225025992,OR,71287,ORS004,97383
1295042976,OR,71287,ORS004,97383
1306844022,OR,71287,ORS004,97383
1316442965,OR,71287,ORS004,97383
1386616936,OR,71287,ORS004,97383
1619568219,OR,71287,ORS004,97383
1649893785,OR,71287,ORS004,97383
1649994286,OR,71287,ORS004,97383
1689643173,OR,71287,ORS004,97383
1770545477,OR,71287,ORS004,97383
1861153942,OR,71287,ORS004,97383
1922089580,OR,71287,ORS004,97383
1942346994,OR,71287,ORS004,97383
1083502611,OR,71287,ORS001,97383
1104055003,OR,71287,ORS001,97383
1164230454,OR,71287,ORS001,97383
1275200586,OR,71287,ORS001,97383
1316940919,OR,71287,ORS001,97383
1437266418,OR,71287,ORS001,97383
1447491121,OR,71287,ORS001,97383
1629721014,OR,71287,ORS001,97383
1043365513,OR,71287,ORS001,97383
1053745943,OR,71287,ORS001,97383
1114367919,OR,71287,ORS001,97383
1124076732,OR,71287,ORS001,97383
1225025992,OR,71287,ORS001,97383
1295042976,OR,71287,ORS001,97383
1306844022,OR,71287,ORS001,97383
1316442965,OR,71287,ORS001,97383
1386616936,OR,71287,ORS001,97383
1619568219,OR,71287,ORS001,97383
1649893785,OR,71287,ORS001,97383
1649994286,OR,71287,ORS001,97383
1689643173,OR,71287,ORS001,97383
1770545477,OR,71287,ORS001,97383
1861153942,OR,71287,ORS001,97383
1922089580,OR,71287,ORS001,97383
1942346994,OR,71287,ORS001,97383
1235457359,OR,71287,ORS004,97383
1528694221,OR,71287,ORS004,97383
1457857443,OR,71287,ORS004,97424
1467500769,OR,71287,ORS004,97424
1538573662,OR,71287,ORS004,97424
1831607936,OR,71287,ORS004,97424
1841652377,OR,71287,ORS004,97424
1700340270,OR,71287,ORS004,97424
1427162023,MI,58594,MIS001,49444
1134569312,MI,58594,MIS001,48371
1194164558,MI,58594,MIS001,48371
1245536580,MI,58594,MIS001,48371
1417331364,MI,58594,MIS001,48371
1699225649,MI,58594,MIS001,48371
1932094349,MI,58594,MIS001,48371
1235457359,OR,71287,ORS001,97383
1528694221,OR,71287,ORS001,97383
1457857443,OR,71287,ORS001,97424
1467500769,OR,71287,ORS001,97424
1538573662,OR,71287,ORS001,97424
1831607936,OR,71287,ORS001,97424
1841652377,OR,71287,ORS001,97424
1700340270,OR,71287,ORS001,97424
1700415932,OR,71287,ORS004,97383
1700415932,OR,71287,ORS001,97383
1518703289,OR,71287,ORS004,97383
1518703289,OR,71287,ORS001,97383
1154895530,OR,56707,ORS002,97132
1437592383,OR,56707,ORS002,97132
1528532884,OR,56707,ORS002,97132
1578959466,OR,56707,ORS002,97132
1619513769,OR,56707,ORS002,97132
1851060446,OR,56707,ORS002,97132
1316195704,OR,56707,ORS002,97132
1578120630,OR,56707,ORS002,97132
1194048264,OR,56707,ORS002,97132
1366134843,OR,56707,ORS002,97132
1780025890,OR,56707,ORS002,97132
1861570194,MI,58594,MIS001,48471
1780206391,MI,58594,MIS001,49456
1043704596,OR,56707,ORS002,97132
1730822834,OR,56707,ORS002,97132
1427239086,MI,58594,MIS001,48471
1609255116,OR,71287,ORS004,97383
1023397940,OR,71287,ORS004,97383
1457313108,OR,71287,ORS004,97383
1538191085,OR,71287,ORS004,97383
1548227374,OR,71287,ORS004,97383
1598139917,OR,71287,ORS004,97383
1831659325,OR,71287,ORS004,97383
1912135690,OR,71287,ORS004,97383
1932669876,OR,71287,ORS004,97383
1942400858,OR,71287,ORS004,97383
1992712483,OR,71287,ORS004,97383
1609255116,OR,71287,ORS001,97383
1023397940,OR,71287,ORS001,97383
1457313108,OR,71287,ORS001,97383
1538191085,OR,71287,ORS001,97383
1548227374,OR,71287,ORS001,97383
1598139917,OR,71287,ORS001,97383
1831659325,OR,71287,ORS001,97383
1912135690,OR,71287,ORS001,97383
1932669876,OR,71287,ORS001,97383
1942400858,OR,71287,ORS001,97383
1992712483,OR,71287,ORS001,97383
1003300310,MI,58594,MIS001,49444
1174522429,MI,58594,MIS001,49444
1194729053,MI,58594,MIS001,49444
1225752959,MI,58594,MIS001,49444
1245224674,MI,58594,MIS001,49444
1699273318,MI,58594,MIS001,49444
1770564650,MI,58594,MIS001,49444
1811536428,MI,58594,MIS001,49444
1952933798,MI,58594,MIS001,49444
1992799357,MI,58594,MIS001,49444
1245610823,MI,58594,MIS001,48651
1215790639,OR,71287,ORS004,97383
1215790639,OR,71287,ORS001,97383
1063127108,MI,58594,MIS001,49444
1366998627,MI,58594,MIS001,49444
1396165080,MI,58594,MIS001,49444
1467983007,MI,58594,MIS001,49444
1891482881,MI,58594,MIS001,49444
1982288619,MI,58594,MIS001,49444
1316248867,MI,58594,MIS001,49412
1003389883,MI,58594,MIS001,49442
1669700290,MI,58594,MIS001,49442
1851885800,MI,58594,MIS001,49442
1124159488,MI,58594,MIS001,49327
1154035046,MI,58594,MIS001,49327
1588650527,MI,58594,MIS001,49327
1336339787,MI,29698,MIS005,49014
1356771190,MI,58594,MIS001,49327
1376287284,MI,58594,MIS001,49327
1174950356,OR,71287,ORS004,97404
1679648612,OR,71287,ORS004,97404
1174950356,OR,71287,ORS001,97404
1679648612,OR,71287,ORS001,97404
1528484870,OR,71287,ORS004,97404
1831412022,OR,71287,ORS004,97404
1528484870,OR,71287,ORS001,97404
1831412022,OR,71287,ORS001,97404
1508955998,OR,71287,ORS004,97401
1144361098,OR,71287,ORS004,97401
1174501761,OR,71287,ORS004,97401
1558333211,OR,71287,ORS004,97401
1588804579,OR,71287,ORS004,97401
1700015062,OR,71287,ORS004,97401
1861923666,OR,71287,ORS004,97401
1922368265,OR,71287,ORS004,97401
1124508494,OR,71287,ORS004,97401
1215309521,OR,71287,ORS004,97401
1386037240,OR,71287,ORS004,97401
1881164739,OR,71287,ORS004,97401
1265013767,OR,71287,ORS004,97401
1306722970,OR,71287,ORS004,97401
1952989857,OR,71287,ORS004,97401
1417626177,OR,71287,ORS004,97401
1508955998,OR,71287,ORS001,97401
1144361098,OR,71287,ORS001,97401
1174501761,OR,71287,ORS001,97401
1558333211,OR,71287,ORS001,97401
1588804579,OR,71287,ORS001,97401
1700015062,OR,71287,ORS001,97401
1861923666,OR,71287,ORS001,97401
1922368265,OR,71287,ORS001,97401
1124508494,OR,71287,ORS001,97401
1215309521,OR,71287,ORS001,97401
1386037240,OR,71287,ORS001,97401
1881164739,OR,71287,ORS001,97401
1265013767,OR,71287,ORS001,97401
1306722970,OR,71287,ORS001,97401
1952989857,OR,71287,ORS001,97401
1417626177,OR,71287,ORS001,97401
1659682177,OR,71287,ORS004,97426
1659682177,OR,71287,ORS001,97426
1699015982,OR,56707,ORS002,97132
1033187265,MI,29698,MIS007,49203
1043984693,MI,29698,MIS007,49203
1053829937,MI,29698,MIS007,49203
1053957548,MI,29698,MIS007,49203
1063839520,MI,29698,MIS007,49203
1114038700,MI,29698,MIS007,49203
1275815870,MI,29698,MIS007,49203
1427740356,MI,29698,MIS007,49203
1508290941,MI,29698,MIS007,49203
1538243928,MI,29698,MIS007,49203
1699407189,MI,29698,MIS007,49203
1699868927,MI,29698,MIS007,49203
1902986441,MI,29698,MIS007,49203
1932520244,MI,29698,MIS007,49203
1972964724,MI,29698,MIS007,49203
1619979838,MI,29698,MIS005,49015
1922613819,MI,29698,MIS005,49015
1487437190,MI,29698,MIS007,49230
1679704258,MI,29698,MIS007,49230
1821067398,MI,29698,MIS007,49230
1376088740,OR,56707,ORS002,97132
1063827863,MI,58594,MIS001,49442
1114156742,MI,58594,MIS001,49442
1215929856,MI,58594,MIS001,49442
1225310774,MI,58594,MIS001,49442
1275525958,MI,58594,MIS001,49442
1285658955,MI,58594,MIS001,49442
1285863571,MI,58594,MIS001,49442
1295985034,MI,58594,MIS001,49442
1306026133,MI,58594,MIS001,49442
1336361138,MI,58594,MIS001,49442
1346477973,MI,58594,MIS001,49442
1356768469,MI,58594,MIS001,49442
1538180732,MI,58594,MIS001,49442
1619900412,MI,58594,MIS001,49442
1689613952,MI,58594,MIS001,49442
1700801081,MI,58594,MIS001,49442
1700878584,MI,58594,MIS001,49442
1720247299,MI,58594,MIS001,49442
1730443607,MI,58594,MIS001,49442
1801109731,MI,58594,MIS001,49442
1861484636,MI,58594,MIS001,49442
1861744005,MI,58594,MIS001,49442
1902007644,MI,58594,MIS001,49442
1942212667,MI,58594,MIS001,49442
1568408789,MI,29698,MIS007,49203
1912093949,MI,29698,MIS007,49203
1114045853,MI,29698,MIS005,49017
1417586454,MI,58594,MIS001,49442
1619750353,MI,29698,MIS003,49423
1326319328,MI,29698,MIS003,49423
1568812717,MI,29698,MIS003,49423
1639619844,MI,29698,MIS003,49423
1659099786,MI,29698,MIS003,49423
1134170905,OR,71287,ORS004,97405
1609919737,OR,71287,ORS004,97330
1811016215,OR,71287,ORS004,97330
1952388399,OR,71287,ORS004,97330
1609143783,OR,71287,ORS004,97408
1598866485,MI,29698,MIS005,49037
1134170905,OR,71287,ORS001,97405
1609919737,OR,71287,ORS001,97330
1811016215,OR,71287,ORS001,97330
1952388399,OR,71287,ORS001,97330
1609143783,OR,71287,ORS001,97408
1033146766,MI,29698,MIS007,49204
1376884379,OR,56707,ORS002,97132
1669983771,OR,56707,ORS002,97132
1982042578,OR,56707,ORS002,97132
1720249667,MI,29698,MIS007,49202
1104088590,OR,71287,ORS004,97330
1063248979,OR,56707,ORS002,97132
1407573835,OR,56707,ORS002,97132
1437957818,OR,56707,ORS002,97132
1558949115,OR,56707,ORS002,97132
1942067947,OR,56707,ORS002,97132
1306022553,OR,56707,ORS002,97123
1811839475,OR,56707,ORS002,97123
1891401592,OR,56707,ORS002,97123
1104088590,OR,71287,ORS001,97330
1003677600,OR,71287,ORS004,97322
1093273765,OR,71287,ORS004,97322
1215755525,OR,71287,ORS004,97322
1326826223,OR,71287,ORS004,97322
1003677600,OR,71287,ORS001,97322
1093273765,OR,71287,ORS001,97322
1215755525,OR,71287,ORS001,97322
1326826223,OR,71287,ORS001,97322
1306103163,MI,29698,MIS005,49017
1730149907,MI,29698,MIS005,49017
1356312276,MI,58594,MIS001,49442
1780211359,OR,71287,ORS004,97333
1780211359,OR,71287,ORS001,97333
1154641538,OR,71287,ORS004,97405
1215196134,OR,71287,ORS004,97405
1386290773,OR,71287,ORS004,97405
1497172761,OR,71287,ORS004,97405
1548895386,OR,71287,ORS004,97405
1689300840,OR,71287,ORS004,97405
1700449592,OR,71287,ORS004,97405
1154641538,OR,71287,ORS001,97405
1215196134,OR,71287,ORS001,97405
1386290773,OR,71287,ORS001,97405
1497172761,OR,71287,ORS001,97405
1548895386,OR,71287,ORS001,97405
1689300840,OR,71287,ORS001,97405
1700449592,OR,71287,ORS001,97405
1437396033,OR,71287,ORS004,97401
1437396033,OR,71287,ORS001,97401
1710004130,OR,71287,ORS004,97408
1710004130,OR,71287,ORS001,97408
1801399027,MI,29698,MIS005,49015
1083655302,OR,71287,ORS004,97405
1124864566,OR,71287,ORS004,97405
1144287723,OR,71287,ORS004,97405
1083655302,OR,71287,ORS001,97405
1124864566,OR,71287,ORS001,97405
1144287723,OR,71287,ORS001,97405
1285204511,OR,77969,ORS002,97032
1881730554,OR,71287,ORS004,97330
1174566293,OR,71287,ORS004,97330
1467688499,OR,71287,ORS004,97330
1003868720,OR,71287,ORS004,97330
1881730554,OR,71287,ORS001,97330
1174566293,OR,71287,ORS001,97330
1467688499,OR,71287,ORS001,97330
1003868720,OR,71287,ORS001,97330
1184164790,MI,29698,MIS003,49423
1386192409,MI,29698,MIS003,49423
1497199681,OR,77969,ORS002,97051
1720165095,MI,29698,MIS007,49203
1093722217,OR,71287,ORS004,97408
1144285263,OR,71287,ORS004,97408
1588051809,OR,71287,ORS004,97408
1619984853,OR,71287,ORS004,97408
1881600450,OR,71287,ORS004,97408
1932505765,OR,71287,ORS004,97408
1942229117,OR,71287,ORS004,97408
1093722217,OR,71287,ORS001,97408
1144285263,OR,71287,ORS001,97408
1588051809,OR,71287,ORS001,97408
1619984853,OR,71287,ORS001,97408
1881600450,OR,71287,ORS001,97408
1932505765,OR,71287,ORS001,97408
1942229117,OR,71287,ORS001,97408
1689678302,TX,66252,TXS002,78666
1578566196,TX,66252,TXS002,78666
1851395552,TX,66252,TXS002,78666
1508952821,MI,29698,MIS005,49014
1952662538,MI,29698,MIS005,49014
1295219558,MI,29698,MIS005,49014
1306954797,MI,29698,MIS005,49014
1780292664,MI,29698,MIS005,49014
1831224682,MI,29698,MIS005,49014
1689678302,TX,66252,TXS001,78666
1578566196,TX,66252,TXS001,78666
1851395552,TX,66252,TXS001,78666
1932947645,MI,29698,MIS005,49017
1972488047,MI,29698,MIS005,49017
1164162509,MI,29698,MIS005,49017
1346064318,MI,29698,MIS005,49017
1689447765,MI,29698,MIS005,49017
1396580171,MI,29698,MIS005,49017
1104211507,MI,29698,MIS005,49015
1346873635,MI,29698,MIS005,49015
1356737928,MI,29698,MIS005,49015
1366069502,MI,29698,MIS005,49015
1629508650,MI,29698,MIS005,49015
1659662138,MI,29698,MIS005,49015
1710191721,MI,29698,MIS005,49015
1972008902,MI,29698,MIS005,49015
1992461453,MI,29698,MIS005,49015
1407378714,OR,71287,ORS004,97408
1548751225,OR,71287,ORS004,97408
1528653870,OR,71287,ORS004,97477
1407378714,OR,71287,ORS001,97408
1548751225,OR,71287,ORS001,97408
1528653870,OR,71287,ORS001,97477
1003382938,MI,29698,MIS005,49014
1083613624,MI,29698,MIS005,49014
1306048178,MI,29698,MIS005,49014
1356893960,MI,29698,MIS005,49014
1427631613,MI,29698,MIS005,49014
1780180752,MI,29698,MIS005,49014
1972830826,MI,29698,MIS005,49014
1144264821,MI,58594,MIS001,49445
1235145244,MI,58594,MIS001,49445
1093196438,OR,71287,ORS004,97408
1376327809,OR,71287,ORS004,97408
1417177304,OR,71287,ORS004,97408
1437876026,OR,71287,ORS004,97408
1639430887,OR,71287,ORS004,97408
1902846702,OR,71287,ORS004,97408
1093196438,OR,71287,ORS001,97408
1376327809,OR,71287,ORS001,97408
1417177304,OR,71287,ORS001,97408
1437876026,OR,71287,ORS001,97408
1639430887,OR,71287,ORS001,97408
1902846702,OR,71287,ORS001,97408
1760434385,OR,71287,ORS004,97405
1932462686,OR,71287,ORS004,97405
1154451318,OR,71287,ORS004,97405
1760434385,OR,71287,ORS001,97405
1932462686,OR,71287,ORS001,97405
1154451318,OR,71287,ORS001,97405
1093162711,OR,71287,ORS004,97404
1265641393,OR,71287,ORS004,97404
1336119494,OR,71287,ORS004,97404
1518251370,OR,71287,ORS004,97404
1619125341,OR,71287,ORS004,97404
1649775800,OR,71287,ORS004,97404
1770107161,OR,71287,ORS004,97404
1780135939,OR,71287,ORS004,97404
1780657981,OR,71287,ORS004,97404
1871571703,OR,71287,ORS004,97404
1972784486,OR,71287,ORS004,97404
1093162711,OR,71287,ORS001,97404
1265641393,OR,71287,ORS001,97404
1336119494,OR,71287,ORS001,97404
1518251370,OR,71287,ORS001,97404
1619125341,OR,71287,ORS001,97404
1649775800,OR,71287,ORS001,97404
1770107161,OR,71287,ORS001,97404
1780135939,OR,71287,ORS001,97404
1780657981,OR,71287,ORS001,97404
1871571703,OR,71287,ORS001,97404
1972784486,OR,71287,ORS001,97404
1689652869,TX,66252,TXS002,78666
1689652869,TX,66252,TXS001,78666
1396871828,OR,71287,ORS004,97408
1962534529,OR,71287,ORS004,97408
1003347386,OR,71287,ORS004,97408
1083923684,OR,71287,ORS004,97408
1184384877,OR,71287,ORS004,97408
1467458869,OR,71287,ORS004,97408
1477659472,OR,71287,ORS004,97408
1528100310,OR,71287,ORS004,97408
1568017028,OR,71287,ORS004,97408
1689113839,OR,71287,ORS004,97408
1780424234,OR,71287,ORS004,97408
1821496704,OR,71287,ORS004,97408
1871310847,OR,71287,ORS004,97408
1154674190,MI,29698,MIS007,49203
1417377185,MI,29698,MIS007,49203
1841915014,MI,29698,MIS007,49203
1154764504,OR,56707,ORS002,97123
1215283676,OR,71287,ORS004,97330
1396871828,OR,71287,ORS001,97408
1962534529,OR,71287,ORS001,97408
1003347386,OR,71287,ORS001,97408
1083923684,OR,71287,ORS001,97408
1184384877,OR,71287,ORS001,97408
1467458869,OR,71287,ORS001,97408
1477659472,OR,71287,ORS001,97408
1528100310,OR,71287,ORS001,97408
1568017028,OR,71287,ORS001,97408
1689113839,OR,71287,ORS001,97408
1780424234,OR,71287,ORS001,97408
1821496704,OR,71287,ORS001,97408
1871310847,OR,71287,ORS001,97408
1215283676,OR,71287,ORS001,97330
1609481654,OR,71287,ORS004,97401
1972723906,OR,71287,ORS004,97401
1760802482,OR,71287,ORS004,97401
1609481654,OR,71287,ORS001,97401
1972723906,OR,71287,ORS001,97401
1760802482,OR,71287,ORS001,97401
1003301557,MI,29698,MIS007,49201
1003811662,MI,29698,MIS007,49201
1063738458,MI,29698,MIS007,49201
1174068050,MI,29698,MIS007,49201
1194741447,MI,29698,MIS007,49201
1215293089,MI,29698,MIS007,49201
1215446331,MI,29698,MIS007,49201
1215922109,MI,29698,MIS007,49201
1235450008,MI,29698,MIS007,49201
1245288992,MI,29698,MIS007,49201
1275567828,MI,29698,MIS007,49201
1285840637,MI,29698,MIS007,49201
1306435227,MI,29698,MIS007,49201
1356836233,MI,29698,MIS007,49201
1366046070,MI,29698,MIS007,49201
1386663219,MI,29698,MIS007,49201
1417213604,MI,29698,MIS007,49201
1447742465,MI,29698,MIS007,49201
1457610529,MI,29698,MIS007,49201
1457917569,MI,29698,MIS007,49201
1477813400,MI,29698,MIS007,49201
1487156808,MI,29698,MIS007,49201
1497088876,MI,29698,MIS007,49201
1508301383,MI,29698,MIS007,49201
1518588797,MI,29698,MIS007,49201
1538187927,MI,29698,MIS007,49201
1548359409,MI,29698,MIS007,49201
1598907529,MI,29698,MIS007,49201
1619075637,MI,29698,MIS007,49201
1619209442,MI,29698,MIS007,49201
1629033444,MI,29698,MIS007,49201
1639114739,MI,29698,MIS007,49201
1639758600,MI,29698,MIS007,49201
1649657164,MI,29698,MIS007,49201
1659992402,MI,29698,MIS007,49201
1669676680,MI,29698,MIS007,49201
1669887881,MI,29698,MIS007,49201
1689762114,MI,29698,MIS007,49201
1699329060,MI,29698,MIS007,49201
1720452253,MI,29698,MIS007,49201
1730361361,MI,29698,MIS007,49201
1740405497,MI,29698,MIS007,49201
1760640940,MI,29698,MIS007,49201
1790772424,MI,29698,MIS007,49201
1801897376,MI,29698,MIS007,49201
1811288103,MI,29698,MIS007,49201
1821240128,MI,29698,MIS007,49201
1841296332,MI,29698,MIS007,49201
1841653813,MI,29698,MIS007,49201
1851984330,MI,29698,MIS007,49201
1871020909,MI,29698,MIS007,49201
1871334953,MI,29698,MIS007,49201
1881611465,MI,29698,MIS007,49201
1891763306,MI,29698,MIS007,49201
1902802473,MI,29698,MIS007,49201
1912983131,MI,29698,MIS007,49201
1932180148,MI,29698,MIS007,49201
1952927766,MI,29698,MIS007,49201
1962837518,MI,29698,MIS007,49201
1972026912,MI,29698,MIS007,49201
1720273527,MI,29698,MIS005,49094
1689025553,MI,29698,MIS005,49094
1518602507,TX,66252,TXS002,78666
1518602507,TX,66252,TXS001,78666
1033905286,MI,29698,MIS007,49201
1164165601,MI,29698,MIS007,49201
1316514102,MI,29698,MIS007,49201
1467983346,MI,29698,MIS007,49201
1487162822,MI,29698,MIS007,49201
1558795989,MI,29698,MIS007,49201
1821836024,MI,29698,MIS007,49201
1891182358,MI,29698,MIS007,49201
1013998475,OR,77969,ORS002,97051
1063767531,OR,77969,ORS002,97051
1083284129,OR,77969,ORS002,97051
1154786614,OR,77969,ORS002,97051
1184197691,OR,77969,ORS002,97051
1184994105,OR,77969,ORS002,97051
1205292703,OR,77969,ORS002,97051
1205328366,OR,77969,ORS002,97051
1215035639,OR,77969,ORS002,97051
1225284854,OR,77969,ORS002,97051
1225368368,OR,77969,ORS002,97051
1285732305,OR,77969,ORS002,97051
1326034349,OR,77969,ORS002,97051
1376521773,OR,77969,ORS002,97051
1548321144,OR,77969,ORS002,97051
1588199426,OR,77969,ORS002,97051
1639820137,OR,77969,ORS002,97051
1689090060,OR,77969,ORS002,97051
1700541315,OR,77969,ORS002,97051
1750006151,OR,77969,ORS002,97051
1750964250,OR,77969,ORS002,97051
1760046452,OR,77969,ORS002,97051
1801039649,OR,77969,ORS002,97051
1821307646,OR,77969,ORS002,97051
1881075513,OR,77969,ORS002,97051
1902422918,OR,77969,ORS002,97051
1912101338,OR,77969,ORS002,97051
1952686008,OR,77969,ORS002,97051
1962437285,OR,77969,ORS002,97051
1194970178,OR,77969,ORS002,97051
1467095471,OR,77969,ORS002,97051
1568760551,OR,77969,ORS002,97051
1477881589,MI,58594,MIS001,48654
1902245202,MI,58594,MIS001,49456
1114972916,MI,58594,MIS001,49440
1528465648,MI,58594,MIS001,48654
1013566496,MI,58594,MIS001,49251
1639793680,MI,58594,MIS001,49251
1720752447,MI,58594,MIS001,49251
1780232835,MI,58594,MIS001,49251
1982380911,MI,58594,MIS001,49251
1073240974,MI,29698,MIS003,49423
1114227543,MI,29698,MIS003,49423
1134986490,MI,29698,MIS003,49423
1184239568,MI,29698,MIS003,49423
1255533329,MI,29698,MIS003,49423
1265889281,MI,29698,MIS003,49423
1356693618,MI,29698,MIS003,49423
1366496630,MI,29698,MIS003,49423
1386369072,MI,29698,MIS003,49423
1407312739,MI,29698,MIS003,49423
1477910008,MI,29698,MIS003,49423
1528675840,MI,29698,MIS003,49423
1538477328,MI,29698,MIS003,49423
1568184117,MI,29698,MIS003,49423
1578420253,MI,29698,MIS003,49423
1598117111,MI,29698,MIS003,49423
1598241648,MI,29698,MIS003,49423
1740680883,MI,29698,MIS003,49423
1841752763,MI,29698,MIS003,49423
1851048060,MI,29698,MIS003,49423
1932899093,MI,29698,MIS003,49423
1952887713,MI,29698,MIS003,49423
1871766816,OR,71287,ORS004,97361
1871766816,OR,71287,ORS001,97361
1861039570,OR,56707,ORS002,97132
1164827085,MI,29698,MIS005,49015
1194672337,OR,56707,ORS002,97132
1942417829,OR,71287,ORS004,97401
1942417829,OR,71287,ORS001,97401
1396611208,OR,71287,ORS004,97361
1033604913,OR,56707,ORS002,97132
1396611208,OR,71287,ORS001,97361
1922117118,OR,71287,ORS004,97361
1225636772,OR,71287,ORS004,97321
1447884218,OR,71287,ORS004,97321
1548090350,OR,71287,ORS004,97321
1699515205,OR,71287,ORS004,97321
1922117118,OR,71287,ORS001,97361
1225636772,OR,71287,ORS001,97321
1447884218,OR,71287,ORS001,97321
1548090350,OR,71287,ORS001,97321
1699515205,OR,71287,ORS001,97321
1013385806,MI,29698,MIS005,49017
1114531969,MI,29698,MIS005,49017
1124301270,MI,29698,MIS005,49017
1023483419,OR,71287,ORS004,97401
1043564701,OR,71287,ORS004,97401
1255115564,OR,71287,ORS004,97401
1336926336,OR,71287,ORS004,97401
1295814325,OR,71287,ORS004,97401
1780639450,MI,58594,MIS001,48624
1043427669,OR,71287,ORS004,97333
1073886255,OR,71287,ORS004,97333
1023483419,OR,71287,ORS001,97401
1043564701,OR,71287,ORS001,97401
1255115564,OR,71287,ORS001,97401
1336926336,OR,71287,ORS001,97401
1295814325,OR,71287,ORS001,97401
1043427669,OR,71287,ORS001,97333
1073886255,OR,71287,ORS001,97333
1225292923,MI,29698,MIS005,49017
1245700178,MI,29698,MIS005,49017
1407323207,MI,29698,MIS005,49017
1457183170,MI,29698,MIS005,49017
1689551152,MI,29698,MIS005,49017
1386987311,MI,29698,MIS005,49017
1598260309,MI,29698,MIS005,49017
1881475523,OR,77969,ORS002,97071
1174276364,OR,71287,ORS004,97404
1184903742,OR,71287,ORS004,97404
1578036158,OR,71287,ORS004,97404
1649514639,OR,71287,ORS004,97404
1174276364,OR,71287,ORS001,97404
1184903742,OR,71287,ORS001,97404
1578036158,OR,71287,ORS001,97404
1649514639,OR,71287,ORS001,97404
1316940372,TX,66252,TXS002,78666
1891070207,OR,71287,ORS004,97424
1316940372,TX,66252,TXS001,78666
1891070207,OR,71287,ORS001,97424
1003211103,OR,71287,ORS004,97477
1255115564,OR,71287,ORS004,97477
1528868965,OR,71287,ORS004,97477
1699667501,OR,71287,ORS004,97477
1710396791,OR,71287,ORS004,97477
1720714462,OR,71287,ORS004,97477
1003211103,OR,71287,ORS001,97477
1255115564,OR,71287,ORS001,97477
1528868965,OR,71287,ORS001,97477
1699667501,OR,71287,ORS001,97477
1710396791,OR,71287,ORS001,97477
1720714462,OR,71287,ORS001,97477
1083080865,OR,71287,ORS004,97355
1619642600,OR,71287,ORS004,97355
1083080865,OR,71287,ORS001,97355
1619642600,OR,71287,ORS001,97355
1386174001,OR,71287,ORS004,97402
1841762002,OR,71287,ORS004,97402
1912308214,OR,71287,ORS004,97402
1508585530,OR,71287,ORS004,97355
1720974504,OR,71287,ORS004,97355
1386174001,OR,71287,ORS001,97402
1841762002,OR,71287,ORS001,97402
1912308214,OR,71287,ORS001,97402
1508585530,OR,71287,ORS001,97355
1720974504,OR,71287,ORS001,97355
1013379643,MI,58594,MIS001,49444
1588868426,MI,58594,MIS001,49444
1699903245,MI,58594,MIS001,49444
1912099375,MI,58594,MIS001,49444
1093045692,TX,66252,TXS002,78666
1093045692,TX,66252,TXS001,78666
1265623458,MI,29698,MIS005,49068
1851801070,TX,66252,TXS002,78666
1497728398,OR,71287,ORS004,97401
1386892263,OR,71287,ORS004,97424
1508094442,OR,71287,ORS004,97424
1710273958,OR,71287,ORS004,97424
1760961288,OR,71287,ORS004,97424
1902823743,OR,71287,ORS004,97424
1851801070,TX,66252,TXS001,78666
1497728398,OR,71287,ORS001,97401
1386892263,OR,71287,ORS001,97424
1508094442,OR,71287,ORS001,97424
1710273958,OR,71287,ORS001,97424
1760961288,OR,71287,ORS001,97424
1902823743,OR,71287,ORS001,97424
1467145243,MI,58594,MIS001,48624
1689965204,OR,71287,ORS004,97424
1255141826,OR,71287,ORS004,97424
1528889573,OR,71287,ORS004,97424
1053388413,MI,58594,MIS001,49441
1689965204,OR,71287,ORS001,97424
1255141826,OR,71287,ORS001,97424
1528889573,OR,71287,ORS001,97424
1801425939,MI,58594,MIS001,49444
1497208425,MI,29698,MIS005,49068
1629288394,MI,29698,MIS005,49068
1447413380,MI,29698,MIS007,49240
1235866484,OR,71287,ORS004,97322
1255369765,OR,71287,ORS004,97322
1265999338,OR,71287,ORS004,97322
1497954937,OR,71287,ORS004,97322
1790976207,OR,71287,ORS004,97322
1952836108,OR,71287,ORS004,97322
1235866484,OR,71287,ORS001,97322
1255369765,OR,71287,ORS001,97322
1265999338,OR,71287,ORS001,97322
1497954937,OR,71287,ORS001,97322
1790976207,OR,71287,ORS001,97322
1952836108,OR,71287,ORS001,97322
1942677307,MI,58594,MIS001,49442
1265262612,OR,71287,ORS004,97333
1265802169,OR,71287,ORS004,97333
1356734750,OR,71287,ORS004,97333
1407652431,MI,29698,MIS005,49068
1558368910,MI,29698,MIS005,49068
1912157728,OR,71287,ORS004,97401
1134738040,OR,71287,ORS004,97408
1184677460,OR,71287,ORS004,97408
1225303688,OR,71287,ORS004,97408
1841731858,OR,71287,ORS004,97408
1912157728,OR,71287,ORS001,97401
1134738040,OR,71287,ORS001,97408
1184677460,OR,71287,ORS001,97408
1225303688,OR,71287,ORS001,97408
1841731858,OR,71287,ORS001,97408
1265262612,OR,71287,ORS001,97333
1265802169,OR,71287,ORS001,97333
1356734750,OR,71287,ORS001,97333
1013915859,MI,58594,MIS001,49412
1457748048,MI,58594,MIS001,49412
1477740272,MI,58594,MIS001,49412
1952351926,MI,58594,MIS001,49412
1992932735,MI,58594,MIS001,48422
1053952648,OR,71287,ORS004,97478
1245801588,OR,71287,ORS004,97478
1508859968,OR,71287,ORS004,97478
1578545182,OR,71287,ORS004,97478
1700390721,OR,71287,ORS004,97478
1841733706,OR,71287,ORS004,97478
1053952648,OR,71287,ORS001,97478
1245801588,OR,71287,ORS001,97478
1508859968,OR,71287,ORS001,97478
1578545182,OR,71287,ORS001,97478
1700390721,OR,71287,ORS001,97478
1841733706,OR,71287,ORS001,97478
1295207439,OR,71287,ORS004,97322
1528374915,OR,71287,ORS004,97322
1295207439,OR,71287,ORS001,97322
1528374915,OR,71287,ORS001,97322
1821634742,OR,71287,ORS004,97321
1164834818,MI,29698,MIS003,49344
1295388098,MI,29698,MIS003,49344
1467483727,MI,29698,MIS003,49344
1629034244,MI,29698,MIS003,49344
1811061393,MI,29698,MIS003,49344
1336179746,OR,71287,ORS004,97403
1336179746,OR,71287,ORS001,97403
1821634742,OR,71287,ORS001,97321
1396317673,OR,56707,ORS002,97123
1285172775,OR,56707,ORS002,97123
1346405099,OR,56707,ORS002,97123
1598848343,OR,56707,ORS002,97123
1669453460,OR,56707,ORS002,97123
1194774224,OR,71287,ORS004,97401
1043822356,MI,58594,MIS001,49441
1306982079,MI,58594,MIS001,49441
1609102151,MI,58594,MIS001,49441
1952077489,MI,58594,MIS001,49441
1194774224,OR,71287,ORS001,97401
1467232819,OR,56707,ORS002,97123
1053082404,OR,56707,ORS002,97123
1245004852,OR,56707,ORS002,97123
1245711449,OR,56707,ORS002,97123
1275333007,OR,56707,ORS002,97123
1275944415,OR,56707,ORS002,97123
1336119288,OR,56707,ORS002,97123
1346549920,OR,56707,ORS002,97123
1437313350,OR,56707,ORS002,97123
1518722453,OR,56707,ORS002,97123
1619716438,OR,56707,ORS002,97123
1679659320,OR,56707,ORS002,97123
1770657876,OR,56707,ORS002,97123
1770733255,OR,56707,ORS002,97123
1801015524,OR,56707,ORS002,97123
1801117635,OR,56707,ORS002,97123
1811797962,OR,56707,ORS002,97123
1831707876,OR,56707,ORS002,97123
1558585356,OR,71287,ORS004,97322
1164458295,MI,29698,MIS003,49344
1427619667,MI,29698,MIS003,49344
1679029847,MI,29698,MIS003,49344
1730348327,MI,29698,MIS003,49344
1851926307,MI,29698,MIS003,49344
1013055292,TX,66252,TXS002,78666
1427099977,TX,66252,TXS002,78666
1952785800,TX,66252,TXS002,78666
1437691821,TX,66252,TXS002,78666
1437842085,TX,66252,TXS002,78666
1609572056,TX,66252,TXS002,78666
1952608770,TX,66252,TXS002,78666
1558585356,OR,71287,ORS001,97322
1013055292,TX,66252,TXS001,78666
1427099977,TX,66252,TXS001,78666
1952785800,TX,66252,TXS001,78666
1437691821,TX,66252,TXS001,78666
1437842085,TX,66252,TXS001,78666
1609572056,TX,66252,TXS001,78666
1952608770,TX,66252,TXS001,78666
1073956710,MI,29698,MIS007,49203
1417335076,MI,29698,MIS007,49203
1083241228,MI,29698,MIS005,49037
1154383578,MI,29698,MIS005,49037
1154709640,MI,29698,MIS005,49037
1205814811,MI,29698,MIS005,49037
1245649813,MI,29698,MIS005,49037
1306103163,MI,29698,MIS005,49037
1477658623,MI,29698,MIS005,49037
1548659329,MI,29698,MIS005,49037
1548767528,MI,29698,MIS005,49037
1598314031,MI,29698,MIS005,49037
1669852711,MI,29698,MIS005,49037
1669909776,MI,29698,MIS005,49037
1740659291,MI,29698,MIS005,49037
1790781508,MI,29698,MIS005,49037
1871660472,MI,29698,MIS005,49037
1639062755,MI,58594,MIS001,49441
1306184684,MI,58594,MIS001,49444
1699803106,OR,71287,ORS004,97403
1699803106,OR,71287,ORS001,97403
1184598146,MI,29698,MIS005,49037
1245532134,MI,29698,MIS005,49037
1306048178,MI,29698,MIS005,49037
1356404487,MI,29698,MIS005,49037
1417405648,MI,29698,MIS005,49037
1437145448,MI,29698,MIS005,49037
1497915045,MI,29698,MIS005,49037
1609039684,MI,29698,MIS005,49037
1679885602,MI,29698,MIS005,49037
1740301472,MI,29698,MIS005,49037
1780321000,MI,29698,MIS005,49037
1972956142,MI,29698,MIS005,49037
1982346953,MI,29698,MIS005,49037
1437924040,TX,66252,TXS002,78666
1073468039,TX,66252,TXS002,78666
1114879707,TX,66252,TXS002,78666
1154114692,TX,66252,TXS002,78666
1871479774,TX,66252,TXS002,78666
1437924040,TX,66252,TXS001,78666
1073468039,TX,66252,TXS001,78666
1114879707,TX,66252,TXS001,78666
1154114692,TX,66252,TXS001,78666
1871479774,TX,66252,TXS001,78666
1326607177,MI,58594,MIS001,49442
1336217496,MI,29698,MIS007,49203
1124052261,OR,71287,ORS004,97330
1265482947,OR,71287,ORS004,97330
1851676902,OR,71287,ORS004,97330
1386968303,OR,71287,ORS004,97401
1124052261,OR,71287,ORS001,97330
1265482947,OR,71287,ORS001,97330
1851676902,OR,71287,ORS001,97330
1386968303,OR,71287,ORS001,97401
1588715221,MI,58594,MIS001,48427
1548990773,MI,58594,MIS001,48624
1922184852,MI,58594,MIS001,48624
1194709428,MI,29698,MIS007,49203
1447472915,MI,58594,MIS001,49445
1851074868,MI,58594,MIS001,48471
1093027492,OR,71287,ORS004,97401
1093027492,OR,71287,ORS001,97401
1225126568,OR,71287,ORS004,97330
1154768463,MI,29698,MIS007,49203
1164544326,MI,29698,MIS007,49203
1518078187,MI,29698,MIS007,49203
1639994676,MI,29698,MIS007,49203
1932591302,MI,29698,MIS007,49203
1225126568,OR,71287,ORS001,97330
1962527358,OR,71287,ORS004,97405
1407323207,MI,29698,MIS007,49203
1760319214,MI,29698,MIS007,49203
1962527358,OR,71287,ORS001,97405
1306937040,TX,66252,TXS002,78666
1114074333,OR,77969,ORS002,97051
1306937040,TX,66252,TXS001,78666
1174923189,MI,29698,MIS005,49015
1043274327,MI,29698,MIS005,49037
1568525608,MI,29698,MIS005,49037
1437638970,MI,29698,MIS005,49037
1972172054,MI,29698,MIS005,49037
1073537403,MI,29698,MIS003,49423
1174692420,MI,29698,MIS003,49423
1740243369,MI,29698,MIS003,49423
1164784724,MI,58594,MIS001,49415
1326028028,MI,58594,MIS001,49415
1508843251,MI,58594,MIS001,49415
1508876236,MI,58594,MIS001,49415
1629569785,MI,58594,MIS001,49415
1699752477,MI,58594,MIS001,49415
1790047918,MI,58594,MIS001,49415
1851378657,MI,58594,MIS001,49415
1295948131,OR,71287,ORS004,97405
1447833512,MI,58594,MIS001,49415
1053483024,OR,56707,ORS002,97123
1881355592,MI,58594,MIS001,48624
1780697144,OR,77969,ORS002,97381
1295948131,OR,71287,ORS001,97405
1003068933,OR,71287,ORS004,97355
1043551930,OR,71287,ORS004,97355
1083738595,OR,71287,ORS004,97355
1235490038,OR,71287,ORS004,97355
1467845388,OR,71287,ORS004,97355
1538401724,OR,71287,ORS004,97355
1922261932,OR,71287,ORS004,97355
1922267582,OR,71287,ORS004,97355
1972879864,OR,71287,ORS004,97355
1114495017,OR,71287,ORS004,97402
1588783633,OR,71287,ORS004,97402
1346861440,MI,58594,MIS001,49440
1003068933,OR,71287,ORS001,97355
1043551930,OR,71287,ORS001,97355
1083738595,OR,71287,ORS001,97355
1235490038,OR,71287,ORS001,97355
1467845388,OR,71287,ORS001,97355
1538401724,OR,71287,ORS001,97355
1922261932,OR,71287,ORS001,97355
1922267582,OR,71287,ORS001,97355
1972879864,OR,71287,ORS001,97355
1114495017,OR,71287,ORS001,97402
1588783633,OR,71287,ORS001,97402
1518916097,MI,58594,MIS001,48653
1144906017,MI,58594,MIS001,49440
1215405535,MI,58594,MIS001,49440
1245024181,MI,58594,MIS001,49440
1356732408,MI,58594,MIS001,49440
1396137667,MI,58594,MIS001,49440
1407009046,MI,58594,MIS001,49440
1558786236,MI,58594,MIS001,49440
1689301160,MI,58594,MIS001,49440
1700074101,MI,58594,MIS001,49440
1114018207,MI,58594,MIS001,49445
1235464504,OR,71287,ORS004,97401
1326245325,OR,71287,ORS004,97405
1235464504,OR,71287,ORS001,97401
1326245325,OR,71287,ORS001,97405
1104938240,MI,29698,MIS003,49423
1558837484,MI,29698,MIS003,49423
1588064372,MI,29698,MIS003,49423
1598465114,OR,71287,ORS004,97401
1235298696,OR,71287,ORS004,97424
1235434200,OR,71287,ORS004,97424
1598819484,OR,71287,ORS004,97424
1073630943,OR,71287,ORS004,97402
1265739742,OR,71287,ORS004,97402
1295138444,OR,71287,ORS004,97402
1326679366,OR,71287,ORS004,97402
1336692813,OR,71287,ORS004,97402
1336903954,OR,71287,ORS004,97402
1346953361,OR,71287,ORS004,97402
1356452031,OR,71287,ORS004,97402
1376935270,OR,71287,ORS004,97402
1386311611,OR,71287,ORS004,97402
1427805282,OR,71287,ORS004,97402
1508099433,OR,71287,ORS004,97402
1528516986,OR,71287,ORS004,97402
1679055594,OR,71287,ORS004,97402
1851849954,OR,71287,ORS004,97402
1902275639,OR,71287,ORS004,97402
1922250364,OR,71287,ORS004,97402
1598465114,OR,71287,ORS001,97401
1235298696,OR,71287,ORS001,97424
1235434200,OR,71287,ORS001,97424
1598819484,OR,71287,ORS001,97424
1073630943,OR,71287,ORS001,97402
1265739742,OR,71287,ORS001,97402
1295138444,OR,71287,ORS001,97402
1326679366,OR,71287,ORS001,97402
1336692813,OR,71287,ORS001,97402
1336903954,OR,71287,ORS001,97402
1346953361,OR,71287,ORS001,97402
1356452031,OR,71287,ORS001,97402
1376935270,OR,71287,ORS001,97402
1386311611,OR,71287,ORS001,97402
1427805282,OR,71287,ORS001,97402
1508099433,OR,71287,ORS001,97402
1528516986,OR,71287,ORS001,97402
1679055594,OR,71287,ORS001,97402
1851849954,OR,71287,ORS001,97402
1902275639,OR,71287,ORS001,97402
1922250364,OR,71287,ORS001,97402
1922587450,OR,71287,ORS004,97402
1962953281,OR,71287,ORS004,97402
1386419745,OR,71287,ORS004,97402
1417595653,OR,71287,ORS004,97402
1942037841,OR,71287,ORS004,97402
1205952009,MI,58594,MIS001,49412
1619155058,MI,29698,MIS007,49230
1922587450,OR,71287,ORS001,97402
1962953281,OR,71287,ORS001,97402
1386419745,OR,71287,ORS001,97402
1417595653,OR,71287,ORS001,97402
1942037841,OR,71287,ORS001,97402
1487140547,OR,71287,ORS004,97401
1003390329,OR,71287,ORS004,97401
1760243745,OR,71287,ORS004,97401
1487140547,OR,71287,ORS001,97401
1003390329,OR,71287,ORS001,97401
1760243745,OR,71287,ORS001,97401
1417422031,OR,71287,ORS004,97477
1710641618,OR,71287,ORS004,97477
1902134646,MI,58594,MIS001,49412
1871536508,MI,29698,MIS005,49017
1972550002,MI,29698,MIS005,49017
1598760167,MI,29698,MIS003,49423
1093237778,MI,29698,MIS003,49423
1881615946,MI,29698,MIS003,49423
1417422031,OR,71287,ORS001,97477
1710641618,OR,71287,ORS001,97477
1932152022,OR,71287,ORS004,97401
1902765027,OR,71287,ORS004,97401
1902765027,OR,71287,ORS004,97405
1912859513,OR,71287,ORS004,97405
1063138832,OR,71287,ORS004,97401
1528611530,OR,71287,ORS004,97401
1679966634,OR,71287,ORS004,97477
1891247078,OR,71287,ORS004,97477
1932152022,OR,71287,ORS001,97401
1902765027,OR,71287,ORS001,97401
1902765027,OR,71287,ORS001,97405
1912859513,OR,71287,ORS001,97405
1063138832,OR,71287,ORS001,97401
1528611530,OR,71287,ORS001,97401
1679966634,OR,71287,ORS001,97477
1891247078,OR,71287,ORS001,97477
1093765943,OR,71287,ORS004,97401
1164821229,OR,71287,ORS004,97401
1174858252,OR,71287,ORS004,97401
1215569454,OR,71287,ORS004,97401
1235513011,OR,71287,ORS004,97401
1487266318,OR,71287,ORS004,97401
1578268660,OR,71287,ORS004,97401
1578754818,OR,71287,ORS004,97401
1760002471,OR,71287,ORS004,97401
1851850069,OR,71287,ORS004,97401
1881458123,OR,71287,ORS004,97401
1912526674,OR,71287,ORS004,97401
1801909452,MI,29698,MIS003,49423
1093765943,OR,71287,ORS001,97401
1164821229,OR,71287,ORS001,97401
1174858252,OR,71287,ORS001,97401
1215569454,OR,71287,ORS001,97401
1235513011,OR,71287,ORS001,97401
1487266318,OR,71287,ORS001,97401
1578268660,OR,71287,ORS001,97401
1578754818,OR,71287,ORS001,97401
1760002471,OR,71287,ORS001,97401
1851850069,OR,71287,ORS001,97401
1881458123,OR,71287,ORS001,97401
1912526674,OR,71287,ORS001,97401
1316736366,OR,71287,ORS004,97477
1710362058,OR,71287,ORS004,97361
1316736366,OR,71287,ORS001,97477
1710362058,OR,71287,ORS001,97361
1588997639,MI,29698,MIS007,49240
1003516758,OR,77969,ORS002,97381
1225410400,OR,77969,ORS002,97381
1306515556,OR,77969,ORS002,97381
1578897963,OR,77969,ORS002,97381
1790055960,OR,77969,ORS002,97381
1407281108,MI,29698,MIS005,49015
1427126523,MI,29698,MIS005,49015
1427313709,MI,29698,MIS005,49015
1508875477,MI,29698,MIS005,49015
1609069566,MI,29698,MIS005,49015
1639955412,MI,29698,MIS005,49015
1730646696,MI,29698,MIS005,49015
1215433743,MI,58594,MIS001,48455
1558429969,MI,58594,MIS001,48455
1073733358,MI,29698,MIS007,49230
1508119538,OR,71287,ORS004,97402
1508119538,OR,71287,ORS001,97402
1629030879,MI,58594,MIS001,48422
1336576073,MI,29698,MIS007,49254
1083190805,MI,29698,MIS007,49201
1164640181,OR,71287,ORS004,97321
1164640181,OR,71287,ORS001,97321
1306350160,OR,77969,ORS002,97056
1750614426,OR,56707,ORS002,97132
1902036254,OR,56707,ORS002,97132
1306179031,OR,56707,ORS002,97132
1073571857,MI,29698,MIS005,49015
1174038699,MI,29698,MIS005,49015
1366962458,MI,29698,MIS005,49015
1386858603,MI,29698,MIS005,49015
1427785401,MI,29698,MIS005,49015
1568037497,MI,29698,MIS005,49015
1699537696,MI,29698,MIS005,49015
1700378056,MI,29698,MIS005,49015
1760649594,MI,29698,MIS005,49015
1790444917,MI,29698,MIS005,49015
1801641758,MI,29698,MIS005,49015
1821317991,MI,29698,MIS005,49015
1861696882,MI,29698,MIS005,49015
1871960930,MI,29698,MIS005,49015
1750555249,OR,71287,ORS004,97401
1750555249,OR,71287,ORS001,97401
1003137886,OR,71287,ORS004,97321
1104180520,OR,71287,ORS004,97321
1376137885,OR,71287,ORS004,97321
1386099398,OR,71287,ORS004,97321
1407348667,OR,71287,ORS004,97321
1598460321,OR,71287,ORS004,97321
1679216931,OR,71287,ORS004,97321
1962934166,OR,71287,ORS004,97321
1679618615,OR,71287,ORS004,97321
1124835624,OR,71287,ORS004,97321
1003137886,OR,71287,ORS001,97321
1104180520,OR,71287,ORS001,97321
1376137885,OR,71287,ORS001,97321
1386099398,OR,71287,ORS001,97321
1407348667,OR,71287,ORS001,97321
1598460321,OR,71287,ORS001,97321
1679216931,OR,71287,ORS001,97321
1962934166,OR,71287,ORS001,97321
1679618615,OR,71287,ORS001,97321
1124835624,OR,71287,ORS001,97321
1053614230,OR,56707,ORS002,97123
1184696205,OR,56707,ORS002,97123
1548238033,OR,56707,ORS002,97123
1003949769,MI,29698,MIS007,49203
1104939255,OR,77969,ORS002,97381
1437774353,OR,77969,ORS002,97381
1245918580,OR,56707,ORS002,97123
1073518270,MI,58594,MIS001,49404
1598866485,MI,29698,MIS005,49017
1952110702,MI,58594,MIS001,49404
1578066163,MI,29698,MIS003,49348
1770076168,MI,29698,MIS003,49348
1891279956,MI,29698,MIS003,49348
1598866485,MI,29698,MIS003,49348
1801829361,OR,71287,ORS004,97355
1720027220,OR,71287,ORS004,97355
1790091403,OR,71287,ORS004,97355
1801829361,OR,71287,ORS001,97355
1720027220,OR,71287,ORS001,97355
1790091403,OR,71287,ORS001,97355
1003225525,OR,71287,ORS004,97355
1316581572,OR,71287,ORS004,97355
1356380208,OR,71287,ORS004,97355
1558916049,OR,71287,ORS004,97355
1568000313,OR,71287,ORS004,97355
1568045870,OR,71287,ORS004,97355
1730778614,OR,71287,ORS004,97355
1841908076,OR,71287,ORS004,97355
1922825009,OR,71287,ORS004,97355
1003225525,OR,71287,ORS001,97355
1316581572,OR,71287,ORS001,97355
1356380208,OR,71287,ORS001,97355
1558916049,OR,71287,ORS001,97355
1568000313,OR,71287,ORS001,97355
1568045870,OR,71287,ORS001,97355
1730778614,OR,71287,ORS001,97355
1841908076,OR,71287,ORS001,97355
1922825009,OR,71287,ORS001,97355
1417105073,MI,29698,MIS005,49015
1225447659,MI,29698,MIS005,49068
1366852709,MI,29698,MIS005,49068
1558885038,MI,29698,MIS005,49068
1851773311,MI,29698,MIS005,49068
1003840620,OR,71287,ORS004,97330
1144651043,OR,71287,ORS004,97330
1194350983,OR,71287,ORS004,97330
1265831465,OR,71287,ORS004,97330
1275728008,OR,71287,ORS004,97330
1518934751,OR,71287,ORS004,97330
1730295791,OR,71287,ORS004,97330
1831133826,OR,71287,ORS004,97330
1881670511,OR,71287,ORS004,97330
1972646271,OR,71287,ORS004,97330
1003840620,OR,71287,ORS001,97330
1144651043,OR,71287,ORS001,97330
1194350983,OR,71287,ORS001,97330
1265831465,OR,71287,ORS001,97330
1275728008,OR,71287,ORS001,97330
1518934751,OR,71287,ORS001,97330
1730295791,OR,71287,ORS001,97330
1831133826,OR,71287,ORS001,97330
1881670511,OR,71287,ORS001,97330
1972646271,OR,71287,ORS001,97330
1154775815,OR,71287,ORS004,97330
1235568650,OR,71287,ORS004,97330
1710051610,OR,71287,ORS004,97330
1154775815,OR,71287,ORS001,97330
1235568650,OR,71287,ORS001,97330
1710051610,OR,71287,ORS001,97330
1487920591,MI,29698,MIS007,49201
1043363922,MI,29698,MIS007,49201
1841630332,MI,29698,MIS007,49201
1073569091,OR,71287,ORS004,97355
1174227078,OR,71287,ORS004,97355
1255058285,OR,71287,ORS004,97355
1295386506,OR,71287,ORS004,97355
1306465562,OR,71287,ORS004,97355
1356812291,OR,71287,ORS004,97355
1366108227,OR,71287,ORS004,97355
1427379650,OR,71287,ORS004,97355
1427481803,OR,71287,ORS004,97355
1538116314,OR,71287,ORS004,97355
1538241120,OR,71287,ORS004,97355
1548842578,OR,71287,ORS004,97355
1578632469,OR,71287,ORS004,97355
1639424104,OR,71287,ORS004,97355
1669035457,OR,71287,ORS004,97355
1669085981,OR,71287,ORS004,97355
1780136242,OR,71287,ORS004,97355
1811622798,OR,71287,ORS004,97355
1851884506,OR,71287,ORS004,97355
1871571984,OR,71287,ORS004,97355
1952079931,OR,71287,ORS004,97355
1952340838,OR,71287,ORS004,97355
1073569091,OR,71287,ORS001,97355
1174227078,OR,71287,ORS001,97355
1255058285,OR,71287,ORS001,97355
1295386506,OR,71287,ORS001,97355
1306465562,OR,71287,ORS001,97355
1356812291,OR,71287,ORS001,97355
1366108227,OR,71287,ORS001,97355
1427379650,OR,71287,ORS001,97355
1427481803,OR,71287,ORS001,97355
1538116314,OR,71287,ORS001,97355
1538241120,OR,71287,ORS001,97355
1548842578,OR,71287,ORS001,97355
1578632469,OR,71287,ORS001,97355
1639424104,OR,71287,ORS001,97355
1669035457,OR,71287,ORS001,97355
1669085981,OR,71287,ORS001,97355
1780136242,OR,71287,ORS001,97355
1811622798,OR,71287,ORS001,97355
1851884506,OR,71287,ORS001,97355
1871571984,OR,71287,ORS001,97355
1952079931,OR,71287,ORS001,97355
1952340838,OR,71287,ORS001,97355
1003217662,OR,56707,ORS002,97123
1164575890,OR,56707,ORS002,97123
1548546328,OR,56707,ORS002,97123
1649596875,OR,56707,ORS002,97123
1851060420,OR,56707,ORS002,97123
1023765468,OR,56707,ORS002,97123
1144414046,OR,56707,ORS002,97123
1154765816,OR,56707,ORS002,97123
1285966002,OR,56707,ORS002,97123
1295013076,OR,56707,ORS002,97123
1336456102,OR,56707,ORS002,97123
1518156504,OR,56707,ORS002,97123
1528337201,OR,56707,ORS002,97123
1548940745,OR,56707,ORS002,97123
1609439983,OR,56707,ORS002,97123
1619644002,OR,56707,ORS002,97123
1649701988,OR,56707,ORS002,97123
1679069033,OR,56707,ORS002,97123
1699852616,OR,56707,ORS002,97123
1700373305,OR,56707,ORS002,97123
1760887186,OR,56707,ORS002,97123
1821579053,OR,56707,ORS002,97123
1881186955,OR,56707,ORS002,97123
1912490350,OR,56707,ORS002,97123
1932276961,OR,56707,ORS002,97123
1942925300,OR,56707,ORS002,97123
1033173638,OR,56707,ORS002,97123
1063482305,OR,56707,ORS002,97123
1124221783,OR,56707,ORS002,97123
1144664145,OR,56707,ORS002,97123
1164401535,OR,56707,ORS002,97123
1275503609,OR,56707,ORS002,97123
1295013043,OR,56707,ORS002,97123
1336192574,OR,56707,ORS002,97123
1346514189,OR,56707,ORS002,97123
1396011680,OR,56707,ORS002,97123
1558331819,OR,56707,ORS002,97123
1619983228,OR,56707,ORS002,97123
1639517469,OR,56707,ORS002,97123
1902196249,OR,56707,ORS002,97123
1972573228,OR,56707,ORS002,97123
1063520609,OR,56707,ORS002,97123
1114358033,OR,56707,ORS002,97123
1134428378,OR,56707,ORS002,97123
1164706313,OR,56707,ORS002,97123
1184288011,OR,56707,ORS002,97123
1245672286,OR,56707,ORS002,97123
1376854158,OR,56707,ORS002,97123
1447359914,OR,56707,ORS002,97123
1508894718,OR,56707,ORS002,97123
1538138276,OR,56707,ORS002,97123
1538583471,OR,56707,ORS002,97123
1588153787,OR,56707,ORS002,97123
1639120314,OR,56707,ORS002,97123
1649574443,OR,56707,ORS002,97123
1669825550,OR,56707,ORS002,97123
1700231347,OR,56707,ORS002,97123
1710185087,OR,56707,ORS002,97123
1770651200,OR,56707,ORS002,97123
1861615668,OR,56707,ORS002,97123
1861885717,OR,56707,ORS002,97123
1912002775,OR,56707,ORS002,97123
1023748779,OR,56707,ORS002,97123
1124361241,OR,56707,ORS002,97123
1154379576,OR,56707,ORS002,97123
1154646610,OR,56707,ORS002,97123
1265580054,OR,56707,ORS002,97123
1487697488,OR,56707,ORS002,97123
1689257677,OR,56707,ORS002,97123
1750373056,OR,56707,ORS002,97123
1831456979,OR,56707,ORS002,97123
1326501669,OR,56707,ORS002,97123
1508303561,OR,56707,ORS002,97123
1265745947,OR,56707,ORS002,97123
1508891805,OR,56707,ORS002,97123
1932129491,OR,56707,ORS002,97123
1013301076,OR,56707,ORS002,97123
1184485492,OR,56707,ORS002,97123
1407400500,OR,56707,ORS002,97123
1659339083,OR,56707,ORS002,97123
1679817704,OR,56707,ORS002,97123
1902388184,OR,56707,ORS002,97123
1134699176,OR,71287,ORS004,97370
1407536303,OR,71287,ORS004,97370
1447682596,OR,71287,ORS004,97370
1497529333,OR,71287,ORS004,97370
1508144767,OR,71287,ORS004,97370
1568118115,OR,71287,ORS004,97370
1780101048,OR,71287,ORS004,97370
1134699176,OR,71287,ORS001,97370
1407536303,OR,71287,ORS001,97370
1447682596,OR,71287,ORS001,97370
1497529333,OR,71287,ORS001,97370
1508144767,OR,71287,ORS001,97370
1568118115,OR,71287,ORS001,97370
1780101048,OR,71287,ORS001,97370
1598168064,MI,58594,MIS001,48624
1922445964,MI,58594,MIS001,48624
1710063755,MI,58594,MIS001,48624
1790209161,MI,58594,MIS001,48624
1821457854,MI,58594,MIS001,48624
1942289525,MI,29698,MIS003,49423
1508391160,MI,29698,MIS003,49423
1093930141,MI,58594,MIS001,49441
1376726604,MI,58594,MIS001,49441
1174545487,MI,58594,MIS001,49444
1285617613,MI,58594,MIS001,49444
1306066634,MI,58594,MIS001,49444
1366420168,MI,58594,MIS001,49444
1609157304,MI,58594,MIS001,49444
1699086140,MI,58594,MIS001,49444
1760698245,MI,58594,MIS001,49444
1801356076,MI,58594,MIS001,49444
1871226829,MI,58594,MIS001,49444
1902660533,MI,58594,MIS001,49444
1912981994,MI,58594,MIS001,49444
1164954129,MI,58594,MIS001,48624
1710466024,MI,58594,MIS001,48624
1013947902,OR,71287,ORS004,97355
1114078797,OR,71287,ORS004,97355
1295013613,OR,71287,ORS004,97355
1710368139,OR,71287,ORS004,97355
1760429831,OR,71287,ORS004,97355
1013947902,OR,71287,ORS001,97355
1114078797,OR,71287,ORS001,97355
1295013613,OR,71287,ORS001,97355
1710368139,OR,71287,ORS001,97355
1760429831,OR,71287,ORS001,97355
1831448836,OR,71287,ORS004,97355
1831448836,OR,71287,ORS001,97355
1093176208,OR,71287,ORS004,97321
1386318863,OR,71287,ORS004,97321
1093176208,OR,71287,ORS001,97321
1386318863,OR,71287,ORS001,97321
1720362585,MI,29698,MIS005,49017
1093360174,OR,71287,ORS004,97402
1417443409,OR,71287,ORS004,97402
1093360174,OR,71287,ORS001,97402
1417443409,OR,71287,ORS001,97402
1851886220,MI,58594,MIS001,49441
1023490943,MI,29698,MIS003,49423
1245430198,OR,71287,ORS004,97401
1790317147,OR,71287,ORS004,97401
1699470682,MI,29698,MIS007,49285
1780954347,MI,29698,MIS007,49285
1245430198,OR,71287,ORS001,97401
1790317147,OR,71287,ORS001,97401
1841310489,MI,58594,MIS001,49412
1669257465,MI,29698,MIS005,49017
1598062846,OR,71287,ORS004,97401
1700168960,MI,29698,MIS007,49285
1598062846,OR,71287,ORS001,97401
1407879653,MI,58594,MIS001,48827
1871020909,MI,58594,MIS001,48827
1053424150,MI,58594,MIS001,48827
1508515024,MI,58594,MIS001,48827
1588979926,MI,58594,MIS001,48827
1104865724,MI,58594,MIS001,48471
1841266053,MI,58594,MIS001,48471
1770614521,OR,71287,ORS004,97401
1023080447,MI,58594,MIS001,49444
1336453216,MI,58594,MIS001,49444
1427035229,MI,58594,MIS001,49444
1700863503,MI,58594,MIS001,49444
1710765813,MI,58594,MIS001,49444
1770587008,MI,58594,MIS001,49444
1033792197,MI,58594,MIS001,49444
1215148879,MI,58594,MIS001,49444
1225596968,MI,58594,MIS001,49444
1275510034,MI,58594,MIS001,49444
1326595257,MI,58594,MIS001,49444
1457607806,MI,58594,MIS001,49444
1487112389,MI,58594,MIS001,49444
1760914535,MI,58594,MIS001,49444
1780630020,MI,58594,MIS001,49444
1790783926,MI,58594,MIS001,49444
1861874190,MI,58594,MIS001,49444
1881161990,MI,58594,MIS001,49444
1972033819,MI,58594,MIS001,49444
1013907427,MI,58594,MIS001,49444
1255992806,MI,58594,MIS001,49444
1437371788,MI,58594,MIS001,49444
1477814648,MI,58594,MIS001,49444
1538721543,MI,58594,MIS001,49444
1700378239,MI,58594,MIS001,49444
1861056533,MI,58594,MIS001,49444
1902244833,MI,58594,MIS001,49444
1770614521,OR,71287,ORS001,97401
1295202208,MI,58594,MIS001,48624
1316662562,MI,58594,MIS001,48624
1477159200,MI,58594,MIS001,48624
1508278409,MI,58594,MIS001,48624
1518528710,MI,58594,MIS001,48624
1588078620,MI,58594,MIS001,48624
1609160506,MI,58594,MIS001,48624
1639767452,MI,58594,MIS001,48624
1669134706,MI,58594,MIS001,48624
1750801239,MI,58594,MIS001,48624
1750891685,MI,58594,MIS001,48624
1932454501,MI,58594,MIS001,48624
1013458595,MI,58594,MIS001,48624
1053545657,MI,58594,MIS001,48624
1104230358,MI,58594,MIS001,48624
1306271556,MI,58594,MIS001,48624
1346842242,MI,58594,MIS001,48624
1407526619,MI,58594,MIS001,48624
1538685821,MI,58594,MIS001,48624
1548832124,MI,58594,MIS001,48624
1568488385,MI,58594,MIS001,48624
1669997425,MI,58594,MIS001,48624
1952889016,MI,58594,MIS001,48624
1992119028,MI,58594,MIS001,48624
1033909809,MI,58594,MIS001,48471
1962068163,MI,58594,MIS001,48471
1770706954,OR,71287,ORS004,97401
1437738580,MI,58594,MIS001,49444
1467468934,MI,58594,MIS001,49444
1801600218,MI,58594,MIS001,49444
1114500790,MI,58594,MIS001,49444
1952045783,MI,58594,MIS001,49444
1144967100,MI,58594,MIS001,49444
1669209045,MI,58594,MIS001,49444
1558025122,TX,66252,TXS002,78666
1720664568,TX,66252,TXS002,78666
1851988604,TX,66252,TXS002,78666
1205096906,TX,66252,TXS002,78666
1932458080,TX,66252,TXS002,78666
1033404082,TX,66252,TXS002,78666
1104037100,TX,66252,TXS002,78666
1154447852,TX,66252,TXS002,78666
1194398297,TX,66252,TXS002,78666
1295755965,TX,66252,TXS002,78666
1346333283,TX,66252,TXS002,78666
1508248410,TX,66252,TXS002,78666
1588774061,TX,66252,TXS002,78666
1609585538,TX,66252,TXS002,78666
1639558810,TX,66252,TXS002,78666
1659396406,TX,66252,TXS002,78666
1760177943,TX,66252,TXS002,78666
1932787694,TX,66252,TXS002,78666
1962896977,TX,66252,TXS002,78666
1043530207,TX,66252,TXS002,78666
1770522633,TX,66252,TXS002,78666
1205044633,TX,66252,TXS002,78666
1194772780,TX,66252,TXS002,78666
1770706954,OR,71287,ORS001,97401
1558025122,TX,66252,TXS001,78666
1720664568,TX,66252,TXS001,78666
1851988604,TX,66252,TXS001,78666
1205096906,TX,66252,TXS001,78666
1932458080,TX,66252,TXS001,78666
1033404082,TX,66252,TXS001,78666
1104037100,TX,66252,TXS001,78666
1154447852,TX,66252,TXS001,78666
1194398297,TX,66252,TXS001,78666
1295755965,TX,66252,TXS001,78666
1346333283,TX,66252,TXS001,78666
1508248410,TX,66252,TXS001,78666
1588774061,TX,66252,TXS001,78666
1609585538,TX,66252,TXS001,78666
1639558810,TX,66252,TXS001,78666
1659396406,TX,66252,TXS001,78666
1760177943,TX,66252,TXS001,78666
1932787694,TX,66252,TXS001,78666
1962896977,TX,66252,TXS001,78666
1043530207,TX,66252,TXS001,78666
1770522633,TX,66252,TXS001,78666
1205044633,TX,66252,TXS001,78666
1194772780,TX,66252,TXS001,78666
1386161388,OR,71287,ORS004,97330
1760193700,OR,71287,ORS004,97330
1972338481,OR,71287,ORS004,97330
1386161388,OR,71287,ORS001,97330
1760193700,OR,71287,ORS001,97330
1972338481,OR,71287,ORS001,97330
1003249442,MI,58594,MIS001,49444
1114147477,MI,58594,MIS001,49444
1134357940,MI,58594,MIS001,49444
1427290113,MI,58594,MIS001,49444
1447513635,MI,58594,MIS001,49444
1598255788,MI,58594,MIS001,49444
1619389756,MI,58594,MIS001,49444
1770627051,MI,58594,MIS001,49444
1801849120,MI,58594,MIS001,49444
1861084014,MI,58594,MIS001,49444
1376674929,OR,71287,ORS004,97477
1053075077,OR,71287,ORS004,97330
1093314122,OR,71287,ORS004,97330
1215362546,OR,71287,ORS004,97330
1356843361,OR,71287,ORS004,97330
1427415835,OR,71287,ORS004,97330
1740502616,OR,71287,ORS004,97330
1770051229,OR,71287,ORS004,97330
1821040247,OR,71287,ORS004,97330
1376674929,OR,71287,ORS001,97477
1053075077,OR,71287,ORS001,97330
1093314122,OR,71287,ORS001,97330
1215362546,OR,71287,ORS001,97330
1356843361,OR,71287,ORS001,97330
1427415835,OR,71287,ORS001,97330
1740502616,OR,71287,ORS001,97330
1770051229,OR,71287,ORS001,97330
1821040247,OR,71287,ORS001,97330
1396387148,MI,58594,MIS001,49444
1427170836,MI,58594,MIS001,49444
1689112625,OR,71287,ORS004,97401
1700325164,OR,71287,ORS004,97401
1780438325,OR,71287,ORS004,97401
1790133106,OR,71287,ORS004,97401
1689112625,OR,71287,ORS001,97401
1700325164,OR,71287,ORS001,97401
1780438325,OR,71287,ORS001,97401
1790133106,OR,71287,ORS001,97401
1225617202,OR,71287,ORS004,97321
1720384126,OR,71287,ORS004,97321
1295394765,MI,29698,MIS005,49015
1770142739,MI,29698,MIS005,49015
1013501220,OR,71287,ORS004,97401
1245624782,OR,71287,ORS004,97401
1639195183,OR,71287,ORS004,97401
1710186887,OR,71287,ORS004,97401
1750397576,OR,71287,ORS004,97401
1154436590,OR,71287,ORS004,97401
1346617792,OR,71287,ORS004,97401
1831125616,OR,71287,ORS004,97401
1477997591,OR,71287,ORS004,97401
1881635746,MI,58594,MIS001,49444
1013501220,OR,71287,ORS001,97401
1245624782,OR,71287,ORS001,97401
1639195183,OR,71287,ORS001,97401
1710186887,OR,71287,ORS001,97401
1750397576,OR,71287,ORS001,97401
1154436590,OR,71287,ORS001,97401
1346617792,OR,71287,ORS001,97401
1831125616,OR,71287,ORS001,97401
1477997591,OR,71287,ORS001,97401
1225617202,OR,71287,ORS001,97321
1720384126,OR,71287,ORS001,97321
1700345402,MI,58594,MIS001,49444
1902056559,MI,58594,MIS001,49456
1093724247,OR,71287,ORS004,97401
1750781225,OR,71287,ORS004,97401
1093724247,OR,71287,ORS001,97401
1750781225,OR,71287,ORS001,97401
1427729367,OR,71287,ORS004,97401
1073905758,OR,71287,ORS004,97401
1366815490,OR,71287,ORS004,97401
1407143613,OR,71287,ORS004,97401
1023550126,OR,71287,ORS004,97401
1609407345,OR,71287,ORS004,97401
1376614107,OR,71287,ORS004,97401
1255084513,MI,58594,MIS001,48462
1427729367,OR,71287,ORS001,97401
1073905758,OR,71287,ORS001,97401
1366815490,OR,71287,ORS001,97401
1407143613,OR,71287,ORS001,97401
1023550126,OR,71287,ORS001,97401
1609407345,OR,71287,ORS001,97401
1376614107,OR,71287,ORS001,97401
1265689897,MI,58594,MIS001,49442
1467408229,MI,58594,MIS001,49442
1487152633,MI,58594,MIS001,49442
1588224083,MI,58594,MIS001,49442
1588759674,MI,58594,MIS001,49442
1699315747,MI,58594,MIS001,49442
1861989519,MI,58594,MIS001,49442
1902098197,MI,58594,MIS001,49442
1952898686,MI,58594,MIS001,49442
1962578575,MI,58594,MIS001,48462
1285622589,OR,71287,ORS004,97330
1306834601,OR,71287,ORS004,97330
1497918585,OR,71287,ORS004,97330
1285622589,OR,71287,ORS001,97330
1306834601,OR,71287,ORS001,97330
1497918585,OR,71287,ORS001,97330
1346661626,OR,71287,ORS004,97330
1639051162,OR,71287,ORS004,97330
1750957205,MI,58594,MIS001,49442
1346661626,OR,71287,ORS001,97330
1639051162,OR,71287,ORS001,97330
1427195171,TX,66252,TXS002,78666
1508920935,TX,66252,TXS002,78666
1598050676,TX,66252,TXS002,78666
1710457940,TX,66252,TXS002,78666
1932677739,TX,66252,TXS002,78666
1952798779,TX,66252,TXS002,78666
1184987174,TX,66252,TXS002,78666
1306124912,TX,66252,TXS002,78666
1366881815,TX,66252,TXS002,78666
1134672967,TX,66252,TXS002,78666
1306847587,TX,66252,TXS002,78666
1639305428,TX,66252,TXS002,78666
1821230939,TX,66252,TXS002,78666
1427195171,TX,66252,TXS001,78666
1508920935,TX,66252,TXS001,78666
1598050676,TX,66252,TXS001,78666
1710457940,TX,66252,TXS001,78666
1932677739,TX,66252,TXS001,78666
1952798779,TX,66252,TXS001,78666
1184987174,TX,66252,TXS001,78666
1306124912,TX,66252,TXS001,78666
1366881815,TX,66252,TXS001,78666
1134672967,TX,66252,TXS001,78666
1306847587,TX,66252,TXS001,78666
1639305428,TX,66252,TXS001,78666
1821230939,TX,66252,TXS001,78666
1225910649,OR,56707,ORS002,97132
1629002639,OR,56707,ORS002,97132
1003307158,OR,56707,ORS002,97132
1124754148,OR,56707,ORS002,97132
1427706100,OR,56707,ORS002,97132
1821311465,OR,56707,ORS002,97132
1952456246,OR,56707,ORS002,97132
1871237719,TX,66252,TXS002,78666
1215662697,TX,66252,TXS002,78666
1205361920,TX,66252,TXS002,78666
1871237719,TX,66252,TXS001,78666
1215662697,TX,66252,TXS001,78666
1205361920,TX,66252,TXS001,78666
1073008371,MI,58594,MIS001,48624
1932369618,MI,58594,MIS001,48624
1578382081,MI,29698,MIS007,49203
1679315139,MI,29698,MIS007,49203
1588303937,OR,56707,ORS002,97123
1679869119,OR,56707,ORS002,97123
1922525146,MI,58594,MIS001,49448
1376009282,OR,71287,ORS004,97477
1558332791,OR,71287,ORS004,97477
1376009282,OR,71287,ORS001,97477
1558332791,OR,71287,ORS001,97477
1104959360,OR,71287,ORS004,97401
1104959360,OR,71287,ORS001,97401
1235503277,OR,56707,ORS002,97123
1407330889,OR,56707,ORS002,97123
1073057360,MI,58594,MIS001,49330
1750852687,OR,71287,ORS004,97333
1659372340,OR,71287,ORS004,97401
1659372340,OR,71287,ORS001,97401
1750852687,OR,71287,ORS001,97333
1205157757,OR,71287,ORS004,97404
1306178512,OR,71287,ORS004,97404
1376099572,OR,71287,ORS004,97404
1427239334,OR,71287,ORS004,97404
1619944022,OR,71287,ORS004,97404
1689722654,OR,71287,ORS004,97404
1699267963,OR,71287,ORS004,97404
1710332986,OR,71287,ORS004,97404
1740635531,OR,71287,ORS004,97404
1770698490,OR,71287,ORS004,97404
1871561456,OR,71287,ORS004,97404
1982676730,OR,71287,ORS004,97404
1417075425,MI,58594,MIS001,48827
1255714531,MI,58594,MIS001,48827
1205157757,OR,71287,ORS001,97404
1306178512,OR,71287,ORS001,97404
1376099572,OR,71287,ORS001,97404
1427239334,OR,71287,ORS001,97404
1619944022,OR,71287,ORS001,97404
1689722654,OR,71287,ORS001,97404
1699267963,OR,71287,ORS001,97404
1710332986,OR,71287,ORS001,97404
1740635531,OR,71287,ORS001,97404
1770698490,OR,71287,ORS001,97404
1871561456,OR,71287,ORS001,97404
1982676730,OR,71287,ORS001,97404
1063684769,MI,58594,MIS001,49420
1104011394,MI,58594,MIS001,49420
1518234301,MI,58594,MIS001,49420
1578043683,MI,58594,MIS001,49420
1588964100,MI,58594,MIS001,49420
1790814762,MI,58594,MIS001,49420
1972290203,MI,58594,MIS001,49420
1982792040,MI,58594,MIS001,49420
1609766054,OR,71287,ORS004,97404
1992169205,OR,71287,ORS004,97404
1609766054,OR,71287,ORS001,97404
1992169205,OR,71287,ORS001,97404
1508108655,MI,58594,MIS001,49442
1528081262,MI,29698,MIS005,49037
1760486583,MI,29698,MIS007,49203
1548210487,MI,29698,MIS007,49203
1194344010,OR,56707,ORS002,97132
1891511895,MI,29698,MIS005,49037
1356175657,MI,29698,MIS007,49202
1083004147,MI,29698,MIS007,49203
1093112740,MI,29698,MIS007,49203
1215178306,MI,29698,MIS007,49203
1538252549,MI,29698,MIS007,49203
1609509652,MI,29698,MIS007,49203
1194997882,OR,71287,ORS004,97401
1194997882,OR,71287,ORS001,97401
1063647444,OR,71287,ORS004,97405
1306238639,OR,71287,ORS004,97405
1780414250,OR,71287,ORS004,97405
1891276994,OR,71287,ORS004,97405
1184913782,OR,71287,ORS004,97437
1376901033,OR,71287,ORS004,97437
1659830735,OR,71287,ORS004,97437
1962170159,OR,71287,ORS004,97437
1063647444,OR,71287,ORS001,97405
1306238639,OR,71287,ORS001,97405
1780414250,OR,71287,ORS001,97405
1891276994,OR,71287,ORS001,97405
1184913782,OR,71287,ORS001,97437
1376901033,OR,71287,ORS001,97437
1659830735,OR,71287,ORS001,97437
1962170159,OR,71287,ORS001,97437
1003275777,MI,29698,MIS005,49015
1023104932,MI,29698,MIS005,49015
1053803965,MI,29698,MIS005,49015
1063135432,MI,29698,MIS005,49015
1104472299,MI,29698,MIS005,49015
1104531409,MI,29698,MIS005,49015
1124689948,MI,29698,MIS005,49015
1134840184,MI,29698,MIS005,49015
1174886493,MI,29698,MIS005,49015
1194740514,MI,29698,MIS005,49015
1205212289,MI,29698,MIS005,49015
1205870029,MI,29698,MIS005,49015
1215935085,MI,29698,MIS005,49015
1215983556,MI,29698,MIS005,49015
1316201056,MI,29698,MIS005,49015
1386008654,MI,29698,MIS005,49015
1417258898,MI,29698,MIS005,49015
1427441245,MI,29698,MIS005,49015
1437517539,MI,29698,MIS005,49015
1457707572,MI,29698,MIS005,49015
1487315420,MI,29698,MIS005,49015
1497309751,MI,29698,MIS005,49015
1518210707,MI,29698,MIS005,49015
1528601887,MI,29698,MIS005,49015
1538251145,MI,29698,MIS005,49015
1609191659,MI,29698,MIS005,49015
1619080702,MI,29698,MIS005,49015
1649250093,MI,29698,MIS005,49015
1659735272,MI,29698,MIS005,49015
1710079330,MI,29698,MIS005,49015
1720752264,MI,29698,MIS005,49015
1740658244,MI,29698,MIS005,49015
1740839588,MI,29698,MIS005,49015
1801483490,MI,29698,MIS005,49015
1811554082,MI,29698,MIS005,49015
1841564309,MI,29698,MIS005,49015
1851357503,MI,29698,MIS005,49015
1881474534,MI,29698,MIS005,49015
1922705664,MI,29698,MIS005,49015
1932459930,MI,29698,MIS005,49015
1942072038,MI,29698,MIS005,49015
1942819990,MI,29698,MIS005,49015
1962275206,MI,29698,MIS005,49015
1811205248,OR,71287,ORS004,97405
1891247078,OR,71287,ORS004,97405
1295698173,OR,71287,ORS004,97405
1326856014,OR,71287,ORS004,97405
1417843996,OR,71287,ORS004,97405
1477333276,OR,71287,ORS004,97405
1710790571,OR,71287,ORS004,97405
1679888366,OR,71287,ORS004,97437
1104268283,MI,29698,MIS005,49015
1801759055,MI,29698,MIS005,49015
1902797400,MI,29698,MIS005,49015
1811205248,OR,71287,ORS001,97405
1891247078,OR,71287,ORS001,97405
1295698173,OR,71287,ORS001,97405
1326856014,OR,71287,ORS001,97405
1417843996,OR,71287,ORS001,97405
1477333276,OR,71287,ORS001,97405
1710790571,OR,71287,ORS001,97405
1679888366,OR,71287,ORS001,97437
1154728889,MI,58594,MIS001,48653
1235609678,OR,56707,ORS002,97123
1376888107,OR,56707,ORS002,97123
1487117396,OR,56707,ORS002,97123
1376930859,MI,29698,MIS007,49201
1639668072,MI,29698,MIS007,49201
1437140910,OR,71287,ORS004,97424
1437140910,OR,71287,ORS001,97424
1922474220,OR,71287,ORS004,97405
1043162365,OR,56707,ORS002,97123
1023322658,MI,29698,MIS007,49201
1922474220,OR,71287,ORS001,97405
1487154126,MI,58594,MIS001,49412
1508343047,MI,58594,MIS001,49412
1518583673,MI,58594,MIS001,49412
1669563565,MI,58594,MIS001,49412
1760977599,MI,58594,MIS001,49412
1841476132,OR,71287,ORS004,97321
1841476132,OR,71287,ORS001,97321
1023051703,MI,29698,MIS007,49201
1902209109,OR,77969,ORS002,97381
1851622450,MI,29698,MIS007,49240
1174517098,OR,56707,ORS002,97123
1548715709,OR,56707,ORS002,97123
1821307844,OR,56707,ORS002,97123
1730765868,OR,71287,ORS004,97477
1730239492,MI,58594,MIS001,48466
1730765868,OR,71287,ORS001,97477
1417443409,OR,56707,ORS002,97132
1902908171,OR,56707,ORS002,97132
1093273765,OR,71287,ORS004,97321
1215755525,OR,71287,ORS004,97321
1326826223,OR,71287,ORS004,97321
1447103148,OR,71287,ORS004,97321
1548202880,OR,71287,ORS004,97321
1629637228,MI,29698,MIS007,49203
1922757194,MI,29698,MIS007,49203
1093273765,OR,71287,ORS001,97321
1215755525,OR,71287,ORS001,97321
1326826223,OR,71287,ORS001,97321
1447103148,OR,71287,ORS001,97321
1548202880,OR,71287,ORS001,97321
1497611768,MI,29698,MIS003,49423
1740008002,MI,29698,MIS003,49423
1689971293,OR,77969,ORS002,97381
1629141007,MI,29698,MIS007,49202
1891528857,MI,29698,MIS007,49202
1932167491,MI,29698,MIS007,49201
1851358527,MI,29698,MIS007,49201
1013470467,OR,71287,ORS004,97355
1023692480,OR,71287,ORS004,97355
1043081375,OR,71287,ORS004,97355
1093273765,OR,71287,ORS004,97355
1174919120,OR,71287,ORS004,97355
1215755525,OR,71287,ORS004,97355
1265429088,OR,71287,ORS004,97355
1346653722,OR,71287,ORS004,97355
1427505015,OR,71287,ORS004,97355
1538812359,OR,71287,ORS004,97355
1558925776,OR,71287,ORS004,97355
1679626006,OR,71287,ORS004,97355
1730176546,OR,71287,ORS004,97355
1821678228,OR,71287,ORS004,97355
1821776196,OR,71287,ORS004,97355
1962986729,OR,71287,ORS004,97355
1013470467,OR,71287,ORS001,97355
1023692480,OR,71287,ORS001,97355
1043081375,OR,71287,ORS001,97355
1093273765,OR,71287,ORS001,97355
1174919120,OR,71287,ORS001,97355
1215755525,OR,71287,ORS001,97355
1265429088,OR,71287,ORS001,97355
1346653722,OR,71287,ORS001,97355
1427505015,OR,71287,ORS001,97355
1538812359,OR,71287,ORS001,97355
1558925776,OR,71287,ORS001,97355
1679626006,OR,71287,ORS001,97355
1730176546,OR,71287,ORS001,97355
1821678228,OR,71287,ORS001,97355
1821776196,OR,71287,ORS001,97355
1962986729,OR,71287,ORS001,97355
1841398682,MI,58594,MIS001,48371
1841560638,OR,71287,ORS004,97401
1770152795,MI,58594,MIS001,49441
1164654174,OR,71287,ORS004,97401
1891413860,OR,71287,ORS004,97401
1952696981,OR,71287,ORS004,97401
1235202490,MI,58594,MIS001,48371
1427447192,MI,29698,MIS005,49015
1841560638,OR,71287,ORS001,97401
1164654174,OR,71287,ORS001,97401
1891413860,OR,71287,ORS001,97401
1952696981,OR,71287,ORS001,97401
1811881394,MI,29698,MIS007,49201
1861378804,MI,29698,MIS007,49201
1932048832,MI,29698,MIS007,49201
1861097321,MI,29698,MIS007,49201
1467688499,OR,71287,ORS004,97321
1649261991,OR,71287,ORS004,97321
1881980944,OR,71287,ORS004,97321
1467688499,OR,71287,ORS001,97321
1649261991,OR,71287,ORS001,97321
1881980944,OR,71287,ORS001,97321
1053744524,OR,71287,ORS004,97330
1427188309,OR,71287,ORS004,97330
1710240791,OR,71287,ORS004,97330
1891191672,OR,71287,ORS004,97330
1053744524,OR,71287,ORS001,97330
1427188309,OR,71287,ORS001,97330
1710240791,OR,71287,ORS001,97330
1891191672,OR,71287,ORS001,97330
1053567743,MI,29698,MIS003,49423
1003184714,OR,56707,ORS002,97123
1023057221,OR,56707,ORS002,97123
1033738455,OR,56707,ORS002,97123
1093025918,OR,56707,ORS002,97123
1215634985,OR,56707,ORS002,97123
1225538580,OR,56707,ORS002,97123
1396020186,OR,56707,ORS002,97123
1457880668,OR,56707,ORS002,97123
1508446170,OR,56707,ORS002,97123
1558771683,OR,56707,ORS002,97123
1689993255,OR,56707,ORS002,97123
1760852925,OR,56707,ORS002,97123
1790132017,OR,56707,ORS002,97123
1902236474,OR,56707,ORS002,97123
1699331215,MI,58594,MIS001,48471
1861433302,MI,58594,MIS001,48471
1497534655,MI,58594,MIS001,48471
1386748820,MI,29698,MIS005,49094
1326251828,OR,56707,ORS002,97123
1124616412,MI,58594,MIS001,49442
1265997498,MI,58594,MIS001,49442
1104890490,MI,29698,MIS007,49202
1376517359,MI,29698,MIS007,49202
1700405925,MI,29698,MIS007,49202
1801351671,MI,29698,MIS007,49202
1386266450,OR,71287,ORS004,97401
1801417779,OR,71287,ORS004,97401
1912075060,OR,71287,ORS004,97401
1386266450,OR,71287,ORS001,97401
1801417779,OR,71287,ORS001,97401
1912075060,OR,71287,ORS001,97401
1275117319,MI,29698,MIS007,49203
1437502044,MI,29698,MIS007,49203
1679669485,MI,29698,MIS007,49203
1720362585,MI,29698,MIS007,49203
1902941537,MI,29698,MIS007,49203
1396531083,MI,29698,MIS007,49203
1457508962,MI,29698,MIS007,49203
1669257465,MI,29698,MIS007,49203
1881476992,MI,29698,MIS007,49203
1912767815,MI,29698,MIS007,49203
1992494231,MI,29698,MIS007,49203
1134415292,OR,71287,ORS004,97330
1497283261,OR,71287,ORS004,97330
1558755892,OR,71287,ORS004,97330
1730584855,OR,71287,ORS004,97330
1679274583,OR,56707,ORS002,97123
1063073609,OR,56707,ORS002,97123
1073713749,OR,56707,ORS002,97123
1114655636,OR,56707,ORS002,97123
1205246386,OR,56707,ORS002,97123
1225235260,OR,56707,ORS002,97123
1235485053,OR,56707,ORS002,97123
1265768741,OR,56707,ORS002,97123
1417430653,OR,56707,ORS002,97123
1427926336,OR,56707,ORS002,97123
1467184721,OR,56707,ORS002,97123
1598190274,OR,56707,ORS002,97123
1669950358,OR,56707,ORS002,97123
1679052930,OR,56707,ORS002,97123
1679362339,OR,56707,ORS002,97123
1730038001,OR,56707,ORS002,97123
1942758255,OR,56707,ORS002,97123
1659011500,OR,56707,ORS002,97123
1124280367,OR,56707,ORS002,97123
1164267464,OR,56707,ORS002,97123
1427608470,OR,56707,ORS002,97123
1134415292,OR,71287,ORS001,97330
1497283261,OR,71287,ORS001,97330
1558755892,OR,71287,ORS001,97330
1730584855,OR,71287,ORS001,97330
1326257486,OR,71287,ORS004,97370
1841679883,OR,71287,ORS004,97370
1205700341,MI,29698,MIS005,49015
1871856633,MI,29698,MIS005,49015
1134512569,MI,58594,MIS001,48371
1457410987,MI,58594,MIS001,48371
1164590600,MI,58594,MIS001,48371
1811995673,MI,58594,MIS001,48371
1326257486,OR,71287,ORS001,97370
1841679883,OR,71287,ORS001,97370
1386730968,OR,71287,ORS004,97401
1295582385,MI,58594,MIS001,48371
1760975635,MI,58594,MIS001,48371
1386730968,OR,71287,ORS001,97401
1992890446,OR,56707,ORS002,97132
1811215163,OR,56707,ORS002,97132
1811224637,MI,29698,MIS005,49015
1003307919,MI,29698,MIS003,49423
1013071372,MI,29698,MIS003,49423
1013450170,MI,29698,MIS003,49423
1043997661,MI,29698,MIS003,49423
1063726768,MI,29698,MIS003,49423
1073698536,MI,29698,MIS003,49423
1083395545,MI,29698,MIS003,49423
1093240103,MI,29698,MIS003,49423
1104853712,MI,29698,MIS003,49423
1114118510,MI,29698,MIS003,49423
1134613896,MI,29698,MIS003,49423
1144732843,MI,29698,MIS003,49423
1154584753,MI,29698,MIS003,49423
1154816882,MI,29698,MIS003,49423
1174542724,MI,29698,MIS003,49423
1174709588,MI,29698,MIS003,49423
1174724793,MI,29698,MIS003,49423
1205941622,MI,29698,MIS003,49423
1215344650,MI,29698,MIS003,49423
1215464771,MI,29698,MIS003,49423
1235109372,MI,29698,MIS003,49423
1245662436,MI,29698,MIS003,49423
1245669936,MI,29698,MIS003,49423
1265779409,MI,29698,MIS003,49423
1285250142,MI,29698,MIS003,49423
1326278722,MI,29698,MIS003,49423
1346477874,MI,29698,MIS003,49423
1346735784,MI,29698,MIS003,49423
1356371868,MI,29698,MIS003,49423
1356570113,MI,29698,MIS003,49423
1376504605,MI,29698,MIS003,49423
1386194157,MI,29698,MIS003,49423
1386663920,MI,29698,MIS003,49423
1396041679,MI,29698,MIS003,49423
1396194288,MI,29698,MIS003,49423
1427580083,MI,29698,MIS003,49423
1427619352,MI,29698,MIS003,49423
1447205539,MI,29698,MIS003,49423
1457796229,MI,29698,MIS003,49423
1477693505,MI,29698,MIS003,49423
1497284459,MI,29698,MIS003,49423
1497787469,MI,29698,MIS003,49423
1497791750,MI,29698,MIS003,49423
1508875402,MI,29698,MIS003,49423
1518304666,MI,29698,MIS003,49423
1558674689,MI,29698,MIS003,49423
1578723482,MI,29698,MIS003,49423
1578902441,MI,29698,MIS003,49423
1588686695,MI,29698,MIS003,49423
1598285983,MI,29698,MIS003,49423
1609298512,MI,29698,MIS003,49423
1609818400,MI,29698,MIS003,49423
1609821081,MI,29698,MIS003,49423
1619562857,MI,29698,MIS003,49423
1619912540,MI,29698,MIS003,49423
1639188428,MI,29698,MIS003,49423
1639307093,MI,29698,MIS003,49423
1639362346,MI,29698,MIS003,49423
1659084622,MI,29698,MIS003,49423
1659519296,MI,29698,MIS003,49423
1659832582,MI,29698,MIS003,49423
1699112193,MI,29698,MIS003,49423
1699357210,MI,29698,MIS003,49423
1710199021,MI,29698,MIS003,49423
1710484274,MI,29698,MIS003,49423
1710941711,MI,29698,MIS003,49423
1730679093,MI,29698,MIS003,49423
1750300422,MI,29698,MIS003,49423
1770699894,MI,29698,MIS003,49423
1770781890,MI,29698,MIS003,49423
1780034090,MI,29698,MIS003,49423
1790191831,MI,29698,MIS003,49423
1811418106,MI,29698,MIS003,49423
1831175942,MI,29698,MIS003,49423
1831465376,MI,29698,MIS003,49423
1841350808,MI,29698,MIS003,49423
1841480977,MI,29698,MIS003,49423
1841635638,MI,29698,MIS003,49423
1881127694,MI,29698,MIS003,49423
1881186609,MI,29698,MIS003,49423
1922048800,MI,29698,MIS003,49423
1922410281,MI,29698,MIS003,49423
1932684172,MI,29698,MIS003,49423
1942409677,MI,29698,MIS003,49423
1952382194,MI,29698,MIS003,49423
1952781445,MI,29698,MIS003,49423
1013328236,MI,29698,MIS003,49423
1013355007,MI,29698,MIS003,49423
1033269816,MI,29698,MIS003,49423
1043410145,MI,29698,MIS003,49423
1083730907,MI,29698,MIS003,49423
1134103732,MI,29698,MIS003,49423
1134332794,MI,29698,MIS003,49423
1174761837,MI,29698,MIS003,49423
1194716621,MI,29698,MIS003,49423
1215928684,MI,29698,MIS003,49423
1215979216,MI,29698,MIS003,49423
1255858981,MI,29698,MIS003,49423
1265849541,MI,29698,MIS003,49423
1336268747,MI,29698,MIS003,49423
1336670165,MI,29698,MIS003,49423
1346463254,MI,29698,MIS003,49423
1366460172,MI,29698,MIS003,49423
1366525966,MI,29698,MIS003,49423
1386690162,MI,29698,MIS003,49423
1386786044,MI,29698,MIS003,49423
1447442215,MI,29698,MIS003,49423
1447816863,MI,29698,MIS003,49423
1497012843,MI,29698,MIS003,49423
1497746952,MI,29698,MIS003,49423
1508279589,MI,29698,MIS003,49423
1518086230,MI,29698,MIS003,49423
1518914779,MI,29698,MIS003,49423
1528049111,MI,29698,MIS003,49423
1558488874,MI,29698,MIS003,49423
1609054394,MI,29698,MIS003,49423
1609217165,MI,29698,MIS003,49423
1619419827,MI,29698,MIS003,49423
1629059480,MI,29698,MIS003,49423
1629619903,MI,29698,MIS003,49423
1639361884,MI,29698,MIS003,49423
1649632720,MI,29698,MIS003,49423
1659545440,MI,29698,MIS003,49423
1679692206,MI,29698,MIS003,49423
1710968284,MI,29698,MIS003,49423
1720021157,MI,29698,MIS003,49423
1720425788,MI,29698,MIS003,49423
1730120007,MI,29698,MIS003,49423
1760703284,MI,29698,MIS003,49423
1770103210,MI,29698,MIS003,49423
1770283988,MI,29698,MIS003,49423
1770525743,MI,29698,MIS003,49423
1770600462,MI,29698,MIS003,49423
1770782716,MI,29698,MIS003,49423
1780070870,MI,29698,MIS003,49423
1780179903,MI,29698,MIS003,49423
1780666073,MI,29698,MIS003,49423
1790766640,MI,29698,MIS003,49423
1801001011,MI,29698,MIS003,49423
1821232455,MI,29698,MIS003,49423
1831180231,MI,29698,MIS003,49423
1871061085,MI,29698,MIS003,49423
1891995536,MI,29698,MIS003,49423
1942289798,MI,29698,MIS003,49423
1346330438,MI,58594,MIS001,49444
1396969838,MI,29698,MIS005,49017
1639393085,MI,29698,MIS005,49017
1245012293,MI,29698,MIS007,49230
1235622986,TX,66252,TXS002,78666
1316174279,TX,66252,TXS002,78666
1366992356,TX,66252,TXS002,78666
1598232886,TX,66252,TXS002,78666
1730709833,TX,66252,TXS002,78666
1790099547,TX,66252,TXS002,78666
1952891475,TX,66252,TXS002,78666
1235622986,TX,66252,TXS001,78666
1316174279,TX,66252,TXS001,78666
1366992356,TX,66252,TXS001,78666
1598232886,TX,66252,TXS001,78666
1730709833,TX,66252,TXS001,78666
1790099547,TX,66252,TXS001,78666
1952891475,TX,66252,TXS001,78666
1598866485,MI,58594,MIS001,48653
1114513843,TX,66252,TXS002,78666
1376549204,TX,66252,TXS002,78666
1457350902,TX,66252,TXS002,78666
1760039796,TX,66252,TXS002,78666
1023710704,TX,66252,TXS002,78666
1114513843,TX,66252,TXS001,78666
1376549204,TX,66252,TXS001,78666
1457350902,TX,66252,TXS001,78666
1760039796,TX,66252,TXS001,78666
1023710704,TX,66252,TXS001,78666
1043235377,OR,71287,ORS004,97477
1215694799,OR,71287,ORS004,97477
1326380841,OR,71287,ORS004,97477
1346245883,OR,71287,ORS004,97477
1407851942,OR,71287,ORS004,97477
1588862817,OR,71287,ORS004,97477
1659766350,OR,71287,ORS004,97477
1679700280,OR,71287,ORS004,97477
1730593542,OR,71287,ORS004,97477
1861883761,OR,71287,ORS004,97477
1780391110,TX,66252,TXS002,78666
1144866492,OR,71287,ORS004,97401
1174211684,OR,71287,ORS004,97401
1508504879,OR,71287,ORS004,97401
1649045501,OR,71287,ORS004,97401
1912676305,OR,71287,ORS004,97401
1073324034,OR,71287,ORS004,97477
1205670833,OR,71287,ORS004,97477
1275108953,OR,71287,ORS004,97477
1043235377,OR,71287,ORS001,97477
1215694799,OR,71287,ORS001,97477
1326380841,OR,71287,ORS001,97477
1346245883,OR,71287,ORS001,97477
1407851942,OR,71287,ORS001,97477
1588862817,OR,71287,ORS001,97477
1659766350,OR,71287,ORS001,97477
1679700280,OR,71287,ORS001,97477
1730593542,OR,71287,ORS001,97477
1861883761,OR,71287,ORS001,97477
1780391110,TX,66252,TXS001,78666
1144866492,OR,71287,ORS001,97401
1174211684,OR,71287,ORS001,97401
1508504879,OR,71287,ORS001,97401
1649045501,OR,71287,ORS001,97401
1912676305,OR,71287,ORS001,97401
1073324034,OR,71287,ORS001,97477
1205670833,OR,71287,ORS001,97477
1275108953,OR,71287,ORS001,97477
1770370223,MI,58594,MIS001,48653
1144320771,MI,58594,MIS001,48827
1942684709,MI,58594,MIS001,48827
1174941058,OR,71287,ORS004,97370
1174941058,OR,71287,ORS001,97370
1265830855,OR,71287,ORS004,97401
1457499816,OR,71287,ORS004,97401
1336581404,OR,71287,ORS004,97402
1164191011,TX,66252,TXS002,78666
1417913104,MI,58594,MIS001,48827
1851967434,MI,58594,MIS001,48827
1265830855,OR,71287,ORS001,97401
1457499816,OR,71287,ORS001,97401
1336581404,OR,71287,ORS001,97402
1164191011,TX,66252,TXS001,78666
1649057027,MI,58594,MIS001,48827
1033452891,OR,71287,ORS004,97401
1144258385,OR,71287,ORS004,97401
1407231244,OR,71287,ORS004,97401
1366843005,OR,71287,ORS004,97401
1033452891,OR,71287,ORS001,97401
1144258385,OR,71287,ORS001,97401
1407231244,OR,71287,ORS001,97401
1366843005,OR,71287,ORS001,97401
1063494946,OR,71287,ORS004,97402
1063494946,OR,71287,ORS001,97402
1619534146,OR,71287,ORS004,97401
1619534146,OR,71287,ORS001,97401
1912214982,MI,29698,MIS007,49202
1225873607,TX,66252,TXS002,78666
1659981488,TX,66252,TXS002,78666
1679579874,TX,66252,TXS002,78666
1225873607,TX,66252,TXS001,78666
1659981488,TX,66252,TXS001,78666
1679579874,TX,66252,TXS001,78666
1356863484,MI,29698,MIS007,49240
1063150704,OR,71287,ORS004,97477
1184657728,OR,71287,ORS004,97477
1346577186,OR,71287,ORS004,97477
1346834777,OR,71287,ORS004,97477
1356704159,OR,71287,ORS004,97477
1396797916,OR,71287,ORS004,97477
1417990045,OR,71287,ORS004,97477
1427787746,OR,71287,ORS004,97477
1619910338,OR,71287,ORS004,97477
1720152465,OR,71287,ORS004,97477
1740954387,OR,71287,ORS004,97477
1821671157,OR,71287,ORS004,97477
1841708658,OR,71287,ORS004,97477
1891243408,OR,71287,ORS004,97477
1891972568,OR,71287,ORS004,97477
1902975741,OR,71287,ORS004,97477
1063150704,OR,71287,ORS001,97477
1184657728,OR,71287,ORS001,97477
1346577186,OR,71287,ORS001,97477
1346834777,OR,71287,ORS001,97477
1356704159,OR,71287,ORS001,97477
1396797916,OR,71287,ORS001,97477
1417990045,OR,71287,ORS001,97477
1427787746,OR,71287,ORS001,97477
1619910338,OR,71287,ORS001,97477
1720152465,OR,71287,ORS001,97477
1740954387,OR,71287,ORS001,97477
1821671157,OR,71287,ORS001,97477
1841708658,OR,71287,ORS001,97477
1891243408,OR,71287,ORS001,97477
1891972568,OR,71287,ORS001,97477
1902975741,OR,71287,ORS001,97477
1689792343,OR,71287,ORS004,97355
1689792343,OR,71287,ORS001,97355
1033257753,TX,66252,TXS002,78666
1285862235,TX,66252,TXS002,78666
1306853627,TX,66252,TXS002,78666
1023507100,TX,66252,TXS002,78666
1043310352,TX,66252,TXS002,78666
1114981529,TX,66252,TXS002,78666
1114983566,TX,66252,TXS002,78666
1164687430,TX,66252,TXS002,78666
1174873988,TX,66252,TXS002,78666
1316137722,TX,66252,TXS002,78666
1326255308,TX,66252,TXS002,78666
1386901072,TX,66252,TXS002,78666
1447888011,TX,66252,TXS002,78666
1609220060,TX,66252,TXS002,78666
1760446702,TX,66252,TXS002,78666
1972553303,TX,66252,TXS002,78666
1992004642,TX,66252,TXS002,78666
1932307261,TX,66252,TXS002,78666
1609689058,OR,71287,ORS004,97401
1770360778,OR,71287,ORS004,97401
1033257753,TX,66252,TXS001,78666
1285862235,TX,66252,TXS001,78666
1306853627,TX,66252,TXS001,78666
1023507100,TX,66252,TXS001,78666
1043310352,TX,66252,TXS001,78666
1114981529,TX,66252,TXS001,78666
1114983566,TX,66252,TXS001,78666
1164687430,TX,66252,TXS001,78666
1174873988,TX,66252,TXS001,78666
1316137722,TX,66252,TXS001,78666
1326255308,TX,66252,TXS001,78666
1386901072,TX,66252,TXS001,78666
1447888011,TX,66252,TXS001,78666
1609220060,TX,66252,TXS001,78666
1760446702,TX,66252,TXS001,78666
1972553303,TX,66252,TXS001,78666
1992004642,TX,66252,TXS001,78666
1932307261,TX,66252,TXS001,78666
1609689058,OR,71287,ORS001,97401
1770360778,OR,71287,ORS001,97401
1104939255,OR,56707,ORS002,97123
1396748620,OR,56707,ORS002,97123
1457460255,OR,56707,ORS002,97123
1487645586,OR,56707,ORS002,97123
1568569457,OR,56707,ORS002,97123
1730162694,OR,56707,ORS002,97123
1871577528,OR,56707,ORS002,97123
1366793093,OR,56707,ORS002,97123
1750322111,OR,56707,ORS002,97123
1881744498,OR,56707,ORS002,97123
1982645370,OR,56707,ORS002,97123
1982851903,OR,56707,ORS002,97123
1801174305,OR,71287,ORS004,97403
1801203427,OR,71287,ORS004,97403
1982059606,OR,71287,ORS004,97403
1801174305,OR,71287,ORS001,97403
1801203427,OR,71287,ORS001,97403
1982059606,OR,71287,ORS001,97403
1073387759,MI,58594,MIS001,49444
1093812182,MI,58594,MIS001,49444
1104599265,MI,58594,MIS001,49444
1124078555,MI,58594,MIS001,49444
1154371581,MI,58594,MIS001,49444
1205890605,MI,58594,MIS001,49444
1376629493,MI,58594,MIS001,49444
1396015905,MI,58594,MIS001,49444
1396461935,MI,58594,MIS001,49444
1447689997,MI,58594,MIS001,49444
1477080380,MI,58594,MIS001,49444
1477324986,MI,58594,MIS001,49444
1477818854,MI,58594,MIS001,49444
1518325059,MI,58594,MIS001,49444
1578208526,MI,58594,MIS001,49444
1659935716,MI,58594,MIS001,49444
1669145033,MI,58594,MIS001,49444
1669666095,MI,58594,MIS001,49444
1699444687,MI,58594,MIS001,49444
1811365372,MI,58594,MIS001,49444
1871336453,MI,58594,MIS001,49444
1881345387,MI,58594,MIS001,49444
1952388563,MI,58594,MIS001,49444
1972934693,MI,58594,MIS001,49444
1265431621,TX,66252,TXS002,78666
1457329906,TX,66252,TXS002,78666
1952459620,TX,66252,TXS002,78666
1265431621,TX,66252,TXS001,78666
1457329906,TX,66252,TXS001,78666
1952459620,TX,66252,TXS001,78666
1790069672,OR,71287,ORS004,97330
1215591466,TX,66252,TXS002,78666
1982603593,TX,66252,TXS002,78666
1790069672,OR,71287,ORS001,97330
1215591466,TX,66252,TXS001,78666
1982603593,TX,66252,TXS001,78666
1407748585,MI,58594,MIS001,49444
1457557647,MI,58594,MIS001,49444
1487470456,MI,58594,MIS001,49444
1528399714,MI,58594,MIS001,49444
1114099983,MI,29698,MIS005,49017
1376571000,MI,29698,MIS007,49203
1972594141,TX,66252,TXS002,78666
1245618065,TX,66252,TXS002,78666
1396314225,TX,66252,TXS002,78666
1598876583,TX,66252,TXS002,78666
1851756589,TX,66252,TXS002,78666
1962484733,TX,66252,TXS002,78666
1588639447,TX,66252,TXS002,78666
1689677239,TX,66252,TXS002,78666
1972594141,TX,66252,TXS001,78666
1245618065,TX,66252,TXS001,78666
1396314225,TX,66252,TXS001,78666
1598876583,TX,66252,TXS001,78666
1851756589,TX,66252,TXS001,78666
1962484733,TX,66252,TXS001,78666
1588639447,TX,66252,TXS001,78666
1689677239,TX,66252,TXS001,78666
1780626689,MI,29698,MIS007,49203
1376076489,TX,66252,TXS002,78666
1902075922,TX,66252,TXS002,78666
1023129517,MI,58594,MIS001,49442
1083156723,MI,58594,MIS001,49442
1194298794,MI,58594,MIS001,49442
1508295973,MI,58594,MIS001,49442
1659583888,MI,58594,MIS001,49442
1740799451,MI,58594,MIS001,49442
1790778397,MI,58594,MIS001,49442
1962405357,MI,58594,MIS001,49442
1194136556,MI,58594,MIS001,49442
1033319181,MI,58594,MIS001,49442
1164862033,MI,58594,MIS001,49442
1174741409,MI,58594,MIS001,49442
1225474174,MI,58594,MIS001,49442
1396964169,MI,58594,MIS001,49442
1912261694,MI,58594,MIS001,49442
1922219666,MI,58594,MIS001,49442
1376104596,MI,58594,MIS001,49442
1437635984,MI,58594,MIS001,49442
1497313803,MI,58594,MIS001,49442
1649583063,MI,58594,MIS001,49442
1750648945,MI,58594,MIS001,49442
1881078137,MI,58594,MIS001,49442
1003078429,MI,58594,MIS001,49442
1184006611,MI,58594,MIS001,49442
1285081067,MI,58594,MIS001,49442
1467666040,MI,58594,MIS001,49442
1891106001,MI,58594,MIS001,49442
1891131959,MI,58594,MIS001,49442
1558855544,MI,58594,MIS001,49442
1740643196,MI,58594,MIS001,49442
1073953881,MI,58594,MIS001,49442
1326494907,MI,58594,MIS001,49442
1518931245,MI,58594,MIS001,49442
1750325437,MI,58594,MIS001,49442
1861807315,MI,58594,MIS001,49442
1093147241,MI,58594,MIS001,49442
1184911596,MI,58594,MIS001,49442
1659719060,MI,58594,MIS001,49442
1780169367,MI,58594,MIS001,49442
1952520736,MI,58594,MIS001,49442
1235197088,MI,58594,MIS001,49444
1255394482,MI,58594,MIS001,49444
1275884454,MI,58594,MIS001,49444
1366998007,MI,58594,MIS001,49444
1376833509,MI,58594,MIS001,49444
1396474185,MI,58594,MIS001,49444
1548799869,MI,58594,MIS001,49444
1376076489,TX,66252,TXS001,78666
1902075922,TX,66252,TXS001,78666
1104515758,MI,58594,MIS001,49445
1184369290,MI,58594,MIS001,49445
1235692526,MI,58594,MIS001,49445
1366256224,MI,58594,MIS001,49445
1528864014,MI,58594,MIS001,49445
1609639715,MI,58594,MIS001,49445
1669280384,MI,58594,MIS001,49445
1801600218,MI,58594,MIS001,49445
1851361802,MI,58594,MIS001,49445
1902690365,MI,58594,MIS001,49445
1942010350,MI,58594,MIS001,49445
1407748585,MI,58594,MIS001,49445
1457557647,MI,58594,MIS001,49445
1487470456,MI,58594,MIS001,49445
1528399714,MI,58594,MIS001,49445
1922661313,MI,58594,MIS001,49445
1316772940,MI,58594,MIS001,49442
1326817313,MI,58594,MIS001,49442
1669098810,MI,58594,MIS001,49442
1003128471,MI,58594,MIS001,49442
1134501562,MI,58594,MIS001,49442
1912911108,MI,58594,MIS001,49442
1023528676,MI,58594,MIS001,49442
1073089991,MI,58594,MIS001,48371
1285808535,MI,58594,MIS001,48371
1760660419,MI,58594,MIS001,48371
1801325089,MI,58594,MIS001,48371
1952912511,OR,71287,ORS004,97361
1952912511,OR,71287,ORS001,97361
1578677647,OR,71287,ORS004,97408
1265626733,OR,71287,ORS004,97333
1538993217,MI,58594,MIS001,48371
1043345721,OR,71287,ORS004,97361
1265559728,OR,71287,ORS004,97361
1336722081,OR,71287,ORS004,97361
1699050492,OR,71287,ORS004,97361
1578677647,OR,71287,ORS001,97408
1043345721,OR,71287,ORS001,97361
1265559728,OR,71287,ORS001,97361
1336722081,OR,71287,ORS001,97361
1699050492,OR,71287,ORS001,97361
1265626733,OR,71287,ORS001,97333
1124631940,OR,71287,ORS004,97321
1245978501,OR,71287,ORS004,97321
1538467766,OR,71287,ORS004,97321
1861556425,OR,71287,ORS004,97321
1902387756,OR,71287,ORS004,97321
1124631940,OR,71287,ORS001,97321
1245978501,OR,71287,ORS001,97321
1538467766,OR,71287,ORS001,97321
1861556425,OR,71287,ORS001,97321
1902387756,OR,71287,ORS001,97321
1508516238,OR,71287,ORS004,97333
1790001691,OR,71287,ORS004,97405
1841934759,OR,71287,ORS004,97330
1790001691,OR,71287,ORS001,97405
1841934759,OR,71287,ORS001,97330
1508516238,OR,71287,ORS001,97333
1215640784,OR,71287,ORS004,97355
1215640784,OR,71287,ORS001,97355
1376861112,MI,58594,MIS001,48455
1417348970,MI,58594,MIS001,48455
1437170529,MI,58594,MIS001,48455
1497798326,MI,58594,MIS001,48455
1932486875,MI,29698,MIS005,49015
1124607007,MI,58594,MIS001,49441
1144819848,MI,58594,MIS001,49441
1295256063,MI,58594,MIS001,49441
1326595257,MI,58594,MIS001,49441
1396711560,MI,58594,MIS001,49441
1487069233,MI,58594,MIS001,49441
1548236888,MI,58594,MIS001,49441
1710957790,MI,58594,MIS001,49441
1861868580,MI,58594,MIS001,49441
1922445022,MI,58594,MIS001,49441
1932186624,MI,58594,MIS001,49441
1952857872,MI,58594,MIS001,49441
1972361459,MI,58594,MIS001,49441
1174924948,MI,58594,MIS001,49441
1285013482,MI,58594,MIS001,49441
1386098804,MI,58594,MIS001,49441
1609853399,MI,58594,MIS001,49441
1689151680,MI,58594,MIS001,49441
1174599344,MI,58594,MIS001,49441
1255892766,MI,58594,MIS001,49441
1528048212,MI,58594,MIS001,49441
1538511621,MI,58594,MIS001,49441
1609443803,MI,58594,MIS001,49441
1679245401,MI,58594,MIS001,49441
1790460897,MI,58594,MIS001,49441
1992209522,MI,58594,MIS001,49441
1740284330,MI,58594,MIS001,49441
1114334448,MI,58594,MIS001,48455
1457986036,MI,58594,MIS001,49451
1871048934,MI,58594,MIS001,49451
1366256224,MI,58594,MIS001,49441
1669280384,MI,58594,MIS001,49441
1801600218,MI,58594,MIS001,49441
1902690365,MI,58594,MIS001,49441
1942010350,MI,58594,MIS001,49441
1689318594,MI,58594,MIS001,49441
1770937989,MI,58594,MIS001,49441
1851617708,MI,58594,MIS001,49441
1730706516,MI,58594,MIS001,49441
1104962513,OR,71287,ORS004,97405
1730049529,OR,71287,ORS004,97405
1700867983,OR,56707,ORS002,97132
1932297371,OR,56707,ORS002,97132
1104962513,OR,71287,ORS001,97405
1730049529,OR,71287,ORS001,97405
1730141532,TX,66252,TXS002,78666
1730141532,TX,66252,TXS001,78666
1578097499,MI,58594,MIS001,49441
1013984566,MI,29698,MIS007,49201
1144780255,OR,71287,ORS004,97455
1477816908,OR,71287,ORS004,97455
1659685741,MI,29698,MIS003,49348
1093030991,MI,58594,MIS001,49441
1750837589,MI,58594,MIS001,49441
1831637115,MI,58594,MIS001,49441
1144780255,OR,71287,ORS001,97455
1477816908,OR,71287,ORS001,97455
1447849419,OR,71287,ORS004,97360
1649994286,OR,71287,ORS004,97360
1881670511,OR,71287,ORS004,97360
1750585857,OR,71287,ORS004,97330
1447849419,OR,71287,ORS001,97360
1649994286,OR,71287,ORS001,97360
1881670511,OR,71287,ORS001,97360
1750585857,OR,71287,ORS001,97330
1457348856,MI,58594,MIS001,48462
1366679961,MI,29698,MIS003,49348
1598792814,MI,58594,MIS001,48441
1609081363,MI,58594,MIS001,48441
1609962778,MI,58594,MIS001,48441
1821204389,MI,58594,MIS001,48441
1831203256,MI,58594,MIS001,48441
1134451784,OR,71287,ORS004,97360
1275708000,OR,71287,ORS004,97360
1134451784,OR,71287,ORS001,97360
1275708000,OR,71287,ORS001,97360
1447491121,OR,71287,ORS004,97360
1457865388,OR,71287,ORS004,97360
1568225738,OR,71287,ORS004,97360
1629721014,OR,71287,ORS004,97360
1942640636,MI,58594,MIS001,48441
1255369765,OR,71287,ORS004,97330
1346566395,OR,71287,ORS004,97330
1447491121,OR,71287,ORS001,97360
1457865388,OR,71287,ORS001,97360
1568225738,OR,71287,ORS001,97360
1629721014,OR,71287,ORS001,97360
1255369765,OR,71287,ORS001,97330
1346566395,OR,71287,ORS001,97330
1508443532,OR,71287,ORS004,97330
1508443532,OR,71287,ORS001,97330
1124418439,MI,58594,MIS001,49440
1497278212,MI,58594,MIS001,49440
1730837873,MI,29698,MIS005,49037
1912335076,MI,29698,MIS005,49037
1518972025,OR,71287,ORS004,97477
1699566117,OR,71287,ORS004,97477
1750140711,OR,71287,ORS004,97477
1851710669,OR,71287,ORS004,97477
1548338841,OR,71287,ORS004,97477
1770923591,OR,71287,ORS004,97477
1205678745,OR,71287,ORS004,97477
1174004964,OR,71287,ORS004,97477
1275363855,OR,71287,ORS004,97477
1356163240,OR,71287,ORS004,97477
1598575136,OR,71287,ORS004,97477
1821949223,OR,71287,ORS004,97477
1952148884,OR,71287,ORS004,97477
1518972025,OR,71287,ORS001,97477
1699566117,OR,71287,ORS001,97477
1750140711,OR,71287,ORS001,97477
1851710669,OR,71287,ORS001,97477
1548338841,OR,71287,ORS001,97477
1770923591,OR,71287,ORS001,97477
1205678745,OR,71287,ORS001,97477
1174004964,OR,71287,ORS001,97477
1275363855,OR,71287,ORS001,97477
1356163240,OR,71287,ORS001,97477
1598575136,OR,71287,ORS001,97477
1821949223,OR,71287,ORS001,97477
1952148884,OR,71287,ORS001,97477
1528124195,OR,71287,ORS004,97355
1528124195,OR,71287,ORS001,97355
1366685141,MI,29698,MIS003,49423
1083389126,OR,71287,ORS004,97401
1750011722,OR,71287,ORS004,97401
1083389126,OR,71287,ORS001,97401
1750011722,OR,71287,ORS001,97401
1124558168,MI,29698,MIS003,49423
1215129754,MI,29698,MIS003,49423
1245208883,MI,29698,MIS003,49423
1275893976,MI,29698,MIS003,49423
1306295936,MI,29698,MIS003,49423
1346248564,MI,29698,MIS003,49423
1366401325,MI,29698,MIS003,49423
1396836862,MI,29698,MIS003,49423
1467499111,MI,29698,MIS003,49423
1548780398,MI,29698,MIS003,49423
1568725190,MI,29698,MIS003,49423
1619133014,MI,29698,MIS003,49423
1619990850,MI,29698,MIS003,49423
1679587661,MI,29698,MIS003,49423
1750642831,MI,29698,MIS003,49423
1801440052,MI,29698,MIS003,49423
1922025725,MI,29698,MIS003,49423
1942862107,MI,29698,MIS003,49423
1508061722,MI,29698,MIS003,49423
1639495690,MI,29698,MIS003,49423
1710480967,MI,29698,MIS003,49423
1750157525,MI,29698,MIS003,49423
1851329007,MI,29698,MIS003,49423
1902059504,MI,29698,MIS003,49423
1013120633,MI,29698,MIS003,49423
1013563204,MI,29698,MIS003,49423
1295359545,MI,29698,MIS003,49423
1528534716,MI,29698,MIS003,49423
1578083259,MI,29698,MIS003,49423
1710927728,MI,29698,MIS003,49423
1740463702,MI,29698,MIS003,49423
1770593741,MI,29698,MIS003,49423
1083952998,MI,29698,MIS003,49423
1104159383,MI,29698,MIS003,49423
1205990520,MI,29698,MIS003,49423
1245897834,MI,29698,MIS003,49423
1265498398,MI,29698,MIS003,49423
1346226495,MI,29698,MIS003,49423
1437644655,MI,29698,MIS003,49423
1609281401,MI,29698,MIS003,49423
1730173436,MI,29698,MIS003,49423
1902065287,MI,29698,MIS003,49423
1801924618,OR,71287,ORS004,97401
1609318856,OR,77969,ORS002,97051
1801924618,OR,71287,ORS001,97401
1720596398,OR,56707,ORS002,97132
1619043841,OR,71287,ORS004,97401
1619043841,OR,71287,ORS001,97401
1508249129,MI,29698,MIS003,49423
1588158786,MI,29698,MIS003,49423
1649765959,MI,29698,MIS003,49423
1336350990,MI,29698,MIS003,49423
1154824845,MI,58594,MIS001,48371
1003807561,OR,71287,ORS004,97401
1154302099,OR,71287,ORS004,97401
1285331090,OR,71287,ORS004,97401
1427888577,OR,71287,ORS004,97401
1518590298,OR,71287,ORS004,97401
1679142152,OR,71287,ORS004,97401
1952162075,OR,71287,ORS004,97401
1003807561,OR,71287,ORS001,97401
1154302099,OR,71287,ORS001,97401
1285331090,OR,71287,ORS001,97401
1427888577,OR,71287,ORS001,97401
1518590298,OR,71287,ORS001,97401
1679142152,OR,71287,ORS001,97401
1952162075,OR,71287,ORS001,97401
1255053989,OR,71287,ORS004,97401
1316822687,OR,71287,ORS004,97401
1710579784,OR,56707,ORS002,97123
1114909371,OR,56707,ORS002,97123
1255053989,OR,71287,ORS001,97401
1316822687,OR,71287,ORS001,97401
1003318924,MI,29698,MIS003,49423
1053703769,MI,29698,MIS003,49423
1245907203,MI,29698,MIS003,49423
1285525071,MI,29698,MIS003,49423
1356084453,MI,29698,MIS003,49423
1396610820,MI,29698,MIS003,49423
1457608747,MI,29698,MIS003,49423
1467036764,MI,29698,MIS003,49423
1558985127,MI,29698,MIS003,49423
1588015861,MI,29698,MIS003,49423
1619549276,MI,29698,MIS003,49423
1639426364,MI,29698,MIS003,49423
1679214233,MI,29698,MIS003,49423
1700573854,MI,29698,MIS003,49423
1710265103,MI,29698,MIS003,49423
1770225179,MI,29698,MIS003,49423
1801591672,MI,29698,MIS003,49423
1841813862,MI,29698,MIS003,49423
1891067013,MI,29698,MIS003,49423
1891178778,MI,29698,MIS003,49423
1962146647,MI,29698,MIS003,49423
1033642095,MI,29698,MIS003,49423
1205377504,MI,29698,MIS003,49423
1225696404,MI,29698,MIS003,49423
1699240184,OR,56707,ORS002,97132
1124460217,OR,71287,ORS004,97448
1144393133,OR,71287,ORS004,97448
1295138444,OR,71287,ORS004,97448
1316188006,OR,71287,ORS004,97448
1336692813,OR,71287,ORS004,97448
1356452031,OR,71287,ORS004,97448
1376935270,OR,71287,ORS004,97448
1396320396,OR,71287,ORS004,97448
1427805282,OR,71287,ORS004,97448
1447034483,OR,71287,ORS004,97448
1528516986,OR,71287,ORS004,97448
1124460217,OR,71287,ORS001,97448
1144393133,OR,71287,ORS001,97448
1295138444,OR,71287,ORS001,97448
1316188006,OR,71287,ORS001,97448
1336692813,OR,71287,ORS001,97448
1356452031,OR,71287,ORS001,97448
1376935270,OR,71287,ORS001,97448
1396320396,OR,71287,ORS001,97448
1427805282,OR,71287,ORS001,97448
1447034483,OR,71287,ORS001,97448
1528516986,OR,71287,ORS001,97448
1750769790,OR,71287,ORS004,97448
1841935848,OR,71287,ORS004,97448
1851849954,OR,71287,ORS004,97448
1891001897,OR,71287,ORS004,97448
1891972568,OR,71287,ORS004,97448
1922250364,OR,71287,ORS004,97448
1134922628,OR,71287,ORS004,97448
1417595653,OR,71287,ORS004,97448
1497631576,OR,71287,ORS004,97448
1942037841,OR,71287,ORS004,97448
1083343610,OR,56707,ORS002,97123
1568156081,OR,56707,ORS002,97123
1629476825,OR,56707,ORS002,97123
1760616460,OR,56707,ORS002,97123
1750769790,OR,71287,ORS001,97448
1841935848,OR,71287,ORS001,97448
1851849954,OR,71287,ORS001,97448
1891001897,OR,71287,ORS001,97448
1891972568,OR,71287,ORS001,97448
1922250364,OR,71287,ORS001,97448
1134922628,OR,71287,ORS001,97448
1417595653,OR,71287,ORS001,97448
1497631576,OR,71287,ORS001,97448
1942037841,OR,71287,ORS001,97448
1033588363,OR,71287,ORS004,97402
1043351992,OR,71287,ORS004,97402
1083603575,OR,71287,ORS004,97402
1124091095,OR,71287,ORS004,97402
1164520870,OR,71287,ORS004,97402
1174501761,OR,71287,ORS004,97402
1174834832,OR,71287,ORS004,97402
1205991916,OR,71287,ORS004,97402
1265410799,OR,71287,ORS004,97402
1265641393,OR,71287,ORS004,97402
1316925829,OR,71287,ORS004,97402
1336119494,OR,71287,ORS004,97402
1356399190,OR,71287,ORS004,97402
1497719165,OR,71287,ORS004,97402
1518251370,OR,71287,ORS004,97402
1538345145,OR,71287,ORS004,97402
1558656199,OR,71287,ORS004,97402
1578714861,OR,71287,ORS004,97402
1619125341,OR,71287,ORS004,97402
1619405305,OR,71287,ORS004,97402
1629481734,OR,71287,ORS004,97402
1740335728,OR,71287,ORS004,97402
1821067489,OR,71287,ORS004,97402
1912396086,OR,71287,ORS004,97402
1952412702,OR,71287,ORS004,97402
1033588363,OR,71287,ORS001,97402
1043351992,OR,71287,ORS001,97402
1083603575,OR,71287,ORS001,97402
1124091095,OR,71287,ORS001,97402
1164520870,OR,71287,ORS001,97402
1174501761,OR,71287,ORS001,97402
1174834832,OR,71287,ORS001,97402
1205991916,OR,71287,ORS001,97402
1265410799,OR,71287,ORS001,97402
1265641393,OR,71287,ORS001,97402
1316925829,OR,71287,ORS001,97402
1336119494,OR,71287,ORS001,97402
1356399190,OR,71287,ORS001,97402
1497719165,OR,71287,ORS001,97402
1518251370,OR,71287,ORS001,97402
1538345145,OR,71287,ORS001,97402
1558656199,OR,71287,ORS001,97402
1578714861,OR,71287,ORS001,97402
1619125341,OR,71287,ORS001,97402
1619405305,OR,71287,ORS001,97402
1629481734,OR,71287,ORS001,97402
1740335728,OR,71287,ORS001,97402
1821067489,OR,71287,ORS001,97402
1912396086,OR,71287,ORS001,97402
1952412702,OR,71287,ORS001,97402
1174905632,MI,58594,MIS001,48371
1184826083,MI,58594,MIS001,48371
1528258761,MI,58594,MIS001,48371
1629595186,MI,58594,MIS001,48371
1750818308,MI,58594,MIS001,48371
1770115511,MI,58594,MIS001,48371
1295138444,OR,71287,ORS004,97478
1316188006,OR,71287,ORS004,97478
1336903954,OR,71287,ORS004,97478
1396320396,OR,71287,ORS004,97478
1417422031,OR,71287,ORS004,97478
1528516986,OR,71287,ORS004,97478
1760012165,OR,71287,ORS004,97478
1891972568,OR,71287,ORS004,97478
1902275639,OR,71287,ORS004,97478
1922587450,OR,71287,ORS004,97478
1962161638,OR,71287,ORS004,97478
1295138444,OR,71287,ORS001,97478
1316188006,OR,71287,ORS001,97478
1336903954,OR,71287,ORS001,97478
1396320396,OR,71287,ORS001,97478
1417422031,OR,71287,ORS001,97478
1528516986,OR,71287,ORS001,97478
1760012165,OR,71287,ORS001,97478
1891972568,OR,71287,ORS001,97478
1902275639,OR,71287,ORS001,97478
1922587450,OR,71287,ORS001,97478
1962161638,OR,71287,ORS001,97478
1144201872,MI,58594,MIS001,49456
1194975532,MI,58594,MIS001,49456
1023752508,MI,58594,MIS001,48371
1336883040,MI,58594,MIS001,48371
1891172987,MI,58594,MIS001,48371
1386419745,OR,71287,ORS004,97478
1417595653,OR,71287,ORS004,97478
1700401320,OR,71287,ORS004,97478
1942037841,OR,71287,ORS004,97478
1023483419,OR,71287,ORS004,97402
1760167324,OR,71287,ORS004,97402
1386419745,OR,71287,ORS001,97478
1417595653,OR,71287,ORS001,97478
1700401320,OR,71287,ORS001,97478
1942037841,OR,71287,ORS001,97478
1023483419,OR,71287,ORS001,97402
1760167324,OR,71287,ORS001,97402
1083670087,MI,29698,MIS007,49202
1316242399,OR,71287,ORS004,97402
1942639323,OR,71287,ORS004,97424
1316242399,OR,71287,ORS001,97402
1942639323,OR,71287,ORS001,97424
1720242175,MI,29698,MIS003,49423
1952371940,OR,71287,ORS004,97408
1730239492,MI,58594,MIS001,48472
1952371940,OR,71287,ORS001,97408
1073996112,MI,58594,MIS001,49440
1053131276,OR,71287,ORS004,97401
1174150999,OR,71287,ORS004,97401
1255912952,OR,71287,ORS004,97401
1326521196,OR,71287,ORS004,97401
1447662796,OR,71287,ORS004,97401
1457428484,OR,71287,ORS004,97401
1477836351,OR,71287,ORS004,97401
1487926515,OR,71287,ORS004,97401
1508013269,OR,71287,ORS004,97401
1538573464,OR,71287,ORS004,97401
1588551899,OR,71287,ORS004,97401
1770662736,OR,71287,ORS004,97401
1790983328,OR,71287,ORS004,97401
1891143285,OR,71287,ORS004,97401
1942293998,OR,71287,ORS004,97401
1003276916,MI,58594,MIS001,49412
1023478401,MI,58594,MIS001,49412
1043602576,MI,58594,MIS001,49412
1053641332,MI,58594,MIS001,49412
1386023083,MI,58594,MIS001,49412
1538743778,MI,58594,MIS001,49412
1568194884,MI,58594,MIS001,49412
1639507577,MI,58594,MIS001,49412
1760750210,MI,58594,MIS001,49412
1861010076,MI,58594,MIS001,49412
1992943757,MI,58594,MIS001,49412
1053131276,OR,71287,ORS001,97401
1174150999,OR,71287,ORS001,97401
1255912952,OR,71287,ORS001,97401
1326521196,OR,71287,ORS001,97401
1447662796,OR,71287,ORS001,97401
1457428484,OR,71287,ORS001,97401
1477836351,OR,71287,ORS001,97401
1487926515,OR,71287,ORS001,97401
1508013269,OR,71287,ORS001,97401
1538573464,OR,71287,ORS001,97401
1588551899,OR,71287,ORS001,97401
1770662736,OR,71287,ORS001,97401
1790983328,OR,71287,ORS001,97401
1891143285,OR,71287,ORS001,97401
1942293998,OR,71287,ORS001,97401
1871382176,OR,71287,ORS004,97321
1669470266,MI,58594,MIS001,48371
1871382176,OR,71287,ORS001,97321
1427450774,MI,58594,MIS001,49251
1922472315,MI,58594,MIS001,49251
1609276781,OR,77969,ORS002,97054
1720456395,OR,77969,ORS002,97054
1902395874,OR,77969,ORS002,97054
1871996918,MI,58594,MIS001,49441
1295136919,MI,29698,MIS005,49015
1003857426,MI,58594,MIS001,49441
1194284067,MI,58594,MIS001,49441
1942910112,MI,58594,MIS001,49441
1730239492,MI,58594,MIS001,48469
1003856113,MI,29698,MIS003,49423
1053383919,MI,29698,MIS003,49423
1245681873,MI,29698,MIS003,49423
1437604212,MI,29698,MIS003,49423
1689056715,MI,29698,MIS003,49423
1871758581,MI,29698,MIS003,49423
1184238347,MI,29698,MIS003,49423
1508248873,MI,29698,MIS003,49423
1740613926,MI,29698,MIS003,49423
1790790517,MI,29698,MIS003,49423
1891900965,MI,29698,MIS003,49423
1184367054,MI,29698,MIS003,49423
1306223284,MI,29698,MIS003,49423
1437733102,MI,29698,MIS003,49423
1588088553,MI,29698,MIS003,49423
1639702079,MI,29698,MIS003,49423
1689370652,MI,29698,MIS003,49423
1013117209,MI,58594,MIS001,49412
1215394580,MI,58594,MIS001,49412
1457724965,MI,58594,MIS001,49412
1528791647,MI,58594,MIS001,49412
1942589874,MI,58594,MIS001,49412
1427113778,MI,58594,MIS001,48656
1790983609,MI,29698,MIS005,49068
1164635314,OR,71287,ORS004,97330
1164635314,OR,71287,ORS001,97330
1245846849,OR,77969,ORS002,97071
1598801292,OR,71287,ORS004,97404
1669599148,OR,71287,ORS004,97404
1598801292,OR,71287,ORS001,97404
1669599148,OR,71287,ORS001,97404
1205886025,OR,71287,ORS004,97330
1205886025,OR,71287,ORS001,97330
1346849205,MI,29698,MIS007,49201
1538830641,MI,29698,MIS007,49201
1225801301,MI,29698,MIS007,49201
1356228340,MI,29698,MIS007,49201
1508757527,MI,29698,MIS007,49201
1548226624,MI,29698,MIS007,49201
1326376138,OR,71287,ORS004,97401
1326376138,OR,71287,ORS001,97401
1457558041,MI,29698,MIS005,49015
1871504506,MI,29698,MIS005,49015
1417278920,OR,71287,ORS004,97404
1578288890,OR,71287,ORS004,97404
1922727957,OR,71287,ORS004,97404
1417278920,OR,71287,ORS001,97404
1578288890,OR,71287,ORS001,97404
1922727957,OR,71287,ORS001,97404
1225573579,MI,29698,MIS005,49068
1518028018,MI,29698,MIS005,49068
1871169573,MI,29698,MIS005,49015
1053274936,OR,71287,ORS004,97404
1689551194,OR,71287,ORS004,97404
1780085852,OR,71287,ORS004,97424
1053274936,OR,71287,ORS001,97404
1689551194,OR,71287,ORS001,97404
1780085852,OR,71287,ORS001,97424
1396749719,MI,58594,MIS001,48462
1881771152,MI,29698,MIS007,49230
1184622300,OR,71287,ORS004,97401
1225115843,OR,71287,ORS004,97401
1275640476,OR,71287,ORS004,97401
1275997967,OR,71287,ORS004,97401
1619961422,OR,71287,ORS004,97401
1740575091,OR,71287,ORS004,97401
1831400738,OR,71287,ORS004,97401
1992007298,OR,71287,ORS004,97401
1003241084,OR,71287,ORS004,97401
1063511087,OR,71287,ORS004,97401
1093918658,OR,71287,ORS004,97401
1144937442,OR,71287,ORS004,97401
1285324756,OR,71287,ORS004,97401
1316911274,OR,71287,ORS004,97401
1962689695,OR,71287,ORS004,97401
1699173724,MI,58594,MIS001,49441
1184622300,OR,71287,ORS001,97401
1225115843,OR,71287,ORS001,97401
1275640476,OR,71287,ORS001,97401
1275997967,OR,71287,ORS001,97401
1619961422,OR,71287,ORS001,97401
1740575091,OR,71287,ORS001,97401
1831400738,OR,71287,ORS001,97401
1992007298,OR,71287,ORS001,97401
1003241084,OR,71287,ORS001,97401
1063511087,OR,71287,ORS001,97401
1093918658,OR,71287,ORS001,97401
1144937442,OR,71287,ORS001,97401
1285324756,OR,71287,ORS001,97401
1316911274,OR,71287,ORS001,97401
1962689695,OR,71287,ORS001,97401
1023909330,OR,71287,ORS004,97401
1023909330,OR,71287,ORS001,97401
1003252404,OR,71287,ORS004,97383
1053323170,OR,71287,ORS004,97383
1053754390,OR,71287,ORS004,97383
1164862017,OR,71287,ORS004,97383
1184607285,OR,71287,ORS004,97383
1205342391,OR,71287,ORS004,97383
1336119635,OR,71287,ORS004,97383
1336761808,OR,71287,ORS004,97383
1366492886,OR,71287,ORS004,97383
1366770117,OR,71287,ORS004,97383
1376500710,OR,71287,ORS004,97383
1407103286,OR,71287,ORS004,97383
1407242977,OR,71287,ORS004,97383
1417310418,OR,71287,ORS004,97383
1427366632,OR,71287,ORS004,97383
1548676984,OR,71287,ORS004,97383
1629273594,OR,71287,ORS004,97383
1659942597,OR,71287,ORS004,97383
1679907323,OR,71287,ORS004,97383
1700016540,OR,71287,ORS004,97383
1700516432,OR,71287,ORS004,97383
1700820784,OR,71287,ORS004,97383
1740737725,OR,71287,ORS004,97383
1801831136,OR,71287,ORS004,97383
1851779870,OR,71287,ORS004,97383
1881075513,OR,71287,ORS004,97383
1881275006,OR,71287,ORS004,97383
1881937118,OR,71287,ORS004,97383
1932560067,OR,71287,ORS004,97383
1962475194,OR,71287,ORS004,97383
1962842823,OR,71287,ORS004,97383
1982011508,OR,71287,ORS004,97383
1447849419,OR,71287,ORS004,97383
1619926011,OR,71287,ORS004,97383
1679040026,OR,71287,ORS004,97383
1699875278,OR,71287,ORS004,97383
1023015104,MI,58594,MIS001,48651
1750501367,MI,58594,MIS001,48651
1003252404,OR,71287,ORS001,97383
1053323170,OR,71287,ORS001,97383
1053754390,OR,71287,ORS001,97383
1164862017,OR,71287,ORS001,97383
1184607285,OR,71287,ORS001,97383
1205342391,OR,71287,ORS001,97383
1336119635,OR,71287,ORS001,97383
1336761808,OR,71287,ORS001,97383
1366492886,OR,71287,ORS001,97383
1366770117,OR,71287,ORS001,97383
1376500710,OR,71287,ORS001,97383
1407103286,OR,71287,ORS001,97383
1407242977,OR,71287,ORS001,97383
1417310418,OR,71287,ORS001,97383
1427366632,OR,71287,ORS001,97383
1548676984,OR,71287,ORS001,97383
1629273594,OR,71287,ORS001,97383
1659942597,OR,71287,ORS001,97383
1679907323,OR,71287,ORS001,97383
1700016540,OR,71287,ORS001,97383
1700516432,OR,71287,ORS001,97383
1700820784,OR,71287,ORS001,97383
1740737725,OR,71287,ORS001,97383
1801831136,OR,71287,ORS001,97383
1851779870,OR,71287,ORS001,97383
1881075513,OR,71287,ORS001,97383
1881275006,OR,71287,ORS001,97383
1881937118,OR,71287,ORS001,97383
1932560067,OR,71287,ORS001,97383
1962475194,OR,71287,ORS001,97383
1962842823,OR,71287,ORS001,97383
1982011508,OR,71287,ORS001,97383
1447849419,OR,71287,ORS001,97383
1619926011,OR,71287,ORS001,97383
1679040026,OR,71287,ORS001,97383
1699875278,OR,71287,ORS001,97383
1093120594,MI,58594,MIS001,49441
1497102800,MI,58594,MIS001,49441
1659347094,MI,58594,MIS001,48462
1174092662,MI,29698,MIS007,49202
1184016073,MI,29698,MIS007,49202
1700456076,MI,29698,MIS007,49202
1063263440,MI,29698,MIS007,49202
1518520360,MI,29698,MIS007,49203
1497907778,MI,29698,MIS007,49203
1043993793,OR,71287,ORS004,97401
1255367264,OR,71287,ORS004,97401
1346814936,OR,71287,ORS004,97401
1376199638,OR,71287,ORS004,97401
1568030567,OR,71287,ORS004,97401
1588720510,OR,71287,ORS004,97401
1043993793,OR,71287,ORS001,97401
1255367264,OR,71287,ORS001,97401
1346814936,OR,71287,ORS001,97401
1376199638,OR,71287,ORS001,97401
1568030567,OR,71287,ORS001,97401
1588720510,OR,71287,ORS001,97401
1194723064,OR,56707,ORS002,97123
1811047756,OR,56707,ORS002,97123
1932789831,OR,56707,ORS002,97123
1992586630,OR,56707,ORS002,97123
1386735447,MI,58594,MIS001,49444
1154799070,MI,58594,MIS001,49444
1225200165,MI,58594,MIS001,49444
1245369016,MI,58594,MIS001,49444
1255909560,MI,58594,MIS001,49444
1659860872,MI,58594,MIS001,49444
1669634788,MI,58594,MIS001,49444
1689837247,MI,58594,MIS001,49444
1881199826,MI,58594,MIS001,49444
1972517183,MI,58594,MIS001,49444
1205275765,MI,58594,MIS001,49444
1225000912,MI,58594,MIS001,49444
1821436924,MI,58594,MIS001,49444
1124437611,TX,66252,TXS002,78666
1578622890,OR,71287,ORS004,97401
1093732653,OR,71287,ORS004,97401
1184649303,OR,71287,ORS004,97401
1356834436,OR,71287,ORS004,97401
1679594089,OR,71287,ORS004,97401
1891268041,OR,71287,ORS004,97401
1902000599,OR,71287,ORS004,97401
1902800733,OR,71287,ORS004,97401
1124437611,TX,66252,TXS001,78666
1578622890,OR,71287,ORS001,97401
1093732653,OR,71287,ORS001,97401
1184649303,OR,71287,ORS001,97401
1356834436,OR,71287,ORS001,97401
1679594089,OR,71287,ORS001,97401
1891268041,OR,71287,ORS001,97401
1902000599,OR,71287,ORS001,97401
1902800733,OR,71287,ORS001,97401
1700695996,MI,58594,MIS001,49444
1821525429,MI,58594,MIS001,49444
1326701426,TX,66252,TXS002,78666
1750766572,TX,66252,TXS002,78666
1083130058,OR,71287,ORS004,97477
1326701426,TX,66252,TXS001,78666
1750766572,TX,66252,TXS001,78666
1083130058,OR,71287,ORS001,97477
1174340152,TX,66252,TXS002,78666
1235584962,MI,29698,MIS007,49201
1336415272,MI,29698,MIS007,49201
1376603787,MI,29698,MIS007,49201
1396010922,MI,29698,MIS007,49201
1720148133,MI,29698,MIS007,49201
1740506351,MI,29698,MIS007,49201
1861401622,MI,29698,MIS007,49201
1922217793,MI,29698,MIS007,49201
1174340152,TX,66252,TXS001,78666
1639123557,MI,58594,MIS001,49456
1902880073,MI,58594,MIS001,49456
1700863370,MI,58594,MIS001,49456
1952583841,MI,58594,MIS001,49456
1043450026,MI,58594,MIS001,49456
1598208134,MI,58594,MIS001,49456
1003208364,MI,58594,MIS001,49456
1063904811,MI,58594,MIS001,49456
1093484156,MI,58594,MIS001,49456
1164595526,MI,58594,MIS001,49456
1174833750,MI,58594,MIS001,49456
1184283624,MI,58594,MIS001,49456
1194095950,MI,58594,MIS001,49456
1194323436,MI,58594,MIS001,49456
1215652979,MI,58594,MIS001,49456
1306373840,MI,58594,MIS001,49456
1396069761,MI,58594,MIS001,49456
1518589126,MI,58594,MIS001,49456
1609169556,MI,58594,MIS001,49456
1619244746,MI,58594,MIS001,49456
1639885924,MI,58594,MIS001,49456
1659065258,MI,58594,MIS001,49456
1780306456,MI,58594,MIS001,49456
1801561766,MI,58594,MIS001,49456
1871967018,MI,58594,MIS001,49456
1932703758,MI,58594,MIS001,49456
1942371745,MI,58594,MIS001,49456
1942857552,MI,58594,MIS001,49456
1295843571,MI,29698,MIS005,49068
1295776953,MI,58594,MIS001,48647
1730558578,MI,58594,MIS001,48647
1093752644,MI,58594,MIS001,48827
1710924360,MI,58594,MIS001,48827
1508196510,MI,58594,MIS001,48647
1598063299,MI,58594,MIS001,48647
1861202574,MI,58594,MIS001,48647
1346930013,MI,58594,MIS001,49412
1134625502,MI,29698,MIS007,49202
1215339668,MI,29698,MIS007,49202
1215904255,MI,29698,MIS007,49202
1285763698,MI,29698,MIS007,49202
1295342913,MI,29698,MIS007,49202
1457437469,MI,29698,MIS007,49202
1568999464,MI,29698,MIS007,49202
1659905156,MI,29698,MIS007,49202
1205499902,MI,29698,MIS007,49202
1730531146,MI,29698,MIS007,49202
1770746943,MI,29698,MIS007,49202
1952573602,MI,29698,MIS007,49202
1457707903,OR,71287,ORS004,97330
1457707903,OR,71287,ORS001,97330
1528447968,MI,29698,MIS007,49201
1588125520,MI,29698,MIS007,49201
1104593318,MI,29698,MIS007,49201
1356686612,MI,29698,MIS007,49201
1558959239,MI,29698,MIS007,49201
1588403463,MI,29698,MIS007,49201
1770031320,MI,29698,MIS007,49201
1831874569,MI,29698,MIS007,49201
1932953742,MI,29698,MIS007,49201
1063808731,MI,29698,MIS007,49201
1194754085,MI,29698,MIS007,49201
1275627366,MI,29698,MIS007,49201
1568090058,MI,29698,MIS007,49201
1588739221,MI,29698,MIS007,49201
1851735831,MI,29698,MIS007,49201
1851597827,MI,29698,MIS007,49201
1033839477,MI,29698,MIS007,49201
1225222946,MI,29698,MIS007,49201
1437651478,MI,29698,MIS007,49201
1710654744,MI,29698,MIS007,49201
1548367808,MI,29698,MIS007,49201
1598076739,MI,29698,MIS007,49201
1023742467,MI,29698,MIS007,49201
1043543747,MI,29698,MIS007,49201
1093277915,MI,29698,MIS007,49201
1154313336,MI,29698,MIS007,49201
1306370333,MI,29698,MIS007,49201
1326026196,MI,29698,MIS007,49201
1487073433,MI,29698,MIS007,49201
1578901526,MI,29698,MIS007,49201
1679922876,MI,29698,MIS007,49201
1740664218,MI,29698,MIS007,49201
1841785359,MI,29698,MIS007,49201
1881165835,MI,29698,MIS007,49201
1952373078,MI,29698,MIS007,49201
1073773156,MI,29698,MIS007,49201
1205814860,MI,29698,MIS007,49201
1437374931,MI,29698,MIS007,49201
1578855847,MI,29698,MIS007,49201
1982138442,MI,29698,MIS007,49201
1689744302,MI,29698,MIS007,49201
1205559655,MI,29698,MIS007,49201
1497375091,MI,29698,MIS007,49201
1841635570,MI,29698,MIS007,49201
1346082039,MI,29698,MIS007,49201
1407211428,MI,29698,MIS007,49201
1740049576,MI,29698,MIS007,49201
1063973766,OR,71287,ORS004,97383
1164205142,OR,71287,ORS004,97383
1194522318,OR,71287,ORS004,97383
1568284909,OR,71287,ORS004,97383
1588447569,OR,71287,ORS004,97383
1700923406,OR,71287,ORS004,97383
1962285940,OR,71287,ORS004,97383
1982910550,OR,71287,ORS004,97383
1760599351,OR,71287,ORS004,97383
1003624545,OR,71287,ORS004,97383
1295236792,OR,71287,ORS004,97383
1760104855,OR,71287,ORS004,97383
1891068169,OR,71287,ORS004,97383
1922364512,OR,71287,ORS004,97383
1932554680,OR,71287,ORS004,97383
1154687168,OR,71287,ORS004,97383
1407938889,MI,29698,MIS007,49202
1023682085,MI,29698,MIS007,49202
1063973766,OR,71287,ORS001,97383
1164205142,OR,71287,ORS001,97383
1194522318,OR,71287,ORS001,97383
1568284909,OR,71287,ORS001,97383
1588447569,OR,71287,ORS001,97383
1700923406,OR,71287,ORS001,97383
1962285940,OR,71287,ORS001,97383
1982910550,OR,71287,ORS001,97383
1760599351,OR,71287,ORS001,97383
1003624545,OR,71287,ORS001,97383
1295236792,OR,71287,ORS001,97383
1760104855,OR,71287,ORS001,97383
1891068169,OR,71287,ORS001,97383
1922364512,OR,71287,ORS001,97383
1932554680,OR,71287,ORS001,97383
1154687168,OR,71287,ORS001,97383
1083241228,MI,29698,MIS005,49014
1386687028,MI,29698,MIS005,49014
1285635367,MI,58594,MIS001,49444
1619978707,MI,58594,MIS001,49444
1639137086,MI,58594,MIS001,49444
1760411599,MI,58594,MIS001,49444
1891753224,MI,58594,MIS001,49444
1942620521,MI,58594,MIS001,49444
1548728025,OR,71287,ORS004,97330
1952473928,MI,29698,MIS003,49423
1326305806,MI,29698,MIS003,49423
1548728025,OR,71287,ORS001,97330
1154153013,MI,29698,MIS005,49014
1235834342,MI,29698,MIS005,49014
1487314597,MI,58594,MIS001,49444
1962754259,MI,58594,MIS001,49444
1487678272,MI,58594,MIS001,49444
1912972456,MI,58594,MIS001,49444
1932873262,MI,58594,MIS001,49444
1972571370,MI,58594,MIS001,49444
1023104932,MI,29698,MIS007,49202
1275909509,MI,29698,MIS007,49202
1316686850,MI,29698,MIS007,49202
1366012767,MI,29698,MIS007,49202
1558503615,MI,29698,MIS007,49202
1659735272,MI,29698,MIS007,49202
1710079330,MI,29698,MIS007,49202
1861113078,MI,29698,MIS007,49202
1891988085,MI,29698,MIS007,49202
1124458740,MI,58594,MIS001,49444
1770574634,MI,58594,MIS001,49444
1053873190,TX,66252,TXS002,78666
1265594691,TX,66252,TXS002,78666
1467840405,TX,66252,TXS002,78666
1609877299,TX,66252,TXS002,78666
1689026304,TX,66252,TXS002,78666
1851302798,TX,66252,TXS002,78666
1912355504,TX,66252,TXS002,78666
1952934382,TX,66252,TXS002,78666
1962134338,TX,66252,TXS002,78666
1104407691,MI,58594,MIS001,49442
1053873190,TX,66252,TXS001,78666
1265594691,TX,66252,TXS001,78666
1467840405,TX,66252,TXS001,78666
1609877299,TX,66252,TXS001,78666
1689026304,TX,66252,TXS001,78666
1851302798,TX,66252,TXS001,78666
1912355504,TX,66252,TXS001,78666
1952934382,TX,66252,TXS001,78666
1962134338,TX,66252,TXS001,78666
1881755650,TX,66252,TXS002,78666
1881755650,TX,66252,TXS001,78666
1568104255,TX,66252,TXS002,78666
1568104255,TX,66252,TXS001,78666
1437281474,OR,71287,ORS004,97401
1164652590,OR,77969,ORS002,97051
1831127398,OR,77969,ORS002,97051
1770580045,MI,58594,MIS001,49441
1437281474,OR,71287,ORS001,97401
1255722997,OR,71287,ORS004,97403
1659447860,OR,71287,ORS004,97403
1841820941,OR,71287,ORS004,97403
1952906331,OR,71287,ORS004,97403
1255722997,OR,71287,ORS001,97403
1659447860,OR,71287,ORS001,97403
1841820941,OR,71287,ORS001,97403
1952906331,OR,71287,ORS001,97403
1396871828,OR,71287,ORS004,97401
1669537486,OR,71287,ORS004,97401
1508992363,OR,71287,ORS004,97477
1396871828,OR,71287,ORS001,97401
1669537486,OR,71287,ORS001,97401
1508992363,OR,71287,ORS001,97477
1205111283,TX,66252,TXS002,78666
1639609852,TX,66252,TXS002,78666
1831544642,TX,66252,TXS002,78666
1912583253,TX,66252,TXS002,78666
1295710655,TX,66252,TXS002,78666
1083619936,MI,58594,MIS001,49451
1164784724,MI,58594,MIS001,49451
1346413309,MI,58594,MIS001,49451
1932545886,MI,58594,MIS001,49451
1073673513,MI,58594,MIS001,49456
1336428879,MI,58594,MIS001,49456
1710428974,MI,58594,MIS001,49456
1205111283,TX,66252,TXS001,78666
1639609852,TX,66252,TXS001,78666
1831544642,TX,66252,TXS001,78666
1912583253,TX,66252,TXS001,78666
1295710655,TX,66252,TXS001,78666
1093853863,MI,58594,MIS001,49456
1275751406,MI,58594,MIS001,49456
1386738953,MI,58594,MIS001,49456
1396194908,MI,58594,MIS001,49456
1538768643,MI,58594,MIS001,49456
1629473939,MI,58594,MIS001,49456
1740811165,MI,58594,MIS001,49456
1992210678,MI,58594,MIS001,49456
1033394036,OR,71287,ORS004,97321
1083854400,MI,29698,MIS007,49201
1174656292,MI,29698,MIS007,49201
1336475177,MI,29698,MIS007,49201
1366672370,MI,29698,MIS007,49201
1386820504,MI,29698,MIS007,49201
1639556715,MI,29698,MIS007,49201
1649410564,MI,29698,MIS007,49201
1700047297,MI,29698,MIS007,49201
1700223633,MI,29698,MIS007,49201
1790083574,MI,29698,MIS007,49201
1841377595,MI,29698,MIS007,49201
1841620051,MI,29698,MIS007,49201
1982173159,MI,29698,MIS007,49201
1033394036,OR,71287,ORS001,97321
1033173794,MI,29698,MIS005,49015
1073743118,MI,29698,MIS005,49015
1215616032,MI,29698,MIS005,49015
1295257558,MI,29698,MIS005,49015
1295917946,MI,29698,MIS005,49015
1326074378,MI,29698,MIS005,49015
1376688127,MI,29698,MIS005,49015
1396709523,MI,29698,MIS005,49015
1467017327,MI,29698,MIS005,49015
1770076168,MI,29698,MIS005,49015
1770952087,MI,29698,MIS005,49015
1801060397,MI,29698,MIS005,49015
1861507824,MI,29698,MIS005,49015
1902185358,MI,29698,MIS005,49015
1952301038,MI,29698,MIS005,49015
1548336266,MI,29698,MIS005,49015
1114029071,MI,29698,MIS007,49203
1477095594,MI,29698,MIS007,49203
1891203667,MI,29698,MIS007,49203
1467429050,MI,58594,MIS001,48651
1679070544,MI,58594,MIS001,48651
1770840233,MI,58594,MIS001,48651
1275914244,MI,58594,MIS001,48651
1295776953,MI,58594,MIS001,48651
1447631411,MI,58594,MIS001,48651
1669134706,MI,58594,MIS001,48651
1699921106,MI,58594,MIS001,48651
1700164720,MI,58594,MIS001,48651
1871143685,MI,58594,MIS001,48651
1871908897,MI,58594,MIS001,48651
1003804667,MI,58594,MIS001,49441
1962402883,MI,58594,MIS001,49441
1588651269,MI,58594,MIS001,48653
1255778379,OR,56707,ORS002,97123
1407978943,OR,71287,ORS004,97403
1407978943,OR,71287,ORS001,97403
1770386096,MI,29698,MIS005,49015
1871167759,MI,29698,MIS005,49015
1003448846,MI,58594,MIS001,48651
1023041274,MI,58594,MIS001,48651
1215373451,MI,58594,MIS001,48651
1356981229,MI,58594,MIS001,48651
1508196510,MI,58594,MIS001,48651
1689163107,MI,58594,MIS001,48651
1710466024,MI,58594,MIS001,48651
1811347479,MI,58594,MIS001,48651
1982369120,MI,58594,MIS001,48651
1407386568,MI,58594,MIS001,48653
1023296050,MI,29698,MIS005,49037
1154524338,MI,29698,MIS005,49037
1184673709,MI,29698,MIS005,49037
1396864401,MI,29698,MIS005,49037
1699894709,MI,29698,MIS005,49037
1205446747,OR,71287,ORS004,97322
1265732978,OR,71287,ORS004,97322
1427027754,OR,71287,ORS004,97322
1710662226,OR,71287,ORS004,97322
1205446747,OR,71287,ORS001,97322
1265732978,OR,71287,ORS001,97322
1427027754,OR,71287,ORS001,97322
1710662226,OR,71287,ORS001,97322
1316902562,MI,29698,MIS005,49037
1710056791,OR,56707,ORS002,97123
1225622525,MI,58594,MIS001,48371
1306330154,MI,58594,MIS001,48371
1447698998,MI,58594,MIS001,48371
1629416193,MI,58594,MIS001,48371
1033204870,MI,58594,MIS001,49445
1043972698,MI,58594,MIS001,49445
1235125386,MI,58594,MIS001,49445
1245609452,MI,58594,MIS001,49445
1407225865,MI,58594,MIS001,49445
1619458577,MI,58594,MIS001,49445
1851486211,MI,58594,MIS001,49445
1881241032,MI,58594,MIS001,49445
1891898763,MI,58594,MIS001,49445
1982958427,MI,58594,MIS001,49445
1003249905,OR,71287,ORS004,97477
1093277220,OR,71287,ORS004,97477
1144323619,OR,71287,ORS004,97477
1144461682,OR,71287,ORS004,97477
1306199625,OR,71287,ORS004,97477
1306943196,OR,71287,ORS004,97477
1316019474,OR,71287,ORS004,97477
1366640351,OR,71287,ORS004,97477
1396749859,OR,71287,ORS004,97477
1407951668,OR,71287,ORS004,97477
1447227186,OR,71287,ORS004,97477
1447561899,OR,71287,ORS004,97477
1457616039,OR,71287,ORS004,97477
1477667053,OR,71287,ORS004,97477
1639400997,OR,71287,ORS004,97477
1659341386,OR,71287,ORS004,97477
1659723120,OR,71287,ORS004,97477
1710251723,OR,71287,ORS004,97477
1730700683,OR,71287,ORS004,97477
1760821698,OR,71287,ORS004,97477
1831127018,OR,71287,ORS004,97477
1922568443,OR,71287,ORS004,97477
1942287933,OR,71287,ORS004,97477
1003249905,OR,71287,ORS001,97477
1093277220,OR,71287,ORS001,97477
1144323619,OR,71287,ORS001,97477
1144461682,OR,71287,ORS001,97477
1306199625,OR,71287,ORS001,97477
1306943196,OR,71287,ORS001,97477
1316019474,OR,71287,ORS001,97477
1366640351,OR,71287,ORS001,97477
1396749859,OR,71287,ORS001,97477
1407951668,OR,71287,ORS001,97477
1447227186,OR,71287,ORS001,97477
1447561899,OR,71287,ORS001,97477
1457616039,OR,71287,ORS001,97477
1477667053,OR,71287,ORS001,97477
1639400997,OR,71287,ORS001,97477
1659341386,OR,71287,ORS001,97477
1659723120,OR,71287,ORS001,97477
1710251723,OR,71287,ORS001,97477
1730700683,OR,71287,ORS001,97477
1760821698,OR,71287,ORS001,97477
1831127018,OR,71287,ORS001,97477
1922568443,OR,71287,ORS001,97477
1942287933,OR,71287,ORS001,97477
1326783028,MI,58594,MIS001,48371
1285265868,MI,58594,MIS001,49445
1023104874,OR,71287,ORS004,97477
1083887087,OR,71287,ORS004,97477
1134235567,OR,71287,ORS004,97477
1235464504,OR,71287,ORS004,97477
1376609073,OR,71287,ORS004,97477
1396369559,OR,71287,ORS004,97477
1437726841,OR,71287,ORS004,97477
1437885118,OR,71287,ORS004,97477
1467043513,OR,71287,ORS004,97477
1467873455,OR,71287,ORS004,97477
1619488178,OR,71287,ORS004,97477
1699281956,OR,71287,ORS004,97477
1720213747,OR,71287,ORS004,97477
1760985519,OR,71287,ORS004,97477
1801149471,OR,71287,ORS004,97477
1801949417,OR,71287,ORS004,97477
1801984802,OR,71287,ORS004,97477
1811756505,OR,71287,ORS004,97477
1861818346,OR,71287,ORS004,97477
1881312684,OR,71287,ORS004,97477
1922657923,OR,71287,ORS004,97477
1942474283,OR,71287,ORS004,97477
1952974529,OR,71287,ORS004,97477
1962530501,OR,71287,ORS004,97477
1023104874,OR,71287,ORS001,97477
1083887087,OR,71287,ORS001,97477
1134235567,OR,71287,ORS001,97477
1235464504,OR,71287,ORS001,97477
1376609073,OR,71287,ORS001,97477
1396369559,OR,71287,ORS001,97477
1437726841,OR,71287,ORS001,97477
1437885118,OR,71287,ORS001,97477
1467043513,OR,71287,ORS001,97477
1467873455,OR,71287,ORS001,97477
1619488178,OR,71287,ORS001,97477
1699281956,OR,71287,ORS001,97477
1720213747,OR,71287,ORS001,97477
1760985519,OR,71287,ORS001,97477
1801149471,OR,71287,ORS001,97477
1801949417,OR,71287,ORS001,97477
1801984802,OR,71287,ORS001,97477
1811756505,OR,71287,ORS001,97477
1861818346,OR,71287,ORS001,97477
1881312684,OR,71287,ORS001,97477
1922657923,OR,71287,ORS001,97477
1942474283,OR,71287,ORS001,97477
1952974529,OR,71287,ORS001,97477
1962530501,OR,71287,ORS001,97477
1093030991,MI,58594,MIS001,49442
1740965854,MI,58594,MIS001,49442
1811596539,MI,58594,MIS001,49442
1851023147,MI,58594,MIS001,49442
1144746686,MI,29698,MIS003,49423
1316218571,MI,29698,MIS003,49423
1669615407,MI,29698,MIS003,49423
1073725685,OR,77969,ORS002,97381
1215300892,OR,71287,ORS004,97404
1316987720,OR,71287,ORS004,97404
1326701277,OR,71287,ORS004,97404
1215300892,OR,71287,ORS001,97404
1316987720,OR,71287,ORS001,97404
1326701277,OR,71287,ORS001,97404
1114580099,MI,29698,MIS007,49201
1134177520,MI,29698,MIS007,49201
1184657611,MI,29698,MIS007,49201
1184996530,MI,29698,MIS007,49201
1194781153,MI,29698,MIS007,49201
1194905745,MI,29698,MIS007,49201
1336255447,MI,29698,MIS007,49201
1487705174,MI,29698,MIS007,49201
1518974625,MI,29698,MIS007,49201
1578529848,MI,29698,MIS007,49201
1578618674,MI,29698,MIS007,49201
1598706392,MI,29698,MIS007,49201
1679524516,MI,29698,MIS007,49201
1790915965,MI,29698,MIS007,49201
1801881909,MI,29698,MIS007,49201
1821112301,MI,29698,MIS007,49201
1952342735,MI,29698,MIS007,49201
1952378887,MI,29698,MIS007,49201
1285111633,OR,71287,ORS004,97404
1518648344,OR,71287,ORS004,97404
1922828557,OR,71287,ORS004,97404
1447689310,MI,58594,MIS001,49412
1285111633,OR,71287,ORS001,97404
1518648344,OR,71287,ORS001,97404
1922828557,OR,71287,ORS001,97404
1346028826,MI,29698,MIS007,49201
1386329381,MI,29698,MIS007,49201
1619410354,MI,29698,MIS007,49201
1548757503,MI,29698,MIS007,49201
1225703242,MI,29698,MIS007,49201
1881453587,MI,29698,MIS007,49201
1851331599,OR,71287,ORS004,97333
1164975439,OR,71287,ORS004,97401
1164975439,OR,71287,ORS001,97401
1851331599,OR,71287,ORS001,97333
1104875855,OR,71287,ORS004,97333
1669753828,OR,71287,ORS004,97333
1225376932,OR,71287,ORS004,97401
1225388143,OR,71287,ORS004,97401
1225376932,OR,71287,ORS001,97401
1225388143,OR,71287,ORS001,97401
1104875855,OR,71287,ORS001,97333
1669753828,OR,71287,ORS001,97333
1730214081,OR,71287,ORS004,97426
1730214081,OR,71287,ORS001,97426
1942170550,OR,56707,ORS002,97132
1750255949,MI,58594,MIS001,48827
1972604031,MI,29698,MIS005,49014
1184765943,MI,29698,MIS005,49014
1043878804,MI,58594,MIS001,49456
1235851122,MI,58594,MIS001,49456
1578764775,MI,58594,MIS001,49456
1780212456,MI,58594,MIS001,49456
1851741854,MI,58594,MIS001,49456
1952664583,MI,58594,MIS001,49456
1063492486,MI,58594,MIS001,48455
1003122532,OR,56707,ORS002,97123
1063726578,OR,56707,ORS002,97123
1306399027,OR,56707,ORS002,97123
1306542824,OR,56707,ORS002,97123
1487014296,OR,56707,ORS002,97123
1487014627,OR,56707,ORS002,97123
1699727214,OR,56707,ORS002,97123
1801265053,OR,56707,ORS002,97123
1417020389,MI,58594,MIS001,49441
1003512443,OR,56707,ORS002,97123
1114862869,OR,56707,ORS002,97123
1124519822,OR,56707,ORS002,97123
1194606640,OR,56707,ORS002,97123
1225453699,OR,56707,ORS002,97123
1265674121,OR,56707,ORS002,97123
1285469643,OR,56707,ORS002,97123
1306550025,OR,56707,ORS002,97123
1376414466,OR,56707,ORS002,97123
1568315455,OR,56707,ORS002,97123
1669330395,OR,56707,ORS002,97123
1790969707,OR,56707,ORS002,97123
1811623184,OR,56707,ORS002,97123
1952258295,OR,56707,ORS002,97123
1972465185,MI,29698,MIS005,49014
1013289826,MI,29698,MIS005,49014
1033612981,MI,29698,MIS005,49014
1366642761,MI,29698,MIS005,49014
1629155288,MI,29698,MIS005,49014
1912085028,MI,29698,MIS005,49014
1932403268,MI,29698,MIS005,49014
1003640954,MI,58594,MIS001,49456
1649893785,OR,77969,ORS002,97381
1932773306,OR,77969,ORS002,97381
1922690015,MI,58594,MIS001,49441
1063804938,OR,71287,ORS004,97478
1073124517,OR,71287,ORS004,97478
1194845909,OR,71287,ORS004,97478
1801163688,OR,71287,ORS004,97478
1063804938,OR,71287,ORS001,97478
1073124517,OR,71287,ORS001,97478
1194845909,OR,71287,ORS001,97478
1801163688,OR,71287,ORS001,97478
1760642557,MI,29698,MIS005,49068
1851009492,MI,29698,MIS005,49068
1740169382,OR,71287,ORS004,97478
1023855970,OR,71287,ORS004,97478
1376286799,MI,58594,MIS001,49441
1184038879,MI,29698,MIS003,49423
1740169382,OR,71287,ORS001,97478
1023855970,OR,71287,ORS001,97478
1548294895,MI,58594,MIS001,48471
1245389352,MI,58594,MIS001,48422
1114471687,MI,58594,MIS001,48471
1538218326,MI,58594,MIS001,48471
1659414225,MI,58594,MIS001,48471
1295706307,TX,66252,TXS002,78666
1306943196,OR,71287,ORS004,97402
1316019474,OR,71287,ORS004,97402
1447227186,OR,71287,ORS004,97402
1942629126,OR,71287,ORS004,97402
1295706307,TX,66252,TXS001,78666
1306943196,OR,71287,ORS001,97402
1316019474,OR,71287,ORS001,97402
1447227186,OR,71287,ORS001,97402
1942629126,OR,71287,ORS001,97402
1093345654,OR,71287,ORS004,97478
1093345654,OR,71287,ORS001,97478
1295775278,OR,56707,ORS002,97123
1710298583,OR,56707,ORS002,97123
1932691060,OR,56707,ORS002,97123
1063136422,MI,29698,MIS005,49094
1083245617,MI,29698,MIS007,49203
1093032021,MI,58594,MIS001,48471
1477097905,MI,58594,MIS001,48466
1013074517,OR,56707,ORS002,97123
1609644913,OR,56707,ORS002,97123
1699086355,OR,56707,ORS002,97123
1215058235,OR,77969,ORS002,97381
1750324489,MI,58594,MIS001,48827
1871658153,OR,71287,ORS004,97401
1255401063,OR,71287,ORS004,97330
1255640991,OR,71287,ORS004,97402
1871658153,OR,71287,ORS001,97401
1255401063,OR,71287,ORS001,97330
1255640991,OR,71287,ORS001,97402
1053174599,MI,58594,MIS001,48371
1104909159,MI,58594,MIS001,48371
1174097356,MI,58594,MIS001,48371
1356092092,MI,58594,MIS001,48371
1386917136,MI,58594,MIS001,48371
1396966891,MI,58594,MIS001,48371
1467535419,MI,58594,MIS001,48371
1467626713,MI,58594,MIS001,48371
1548626104,MI,58594,MIS001,48371
1578346912,MI,58594,MIS001,48371
1699248427,MI,58594,MIS001,48371
1730832106,MI,58594,MIS001,48371
1780857458,MI,58594,MIS001,48371
1841841384,MI,58594,MIS001,48371
1871292730,MI,58594,MIS001,48371
1871766972,MI,58594,MIS001,48371
1952377244,MI,58594,MIS001,48371
1053102962,MI,58594,MIS001,48371
1982989729,MI,58594,MIS001,48371
1225126345,MI,58594,MIS001,49404
1184010944,OR,71287,ORS004,97401
1316343080,OR,71287,ORS004,97401
1558538769,OR,71287,ORS004,97401
1609992221,OR,71287,ORS004,97401
1104441385,OR,71287,ORS004,97401
1134348592,OR,71287,ORS004,97401
1194866707,OR,71287,ORS004,97401
1427673227,OR,71287,ORS004,97401
1497378616,OR,71287,ORS004,97401
1558643635,OR,71287,ORS004,97401
1700953189,OR,71287,ORS004,97401
1922127265,OR,71287,ORS004,97401
1184010944,OR,71287,ORS001,97401
1316343080,OR,71287,ORS001,97401
1558538769,OR,71287,ORS001,97401
1609992221,OR,71287,ORS001,97401
1104441385,OR,71287,ORS001,97401
1134348592,OR,71287,ORS001,97401
1194866707,OR,71287,ORS001,97401
1427673227,OR,71287,ORS001,97401
1497378616,OR,71287,ORS001,97401
1558643635,OR,71287,ORS001,97401
1700953189,OR,71287,ORS001,97401
1922127265,OR,71287,ORS001,97401
1093120594,MI,58594,MIS001,49444
1417577933,MI,58594,MIS001,49444
1497102800,MI,58594,MIS001,49444
1669668927,MI,58594,MIS001,49444
1003101429,MI,58594,MIS001,49444
1003235391,MI,58594,MIS001,49444
1104845510,MI,58594,MIS001,49444
1174700256,MI,58594,MIS001,49444
1184886012,MI,58594,MIS001,49444
1215936158,MI,58594,MIS001,49444
1235729534,MI,58594,MIS001,49444
1245011881,MI,58594,MIS001,49444
1427059781,MI,58594,MIS001,49444
1457902223,MI,58594,MIS001,49444
1568468882,MI,58594,MIS001,49444
1578084232,MI,58594,MIS001,49444
1588633366,MI,58594,MIS001,49444
1598986986,MI,58594,MIS001,49444
1639459860,MI,58594,MIS001,49444
1639733868,MI,58594,MIS001,49444
1649626508,MI,58594,MIS001,49444
1669424719,MI,58594,MIS001,49444
1720076284,MI,58594,MIS001,49444
1750347290,MI,58594,MIS001,49444
1811915721,MI,58594,MIS001,49444
1861894164,MI,58594,MIS001,49444
1952720906,MI,58594,MIS001,49444
1972705838,MI,58594,MIS001,49444
1972996544,MI,58594,MIS001,49444
1487427316,MI,58594,MIS001,48651
1932767191,MI,58594,MIS001,48651
1083994396,OR,71287,ORS004,97401
1093196438,OR,71287,ORS004,97401
1134977564,OR,71287,ORS004,97401
1255592838,OR,71287,ORS004,97401
1417177304,OR,71287,ORS004,97401
1558591768,OR,71287,ORS004,97401
1598359234,OR,71287,ORS004,97401
1831332097,OR,71287,ORS004,97401
1871991026,OR,71287,ORS004,97401
1912425208,OR,71287,ORS004,97401
1962925925,OR,71287,ORS004,97401
1972295574,OR,71287,ORS004,97401
1578054680,MI,58594,MIS001,49444
1104486166,MI,58594,MIS001,49444
1508446881,MI,58594,MIS001,49444
1821582545,MI,58594,MIS001,49444
1013318120,OR,71287,ORS004,97402
1013318120,OR,71287,ORS004,97404
1083994396,OR,71287,ORS001,97401
1093196438,OR,71287,ORS001,97401
1134977564,OR,71287,ORS001,97401
1255592838,OR,71287,ORS001,97401
1417177304,OR,71287,ORS001,97401
1558591768,OR,71287,ORS001,97401
1598359234,OR,71287,ORS001,97401
1831332097,OR,71287,ORS001,97401
1871991026,OR,71287,ORS001,97401
1912425208,OR,71287,ORS001,97401
1962925925,OR,71287,ORS001,97401
1972295574,OR,71287,ORS001,97401
1013318120,OR,71287,ORS001,97402
1013318120,OR,71287,ORS001,97404
1023516630,OR,71287,ORS004,97401
1124242086,OR,71287,ORS004,97401
1609490549,OR,71287,ORS004,97401
1659939932,OR,71287,ORS004,97401
1699083592,OR,71287,ORS004,97401
1710878723,OR,71287,ORS004,97401
1760435408,OR,71287,ORS004,97401
1023516630,OR,71287,ORS001,97401
1124242086,OR,71287,ORS001,97401
1609490549,OR,71287,ORS001,97401
1659939932,OR,71287,ORS001,97401
1699083592,OR,71287,ORS001,97401
1710878723,OR,71287,ORS001,97401
1760435408,OR,71287,ORS001,97401
1235127184,MI,29698,MIS007,49201
1265662134,OR,71287,ORS004,97330
1467071381,OR,71287,ORS004,97330
1578806980,OR,71287,ORS004,97330
1831705920,OR,71287,ORS004,97330
1265662134,OR,71287,ORS001,97330
1467071381,OR,71287,ORS001,97330
1578806980,OR,71287,ORS001,97330
1831705920,OR,71287,ORS001,97330
1023265675,MI,58594,MIS001,49420
1033066253,MI,58594,MIS001,49420
1144054883,MI,58594,MIS001,49420
1710860838,MI,58594,MIS001,49420
1780452151,OR,71287,ORS004,97401
1780452151,OR,71287,ORS001,97401
1740169382,OR,71287,ORS004,97402
1740169382,OR,71287,ORS001,97402
1568401768,MI,58594,MIS001,48371
1619973781,MI,58594,MIS001,48371
1023091618,OR,71287,ORS004,97404
1114682580,OR,71287,ORS004,97404
1386651560,OR,71287,ORS004,97404
1427007632,OR,71287,ORS004,97404
1487768859,OR,71287,ORS004,97404
1073597571,OR,71287,ORS004,97402
1508186669,OR,71287,ORS004,97402
1528355765,OR,71287,ORS004,97402
1659616555,OR,71287,ORS004,97402
1770565624,OR,71287,ORS004,97402
1982688305,OR,71287,ORS004,97402
1811927601,MI,29698,MIS003,49423
1023091618,OR,71287,ORS001,97404
1114682580,OR,71287,ORS001,97404
1386651560,OR,71287,ORS001,97404
1427007632,OR,71287,ORS001,97404
1487768859,OR,71287,ORS001,97404
1073597571,OR,71287,ORS001,97402
1508186669,OR,71287,ORS001,97402
1528355765,OR,71287,ORS001,97402
1659616555,OR,71287,ORS001,97402
1770565624,OR,71287,ORS001,97402
1982688305,OR,71287,ORS001,97402
1811205248,OR,71287,ORS004,97404
1891247078,OR,71287,ORS004,97404
1598241481,MI,29698,MIS003,49423
1801775580,MI,29698,MIS003,49423
1962032367,MI,29698,MIS003,49423
1639895253,MI,29698,MIS003,49423
1881022515,MI,29698,MIS003,49423
1235312620,MI,58594,MIS001,48371
1982653861,MI,58594,MIS001,48371
1811205248,OR,71287,ORS001,97404
1891247078,OR,71287,ORS001,97404
1205213246,OR,71287,ORS004,97401
1285924258,OR,71287,ORS004,97401
1356054118,OR,71287,ORS004,97401
1700148871,OR,71287,ORS004,97401
1205213246,OR,71287,ORS001,97401
1285924258,OR,71287,ORS001,97401
1356054118,OR,71287,ORS001,97401
1700148871,OR,71287,ORS001,97401
1649531328,OR,71287,ORS004,97402
1801429725,OR,71287,ORS004,97402
1184441438,OR,71287,ORS004,97477
1396202149,OR,71287,ORS004,97477
1568352011,OR,71287,ORS004,97477
1841583721,OR,71287,ORS004,97477
1992871495,OR,71287,ORS004,97477
1649531328,OR,71287,ORS001,97402
1801429725,OR,71287,ORS001,97402
1184441438,OR,71287,ORS001,97477
1396202149,OR,71287,ORS001,97477
1568352011,OR,71287,ORS001,97477
1841583721,OR,71287,ORS001,97477
1992871495,OR,71287,ORS001,97477
1417496316,OR,71287,ORS004,97424
1417496316,OR,71287,ORS001,97424
1003505108,TX,66252,TXS002,78666
1639600794,TX,66252,TXS002,78666
1801273487,TX,66252,TXS002,78666
1386010338,MI,29698,MIS007,49230
1003505108,TX,66252,TXS001,78666
1639600794,TX,66252,TXS001,78666
1801273487,TX,66252,TXS001,78666
1669957759,OR,71287,ORS004,97401
1750693552,OR,71287,ORS004,97401
1669957759,OR,71287,ORS001,97401
1750693552,OR,71287,ORS001,97401
1710004130,OR,71287,ORS004,97401
1518055391,OR,71287,ORS004,97401
1285270736,MI,58594,MIS001,49444
1346346897,MI,58594,MIS001,49444
1508089426,MI,58594,MIS001,49444
1629085022,MI,58594,MIS001,49444
1740464627,MI,58594,MIS001,49444
1891736963,MI,58594,MIS001,49444
1932151420,MI,58594,MIS001,49444
1972672392,MI,58594,MIS001,49444
1710004130,OR,71287,ORS001,97401
1518055391,OR,71287,ORS001,97401
1154331783,MI,29698,MIS005,49068
1255077038,MI,29698,MIS005,49068
1679219455,MI,29698,MIS005,49068
1780029363,MI,58594,MIS001,49444
1356578371,OR,71287,ORS004,97408
1487620365,OR,71287,ORS004,97408
1487799276,OR,71287,ORS004,97408
1568727055,OR,71287,ORS004,97408
1639794381,OR,71287,ORS004,97408
1841039666,OR,71287,ORS004,97408
1932933025,OR,71287,ORS004,97408
1770936387,MI,58594,MIS001,48624
1356578371,OR,71287,ORS001,97408
1487620365,OR,71287,ORS001,97408
1487799276,OR,71287,ORS001,97408
1568727055,OR,71287,ORS001,97408
1639794381,OR,71287,ORS001,97408
1841039666,OR,71287,ORS001,97408
1932933025,OR,71287,ORS001,97408
1023817103,MI,29698,MIS005,49068
1366440323,OR,71287,ORS004,97330
1366440323,OR,71287,ORS001,97330
1073688784,MI,29698,MIS007,49272
1215903125,OR,71287,ORS004,97330
1821063694,OR,71287,ORS004,97330
1821350687,OR,71287,ORS004,97330
1942668389,OR,71287,ORS004,97330
1215903125,OR,71287,ORS001,97330
1821063694,OR,71287,ORS001,97330
1821350687,OR,71287,ORS001,97330
1942668389,OR,71287,ORS001,97330
1245792027,OR,77969,ORS002,97071
1366837163,OR,77969,ORS002,97071
1457600363,OR,77969,ORS002,97071
1902217813,OR,77969,ORS002,97071
1073031282,OR,77969,ORS002,97051
1013782788,OR,77969,ORS002,97071
1023395548,OR,77969,ORS002,97071
1043690993,OR,77969,ORS002,97071
1053715326,OR,77969,ORS002,97071
1053934026,OR,77969,ORS002,97071
1235394107,OR,77969,ORS002,97071
1245612696,OR,77969,ORS002,97071
1295477438,OR,77969,ORS002,97071
1295986727,OR,77969,ORS002,97071
1356026835,OR,77969,ORS002,97071
1417601188,OR,77969,ORS002,97071
1487207130,OR,77969,ORS002,97071
1528457397,OR,77969,ORS002,97071
1538781851,OR,77969,ORS002,97071
1669898268,OR,77969,ORS002,97071
1730686544,OR,77969,ORS002,97071
1841993128,OR,77969,ORS002,97071
1912490954,OR,77969,ORS002,97071
1932800398,OR,77969,ORS002,97071
1982319463,OR,77969,ORS002,97071
1750173266,OR,71287,ORS004,97408
1750173266,OR,71287,ORS001,97408
1093377210,MI,58594,MIS001,49251
1104849025,MI,58594,MIS001,49251
1134625502,MI,58594,MIS001,49251
1235584962,MI,58594,MIS001,49251
1508412891,MI,58594,MIS001,49251
1710544630,MI,58594,MIS001,49251
1730741786,MI,58594,MIS001,49251
1942328414,MI,58594,MIS001,49251
1942520424,MI,58594,MIS001,49251
1952573602,MI,58594,MIS001,49251
1073139788,MI,58594,MIS001,49251
1205834090,MI,58594,MIS001,49251
1780660480,MI,58594,MIS001,49251
1275635419,MI,58594,MIS001,49251
1417620741,MI,58594,MIS001,49251
1811339146,MI,58594,MIS001,49251
1801138854,MI,29698,MIS003,49328
1922381953,OR,71287,ORS004,97401
1962558684,OR,71287,ORS004,97401
1922381953,OR,71287,ORS001,97401
1962558684,OR,71287,ORS001,97401
1720566466,MI,29698,MIS005,49068
1730239492,MI,58594,MIS001,48462
1598983686,MI,29698,MIS003,49423
1316278427,OR,71287,ORS004,97355
1194854786,OR,71287,ORS004,97355
1316278427,OR,71287,ORS001,97355
1194854786,OR,71287,ORS001,97355
1003354630,OR,71287,ORS004,97322
1417629684,OR,71287,ORS004,97322
1225716277,OR,71287,ORS004,97401
1356340210,OR,71287,ORS004,97401
1912906496,OR,71287,ORS004,97401
1942208640,OR,71287,ORS004,97401
1093035487,OR,71287,ORS004,97401
1184748030,OR,71287,ORS004,97401
1437302825,OR,71287,ORS004,97401
1588862320,OR,71287,ORS004,97401
1598763716,OR,71287,ORS004,97401
1811429236,OR,71287,ORS004,97401
1306191333,OR,71287,ORS004,97401
1588800593,OR,71287,ORS004,97401
1710944277,OR,71287,ORS004,97401
1003354630,OR,71287,ORS001,97322
1417629684,OR,71287,ORS001,97322
1225716277,OR,71287,ORS001,97401
1356340210,OR,71287,ORS001,97401
1912906496,OR,71287,ORS001,97401
1942208640,OR,71287,ORS001,97401
1093035487,OR,71287,ORS001,97401
1184748030,OR,71287,ORS001,97401
1437302825,OR,71287,ORS001,97401
1588862320,OR,71287,ORS001,97401
1598763716,OR,71287,ORS001,97401
1811429236,OR,71287,ORS001,97401
1306191333,OR,71287,ORS001,97401
1588800593,OR,71287,ORS001,97401
1710944277,OR,71287,ORS001,97401
1417927427,MI,58594,MIS001,49330
1477091163,MI,58594,MIS001,49412
1598822892,OR,56707,ORS002,97132
1962450981,MI,58594,MIS001,49456
1497483002,MI,29698,MIS007,49202
1902377765,MI,29698,MIS007,49202
1932750072,MI,29698,MIS007,49202
1821613225,MI,29698,MIS007,49202
1073957148,OR,71287,ORS004,97401
1144513797,OR,71287,ORS004,97401
1225312929,OR,71287,ORS004,97401
1366806382,OR,71287,ORS004,97401
1386886083,OR,71287,ORS004,97401
1427251396,OR,71287,ORS004,97401
1447280987,OR,71287,ORS004,97401
1639276413,OR,71287,ORS004,97401
1710435011,OR,71287,ORS004,97401
1710531827,OR,71287,ORS004,97401
1760745848,OR,71287,ORS004,97401
1841670007,OR,71287,ORS004,97401
1366849879,OR,71287,ORS004,97401
1821130006,OR,71287,ORS004,97401
1073957148,OR,71287,ORS001,97401
1144513797,OR,71287,ORS001,97401
1225312929,OR,71287,ORS001,97401
1366806382,OR,71287,ORS001,97401
1386886083,OR,71287,ORS001,97401
1427251396,OR,71287,ORS001,97401
1447280987,OR,71287,ORS001,97401
1639276413,OR,71287,ORS001,97401
1710435011,OR,71287,ORS001,97401
1710531827,OR,71287,ORS001,97401
1760745848,OR,71287,ORS001,97401
1841670007,OR,71287,ORS001,97401
1366849879,OR,71287,ORS001,97401
1821130006,OR,71287,ORS001,97401
1215882410,OR,71287,ORS004,97322
1932050077,OR,71287,ORS004,97322
1215882410,OR,71287,ORS001,97322
1932050077,OR,71287,ORS001,97322
1720071798,MI,58594,MIS001,49445
1285725523,MI,58594,MIS001,49445
1053592238,MI,29698,MIS007,49202
1114774189,MI,29698,MIS007,49202
1225550312,MI,29698,MIS007,49202
1356980247,MI,29698,MIS007,49202
1417337221,MI,29698,MIS007,49202
1699743062,OR,71287,ORS004,97330
1821030693,OR,71287,ORS004,97330
1932790441,OR,71287,ORS004,97330
1962514836,OR,71287,ORS004,97330
1346330438,MI,58594,MIS001,49442
1154001071,OR,71287,ORS004,97402
1386383784,OR,71287,ORS004,97402
1629716709,OR,71287,ORS004,97402
1962481341,OR,71287,ORS004,97402
1699743062,OR,71287,ORS001,97330
1821030693,OR,71287,ORS001,97330
1932790441,OR,71287,ORS001,97330
1962514836,OR,71287,ORS001,97330
1154001071,OR,71287,ORS001,97402
1386383784,OR,71287,ORS001,97402
1629716709,OR,71287,ORS001,97402
1962481341,OR,71287,ORS001,97402
1598509184,MI,58594,MIS001,49445
1710783808,MI,58594,MIS001,49445
1083149173,MI,58594,MIS001,49445
1265724603,MI,58594,MIS001,49445
1396944245,MI,58594,MIS001,49445
1861842825,MI,58594,MIS001,49445
1912490905,MI,58594,MIS001,49445
1952783888,MI,58594,MIS001,49445
1942325550,OR,71287,ORS004,97401
1942325550,OR,71287,ORS001,97401
1134751977,MI,29698,MIS005,49015
1164610960,MI,29698,MIS005,49015
1225599541,MI,29698,MIS005,49015
1245789643,MI,29698,MIS005,49015
1366801599,MI,29698,MIS005,49015
1376866095,MI,29698,MIS005,49015
1528054269,MI,29698,MIS005,49015
1619574654,MI,29698,MIS005,49015
1801808654,MI,29698,MIS005,49015
1831203694,MI,29698,MIS005,49015
1972502847,MI,29698,MIS005,49015
1003479445,MI,29698,MIS005,49037
1104890490,MI,29698,MIS005,49037
1194928994,MI,29698,MIS005,49037
1376517359,MI,29698,MIS005,49037
1487628483,MI,29698,MIS005,49037
1700977154,MI,29698,MIS005,49037
1376948919,MI,29698,MIS005,49037
1447933031,MI,29698,MIS005,49037
1619381316,MI,29698,MIS005,49037
1174503221,MI,29698,MIS005,49037
1932182912,OR,71287,ORS004,97403
1063990554,OR,71287,ORS004,97401
1184296402,OR,71287,ORS004,97401
1376100578,OR,71287,ORS004,97401
1497904924,OR,71287,ORS004,97401
1528406204,OR,71287,ORS004,97401
1700444627,OR,71287,ORS004,97401
1801265061,OR,71287,ORS004,97401
1265953137,MI,29698,MIS005,49037
1376924951,MI,29698,MIS005,49037
1164305389,MI,29698,MIS005,49037
1508516238,OR,71287,ORS004,97370
1932182912,OR,71287,ORS001,97403
1063990554,OR,71287,ORS001,97401
1184296402,OR,71287,ORS001,97401
1376100578,OR,71287,ORS001,97401
1497904924,OR,71287,ORS001,97401
1528406204,OR,71287,ORS001,97401
1700444627,OR,71287,ORS001,97401
1801265061,OR,71287,ORS001,97401
1508516238,OR,71287,ORS001,97370
1174120836,OR,71287,ORS004,97477
1821417643,OR,71287,ORS004,97477
1215685235,OR,71287,ORS004,97402
1386734184,MI,58594,MIS001,49445
1174120836,OR,71287,ORS001,97477
1821417643,OR,71287,ORS001,97477
1215685235,OR,71287,ORS001,97402
1689806499,MI,58594,MIS001,49445
1043832041,OR,56707,ORS002,97123
1538241120,OR,71287,ORS004,97322
1679945000,OR,71287,ORS004,97322
1568653996,OR,71287,ORS004,97405
1477243434,OR,56707,ORS002,97123
1649888041,OR,56707,ORS002,97123
1003225525,OR,71287,ORS004,97322
1235393752,OR,71287,ORS004,97322
1538241120,OR,71287,ORS001,97322
1679945000,OR,71287,ORS001,97322
1568653996,OR,71287,ORS001,97405
1003225525,OR,71287,ORS001,97322
1235393752,OR,71287,ORS001,97322
1184604621,OR,71287,ORS004,97448
1184604621,OR,71287,ORS001,97448
1487756987,MI,58594,MIS001,48636
1013285568,MI,29698,MIS007,49201
1093468662,MI,29698,MIS007,49201
1124116181,MI,29698,MIS007,49201
1477583383,MI,29698,MIS007,49201
1811405970,MI,29698,MIS007,49201
1831163187,MI,29698,MIS007,49201
1831182963,MI,29698,MIS007,49201
1851622096,MI,29698,MIS007,49201
1902818792,MI,29698,MIS007,49201
1912925413,MI,29698,MIS007,49201
1932236957,MI,29698,MIS007,49201
1982635116,MI,29698,MIS007,49201
1235355041,MI,29698,MIS007,49204
1598753741,MI,29698,MIS007,49204
1710063979,MI,29698,MIS007,49204
1982292025,MI,29698,MIS007,49204
1285628016,MI,29698,MIS007,49204
1417049453,MI,29698,MIS007,49201
1053368456,MI,29698,MIS007,49204
1104818012,MI,29698,MIS007,49204
1124116181,MI,29698,MIS007,49204
1174605364,MI,29698,MIS007,49204
1225080146,MI,29698,MIS007,49204
1326123761,MI,29698,MIS007,49204
1356421192,MI,29698,MIS007,49204
1568408789,MI,29698,MIS007,49204
1700995347,MI,29698,MIS007,49204
1740228576,MI,29698,MIS007,49204
1871609859,MI,29698,MIS007,49204
1912093949,MI,29698,MIS007,49204
1912925413,MI,29698,MIS007,49204
1942846688,MI,29698,MIS007,49204
1548045248,TX,66252,TXS002,78666
1760474878,TX,66252,TXS002,78666
1881026391,TX,66252,TXS002,78666
1992015697,TX,66252,TXS002,78666
1548045248,TX,66252,TXS001,78666
1760474878,TX,66252,TXS001,78666
1881026391,TX,66252,TXS001,78666
1992015697,TX,66252,TXS001,78666
1982146288,OR,71287,ORS004,97401
1043449481,OR,71287,ORS004,97401
1750927513,OR,71287,ORS004,97401
1205092061,OR,71287,ORS004,97448
1780950014,OR,71287,ORS004,97448
1821319666,MI,58594,MIS001,49444
1982146288,OR,71287,ORS001,97401
1043449481,OR,71287,ORS001,97401
1750927513,OR,71287,ORS001,97401
1205092061,OR,71287,ORS001,97448
1780950014,OR,71287,ORS001,97448
1396364154,MI,29698,MIS007,49201
1023760253,MI,29698,MIS007,49201
1104566132,MI,29698,MIS007,49201
1114159431,MI,29698,MIS007,49201
1114971959,MI,29698,MIS007,49201
1205145091,MI,29698,MIS007,49201
1205364791,MI,29698,MIS007,49201
1215454269,MI,29698,MIS007,49201
1225458342,MI,29698,MIS007,49201
1245059278,MI,29698,MIS007,49201
1366608010,MI,29698,MIS007,49201
1518811413,MI,29698,MIS007,49201
1578567491,MI,29698,MIS007,49201
1669450367,MI,29698,MIS007,49201
1689523326,MI,29698,MIS007,49201
1760810758,MI,29698,MIS007,49201
1790137305,MI,29698,MIS007,49201
1881559128,MI,29698,MIS007,49201
1942821194,MI,29698,MIS007,49201
1962233114,MI,29698,MIS007,49201
1972867240,MI,29698,MIS007,49201
1043465156,MI,29698,MIS007,49201
1336875244,TX,66252,TXS002,78666
1720965262,TX,66252,TXS002,78666
1972554889,OR,71287,ORS004,97330
1053075077,OR,71287,ORS004,97321
1992587125,OR,71287,ORS004,97321
1336875244,TX,66252,TXS001,78666
1720965262,TX,66252,TXS001,78666
1972554889,OR,71287,ORS001,97330
1053075077,OR,71287,ORS001,97321
1992587125,OR,71287,ORS001,97321
1114513116,OR,56707,ORS002,97132
1467139642,OR,56707,ORS002,97132
1720361645,OR,56707,ORS002,97132
1841952876,OR,56707,ORS002,97132
1932472461,OR,56707,ORS002,97132
1548409048,OR,71287,ORS004,97401
1407969991,MI,29698,MIS003,49423
1548409048,OR,71287,ORS001,97401
1326585670,OR,71287,ORS004,97401
1801148986,OR,71287,ORS004,97401
1326585670,OR,71287,ORS001,97401
1801148986,OR,71287,ORS001,97401
1295924009,OR,71287,ORS004,97330
1295924009,OR,71287,ORS001,97330
1154322477,MI,58594,MIS001,49441
1477814846,MI,58594,MIS001,49441
1801190103,MI,58594,MIS001,49441
1649522178,OR,71287,ORS004,97403
1649522178,OR,71287,ORS001,97403
1275638256,OR,71287,ORS004,97333
1063571495,OR,71287,ORS004,97403
1073602207,OR,71287,ORS004,97403
1174878060,OR,71287,ORS004,97403
1306297379,OR,71287,ORS004,97403
1306396296,OR,71287,ORS004,97403
1396996641,OR,71287,ORS004,97403
1467937276,OR,71287,ORS004,97403
1538573662,OR,71287,ORS004,97403
1598968299,OR,71287,ORS004,97403
1699594200,OR,71287,ORS004,97403
1831607936,OR,71287,ORS004,97403
1841652377,OR,71287,ORS004,97403
1902543374,OR,71287,ORS004,97403
1922960541,OR,71287,ORS004,97403
1982426540,OR,71287,ORS004,97403
1992885701,OR,71287,ORS004,97330
1770687089,MI,58594,MIS001,49445
1457041154,OR,56707,ORS002,97132
1932883188,OR,56707,ORS002,97132
1063571495,OR,71287,ORS001,97403
1073602207,OR,71287,ORS001,97403
1174878060,OR,71287,ORS001,97403
1306297379,OR,71287,ORS001,97403
1306396296,OR,71287,ORS001,97403
1396996641,OR,71287,ORS001,97403
1467937276,OR,71287,ORS001,97403
1538573662,OR,71287,ORS001,97403
1598968299,OR,71287,ORS001,97403
1699594200,OR,71287,ORS001,97403
1831607936,OR,71287,ORS001,97403
1841652377,OR,71287,ORS001,97403
1902543374,OR,71287,ORS001,97403
1922960541,OR,71287,ORS001,97403
1982426540,OR,71287,ORS001,97403
1992885701,OR,71287,ORS001,97330
1275638256,OR,71287,ORS001,97333
1033642095,MI,58594,MIS001,49445
1205377504,MI,58594,MIS001,49445
1134100944,OR,71287,ORS004,97330
1447982715,OR,71287,ORS004,97330
1023483419,OR,71287,ORS004,97477
1043564701,OR,71287,ORS004,97477
1326721127,OR,71287,ORS004,97477
1336926336,OR,71287,ORS004,97477
1407693880,OR,71287,ORS004,97477
1447477823,OR,71287,ORS004,97477
1760167324,OR,71287,ORS004,97477
1588238208,OR,71287,ORS004,97477
1780327106,OR,71287,ORS004,97477
1033613245,OR,71287,ORS004,97321
1427211077,OR,71287,ORS004,97321
1851759997,OR,71287,ORS004,97321
1134100944,OR,71287,ORS001,97330
1447982715,OR,71287,ORS001,97330
1023483419,OR,71287,ORS001,97477
1043564701,OR,71287,ORS001,97477
1326721127,OR,71287,ORS001,97477
1336926336,OR,71287,ORS001,97477
1407693880,OR,71287,ORS001,97477
1447477823,OR,71287,ORS001,97477
1760167324,OR,71287,ORS001,97477
1588238208,OR,71287,ORS001,97477
1780327106,OR,71287,ORS001,97477
1033613245,OR,71287,ORS001,97321
1427211077,OR,71287,ORS001,97321
1851759997,OR,71287,ORS001,97321
1033319124,OR,71287,ORS004,97401
1063822625,OR,71287,ORS004,97401
1073825485,OR,71287,ORS004,97401
1104957240,OR,71287,ORS004,97401
1336394949,OR,71287,ORS004,97401
1558898528,OR,71287,ORS004,97401
1730575119,OR,71287,ORS004,97401
1902417223,OR,71287,ORS004,97401
1982962700,OR,71287,ORS004,97401
1992027635,OR,71287,ORS004,97401
1033319124,OR,71287,ORS001,97401
1063822625,OR,71287,ORS001,97401
1073825485,OR,71287,ORS001,97401
1104957240,OR,71287,ORS001,97401
1336394949,OR,71287,ORS001,97401
1558898528,OR,71287,ORS001,97401
1730575119,OR,71287,ORS001,97401
1902417223,OR,71287,ORS001,97401
1982962700,OR,71287,ORS001,97401
1992027635,OR,71287,ORS001,97401
1295070670,OR,71287,ORS004,97321
1477824779,OR,71287,ORS004,97321
1871003905,OR,71287,ORS004,97321
1871833327,OR,71287,ORS004,97321
1417286121,MI,58594,MIS001,48441
1396914230,MI,29698,MIS007,49203
1295070670,OR,71287,ORS001,97321
1477824779,OR,71287,ORS001,97321
1871003905,OR,71287,ORS001,97321
1871833327,OR,71287,ORS001,97321
1083743405,OR,71287,ORS004,97405
1083743405,OR,71287,ORS001,97405
1205898434,MI,58594,MIS001,48440
1013172832,OR,71287,ORS004,97330
1063750925,OR,71287,ORS004,97330
1013172832,OR,71287,ORS001,97330
1063750925,OR,71287,ORS001,97330
1467731349,MI,29698,MIS007,49203
1619428950,OR,71287,ORS004,97330
1619428950,OR,71287,ORS001,97330
1922187673,MI,58594,MIS001,49420
1508412891,MI,29698,MIS007,49203
1972890085,MI,29698,MIS007,49203
1063284610,MI,29698,MIS007,49203
1407273071,MI,29698,MIS007,49203
1245532134,MI,29698,MIS007,49203
1306462908,MI,29698,MIS007,49203
1154802569,OR,71287,ORS004,97478
1154813673,OR,71287,ORS004,97478
1386383289,OR,71287,ORS004,97478
1427654995,OR,71287,ORS004,97478
1518638154,OR,71287,ORS004,97478
1538687587,OR,71287,ORS004,97478
1548746142,OR,71287,ORS004,97478
1619564614,OR,71287,ORS004,97478
1841230059,OR,71287,ORS004,97478
1841390267,OR,71287,ORS004,97478
1902296825,OR,71287,ORS004,97478
1588168488,OR,71287,ORS004,97478
1780437871,OR,71287,ORS004,97478
1154802569,OR,71287,ORS001,97478
1154813673,OR,71287,ORS001,97478
1386383289,OR,71287,ORS001,97478
1427654995,OR,71287,ORS001,97478
1518638154,OR,71287,ORS001,97478
1538687587,OR,71287,ORS001,97478
1548746142,OR,71287,ORS001,97478
1619564614,OR,71287,ORS001,97478
1841230059,OR,71287,ORS001,97478
1841390267,OR,71287,ORS001,97478
1902296825,OR,71287,ORS001,97478
1588168488,OR,71287,ORS001,97478
1780437871,OR,71287,ORS001,97478
1245761782,TX,66252,TXS002,78666
1508146531,TX,66252,TXS002,78666
1639580392,TX,66252,TXS002,78666
1245761782,TX,66252,TXS001,78666
1508146531,TX,66252,TXS001,78666
1639580392,TX,66252,TXS001,78666
1093829897,MI,29698,MIS003,49423
1356691083,MI,29698,MIS003,49423
1679265391,MI,29698,MIS003,49423
1316007636,OR,71287,ORS004,97383
1316925712,OR,71287,ORS004,97383
1548419161,OR,71287,ORS004,97383
1568407054,OR,71287,ORS004,97383
1689633547,OR,71287,ORS004,97383
1811679319,OR,71287,ORS004,97383
1316007636,OR,71287,ORS001,97383
1316925712,OR,71287,ORS001,97383
1548419161,OR,71287,ORS001,97383
1568407054,OR,71287,ORS001,97383
1689633547,OR,71287,ORS001,97383
1811679319,OR,71287,ORS001,97383
1275282873,TX,66252,TXS002,78666
1396528949,TX,66252,TXS002,78666
1467631200,MI,29698,MIS003,49423
1699629410,MI,29698,MIS003,49423
1306455266,OR,71287,ORS004,97321
1538788211,OR,71287,ORS004,97321
1801095773,OR,71287,ORS004,97321
1851497085,OR,71287,ORS004,97321
1275282873,TX,66252,TXS001,78666
1396528949,TX,66252,TXS001,78666
1306455266,OR,71287,ORS001,97321
1538788211,OR,71287,ORS001,97321
1801095773,OR,71287,ORS001,97321
1851497085,OR,71287,ORS001,97321
1801824263,OR,71287,ORS004,97330
1801824263,OR,71287,ORS001,97330
1902406903,OR,71287,ORS004,97401
1679777403,MI,58594,MIS001,49444
1013956036,OR,71287,ORS004,97330
1629463237,OR,71287,ORS004,97330
1659355899,OR,71287,ORS004,97330
1033453592,OR,71287,ORS004,97478
1346538261,OR,71287,ORS004,97478
1548536170,OR,71287,ORS004,97478
1710772421,OR,71287,ORS004,97478
1770073678,OR,71287,ORS004,97478
1881049922,OR,71287,ORS004,97478
1881824456,OR,71287,ORS004,97478
1356230460,OR,71287,ORS004,97478
1902406903,OR,71287,ORS001,97401
1013956036,OR,71287,ORS001,97330
1629463237,OR,71287,ORS001,97330
1659355899,OR,71287,ORS001,97330
1033453592,OR,71287,ORS001,97478
1346538261,OR,71287,ORS001,97478
1548536170,OR,71287,ORS001,97478
1710772421,OR,71287,ORS001,97478
1770073678,OR,71287,ORS001,97478
1881049922,OR,71287,ORS001,97478
1881824456,OR,71287,ORS001,97478
1356230460,OR,71287,ORS001,97478
1306491212,OR,71287,ORS004,97330
1528416914,OR,71287,ORS004,97330
1811318728,OR,71287,ORS004,97330
1285001198,OR,71287,ORS004,97330
1538678446,OR,71287,ORS004,97405
1306491212,OR,71287,ORS001,97330
1528416914,OR,71287,ORS001,97330
1811318728,OR,71287,ORS001,97330
1285001198,OR,71287,ORS001,97330
1538678446,OR,71287,ORS001,97405
1376875740,OR,71287,ORS004,97333
1376875740,OR,71287,ORS001,97333
1386138956,OR,71287,ORS004,97477
1427945427,OR,71287,ORS004,97477
1508359514,OR,71287,ORS004,97477
1932810025,OR,71287,ORS004,97477
1962220582,OR,71287,ORS004,97477
1023909330,OR,71287,ORS004,97477
1598221020,OR,71287,ORS004,97477
1386138956,OR,71287,ORS001,97477
1427945427,OR,71287,ORS001,97477
1508359514,OR,71287,ORS001,97477
1932810025,OR,71287,ORS001,97477
1962220582,OR,71287,ORS001,97477
1023909330,OR,71287,ORS001,97477
1598221020,OR,71287,ORS001,97477
1184179459,TX,66252,TXS002,78666
1346895612,TX,66252,TXS002,78666
1861921702,OR,71287,ORS004,97401
1184179459,TX,66252,TXS001,78666
1346895612,TX,66252,TXS001,78666
1861921702,OR,71287,ORS001,97401
1114874179,TX,66252,TXS002,78666
1114874179,TX,66252,TXS001,78666
1053353375,OR,71287,ORS004,97405
1134787492,OR,71287,ORS004,97405
1275244907,OR,71287,ORS004,97405
1326634114,OR,71287,ORS004,97405
1881332310,OR,71287,ORS004,97405
1316940281,OR,71287,ORS004,97355
1386329290,OR,71287,ORS004,97355
1821773722,OR,71287,ORS004,97355
1144277559,OR,71287,ORS004,97404
1053353375,OR,71287,ORS001,97405
1134787492,OR,71287,ORS001,97405
1275244907,OR,71287,ORS001,97405
1326634114,OR,71287,ORS001,97405
1881332310,OR,71287,ORS001,97405
1316940281,OR,71287,ORS001,97355
1386329290,OR,71287,ORS001,97355
1821773722,OR,71287,ORS001,97355
1144277559,OR,71287,ORS001,97404
1740585074,OR,71287,ORS004,97330
1962559625,OR,71287,ORS004,97330
1013930718,MI,29698,MIS003,49423
1154884385,MI,29698,MIS003,49423
1215590781,MI,29698,MIS003,49423
1225011430,MI,29698,MIS003,49423
1538457130,MI,29698,MIS003,49423
1730241605,MI,29698,MIS003,49423
1821309360,MI,29698,MIS003,49423
1174527790,OR,71287,ORS004,97405
1740585074,OR,71287,ORS001,97330
1962559625,OR,71287,ORS001,97330
1174527790,OR,71287,ORS001,97405
1396785283,OR,71287,ORS004,97330
1992417786,OR,71287,ORS004,97330
1396785283,OR,71287,ORS001,97330
1992417786,OR,71287,ORS001,97330
1740996909,OR,71287,ORS004,97401
1295300226,MI,58594,MIS001,49421
1619027844,MI,58594,MIS001,49441
1083123558,MI,58594,MIS001,49441
1740996909,OR,71287,ORS001,97401
1215055520,MI,58594,MIS001,49441
1902085178,MI,29698,MIS007,49201
1356953756,MI,29698,MIS007,49201
1356437263,MI,58594,MIS001,48624
1528574290,MI,58594,MIS001,48624
1760048821,MI,58594,MIS001,48624
1780938969,MI,58594,MIS001,48624
1831326248,MI,58594,MIS001,48624
1164470068,MI,58594,MIS001,48624
1639598907,MI,58594,MIS001,48624
1669622197,MI,58594,MIS001,48624
1710195391,MI,58594,MIS001,48624
1720295876,MI,58594,MIS001,48624
1790992840,MI,58594,MIS001,48624
1194385633,MI,58594,MIS001,48624
1235789223,MI,58594,MIS001,48624
1265879886,MI,58594,MIS001,48624
1346494580,MI,58594,MIS001,48624
1891273082,MI,58594,MIS001,48624
1063277572,OR,56707,ORS002,97123
1588112593,MI,29698,MIS007,49201
1295933018,OR,71287,ORS004,97477
1407812480,OR,71287,ORS004,97477
1497080576,OR,71287,ORS004,97477
1295933018,OR,71287,ORS001,97477
1407812480,OR,71287,ORS001,97477
1497080576,OR,71287,ORS001,97477
1326366907,OR,71287,ORS004,97424
1487216404,OR,71287,ORS004,97424
1518496496,OR,71287,ORS004,97424
1619649597,OR,71287,ORS004,97424
1790066504,OR,71287,ORS004,97424
1053109983,OR,71287,ORS004,97401
1437036910,OR,71287,ORS004,97401
1326366907,OR,71287,ORS001,97424
1487216404,OR,71287,ORS001,97424
1518496496,OR,71287,ORS001,97424
1619649597,OR,71287,ORS001,97424
1790066504,OR,71287,ORS001,97424
1053109983,OR,71287,ORS001,97401
1437036910,OR,71287,ORS001,97401
1174821730,OR,71287,ORS004,97401
1922630763,MI,58594,MIS001,48471
1427089200,MI,58594,MIS001,48471
1174821730,OR,71287,ORS001,97401
1124177902,OR,56707,ORS002,97123
1396447488,OR,56707,ORS002,97123
1396459905,OR,56707,ORS002,97123
1518199272,OR,56707,ORS002,97123
1699373530,OR,56707,ORS002,97123
1730329715,OR,56707,ORS002,97123
1790561298,OR,56707,ORS002,97123
1922720747,OR,56707,ORS002,97123
1700950847,OR,71287,ORS004,97401
1982663001,OR,71287,ORS004,97401
1841432176,MI,58594,MIS001,48471
1326693243,OR,71287,ORS004,97321
1477394351,OR,56707,ORS002,97123
1700950847,OR,71287,ORS001,97401
1982663001,OR,71287,ORS001,97401
1326693243,OR,71287,ORS001,97321
1114652369,OR,71287,ORS004,97383
1801211560,OR,71287,ORS004,97383
1598297350,OR,71287,ORS004,97383
1821151598,MI,29698,MIS007,49202
1912985615,MI,29698,MIS007,49202
1114652369,OR,71287,ORS001,97383
1801211560,OR,71287,ORS001,97383
1598297350,OR,71287,ORS001,97383
1932898897,OR,56707,ORS002,97132
1184162042,MI,29698,MIS003,49348
1447223995,MI,29698,MIS003,49348
1013992536,MI,58594,MIS001,48653
1871609594,MI,29698,MIS007,49203
1003839218,MI,58594,MIS001,49444
1083804280,MI,58594,MIS001,49444
1154707743,MI,58594,MIS001,49444
1225529019,MI,58594,MIS001,49444
1386024701,MI,58594,MIS001,49444
1407842362,MI,58594,MIS001,49444
1467977611,MI,58594,MIS001,49444
1508321662,MI,58594,MIS001,49444
1538245501,MI,58594,MIS001,49444
1639332091,MI,58594,MIS001,49444
1679786230,MI,58594,MIS001,49444
1699198119,MI,58594,MIS001,49444
1790048528,MI,58594,MIS001,49444
1922426626,MI,58594,MIS001,49444
1962910943,MI,58594,MIS001,49444
1982698353,MI,58594,MIS001,49444
1437950201,MI,58594,MIS001,49444
1568030880,MI,58594,MIS001,49444
1790473569,MI,58594,MIS001,49444
1043858160,MI,58594,MIS001,48827
1053952820,MI,58594,MIS001,48827
1104405042,MI,58594,MIS001,48827
1174577787,MI,58594,MIS001,48827
1174963490,MI,58594,MIS001,48827
1295949030,MI,58594,MIS001,48827
1306435227,MI,58594,MIS001,48827
1366023830,MI,58594,MIS001,48827
1396165676,MI,58594,MIS001,48827
1437664281,MI,58594,MIS001,48827
1619925146,MI,58594,MIS001,48827
1629033444,MI,58594,MIS001,48827
1629588108,MI,58594,MIS001,48827
1639177686,MI,58594,MIS001,48827
1659371177,MI,58594,MIS001,48827
1689649527,MI,58594,MIS001,48827
1750339073,MI,58594,MIS001,48827
1902157621,MI,58594,MIS001,48827
1952659377,MI,58594,MIS001,48827
1962032458,MI,58594,MIS001,48827
1265880140,MI,58594,MIS001,48827
1649277211,MI,58594,MIS001,48827
1003187295,MI,58594,MIS001,48827
1144649690,MI,58594,MIS001,48827
1245322023,MI,58594,MIS001,48827
1447525407,MI,58594,MIS001,48827
1912128539,MI,58594,MIS001,48827
1003624636,MI,58594,MIS001,48827
1033933833,MI,58594,MIS001,48827
1083928410,MI,58594,MIS001,48827
1174157556,MI,58594,MIS001,48827
1205417300,MI,58594,MIS001,48827
1225371909,MI,58594,MIS001,48827
1346394772,MI,58594,MIS001,48827
1407312200,MI,58594,MIS001,48827
1417979956,MI,58594,MIS001,48827
1497723522,MI,58594,MIS001,48827
1700615507,MI,58594,MIS001,48827
1760243687,MI,58594,MIS001,48827
1770791246,MI,58594,MIS001,48827
1851168868,MI,58594,MIS001,48827
1194012302,MI,58594,MIS001,48827
1720417090,MI,58594,MIS001,48827
1083391890,OR,71287,ORS004,97333
1225710767,OR,71287,ORS004,97333
1760937510,OR,71287,ORS004,97333
1083391890,OR,71287,ORS001,97333
1225710767,OR,71287,ORS001,97333
1760937510,OR,71287,ORS001,97333
1235107632,MI,58594,MIS001,49444
1649607375,MI,58594,MIS001,49444
1053995936,OR,71287,ORS004,97401
1053995936,OR,71287,ORS001,97401
1851031975,MI,29698,MIS003,49348
1992142699,MI,29698,MIS003,49348
1023009057,MI,29698,MIS007,49202
1093705295,MI,29698,MIS007,49202
1114917317,MI,29698,MIS007,49202
1720020332,MI,29698,MIS007,49202
1942684709,MI,29698,MIS007,49202
1093943771,MI,29698,MIS003,49423
1437545399,OR,71287,ORS004,97401
1609366491,MI,29698,MIS003,49348
1194163246,MI,29698,MIS003,49348
1205382538,MI,29698,MIS003,49348
1487546750,MI,29698,MIS003,49348
1487605531,MI,29698,MIS003,49348
1497700868,MI,29698,MIS003,49348
1588155030,MI,29698,MIS003,49348
1790387835,MI,29698,MIS003,49348
1801220348,MI,29698,MIS003,49348
1902465743,MI,29698,MIS003,49348
1437545399,OR,71287,ORS001,97401
1801923339,MI,58594,MIS001,49456
1952857989,OR,71287,ORS004,97333
1952857989,OR,71287,ORS001,97333
1053375758,MI,29698,MIS005,49014
1912972258,OR,71287,ORS004,97477
1063822575,OR,71287,ORS004,97401
1346272895,OR,71287,ORS004,97401
1609301761,OR,71287,ORS004,97401
1629620240,OR,71287,ORS004,97401
1174064802,OR,71287,ORS004,97401
1497568034,OR,71287,ORS004,97401
1912972258,OR,71287,ORS001,97477
1063822575,OR,71287,ORS001,97401
1346272895,OR,71287,ORS001,97401
1609301761,OR,71287,ORS001,97401
1629620240,OR,71287,ORS001,97401
1174064802,OR,71287,ORS001,97401
1497568034,OR,71287,ORS001,97401
1407466790,MI,29698,MIS005,49037
1932978426,MI,29698,MIS005,49037
1104240472,MI,58594,MIS001,48624
1275159246,MI,29698,MIS003,49406
1316242399,OR,71287,ORS004,97401
1124386289,OR,56707,ORS002,97132
1235413774,OR,56707,ORS002,97132
1114196169,OR,71287,ORS004,97331
1316242399,OR,71287,ORS001,97401
1114196169,OR,71287,ORS001,97331
1326601063,TX,66252,TXS002,78666
1386240133,TX,66252,TXS002,78666
1437619772,TX,66252,TXS002,78666
1720763121,TX,66252,TXS002,78666
1326601063,TX,66252,TXS001,78666
1386240133,TX,66252,TXS001,78666
1437619772,TX,66252,TXS001,78666
1720763121,TX,66252,TXS001,78666
1043141310,MI,58594,MIS001,48827
1376343426,MI,58594,MIS001,48827
1881493005,TX,66252,TXS002,78666
1477769651,OR,71287,ORS004,97401
1881493005,TX,66252,TXS001,78666
1477769651,OR,71287,ORS001,97401
1114659372,MI,58594,MIS001,49456
1750690830,OR,77969,ORS002,97381
1881893626,OR,77969,ORS002,97381
1477667053,OR,71287,ORS004,97401
1962459826,MI,29698,MIS003,49423
1407207376,MI,29698,MIS003,49423
1699061564,MI,29698,MIS003,49423
1477667053,OR,71287,ORS001,97401
1023453156,OR,71287,ORS004,97402
1134689318,OR,71287,ORS004,97402
1427028448,OR,71287,ORS004,97402
1558718262,OR,71287,ORS004,97402
1588221642,OR,71287,ORS004,97402
1629067756,OR,71287,ORS004,97402
1780657981,OR,71287,ORS004,97402
1811246176,OR,71287,ORS004,97402
1972784486,OR,71287,ORS004,97402
1023453156,OR,71287,ORS001,97402
1134689318,OR,71287,ORS001,97402
1427028448,OR,71287,ORS001,97402
1558718262,OR,71287,ORS001,97402
1588221642,OR,71287,ORS001,97402
1629067756,OR,71287,ORS001,97402
1780657981,OR,71287,ORS001,97402
1811246176,OR,71287,ORS001,97402
1972784486,OR,71287,ORS001,97402
1386174001,OR,71287,ORS004,97477
1942639323,OR,71287,ORS004,97477
1043405061,OR,71287,ORS004,97477
1629472303,OR,71287,ORS004,97477
1386174001,OR,71287,ORS001,97477
1942639323,OR,71287,ORS001,97477
1043405061,OR,71287,ORS001,97477
1629472303,OR,71287,ORS001,97477
1285377614,OR,71287,ORS004,97402
1679399612,OR,71287,ORS004,97402
1285377614,OR,71287,ORS001,97402
1679399612,OR,71287,ORS001,97402
1689652265,OR,71287,ORS004,97401
1235615295,OR,71287,ORS004,97401
1821162728,OR,71287,ORS004,97401
1356331060,OR,71287,ORS004,97401
1689652265,OR,71287,ORS001,97401
1235615295,OR,71287,ORS001,97401
1821162728,OR,71287,ORS001,97401
1356331060,OR,71287,ORS001,97401
1134147358,MI,58594,MIS001,49456
1053777623,MI,29698,MIS007,49230
1841379260,MI,58594,MIS001,49442
1144749680,MI,58594,MIS001,48462
1548639735,MI,58594,MIS001,48462
1609912203,MI,58594,MIS001,48462
1780640847,MI,58594,MIS001,48462
1801418496,MI,58594,MIS001,48462
1972976751,MI,58594,MIS001,48462
1578023420,MI,29698,MIS007,49230
1821567355,MI,29698,MIS007,49230
1215722186,OR,71287,ORS004,97333
1215722186,OR,71287,ORS001,97333
1508691353,MI,58594,MIS001,49456
1568499366,TX,66252,TXS002,78666
1568499366,TX,66252,TXS001,78666
1093162117,OR,71287,ORS004,97401
1316391568,OR,71287,ORS004,97401
1316668171,OR,71287,ORS004,97401
1376154112,OR,71287,ORS004,97401
1093162117,OR,71287,ORS001,97401
1316391568,OR,71287,ORS001,97401
1316668171,OR,71287,ORS001,97401
1376154112,OR,71287,ORS001,97401
1841249836,MI,58594,MIS001,48462
1154043040,MI,58594,MIS001,48653
1215953948,MI,58594,MIS001,48653
1508196510,MI,58594,MIS001,48653
1457772469,MI,29698,MIS007,49202
1558928010,MI,29698,MIS007,49202
1689803249,MI,29698,MIS007,49202
1316175433,MI,29698,MIS007,49202
1548378540,MI,29698,MIS007,49202
1518321132,MI,29698,MIS007,49202
1285296343,MI,29698,MIS007,49202
1548798663,MI,29698,MIS007,49202
1114257730,MI,29698,MIS007,49202
1578891792,MI,58594,MIS001,48462
1619283579,MI,29698,MIS007,49201
1770362055,MI,29698,MIS007,49201
1790462414,MI,29698,MIS007,49201
1457675183,MI,29698,MIS007,49201
1083130058,OR,71287,ORS004,97405
1083130058,OR,71287,ORS001,97405
1508181355,OR,71287,ORS004,97405
1184696205,OR,77969,ORS002,97051
1851360929,OR,77969,ORS002,97051
1508181355,OR,71287,ORS001,97405
1942911102,OR,77969,ORS002,97051
1548797004,MI,29698,MIS007,49230
1821189648,MI,29698,MIS007,49230
1104982818,OR,77969,ORS002,97362
1306874037,OR,77969,ORS002,97362
1508003815,OR,77969,ORS002,97362
1013180132,MI,58594,MIS001,49444
1063605822,MI,58594,MIS001,49444
1184252934,MI,58594,MIS001,49444
1346552718,MI,58594,MIS001,49444
1467486340,MI,58594,MIS001,49444
1598494734,MI,58594,MIS001,49444
1689628927,MI,58594,MIS001,49444
1821684804,MI,58594,MIS001,49444
1932580909,MI,58594,MIS001,49444
1053960807,MI,58594,MIS001,49444
1144272816,MI,58594,MIS001,49444
1235746389,MI,58594,MIS001,49444
1316365687,MI,58594,MIS001,49444
1336928290,MI,58594,MIS001,49444
1417676842,MI,58594,MIS001,49444
1487736005,MI,58594,MIS001,49444
1497254072,MI,58594,MIS001,49444
1508492570,MI,58594,MIS001,49444
1609692680,MI,58594,MIS001,49444
1639739451,MI,58594,MIS001,49444
1780805051,MI,58594,MIS001,49444
1851109144,MI,58594,MIS001,49444
1922568492,MI,58594,MIS001,49444
1184975260,OR,77969,ORS002,97362
1215230651,OR,77969,ORS002,97362
1255954277,OR,77969,ORS002,97362
1437107083,OR,77969,ORS002,97362
1780022848,OR,77969,ORS002,97362
1881215358,OR,77969,ORS002,97362
1942268354,OR,77969,ORS002,97362
1164497558,OR,56707,ORS002,97132
1467846931,OR,56707,ORS002,97132
1083133359,MI,29698,MIS007,49203
1295050433,MI,29698,MIS007,49203
1932248077,MI,29698,MIS007,49203
1952422636,MI,29698,MIS007,49203
1154985414,MI,29698,MIS007,49203
1164873527,MI,29698,MIS007,49203
1336733641,MI,29698,MIS007,49203
1548421167,MI,29698,MIS007,49203
1770965683,MI,29698,MIS007,49203
1407423692,MI,29698,MIS007,49203
1154514057,OR,71287,ORS004,97330
1306221510,OR,71287,ORS004,97330
1386871085,OR,71287,ORS004,97330
1770525644,OR,71287,ORS004,97330
1619317310,MI,29698,MIS007,49203
1710002886,MI,29698,MIS007,49203
1710959127,MI,29698,MIS007,49203
1851436521,MI,29698,MIS007,49203
1154514057,OR,71287,ORS001,97330
1306221510,OR,71287,ORS001,97330
1386871085,OR,71287,ORS001,97330
1770525644,OR,71287,ORS001,97330
1063016046,MI,29698,MIS003,49423
1437495827,MI,29698,MIS007,49203
1295888261,OR,56707,ORS002,97132
1912090283,OR,56707,ORS002,97132
1093882599,OR,56707,ORS002,97132
1174874812,OR,56707,ORS002,97132
1467607614,OR,56707,ORS002,97132
1811616071,OR,56707,ORS002,97132
1083019012,MI,58594,MIS001,48427
1093788150,MI,58594,MIS001,48427
1326085861,MI,58594,MIS001,48427
1366827982,MI,58594,MIS001,48427
1700237468,MI,58594,MIS001,48427
1700415163,MI,58594,MIS001,48427
1902256050,MI,58594,MIS001,48427
1942874946,MI,58594,MIS001,48427
1255745204,OR,56707,ORS002,97123
1295346245,OR,56707,ORS002,97123
1417022112,OR,56707,ORS002,97123
1275531865,OR,71287,ORS004,97477
1588041719,OR,71287,ORS004,97477
1972913259,OR,71287,ORS004,97477
1275531865,OR,71287,ORS001,97477
1588041719,OR,71287,ORS001,97477
1972913259,OR,71287,ORS001,97477
1023506219,OR,71287,ORS004,97477
1043879497,OR,71287,ORS004,97477
1063477545,OR,71287,ORS004,97477
1114504495,OR,71287,ORS004,97477
1255918504,OR,71287,ORS004,97477
1265010102,OR,71287,ORS004,97477
1326109455,OR,71287,ORS004,97477
1386203263,OR,71287,ORS004,97477
1407378714,OR,71287,ORS004,97477
1467080499,OR,71287,ORS004,97477
1538783188,OR,71287,ORS004,97477
1568048130,OR,71287,ORS004,97477
1609363290,OR,71287,ORS004,97477
1730766536,OR,71287,ORS004,97477
1770858615,OR,71287,ORS004,97477
1790362176,OR,71287,ORS004,97477
1972064129,OR,71287,ORS004,97477
1417162538,MI,58594,MIS001,48427
1417618224,MI,58594,MIS001,48427
1700409190,MI,58594,MIS001,48427
1891351672,MI,58594,MIS001,48427
1023506219,OR,71287,ORS001,97477
1043879497,OR,71287,ORS001,97477
1063477545,OR,71287,ORS001,97477
1114504495,OR,71287,ORS001,97477
1255918504,OR,71287,ORS001,97477
1265010102,OR,71287,ORS001,97477
1326109455,OR,71287,ORS001,97477
1386203263,OR,71287,ORS001,97477
1407378714,OR,71287,ORS001,97477
1467080499,OR,71287,ORS001,97477
1538783188,OR,71287,ORS001,97477
1568048130,OR,71287,ORS001,97477
1609363290,OR,71287,ORS001,97477
1730766536,OR,71287,ORS001,97477
1770858615,OR,71287,ORS001,97477
1790362176,OR,71287,ORS001,97477
1972064129,OR,71287,ORS001,97477
1619047206,OR,71287,ORS004,97405
1619047206,OR,71287,ORS001,97405
1992959472,OR,71287,ORS004,97405
1992959472,OR,71287,ORS001,97405
1003262635,OR,71287,ORS004,97330
1225460199,OR,71287,ORS004,97330
1386482990,OR,71287,ORS004,97330
1659455855,OR,71287,ORS004,97330
1821373309,OR,71287,ORS004,97330
1952968166,OR,71287,ORS004,97330
1003262635,OR,71287,ORS001,97330
1225460199,OR,71287,ORS001,97330
1386482990,OR,71287,ORS001,97330
1659455855,OR,71287,ORS001,97330
1821373309,OR,71287,ORS001,97330
1952968166,OR,71287,ORS001,97330
1013968098,OR,71287,ORS004,97330
1275762338,OR,71287,ORS004,97330
1013968098,OR,71287,ORS001,97330
1275762338,OR,71287,ORS001,97330
1508243056,MI,29698,MIS003,49423
1790109536,MI,29698,MIS003,49423
1225866387,MI,58594,MIS001,49440
1346986643,MI,58594,MIS001,48647
1760584726,OR,71287,ORS004,97355
1760584726,OR,71287,ORS001,97355
1689825135,OR,71287,ORS004,97333
1477875334,OR,71287,ORS004,97401
1114655115,OR,71287,ORS004,97401
1568878940,OR,71287,ORS004,97401
1477875334,OR,71287,ORS001,97401
1114655115,OR,71287,ORS001,97401
1568878940,OR,71287,ORS001,97401
1689825135,OR,71287,ORS001,97333
1073517660,OR,56707,ORS002,97123
1477530152,OR,56707,ORS002,97123
1659375244,OR,56707,ORS002,97123
1659499507,OR,56707,ORS002,97123
1740742758,OR,56707,ORS002,97123
1831550466,OR,56707,ORS002,97123
1144845769,OR,71287,ORS004,97361
1174209456,OR,71287,ORS004,97361
1265727515,OR,71287,ORS004,97361
1306469440,OR,71287,ORS004,97361
1710748264,OR,71287,ORS004,97361
1821227760,OR,71287,ORS004,97361
1972138535,OR,71287,ORS004,97361
1144845769,OR,71287,ORS001,97361
1174209456,OR,71287,ORS001,97361
1265727515,OR,71287,ORS001,97361
1306469440,OR,71287,ORS001,97361
1710748264,OR,71287,ORS001,97361
1821227760,OR,71287,ORS001,97361
1972138535,OR,71287,ORS001,97361
1275762338,OR,71287,ORS004,97361
1568500338,OR,71287,ORS004,97361
1659905784,OR,71287,ORS004,97361
1740809672,OR,71287,ORS004,97361
1548822844,MI,58594,MIS001,48371
1699081281,MI,58594,MIS001,48371
1275762338,OR,71287,ORS001,97361
1568500338,OR,71287,ORS001,97361
1659905784,OR,71287,ORS001,97361
1740809672,OR,71287,ORS001,97361
1013732239,MI,58594,MIS001,48371
1023430774,OR,71287,ORS004,97401
1023430774,OR,71287,ORS001,97401
1992020440,TX,66252,TXS002,78666
1033642020,OR,71287,ORS004,97370
1194775171,OR,71287,ORS004,97370
1245289115,OR,71287,ORS004,97370
1295460616,OR,71287,ORS004,97370
1306089263,OR,71287,ORS004,97370
1922370519,OR,71287,ORS004,97370
1992020440,TX,66252,TXS001,78666
1033642020,OR,71287,ORS001,97370
1194775171,OR,71287,ORS001,97370
1245289115,OR,71287,ORS001,97370
1295460616,OR,71287,ORS001,97370
1306089263,OR,71287,ORS001,97370
1922370519,OR,71287,ORS001,97370
1760821664,OR,77969,ORS002,97051
1053623959,OR,77969,ORS002,97051
1134166911,OR,77969,ORS002,97051
1144570508,OR,77969,ORS002,97051
1316247760,OR,77969,ORS002,97051
1316422231,OR,77969,ORS002,97051
1487771721,OR,77969,ORS002,97051
1508811472,OR,77969,ORS002,97051
1679097356,OR,77969,ORS002,97051
1790085256,OR,77969,ORS002,97051
1871604819,OR,77969,ORS002,97051
1922441625,OR,77969,ORS002,97051
1992092324,OR,77969,ORS002,97051
1841596236,OR,56707,ORS002,97132
1013399898,TX,66252,TXS002,78666
1255648259,TX,66252,TXS002,78666
1013399898,TX,66252,TXS001,78666
1255648259,TX,66252,TXS001,78666
1083089395,MI,29698,MIS007,49201
1023238201,MI,29698,MIS003,49423
1285435677,OR,71287,ORS004,97370
1538155775,OR,77969,ORS002,97051
1265212120,OR,77969,ORS002,97051
1295817112,OR,77969,ORS002,97051
1982383444,OR,77969,ORS002,97051
1760189187,MI,29698,MIS007,49201
1043909542,OR,77969,ORS002,97051
1184607046,OR,77969,ORS002,97051
1184608036,OR,77969,ORS002,97051
1235106014,OR,77969,ORS002,97051
1275045957,OR,77969,ORS002,97051
1427032929,OR,77969,ORS002,97051
1447812771,OR,77969,ORS002,97051
1548879695,OR,77969,ORS002,97051
1619699253,OR,77969,ORS002,97051
1679702906,OR,77969,ORS002,97051
1750367256,OR,77969,ORS002,97051
1821073883,OR,77969,ORS002,97051
1841276342,OR,77969,ORS002,97051
1285435677,OR,71287,ORS001,97370
1780610956,MI,58594,MIS001,48471
1952468530,MI,58594,MIS001,48471
1285827675,MI,29698,MIS003,49423
1548539059,MI,29698,MIS003,49423
1568859940,MI,29698,MIS003,49423
1871625350,MI,29698,MIS003,49423
1255415659,OR,71287,ORS004,97401
1447034061,OR,71287,ORS004,97401
1760094536,OR,71287,ORS004,97401
1164836862,OR,71287,ORS004,97401
1730607664,OR,71287,ORS004,97401
1821521758,OR,71287,ORS004,97401
1831867399,OR,71287,ORS004,97401
1255415659,OR,71287,ORS001,97401
1447034061,OR,71287,ORS001,97401
1760094536,OR,71287,ORS001,97401
1164836862,OR,71287,ORS001,97401
1730607664,OR,71287,ORS001,97401
1821521758,OR,71287,ORS001,97401
1831867399,OR,71287,ORS001,97401
1093214702,OR,77969,ORS002,97051
1609666163,OR,77969,ORS002,97051
1629869284,OR,77969,ORS002,97051
1750186888,OR,77969,ORS002,97051
1356404172,OR,71287,ORS004,97401
1356404172,OR,71287,ORS001,97401
1003159252,OR,77969,ORS002,97056
1023058070,OR,77969,ORS002,97056
1023428216,OR,77969,ORS002,97056
1033526496,OR,77969,ORS002,97056
1043448186,OR,77969,ORS002,97056
1063632073,OR,77969,ORS002,97056
1144511056,OR,77969,ORS002,97056
1144781162,OR,77969,ORS002,97056
1154944296,OR,77969,ORS002,97056
1215256391,OR,77969,ORS002,97056
1235199704,OR,77969,ORS002,97056
1235633280,OR,77969,ORS002,97056
1255828406,OR,77969,ORS002,97056
1295354140,OR,77969,ORS002,97056
1316914203,OR,77969,ORS002,97056
1316955842,OR,77969,ORS002,97056
1326230715,OR,77969,ORS002,97056
1366049777,OR,77969,ORS002,97056
1396279014,OR,77969,ORS002,97056
1407176076,OR,77969,ORS002,97056
1407282320,OR,77969,ORS002,97056
1417210998,OR,77969,ORS002,97056
1457680613,OR,77969,ORS002,97056
1508947755,OR,77969,ORS002,97056
1518635788,OR,77969,ORS002,97056
1538196621,OR,77969,ORS002,97056
1558968594,OR,77969,ORS002,97056
1598119349,OR,77969,ORS002,97056
1598542482,OR,77969,ORS002,97056
1629086491,OR,77969,ORS002,97056
1639313273,OR,77969,ORS002,97056
1649860511,OR,77969,ORS002,97056
1710152632,OR,77969,ORS002,97056
1720343296,OR,77969,ORS002,97056
1730620055,OR,77969,ORS002,97056
1740276344,OR,77969,ORS002,97056
1750788113,OR,77969,ORS002,97056
1780177964,OR,77969,ORS002,97056
1790454056,OR,77969,ORS002,97056
1932261906,OR,77969,ORS002,97056
1942794466,OR,77969,ORS002,97056
1952622300,OR,77969,ORS002,97056
1962823278,OR,77969,ORS002,97056
1962865238,OR,77969,ORS002,97056
1982046868,OR,77969,ORS002,97056
1003113242,OR,77969,ORS002,97056
1205504974,OR,77969,ORS002,97056
1316645336,OR,77969,ORS002,97056
1588489793,OR,77969,ORS002,97056
1760155196,OR,77969,ORS002,97056
1790537306,OR,77969,ORS002,97056
1831906155,OR,77969,ORS002,97056
1255569273,OR,56707,ORS002,97123
1265080006,OR,56707,ORS002,97123
1316913387,OR,56707,ORS002,97123
1407389406,OR,56707,ORS002,97123
1457505687,OR,56707,ORS002,97123
1629745013,OR,56707,ORS002,97123
1679347843,OR,56707,ORS002,97123
1740681311,OR,56707,ORS002,97123
1750654323,OR,56707,ORS002,97123
1922234780,OR,56707,ORS002,97123
1043545254,OR,56707,ORS002,97123
1053075077,OR,56707,ORS002,97123
1164869988,OR,56707,ORS002,97123
1194129411,OR,56707,ORS002,97123
1194930537,OR,56707,ORS002,97123
1265806475,OR,56707,ORS002,97123
1356489041,OR,56707,ORS002,97123
1396347035,OR,56707,ORS002,97123
1508216045,OR,56707,ORS002,97123
1538538707,OR,56707,ORS002,97123
1629323605,OR,56707,ORS002,97123
1649765603,OR,56707,ORS002,97123
1740502616,OR,56707,ORS002,97123
1770185068,OR,56707,ORS002,97123
1780946764,OR,56707,ORS002,97123
1851333769,OR,56707,ORS002,97123
1871540435,OR,56707,ORS002,97123
1972084978,OR,56707,ORS002,97123
1992192660,OR,56707,ORS002,97123
1043793581,OR,56707,ORS002,97123
1083100432,OR,56707,ORS002,97123
1871706218,OR,56707,ORS002,97123
1184067076,OR,77969,ORS002,97056
1235393406,OR,77969,ORS002,97056
1316245152,OR,77969,ORS002,97056
1396080933,OR,77969,ORS002,97056
1538119433,OR,77969,ORS002,97056
1568626281,OR,77969,ORS002,97056
1588000806,OR,77969,ORS002,97056
1588993265,OR,77969,ORS002,97056
1689690653,OR,77969,ORS002,97056
1932422219,OR,77969,ORS002,97056
1578586178,OR,77969,ORS002,97056
1598599565,OR,77969,ORS002,97056
1295728566,MI,29698,MIS007,49203
1346756137,OR,56707,ORS002,97123
1275315525,OR,56707,ORS002,97123
1104190552,OR,71287,ORS004,97401
1538398482,OR,71287,ORS004,97401
1619944493,OR,71287,ORS004,97401
1689192445,OR,71287,ORS004,97401
1003366808,OR,71287,ORS004,97330
1083904304,OR,71287,ORS004,97330
1396087110,OR,71287,ORS004,97330
1407478738,OR,71287,ORS004,97330
1457593881,OR,71287,ORS004,97330
1619357365,OR,71287,ORS004,97330
1649233362,OR,71287,ORS004,97330
1770098659,OR,71287,ORS004,97330
1780674036,OR,71287,ORS004,97330
1851750046,OR,71287,ORS004,97330
1861462566,OR,71287,ORS004,97330
1962522367,OR,71287,ORS004,97330
1104190552,OR,71287,ORS001,97401
1538398482,OR,71287,ORS001,97401
1619944493,OR,71287,ORS001,97401
1689192445,OR,71287,ORS001,97401
1003366808,OR,71287,ORS001,97330
1083904304,OR,71287,ORS001,97330
1396087110,OR,71287,ORS001,97330
1407478738,OR,71287,ORS001,97330
1457593881,OR,71287,ORS001,97330
1619357365,OR,71287,ORS001,97330
1649233362,OR,71287,ORS001,97330
1770098659,OR,71287,ORS001,97330
1780674036,OR,71287,ORS001,97330
1851750046,OR,71287,ORS001,97330
1861462566,OR,71287,ORS001,97330
1962522367,OR,71287,ORS001,97330
1407646870,OR,71287,ORS004,97330
1851722706,OR,71287,ORS004,97330
1407646870,OR,71287,ORS001,97330
1851722706,OR,71287,ORS001,97330
1124112842,OR,71287,ORS004,97401
1134572027,OR,71287,ORS004,97401
1417314345,OR,71287,ORS004,97401
1740250059,OR,71287,ORS004,97401
1477536100,OR,71287,ORS004,97401
1689304628,OR,71287,ORS004,97401
1689364614,OR,71287,ORS004,97401
1477583722,OR,71287,ORS004,97401
1124112842,OR,71287,ORS001,97401
1134572027,OR,71287,ORS001,97401
1417314345,OR,71287,ORS001,97401
1740250059,OR,71287,ORS001,97401
1477536100,OR,71287,ORS001,97401
1689304628,OR,71287,ORS001,97401
1689364614,OR,71287,ORS001,97401
1477583722,OR,71287,ORS001,97401
1194255877,OR,71287,ORS004,97401
1881437788,OR,71287,ORS004,97401
1023063989,OR,71287,ORS004,97401
1154251122,MI,29698,MIS005,49037
1194255877,OR,71287,ORS001,97401
1881437788,OR,71287,ORS001,97401
1023063989,OR,71287,ORS001,97401
1033409313,OR,71287,ORS004,97401
1326382300,OR,71287,ORS004,97401
1366995862,OR,71287,ORS004,97401
1417512468,OR,71287,ORS004,97401
1447612809,OR,71287,ORS004,97401
1588173868,OR,71287,ORS004,97401
1710377395,OR,71287,ORS004,97401
1710476684,OR,71287,ORS004,97401
1710617113,OR,71287,ORS004,97401
1760055073,OR,71287,ORS004,97401
1790208221,OR,71287,ORS004,97401
1851784482,OR,71287,ORS004,97401
1972191187,OR,71287,ORS004,97401
1033409313,OR,71287,ORS001,97401
1326382300,OR,71287,ORS001,97401
1366995862,OR,71287,ORS001,97401
1417512468,OR,71287,ORS001,97401
1447612809,OR,71287,ORS001,97401
1588173868,OR,71287,ORS001,97401
1710377395,OR,71287,ORS001,97401
1710476684,OR,71287,ORS001,97401
1710617113,OR,71287,ORS001,97401
1760055073,OR,71287,ORS001,97401
1790208221,OR,71287,ORS001,97401
1851784482,OR,71287,ORS001,97401
1972191187,OR,71287,ORS001,97401
1912284555,MI,58594,MIS001,49404
1144486481,MI,29698,MIS003,49423
1386673853,MI,29698,MIS003,49423
1528791647,MI,29698,MIS003,49423
1134666332,MI,29698,MIS003,49423
1265417190,MI,29698,MIS003,49423
1245614726,MI,29698,MIS003,49423
1366962664,MI,29698,MIS003,49423
1609448364,MI,29698,MIS003,49423
1609807627,MI,29698,MIS003,49423
1184516189,MI,29698,MIS003,49423
1083786933,MI,58594,MIS001,49441
1093283327,MI,58594,MIS001,49441
1083805220,OR,56707,ORS002,97123
1265515761,OR,56707,ORS002,97123
1699753822,OR,56707,ORS002,97123
1851726319,OR,56707,ORS002,97123
1770706616,MI,58594,MIS001,48422
1861082018,MI,58594,MIS001,48422
1710378468,MI,58594,MIS001,48371
1063090223,OR,71287,ORS004,97331
1144312943,OR,71287,ORS004,97331
1154488021,OR,71287,ORS004,97331
1215147475,OR,71287,ORS004,97331
1255398681,OR,71287,ORS004,97331
1285039453,OR,71287,ORS004,97331
1285886366,OR,71287,ORS004,97331
1295799211,OR,71287,ORS004,97331
1457647091,OR,71287,ORS004,97331
1467955211,OR,71287,ORS004,97331
1487696068,OR,71287,ORS004,97331
1568211340,OR,71287,ORS004,97331
1588161517,OR,71287,ORS004,97331
1649041906,OR,71287,ORS004,97331
1659545176,OR,71287,ORS004,97331
1669518049,OR,71287,ORS004,97331
1679032502,OR,71287,ORS004,97331
1689882730,OR,71287,ORS004,97331
1750679817,OR,71287,ORS004,97331
1770803892,OR,71287,ORS004,97331
1780947044,OR,71287,ORS004,97331
1841258647,OR,71287,ORS004,97331
1841269750,OR,71287,ORS004,97331
1932595600,OR,71287,ORS004,97331
1952643744,OR,71287,ORS004,97331
1013237718,OR,71287,ORS004,97331
1225602436,OR,71287,ORS004,97331
1235490038,OR,71287,ORS004,97331
1306676671,OR,71287,ORS004,97331
1669212775,OR,71287,ORS004,97331
1699089854,OR,71287,ORS004,97331
1063090223,OR,71287,ORS001,97331
1144312943,OR,71287,ORS001,97331
1154488021,OR,71287,ORS001,97331
1215147475,OR,71287,ORS001,97331
1255398681,OR,71287,ORS001,97331
1285039453,OR,71287,ORS001,97331
1285886366,OR,71287,ORS001,97331
1295799211,OR,71287,ORS001,97331
1457647091,OR,71287,ORS001,97331
1467955211,OR,71287,ORS001,97331
1487696068,OR,71287,ORS001,97331
1568211340,OR,71287,ORS001,97331
1588161517,OR,71287,ORS001,97331
1649041906,OR,71287,ORS001,97331
1659545176,OR,71287,ORS001,97331
1669518049,OR,71287,ORS001,97331
1679032502,OR,71287,ORS001,97331
1689882730,OR,71287,ORS001,97331
1750679817,OR,71287,ORS001,97331
1770803892,OR,71287,ORS001,97331
1780947044,OR,71287,ORS001,97331
1841258647,OR,71287,ORS001,97331
1841269750,OR,71287,ORS001,97331
1932595600,OR,71287,ORS001,97331
1952643744,OR,71287,ORS001,97331
1013237718,OR,71287,ORS001,97331
1225602436,OR,71287,ORS001,97331
1235490038,OR,71287,ORS001,97331
1306676671,OR,71287,ORS001,97331
1669212775,OR,71287,ORS001,97331
1699089854,OR,71287,ORS001,97331
1871809095,OR,71287,ORS004,97331
1871809095,OR,71287,ORS001,97331
1396371134,MI,29698,MIS007,49202
1578195681,MI,29698,MIS007,49202
1659992402,MI,29698,MIS007,49202
1902281397,MI,29698,MIS007,49202
1942649686,MI,29698,MIS007,49202
1407038342,OR,71287,ORS004,97401
1669497715,OR,71287,ORS004,97401
1851305791,OR,71287,ORS004,97401
1407038342,OR,71287,ORS001,97401
1669497715,OR,71287,ORS001,97401
1851305791,OR,71287,ORS001,97401
1245988484,OR,71287,ORS004,97401
1336683440,OR,71287,ORS004,97401
1528610177,OR,71287,ORS004,97401
1538598487,OR,71287,ORS004,97401
1619503695,OR,71287,ORS004,97401
1851361281,OR,71287,ORS004,97401
1871828517,OR,71287,ORS004,97401
1306998141,OR,71287,ORS004,97401
1457637225,OR,71287,ORS004,97401
1669508198,OR,71287,ORS004,97401
1104637834,MI,29698,MIS007,49202
1245988484,OR,71287,ORS001,97401
1336683440,OR,71287,ORS001,97401
1528610177,OR,71287,ORS001,97401
1538598487,OR,71287,ORS001,97401
1619503695,OR,71287,ORS001,97401
1851361281,OR,71287,ORS001,97401
1871828517,OR,71287,ORS001,97401
1306998141,OR,71287,ORS001,97401
1457637225,OR,71287,ORS001,97401
1669508198,OR,71287,ORS001,97401
1003055492,OR,71287,ORS004,97401
1013507276,OR,71287,ORS004,97401
1013643618,OR,71287,ORS004,97401
1124793583,OR,71287,ORS004,97401
1275091639,OR,71287,ORS004,97401
1780874438,OR,71287,ORS004,97401
1811715808,OR,71287,ORS004,97401
1962765057,OR,71287,ORS004,97401
1083319925,OR,71287,ORS004,97401
1124144340,OR,71287,ORS004,97401
1174119895,OR,71287,ORS004,97401
1174853386,OR,71287,ORS004,97401
1235372269,OR,71287,ORS004,97401
1255641205,OR,71287,ORS004,97401
1306832647,OR,71287,ORS004,97401
1376828772,OR,71287,ORS004,97401
1427936244,OR,71287,ORS004,97401
1447372537,OR,71287,ORS004,97401
1477702918,OR,71287,ORS004,97401
1588972517,OR,71287,ORS004,97401
1629876784,OR,71287,ORS004,97401
1659891158,OR,71287,ORS004,97401
1881005478,OR,71287,ORS004,97401
1891907580,OR,71287,ORS004,97401
1912503509,OR,71287,ORS004,97401
1922355411,OR,71287,ORS004,97401
1386174001,OR,71287,ORS004,97401
1356193338,OR,71287,ORS004,97401
1912325937,OR,71287,ORS004,97401
1881216547,OR,71287,ORS004,97401
1013561349,OR,71287,ORS004,97401
1205443199,OR,71287,ORS004,97401
1275048167,OR,71287,ORS004,97401
1437639846,OR,71287,ORS004,97401
1467872051,OR,71287,ORS004,97401
1508567967,OR,71287,ORS004,97401
1558692715,OR,71287,ORS004,97401
1700907904,OR,71287,ORS004,97401
1720479520,OR,71287,ORS004,97401
1912567827,OR,71287,ORS004,97401
1932892007,OR,71287,ORS004,97401
1770936833,OR,71287,ORS004,97401
1952554503,OR,71287,ORS004,97401
1003055492,OR,71287,ORS001,97401
1013507276,OR,71287,ORS001,97401
1013643618,OR,71287,ORS001,97401
1124793583,OR,71287,ORS001,97401
1275091639,OR,71287,ORS001,97401
1780874438,OR,71287,ORS001,97401
1811715808,OR,71287,ORS001,97401
1962765057,OR,71287,ORS001,97401
1083319925,OR,71287,ORS001,97401
1124144340,OR,71287,ORS001,97401
1174119895,OR,71287,ORS001,97401
1174853386,OR,71287,ORS001,97401
1235372269,OR,71287,ORS001,97401
1255641205,OR,71287,ORS001,97401
1306832647,OR,71287,ORS001,97401
1376828772,OR,71287,ORS001,97401
1427936244,OR,71287,ORS001,97401
1447372537,OR,71287,ORS001,97401
1477702918,OR,71287,ORS001,97401
1588972517,OR,71287,ORS001,97401
1629876784,OR,71287,ORS001,97401
1659891158,OR,71287,ORS001,97401
1881005478,OR,71287,ORS001,97401
1891907580,OR,71287,ORS001,97401
1912503509,OR,71287,ORS001,97401
1922355411,OR,71287,ORS001,97401
1386174001,OR,71287,ORS001,97401
1356193338,OR,71287,ORS001,97401
1912325937,OR,71287,ORS001,97401
1881216547,OR,71287,ORS001,97401
1013561349,OR,71287,ORS001,97401
1205443199,OR,71287,ORS001,97401
1275048167,OR,71287,ORS001,97401
1437639846,OR,71287,ORS001,97401
1467872051,OR,71287,ORS001,97401
1508567967,OR,71287,ORS001,97401
1558692715,OR,71287,ORS001,97401
1700907904,OR,71287,ORS001,97401
1720479520,OR,71287,ORS001,97401
1912567827,OR,71287,ORS001,97401
1932892007,OR,71287,ORS001,97401
1770936833,OR,71287,ORS001,97401
1952554503,OR,71287,ORS001,97401
1326460106,OR,71287,ORS004,97401
1326460106,OR,71287,ORS001,97401
1306393533,MI,58594,MIS001,49441
1366547929,MI,58594,MIS001,49441
1447384599,MI,58594,MIS001,49441
1598854887,MI,58594,MIS001,49441
1851023147,MI,58594,MIS001,49441
1376541755,TX,66252,TXS002,78666
1144725565,TX,66252,TXS002,78666
1235872359,TX,66252,TXS002,78666
1841940178,TX,66252,TXS002,78666
1013248053,TX,66252,TXS002,78666
1013362508,TX,66252,TXS002,78666
1295293108,TX,66252,TXS002,78666
1942793112,TX,66252,TXS002,78666
1376541755,TX,66252,TXS001,78666
1144725565,TX,66252,TXS001,78666
1235872359,TX,66252,TXS001,78666
1841940178,TX,66252,TXS001,78666
1013248053,TX,66252,TXS001,78666
1013362508,TX,66252,TXS001,78666
1295293108,TX,66252,TXS001,78666
1942793112,TX,66252,TXS001,78666
1578930954,MI,58594,MIS001,48371
1811764210,MI,58594,MIS001,48371
1255221230,MI,58594,MIS001,48371
1023246600,OR,71287,ORS004,97477
1164593646,OR,71287,ORS004,97477
1265875082,OR,71287,ORS004,97477
1316018898,OR,71287,ORS004,97477
1366858334,OR,71287,ORS004,97477
1578760278,OR,71287,ORS004,97477
1689636284,OR,71287,ORS004,97477
1881807626,OR,71287,ORS004,97477
1972998722,OR,71287,ORS004,97477
1023246600,OR,71287,ORS001,97477
1164593646,OR,71287,ORS001,97477
1265875082,OR,71287,ORS001,97477
1316018898,OR,71287,ORS001,97477
1366858334,OR,71287,ORS001,97477
1578760278,OR,71287,ORS001,97477
1689636284,OR,71287,ORS001,97477
1881807626,OR,71287,ORS001,97477
1972998722,OR,71287,ORS001,97477
1508595885,OR,71287,ORS004,97401
1508595885,OR,71287,ORS001,97401
1225657026,MI,29698,MIS007,49201
1811013972,OR,71287,ORS004,97401
1821185422,OR,71287,ORS004,97401
1811013972,OR,71287,ORS001,97401
1821185422,OR,71287,ORS001,97401
1285659029,MI,58594,MIS001,49420
1093384547,OR,71287,ORS004,97330
1376875740,OR,71287,ORS004,97330
1093384547,OR,71287,ORS001,97330
1376875740,OR,71287,ORS001,97330
1013028612,TX,66252,TXS002,78666
1013911783,TX,66252,TXS002,78666
1053420026,TX,66252,TXS002,78666
1134412653,TX,66252,TXS002,78666
1154325785,TX,66252,TXS002,78666
1245234038,TX,66252,TXS002,78666
1295021616,TX,66252,TXS002,78666
1316262330,TX,66252,TXS002,78666
1669904637,TX,66252,TXS002,78666
1699006304,TX,66252,TXS002,78666
1770585937,TX,66252,TXS002,78666
1811289812,TX,66252,TXS002,78666
1891951356,TX,66252,TXS002,78666
1902240914,TX,66252,TXS002,78666
1902821259,TX,66252,TXS002,78666
1952540700,TX,66252,TXS002,78666
1972823599,TX,66252,TXS002,78666
1013028612,TX,66252,TXS001,78666
1013911783,TX,66252,TXS001,78666
1053420026,TX,66252,TXS001,78666
1134412653,TX,66252,TXS001,78666
1154325785,TX,66252,TXS001,78666
1245234038,TX,66252,TXS001,78666
1295021616,TX,66252,TXS001,78666
1316262330,TX,66252,TXS001,78666
1669904637,TX,66252,TXS001,78666
1699006304,TX,66252,TXS001,78666
1770585937,TX,66252,TXS001,78666
1811289812,TX,66252,TXS001,78666
1891951356,TX,66252,TXS001,78666
1902240914,TX,66252,TXS001,78666
1902821259,TX,66252,TXS001,78666
1952540700,TX,66252,TXS001,78666
1972823599,TX,66252,TXS001,78666
1124371687,MI,58594,MIS001,49456
1093936452,MI,58594,MIS001,49456
1528126521,MI,58594,MIS001,49456
1376771626,MI,58594,MIS001,48624
1023326857,MI,58594,MIS001,49444
1043334527,MI,58594,MIS001,49444
1063930550,MI,58594,MIS001,49444
1104048099,MI,58594,MIS001,49444
1114990447,MI,58594,MIS001,49444
1316504483,MI,58594,MIS001,49444
1386098804,MI,58594,MIS001,49444
1538321955,MI,58594,MIS001,49444
1619368008,MI,58594,MIS001,49444
1689864795,MI,58594,MIS001,49444
1710165030,MI,58594,MIS001,49444
1710479399,MI,58594,MIS001,49444
1811581051,MI,58594,MIS001,49444
1871067819,MI,58594,MIS001,49444
1922047042,MI,58594,MIS001,49444
1114880978,MI,58594,MIS001,49444
1154200541,MI,58594,MIS001,49444
1285680991,MI,58594,MIS001,49444
1316772940,MI,58594,MIS001,49444
1326817313,MI,58594,MIS001,49444
1417586454,MI,58594,MIS001,49444
1699015255,MI,58594,MIS001,49444
1750840542,MI,58594,MIS001,49444
1952045874,MI,58594,MIS001,49444
1891008074,MI,58594,MIS001,49444
1063098572,MI,58594,MIS001,49444
1174268494,MI,58594,MIS001,49444
1225602329,MI,58594,MIS001,49444
1295160836,MI,58594,MIS001,49444
1295319473,MI,58594,MIS001,49444
1295319515,MI,58594,MIS001,49444
1295470623,MI,58594,MIS001,49444
1407591571,MI,58594,MIS001,49444
1427794973,MI,58594,MIS001,49444
1861295685,MI,58594,MIS001,49444
1952165342,MI,58594,MIS001,49444
1679384135,MI,58594,MIS001,49444
1225054356,MI,29698,MIS005,49068
1215610605,OR,71287,ORS004,97401
1215930763,OR,71287,ORS004,97401
1780437871,OR,71287,ORS004,97401
1215610605,OR,71287,ORS001,97401
1215930763,OR,71287,ORS001,97401
1780437871,OR,71287,ORS001,97401
1528414026,OR,71287,ORS004,97403
1871905620,OR,71287,ORS004,97403
1013909878,MI,58594,MIS001,49445
1043698988,MI,58594,MIS001,49445
1043956063,MI,58594,MIS001,49445
1053539007,MI,58594,MIS001,49445
1093023228,MI,58594,MIS001,49445
1093760357,MI,58594,MIS001,49445
1114169570,MI,58594,MIS001,49445
1164153672,MI,58594,MIS001,49445
1174589261,MI,58594,MIS001,49445
1225640345,MI,58594,MIS001,49445
1316939176,MI,58594,MIS001,49445
1417228305,MI,58594,MIS001,49445
1427500842,MI,58594,MIS001,49445
1437711520,MI,58594,MIS001,49445
1548209000,MI,58594,MIS001,49445
1548480197,MI,58594,MIS001,49445
1568419745,MI,58594,MIS001,49445
1568610871,MI,58594,MIS001,49445
1578964300,MI,58594,MIS001,49445
1609361666,MI,58594,MIS001,49445
1619589223,MI,58594,MIS001,49445
1689388415,MI,58594,MIS001,49445
1720110463,MI,58594,MIS001,49445
1780676551,MI,58594,MIS001,49445
1861655029,MI,58594,MIS001,49445
1881474195,MI,58594,MIS001,49445
1891193710,MI,58594,MIS001,49445
1902024714,MI,58594,MIS001,49445
1942561667,MI,58594,MIS001,49445
1942789805,MI,58594,MIS001,49445
1952682858,MI,58594,MIS001,49445
1972275832,MI,58594,MIS001,49445
1528414026,OR,71287,ORS001,97403
1871905620,OR,71287,ORS001,97403
1366640351,OR,71287,ORS004,97402
1942287933,OR,71287,ORS004,97402
1104952910,OR,71287,ORS004,97402
1578188256,OR,71287,ORS004,97402
1982924593,OR,71287,ORS004,97402
1285679878,OR,71287,ORS004,97401
1366640351,OR,71287,ORS001,97402
1942287933,OR,71287,ORS001,97402
1104952910,OR,71287,ORS001,97402
1578188256,OR,71287,ORS001,97402
1982924593,OR,71287,ORS001,97402
1285679878,OR,71287,ORS001,97401
1336532860,OR,71287,ORS004,97403
1235999004,MI,58594,MIS001,49445
1245686161,MI,58594,MIS001,49445
1306250162,MI,58594,MIS001,49445
1811941800,MI,58594,MIS001,49445
1841724192,MI,58594,MIS001,49445
1962181131,MI,58594,MIS001,49445
1962977702,MI,58594,MIS001,49445
1568879906,OR,71287,ORS004,97426
1760961288,OR,71287,ORS004,97426
1831127018,OR,71287,ORS004,97426
1386027746,MI,58594,MIS001,48462
1417971375,MI,58594,MIS001,48462
1841859196,MI,58594,MIS001,48462
1336532860,OR,71287,ORS001,97403
1568879906,OR,71287,ORS001,97426
1760961288,OR,71287,ORS001,97426
1831127018,OR,71287,ORS001,97426
1073928438,OR,71287,ORS004,97477
1356707525,OR,71287,ORS004,97477
1497435630,OR,71287,ORS004,97477
1770031221,OR,71287,ORS004,97477
1952033771,OR,71287,ORS004,97477
1952797508,OR,71287,ORS004,97477
1356863484,MI,29698,MIS007,49201
1548015803,MI,29698,MIS007,49201
1326073198,MI,29698,MIS007,49201
1942959119,OR,71287,ORS004,97477
1609939172,OR,77969,ORS002,97071
1073928438,OR,71287,ORS001,97477
1356707525,OR,71287,ORS001,97477
1497435630,OR,71287,ORS001,97477
1770031221,OR,71287,ORS001,97477
1952033771,OR,71287,ORS001,97477
1952797508,OR,71287,ORS001,97477
1942959119,OR,71287,ORS001,97477
1013258631,MI,29698,MIS007,49201
1437156858,MI,29698,MIS007,49203
1073027009,OR,56707,ORS002,97132
1083860548,OR,56707,ORS002,97132
1144876947,OR,56707,ORS002,97132
1235665522,OR,56707,ORS002,97132
1285934406,OR,56707,ORS002,97132
1548546328,OR,56707,ORS002,97132
1841797990,OR,56707,ORS002,97132
1841581733,OR,77969,ORS002,97381
1437292513,MI,29698,MIS007,49203
1144626953,OR,56707,ORS002,97132
1447688916,OR,56707,ORS002,97132
1649206566,OR,71287,ORS004,97355
1730115551,OR,71287,ORS004,97355
1649206566,OR,71287,ORS001,97355
1730115551,OR,71287,ORS001,97355
1417595653,OR,71287,ORS004,97401
1508751389,OR,71287,ORS004,97401
1710442926,OR,71287,ORS004,97401
1881407088,OR,71287,ORS004,97401
1942037841,OR,71287,ORS004,97401
1417595653,OR,71287,ORS001,97401
1508751389,OR,71287,ORS001,97401
1710442926,OR,71287,ORS001,97401
1881407088,OR,71287,ORS001,97401
1942037841,OR,71287,ORS001,97401
1013527746,OR,71287,ORS004,97477
1174641518,OR,71287,ORS004,97477
1669219739,OR,71287,ORS004,97477
1346330438,MI,58594,MIS001,49456
1013527746,OR,71287,ORS001,97477
1174641518,OR,71287,ORS001,97477
1669219739,OR,71287,ORS001,97477
1508591272,OR,71287,ORS004,97477
1669747341,OR,71287,ORS004,97477
1932942562,OR,71287,ORS004,97477
1508591272,OR,71287,ORS001,97477
1669747341,OR,71287,ORS001,97477
1932942562,OR,71287,ORS001,97477
1942305917,MI,58594,MIS001,49456
1508806761,OR,77969,ORS002,97071
1952377608,OR,77969,ORS002,97071
1093700171,OR,71287,ORS004,97321
1205915691,OR,71287,ORS004,97321
1003793639,OR,77969,ORS002,97071
1114078797,OR,71287,ORS004,97330
1124053186,OR,71287,ORS004,97330
1215190400,OR,71287,ORS004,97330
1265446025,OR,71287,ORS004,97330
1679830772,OR,71287,ORS004,97330
1760429831,OR,71287,ORS004,97330
1952686008,OR,71287,ORS004,97330
1235666538,OR,71287,ORS004,97330
1275017717,OR,71287,ORS004,97330
1396744769,OR,71287,ORS004,97330
1548236904,OR,71287,ORS004,97330
1578507547,OR,71287,ORS004,97330
1912352402,OR,71287,ORS004,97330
1912989575,OR,71287,ORS004,97330
1972867091,OR,71287,ORS004,97330
1992771356,OR,71287,ORS004,97330
1114078797,OR,71287,ORS001,97330
1124053186,OR,71287,ORS001,97330
1215190400,OR,71287,ORS001,97330
1265446025,OR,71287,ORS001,97330
1679830772,OR,71287,ORS001,97330
1760429831,OR,71287,ORS001,97330
1952686008,OR,71287,ORS001,97330
1235666538,OR,71287,ORS001,97330
1275017717,OR,71287,ORS001,97330
1396744769,OR,71287,ORS001,97330
1548236904,OR,71287,ORS001,97330
1578507547,OR,71287,ORS001,97330
1912352402,OR,71287,ORS001,97330
1912989575,OR,71287,ORS001,97330
1972867091,OR,71287,ORS001,97330
1992771356,OR,71287,ORS001,97330
1093700171,OR,71287,ORS001,97321
1205915691,OR,71287,ORS001,97321
1184157810,OR,71287,ORS004,97330
1376734426,OR,71287,ORS004,97330
1801079165,OR,71287,ORS004,97330
1184157810,OR,71287,ORS001,97330
1376734426,OR,71287,ORS001,97330
1801079165,OR,71287,ORS001,97330
1578987665,TX,66252,TXS002,78666
1023643285,MI,58594,MIS001,49456
1033204870,MI,58594,MIS001,49456
1043080716,MI,58594,MIS001,49456
1043822356,MI,58594,MIS001,49456
1043972698,MI,58594,MIS001,49456
1235125386,MI,58594,MIS001,49456
1245609452,MI,58594,MIS001,49456
1306982079,MI,58594,MIS001,49456
1407225865,MI,58594,MIS001,49456
1609102151,MI,58594,MIS001,49456
1609488311,MI,58594,MIS001,49456
1619458577,MI,58594,MIS001,49456
1669031456,MI,58594,MIS001,49456
1689220519,MI,58594,MIS001,49456
1710071360,MI,58594,MIS001,49456
1851486211,MI,58594,MIS001,49456
1881241032,MI,58594,MIS001,49456
1891898763,MI,58594,MIS001,49456
1952077489,MI,58594,MIS001,49456
1982958427,MI,58594,MIS001,49456
1932850955,MI,58594,MIS001,49456
1043095201,MI,58594,MIS001,49456
1063470490,MI,58594,MIS001,49456
1104600766,MI,58594,MIS001,49456
1245947761,MI,58594,MIS001,49456
1265783328,MI,58594,MIS001,49456
1417915604,MI,58594,MIS001,49456
1477071777,MI,58594,MIS001,49456
1548937105,MI,58594,MIS001,49456
1730332412,MI,58594,MIS001,49456
1780115360,MI,58594,MIS001,49456
1851175517,MI,58594,MIS001,49456
1861616427,MI,58594,MIS001,49456
1578987665,TX,66252,TXS001,78666
1962904755,MI,58594,MIS001,49456
1831318468,MI,58594,MIS001,49456
1225917909,MI,58594,MIS001,49456
1578930129,MI,58594,MIS001,49456
1659505527,MI,58594,MIS001,49456
1861226037,MI,58594,MIS001,49456
1881574804,MI,58594,MIS001,49456
1811287329,OR,71287,ORS004,97322
1568352805,OR,71287,ORS004,97322
1265534804,MI,29698,MIS007,49203
1811287329,OR,71287,ORS001,97322
1568352805,OR,71287,ORS001,97322
1639823560,MI,29698,MIS007,49203
1023791431,MI,29698,MIS007,49230
1922661313,MI,29698,MIS007,49230
1164994976,MI,58594,MIS001,49412
1174752281,MI,58594,MIS001,49412
1225415151,MI,58594,MIS001,49412
1275237810,MI,58594,MIS001,49412
1356800924,MI,58594,MIS001,49412
1558712240,MI,58594,MIS001,49412
1689298333,MI,58594,MIS001,49412
1710797980,MI,58594,MIS001,49412
1750789715,MI,58594,MIS001,49412
1821040106,MI,58594,MIS001,49412
1821216607,MI,58594,MIS001,49412
1841864451,MI,58594,MIS001,49412
1033642095,MI,58594,MIS001,49412
1043173222,MI,58594,MIS001,49412
1184481566,MI,58594,MIS001,49412
1205377504,MI,58594,MIS001,49412
1548851694,MI,58594,MIS001,49412
1740700236,MI,58594,MIS001,49412
1851134951,MI,58594,MIS001,49412
1871304477,MI,58594,MIS001,49412
1912972258,OR,71287,ORS004,97404
1215485982,OR,71287,ORS004,97404
1366271041,OR,71287,ORS004,97404
1659916690,OR,71287,ORS004,97404
1912972258,OR,71287,ORS001,97404
1215485982,OR,71287,ORS001,97404
1366271041,OR,71287,ORS001,97404
1659916690,OR,71287,ORS001,97404
1861657975,OR,71287,ORS004,97403
1053884791,OR,71287,ORS004,97404
1356082309,OR,71287,ORS004,97404
1497026272,OR,71287,ORS004,97404
1952144156,OR,71287,ORS004,97404
1861657975,OR,71287,ORS001,97403
1053884791,OR,71287,ORS001,97404
1356082309,OR,71287,ORS001,97404
1497026272,OR,71287,ORS001,97404
1952144156,OR,71287,ORS001,97404
1720701188,MI,58594,MIS001,48455
1306818117,MI,29698,MIS005,49015
1003565904,OR,71287,ORS004,97322
1003565904,OR,71287,ORS001,97322
1700241056,OR,71287,ORS004,97321
1821548728,OR,71287,ORS004,97321
1700241056,OR,71287,ORS001,97321
1821548728,OR,71287,ORS001,97321
1205307881,OR,71287,ORS004,97405
1205862505,OR,71287,ORS004,97405
1407166903,OR,71287,ORS004,97405
1275728396,OR,71287,ORS004,97401
1538122403,OR,71287,ORS004,97401
1205307881,OR,71287,ORS001,97405
1205862505,OR,71287,ORS001,97405
1407166903,OR,71287,ORS001,97405
1275728396,OR,71287,ORS001,97401
1538122403,OR,71287,ORS001,97401
1093218810,MI,29698,MIS003,49423
1164802351,MI,29698,MIS003,49423
1437528544,MI,29698,MIS003,49423
1447702212,MI,29698,MIS003,49423
1497137947,MI,29698,MIS003,49423
1952669152,MI,29698,MIS003,49423
1972083350,MI,29698,MIS003,49423
1629482559,OR,71287,ORS004,97401
1629482559,OR,71287,ORS001,97401
1093542235,MI,29698,MIS003,49423
1194126300,MI,29698,MIS003,49423
1225654981,MI,29698,MIS003,49423
1235510942,MI,29698,MIS003,49423
1275843211,MI,29698,MIS003,49423
1336824366,MI,29698,MIS003,49423
1346741097,MI,29698,MIS003,49423
1437732104,MI,29698,MIS003,49423
1447124045,MI,29698,MIS003,49423
1487105193,MI,29698,MIS003,49423
1578719282,MI,29698,MIS003,49423
1851896377,MI,29698,MIS003,49423
1447264635,MI,29698,MIS007,49203
1639845688,MI,29698,MIS007,49203
1013900901,MI,29698,MIS007,49203
1295378925,MI,29698,MIS007,49203
1477264760,MI,29698,MIS007,49203
1518544394,MI,29698,MIS007,49203
1780449207,MI,29698,MIS007,49203
1841646387,MI,29698,MIS007,49203
1902899974,MI,29698,MIS007,49203
1922721414,MI,29698,MIS007,49203
1922730621,MI,29698,MIS007,49203
1831346022,OR,71287,ORS004,97426
1831346022,OR,71287,ORS001,97426
1083301998,OR,71287,ORS004,97355
1205603644,OR,71287,ORS004,97355
1336903954,OR,71287,ORS004,97355
1376935270,OR,71287,ORS004,97355
1396320396,OR,71287,ORS004,97355
1699366740,OR,71287,ORS004,97355
1902275639,OR,71287,ORS004,97355
1083301998,OR,71287,ORS001,97355
1205603644,OR,71287,ORS001,97355
1336903954,OR,71287,ORS001,97355
1376935270,OR,71287,ORS001,97355
1396320396,OR,71287,ORS001,97355
1699366740,OR,71287,ORS001,97355
1902275639,OR,71287,ORS001,97355
1023817392,MI,29698,MIS005,49017
1104546142,MI,29698,MIS005,49017
1194389312,MI,29698,MIS005,49017
1235712944,MI,29698,MIS005,49017
1295351773,MI,29698,MIS005,49017
1306566930,MI,29698,MIS005,49017
1316739873,MI,29698,MIS005,49017
1356800924,MI,29698,MIS005,49017
1417820762,MI,29698,MIS005,49017
1427447192,MI,29698,MIS005,49017
1427872308,MI,29698,MIS005,49017
1467760546,MI,29698,MIS005,49017
1487752440,MI,29698,MIS005,49017
1538044292,MI,29698,MIS005,49017
1538185095,MI,29698,MIS005,49017
1598384380,MI,29698,MIS005,49017
1619730017,MI,29698,MIS005,49017
1720608193,MI,29698,MIS005,49017
1770464554,MI,29698,MIS005,49017
1891815411,MI,29698,MIS005,49017
1932932589,MI,29698,MIS005,49017
1942920855,MI,29698,MIS005,49017
1982346953,MI,29698,MIS005,49017
1952755357,MI,29698,MIS005,49017
1033287057,OR,71287,ORS004,97330
1154075323,OR,71287,ORS004,97330
1245604974,OR,71287,ORS004,97330
1487906624,OR,71287,ORS004,97330
1518330950,OR,71287,ORS004,97330
1528784766,OR,71287,ORS004,97330
1538337977,OR,71287,ORS004,97330
1609964931,OR,71287,ORS004,97330
1639572316,OR,71287,ORS004,97330
1649775115,OR,71287,ORS004,97330
1780428789,OR,71287,ORS004,97330
1912684754,OR,71287,ORS004,97330
1417595653,OR,71287,ORS004,97355
1033287057,OR,71287,ORS001,97330
1154075323,OR,71287,ORS001,97330
1245604974,OR,71287,ORS001,97330
1487906624,OR,71287,ORS001,97330
1518330950,OR,71287,ORS001,97330
1528784766,OR,71287,ORS001,97330
1538337977,OR,71287,ORS001,97330
1609964931,OR,71287,ORS001,97330
1639572316,OR,71287,ORS001,97330
1649775115,OR,71287,ORS001,97330
1780428789,OR,71287,ORS001,97330
1912684754,OR,71287,ORS001,97330
1417595653,OR,71287,ORS001,97355
1760002141,OR,71287,ORS004,97408
1447679444,MI,29698,MIS005,49015
1760002141,OR,71287,ORS001,97408
1407225865,MI,58594,MIS001,49442
1669031456,MI,58594,MIS001,49442
1689220519,MI,58594,MIS001,49442
1184647216,MI,58594,MIS001,48471
1174227078,OR,71287,ORS004,97383
1295151686,OR,71287,ORS004,97383
1578981379,OR,71287,ORS004,97383
1174227078,OR,71287,ORS001,97383
1295151686,OR,71287,ORS001,97383
1578981379,OR,71287,ORS001,97383
1497209928,OR,71287,ORS004,97333
1497209928,OR,71287,ORS001,97333
1053393819,MI,29698,MIS005,49015
1104176460,MI,29698,MIS005,49015
1174533228,MI,29698,MIS005,49015
1396788543,MI,29698,MIS005,49015
1518386846,MI,29698,MIS005,49015
1659380939,MI,29698,MIS005,49015
1669228466,MI,29698,MIS005,49015
1861402836,MI,29698,MIS005,49015
1902865116,MI,29698,MIS005,49015
1922202258,MI,29698,MIS005,49015
1962512699,MI,29698,MIS005,49015
1962760595,MI,29698,MIS005,49015
1518396381,MI,29698,MIS007,49201
1043071608,MI,29698,MIS005,49015
1609691989,MI,29698,MIS005,49015
1851478713,MI,29698,MIS005,49015
1861971145,MI,58594,MIS001,49441
1083091029,OR,71287,ORS004,97383
1265307268,OR,71287,ORS004,97383
1285090779,OR,71287,ORS004,97383
1306230925,OR,71287,ORS004,97333
1487493623,OR,71287,ORS004,97321
1740776038,OR,71287,ORS004,97321
1194007674,MI,58594,MIS001,48624
1245847870,MI,58594,MIS001,48624
1386013142,MI,58594,MIS001,48624
1932949708,MI,58594,MIS001,48624
1083091029,OR,71287,ORS001,97383
1265307268,OR,71287,ORS001,97383
1285090779,OR,71287,ORS001,97383
1306230925,OR,71287,ORS001,97333
1487493623,OR,71287,ORS001,97321
1740776038,OR,71287,ORS001,97321
1083160618,OR,77969,ORS002,97051
1134485386,OR,77969,ORS002,97051
1467523902,OR,77969,ORS002,97051
1043389281,OR,71287,ORS004,97383
1013930189,MI,58594,MIS001,48624
1023010204,MI,58594,MIS001,48624
1023126448,MI,58594,MIS001,48624
1043887409,MI,58594,MIS001,48624
1053490177,MI,58594,MIS001,48624
1063580595,MI,58594,MIS001,48624
1073881629,MI,58594,MIS001,48624
1083096184,MI,58594,MIS001,48624
1336551738,MI,58594,MIS001,48624
1427038900,MI,58594,MIS001,48624
1578083895,MI,58594,MIS001,48624
1619415809,MI,58594,MIS001,48624
1659947141,MI,58594,MIS001,48624
1770546608,MI,58594,MIS001,48624
1922665868,MI,58594,MIS001,48624
1982683355,MI,58594,MIS001,48624
1992960702,MI,58594,MIS001,48624
1043755424,MI,29698,MIS007,49203
1043389281,OR,71287,ORS001,97383
1013461581,MI,58594,MIS001,48647
1518397884,MI,29698,MIS003,49423
1073911152,OR,77969,ORS002,97051
1184076176,OR,77969,ORS002,97051
1265035158,OR,77969,ORS002,97051
1467767046,OR,77969,ORS002,97051
1558846097,OR,77969,ORS002,97051
1588420129,OR,77969,ORS002,97051
1639812019,OR,77969,ORS002,97051
1871835090,OR,77969,ORS002,97051
1932647922,OR,77969,ORS002,97051
1972240851,OR,77969,ORS002,97051
1871294546,MI,29698,MIS003,49423
1023404977,OR,71287,ORS004,97401
1083455984,OR,71287,ORS004,97401
1902483795,OR,71287,ORS004,97401
1457779548,OR,71287,ORS004,97402
1023404977,OR,71287,ORS001,97401
1083455984,OR,71287,ORS001,97401
1902483795,OR,71287,ORS001,97401
1457779548,OR,71287,ORS001,97402
1043351992,OR,71287,ORS004,97401
1891036901,OR,71287,ORS004,97401
1932395530,OR,71287,ORS004,97401
1124090865,OR,71287,ORS004,97401
1144252636,OR,71287,ORS004,97401
1437594116,OR,71287,ORS004,97401
1730932781,OR,71287,ORS004,97401
1891738332,OR,71287,ORS004,97401
1912939471,OR,71287,ORS004,97401
1043351992,OR,71287,ORS001,97401
1891036901,OR,71287,ORS001,97401
1932395530,OR,71287,ORS001,97401
1124090865,OR,71287,ORS001,97401
1144252636,OR,71287,ORS001,97401
1437594116,OR,71287,ORS001,97401
1730932781,OR,71287,ORS001,97401
1891738332,OR,71287,ORS001,97401
1912939471,OR,71287,ORS001,97401
1174558480,OR,71287,ORS004,97401
1700801859,OR,71287,ORS004,97401
1932179546,OR,71287,ORS004,97401
1174558480,OR,71287,ORS001,97401
1700801859,OR,71287,ORS001,97401
1932179546,OR,71287,ORS001,97401
1144541376,OR,71287,ORS004,97321
1225312929,OR,71287,ORS004,97321
1356326516,OR,71287,ORS004,97321
1366939712,OR,71287,ORS004,97321
1407915408,OR,71287,ORS004,97321
1558101006,OR,71287,ORS004,97321
1609817592,OR,71287,ORS004,97321
1649672882,OR,71287,ORS004,97321
1821174707,OR,71287,ORS004,97321
1144541376,OR,71287,ORS001,97321
1225312929,OR,71287,ORS001,97321
1356326516,OR,71287,ORS001,97321
1366939712,OR,71287,ORS001,97321
1407915408,OR,71287,ORS001,97321
1558101006,OR,71287,ORS001,97321
1609817592,OR,71287,ORS001,97321
1649672882,OR,71287,ORS001,97321
1821174707,OR,71287,ORS001,97321
1043744238,OR,77969,ORS002,97051
1578973194,OR,77969,ORS002,97051
1760827513,OR,77969,ORS002,97051
1962598789,OR,77969,ORS002,97051
1851548515,OR,77969,ORS002,97051
1114337466,OR,77969,ORS002,97051
1902961907,OR,77969,ORS002,97051
1912089947,OR,77969,ORS002,97051
1558864280,MI,29698,MIS003,49423
1639497498,MI,29698,MIS003,49423
1639872690,MI,29698,MIS003,49423
1790580934,MI,29698,MIS003,49423
1164963302,OR,71287,ORS004,97321
1356427827,OR,71287,ORS004,97321
1396232237,OR,71287,ORS004,97321
1609067701,OR,71287,ORS004,97321
1760899850,OR,71287,ORS004,97321
1790245215,OR,71287,ORS004,97321
1982752374,OR,71287,ORS004,97321
1639718729,OR,77969,ORS002,97051
1699438630,OR,77969,ORS002,97051
1043898331,OR,77969,ORS002,97051
1386487114,OR,77969,ORS002,97051
1396696282,OR,77969,ORS002,97051
1609593276,OR,77969,ORS002,97051
1194237040,OR,77969,ORS002,97071
1316558109,OR,77969,ORS002,97071
1770836546,OR,77969,ORS002,97071
1164963302,OR,71287,ORS001,97321
1356427827,OR,71287,ORS001,97321
1396232237,OR,71287,ORS001,97321
1609067701,OR,71287,ORS001,97321
1760899850,OR,71287,ORS001,97321
1790245215,OR,71287,ORS001,97321
1982752374,OR,71287,ORS001,97321
1184607046,OR,77969,ORS002,97056
1235106014,OR,77969,ORS002,97056
1447812771,OR,77969,ORS002,97056
1528805561,OR,77969,ORS002,97056
1396976221,MI,29698,MIS003,49423
1891145900,OR,77969,ORS002,97071
1295771152,OR,71287,ORS004,97477
1881145191,OR,71287,ORS004,97477
1073597571,OR,71287,ORS004,97477
1164737425,OR,71287,ORS004,97477
1255369021,OR,71287,ORS004,97477
1295051837,OR,71287,ORS004,97477
1518716646,OR,71287,ORS004,97477
1629752555,OR,71287,ORS004,97477
1982449393,OR,71287,ORS004,97477
1942763420,OR,71287,ORS004,97477
1295771152,OR,71287,ORS001,97477
1881145191,OR,71287,ORS001,97477
1073597571,OR,71287,ORS001,97477
1164737425,OR,71287,ORS001,97477
1255369021,OR,71287,ORS001,97477
1295051837,OR,71287,ORS001,97477
1518716646,OR,71287,ORS001,97477
1629752555,OR,71287,ORS001,97477
1982449393,OR,71287,ORS001,97477
1942763420,OR,71287,ORS001,97477
1104989730,MI,29698,MIS007,49201
1154875987,MI,29698,MIS007,49201
1194950238,MI,29698,MIS007,49201
1255443438,MI,29698,MIS007,49201
1275797250,MI,29698,MIS007,49201
1609169507,MI,29698,MIS007,49201
1104073022,MI,29698,MIS007,49201
1265828115,MI,29698,MIS007,49201
1720066483,MI,29698,MIS007,49201
1780047597,MI,29698,MIS007,49201
1851420947,MI,29698,MIS007,49201
1003179730,MI,29698,MIS007,49201
1902012180,OR,71287,ORS004,97403
1902012180,OR,71287,ORS001,97403
1114365111,OR,71287,ORS004,97403
1689742926,OR,71287,ORS004,97403
1740051275,OR,71287,ORS004,97403
1114365111,OR,71287,ORS001,97403
1689742926,OR,71287,ORS001,97403
1740051275,OR,71287,ORS001,97403
1487388104,MI,58594,MIS001,49442
1467990671,MI,58594,MIS001,49442
1538437751,MI,58594,MIS001,49442
1750837589,MI,58594,MIS001,49442
1699960369,OR,71287,ORS004,97322
1699960369,OR,71287,ORS001,97322
1912315581,OR,56707,ORS002,97132
1912169889,OR,71287,ORS004,97477
1801432687,MI,29698,MIS007,49203
1982094074,MI,29698,MIS007,49203
1912169889,OR,71287,ORS001,97477
1235542119,MI,29698,MIS007,49202
1336766153,MI,29698,MIS007,49202
1568026219,MI,29698,MIS007,49202
1952399297,MI,29698,MIS007,49202
1346347929,OR,56707,ORS002,97132
1477893105,MI,29698,MIS007,49203
1417938309,OR,71287,ORS004,97321
1487679700,OR,71287,ORS004,97321
1417938309,OR,71287,ORS001,97321
1487679700,OR,71287,ORS001,97321
1508902230,OR,71287,ORS004,97330
1508902230,OR,71287,ORS001,97330
1114621471,MI,29698,MIS003,49423
1578092078,MI,29698,MIS003,49423
1669884169,MI,29698,MIS003,49423
1972647923,MI,29698,MIS003,49423
1053826206,MI,29698,MIS003,49423
1235502444,MI,29698,MIS003,49423
1992780258,MI,29698,MIS003,49423
1124435276,MI,29698,MIS003,49423
1336879378,MI,29698,MIS003,49423
1437248341,MI,29698,MIS003,49423
1487071692,MI,29698,MIS003,49423
1700899010,MI,29698,MIS003,49423
1003677600,OR,71287,ORS004,97321
1144213950,OR,71287,ORS004,97321
1184366551,OR,71287,ORS004,97321
1285034181,OR,71287,ORS004,97321
1285507988,OR,71287,ORS004,97321
1427807890,OR,71287,ORS004,97321
1750997441,OR,71287,ORS004,97321
1821591850,OR,71287,ORS004,97321
1912999236,OR,71287,ORS004,97321
1932982733,OR,71287,ORS004,97321
1003677600,OR,71287,ORS001,97321
1144213950,OR,71287,ORS001,97321
1184366551,OR,71287,ORS001,97321
1285034181,OR,71287,ORS001,97321
1285507988,OR,71287,ORS001,97321
1427807890,OR,71287,ORS001,97321
1750997441,OR,71287,ORS001,97321
1821591850,OR,71287,ORS001,97321
1912999236,OR,71287,ORS001,97321
1932982733,OR,71287,ORS001,97321
1689875031,TX,66252,TXS002,78666
1730526989,TX,66252,TXS002,78666
1962039024,TX,66252,TXS002,78666
1689875031,TX,66252,TXS001,78666
1730526989,TX,66252,TXS001,78666
1962039024,TX,66252,TXS001,78666
1023250008,MI,29698,MIS007,49240
1922292465,MI,29698,MIS007,49240
1871676304,MI,58594,MIS001,49445
1649762733,OR,77969,ORS002,97381
1104263276,TX,66252,TXS002,78666
1871988170,OR,71287,ORS004,97330
1104263276,TX,66252,TXS001,78666
1871988170,OR,71287,ORS001,97330
1326458753,OR,71287,ORS004,97401
1720466196,OR,71287,ORS004,97355
1851453062,OR,71287,ORS004,97355
1326458753,OR,71287,ORS001,97401
1720466196,OR,71287,ORS001,97355
1851453062,OR,71287,ORS001,97355
1023443173,OR,71287,ORS004,97424
1144393133,OR,71287,ORS004,97424
1164535118,OR,71287,ORS004,97424
1295138444,OR,71287,ORS004,97424
1427805282,OR,71287,ORS004,97424
1528516986,OR,71287,ORS004,97424
1982172946,OR,71287,ORS004,97424
1134431885,MI,29698,MIS003,49423
1255777397,MI,29698,MIS003,49423
1285675017,MI,29698,MIS003,49423
1417040205,MI,29698,MIS003,49423
1427454206,MI,29698,MIS003,49423
1508429630,MI,29698,MIS003,49423
1659647717,MI,29698,MIS003,49423
1841673787,MI,29698,MIS003,49423
1023443173,OR,71287,ORS001,97424
1144393133,OR,71287,ORS001,97424
1164535118,OR,71287,ORS001,97424
1295138444,OR,71287,ORS001,97424
1427805282,OR,71287,ORS001,97424
1528516986,OR,71287,ORS001,97424
1982172946,OR,71287,ORS001,97424
1275940728,OR,71287,ORS004,97321
1548298904,OR,71287,ORS004,97321
1659341386,OR,71287,ORS004,97321
1275940728,OR,71287,ORS001,97321
1548298904,OR,71287,ORS001,97321
1659341386,OR,71287,ORS001,97321
1285726422,OR,71287,ORS004,97424
1417595653,OR,71287,ORS004,97424
1255477949,OR,71287,ORS004,97401
1689975633,OR,71287,ORS004,97401
1285726422,OR,71287,ORS001,97424
1417595653,OR,71287,ORS001,97424
1255477949,OR,71287,ORS001,97401
1689975633,OR,71287,ORS001,97401
1831229913,MI,58594,MIS001,48462
1851402713,MI,58594,MIS001,48462
1154828689,MI,58594,MIS001,48462
1306371588,MI,58594,MIS001,48462
1326317785,MI,58594,MIS001,48462
1427286434,MI,58594,MIS001,48462
1467029934,MI,58594,MIS001,48462
1467428045,MI,58594,MIS001,48462
1568432151,MI,58594,MIS001,48462
1669041687,MI,58594,MIS001,48462
1710566559,MI,58594,MIS001,48462
1043458144,OR,56707,ORS002,97132
1063601375,OR,56707,ORS002,97132
1447631031,OR,56707,ORS002,97132
1467489278,OR,56707,ORS002,97132
1639205107,OR,56707,ORS002,97132
1851967806,OR,56707,ORS002,97132
1710046826,OR,71287,ORS004,97402
1710046826,OR,71287,ORS001,97402
1053383430,OR,56707,ORS002,97132
1063256071,OR,56707,ORS002,97132
1154201275,OR,56707,ORS002,97132
1154029007,MI,29698,MIS007,49203
1225736176,MI,29698,MIS007,49203
1003169285,OR,77969,ORS002,97381
1518161546,OR,77969,ORS002,97381
1558853374,OR,77969,ORS002,97381
1740897644,OR,77969,ORS002,97381
1821021114,OR,77969,ORS002,97381
1972644250,OR,77969,ORS002,97381
1417964602,OR,71287,ORS004,97383
1558387779,OR,71287,ORS004,97383
1417964602,OR,71287,ORS001,97383
1558387779,OR,71287,ORS001,97383
1588283006,MI,58594,MIS001,48462
1255707287,OR,71287,ORS004,97478
1548325079,OR,71287,ORS004,97478
1639724362,OR,71287,ORS004,97478
1841969573,OR,71287,ORS004,97478
1255707287,OR,71287,ORS001,97478
1548325079,OR,71287,ORS001,97478
1639724362,OR,71287,ORS001,97478
1841969573,OR,71287,ORS001,97478
1356824841,MI,29698,MIS007,49203
1821151598,MI,29698,MIS007,49203
1891751806,MI,29698,MIS007,49203
1912985615,MI,29698,MIS007,49203
1225460223,OR,71287,ORS004,97478
1932264462,OR,71287,ORS004,97478
1730122367,MI,29698,MIS007,49203
1003249905,OR,71287,ORS004,97408
1306199625,OR,71287,ORS004,97408
1306943196,OR,71287,ORS004,97408
1316019474,OR,71287,ORS004,97408
1366640351,OR,71287,ORS004,97408
1407951668,OR,71287,ORS004,97408
1447227186,OR,71287,ORS004,97408
1447561899,OR,71287,ORS004,97408
1659723120,OR,71287,ORS004,97408
1710251723,OR,71287,ORS004,97408
1730700683,OR,71287,ORS004,97408
1942287933,OR,71287,ORS004,97408
1114649787,MI,29698,MIS007,49201
1548405632,MI,29698,MIS007,49201
1225460223,OR,71287,ORS001,97478
1932264462,OR,71287,ORS001,97478
1003249905,OR,71287,ORS001,97408
1306199625,OR,71287,ORS001,97408
1306943196,OR,71287,ORS001,97408
1316019474,OR,71287,ORS001,97408
1366640351,OR,71287,ORS001,97408
1407951668,OR,71287,ORS001,97408
1447227186,OR,71287,ORS001,97408
1447561899,OR,71287,ORS001,97408
1659723120,OR,71287,ORS001,97408
1710251723,OR,71287,ORS001,97408
1730700683,OR,71287,ORS001,97408
1942287933,OR,71287,ORS001,97408
1649371071,MI,29698,MIS007,49202
1376609073,OR,71287,ORS004,97408
1801949417,OR,71287,ORS004,97408
1972650638,OR,71287,ORS004,97408
1295305399,MI,29698,MIS007,49202
1215901780,TX,66252,TXS002,78666
1528054749,TX,66252,TXS002,78666
1063194009,TX,66252,TXS002,78666
1114689767,TX,66252,TXS002,78666
1215490693,TX,66252,TXS002,78666
1215516992,TX,66252,TXS002,78666
1831696863,TX,66252,TXS002,78666
1902918675,TX,66252,TXS002,78666
1528747144,TX,66252,TXS002,78666
1316019474,OR,71287,ORS004,97401
1366640351,OR,71287,ORS004,97401
1659723120,OR,71287,ORS004,97401
1376609073,OR,71287,ORS001,97408
1801949417,OR,71287,ORS001,97408
1972650638,OR,71287,ORS001,97408
1215901780,TX,66252,TXS001,78666
1528054749,TX,66252,TXS001,78666
1063194009,TX,66252,TXS001,78666
1114689767,TX,66252,TXS001,78666
1215490693,TX,66252,TXS001,78666
1215516992,TX,66252,TXS001,78666
1831696863,TX,66252,TXS001,78666
1902918675,TX,66252,TXS001,78666
1528747144,TX,66252,TXS001,78666
1316019474,OR,71287,ORS001,97401
1366640351,OR,71287,ORS001,97401
1659723120,OR,71287,ORS001,97401
1649666777,OR,71287,ORS004,97330
1811306772,OR,71287,ORS004,97330
1649666777,OR,71287,ORS001,97330
1811306772,OR,71287,ORS001,97330
1053195081,TX,66252,TXS002,78666
1104589183,TX,66252,TXS002,78666
1144826850,TX,66252,TXS002,78666
1154663888,TX,66252,TXS002,78666
1255900841,TX,66252,TXS002,78666
1275701096,TX,66252,TXS002,78666
1336819135,TX,66252,TXS002,78666
1346816824,TX,66252,TXS002,78666
1477002186,TX,66252,TXS002,78666
1487163747,TX,66252,TXS002,78666
1528753324,TX,66252,TXS002,78666
1528891082,TX,66252,TXS002,78666
1578803383,TX,66252,TXS002,78666
1588262075,TX,66252,TXS002,78666
1639726367,TX,66252,TXS002,78666
1699662205,TX,66252,TXS002,78666
1861708786,TX,66252,TXS002,78666
1982438420,TX,66252,TXS002,78666
1801949417,OR,71287,ORS004,97401
1972650638,OR,71287,ORS004,97401
1053195081,TX,66252,TXS001,78666
1104589183,TX,66252,TXS001,78666
1144826850,TX,66252,TXS001,78666
1154663888,TX,66252,TXS001,78666
1255900841,TX,66252,TXS001,78666
1275701096,TX,66252,TXS001,78666
1336819135,TX,66252,TXS001,78666
1346816824,TX,66252,TXS001,78666
1477002186,TX,66252,TXS001,78666
1487163747,TX,66252,TXS001,78666
1528753324,TX,66252,TXS001,78666
1528891082,TX,66252,TXS001,78666
1578803383,TX,66252,TXS001,78666
1588262075,TX,66252,TXS001,78666
1639726367,TX,66252,TXS001,78666
1699662205,TX,66252,TXS001,78666
1861708786,TX,66252,TXS001,78666
1982438420,TX,66252,TXS001,78666
1801949417,OR,71287,ORS001,97401
1972650638,OR,71287,ORS001,97401
1346021797,MI,58594,MIS001,49442
1265544969,MI,58594,MIS001,49444
1144519299,MI,58594,MIS001,49444
1174785182,MI,58594,MIS001,49444
1487929154,MI,58594,MIS001,49444
1790561546,MI,58594,MIS001,49444
1073720900,MI,58594,MIS001,48371
1104848530,MI,58594,MIS001,48371
1417064502,MI,58594,MIS001,48371
1609390335,MI,58594,MIS001,48371
1366849036,MI,58594,MIS001,48651
1659519403,MI,58594,MIS001,48651
1568430304,OR,71287,ORS004,97408
1073597571,OR,71287,ORS004,97408
1356831184,OR,71287,ORS004,97408
1528355765,OR,71287,ORS004,97408
1659616555,OR,71287,ORS004,97408
1730383167,OR,71287,ORS004,97408
1770565624,OR,71287,ORS004,97408
1982688305,OR,71287,ORS004,97408
1568430304,OR,71287,ORS001,97408
1073597571,OR,71287,ORS001,97408
1356831184,OR,71287,ORS001,97408
1528355765,OR,71287,ORS001,97408
1659616555,OR,71287,ORS001,97408
1730383167,OR,71287,ORS001,97408
1770565624,OR,71287,ORS001,97408
1982688305,OR,71287,ORS001,97408
1528738028,OR,71287,ORS004,97408
1972264679,OR,71287,ORS004,97408
1972314326,OR,71287,ORS004,97408
1528080892,TX,66252,TXS002,78666
1528738028,OR,71287,ORS001,97408
1972264679,OR,71287,ORS001,97408
1972314326,OR,71287,ORS001,97408
1528080892,TX,66252,TXS001,78666
1891867461,OR,71287,ORS004,97401
1205613783,OR,71287,ORS004,97401
1740255082,OR,71287,ORS004,97401
1891867461,OR,71287,ORS001,97401
1205613783,OR,71287,ORS001,97401
1740255082,OR,71287,ORS001,97401
1366945545,MI,29698,MIS005,49015
1669547741,MI,29698,MIS005,49015
1699743872,MI,29698,MIS005,49015
1225123078,MI,29698,MIS007,49203
1407904188,MI,29698,MIS003,49348
1962722447,MI,29698,MIS007,49202
1629311956,MI,29698,MIS007,49202
1316599707,MI,58594,MIS001,49442
1457508962,MI,58594,MIS001,49442
1487210779,OR,77969,ORS002,97381
1538150636,OR,71287,ORS004,97330
1932357555,OR,71287,ORS004,97330
1801009311,OR,71287,ORS004,97333
1538150636,OR,71287,ORS001,97330
1932357555,OR,71287,ORS001,97330
1801009311,OR,71287,ORS001,97333
1164535118,OR,71287,ORS004,97405
1295138444,OR,71287,ORS004,97405
1336903954,OR,71287,ORS004,97405
1356452031,OR,71287,ORS004,97405
1396320396,OR,71287,ORS004,97405
1427805282,OR,71287,ORS004,97405
1528516986,OR,71287,ORS004,97405
1760012165,OR,71287,ORS004,97405
1891972568,OR,71287,ORS004,97405
1922250364,OR,71287,ORS004,97405
1982172946,OR,71287,ORS004,97405
1417595653,OR,71287,ORS004,97405
1942037841,OR,71287,ORS004,97405
1164535118,OR,71287,ORS001,97405
1295138444,OR,71287,ORS001,97405
1336903954,OR,71287,ORS001,97405
1356452031,OR,71287,ORS001,97405
1396320396,OR,71287,ORS001,97405
1427805282,OR,71287,ORS001,97405
1528516986,OR,71287,ORS001,97405
1760012165,OR,71287,ORS001,97405
1891972568,OR,71287,ORS001,97405
1922250364,OR,71287,ORS001,97405
1982172946,OR,71287,ORS001,97405
1417595653,OR,71287,ORS001,97405
1942037841,OR,71287,ORS001,97405
1447757885,OR,71287,ORS004,97401
1528355765,OR,71287,ORS004,97401
1780660589,OR,71287,ORS004,97401
1447757885,OR,71287,ORS001,97401
1528355765,OR,71287,ORS001,97401
1780660589,OR,71287,ORS001,97401
1942398698,MI,29698,MIS007,49202
1194368647,MI,58594,MIS001,49412
1285030536,MI,58594,MIS001,49412
1689388415,MI,58594,MIS001,49412
1942561667,MI,58594,MIS001,49412
1023040722,OR,71287,ORS004,97322
1033169271,OR,71287,ORS004,97322
1063590909,OR,71287,ORS004,97322
1174574677,OR,71287,ORS004,97322
1184603680,OR,71287,ORS004,97322
1184673998,OR,71287,ORS004,97322
1225374580,OR,71287,ORS004,97322
1245289115,OR,71287,ORS004,97322
1386694776,OR,71287,ORS004,97322
1427595289,OR,71287,ORS004,97322
1508240474,OR,71287,ORS004,97322
1548469315,OR,71287,ORS004,97322
1669416673,OR,71287,ORS004,97322
1801204821,OR,71287,ORS004,97322
1992755847,OR,71287,ORS004,97322
1063751642,OR,71287,ORS004,97322
1972646271,OR,71287,ORS004,97322
1023040722,OR,71287,ORS001,97322
1033169271,OR,71287,ORS001,97322
1063590909,OR,71287,ORS001,97322
1174574677,OR,71287,ORS001,97322
1184603680,OR,71287,ORS001,97322
1184673998,OR,71287,ORS001,97322
1225374580,OR,71287,ORS001,97322
1245289115,OR,71287,ORS001,97322
1386694776,OR,71287,ORS001,97322
1427595289,OR,71287,ORS001,97322
1508240474,OR,71287,ORS001,97322
1548469315,OR,71287,ORS001,97322
1669416673,OR,71287,ORS001,97322
1801204821,OR,71287,ORS001,97322
1992755847,OR,71287,ORS001,97322
1063751642,OR,71287,ORS001,97322
1972646271,OR,71287,ORS001,97322
1265162168,OR,71287,ORS004,97401
1780579094,OR,71287,ORS004,97401
1982009742,OR,71287,ORS004,97448
1265162168,OR,71287,ORS001,97401
1780579094,OR,71287,ORS001,97401
1982009742,OR,71287,ORS001,97448
1124491964,MI,58594,MIS001,49412
1316365687,MI,58594,MIS001,49412
1639866205,MI,58594,MIS001,49412
1104501501,OR,71287,ORS004,97477
1629428719,OR,71287,ORS004,97477
1972701514,OR,71287,ORS004,97477
1871704841,OR,71287,ORS004,97333
1104501501,OR,71287,ORS001,97477
1629428719,OR,71287,ORS001,97477
1972701514,OR,71287,ORS001,97477
1871704841,OR,71287,ORS001,97333
1235908567,OR,71287,ORS004,97404
1043308455,MI,58594,MIS001,48471
1184286700,MI,58594,MIS001,48471
1184974909,MI,58594,MIS001,48471
1356987275,MI,58594,MIS001,48471
1851485510,MI,58594,MIS001,48471
1235908567,OR,71287,ORS001,97404
1598841660,OR,71287,ORS004,97402
1194508945,MI,29698,MIS003,49423
1326751215,MI,29698,MIS003,49423
1386257392,MI,29698,MIS003,49423
1407530280,MI,29698,MIS003,49423
1457730954,MI,29698,MIS003,49423
1689435372,MI,29698,MIS003,49423
1851912844,MI,29698,MIS003,49423
1891187175,MI,29698,MIS003,49423
1982089611,MI,29698,MIS003,49423
1003559170,MI,58594,MIS001,48471
1013491000,MI,58594,MIS001,48471
1114080587,MI,58594,MIS001,48471
1447755343,MI,58594,MIS001,48471
1508130782,MI,58594,MIS001,48471
1538714290,MI,58594,MIS001,48471
1568943645,MI,58594,MIS001,48471
1629101944,MI,58594,MIS001,48471
1700365517,MI,58594,MIS001,48471
1790288702,MI,58594,MIS001,48471
1821746074,MI,58594,MIS001,48471
1871849448,MI,58594,MIS001,48471
1972715092,MI,58594,MIS001,48471
1164898458,MI,29698,MIS007,49203
1225345077,MI,29698,MIS007,49203
1053137505,OR,71287,ORS004,97401
1457221673,MI,29698,MIS005,49015
1861917783,MI,29698,MIS005,49015
1598841660,OR,71287,ORS001,97402
1053137505,OR,71287,ORS001,97401
1598465114,OR,71287,ORS004,97405
1598465114,OR,71287,ORS001,97405
1356207716,MI,29698,MIS007,49202
1316115199,MI,29698,MIS003,49453
1235854795,OR,56707,ORS002,97123
1447432190,OR,56707,ORS002,97123
1508928714,OR,56707,ORS002,97123
1740574169,OR,56707,ORS002,97123
1093739831,OR,56707,ORS002,97123
1164523205,MI,29698,MIS003,49419
1063589323,OR,71287,ORS004,97405
1063589323,OR,71287,ORS001,97405
1174515639,MI,58594,MIS001,48654
1821374646,MI,58594,MIS001,48654
1922172493,MI,58594,MIS001,48653
1053642660,MI,29698,MIS003,49423
1134435456,MI,29698,MIS003,49423
1659737815,MI,29698,MIS003,49423
1972888535,MI,29698,MIS003,49423
1285614909,OR,71287,ORS004,97408
1174993463,OR,56707,ORS002,97123
1336411412,OR,56707,ORS002,97123
1285614909,OR,71287,ORS001,97408
1255524005,MI,58594,MIS001,48471
1285668863,MI,58594,MIS001,48471
1932756806,MI,58594,MIS001,48471
1649380395,OR,77969,ORS002,97381
1982049664,OR,77969,ORS002,97381
1154466696,OR,71287,ORS004,97401
1326107756,OR,71287,ORS004,97401
1154466696,OR,71287,ORS001,97401
1326107756,OR,71287,ORS001,97401
1013400555,OR,71287,ORS004,97405
1265742811,OR,71287,ORS004,97405
1326237488,OR,71287,ORS004,97405
1447227434,OR,71287,ORS004,97405
1689722654,OR,71287,ORS004,97405
1720374069,OR,71287,ORS004,97405
1902118417,OR,71287,ORS004,97405
1922029289,OR,71287,ORS004,97405
1013400555,OR,71287,ORS001,97405
1265742811,OR,71287,ORS001,97405
1326237488,OR,71287,ORS001,97405
1447227434,OR,71287,ORS001,97405
1689722654,OR,71287,ORS001,97405
1720374069,OR,71287,ORS001,97405
1902118417,OR,71287,ORS001,97405
1922029289,OR,71287,ORS001,97405
1548497894,OR,71287,ORS004,97405
1548497894,OR,71287,ORS001,97405
1245586767,OR,71287,ORS004,97355
1245586767,OR,71287,ORS001,97355
1366129066,OR,77969,ORS002,97381
1366193856,OR,77969,ORS002,97381
1437652682,OR,77969,ORS002,97381
1548944978,OR,77969,ORS002,97381
1932546579,OR,77969,ORS002,97381
1912084310,MI,29698,MIS005,49014
1154439339,MI,58594,MIS001,49412
1598983686,MI,58594,MIS001,49412
1134415292,OR,71287,ORS004,97333
1134415292,OR,71287,ORS001,97333
1831572825,MI,29698,MIS005,49014
1902298714,MI,29698,MIS005,49014
1295815009,OR,71287,ORS004,97401
1902969280,OR,71287,ORS004,97401
1588769111,OR,71287,ORS004,97401
1376882381,OR,71287,ORS004,97401
1295815009,OR,71287,ORS001,97401
1902969280,OR,71287,ORS001,97401
1588769111,OR,71287,ORS001,97401
1376882381,OR,71287,ORS001,97401
1558960179,MI,58594,MIS001,49412
1982133583,MI,58594,MIS001,49412
1962861013,OR,71287,ORS004,97333
1962861013,OR,71287,ORS001,97333
1902007644,MI,58594,MIS001,49415
1215930854,MI,58594,MIS001,49444
1467466581,MI,58594,MIS001,49444
1699103804,MI,58594,MIS001,49444
1063514909,MI,29698,MIS003,49453
1306517685,OR,71287,ORS004,97401
1326441353,OR,71287,ORS004,97401
1386334373,OR,71287,ORS004,97401
1386419745,OR,71287,ORS004,97401
1407842636,OR,71287,ORS004,97401
1821033952,OR,71287,ORS004,97401
1407690498,OR,71287,ORS004,97321
1538337977,OR,71287,ORS004,97321
1578309654,OR,71287,ORS004,97321
1588239677,OR,71287,ORS004,97321
1609964931,OR,71287,ORS004,97321
1639572316,OR,71287,ORS004,97321
1922845981,OR,71287,ORS004,97321
1306517685,OR,71287,ORS001,97401
1326441353,OR,71287,ORS001,97401
1386334373,OR,71287,ORS001,97401
1386419745,OR,71287,ORS001,97401
1407842636,OR,71287,ORS001,97401
1821033952,OR,71287,ORS001,97401
1407690498,OR,71287,ORS001,97321
1538337977,OR,71287,ORS001,97321
1578309654,OR,71287,ORS001,97321
1588239677,OR,71287,ORS001,97321
1609964931,OR,71287,ORS001,97321
1639572316,OR,71287,ORS001,97321
1922845981,OR,71287,ORS001,97321
1457616039,OR,71287,ORS004,97405
1457616039,OR,71287,ORS001,97405
1669463113,MI,58594,MIS001,49456
1730795287,MI,58594,MIS001,49456
1184146417,OR,71287,ORS004,97402
1336607142,OR,71287,ORS004,97402
1346384500,OR,71287,ORS004,97402
1356163240,OR,71287,ORS004,97402
1366478166,OR,71287,ORS004,97402
1457428484,OR,71287,ORS004,97402
1487410692,OR,71287,ORS004,97402
1508060179,OR,71287,ORS004,97402
1639996275,OR,71287,ORS004,97402
1689533440,OR,71287,ORS004,97402
1740022516,OR,71287,ORS004,97402
1821061029,OR,71287,ORS004,97402
1952956492,OR,71287,ORS004,97402
1962241711,OR,71287,ORS004,97402
1982753810,OR,71287,ORS004,97402
1184146417,OR,71287,ORS001,97402
1336607142,OR,71287,ORS001,97402
1346384500,OR,71287,ORS001,97402
1356163240,OR,71287,ORS001,97402
1366478166,OR,71287,ORS001,97402
1457428484,OR,71287,ORS001,97402
1487410692,OR,71287,ORS001,97402
1508060179,OR,71287,ORS001,97402
1639996275,OR,71287,ORS001,97402
1689533440,OR,71287,ORS001,97402
1740022516,OR,71287,ORS001,97402
1821061029,OR,71287,ORS001,97402
1952956492,OR,71287,ORS001,97402
1962241711,OR,71287,ORS001,97402
1982753810,OR,71287,ORS001,97402
1457657793,OR,71287,ORS004,97401
1821432030,OR,71287,ORS004,97401
1104088590,OR,71287,ORS004,97401
1467659631,OR,71287,ORS004,97401
1518750835,MI,58594,MIS001,49456
1457657793,OR,71287,ORS001,97401
1821432030,OR,71287,ORS001,97401
1104088590,OR,71287,ORS001,97401
1467659631,OR,71287,ORS001,97401
1427738962,OR,56707,ORS002,97123
1508817818,OR,56707,ORS002,97123
1518263672,MI,58594,MIS001,49412
1619227592,MI,29698,MIS005,49017
1760642557,MI,29698,MIS005,49017
1821054966,MI,29698,MIS005,49017
1790649002,MI,29698,MIS005,49017
1558475012,MI,29698,MIS007,49201
1508954330,MI,58594,MIS001,49444
1720155054,MI,58594,MIS001,49444
1750303079,MI,58594,MIS001,49444
1801508593,MI,58594,MIS001,49444
1821117656,MI,58594,MIS001,49444
1891708590,MI,58594,MIS001,49444
1215542592,MI,58594,MIS001,48371
1689023244,MI,58594,MIS001,48624
1215610605,OR,71287,ORS004,97448
1780437871,OR,71287,ORS004,97448
1033187265,MI,29698,MIS005,49014
1043325632,MI,29698,MIS005,49014
1043984693,MI,29698,MIS005,49014
1053957548,MI,29698,MIS005,49014
1104545292,MI,29698,MIS005,49014
1275815870,MI,29698,MIS005,49014
1427139674,MI,29698,MIS005,49014
1427740356,MI,29698,MIS005,49014
1508290941,MI,29698,MIS005,49014
1538243928,MI,29698,MIS005,49014
1538880430,MI,29698,MIS005,49014
1619553948,MI,29698,MIS005,49014
1699407189,MI,29698,MIS005,49014
1821210857,MI,29698,MIS005,49014
1902986441,MI,29698,MIS005,49014
1932520244,MI,29698,MIS005,49014
1972964724,MI,29698,MIS005,49014
1215610605,OR,71287,ORS001,97448
1780437871,OR,71287,ORS001,97448
1326058710,OR,71287,ORS004,97424
1639921653,MI,29698,MIS005,49014
1326058710,OR,71287,ORS001,97424
1114367919,OR,77969,ORS002,97381
1225025992,OR,77969,ORS002,97381
1932715612,OR,71287,ORS004,97424
1932715612,OR,71287,ORS001,97424
1114190808,OR,71287,ORS004,97355
1326702754,MI,29698,MIS005,49037
1114190808,OR,71287,ORS001,97355
1023382447,MI,29698,MIS003,49423
1124870860,MI,29698,MIS003,49423
1326699422,MI,29698,MIS003,49423
1487165288,MI,29698,MIS003,49423
1487207684,MI,29698,MIS003,49423
1578682399,MI,29698,MIS003,49423
1609104272,MI,29698,MIS003,49423
1699590448,MI,29698,MIS003,49423
1760873681,MI,29698,MIS003,49423
1154501062,MI,29698,MIS003,49423
1861842288,MI,29698,MIS003,49423
1861706202,TX,66252,TXS002,78666
1861706202,TX,66252,TXS001,78666
1861426348,MI,58594,MIS001,49441
1922357490,MI,58594,MIS001,49441
1821147646,MI,29698,MIS003,49423
1316030257,OR,71287,ORS004,97321
1316030257,OR,71287,ORS001,97321
1891745311,MI,29698,MIS007,49202
1295206936,MI,58594,MIS001,49441
1235429358,MI,58594,MIS001,49441
1295016517,MI,58594,MIS001,49441
1013599521,OR,71287,ORS004,97321
1023494408,OR,71287,ORS004,97321
1497192132,OR,71287,ORS004,97321
1730695966,OR,71287,ORS004,97321
1013599521,OR,71287,ORS001,97321
1023494408,OR,71287,ORS001,97321
1497192132,OR,71287,ORS001,97321
1730695966,OR,71287,ORS001,97321
1235324385,MI,58594,MIS001,48422
1396493151,MI,29698,MIS007,49201
1477583383,MI,29698,MIS007,49204
1013993674,MI,29698,MIS003,49423
1023094687,MI,29698,MIS003,49423
1205982048,MI,29698,MIS003,49423
1427052455,MI,29698,MIS003,49423
1457562597,MI,29698,MIS003,49423
1184119356,MI,29698,MIS003,49423
1366305641,MI,29698,MIS003,49423
1417533829,MI,29698,MIS003,49423
1639759517,MI,29698,MIS003,49423
1669672762,MI,29698,MIS003,49423
1912584152,MI,29698,MIS003,49423
1952117152,MI,29698,MIS003,49423
1093433500,MI,58594,MIS001,48455
1134330244,MI,58594,MIS001,48455
1346765583,MI,58594,MIS001,48455
1780010793,MI,58594,MIS001,48455
1962505065,MI,29698,MIS007,49202
1407086739,OR,71287,ORS004,97321
1043847221,MI,29698,MIS003,49423
1225285992,MI,29698,MIS003,49423
1356684567,MI,29698,MIS003,49423
1699752238,MI,29698,MIS003,49423
1720460629,MI,29698,MIS003,49423
1114980224,MI,29698,MIS003,49423
1164912572,MI,29698,MIS003,49423
1316276884,MI,29698,MIS003,49423
1336707918,MI,29698,MIS003,49423
1508328014,MI,29698,MIS003,49423
1538283171,MI,29698,MIS003,49423
1720007834,MI,29698,MIS003,49423
1912679267,MI,29698,MIS003,49423
1407086739,OR,71287,ORS001,97321
1194863423,OR,71287,ORS004,97321
1518254481,OR,71287,ORS004,97477
1528476322,OR,71287,ORS004,97477
1770540122,OR,71287,ORS004,97477
1811067069,OR,71287,ORS004,97477
1518254481,OR,71287,ORS001,97477
1528476322,OR,71287,ORS001,97477
1770540122,OR,71287,ORS001,97477
1811067069,OR,71287,ORS001,97477
1194863423,OR,71287,ORS001,97321
1619575008,OR,71287,ORS004,97477
1598409419,MI,29698,MIS003,49423
1699573998,MI,29698,MIS003,49423
1619256021,OR,71287,ORS004,97440
1457616039,OR,71287,ORS004,97440
1619575008,OR,71287,ORS001,97477
1619256021,OR,71287,ORS001,97440
1457616039,OR,71287,ORS001,97440
1366370124,OR,71287,ORS004,97370
1366370868,OR,71287,ORS004,97370
1538097951,OR,71287,ORS004,97370
1578495909,OR,71287,ORS004,97370
1649531112,OR,71287,ORS004,97440
1407144827,OR,77969,ORS002,97381
1124100631,MI,58594,MIS001,49421
1366370124,OR,71287,ORS001,97370
1366370868,OR,71287,ORS001,97370
1538097951,OR,71287,ORS001,97370
1578495909,OR,71287,ORS001,97370
1649531112,OR,71287,ORS001,97440
1033226824,MI,58594,MIS001,48422
1104207398,MI,58594,MIS001,49443
1194136556,MI,58594,MIS001,49443
1184799199,MI,58594,MIS001,49443
1548615792,OR,71287,ORS004,97339
1548615792,OR,71287,ORS001,97339
1245814508,OR,71287,ORS004,97477
1225378110,OR,71287,ORS004,97477
1215914353,OR,71287,ORS004,97477
1518947233,OR,71287,ORS004,97477
1730175290,OR,71287,ORS004,97477
1083974299,OR,71287,ORS004,97477
1356517098,OR,71287,ORS004,97477
1467430959,OR,71287,ORS004,97477
1538450135,OR,71287,ORS004,97477
1588158315,OR,71287,ORS004,97477
1033503388,OR,71287,ORS004,97477
1255826434,OR,71287,ORS004,97477
1386826071,OR,71287,ORS004,97477
1417983123,OR,71287,ORS004,97477
1497707053,OR,71287,ORS004,97477
1548571656,OR,71287,ORS004,97477
1609362680,OR,71287,ORS004,97477
1659379824,OR,71287,ORS004,97477
1740272533,OR,71287,ORS004,97477
1811996176,OR,71287,ORS004,97477
1912013707,OR,71287,ORS004,97477
1225032709,MI,58594,MIS001,49421
1760418792,MI,29698,MIS003,49423
1629472303,OR,71287,ORS004,97404
1558925776,OR,71287,ORS004,97477
1174919120,OR,71287,ORS004,97477
1578342358,OR,71287,ORS004,97477
1992367965,OR,71287,ORS004,97477
1649775388,OR,71287,ORS004,97477
1003569195,MI,29698,MIS007,49202
1013467786,MI,29698,MIS007,49202
1023015682,MI,29698,MIS007,49202
1043872740,MI,29698,MIS007,49202
1063774172,MI,29698,MIS007,49202
1063871838,MI,29698,MIS007,49202
1093187353,MI,29698,MIS007,49202
1154911675,MI,29698,MIS007,49202
1194244210,MI,29698,MIS007,49202
1225537376,MI,29698,MIS007,49202
1225716186,MI,29698,MIS007,49202
1326515784,MI,29698,MIS007,49202
1386262574,MI,29698,MIS007,49202
1386498053,MI,29698,MIS007,49202
1407423692,MI,29698,MIS007,49202
1417565086,MI,29698,MIS007,49202
1528443785,MI,29698,MIS007,49202
1548735731,MI,29698,MIS007,49202
1639229826,MI,29698,MIS007,49202
1659360675,MI,29698,MIS007,49202
1659486041,MI,29698,MIS007,49202
1700386232,MI,29698,MIS007,49202
1710452560,MI,29698,MIS007,49202
1770030611,MI,29698,MIS007,49202
1871139980,MI,29698,MIS007,49202
1881163293,MI,29698,MIS007,49202
1902378185,MI,29698,MIS007,49202
1902415193,MI,29698,MIS007,49202
1952881054,MI,29698,MIS007,49202
1982359782,MI,29698,MIS007,49202
1245814508,OR,71287,ORS001,97477
1225378110,OR,71287,ORS001,97477
1215914353,OR,71287,ORS001,97477
1518947233,OR,71287,ORS001,97477
1730175290,OR,71287,ORS001,97477
1083974299,OR,71287,ORS001,97477
1356517098,OR,71287,ORS001,97477
1467430959,OR,71287,ORS001,97477
1538450135,OR,71287,ORS001,97477
1588158315,OR,71287,ORS001,97477
1033503388,OR,71287,ORS001,97477
1255826434,OR,71287,ORS001,97477
1386826071,OR,71287,ORS001,97477
1417983123,OR,71287,ORS001,97477
1497707053,OR,71287,ORS001,97477
1548571656,OR,71287,ORS001,97477
1609362680,OR,71287,ORS001,97477
1659379824,OR,71287,ORS001,97477
1740272533,OR,71287,ORS001,97477
1811996176,OR,71287,ORS001,97477
1912013707,OR,71287,ORS001,97477
1629472303,OR,71287,ORS001,97404
1558925776,OR,71287,ORS001,97477
1174919120,OR,71287,ORS001,97477
1578342358,OR,71287,ORS001,97477
1992367965,OR,71287,ORS001,97477
1649775388,OR,71287,ORS001,97477
1700015823,OR,71287,ORS004,97330
1073250536,OR,71287,ORS004,97330
1104038322,OR,71287,ORS004,97330
1275621526,OR,71287,ORS004,97330
1306403258,OR,71287,ORS004,97330
1396757456,OR,71287,ORS004,97330
1528505492,OR,71287,ORS004,97330
1548478985,OR,71287,ORS004,97330
1568915023,OR,71287,ORS004,97330
1619478005,OR,71287,ORS004,97330
1679990956,OR,71287,ORS004,97330
1174015879,OR,71287,ORS004,97330
1205099082,OR,71287,ORS004,97330
1255013710,OR,71287,ORS004,97330
1255447496,OR,71287,ORS004,97330
1326454463,OR,71287,ORS004,97330
1396042263,OR,71287,ORS004,97330
1548608417,OR,71287,ORS004,97330
1588404420,OR,71287,ORS004,97330
1649678145,OR,71287,ORS004,97330
1821529090,OR,71287,ORS004,97330
1952805954,OR,71287,ORS004,97330
1205137510,OR,71287,ORS004,97330
1386433662,OR,71287,ORS004,97330
1639688500,OR,71287,ORS004,97330
1942780879,OR,71287,ORS004,97330
1023857208,OR,71287,ORS004,97330
1093301392,OR,71287,ORS004,97330
1174467542,OR,71287,ORS004,97330
1306170352,OR,71287,ORS004,97330
1346983947,OR,71287,ORS004,97330
1437786944,OR,71287,ORS004,97330
1497773097,OR,71287,ORS004,97330
1508691767,OR,71287,ORS004,97330
1508750845,OR,71287,ORS004,97330
1518386937,OR,71287,ORS004,97330
1609469451,OR,71287,ORS004,97330
1760020127,OR,71287,ORS004,97330
1790476406,OR,71287,ORS004,97330
1831656222,OR,71287,ORS004,97330
1922748615,OR,71287,ORS004,97330
1962223016,OR,71287,ORS004,97330
1700015823,OR,71287,ORS001,97330
1073250536,OR,71287,ORS001,97330
1104038322,OR,71287,ORS001,97330
1275621526,OR,71287,ORS001,97330
1306403258,OR,71287,ORS001,97330
1396757456,OR,71287,ORS001,97330
1528505492,OR,71287,ORS001,97330
1548478985,OR,71287,ORS001,97330
1568915023,OR,71287,ORS001,97330
1619478005,OR,71287,ORS001,97330
1679990956,OR,71287,ORS001,97330
1174015879,OR,71287,ORS001,97330
1205099082,OR,71287,ORS001,97330
1255013710,OR,71287,ORS001,97330
1255447496,OR,71287,ORS001,97330
1326454463,OR,71287,ORS001,97330
1396042263,OR,71287,ORS001,97330
1548608417,OR,71287,ORS001,97330
1588404420,OR,71287,ORS001,97330
1649678145,OR,71287,ORS001,97330
1821529090,OR,71287,ORS001,97330
1952805954,OR,71287,ORS001,97330
1205137510,OR,71287,ORS001,97330
1386433662,OR,71287,ORS001,97330
1639688500,OR,71287,ORS001,97330
1942780879,OR,71287,ORS001,97330
1023857208,OR,71287,ORS001,97330
1093301392,OR,71287,ORS001,97330
1174467542,OR,71287,ORS001,97330
1306170352,OR,71287,ORS001,97330
1346983947,OR,71287,ORS001,97330
1437786944,OR,71287,ORS001,97330
1497773097,OR,71287,ORS001,97330
1508691767,OR,71287,ORS001,97330
1508750845,OR,71287,ORS001,97330
1518386937,OR,71287,ORS001,97330
1609469451,OR,71287,ORS001,97330
1760020127,OR,71287,ORS001,97330
1790476406,OR,71287,ORS001,97330
1831656222,OR,71287,ORS001,97330
1922748615,OR,71287,ORS001,97330
1962223016,OR,71287,ORS001,97330
1346235207,MI,58594,MIS001,48441
1003256199,MI,29698,MIS007,49240
1033608781,MI,29698,MIS007,49240
1629539309,MI,29698,MIS007,49240
1760155246,MI,29698,MIS007,49240
1790137289,MI,29698,MIS007,49240
1881617439,MI,29698,MIS003,49453
1144976960,MI,29698,MIS007,49240
1154762052,MI,29698,MIS007,49240
1750002622,MI,58594,MIS001,49441
1689630659,MI,29698,MIS007,49202
1487791448,MI,58594,MIS001,49451
1508084310,MI,58594,MIS001,49451
1043891690,OR,77969,ORS002,97064
1053962746,OR,77969,ORS002,97064
1164818530,OR,77969,ORS002,97064
1326511239,OR,77969,ORS002,97064
1386351229,OR,77969,ORS002,97064
1730792409,OR,77969,ORS002,97064
1508285099,OR,71287,ORS004,97477
1700067360,OR,71287,ORS004,97477
1528262706,OR,71287,ORS004,97477
1144429994,OR,71287,ORS004,97477
1255502423,OR,71287,ORS004,97477
1699875278,OR,71287,ORS004,97477
1942248125,OR,71287,ORS004,97477
1972801082,OR,71287,ORS004,97477
1982146288,OR,71287,ORS004,97477
1508285099,OR,71287,ORS001,97477
1700067360,OR,71287,ORS001,97477
1528262706,OR,71287,ORS001,97477
1144429994,OR,71287,ORS001,97477
1255502423,OR,71287,ORS001,97477
1699875278,OR,71287,ORS001,97477
1942248125,OR,71287,ORS001,97477
1972801082,OR,71287,ORS001,97477
1982146288,OR,71287,ORS001,97477
1063630606,OR,71287,ORS004,97321
1659317378,OR,71287,ORS004,97321
1639504517,MI,29698,MIS007,49201
1720402605,MI,29698,MIS007,49201
1063630606,OR,71287,ORS001,97321
1659317378,OR,71287,ORS001,97321
1073921813,OR,77969,ORS002,97071
1760189237,OR,77969,ORS002,97071
1831121615,OR,77969,ORS002,97071
1003454992,OR,77969,ORS002,97071
1003946294,OR,77969,ORS002,97071
1023493541,OR,77969,ORS002,97071
1033462999,OR,77969,ORS002,97071
1053585935,OR,77969,ORS002,97071
1073596532,OR,77969,ORS002,97071
1114511169,OR,77969,ORS002,97071
1124418561,OR,77969,ORS002,97071
1134507270,OR,77969,ORS002,97071
1144749896,OR,77969,ORS002,97071
1154183846,OR,77969,ORS002,97071
1164587119,OR,77969,ORS002,97071
1205251212,OR,77969,ORS002,97071
1275875791,OR,77969,ORS002,97071
1316114465,OR,77969,ORS002,97071
1336183474,OR,77969,ORS002,97071
1366954794,OR,77969,ORS002,97071
1396140968,OR,77969,ORS002,97071
1417961954,OR,77969,ORS002,97071
1427276757,OR,77969,ORS002,97071
1447034483,OR,77969,ORS002,97071
1518401611,OR,77969,ORS002,97071
1619950599,OR,77969,ORS002,97071
1659372407,OR,77969,ORS002,97071
1689808990,OR,77969,ORS002,97071
1700229929,OR,77969,ORS002,97071
1730131855,OR,77969,ORS002,97071
1821227760,OR,77969,ORS002,97071
1841552692,OR,77969,ORS002,97071
1861695165,OR,77969,ORS002,97071
1861794893,OR,77969,ORS002,97071
1922495506,OR,77969,ORS002,97071
1962434498,OR,77969,ORS002,97071
1972906493,OR,77969,ORS002,97071
1770461931,OR,77969,ORS002,97071
1790117406,OR,77969,ORS002,97056
1740644913,OR,71287,ORS004,97330
1376911438,OR,71287,ORS004,97405
1578677647,OR,71287,ORS004,97405
1518391804,OR,56707,ORS002,97123
1497127674,OR,56707,ORS002,97132
1801227384,OR,71287,ORS004,97330
1497192306,OR,71287,ORS004,97333
1497937734,OR,71287,ORS004,97333
1275960916,OR,71287,ORS004,97402
1770058851,OR,71287,ORS004,97402
1376805523,OR,71287,ORS004,97405
1770761587,OR,71287,ORS004,97405
1003446725,OR,71287,ORS004,97424
1588719595,OR,71287,ORS004,97426
1740644913,OR,71287,ORS001,97330
1376911438,OR,71287,ORS001,97405
1578677647,OR,71287,ORS001,97405
1801227384,OR,71287,ORS001,97330
1275960916,OR,71287,ORS001,97402
1770058851,OR,71287,ORS001,97402
1376805523,OR,71287,ORS001,97405
1770761587,OR,71287,ORS001,97405
1003446725,OR,71287,ORS001,97424
1588719595,OR,71287,ORS001,97426
1497192306,OR,71287,ORS001,97333
1497937734,OR,71287,ORS001,97333
1710229752,OR,56707,ORS002,97132
1851338891,MI,29698,MIS005,49068
1710197579,MI,29698,MIS005,49068
1790505683,MI,29698,MIS005,49068
1871592022,OR,71287,ORS004,97477
1467436352,OR,77969,ORS002,97381
1871592022,OR,71287,ORS001,97477
1851340616,TX,66252,TXS002,78666
1962021782,TX,66252,TXS002,78666
1386925923,TX,66252,TXS002,78666
1669765772,TX,66252,TXS002,78666
1194453035,TX,66252,TXS002,78666
1619674280,TX,66252,TXS002,78666
1871072397,TX,66252,TXS002,78666
1871329730,TX,66252,TXS002,78666
1295890531,TX,66252,TXS002,78666
1851340616,TX,66252,TXS001,78666
1962021782,TX,66252,TXS001,78666
1386925923,TX,66252,TXS001,78666
1669765772,TX,66252,TXS001,78666
1194453035,TX,66252,TXS001,78666
1619674280,TX,66252,TXS001,78666
1871072397,TX,66252,TXS001,78666
1871329730,TX,66252,TXS001,78666
1295890531,TX,66252,TXS001,78666
1063231835,TX,66252,TXS002,78666
1033094628,MI,58594,MIS001,49444
1073243515,MI,58594,MIS001,49444
1093591190,MI,58594,MIS001,49444
1194288654,MI,58594,MIS001,49444
1770042780,MI,58594,MIS001,49444
1336912419,MI,58594,MIS001,49444
1003287061,OR,71287,ORS004,97401
1740837863,OR,71287,ORS004,97401
1932612355,OR,71287,ORS004,97401
1063231835,TX,66252,TXS001,78666
1003287061,OR,71287,ORS001,97401
1740837863,OR,71287,ORS001,97401
1932612355,OR,71287,ORS001,97401
1033272091,MI,58594,MIS001,49456
1164038469,MI,58594,MIS001,49456
1104324672,OR,71287,ORS004,97424
1477892628,OR,71287,ORS004,97424
1104324672,OR,71287,ORS001,97424
1477892628,OR,71287,ORS001,97424
1295833895,OR,71287,ORS004,97370
1902961766,MI,29698,MIS007,49203
1295833895,OR,71287,ORS001,97370
1588823454,MI,58594,MIS001,49456
1013524404,MI,58594,MIS001,49442
1962527358,OR,71287,ORS004,97401
1962527358,OR,71287,ORS001,97401
1174235949,OR,77969,ORS002,97071
1760153506,OR,77969,ORS002,97071
1194838599,MI,58594,MIS001,49420
1093545576,OR,77969,ORS002,97071
1740169382,OR,71287,ORS004,97403
1740169382,OR,71287,ORS001,97403
1568696631,TX,66252,TXS002,78666
1386903425,MI,29698,MIS007,49202
1508963273,MI,29698,MIS007,49202
1558395947,MI,29698,MIS007,49202
1558737478,MI,29698,MIS007,49202
1619262680,MI,29698,MIS007,49202
1669970810,MI,29698,MIS007,49202
1790862225,MI,29698,MIS007,49202
1972843126,MI,29698,MIS007,49202
1982251724,MI,29698,MIS007,49202
1003143512,MI,29698,MIS007,49202
1316432032,MI,29698,MIS007,49202
1366481905,MI,29698,MIS007,49202
1114410768,MI,29698,MIS007,49202
1073568374,MI,29698,MIS007,49202
1194584433,TX,66252,TXS002,78666
1679106702,TX,66252,TXS002,78666
1730891805,MI,29698,MIS007,49202
1104295773,MI,29698,MIS007,49202
1184288433,MI,29698,MIS007,49202
1235006248,MI,29698,MIS007,49202
1275202673,MI,29698,MIS007,49202
1316252323,MI,29698,MIS007,49202
1417371501,MI,29698,MIS007,49202
1447726146,MI,29698,MIS007,49202
1548702517,MI,29698,MIS007,49202
1548754898,MI,29698,MIS007,49202
1598120776,MI,29698,MIS007,49202
1639723653,MI,29698,MIS007,49202
1679104418,MI,29698,MIS007,49202
1831417344,MI,29698,MIS007,49202
1942708318,MI,29698,MIS007,49202
1972456093,MI,29698,MIS007,49202
1083276083,MI,29698,MIS007,49202
1902233265,MI,29698,MIS007,49202
1952356081,MI,29698,MIS007,49202
1568696631,TX,66252,TXS001,78666
1194584433,TX,66252,TXS001,78666
1679106702,TX,66252,TXS001,78666
1124868096,OR,71287,ORS004,97330
1215366612,OR,71287,ORS004,97330
1285295170,OR,71287,ORS004,97330
1528898335,OR,71287,ORS004,97330
1861068728,OR,71287,ORS004,97330
1962243832,OR,71287,ORS004,97330
1407217961,MI,58594,MIS001,49420
1124868096,OR,71287,ORS001,97330
1215366612,OR,71287,ORS001,97330
1285295170,OR,71287,ORS001,97330
1528898335,OR,71287,ORS001,97330
1861068728,OR,71287,ORS001,97330
1962243832,OR,71287,ORS001,97330
1659688232,MI,29698,MIS003,49423
1215054952,MI,29698,MIS003,49423
1922188028,MI,29698,MIS003,49423
1134429442,OR,71287,ORS004,97401
1174279111,OR,71287,ORS004,97401
1336339662,OR,71287,ORS004,97401
1457654360,OR,71287,ORS004,97401
1518541754,OR,71287,ORS004,97401
1629494596,OR,71287,ORS004,97401
1639101561,OR,71287,ORS004,97401
1679285886,OR,71287,ORS004,97401
1679629802,OR,71287,ORS004,97401
1689850356,OR,71287,ORS004,97401
1720729189,OR,71287,ORS004,97401
1902931660,OR,71287,ORS004,97401
1578753489,MI,29698,MIS003,49423
1134429442,OR,71287,ORS001,97401
1174279111,OR,71287,ORS001,97401
1336339662,OR,71287,ORS001,97401
1457654360,OR,71287,ORS001,97401
1518541754,OR,71287,ORS001,97401
1629494596,OR,71287,ORS001,97401
1639101561,OR,71287,ORS001,97401
1679285886,OR,71287,ORS001,97401
1679629802,OR,71287,ORS001,97401
1689850356,OR,71287,ORS001,97401
1720729189,OR,71287,ORS001,97401
1902931660,OR,71287,ORS001,97401
1346347432,OR,71287,ORS004,97321
1346347432,OR,71287,ORS001,97321
1083488423,OR,77969,ORS002,97051
1144606765,OR,77969,ORS002,97051
1316436066,OR,77969,ORS002,97051
1336313790,OR,77969,ORS002,97051
1407496342,OR,77969,ORS002,97051
1467872200,OR,77969,ORS002,97051
1538942917,OR,77969,ORS002,97051
1558834986,OR,77969,ORS002,97051
1942672431,OR,77969,ORS002,97051
1992275671,OR,77969,ORS002,97051
1063749695,MI,29698,MIS003,49423
1114940434,MI,29698,MIS003,49423
1518268135,MI,29698,MIS003,49423
1538692322,MI,29698,MIS003,49423
1649550120,MI,29698,MIS003,49423
1487771622,OR,77969,ORS002,97056
1083820989,TX,66252,TXS002,78666
1083820989,TX,66252,TXS001,78666
1205823036,OR,71287,ORS004,97401
1891734448,OR,71287,ORS004,97401
1811342967,OR,71287,ORS004,97401
1164720025,OR,71287,ORS004,97401
1841649969,OR,71287,ORS004,97401
1871988295,OR,71287,ORS004,97401
1275105090,MI,29698,MIS005,49015
1285056838,MI,29698,MIS005,49015
1295700318,MI,29698,MIS005,49015
1477026136,MI,29698,MIS005,49015
1487123832,MI,29698,MIS005,49015
1528034287,MI,29698,MIS005,49015
1538713094,MI,29698,MIS005,49015
1639721095,MI,29698,MIS005,49015
1689148991,MI,29698,MIS005,49015
1750953741,MI,29698,MIS005,49015
1902448814,MI,29698,MIS005,49015
1932445483,MI,29698,MIS005,49015
1962477026,MI,29698,MIS005,49015
1215181557,MI,29698,MIS005,49015
1316169303,MI,29698,MIS005,49015
1386027977,MI,29698,MIS005,49015
1952527715,MI,29698,MIS005,49015
1154439339,MI,29698,MIS005,49015
1205823036,OR,71287,ORS001,97401
1891734448,OR,71287,ORS001,97401
1811342967,OR,71287,ORS001,97401
1164720025,OR,71287,ORS001,97401
1841649969,OR,71287,ORS001,97401
1871988295,OR,71287,ORS001,97401
1235363300,OR,71287,ORS004,97330
1346622677,OR,71287,ORS004,97330
1235363300,OR,71287,ORS001,97330
1346622677,OR,71287,ORS001,97330
1710133657,OR,71287,ORS004,97401
1477179596,OR,71287,ORS004,97401
1871955435,OR,71287,ORS004,97401
1689205262,MI,29698,MIS005,49015
1467490938,MI,29698,MIS005,49015
1891592945,MI,29698,MIS005,49015
1225592033,OR,71287,ORS004,97330
1639898158,OR,71287,ORS004,97330
1740476621,MI,29698,MIS005,49015
1710133657,OR,71287,ORS001,97401
1477179596,OR,71287,ORS001,97401
1871955435,OR,71287,ORS001,97401
1225592033,OR,71287,ORS001,97330
1639898158,OR,71287,ORS001,97330
1790124865,MI,29698,MIS005,49017
1134804248,MI,29698,MIS005,49015
1346384500,OR,71287,ORS004,97405
1215676739,OR,71287,ORS004,97477
1235967498,OR,71287,ORS004,97477
1275282097,OR,71287,ORS004,97477
1336630227,OR,71287,ORS004,97477
1528447026,OR,71287,ORS004,97477
1669810701,OR,71287,ORS004,97477
1740086982,OR,71287,ORS004,97477
1881306215,OR,71287,ORS004,97477
1952043150,OR,71287,ORS004,97477
1982445219,OR,71287,ORS004,97477
1083824031,OR,71287,ORS004,97477
1114741808,OR,71287,ORS004,97477
1164437653,OR,71287,ORS004,97477
1164917340,OR,71287,ORS004,97477
1235561390,OR,71287,ORS004,97477
1386227098,OR,71287,ORS004,97477
1396582573,OR,71287,ORS004,97477
1659863355,OR,71287,ORS004,97477
1669672234,OR,71287,ORS004,97477
1871916296,OR,71287,ORS004,97477
1013918267,OR,71287,ORS004,97477
1366457863,OR,71287,ORS004,97477
1114389194,MI,58594,MIS001,48455
1023491115,OR,71287,ORS004,97401
1134770837,OR,71287,ORS004,97401
1760740070,OR,71287,ORS004,97401
1790397818,OR,71287,ORS004,97401
1982001376,OR,71287,ORS004,97401
1346384500,OR,71287,ORS001,97405
1215676739,OR,71287,ORS001,97477
1235967498,OR,71287,ORS001,97477
1275282097,OR,71287,ORS001,97477
1336630227,OR,71287,ORS001,97477
1528447026,OR,71287,ORS001,97477
1669810701,OR,71287,ORS001,97477
1740086982,OR,71287,ORS001,97477
1881306215,OR,71287,ORS001,97477
1952043150,OR,71287,ORS001,97477
1982445219,OR,71287,ORS001,97477
1083824031,OR,71287,ORS001,97477
1114741808,OR,71287,ORS001,97477
1164437653,OR,71287,ORS001,97477
1164917340,OR,71287,ORS001,97477
1235561390,OR,71287,ORS001,97477
1386227098,OR,71287,ORS001,97477
1396582573,OR,71287,ORS001,97477
1659863355,OR,71287,ORS001,97477
1669672234,OR,71287,ORS001,97477
1871916296,OR,71287,ORS001,97477
1013918267,OR,71287,ORS001,97477
1366457863,OR,71287,ORS001,97477
1023491115,OR,71287,ORS001,97401
1134770837,OR,71287,ORS001,97401
1760740070,OR,71287,ORS001,97401
1790397818,OR,71287,ORS001,97401
1982001376,OR,71287,ORS001,97401
1245286798,OR,71287,ORS004,97322
1104398239,OR,77969,ORS002,97071
1548936453,OR,77969,ORS002,97071
1790462521,OR,77969,ORS002,97071
1245286798,OR,71287,ORS001,97322
1235415498,OR,56707,ORS002,97132
1003859372,OR,71287,ORS004,97477
1033170519,OR,71287,ORS004,97477
1104597855,OR,71287,ORS004,97477
1114284189,OR,71287,ORS004,97477
1174557219,OR,71287,ORS004,97477
1235704537,OR,71287,ORS004,97477
1255913711,OR,71287,ORS004,97477
1629404843,OR,71287,ORS004,97477
1720485329,OR,71287,ORS004,97477
1730710930,OR,71287,ORS004,97477
1760757900,OR,71287,ORS004,97477
1780609842,OR,71287,ORS004,97477
1821060591,OR,71287,ORS004,97477
1215243316,OR,77969,ORS002,97071
1851117675,OR,77969,ORS002,97071
1003859372,OR,71287,ORS001,97477
1033170519,OR,71287,ORS001,97477
1104597855,OR,71287,ORS001,97477
1114284189,OR,71287,ORS001,97477
1174557219,OR,71287,ORS001,97477
1235704537,OR,71287,ORS001,97477
1255913711,OR,71287,ORS001,97477
1629404843,OR,71287,ORS001,97477
1720485329,OR,71287,ORS001,97477
1730710930,OR,71287,ORS001,97477
1760757900,OR,71287,ORS001,97477
1780609842,OR,71287,ORS001,97477
1821060591,OR,71287,ORS001,97477
1790178283,MI,58594,MIS001,48651
1194350983,OR,71287,ORS004,97321
1275728008,OR,71287,ORS004,97321
1518934751,OR,71287,ORS004,97321
1730295791,OR,71287,ORS004,97321
1831133826,OR,71287,ORS004,97321
1881670511,OR,71287,ORS004,97321
1134563521,OR,77969,ORS002,97056
1609302967,OR,71287,ORS004,97408
1992768352,OR,71287,ORS004,97408
1609302967,OR,71287,ORS001,97408
1992768352,OR,71287,ORS001,97408
1194350983,OR,71287,ORS001,97321
1275728008,OR,71287,ORS001,97321
1518934751,OR,71287,ORS001,97321
1730295791,OR,71287,ORS001,97321
1831133826,OR,71287,ORS001,97321
1881670511,OR,71287,ORS001,97321
1356449128,MI,58594,MIS001,49415
1609143783,OR,71287,ORS004,97401
1245201003,OR,71287,ORS004,97374
1740383710,OR,71287,ORS004,97374
1609143783,OR,71287,ORS001,97401
1245201003,OR,71287,ORS001,97374
1740383710,OR,71287,ORS001,97374
1235557430,MI,58594,MIS001,48651
1245621853,MI,58594,MIS001,48651
1467832204,MI,58594,MIS001,48651
1730960618,MI,58594,MIS001,48651
1770525941,MI,58594,MIS001,48651
1346122140,OR,77969,ORS002,97056
1912290701,OR,71287,ORS004,97401
1912290701,OR,71287,ORS001,97401
1629718473,OR,56707,ORS002,97123
1619852753,OR,71287,ORS004,97477
1013478270,OR,71287,ORS004,97477
1619852753,OR,71287,ORS001,97477
1013478270,OR,71287,ORS001,97477
1548291982,MI,58594,MIS001,48741
1356734172,MI,58594,MIS001,48741
1962006817,MI,58594,MIS001,48741
1306037098,OR,77969,ORS002,97056
1891872339,MI,29698,MIS005,49015
1962464222,OR,71287,ORS004,97401
1164410148,OR,71287,ORS004,97401
1265547277,OR,71287,ORS004,97401
1093816316,MI,58594,MIS001,49420
1467892364,MI,58594,MIS001,49420
1962464222,OR,71287,ORS001,97401
1164410148,OR,71287,ORS001,97401
1265547277,OR,71287,ORS001,97401
1114946506,MI,58594,MIS001,49441
1114151164,OR,77969,ORS002,97056
1871771121,MI,29698,MIS005,49015
1013445725,MI,58594,MIS001,49420
1437472719,MI,58594,MIS001,49420
1619594959,MI,58594,MIS001,49420
1669418356,MI,58594,MIS001,49420
1881646610,MI,58594,MIS001,49420
1962434043,MI,58594,MIS001,49420
1417209636,OR,71287,ORS004,97333
1417209636,OR,71287,ORS001,97333
1013344506,OR,77969,ORS002,97051
1053733774,OR,77969,ORS002,97051
1083635916,OR,77969,ORS002,97051
1144382425,OR,77969,ORS002,97051
1194933770,OR,77969,ORS002,97051
1265428619,OR,77969,ORS002,97051
1427476159,OR,77969,ORS002,97051
1457689176,OR,77969,ORS002,97051
1487611984,OR,77969,ORS002,97051
1487870846,OR,77969,ORS002,97051
1497910210,OR,77969,ORS002,97051
1639280266,OR,77969,ORS002,97051
1639440381,OR,77969,ORS002,97051
1689666844,OR,77969,ORS002,97051
1699169581,OR,77969,ORS002,97051
1720264476,OR,77969,ORS002,97051
1720484850,OR,77969,ORS002,97051
1730125022,OR,77969,ORS002,97051
1811192370,OR,77969,ORS002,97051
1851824098,OR,77969,ORS002,97051
1902958671,OR,77969,ORS002,97051
1972861599,OR,77969,ORS002,97051
1043573207,MI,29698,MIS003,49323
1013573286,OR,71287,ORS004,97333
1639561061,OR,77969,ORS002,97051
1902300908,OR,77969,ORS002,97051
1235832007,MI,29698,MIS003,49323
1538882048,MI,29698,MIS003,49323
1013573286,OR,71287,ORS001,97333
1508845819,MI,58594,MIS001,48441
1154316222,MI,58594,MIS001,49441
1780652180,MI,29698,MIS003,49406
1407842313,OR,71287,ORS004,97404
1992230932,OR,71287,ORS004,97404
1407842313,OR,71287,ORS001,97404
1992230932,OR,71287,ORS001,97404
1316603848,MI,58594,MIS001,48471
1366860553,OR,71287,ORS004,97401
1609337500,OR,71287,ORS004,97401
1366860553,OR,71287,ORS001,97401
1609337500,OR,71287,ORS001,97401
1679758627,OR,71287,ORS004,97478
1164450201,MI,58594,MIS001,49444
1821433566,MI,58594,MIS001,49444
1679758627,OR,71287,ORS001,97478
1154558989,MI,58594,MIS001,49444
1982667267,MI,29698,MIS007,49240
1306163688,OR,56707,ORS002,97123
1639288426,OR,56707,ORS002,97123
1679682439,OR,56707,ORS002,97123
1003121567,OR,56707,ORS002,97123
1689446502,OR,56707,ORS002,97123
1467225920,OR,56707,ORS002,97123
1679290852,OR,56707,ORS002,97123
1730049529,OR,71287,ORS004,97487
1730049529,OR,71287,ORS001,97487
1063809697,OR,71287,ORS004,97321
1801346465,OR,71287,ORS004,97321
1356389530,OR,77969,ORS002,97381
1063809697,OR,71287,ORS001,97321
1801346465,OR,71287,ORS001,97321
1275409989,MI,29698,MIS007,49201
1033750427,MI,29698,MIS007,49204
1750391264,OR,71287,ORS004,97401
1750391264,OR,71287,ORS001,97401
1043378474,MI,58594,MIS001,49441
1275651903,MI,58594,MIS001,49441
1578201125,OR,71287,ORS004,97424
1336413590,OR,71287,ORS004,97405
1932221405,OR,71287,ORS004,97426
1578201125,OR,71287,ORS001,97424
1336413590,OR,71287,ORS001,97405
1932221405,OR,71287,ORS001,97426
1740467679,OR,71287,ORS004,97330
1740467679,OR,71287,ORS001,97330
1346692373,MI,58594,MIS001,48422
1396891859,OR,71287,ORS004,97405
1518832831,OR,71287,ORS004,97330
1396891859,OR,71287,ORS001,97405
1518832831,OR,71287,ORS001,97330
1033101225,MI,29698,MIS007,49202
1184991234,MI,29698,MIS007,49202
1831335280,MI,29698,MIS007,49202
1891003240,MI,29698,MIS007,49202
1902157621,MI,29698,MIS007,49202
1881005478,OR,71287,ORS004,97475
1881005478,OR,71287,ORS001,97475
1114708609,MI,29698,MIS007,49202
1336864933,MI,29698,MIS007,49202
1548984602,MI,29698,MIS007,49202
1689029829,MI,29698,MIS007,49202
1114016508,OR,71287,ORS004,97401
1932298494,OR,71287,ORS004,97401
1114016508,OR,71287,ORS001,97401
1932298494,OR,71287,ORS001,97401
1457972077,OR,71287,ORS004,97401
1023700796,OR,71287,ORS004,97477
1457972077,OR,71287,ORS001,97401
1023700796,OR,71287,ORS001,97477
1295384832,MI,29698,MIS003,49335
1295495067,MI,29698,MIS007,49240
1306418231,MI,29698,MIS007,49240
1427540913,MI,29698,MIS007,49240
1295778520,OR,71287,ORS004,97477
1427314665,OR,71287,ORS004,97477
1477730265,OR,71287,ORS004,97477
1568959203,OR,71287,ORS004,97477
1598706624,OR,71287,ORS004,97477
1780887026,OR,71287,ORS004,97477
1922046564,OR,71287,ORS004,97477
1962511360,OR,71287,ORS004,97477
1992783617,OR,71287,ORS004,97477
1295778520,OR,71287,ORS001,97477
1427314665,OR,71287,ORS001,97477
1477730265,OR,71287,ORS001,97477
1568959203,OR,71287,ORS001,97477
1598706624,OR,71287,ORS001,97477
1780887026,OR,71287,ORS001,97477
1922046564,OR,71287,ORS001,97477
1962511360,OR,71287,ORS001,97477
1992783617,OR,71287,ORS001,97477
1194120717,MI,58594,MIS001,48624
1366600280,MI,58594,MIS001,48471
1518014018,MI,58594,MIS001,48471
1003559170,MI,58594,MIS001,48422
1700365517,MI,58594,MIS001,48422
1821746074,MI,58594,MIS001,48422
1013074194,OR,71287,ORS004,97370
1457686073,OR,71287,ORS004,97370
1013074194,OR,71287,ORS001,97370
1457686073,OR,71287,ORS001,97370
1205553633,MI,58594,MIS001,48471
1548940208,MI,58594,MIS001,48827
1396472767,OR,77969,ORS002,97071
1619602711,OR,71287,ORS004,97478
1619602711,OR,71287,ORS001,97478
1144718701,MI,29698,MIS007,49201
1164800546,MI,29698,MIS007,49201
1811438245,MI,29698,MIS007,49201
1922097492,MI,29698,MIS007,49201
1427350669,MI,29698,MIS007,49202
1083265052,TX,66252,TXS002,78666
1164172458,TX,66252,TXS002,78666
1639611676,TX,66252,TXS002,78666
1881585255,TX,66252,TXS002,78666
1154009983,TX,66252,TXS002,78666
1770326951,TX,66252,TXS002,78666
1235028333,TX,66252,TXS002,78666
1750277182,TX,66252,TXS002,78666
1669124715,MI,58594,MIS001,48624
1346686748,OR,71287,ORS004,97401
1093134629,MI,58594,MIS001,48471
1174577787,MI,29698,MIS007,49202
1750343869,MI,29698,MIS005,49015
1265589683,MI,58594,MIS001,49445
1992768352,OR,71287,ORS004,97405
1083265052,TX,66252,TXS001,78666
1164172458,TX,66252,TXS001,78666
1639611676,TX,66252,TXS001,78666
1881585255,TX,66252,TXS001,78666
1154009983,TX,66252,TXS001,78666
1770326951,TX,66252,TXS001,78666
1235028333,TX,66252,TXS001,78666
1750277182,TX,66252,TXS001,78666
1346686748,OR,71287,ORS001,97401
1992768352,OR,71287,ORS001,97405
1063506558,MI,29698,MIS005,49014
1255786265,OR,71287,ORS004,97401
1558358473,OR,71287,ORS004,97401
1689457103,OR,71287,ORS004,97401
1982989034,OR,71287,ORS004,97401
1578816765,MI,29698,MIS005,49052
1649681651,MI,29698,MIS005,49052
1689056715,MI,29698,MIS005,49052
1023239407,OR,77969,ORS002,97071
1033533278,OR,77969,ORS002,97071
1053586016,OR,77969,ORS002,97071
1154915338,OR,77969,ORS002,97071
1174042824,OR,77969,ORS002,97071
1184874349,OR,77969,ORS002,97071
1285979138,OR,77969,ORS002,97071
1306874037,OR,77969,ORS002,97071
1336117035,OR,77969,ORS002,97071
1437139011,OR,77969,ORS002,97071
1477816353,OR,77969,ORS002,97071
1528720679,OR,77969,ORS002,97071
1548259773,OR,77969,ORS002,97071
1588814172,OR,77969,ORS002,97071
1841797990,OR,77969,ORS002,97071
1881027241,OR,77969,ORS002,97071
1902528789,OR,77969,ORS002,97071
1932277944,OR,77969,ORS002,97071
1952386377,OR,77969,ORS002,97071
1962525204,OR,77969,ORS002,97071
1962988154,OR,77969,ORS002,97071
1700122124,OR,77969,ORS002,97071
1730405598,OR,77969,ORS002,97071
1255786265,OR,71287,ORS001,97401
1558358473,OR,71287,ORS001,97401
1689457103,OR,71287,ORS001,97401
1982989034,OR,71287,ORS001,97401
1871542936,TX,66252,TXS002,78666
1205985942,TX,66252,TXS002,78666
1871542936,TX,66252,TXS001,78666
1205985942,TX,66252,TXS001,78666
1144751470,OR,56707,ORS002,97132
1407913379,OR,56707,ORS002,97132
1508581505,MI,29698,MIS007,49272
1326663857,TX,66252,TXS002,78666
1558945485,TX,66252,TXS002,78666
1326663857,TX,66252,TXS001,78666
1558945485,TX,66252,TXS001,78666
1083690192,OR,71287,ORS004,97401
1235118050,OR,71287,ORS004,97401
1083074462,MI,29698,MIS005,49052
1609349315,MI,29698,MIS005,49052
1033773775,OR,77969,ORS002,97071
1083096507,OR,77969,ORS002,97071
1083663009,OR,77969,ORS002,97071
1114239936,OR,77969,ORS002,97071
1134949381,OR,77969,ORS002,97071
1083690192,OR,71287,ORS001,97401
1235118050,OR,71287,ORS001,97401
1225410400,OR,77969,ORS002,97071
1285181974,OR,77969,ORS002,97071
1306515556,OR,77969,ORS002,97071
1346536018,OR,77969,ORS002,97071
1376250100,OR,77969,ORS002,97071
1376836981,OR,77969,ORS002,97071
1437302270,OR,77969,ORS002,97071
1457842940,OR,77969,ORS002,97071
1578192357,OR,77969,ORS002,97071
1578897963,OR,77969,ORS002,97071
1619709441,OR,77969,ORS002,97071
1710903315,OR,77969,ORS002,97071
1871740787,OR,77969,ORS002,97071
1881215358,OR,77969,ORS002,97071
1881705093,OR,77969,ORS002,97071
1891253712,OR,77969,ORS002,97071
1952350910,OR,77969,ORS002,97071
1083047385,OR,77969,ORS002,97071
1083938955,OR,77969,ORS002,97071
1114124641,OR,77969,ORS002,97071
1750507125,OR,77969,ORS002,97071
1063001535,MI,58594,MIS001,49415
1184860272,MI,29698,MIS007,49202
1225079510,MI,29698,MIS007,49202
1346883493,MI,29698,MIS007,49202
1437113669,MI,29698,MIS007,49202
1780949248,MI,29698,MIS007,49202
1710349592,OR,71287,ORS004,97477
1750426276,OR,71287,ORS004,97477
1760673933,OR,71287,ORS004,97477
1073613808,MI,58594,MIS001,48471
1104319946,MI,58594,MIS001,48471
1194089938,MI,58594,MIS001,48471
1194925032,MI,58594,MIS001,48471
1215215520,MI,58594,MIS001,48471
1265530687,MI,58594,MIS001,48471
1285625301,MI,58594,MIS001,48471
1306430665,MI,58594,MIS001,48471
1306802202,MI,58594,MIS001,48471
1508336439,MI,58594,MIS001,48471
1598040677,MI,58594,MIS001,48471
1609066455,MI,58594,MIS001,48471
1629080486,MI,58594,MIS001,48471
1699706929,MI,58594,MIS001,48471
1861404618,MI,58594,MIS001,48471
1871758326,MI,58594,MIS001,48471
1942212709,MI,58594,MIS001,48471
1710349592,OR,71287,ORS001,97477
1750426276,OR,71287,ORS001,97477
1760673933,OR,71287,ORS001,97477
1790064731,OR,71287,ORS004,97401
1003624636,MI,29698,MIS007,49202
1194171009,MI,29698,MIS007,49202
1275495020,MI,29698,MIS007,49202
1922703164,MI,29698,MIS007,49202
1003546607,MI,58594,MIS001,48471
1043680135,MI,58594,MIS001,48471
1255340907,MI,58594,MIS001,48471
1255743308,MI,58594,MIS001,48471
1558990283,MI,58594,MIS001,48471
1568234466,MI,58594,MIS001,48471
1639068448,MI,58594,MIS001,48471
1790429603,MI,58594,MIS001,48471
1861265076,MI,58594,MIS001,48471
1902476344,MI,58594,MIS001,48471
1942530282,MI,58594,MIS001,48471
1710773577,TX,66252,TXS002,78666
1790064731,OR,71287,ORS001,97401
1710773577,TX,66252,TXS001,78666
1013021807,MI,29698,MIS005,49017
1467587857,MI,29698,MIS005,49017
1477835874,MI,29698,MIS005,49017
1548652803,MI,29698,MIS005,49017
1750651535,MI,29698,MIS005,49017
1003431933,MI,29698,MIS005,49017
1710298591,MI,29698,MIS005,49017
1104211507,MI,29698,MIS005,49017
1629508650,MI,29698,MIS005,49017
1659662138,MI,29698,MIS005,49017
1942701321,MI,29698,MIS005,49017
1932978426,MI,29698,MIS005,49015
1477160166,MI,29698,MIS005,49017
1538865357,MI,29698,MIS005,49017
1861703647,MI,29698,MIS005,49017
1194100693,MI,29698,MIS003,49348
1205204898,MI,29698,MIS003,49348
1407802556,MI,29698,MIS003,49348
1417950726,MI,29698,MIS003,49348
1689128571,MI,29698,MIS003,49348
1730318502,MI,29698,MIS003,49348
1811061393,MI,29698,MIS003,49348
1811950736,MI,29698,MIS003,49348
1861456220,MI,29698,MIS003,49348
1891214953,MI,29698,MIS003,49348
1154652865,MI,29698,MIS007,49203
1295472033,OR,77969,ORS002,97051
1801116199,OR,77969,ORS002,97051
1073116745,MI,29698,MIS007,49203
1487997797,MI,29698,MIS007,49203
1508241787,MI,29698,MIS007,49203
1639547961,MI,29698,MIS007,49203
1861979320,MI,29698,MIS007,49203
1912446139,MI,29698,MIS007,49203
1932594496,MI,29698,MIS007,49203
1184616401,OR,71287,ORS004,97401
1487613261,OR,71287,ORS004,97401
1184616401,OR,71287,ORS001,97401
1487613261,OR,71287,ORS001,97401
1700439502,MI,58594,MIS001,49441
1861581050,OR,71287,ORS004,97403
1861581050,OR,71287,ORS001,97403
1003870205,MI,29698,MIS007,49202
1023072964,MI,29698,MIS007,49202
1003340613,OR,71287,ORS004,97477
1013455435,OR,71287,ORS004,97477
1093152738,OR,71287,ORS004,97477
1104833987,OR,71287,ORS004,97477
1144982125,OR,71287,ORS004,97477
1336716562,OR,71287,ORS004,97477
1396793287,OR,71287,ORS004,97477
1407619638,OR,71287,ORS004,97477
1427006105,OR,71287,ORS004,97477
1528605086,OR,71287,ORS004,97477
1538882105,OR,71287,ORS004,97477
1548237316,OR,71287,ORS004,97477
1578530341,OR,71287,ORS004,97477
1699118935,OR,71287,ORS004,97477
1700483518,OR,71287,ORS004,97477
1841803616,OR,71287,ORS004,97477
1871133322,OR,71287,ORS004,97477
1912439837,OR,71287,ORS004,97477
1952569956,OR,71287,ORS004,97477
1992085310,OR,71287,ORS004,97477
1104122530,OR,71287,ORS004,97401
1003340613,OR,71287,ORS001,97477
1013455435,OR,71287,ORS001,97477
1093152738,OR,71287,ORS001,97477
1104833987,OR,71287,ORS001,97477
1144982125,OR,71287,ORS001,97477
1336716562,OR,71287,ORS001,97477
1396793287,OR,71287,ORS001,97477
1407619638,OR,71287,ORS001,97477
1427006105,OR,71287,ORS001,97477
1528605086,OR,71287,ORS001,97477
1538882105,OR,71287,ORS001,97477
1548237316,OR,71287,ORS001,97477
1578530341,OR,71287,ORS001,97477
1699118935,OR,71287,ORS001,97477
1700483518,OR,71287,ORS001,97477
1841803616,OR,71287,ORS001,97477
1871133322,OR,71287,ORS001,97477
1912439837,OR,71287,ORS001,97477
1952569956,OR,71287,ORS001,97477
1992085310,OR,71287,ORS001,97477
1104122530,OR,71287,ORS001,97401
1730260936,OR,71287,ORS004,97322
1871283002,OR,71287,ORS004,97322
1730260936,OR,71287,ORS001,97322
1871283002,OR,71287,ORS001,97322
1063738870,OR,71287,ORS004,97477
1154068922,OR,71287,ORS004,97477
1346985587,OR,71287,ORS004,97477
1659936698,OR,71287,ORS004,97477
1639921455,MI,29698,MIS003,49348
1114093366,OR,71287,ORS004,97401
1669242178,OR,71287,ORS004,97401
1063738870,OR,71287,ORS001,97477
1154068922,OR,71287,ORS001,97477
1346985587,OR,71287,ORS001,97477
1659936698,OR,71287,ORS001,97477
1114093366,OR,71287,ORS001,97401
1669242178,OR,71287,ORS001,97401
1093384547,OR,71287,ORS004,97333
1720706062,MI,29698,MIS007,49202
1093384547,OR,71287,ORS001,97333
1063523751,OR,71287,ORS004,97322
1184305013,OR,71287,ORS004,97322
1912759309,OR,71287,ORS004,97322
1063523751,OR,71287,ORS001,97322
1184305013,OR,71287,ORS001,97322
1912759309,OR,71287,ORS001,97322
1003938119,MI,58594,MIS001,49444
1043579014,MI,58594,MIS001,49444
1144774019,MI,58594,MIS001,49444
1457989428,MI,58594,MIS001,49444
1750597027,MI,58594,MIS001,49444
1841306065,MI,58594,MIS001,49444
1528934676,MI,58594,MIS001,49444
1922788843,MI,58594,MIS001,49444
1134120108,MI,58594,MIS001,49444
1366085474,MI,58594,MIS001,49444
1558385849,MI,58594,MIS001,49444
1629117734,MI,58594,MIS001,49444
1932447687,MI,58594,MIS001,49444
1992487532,MI,58594,MIS001,49444
1841296332,MI,29698,MIS007,49203
1851420947,MI,29698,MIS007,49203
1902802473,MI,29698,MIS007,49203
1023463452,OR,71287,ORS004,97405
1295717304,OR,71287,ORS004,97405
1063530723,OR,71287,ORS004,97405
1295299717,OR,71287,ORS004,97405
1710117551,OR,71287,ORS004,97405
1417277039,OR,71287,ORS004,97405
1023463452,OR,71287,ORS001,97405
1295717304,OR,71287,ORS001,97405
1063530723,OR,71287,ORS001,97405
1295299717,OR,71287,ORS001,97405
1710117551,OR,71287,ORS001,97405
1417277039,OR,71287,ORS001,97405
1558915769,OR,56707,ORS002,97123
1174534994,MI,29698,MIS007,49202
1821009655,MI,29698,MIS007,49202
1528088614,MI,29698,MIS007,49201
1699795781,MI,29698,MIS007,49201
1730289711,MI,29698,MIS007,49201
1386260446,MI,29698,MIS007,49201
1669964094,MI,29698,MIS007,49201
1740439793,MI,29698,MIS007,49201
1972387108,MI,29698,MIS007,49201
1003811662,MI,29698,MIS007,49203
1194681320,MI,29698,MIS007,49201
1790913069,OR,71287,ORS004,97401
1265445803,OR,71287,ORS004,97330
1265999338,OR,71287,ORS004,97330
1649589896,OR,71287,ORS004,97330
1881624302,OR,71287,ORS004,97330
1902227630,OR,71287,ORS004,97330
1922773795,OR,71287,ORS004,97330
1790913069,OR,71287,ORS001,97401
1265445803,OR,71287,ORS001,97330
1265999338,OR,71287,ORS001,97330
1649589896,OR,71287,ORS001,97330
1881624302,OR,71287,ORS001,97330
1902227630,OR,71287,ORS001,97330
1922773795,OR,71287,ORS001,97330
1609117209,OR,71287,ORS004,97401
1518580836,MI,58594,MIS001,48462
1437617206,OR,71287,ORS004,97330
1609117209,OR,71287,ORS001,97401
1437617206,OR,71287,ORS001,97330
1619075637,MI,29698,MIS007,49202
1659488609,MI,29698,MIS007,49202
1164489316,MI,29698,MIS005,49015
1508213513,MI,29698,MIS005,49015
1598073801,MI,29698,MIS005,49015
1679989370,MI,29698,MIS005,49015
1700258530,MI,29698,MIS005,49015
1073086989,MI,29698,MIS005,49015
1427675644,MI,29698,MIS005,49015
1497133714,MI,29698,MIS005,49015
1538725155,MI,29698,MIS005,49015
1699495952,MI,29698,MIS005,49015
1932273687,MI,29698,MIS003,49406
1477881589,MI,58594,MIS001,48656
1578791901,OR,71287,ORS004,97330
1184116097,TX,66252,TXS002,78666
1407024227,TX,66252,TXS002,78666
1407586167,TX,66252,TXS002,78666
1922198621,TX,66252,TXS002,78666
1942494703,TX,66252,TXS002,78666
1366188385,TX,66252,TXS002,78666
1841829009,TX,66252,TXS002,78666
1578791901,OR,71287,ORS001,97330
1184116097,TX,66252,TXS001,78666
1407024227,TX,66252,TXS001,78666
1407586167,TX,66252,TXS001,78666
1922198621,TX,66252,TXS001,78666
1942494703,TX,66252,TXS001,78666
1366188385,TX,66252,TXS001,78666
1841829009,TX,66252,TXS001,78666
1740299858,MI,29698,MIS007,49201
1790824225,MI,29698,MIS007,49201
1326007360,MI,29698,MIS007,49201
1477579266,MI,29698,MIS007,49201
1326109208,MI,29698,MIS007,49201
1396994851,MI,29698,MIS007,49201
1063038511,MI,58594,MIS001,49456
1952895245,MI,58594,MIS001,49456
1558550335,OR,77969,ORS002,97056
1427109149,MI,29698,MIS007,49202
1447939418,MI,29698,MIS007,49202
1265846042,MI,29698,MIS007,49202
1437385382,MI,29698,MIS007,49202
1346624921,MI,29698,MIS005,49015
1548767528,MI,29698,MIS005,49015
1760788509,MI,29698,MIS005,49015
1831478353,MI,29698,MIS005,49015
1992702229,MI,29698,MIS005,49015
1811854268,MI,29698,MIS007,49201
1962512731,MI,29698,MIS007,49201
1073119988,MI,29698,MIS007,49201
1154029007,MI,29698,MIS007,49201
1194423848,MI,29698,MIS007,49201
1215405360,MI,29698,MIS007,49201
1225736176,MI,29698,MIS007,49201
1285369959,MI,29698,MIS007,49201
1356766687,MI,29698,MIS007,49201
1396054920,MI,29698,MIS007,49201
1457823023,MI,29698,MIS007,49201
1013939859,MI,29698,MIS005,49015
1174610745,MI,29698,MIS005,49015
1225140007,MI,29698,MIS005,49015
1306496872,MI,29698,MIS005,49015
1467027805,MI,29698,MIS005,49015
1720518657,MI,29698,MIS005,49015
1851964597,MI,29698,MIS005,49015
1023296050,MI,29698,MIS005,49015
1043260821,MI,29698,MIS005,49015
1154524338,MI,29698,MIS005,49015
1184673709,MI,29698,MIS005,49015
1396864401,MI,29698,MIS005,49015
1508816380,MI,29698,MIS005,49015
1619927563,MI,29698,MIS005,49015
1699894709,MI,29698,MIS005,49015
1922057546,MI,29698,MIS005,49015
1124082755,MI,29698,MIS005,49015
1346811577,MI,29698,MIS005,49015
1518392232,MI,29698,MIS005,49015
1558077883,MI,29698,MIS005,49015
1770096745,MI,29698,MIS005,49015
1841440872,MI,29698,MIS005,49015
1912404807,MI,29698,MIS005,49015
1992996458,MI,29698,MIS005,49015
1083276307,OR,71287,ORS004,97405
1114392842,OR,71287,ORS004,97405
1699206193,OR,71287,ORS004,97405
1801164926,OR,71287,ORS004,97405
1023485505,MI,58594,MIS001,48455
1205365228,MI,58594,MIS001,48455
1083276307,OR,71287,ORS001,97405
1114392842,OR,71287,ORS001,97405
1699206193,OR,71287,ORS001,97405
1801164926,OR,71287,ORS001,97405
1558655464,MI,29698,MIS005,49015
1891815411,MI,29698,MIS005,49015
1962133033,MI,29698,MIS005,49015
1194997882,OR,71287,ORS004,97424
1023646155,MI,29698,MIS005,49015
1063813103,MI,29698,MIS005,49015
1093329740,MI,29698,MIS005,49015
1336797794,MI,29698,MIS005,49015
1447800313,MI,29698,MIS005,49015
1679994172,MI,29698,MIS005,49015
1861879405,MI,29698,MIS005,49015
1598898348,MI,29698,MIS003,49453
1629432224,MI,58594,MIS001,48455
1023605870,OR,77969,ORS002,97381
1134323843,OR,77969,ORS002,97381
1285181974,OR,77969,ORS002,97381
1326327958,OR,77969,ORS002,97381
1346536018,OR,77969,ORS002,97381
1417697061,OR,77969,ORS002,97381
1629961651,OR,77969,ORS002,97381
1720491970,OR,77969,ORS002,97381
1881215358,OR,77969,ORS002,97381
1881705093,OR,77969,ORS002,97381
1891253712,OR,77969,ORS002,97381
1194997882,OR,71287,ORS001,97424
1346079050,OR,77969,ORS002,97381
1346464906,OR,77969,ORS002,97381
1851135958,OR,77969,ORS002,97381
1992085047,MI,29698,MIS003,49419
1922287325,MI,58594,MIS001,49415
1417068198,OR,56707,ORS002,97132
1114521853,MI,29698,MIS007,49203
1235659996,MI,29698,MIS007,49203
1063990554,OR,71287,ORS004,97405
1063990554,OR,71287,ORS001,97405
1689630410,OR,71287,ORS004,97401
1689630410,OR,71287,ORS001,97401
1437858776,MI,58594,MIS001,48471
1811858921,OR,77969,ORS002,97381
1417914425,MI,29698,MIS007,49201
1255413456,MI,29698,MIS003,49423
1528070984,MI,29698,MIS003,49423
1528633963,MI,29698,MIS003,49423
1558845180,MI,29698,MIS003,49423
1891660833,MI,29698,MIS003,49423
1265159743,MI,58594,MIS001,49442
1942272125,OR,71287,ORS004,97330
1942272125,OR,71287,ORS001,97330
1326124090,MI,29698,MIS005,49014
1144233347,MI,58594,MIS001,49444
1679621130,MI,29698,MIS005,49015
1336413590,OR,71287,ORS004,97401
1477606002,OR,71287,ORS004,97401
1750728408,OR,71287,ORS004,97401
1699451575,MI,58594,MIS001,49441
1427512425,MI,29698,MIS005,49014
1336413590,OR,71287,ORS001,97401
1477606002,OR,71287,ORS001,97401
1750728408,OR,71287,ORS001,97401
1013336510,OR,71287,ORS004,97330
1255497426,OR,71287,ORS004,97330
1013336510,OR,71287,ORS001,97330
1255497426,OR,71287,ORS001,97330
1053833244,OR,71287,ORS004,97330
1154945038,OR,71287,ORS004,97330
1306880026,OR,71287,ORS004,97330
1457248460,OR,71287,ORS004,97330
1568258416,OR,71287,ORS004,97330
1942888151,OR,71287,ORS004,97330
1992043863,OR,71287,ORS004,97330
1053833244,OR,71287,ORS001,97330
1154945038,OR,71287,ORS001,97330
1306880026,OR,71287,ORS001,97330
1457248460,OR,71287,ORS001,97330
1568258416,OR,71287,ORS001,97330
1942888151,OR,71287,ORS001,97330
1992043863,OR,71287,ORS001,97330
1154687168,OR,71287,ORS004,97355
1225164379,OR,71287,ORS004,97355
1154687168,OR,71287,ORS001,97355
1225164379,OR,71287,ORS001,97355
1538540711,OR,56707,ORS002,97123
1104352244,MI,58594,MIS001,49442
1326617234,MI,58594,MIS001,49442
1790735561,OR,71287,ORS004,97401
1154049534,OR,71287,ORS004,97321
1205465754,OR,71287,ORS004,97321
1497985931,OR,71287,ORS004,97321
1518953975,OR,71287,ORS004,97321
1891028817,OR,71287,ORS004,97321
1992755847,OR,71287,ORS004,97321
1124037841,OR,71287,ORS004,97322
1215966841,OR,71287,ORS004,97322
1457524548,OR,71287,ORS004,97322
1497913834,OR,71287,ORS004,97322
1760672612,OR,71287,ORS004,97322
1790735561,OR,71287,ORS001,97401
1124037841,OR,71287,ORS001,97322
1215966841,OR,71287,ORS001,97322
1457524548,OR,71287,ORS001,97322
1497913834,OR,71287,ORS001,97322
1760672612,OR,71287,ORS001,97322
1154049534,OR,71287,ORS001,97321
1205465754,OR,71287,ORS001,97321
1497985931,OR,71287,ORS001,97321
1518953975,OR,71287,ORS001,97321
1891028817,OR,71287,ORS001,97321
1992755847,OR,71287,ORS001,97321
1578036158,OR,71287,ORS004,97402
1942888151,OR,71287,ORS004,97321
1992019947,OR,71287,ORS004,97321
1578036158,OR,71287,ORS001,97402
1942888151,OR,71287,ORS001,97321
1992019947,OR,71287,ORS001,97321
1306703608,MI,58594,MIS001,49445
1912018680,OR,56707,ORS002,97132
1679752794,OR,56707,ORS002,97123
1194882704,OR,56707,ORS002,97123
1437268042,OR,56707,ORS002,97123
1922682251,OR,56707,ORS002,97123
1457712812,MI,58594,MIS001,49441
1093298986,OR,56707,ORS002,97123
1073614251,MI,58594,MIS001,49444
1831889914,MI,58594,MIS001,49444
1063000628,MI,58594,MIS001,49444
1295607752,MI,58594,MIS001,49444
1760209670,MI,58594,MIS001,49444
1962108902,MI,58594,MIS001,49444
1205463304,OR,71287,ORS004,97333
1730414418,OR,71287,ORS004,97333
1205463304,OR,71287,ORS001,97333
1730414418,OR,71287,ORS001,97333
1881089951,OR,71287,ORS004,97478
1881089951,OR,71287,ORS001,97478
1669957759,OR,71287,ORS004,97408
1669957759,OR,71287,ORS001,97408
1366413072,MI,29698,MIS007,49202
1396914230,MI,29698,MIS007,49202
1578555751,MI,29698,MIS007,49202
1811068307,OR,71287,ORS004,97330
1275597676,OR,71287,ORS004,97330
1174768865,OR,56707,ORS002,97123
1447736608,OR,56707,ORS002,97123
1841984291,OR,56707,ORS002,97123
1912036872,OR,56707,ORS002,97123
1811068307,OR,71287,ORS001,97330
1275597676,OR,71287,ORS001,97330
1518373745,OR,71287,ORS004,97330
1285021105,OR,56707,ORS002,97123
1578114567,OR,56707,ORS002,97123
1689040149,OR,56707,ORS002,97123
1750967998,OR,56707,ORS002,97123
1790169340,OR,56707,ORS002,97123
1902540495,OR,56707,ORS002,97123
1942813704,OR,56707,ORS002,97123
1972903771,OR,56707,ORS002,97123
1518373745,OR,71287,ORS001,97330
1073688784,MI,29698,MIS007,49202
1225367501,TX,66252,TXS002,78666
1295320265,TX,66252,TXS002,78666
1316161409,TX,66252,TXS002,78666
1396969317,TX,66252,TXS002,78666
1801010830,TX,66252,TXS002,78666
1225367501,TX,66252,TXS001,78666
1295320265,TX,66252,TXS001,78666
1316161409,TX,66252,TXS001,78666
1396969317,TX,66252,TXS001,78666
1801010830,TX,66252,TXS001,78666
1225719651,MI,58594,MIS001,48371
1639879703,MI,58594,MIS001,49441
1326105040,OR,71287,ORS004,97330
1326105040,OR,71287,ORS001,97330
1831355163,MI,29698,MIS005,49068
1083635916,OR,56707,ORS002,97132
1144382425,OR,56707,ORS002,97132
1194933770,OR,56707,ORS002,97132
1265428619,OR,56707,ORS002,97132
1457689176,OR,56707,ORS002,97132
1487611984,OR,56707,ORS002,97132
1487870846,OR,56707,ORS002,97132
1639280266,OR,56707,ORS002,97132
1639440381,OR,56707,ORS002,97132
1689666844,OR,56707,ORS002,97132
1699193532,OR,56707,ORS002,97132
1720484850,OR,56707,ORS002,97132
1730125022,OR,56707,ORS002,97132
1750471025,OR,56707,ORS002,97132
1811192370,OR,56707,ORS002,97132
1902958671,OR,56707,ORS002,97132
1972861599,OR,56707,ORS002,97132
1205130473,OR,71287,ORS004,97330
1205130473,OR,71287,ORS001,97330
1205198918,TX,66252,TXS002,78666
1205198918,TX,66252,TXS001,78666
1598934879,OR,71287,ORS004,97321
1598934879,OR,71287,ORS001,97321
1730239492,MI,58594,MIS001,48371
1346610201,OR,71287,ORS004,97401
1619284742,OR,71287,ORS004,97401
1942586417,OR,71287,ORS004,97401
1780230284,OR,71287,ORS004,97401
1003499013,OR,71287,ORS004,97401
1346610201,OR,71287,ORS001,97401
1619284742,OR,71287,ORS001,97401
1942586417,OR,71287,ORS001,97401
1780230284,OR,71287,ORS001,97401
1003499013,OR,71287,ORS001,97401
