COUNTY_FIPS,STATEDESC,REQUIRED_SPECIALTY,DISEASE,ESTIMATED_PATIENTS,PROVIDER_COUNT,TOTAL_BENEFICIARIES,TOTAL_SERVICES,PATIENTS_PER_PROVIDER,MEDIAN_PATIENTS_PER_PROVIDER,MEAN_PATIENTS_PER_PROVIDER,GAP_RATIO,ACCESS_GAP_LEVEL,GAP_SCORE,UC05_KEY,providers_per_1000_patients,services_per_beneficiary,is_anomaly,anomaly_label,anomaly_score
26001,Michigan,Cardiology,Heart Disease,7761,0,0,0.0,0.0,10823.136363636364,15071.056217261126,0.0,NO PROVIDER,100.0,26001|Cardiology,0.0,0.0,False,1,0.1942794028685208
26001,Michigan,Endocrinology,Diabetes,4756,0,0,0.0,0.0,18070.0,22988.768286620067,0.0,NO PROVIDER,100.0,26001|Endocrinology,0.0,0.0,False,1,0.1942794028685208
26001,Michigan,Oncology,Cancer,974,0,0,0.0,0.0,2055.6666666666665,2642.926682217817,0.0,NO PROVIDER,100.0,26001|Oncology,0.0,0.0,False,1,0.1942794028685208
26001,Michigan,Neurology,Neurological Disorders,380,0,0,0.0,0.0,637.0,906.5174241117586,0.0,NO PROVIDER,100.0,26001|Neurology,0.0,0.0,False,1,0.1942794028685208
26001,Michigan,Psychiatry,Mental Health Disorders,2497,1,0,0.0,2497.0,3104.5,4291.15957060345,0.8043163150265743,MODERATE GAP,4.38,26001|Psychiatry,0.4004805766920304,0.0,False,1,0.018642546076857003
26001,Michigan,Pulmonary,Respiratory Disease,1948,0,0,0.0,0.0,4251.578947368421,5741.879971570142,0.0,NO PROVIDER,100.0,26001|Pulmonary,0.0,0.0,False,1,0.1942794028685208
26001,Michigan,Rheumatology,Arthritis,3064,0,0,0.0,0.0,10453.0,13315.598760659872,0.0,NO PROVIDER,100.0,26001|Rheumatology,0.0,0.0,False,1,0.1942794028685208
26003,Michigan,Cardiology,Heart Disease,5879,0,0,0.0,0.0,10823.136363636364,15071.056217261126,0.0,NO PROVIDER,100.0,26003|Cardiology,0.0,0.0,False,1,0.1942794028685208
26003,Michigan,Endocrinology,Diabetes,3588,0,0,0.0,0.0,18070.0,22988.768286620067,0.0,NO PROVIDER,100.0,26003|Endocrinology,0.0,0.0,False,1,0.1942794028685208
26003,Michigan,Oncology,Cancer,689,0,0,0.0,0.0,2055.6666666666665,2642.926682217817,0.0,NO PROVIDER,100.0,26003|Oncology,0.0,0.0,False,1,0.1942794028685208
26003,Michigan,Neurology,Neurological Disorders,277,0,0,0.0,0.0,637.0,906.5174241117586,0.0,NO PROVIDER,100.0,26003|Neurology,0.0,0.0,False,1,0.1942794028685208
26003,Michigan,Psychiatry,Mental Health Disorders,1905,0,0,0.0,0.0,3104.5,4291.15957060345,0.0,NO PROVIDER,100.0,26003|Psychiatry,0.0,0.0,False,1,0.1942794028685208
26003,Michigan,Pulmonary,Respiratory Disease,1466,0,0,0.0,0.0,4251.578947368421,5741.879971570142,0.0,NO PROVIDER,100.0,26003|Pulmonary,0.0,0.0,False,1,0.1942794028685208
26003,Michigan,Rheumatology,Arthritis,2223,0,0,0.0,0.0,10453.0,13315.598760659872,0.0,NO PROVIDER,100.0,26003|Rheumatology,0.0,0.0,False,1,0.1942794028685208
26005,Michigan,Cardiology,Heart Disease,66368,0,0,0.0,0.0,10823.136363636364,15071.056217261126,0.0,NO PROVIDER,100.0,26005|Cardiology,0.0,0.0,False,1,0.1942794028685208
26005,Michigan,Endocrinology,Diabetes,43165,1,169,382.0,43165.0,18070.0,22988.768286620067,2.3887659103486443,CRITICAL GAP,13.01,26005|Endocrinology,0.023166917641607783,2.2470588235294118,False,1,0.06939215335010662
26005,Michigan,Oncology,Cancer,8032,0,0,0.0,0.0,2055.6666666666665,2642.926682217817,0.0,NO PROVIDER,100.0,26005|Oncology,0.0,0.0,False,1,0.1942794028685208
26005,Michigan,Neurology,Neurological Disorders,3006,1,180,375.0,3006.0,637.0,906.5174241117586,4.7189952904238615,CRITICAL GAP,25.69,26005|Neurology,0.33266799733865604,2.0718232044198897,False,1,0.10967800883495582
26005,Michigan,Psychiatry,Mental Health Disorders,24753,11,455,1718.0,2250.2727272727275,3104.5,4291.15957060345,0.7248422378072886,MODERATE GAP,3.95,26005|Psychiatry,0.4443905789197269,3.767543859649123,False,1,0.11686253667753799
26005,Michigan,Pulmonary,Respiratory Disease,17425,1,252,526.0,17425.0,4251.578947368421,5741.879971570142,4.098477345877693,CRITICAL GAP,22.32,26005|Pulmonary,0.05738880918220947,2.0790513833992095,False,1,0.13158233229525995
26005,Michigan,Rheumatology,Arthritis,25551,2,250,528.0,12775.5,10453.0,13315.598760659872,1.2221850186549317,HIGH GAP,6.65,26005|Rheumatology,0.07827482290321318,2.103585657370518,False,1,0.13636456271747888
26007,Michigan,Cardiology,Heart Disease,18900,5,9131,23145.0,3780.0,10823.136363636364,15071.056217261126,0.3492518132451944,LOW GAP,1.9,26007|Cardiology,0.2645502645502646,2.5344940867279897,False,1,0.12643165811796697
26007,Michigan,Endocrinology,Diabetes,12588,0,0,0.0,0.0,18070.0,22988.768286620067,0.0,NO PROVIDER,100.0,26007|Endocrinology,0.0,0.0,False,1,0.1942794028685208
26007,Michigan,Oncology,Cancer,2229,1,628,3273.0,2229.0,2055.6666666666665,2642.926682217817,1.0843197664991082,HIGH GAP,5.9,26007|Oncology,0.44863167339614174,5.203497615262322,False,1,0.1137388564496597
26007,Michigan,Neurology,Neurological Disorders,927,2,0,0.0,463.5,637.0,906.5174241117586,0.7276295133437991,MODERATE GAP,3.96,26007|Neurology,2.157497303128371,0.0,True,-1,-0.06666364804524672
26007,Michigan,Psychiatry,Mental Health Disorders,6816,5,586,5299.0,1363.2,3104.5,4291.15957060345,0.4391045256885167,LOW GAP,2.39,26007|Psychiatry,0.7335680751173709,9.02725724020443,False,1,0.04724029632508786
26007,Michigan,Pulmonary,Respiratory Disease,5174,2,1661,5017.0,2587.0,4251.578947368421,5741.879971570142,0.608479821738054,MODERATE GAP,3.31,26007|Pulmonary,0.38654812524159254,3.0186522262334536,False,1,0.12455183971866535
26007,Michigan,Rheumatology,Arthritis,7508,0,0,0.0,0.0,10453.0,13315.598760659872,0.0,NO PROVIDER,100.0,26007|Rheumatology,0.0,0.0,False,1,0.1942794028685208
26009,Michigan,Cardiology,Heart Disease,15668,0,0,0.0,0.0,10823.136363636364,15071.056217261126,0.0,NO PROVIDER,100.0,26009|Cardiology,0.0,0.0,False,1,0.1942794028685208
26009,Michigan,Endocrinology,Diabetes,9593,0,0,0.0,0.0,18070.0,22988.768286620067,0.0,NO PROVIDER,100.0,26009|Endocrinology,0.0,0.0,False,1,0.1942794028685208
26009,Michigan,Oncology,Cancer,2032,0,0,0.0,0.0,2055.6666666666665,2642.926682217817,0.0,NO PROVIDER,100.0,26009|Oncology,0.0,0.0,False,1,0.1942794028685208
26009,Michigan,Neurology,Neurological Disorders,681,1,263,483.0,681.0,637.0,906.5174241117586,1.0690737833594977,HIGH GAP,5.82,26009|Neurology,1.4684287812041115,1.8295454545454546,True,-1,-0.005328677037651497
26009,Michigan,Psychiatry,Mental Health Disorders,5386,1,0,0.0,5386.0,3104.5,4291.15957060345,1.734900950233532,HIGH GAP,9.45,26009|Psychiatry,0.18566654288897141,0.0,False,1,0.03269869883457588
26009,Michigan,Pulmonary,Respiratory Disease,3821,0,0,0.0,0.0,4251.578947368421,5741.879971570142,0.0,NO PROVIDER,100.0,26009|Pulmonary,0.0,0.0,False,1,0.1942794028685208
26009,Michigan,Rheumatology,Arthritis,6077,0,0,0.0,0.0,10453.0,13315.598760659872,0.0,NO PROVIDER,100.0,26009|Rheumatology,0.0,0.0,False,1,0.1942794028685208
26011,Michigan,Cardiology,Heart Disease,10039,0,0,0.0,0.0,10823.136363636364,15071.056217261126,0.0,NO PROVIDER,100.0,26011|Cardiology,0.0,0.0,False,1,0.1942794028685208
26011,Michigan,Endocrinology,Diabetes,6291,0,0,0.0,0.0,18070.0,22988.768286620067,0.0,NO PROVIDER,100.0,26011|Endocrinology,0.0,0.0,False,1,0.1942794028685208
26011,Michigan,Oncology,Cancer,1196,0,0,0.0,0.0,2055.6666666666665,2642.926682217817,0.0,NO PROVIDER,100.0,26011|Oncology,0.0,0.0,False,1,0.1942794028685208
26011,Michigan,Neurology,Neurological Disorders,493,0,0,0.0,0.0,637.0,906.5174241117586,0.0,NO PROVIDER,100.0,26011|Neurology,0.0,0.0,False,1,0.1942794028685208
26011,Michigan,Psychiatry,Mental Health Disorders,3503,3,98,511.0,1167.6666666666667,3104.5,4291.15957060345,0.3761206850271112,LOW GAP,2.05,26011|Psychiatry,0.8564087924636027,5.161616161616162,False,1,0.04430922749785149
26011,Michigan,Pulmonary,Respiratory Disease,2683,0,0,0.0,0.0,4251.578947368421,5741.879971570142,0.0,NO PROVIDER,100.0,26011|Pulmonary,0.0,0.0,False,1,0.1942794028685208
26011,Michigan,Rheumatology,Arthritis,3928,0,0,0.0,0.0,10453.0,13315.598760659872,0.0,NO PROVIDER,100.0,26011|Rheumatology,0.0,0.0,False,1,0.1942794028685208
26013,Michigan,Cardiology,Heart Disease,5497,1,11,25.0,5497.0,10823.136363636364,15071.056217261126,0.5078934437589507,MODERATE GAP,2.77,26013|Cardiology,0.18191740949608878,2.0833333333333335,False,1,0.1329045241005274
26013,Michigan,Endocrinology,Diabetes,3682,0,0,0.0,0.0,18070.0,22988.768286620067,0.0,NO PROVIDER,100.0,26013|Endocrinology,0.0,0.0,False,1,0.1942794028685208
26013,Michigan,Oncology,Cancer,598,0,0,0.0,0.0,2055.6666666666665,2642.926682217817,0.0,NO PROVIDER,100.0,26013|Oncology,0.0,0.0,False,1,0.1942794028685208
26013,Michigan,Neurology,Neurological Disorders,282,0,0,0.0,0.0,637.0,906.5174241117586,0.0,NO PROVIDER,100.0,26013|Neurology,0.0,0.0,False,1,0.1942794028685208
26013,Michigan,Psychiatry,Mental Health Disorders,1860,0,0,0.0,0.0,3104.5,4291.15957060345,0.0,NO PROVIDER,100.0,26013|Psychiatry,0.0,0.0,False,1,0.1942794028685208
26013,Michigan,Pulmonary,Respiratory Disease,1482,0,0,0.0,0.0,4251.578947368421,5741.879971570142,0.0,NO PROVIDER,100.0,26013|Pulmonary,0.0,0.0,False,1,0.1942794028685208
26013,Michigan,Rheumatology,Arthritis,2080,0,0,0.0,0.0,10453.0,13315.598760659872,0.0,NO PROVIDER,100.0,26013|Rheumatology,0.0,0.0,False,1,0.1942794028685208
26015,Michigan,Cardiology,Heart Disease,36779,1,190,265.0,36779.0,10823.136363636364,15071.056217261126,3.398183185011906,CRITICAL GAP,18.5,26015|Cardiology,0.02718942875010196,1.387434554973822,False,1,0.0521962208316471
26015,Michigan,Endocrinology,Diabetes,23428,0,0,0.0,0.0,18070.0,22988.768286620067,0.0,NO PROVIDER,100.0,26015|Endocrinology,0.0,0.0,False,1,0.1942794028685208
26015,Michigan,Oncology,Cancer,4475,0,0,0.0,0.0,2055.6666666666665,2642.926682217817,0.0,NO PROVIDER,100.0,26015|Oncology,0.0,0.0,False,1,0.1942794028685208
26015,Michigan,Neurology,Neurological Disorders,1575,0,0,0.0,0.0,637.0,906.5174241117586,0.0,NO PROVIDER,100.0,26015|Neurology,0.0,0.0,False,1,0.1942794028685208
26015,Michigan,Psychiatry,Mental Health Disorders,13451,1,17,64.0,13451.0,3104.5,4291.15957060345,4.332742792720245,CRITICAL GAP,23.59,26015|Psychiatry,0.0743439149505613,3.5555555555555554,False,1,0.14924670343833696
26015,Michigan,Pulmonary,Respiratory Disease,9401,0,0,0.0,0.0,4251.578947368421,5741.879971570142,0.0,NO PROVIDER,100.0,26015|Pulmonary,0.0,0.0,False,1,0.1942794028685208
26015,Michigan,Rheumatology,Arthritis,14101,0,0,0.0,0.0,10453.0,13315.598760659872,0.0,NO PROVIDER,100.0,26015|Rheumatology,0.0,0.0,False,1,0.1942794028685208
26017,Michigan,Cardiology,Heart Disease,61697,8,5439,20881.0,7712.125,10823.136363636364,15071.056217261126,0.7125591640803162,MODERATE GAP,3.88,26017|Cardiology,0.12966594810120427,3.838419117647059,False,1,0.15706761006430986
26017,Michigan,Endocrinology,Diabetes,40717,0,0,0.0,0.0,18070.0,22988.768286620067,0.0,NO PROVIDER,100.0,26017|Endocrinology,0.0,0.0,False,1,0.1942794028685208
26017,Michigan,Oncology,Cancer,7407,3,408,914.0,2469.0,2055.6666666666665,2642.926682217817,1.2010702124209502,HIGH GAP,6.54,26017|Oncology,0.4050222762251924,2.234718826405868,False,1,0.10686226944254473
26017,Michigan,Neurology,Neurological Disorders,2855,3,695,12447.0,951.6666666666666,637.0,906.5174241117586,1.4939822082679224,HIGH GAP,8.13,26017|Neurology,1.0507880910683014,17.88362068965517,False,1,0.0009235714666221417
26017,Michigan,Psychiatry,Mental Health Disorders,22883,10,1171,8160.0,2288.3,3104.5,4291.15957060345,0.7370913190529876,MODERATE GAP,4.01,26017|Psychiatry,0.43700563737272213,6.962457337883959,False,1,0.1019904939045938
26017,Michigan,Pulmonary,Respiratory Disease,16511,3,1034,2925.0,5503.666666666667,4251.578947368421,5741.879971570142,1.2944994635635885,HIGH GAP,7.05,26017|Pulmonary,0.18169705045121434,2.8260869565217392,False,1,0.1493820650958072
26017,Michigan,Rheumatology,Arthritis,24289,1,124,11248.0,24289.0,10453.0,13315.598760659872,2.323639146656462,CRITICAL GAP,12.65,26017|Rheumatology,0.04117090040759191,89.984,False,1,0.003109973846290859
26019,Michigan,Cardiology,Heart Disease,11672,0,0,0.0,0.0,10823.136363636364,15071.056217261126,0.0,NO PROVIDER,100.0,26019|Cardiology,0.0,0.0,False,1,0.1942794028685208
26019,Michigan,Endocrinology,Diabetes,7084,0,0,0.0,0.0,18070.0,22988.768286620067,0.0,NO PROVIDER,100.0,26019|Endocrinology,0.0,0.0,False,1,0.1942794028685208
26019,Michigan,Oncology,Cancer,1539,0,0,0.0,0.0,2055.6666666666665,2642.926682217817,0.0,NO PROVIDER,100.0,26019|Oncology,0.0,0.0,False,1,0.1942794028685208
26019,Michigan,Neurology,Neurological Disorders,521,0,0,0.0,0.0,637.0,906.5174241117586,0.0,NO PROVIDER,100.0,26019|Neurology,0.0,0.0,False,1,0.1942794028685208
26019,Michigan,Psychiatry,Mental Health Disorders,4143,1,52,150.0,4143.0,3104.5,4291.15957060345,1.3345144145595105,HIGH GAP,7.27,26019|Psychiatry,0.24137098720733768,2.830188679245283,False,1,0.1341340303941777
26019,Michigan,Pulmonary,Respiratory Disease,2895,0,0,0.0,0.0,4251.578947368421,5741.879971570142,0.0,NO PROVIDER,100.0,26019|Pulmonary,0.0,0.0,False,1,0.1942794028685208
26019,Michigan,Rheumatology,Arthritis,4649,0,0,0.0,0.0,10453.0,13315.598760659872,0.0,NO PROVIDER,100.0,26019|Rheumatology,0.0,0.0,False,1,0.1942794028685208
26021,Michigan,Cardiology,Heart Disease,92342,8,3678,10146.0,11542.75,10823.136363636364,15071.056217261126,1.0664884569671873,HIGH GAP,5.81,26021|Cardiology,0.08663446752290399,2.757814623539005,False,1,0.15050642194833724
26021,Michigan,Endocrinology,Diabetes,61181,4,696,2193.0,15295.25,18070.0,22988.768286620067,0.8464443829551743,MODERATE GAP,4.61,26021|Endocrinology,0.06537977476667593,3.1463414634146343,False,1,0.14733047465235943
26021,Michigan,Oncology,Cancer,10507,4,1507,3874.0,2626.75,2055.6666666666665,2642.926682217817,1.2778093076049943,HIGH GAP,6.96,26021|Oncology,0.3806985818977824,2.5689655172413794,False,1,0.12012554061138747
26021,Michigan,Neurology,Neurological Disorders,4443,8,1533,3322.0,555.375,637.0,906.5174241117586,0.8718602825745683,MODERATE GAP,4.75,26021|Neurology,1.8005851901868106,2.165580182529335,True,-1,-0.01583183713685754
26021,Michigan,Psychiatry,Mental Health Disorders,31701,10,437,2109.0,3170.1,3104.5,4291.15957060345,1.021130616846513,HIGH GAP,5.56,26021|Psychiatry,0.3154474622251664,4.815068493150685,False,1,0.1259815310029468
26021,Michigan,Pulmonary,Respiratory Disease,24196,8,1263,3301.0,3024.5,4251.578947368421,5741.879971570142,0.7113827680118842,MODERATE GAP,3.87,26021|Pulmonary,0.33063316250619934,2.6115506329113924,False,1,0.12341745748011346
26021,Michigan,Rheumatology,Arthritis,35304,3,816,3645.0,11768.0,10453.0,13315.598760659872,1.1258012053955802,HIGH GAP,6.13,26021|Rheumatology,0.0849762066621346,4.461444308445532,False,1,0.1503731461890344
26023,Michigan,Cardiology,Heart Disease,27093,0,0,0.0,0.0,10823.136363636364,15071.056217261126,0.0,NO PROVIDER,100.0,26023|Cardiology,0.0,0.0,False,1,0.1942794028685208
26023,Michigan,Endocrinology,Diabetes,16658,0,0,0.0,0.0,18070.0,22988.768286620067,0.0,NO PROVIDER,100.0,26023|Endocrinology,0.0,0.0,False,1,0.1942794028685208
26023,Michigan,Oncology,Cancer,2999,0,0,0.0,0.0,2055.6666666666665,2642.926682217817,0.0,NO PROVIDER,100.0,26023|Oncology,0.0,0.0,False,1,0.1942794028685208
26023,Michigan,Neurology,Neurological Disorders,1317,0,0,0.0,0.0,637.0,906.5174241117586,0.0,NO PROVIDER,100.0,26023|Neurology,0.0,0.0,False,1,0.1942794028685208
26023,Michigan,Psychiatry,Mental Health Disorders,9742,5,101,409.0,1948.4,3104.5,4291.15957060345,0.6276050893863746,MODERATE GAP,3.42,26023|Psychiatry,0.5132416341613631,4.009803921568627,False,1,0.11240903849587747
26023,Michigan,Pulmonary,Respiratory Disease,7280,0,0,0.0,0.0,4251.578947368421,5741.879971570142,0.0,NO PROVIDER,100.0,26023|Pulmonary,0.0,0.0,False,1,0.1942794028685208
26023,Michigan,Rheumatology,Arthritis,10210,1,80,3023.0,10210.0,10453.0,13315.598760659872,0.9767530852386874,MODERATE GAP,5.32,26023|Rheumatology,0.0979431929480901,37.32098765432099,False,1,0.05706081358338411
26025,Michigan,Cardiology,Heart Disease,80635,7,6808,12245.0,11519.285714285714,10823.136363636364,15071.056217261126,1.0643204822761243,HIGH GAP,5.79,26025|Cardiology,0.08681093817821045,1.7983551182258775,False,1,0.1283569927298711
26025,Michigan,Endocrinology,Diabetes,56382,1,87,148.0,56382.0,18070.0,22988.768286620067,3.1201992252351967,CRITICAL GAP,16.99,26025|Endocrinology,0.017736156929516512,1.6818181818181819,False,1,0.021425085540910715
26025,Michigan,Oncology,Cancer,8496,3,818,54983.0,2832.0,2055.6666666666665,2642.926682217817,1.3776552618777365,HIGH GAP,7.5,26025|Oncology,0.3531073446327684,67.13431013431014,False,1,0.02598470102233308
26025,Michigan,Neurology,Neurological Disorders,3759,6,925,1874.0,626.5,637.0,906.5174241117586,0.9835164835164836,MODERATE GAP,5.36,26025|Neurology,1.5961691939345573,2.023758099352052,True,-1,-0.005992868334145696
26025,Michigan,Psychiatry,Mental Health Disorders,28217,16,787,5640.0,1763.5625,3104.5,4291.15957060345,0.5680665163472379,MODERATE GAP,3.09,26025|Psychiatry,0.5670340574830776,7.157360406091371,False,1,0.08771826354828782
26025,Michigan,Pulmonary,Respiratory Disease,20956,4,966,3136.0,5239.0,4251.578947368421,5741.879971570142,1.23224808120822,HIGH GAP,6.71,26025|Pulmonary,0.1908761213972132,3.2430196483971043,False,1,0.1524718550778501
26025,Michigan,Rheumatology,Arthritis,29968,3,834,3004.0,9989.333333333334,10453.0,13315.598760659872,0.9556427181989222,MODERATE GAP,5.2,26025|Rheumatology,0.100106780565937,3.5976047904191617,False,1,0.16002934703054655
26027,Michigan,Cardiology,Heart Disease,32074,0,0,0.0,0.0,10823.136363636364,15071.056217261126,0.0,NO PROVIDER,100.0,26027|Cardiology,0.0,0.0,False,1,0.1942794028685208
26027,Michigan,Endocrinology,Diabetes,19703,0,0,0.0,0.0,18070.0,22988.768286620067,0.0,NO PROVIDER,100.0,26027|Endocrinology,0.0,0.0,False,1,0.1942794028685208
26027,Michigan,Oncology,Cancer,3676,0,0,0.0,0.0,2055.6666666666665,2642.926682217817,0.0,NO PROVIDER,100.0,26027|Oncology,0.0,0.0,False,1,0.1942794028685208
26027,Michigan,Neurology,Neurological Disorders,1508,0,0,0.0,0.0,637.0,906.5174241117586,0.0,NO PROVIDER,100.0,26027|Neurology,0.0,0.0,False,1,0.1942794028685208
26027,Michigan,Psychiatry,Mental Health Disorders,11462,0,0,0.0,0.0,3104.5,4291.15957060345,0.0,NO PROVIDER,100.0,26027|Psychiatry,0.0,0.0,False,1,0.1942794028685208
26027,Michigan,Pulmonary,Respiratory Disease,8426,0,0,0.0,0.0,4251.578947368421,5741.879971570142,0.0,NO PROVIDER,100.0,26027|Pulmonary,0.0,0.0,False,1,0.1942794028685208
26027,Michigan,Rheumatology,Arthritis,12227,0,0,0.0,0.0,10453.0,13315.598760659872,0.0,NO PROVIDER,100.0,26027|Rheumatology,0.0,0.0,False,1,0.1942794028685208
26029,Michigan,Cardiology,Heart Disease,16388,0,0,0.0,0.0,10823.136363636364,15071.056217261126,0.0,NO PROVIDER,100.0,26029|Cardiology,0.0,0.0,False,1,0.1942794028685208
26029,Michigan,Endocrinology,Diabetes,9826,0,0,0.0,0.0,18070.0,22988.768286620067,0.0,NO PROVIDER,100.0,26029|Endocrinology,0.0,0.0,False,1,0.1942794028685208
26029,Michigan,Oncology,Cancer,2140,1,40,102.0,2140.0,2055.6666666666665,2642.926682217817,1.0410248094697585,HIGH GAP,5.67,26029|Oncology,0.4672897196261682,2.4878048780487805,False,1,0.10639104574589386
26029,Michigan,Neurology,Neurological Disorders,713,0,0,0.0,0.0,637.0,906.5174241117586,0.0,NO PROVIDER,100.0,26029|Neurology,0.0,0.0,False,1,0.1942794028685208
26029,Michigan,Psychiatry,Mental Health Disorders,5600,1,19,38.0,5600.0,3104.5,4291.15957060345,1.8038331454340475,HIGH GAP,9.82,26029|Psychiatry,0.17857142857142858,1.9,False,1,0.12475560171059635
26029,Michigan,Pulmonary,Respiratory Disease,4054,1,167,221.0,4054.0,4251.578947368421,5741.879971570142,0.9535281010151028,MODERATE GAP,5.19,26029|Pulmonary,0.24666995559940802,1.3154761904761905,False,1,0.08899965912766872
26029,Michigan,Rheumatology,Arthritis,6432,0,0,0.0,0.0,10453.0,13315.598760659872,0.0,NO PROVIDER,100.0,26029|Rheumatology,0.0,0.0,False,1,0.1942794028685208
26031,Michigan,Cardiology,Heart Disease,17843,0,0,0.0,0.0,10823.136363636364,15071.056217261126,0.0,NO PROVIDER,100.0,26031|Cardiology,0.0,0.0,False,1,0.1942794028685208
26031,Michigan,Endocrinology,Diabetes,11797,0,0,0.0,0.0,18070.0,22988.768286620067,0.0,NO PROVIDER,100.0,26031|Endocrinology,0.0,0.0,False,1,0.1942794028685208
26031,Michigan,Oncology,Cancer,2163,0,0,0.0,0.0,2055.6666666666665,2642.926682217817,0.0,NO PROVIDER,100.0,26031|Oncology,0.0,0.0,False,1,0.1942794028685208
26031,Michigan,Neurology,Neurological Disorders,861,0,0,0.0,0.0,637.0,906.5174241117586,0.0,NO PROVIDER,100.0,26031|Neurology,0.0,0.0,False,1,0.1942794028685208
26031,Michigan,Psychiatry,Mental Health Disorders,6180,0,0,0.0,0.0,3104.5,4291.15957060345,0.0,NO PROVIDER,100.0,26031|Psychiatry,0.0,0.0,False,1,0.1942794028685208
26031,Michigan,Pulmonary,Respiratory Disease,4679,0,0,0.0,0.0,4251.578947368421,5741.879971570142,0.0,NO PROVIDER,100.0,26031|Pulmonary,0.0,0.0,False,1,0.1942794028685208
26031,Michigan,Rheumatology,Arthritis,6941,0,0,0.0,0.0,10453.0,13315.598760659872,0.0,NO PROVIDER,100.0,26031|Rheumatology,0.0,0.0,False,1,0.1942794028685208
26033,Michigan,Cardiology,Heart Disease,23134,0,0,0.0,0.0,10823.136363636364,15071.056217261126,0.0,NO PROVIDER,100.0,26033|Cardiology,0.0,0.0,False,1,0.1942794028685208
26033,Michigan,Endocrinology,Diabetes,14276,1,184,426.0,14276.0,18070.0,22988.768286620067,0.7900387382401771,MODERATE GAP,4.3,26033|Endocrinology,0.07004763239002522,2.3027027027027027,False,1,0.13721642558544805
26033,Michigan,Oncology,Cancer,2412,1,125,650.0,2412.0,2055.6666666666665,2642.926682217817,1.1733419815145127,HIGH GAP,6.39,26033|Oncology,0.41459369817578773,5.158730158730159,False,1,0.11572480297343696
26033,Michigan,Neurology,Neurological Disorders,1116,0,0,0.0,0.0,637.0,906.5174241117586,0.0,NO PROVIDER,100.0,26033|Neurology,0.0,0.0,False,1,0.1942794028685208
26033,Michigan,Psychiatry,Mental Health Disorders,8068,3,100,311.0,2689.333333333333,3104.5,4291.15957060345,0.866269393890589,MODERATE GAP,4.72,26033|Psychiatry,0.37183936539414975,3.0792079207920793,False,1,0.1254926255187414
26033,Michigan,Pulmonary,Respiratory Disease,6163,1,257,597.0,6163.0,4251.578947368421,5741.879971570142,1.4495791037385493,HIGH GAP,7.89,26033|Pulmonary,0.1622586402725945,2.313953488372093,False,1,0.14310837158865286
26033,Michigan,Rheumatology,Arthritis,8515,0,0,0.0,0.0,10453.0,13315.598760659872,0.0,NO PROVIDER,100.0,26033|Rheumatology,0.0,0.0,False,1,0.1942794028685208
26035,Michigan,Cardiology,Heart Disease,21531,0,0,0.0,0.0,10823.136363636364,15071.056217261126,0.0,NO PROVIDER,100.0,26035|Cardiology,0.0,0.0,False,1,0.1942794028685208
26035,Michigan,Endocrinology,Diabetes,13508,0,0,0.0,0.0,18070.0,22988.768286620067,0.0,NO PROVIDER,100.0,26035|Endocrinology,0.0,0.0,False,1,0.1942794028685208
26035,Michigan,Oncology,Cancer,2359,0,0,0.0,0.0,2055.6666666666665,2642.926682217817,0.0,NO PROVIDER,100.0,26035|Oncology,0.0,0.0,False,1,0.1942794028685208
26035,Michigan,Neurology,Neurological Disorders,1097,0,0,0.0,0.0,637.0,906.5174241117586,0.0,NO PROVIDER,100.0,26035|Neurology,0.0,0.0,False,1,0.1942794028685208
26035,Michigan,Psychiatry,Mental Health Disorders,7379,0,0,0.0,0.0,3104.5,4291.15957060345,0.0,NO PROVIDER,100.0,26035|Psychiatry,0.0,0.0,False,1,0.1942794028685208
26035,Michigan,Pulmonary,Respiratory Disease,5878,0,0,0.0,0.0,4251.578947368421,5741.879971570142,0.0,NO PROVIDER,100.0,26035|Pulmonary,0.0,0.0,False,1,0.1942794028685208
26035,Michigan,Rheumatology,Arthritis,8274,0,0,0.0,0.0,10453.0,13315.598760659872,0.0,NO PROVIDER,100.0,26035|Rheumatology,0.0,0.0,False,1,0.1942794028685208
26037,Michigan,Cardiology,Heart Disease,44942,0,0,0.0,0.0,10823.136363636364,15071.056217261126,0.0,NO PROVIDER,100.0,26037|Cardiology,0.0,0.0,False,1,0.1942794028685208
26037,Michigan,Endocrinology,Diabetes,28136,1,187,405.0,28136.0,18070.0,22988.768286620067,1.5570558937465413,HIGH GAP,8.48,26037|Endocrinology,0.03554165481944839,2.154255319148936,False,1,0.1049639153876546
26037,Michigan,Oncology,Cancer,5539,0,0,0.0,0.0,2055.6666666666665,2642.926682217817,0.0,NO PROVIDER,100.0,26037|Oncology,0.0,0.0,False,1,0.1942794028685208
26037,Michigan,Neurology,Neurological Disorders,1825,0,0,0.0,0.0,637.0,906.5174241117586,0.0,NO PROVIDER,100.0,26037|Neurology,0.0,0.0,False,1,0.1942794028685208
26037,Michigan,Psychiatry,Mental Health Disorders,17341,3,128,377.0,5780.333333333333,3104.5,4291.15957060345,1.861920867557846,HIGH GAP,10.14,26037|Psychiatry,0.17300040366760858,2.9224806201550386,False,1,0.15065042374059834
26037,Michigan,Pulmonary,Respiratory Disease,11298,0,0,0.0,0.0,4251.578947368421,5741.879971570142,0.0,NO PROVIDER,100.0,26037|Pulmonary,0.0,0.0,False,1,0.1942794028685208
26037,Michigan,Rheumatology,Arthritis,17372,0,0,0.0,0.0,10453.0,13315.598760659872,0.0,NO PROVIDER,100.0,26037|Rheumatology,0.0,0.0,False,1,0.1942794028685208
26039,Michigan,Cardiology,Heart Disease,9005,1,1122,1903.0,9005.0,10823.136363636364,15071.056217261126,0.8320139095960253,MODERATE GAP,4.53,26039|Cardiology,0.1110494169905608,1.6945681211041852,False,1,0.1280285440458908
26039,Michigan,Endocrinology,Diabetes,5580,0,0,0.0,0.0,18070.0,22988.768286620067,0.0,NO PROVIDER,100.0,26039|Endocrinology,0.0,0.0,False,1,0.1942794028685208
26039,Michigan,Oncology,Cancer,1084,2,602,1697.0,542.0,2055.6666666666665,2642.926682217817,0.2636614237068266,LOW GAP,1.44,26039|Oncology,1.8450184501845017,2.814262023217247,True,-1,-0.011087097144923064
26039,Michigan,Neurology,Neurological Disorders,452,0,0,0.0,0.0,637.0,906.5174241117586,0.0,NO PROVIDER,100.0,26039|Neurology,0.0,0.0,False,1,0.1942794028685208
26039,Michigan,Psychiatry,Mental Health Disorders,3223,0,0,0.0,0.0,3104.5,4291.15957060345,0.0,NO PROVIDER,100.0,26039|Psychiatry,0.0,0.0,False,1,0.1942794028685208
26039,Michigan,Pulmonary,Respiratory Disease,2436,0,0,0.0,0.0,4251.578947368421,5741.879971570142,0.0,NO PROVIDER,100.0,26039|Pulmonary,0.0,0.0,False,1,0.1942794028685208
26039,Michigan,Rheumatology,Arthritis,3569,0,0,0.0,0.0,10453.0,13315.598760659872,0.0,NO PROVIDER,100.0,26039|Rheumatology,0.0,0.0,False,1,0.1942794028685208
26041,Michigan,Cardiology,Heart Disease,22888,2,905,1424.0,11444.0,10823.136363636364,15071.056217261126,1.0573644843328056,HIGH GAP,5.76,26041|Cardiology,0.08738203425375742,1.5717439293598234,False,1,0.11768143186077407
26041,Michigan,Endocrinology,Diabetes,15451,0,0,0.0,0.0,18070.0,22988.768286620067,0.0,NO PROVIDER,100.0,26041|Endocrinology,0.0,0.0,False,1,0.1942794028685208
26041,Michigan,Oncology,Cancer,2846,0,0,0.0,0.0,2055.6666666666665,2642.926682217817,0.0,NO PROVIDER,100.0,26041|Oncology,0.0,0.0,False,1,0.1942794028685208
26041,Michigan,Neurology,Neurological Disorders,1118,1,208,271.0,1118.0,637.0,906.5174241117586,1.7551020408163265,HIGH GAP,9.56,26041|Neurology,0.8944543828264758,1.2966507177033493,False,1,0.011271424462857893
26041,Michigan,Psychiatry,Mental Health Disorders,8747,0,0,0.0,0.0,3104.5,4291.15957060345,0.0,NO PROVIDER,100.0,26041|Psychiatry,0.0,0.0,False,1,0.1942794028685208
26041,Michigan,Pulmonary,Respiratory Disease,6244,1,139,456.0,6244.0,4251.578947368421,5741.879971570142,1.468630849220104,HIGH GAP,8.0,26041|Pulmonary,0.16015374759769377,3.257142857142857,False,1,0.15760443447598171
26041,Michigan,Rheumatology,Arthritis,9268,0,0,0.0,0.0,10453.0,13315.598760659872,0.0,NO PROVIDER,100.0,26041|Rheumatology,0.0,0.0,False,1,0.1942794028685208
26043,Michigan,Cardiology,Heart Disease,15913,6,2124,4386.0,2652.1666666666665,10823.136363636364,15071.056217261126,0.2450460363390995,LOW GAP,1.33,26043|Cardiology,0.3770502105197009,2.064,False,1,0.10619209439893151
26043,Michigan,Endocrinology,Diabetes,10223,0,0,0.0,0.0,18070.0,22988.768286620067,0.0,NO PROVIDER,100.0,26043|Endocrinology,0.0,0.0,False,1,0.1942794028685208
26043,Michigan,Oncology,Cancer,1980,1,125,301.0,1980.0,2055.6666666666665,2642.926682217817,0.9631911788551972,MODERATE GAP,5.24,26043|Oncology,0.5050505050505051,2.388888888888889,False,1,0.10574209145596758
26043,Michigan,Neurology,Neurological Disorders,719,1,58,153.0,719.0,637.0,906.5174241117586,1.1287284144427,HIGH GAP,6.15,26043|Neurology,1.3908205841446453,2.593220338983051,False,1,0.013943016963641974
26043,Michigan,Psychiatry,Mental Health Disorders,5961,1,43,118.0,5961.0,3104.5,4291.15957060345,1.9201159607022065,HIGH GAP,10.45,26043|Psychiatry,0.16775708773695688,2.6818181818181817,False,1,0.14935468178385336
26043,Michigan,Pulmonary,Respiratory Disease,4075,0,0,0.0,0.0,4251.578947368421,5741.879971570142,0.0,NO PROVIDER,100.0,26043|Pulmonary,0.0,0.0,False,1,0.1942794028685208
26043,Michigan,Rheumatology,Arthritis,6221,0,0,0.0,0.0,10453.0,13315.598760659872,0.0,NO PROVIDER,100.0,26043|Rheumatology,0.0,0.0,False,1,0.1942794028685208
26045,Michigan,Cardiology,Heart Disease,63093,4,3509,8480.0,15773.25,10823.136363636364,15071.056217261126,1.4573640643570802,HIGH GAP,7.93,26045|Cardiology,0.06339847526666985,2.415954415954416,False,1,0.14232462486329467
26045,Michigan,Endocrinology,Diabetes,42611,0,0,0.0,0.0,18070.0,22988.768286620067,0.0,NO PROVIDER,100.0,26045|Endocrinology,0.0,0.0,False,1,0.1942794028685208
26045,Michigan,Oncology,Cancer,7492,0,0,0.0,0.0,2055.6666666666665,2642.926682217817,0.0,NO PROVIDER,100.0,26045|Oncology,0.0,0.0,False,1,0.1942794028685208
26045,Michigan,Neurology,Neurological Disorders,2642,0,0,0.0,0.0,637.0,906.5174241117586,0.0,NO PROVIDER,100.0,26045|Neurology,0.0,0.0,False,1,0.1942794028685208
26045,Michigan,Psychiatry,Mental Health Disorders,23687,0,0,0.0,0.0,3104.5,4291.15957060345,0.0,NO PROVIDER,100.0,26045|Psychiatry,0.0,0.0,False,1,0.1942794028685208
26045,Michigan,Pulmonary,Respiratory Disease,15850,1,135,194.0,15850.0,4251.578947368421,5741.879971570142,3.728026739291904,CRITICAL GAP,20.3,26045|Pulmonary,0.06309148264984228,1.4264705882352942,False,1,0.10188017454803777
26045,Michigan,Rheumatology,Arthritis,23687,0,0,0.0,0.0,10453.0,13315.598760659872,0.0,NO PROVIDER,100.0,26045|Rheumatology,0.0,0.0,False,1,0.1942794028685208
26047,Michigan,Cardiology,Heart Disease,20751,1,107,163.0,20751.0,10823.136363636364,15071.056217261126,1.917281581124611,HIGH GAP,10.44,26047|Cardiology,0.048190448653076964,1.5092592592592593,False,1,0.09635331940512981
26047,Michigan,Endocrinology,Diabetes,11973,0,0,0.0,0.0,18070.0,22988.768286620067,0.0,NO PROVIDER,100.0,26047|Endocrinology,0.0,0.0,False,1,0.1942794028685208
26047,Michigan,Oncology,Cancer,2678,2,183,368.0,1339.0,2055.6666666666665,2642.926682217817,0.6513701962056105,MODERATE GAP,3.55,26047|Oncology,0.7468259895444362,2.0,False,1,0.047623715467777106
26047,Michigan,Neurology,Neurological Disorders,869,3,415,4006.0,289.6666666666667,637.0,906.5174241117586,0.4547357404500262,LOW GAP,2.48,26047|Neurology,3.452243958573072,9.629807692307692,True,-1,-0.07420436453527202
26047,Michigan,Psychiatry,Mental Health Disorders,7361,4,94,402.0,1840.25,3104.5,4291.15957060345,0.5927685617651796,MODERATE GAP,3.23,26047|Psychiatry,0.5434044287460942,4.231578947368421,False,1,0.10513363853089264
26047,Michigan,Pulmonary,Respiratory Disease,5048,2,2579,6431.0,2524.0,4251.578947368421,5741.879971570142,0.5936617974746224,MODERATE GAP,3.23,26047|Pulmonary,0.39619651347068147,2.4926356589147285,False,1,0.11718742100994001
26047,Michigan,Rheumatology,Arthritis,7837,0,0,0.0,0.0,10453.0,13315.598760659872,0.0,NO PROVIDER,100.0,26047|Rheumatology,0.0,0.0,False,1,0.1942794028685208
26049,Michigan,Cardiology,Heart Disease,245159,27,16012,56096.0,9079.962962962964,10823.136363636364,15071.056217261126,0.8389400870407469,MODERATE GAP,4.57,26049|Cardiology,0.11013260781778357,3.5031536876288016,False,1,0.16262175856222866
26049,Michigan,Endocrinology,Diabetes,165111,3,1764,9098.0,55037.0,18070.0,22988.768286620067,3.0457664637520754,CRITICAL GAP,16.58,26049|Endocrinology,0.018169594999727454,5.154674220963173,False,1,0.03821344642531188
26049,Michigan,Oncology,Cancer,25691,9,3054,553801.0,2854.555555555556,2055.6666666666665,2642.926682217817,1.3886276417490948,HIGH GAP,7.56,26049|Oncology,0.35031723171538676,181.27692307692308,False,1,0.017602511098429585
26049,Michigan,Neurology,Neurological Disorders,12062,13,3759,45771.0,927.8461538461538,637.0,906.5174241117586,1.4565873686752806,HIGH GAP,7.93,26049|Neurology,1.0777648814458631,12.17313829787234,False,1,0.00993529051879194
26049,Michigan,Psychiatry,Mental Health Disorders,86942,16,1125,9205.0,5433.875,3104.5,4291.15957060345,1.7503221130616846,HIGH GAP,9.53,26049|Psychiatry,0.18403073313243312,8.174955595026644,False,1,0.12591729029104098
26049,Michigan,Pulmonary,Respiratory Disease,66107,22,9304,37602.0,3004.8636363636365,4251.578947368421,5741.879971570142,0.7067641630466588,MODERATE GAP,3.85,26049|Pulmonary,0.33279380398444947,4.0410531972058035,False,1,0.12479196328870096
26049,Michigan,Rheumatology,Arthritis,93521,4,876,37197.0,23380.25,10453.0,13315.598760659872,2.236702382091265,CRITICAL GAP,12.18,26049|Rheumatology,0.04277114231028325,42.41391106043329,False,1,0.027177732936241705
26051,Michigan,Cardiology,Heart Disease,17321,0,0,0.0,0.0,10823.136363636364,15071.056217261126,0.0,NO PROVIDER,100.0,26051|Cardiology,0.0,0.0,False,1,0.1942794028685208
26051,Michigan,Endocrinology,Diabetes,11119,0,0,0.0,0.0,18070.0,22988.768286620067,0.0,NO PROVIDER,100.0,26051|Endocrinology,0.0,0.0,False,1,0.1942794028685208
26051,Michigan,Oncology,Cancer,2029,0,0,0.0,0.0,2055.6666666666665,2642.926682217817,0.0,NO PROVIDER,100.0,26051|Oncology,0.0,0.0,False,1,0.1942794028685208
26051,Michigan,Neurology,Neurological Disorders,858,0,0,0.0,0.0,637.0,906.5174241117586,0.0,NO PROVIDER,100.0,26051|Neurology,0.0,0.0,False,1,0.1942794028685208
26051,Michigan,Psychiatry,Mental Health Disorders,5910,0,0,0.0,0.0,3104.5,4291.15957060345,0.0,NO PROVIDER,100.0,26051|Psychiatry,0.0,0.0,False,1,0.1942794028685208
26051,Michigan,Pulmonary,Respiratory Disease,4644,0,0,0.0,0.0,4251.578947368421,5741.879971570142,0.0,NO PROVIDER,100.0,26051|Pulmonary,0.0,0.0,False,1,0.1942794028685208
26051,Michigan,Rheumatology,Arthritis,6747,0,0,0.0,0.0,10453.0,13315.598760659872,0.0,NO PROVIDER,100.0,26051|Rheumatology,0.0,0.0,False,1,0.1942794028685208
26053,Michigan,Cardiology,Heart Disease,9934,0,0,0.0,0.0,10823.136363636364,15071.056217261126,0.0,NO PROVIDER,100.0,26053|Cardiology,0.0,0.0,False,1,0.1942794028685208
26053,Michigan,Endocrinology,Diabetes,5950,0,0,0.0,0.0,18070.0,22988.768286620067,0.0,NO PROVIDER,100.0,26053|Endocrinology,0.0,0.0,False,1,0.1942794028685208
26053,Michigan,Oncology,Cancer,1192,0,0,0.0,0.0,2055.6666666666665,2642.926682217817,0.0,NO PROVIDER,100.0,26053|Oncology,0.0,0.0,False,1,0.1942794028685208
26053,Michigan,Neurology,Neurological Disorders,489,0,0,0.0,0.0,637.0,906.5174241117586,0.0,NO PROVIDER,100.0,26053|Neurology,0.0,0.0,False,1,0.1942794028685208
26053,Michigan,Psychiatry,Mental Health Disorders,3291,2,30,92.0,1645.5,3104.5,4291.15957060345,0.5300370430020938,MODERATE GAP,2.89,26053|Psychiatry,0.6077180188392586,2.967741935483871,False,1,0.09243819555929533
26053,Michigan,Pulmonary,Respiratory Disease,2552,0,0,0.0,0.0,4251.578947368421,5741.879971570142,0.0,NO PROVIDER,100.0,26053|Pulmonary,0.0,0.0,False,1,0.1942794028685208
26053,Michigan,Rheumatology,Arthritis,3816,0,0,0.0,0.0,10453.0,13315.598760659872,0.0,NO PROVIDER,100.0,26053|Rheumatology,0.0,0.0,False,1,0.1942794028685208
26055,Michigan,Cardiology,Heart Disease,55298,0,0,0.0,0.0,10823.136363636364,15071.056217261126,0.0,NO PROVIDER,100.0,26055|Cardiology,0.0,0.0,False,1,0.1942794028685208
26055,Michigan,Endocrinology,Diabetes,34981,0,0,0.0,0.0,18070.0,22988.768286620067,0.0,NO PROVIDER,100.0,26055|Endocrinology,0.0,0.0,False,1,0.1942794028685208
26055,Michigan,Oncology,Cancer,7254,0,0,0.0,0.0,2055.6666666666665,2642.926682217817,0.0,NO PROVIDER,100.0,26055|Oncology,0.0,0.0,False,1,0.1942794028685208
26055,Michigan,Neurology,Neurological Disorders,2301,0,0,0.0,0.0,637.0,906.5174241117586,0.0,NO PROVIDER,100.0,26055|Neurology,0.0,0.0,False,1,0.1942794028685208
26055,Michigan,Psychiatry,Mental Health Disorders,20474,3,106,390.0,6824.666666666667,3104.5,4291.15957060345,2.198314274977184,CRITICAL GAP,11.97,26055|Psychiatry,0.14652730292077756,3.6448598130841123,False,1,0.15529742630499438
26055,Michigan,Pulmonary,Respiratory Disease,13844,1,306,759.0,13844.0,4251.578947368421,5741.879971570142,3.256202030205497,CRITICAL GAP,17.73,26055|Pulmonary,0.0722334585379948,2.472312703583062,False,1,0.14196802398626057
26055,Michigan,Rheumatology,Arthritis,21254,0,0,0.0,0.0,10453.0,13315.598760659872,0.0,NO PROVIDER,100.0,26055|Rheumatology,0.0,0.0,False,1,0.1942794028685208
26057,Michigan,Cardiology,Heart Disease,24846,3,5076,9202.0,8282.0,10823.136363636364,15071.056217261126,0.7652125707134128,MODERATE GAP,4.17,26057|Cardiology,0.12074378169524269,1.812487689580461,False,1,0.1340539822358222
26057,Michigan,Endocrinology,Diabetes,16080,1,69,178.0,16080.0,18070.0,22988.768286620067,0.8898727172108467,MODERATE GAP,4.85,26057|Endocrinology,0.062189054726368154,2.5428571428571427,False,1,0.14237920934625647
26057,Michigan,Oncology,Cancer,2688,2,750,1720.0,1344.0,2055.6666666666665,2642.926682217817,0.6538024971623156,MODERATE GAP,3.56,26057|Oncology,0.744047619047619,2.2902796271637818,False,1,0.0573252829342662
26057,Michigan,Neurology,Neurological Disorders,1152,1,605,2836.0,1152.0,637.0,906.5174241117586,1.8084772370486657,HIGH GAP,9.85,26057|Neurology,0.8680555555555555,4.67986798679868,False,1,0.04833470972229792
26057,Michigan,Psychiatry,Mental Health Disorders,9050,4,374,3568.0,2262.5,3104.5,4291.15957060345,0.7287808020615236,MODERATE GAP,3.97,26057|Psychiatry,0.4419889502762431,9.514666666666667,False,1,0.08645423113304662
26057,Michigan,Pulmonary,Respiratory Disease,6579,1,496,1080.0,6579.0,4251.578947368421,5741.879971570142,1.5474251052240655,HIGH GAP,8.43,26057|Pulmonary,0.1519987840097279,2.1730382293762576,False,1,0.1432539118752405
26057,Michigan,Rheumatology,Arthritis,9284,0,0,0.0,0.0,10453.0,13315.598760659872,0.0,NO PROVIDER,100.0,26057|Rheumatology,0.0,0.0,False,1,0.1942794028685208
26059,Michigan,Cardiology,Heart Disease,28985,1,539,2020.0,28985.0,10823.136363636364,15071.056217261126,2.678059208177767,CRITICAL GAP,14.58,26059|Cardiology,0.03450060376056581,3.740740740740741,False,1,0.11478681697259807
26059,Michigan,Endocrinology,Diabetes,17802,0,0,0.0,0.0,18070.0,22988.768286620067,0.0,NO PROVIDER,100.0,26059|Endocrinology,0.0,0.0,False,1,0.1942794028685208
26059,Michigan,Oncology,Cancer,3238,0,0,0.0,0.0,2055.6666666666665,2642.926682217817,0.0,NO PROVIDER,100.0,26059|Oncology,0.0,0.0,False,1,0.1942794028685208
26059,Michigan,Neurology,Neurological Disorders,1342,1,194,585.0,1342.0,637.0,906.5174241117586,2.106750392464678,CRITICAL GAP,11.47,26059|Neurology,0.7451564828614009,3.0,False,1,0.06620258894444253
26059,Michigan,Psychiatry,Mental Health Disorders,10789,3,337,1503.0,3596.333333333333,3104.5,4291.15957060345,1.1584259408385678,HIGH GAP,6.31,26059|Psychiatry,0.27806098804337753,4.446745562130178,False,1,0.1295835049495257
26059,Michigan,Pulmonary,Respiratory Disease,7621,2,1241,2734.0,3810.5,4251.578947368421,5741.879971570142,0.8962552612032681,MODERATE GAP,4.88,26059|Pulmonary,0.2624327516074006,2.2012882447665056,False,1,0.1205420879242462
26059,Michigan,Rheumatology,Arthritis,10717,0,0,0.0,0.0,10453.0,13315.598760659872,0.0,NO PROVIDER,100.0,26059|Rheumatology,0.0,0.0,False,1,0.1942794028685208
26061,Michigan,Cardiology,Heart Disease,20760,1,1779,3585.0,20760.0,10823.136363636364,15071.056217261126,1.918113133060909,HIGH GAP,10.44,26061|Cardiology,0.04816955684007707,2.014044943820225,False,1,0.11671635086348037
26061,Michigan,Endocrinology,Diabetes,13669,0,0,0.0,0.0,18070.0,22988.768286620067,0.0,NO PROVIDER,100.0,26061|Endocrinology,0.0,0.0,False,1,0.1942794028685208
26061,Michigan,Oncology,Cancer,2465,0,0,0.0,0.0,2055.6666666666665,2642.926682217817,0.0,NO PROVIDER,100.0,26061|Oncology,0.0,0.0,False,1,0.1942794028685208
26061,Michigan,Neurology,Neurological Disorders,937,0,0,0.0,0.0,637.0,906.5174241117586,0.0,NO PROVIDER,100.0,26061|Neurology,0.0,0.0,False,1,0.1942794028685208
26061,Michigan,Psychiatry,Mental Health Disorders,8059,4,74,358.0,2014.75,3104.5,4291.15957060345,0.6489772910291512,MODERATE GAP,3.53,26061|Psychiatry,0.49633949621541135,4.773333333333333,False,1,0.1089190803711303
26061,Michigan,Pulmonary,Respiratory Disease,5670,0,0,0.0,0.0,4251.578947368421,5741.879971570142,0.0,NO PROVIDER,100.0,26061|Pulmonary,0.0,0.0,False,1,0.1942794028685208
26061,Michigan,Rheumatology,Arthritis,7832,1,61,112.0,7832.0,10453.0,13315.598760659872,0.7492585860518511,MODERATE GAP,4.08,26061|Rheumatology,0.12768130745658837,1.8064516129032258,False,1,0.13199766536928764
26063,Michigan,Cardiology,Heart Disease,19973,2,1692,5773.0,9986.5,10823.136363636364,15071.056217261126,0.9226992679823106,MODERATE GAP,5.02,26063|Cardiology,0.1001351824963701,3.409923213230951,False,1,0.16040267933038788
26063,Michigan,Endocrinology,Diabetes,12772,0,0,0.0,0.0,18070.0,22988.768286620067,0.0,NO PROVIDER,100.0,26063|Endocrinology,0.0,0.0,False,1,0.1942794028685208
26063,Michigan,Oncology,Cancer,2421,1,61,143.0,2421.0,2055.6666666666665,2642.926682217817,1.177720123236582,HIGH GAP,6.41,26063|Oncology,0.4130524576621231,2.306451612903226,False,1,0.10899935083394796
26063,Michigan,Neurology,Neurological Disorders,966,1,0,0.0,966.0,637.0,906.5174241117586,1.5164835164835164,HIGH GAP,8.26,26063|Neurology,1.0351966873706004,0.0,True,-1,-0.026328840099891004
26063,Michigan,Psychiatry,Mental Health Disorders,6963,4,266,1473.0,1740.75,3104.5,4291.15957060345,0.5607183121275567,MODERATE GAP,3.05,26063|Psychiatry,0.5744650294413327,5.51685393258427,False,1,0.09556945532566208
26063,Michigan,Pulmonary,Respiratory Disease,5257,1,394,1255.0,5257.0,4251.578947368421,5741.879971570142,1.236481802426343,HIGH GAP,6.73,26063|Pulmonary,0.19022256039566293,3.1772151898734178,False,1,0.15220345906357913
26063,Michigan,Rheumatology,Arthritis,7791,0,0,0.0,0.0,10453.0,13315.598760659872,0.0,NO PROVIDER,100.0,26063|Rheumatology,0.0,0.0,False,1,0.1942794028685208
26065,Michigan,Cardiology,Heart Disease,158089,23,21686,41870.0,6873.434782608696,10823.136363636364,15071.056217261126,0.6350686669440941,MODERATE GAP,3.46,26065|Cardiology,0.1454876683387206,1.930649697975746,False,1,0.13451383363822245
26065,Michigan,Endocrinology,Diabetes,105583,7,727,1761.0,15083.285714285714,18070.0,22988.768286620067,0.8347142066566526,MODERATE GAP,4.54,26065|Endocrinology,0.06629855185020316,2.418956043956044,False,1,0.14158244616054788
26065,Michigan,Oncology,Cancer,16429,9,1238,2672.0,1825.4444444444443,2055.6666666666665,2642.926682217817,0.8880060537268256,MODERATE GAP,4.83,26065|Oncology,0.5478117962140118,2.1565778853914446,False,1,0.0888754395732042
26065,Michigan,Neurology,Neurological Disorders,6778,23,2445,11664.0,294.69565217391306,637.0,906.5174241117586,0.4626305371646987,LOW GAP,2.52,26065|Neurology,3.3933313661847153,4.768601798855274,True,-1,-0.07342235422462051
26065,Michigan,Psychiatry,Mental Health Disorders,62155,51,2469,15723.0,1218.7254901960785,3104.5,4291.15957060345,0.3925673990001863,LOW GAP,2.14,26065|Psychiatry,0.8205293218566487,6.365587044534413,False,1,0.04506770852214903
26065,Michigan,Pulmonary,Respiratory Disease,41819,7,2552,6369.0,5974.142857142857,4251.578947368421,5741.879971570142,1.405158631910303,HIGH GAP,7.65,26065|Pulmonary,0.16738802936464287,2.4947121034077555,False,1,0.14601885273307086
26065,Michigan,Rheumatology,Arthritis,58709,5,2209,436393.0,11741.8,10453.0,13315.598760659872,1.1232947479192577,HIGH GAP,6.12,26065|Rheumatology,0.0851658178473488,197.4628959276018,False,1,0.028302798102731064
26067,Michigan,Cardiology,Heart Disease,38174,0,0,0.0,0.0,10823.136363636364,15071.056217261126,0.0,NO PROVIDER,100.0,26067|Cardiology,0.0,0.0,False,1,0.1942794028685208
26067,Michigan,Endocrinology,Diabetes,26595,0,0,0.0,0.0,18070.0,22988.768286620067,0.0,NO PROVIDER,100.0,26067|Endocrinology,0.0,0.0,False,1,0.1942794028685208
26067,Michigan,Oncology,Cancer,4227,0,0,0.0,0.0,2055.6666666666665,2642.926682217817,0.0,NO PROVIDER,100.0,26067|Oncology,0.0,0.0,False,1,0.1942794028685208
26067,Michigan,Neurology,Neurological Disorders,1680,0,0,0.0,0.0,637.0,906.5174241117586,0.0,NO PROVIDER,100.0,26067|Neurology,0.0,0.0,False,1,0.1942794028685208
26067,Michigan,Psychiatry,Mental Health Disorders,14151,2,39,197.0,7075.5,3104.5,4291.15957060345,2.2791109679497503,CRITICAL GAP,12.41,26067|Psychiatry,0.14133276800226133,4.925,False,1,0.15503810137603508
26067,Michigan,Pulmonary,Respiratory Disease,9924,0,0,0.0,0.0,4251.578947368421,5741.879971570142,0.0,NO PROVIDER,100.0,26067|Pulmonary,0.0,0.0,False,1,0.1942794028685208
26067,Michigan,Rheumatology,Arthritis,14230,0,0,0.0,0.0,10453.0,13315.598760659872,0.0,NO PROVIDER,100.0,26067|Rheumatology,0.0,0.0,False,1,0.1942794028685208
26069,Michigan,Cardiology,Heart Disease,18019,0,0,0.0,0.0,10823.136363636364,15071.056217261126,0.0,NO PROVIDER,100.0,26069|Cardiology,0.0,0.0,False,1,0.1942794028685208
26069,Michigan,Endocrinology,Diabetes,10968,0,0,0.0,0.0,18070.0,22988.768286620067,0.0,NO PROVIDER,100.0,26069|Endocrinology,0.0,0.0,False,1,0.1942794028685208
26069,Michigan,Oncology,Cancer,2126,0,0,0.0,0.0,2055.6666666666665,2642.926682217817,0.0,NO PROVIDER,100.0,26069|Oncology,0.0,0.0,False,1,0.1942794028685208
26069,Michigan,Neurology,Neurological Disorders,916,0,0,0.0,0.0,637.0,906.5174241117586,0.0,NO PROVIDER,100.0,26069|Neurology,0.0,0.0,False,1,0.1942794028685208
26069,Michigan,Psychiatry,Mental Health Disorders,6000,1,0,0.0,6000.0,3104.5,4291.15957060345,1.932678370107908,HIGH GAP,10.52,26069|Psychiatry,0.16666666666666666,0.0,False,1,0.0373031918655804
26069,Michigan,Pulmonary,Respiratory Disease,4758,0,0,0.0,0.0,4251.578947368421,5741.879971570142,0.0,NO PROVIDER,100.0,26069|Pulmonary,0.0,0.0,False,1,0.1942794028685208
26069,Michigan,Rheumatology,Arthritis,6894,0,0,0.0,0.0,10453.0,13315.598760659872,0.0,NO PROVIDER,100.0,26069|Rheumatology,0.0,0.0,False,1,0.1942794028685208
26071,Michigan,Cardiology,Heart Disease,8149,1,781,2110.0,8149.0,10823.136363636364,15071.056217261126,0.7529240809881189,MODERATE GAP,4.1,26071|Cardiology,0.12271444348999877,2.6982097186700766,False,1,0.15550436803778678
26071,Michigan,Endocrinology,Diabetes,5054,0,0,0.0,0.0,18070.0,22988.768286620067,0.0,NO PROVIDER,100.0,26071|Endocrinology,0.0,0.0,False,1,0.1942794028685208
26071,Michigan,Oncology,Cancer,989,0,0,0.0,0.0,2055.6666666666665,2642.926682217817,0.0,NO PROVIDER,100.0,26071|Oncology,0.0,0.0,False,1,0.1942794028685208
26071,Michigan,Neurology,Neurological Disorders,400,0,0,0.0,0.0,637.0,906.5174241117586,0.0,NO PROVIDER,100.0,26071|Neurology,0.0,0.0,False,1,0.1942794028685208
26071,Michigan,Psychiatry,Mental Health Disorders,2656,0,0,0.0,0.0,3104.5,4291.15957060345,0.0,NO PROVIDER,100.0,26071|Psychiatry,0.0,0.0,False,1,0.1942794028685208
26071,Michigan,Pulmonary,Respiratory Disease,2071,0,0,0.0,0.0,4251.578947368421,5741.879971570142,0.0,NO PROVIDER,100.0,26071|Pulmonary,0.0,0.0,False,1,0.1942794028685208
26071,Michigan,Rheumatology,Arthritis,3163,0,0,0.0,0.0,10453.0,13315.598760659872,0.0,NO PROVIDER,100.0,26071|Rheumatology,0.0,0.0,False,1,0.1942794028685208
26073,Michigan,Cardiology,Heart Disease,37517,3,2193,4418.0,12505.666666666666,10823.136363636364,15071.056217261126,1.1554568145961162,HIGH GAP,6.29,26073|Cardiology,0.0799637497667724,2.0136736554238834,False,1,0.1317044446156463
26073,Michigan,Endocrinology,Diabetes,27583,0,0,0.0,0.0,18070.0,22988.768286620067,0.0,NO PROVIDER,100.0,26073|Endocrinology,0.0,0.0,False,1,0.1942794028685208
26073,Michigan,Oncology,Cancer,3899,1,105,336.0,3899.0,2055.6666666666665,2642.926682217817,1.8967082860385929,HIGH GAP,10.33,26073|Oncology,0.25647601949217746,3.169811320754717,False,1,0.13558775741821094
26073,Michigan,Neurology,Neurological Disorders,1765,2,213,519.0,882.5,637.0,906.5174241117586,1.3854003139717426,HIGH GAP,7.54,26073|Neurology,1.13314447592068,2.425233644859813,False,1,0.024598680502921355
26073,Michigan,Psychiatry,Mental Health Disorders,15886,7,321,1364.0,2269.428571428572,3104.5,4291.15957060345,0.7310125854174816,MODERATE GAP,3.98,26073|Psychiatry,0.44063955684250283,4.236024844720497,False,1,0.11748557843993407
26073,Michigan,Pulmonary,Respiratory Disease,10881,1,208,756.0,10881.0,4251.578947368421,5741.879971570142,2.5592844763555336,CRITICAL GAP,13.93,26073|Pulmonary,0.09190331770976932,3.617224880382775,False,1,0.15847529524921689
26073,Michigan,Rheumatology,Arthritis,13963,1,97,260.0,13963.0,10453.0,13315.598760659872,1.3357887687745145,HIGH GAP,7.27,26073|Rheumatology,0.07161784716751415,2.6530612244897958,False,1,0.14309484659233684
26075,Michigan,Cardiology,Heart Disease,96839,12,8909,23336.0,8069.916666666667,10823.136363636364,15071.056217261126,0.7456172033256477,MODERATE GAP,4.06,26075|Cardiology,0.12391701690434638,2.6190796857463523,False,1,0.15416645002838064
26075,Michigan,Endocrinology,Diabetes,64096,2,695,2199.0,32048.0,18070.0,22988.768286620067,1.7735473159933592,HIGH GAP,9.66,26075|Endocrinology,0.03120319520718922,3.1594827586206895,False,1,0.10666321160053838
26075,Michigan,Oncology,Cancer,10872,4,702,3789.0,2718.0,2055.6666666666665,2642.926682217817,1.3221988000648617,HIGH GAP,7.2,26075|Oncology,0.36791758646063283,5.389758179231864,False,1,0.11966362517179696
26075,Michigan,Neurology,Neurological Disorders,4298,8,2176,5138.0,537.25,637.0,906.5174241117586,0.8434065934065934,MODERATE GAP,4.59,26075|Neurology,1.8613308515588647,2.360128617363344,True,-1,-0.017102850822044657
26075,Michigan,Psychiatry,Mental Health Disorders,34766,20,878,3592.0,1738.3,3104.5,4291.15957060345,0.5599291351264294,MODERATE GAP,3.05,26075|Psychiatry,0.5752746936662256,4.08646188850967,False,1,0.10065680866690807
26075,Michigan,Pulmonary,Respiratory Disease,24905,0,0,0.0,0.0,4251.578947368421,5741.879971570142,0.0,NO PROVIDER,100.0,26075|Pulmonary,0.0,0.0,False,1,0.1942794028685208
26075,Michigan,Rheumatology,Arthritis,37800,1,291,929.0,37800.0,10453.0,13315.598760659872,3.6161867406486174,CRITICAL GAP,19.69,26075|Rheumatology,0.026455026455026457,3.1815068493150687,False,1,0.0883983527472505
26077,Michigan,Cardiology,Heart Disease,142504,18,12486,26078.0,7916.888888888889,10823.136363636364,15071.056217261126,0.7314782538902584,MODERATE GAP,3.98,26077|Cardiology,0.12631224386683884,2.0884119484263635,False,1,0.14439163019559598
26077,Michigan,Endocrinology,Diabetes,98657,3,692,1426.0,32885.666666666664,18070.0,22988.768286620067,1.819904076738609,HIGH GAP,9.91,26077|Endocrinology,0.030408384605248487,2.057720057720058,False,1,0.08563196270742279
26077,Michigan,Oncology,Cancer,16133,8,1409,119107.0,2016.625,2055.6666666666665,2642.926682217817,0.9810077833630616,MODERATE GAP,5.34,26077|Oncology,0.4958780140085539,84.47304964539008,False,1,0.008948598332164659
26077,Michigan,Neurology,Neurological Disorders,6205,13,3092,5634.0,477.3076923076923,637.0,906.5174241117586,0.7493056394155295,MODERATE GAP,4.08,26077|Neurology,2.09508460918614,1.8215324927255092,True,-1,-0.043760540351153066
26077,Michigan,Psychiatry,Mental Health Disorders,59980,37,1286,6267.0,1621.081081081081,3104.5,4291.15957060345,0.5221713902660915,MODERATE GAP,2.84,26077|Psychiatry,0.6168722907635878,4.869463869463869,False,1,0.08922828228253532
26077,Michigan,Pulmonary,Respiratory Disease,37746,3,991,2198.0,12582.0,4251.578947368421,5741.879971570142,2.959371131468185,CRITICAL GAP,16.11,26077|Pulmonary,0.07947862025115245,2.215725806451613,False,1,0.14269603000711611
26077,Michigan,Rheumatology,Arthritis,51603,4,694,2370.0,12900.75,10453.0,13315.598760659872,1.234167224720176,HIGH GAP,6.72,26077|Rheumatology,0.07751487316628879,3.4100719424460433,False,1,0.1511405834780205
26079,Michigan,Cardiology,Heart Disease,11681,0,0,0.0,0.0,10823.136363636364,15071.056217261126,0.0,NO PROVIDER,100.0,26079|Cardiology,0.0,0.0,False,1,0.1942794028685208
26079,Michigan,Endocrinology,Diabetes,7468,0,0,0.0,0.0,18070.0,22988.768286620067,0.0,NO PROVIDER,100.0,26079|Endocrinology,0.0,0.0,False,1,0.1942794028685208
26079,Michigan,Oncology,Cancer,1342,0,0,0.0,0.0,2055.6666666666665,2642.926682217817,0.0,NO PROVIDER,100.0,26079|Oncology,0.0,0.0,False,1,0.1942794028685208
26079,Michigan,Neurology,Neurological Disorders,564,0,0,0.0,0.0,637.0,906.5174241117586,0.0,NO PROVIDER,100.0,26079|Neurology,0.0,0.0,False,1,0.1942794028685208
26079,Michigan,Psychiatry,Mental Health Disorders,4250,0,0,0.0,0.0,3104.5,4291.15957060345,0.0,NO PROVIDER,100.0,26079|Psychiatry,0.0,0.0,False,1,0.1942794028685208
26079,Michigan,Pulmonary,Respiratory Disease,3160,1,0,0.0,3160.0,4251.578947368421,5741.879971570142,0.743253280514979,MODERATE GAP,4.05,26079|Pulmonary,0.31645569620253167,0.0,False,1,0.022515825748122942
26079,Michigan,Rheumatology,Arthritis,4561,0,0,0.0,0.0,10453.0,13315.598760659872,0.0,NO PROVIDER,100.0,26079|Rheumatology,0.0,0.0,False,1,0.1942794028685208
26081,Michigan,Cardiology,Heart Disease,337462,59,36640,98665.0,5719.6949152542375,10823.136363636364,15071.056217261126,0.528469264645995,MODERATE GAP,2.88,26081|Cardiology,0.17483449988443145,2.6927485603558856,False,1,0.1491919766760733
26081,Michigan,Endocrinology,Diabetes,227514,13,1850,3880.0,17501.076923076922,18070.0,22988.768286620067,0.9685156017198076,MODERATE GAP,5.27,26081|Endocrinology,0.05713934087572633,2.0961642355483523,False,1,0.13194495312952864
26081,Michigan,Oncology,Cancer,39612,30,4482,792203.0,1320.4,2055.6666666666665,2642.926682217817,0.6423220366466679,MODERATE GAP,3.5,26081|Oncology,0.757346258709482,176.7126923934865,True,-1,-0.036621583378826816
26081,Michigan,Neurology,Neurological Disorders,14474,79,9093,53116.0,183.21518987341773,637.0,906.5174241117586,0.2876219621246746,LOW GAP,1.57,26081|Neurology,5.458062733176731,5.84077413679349,True,-1,-0.11030337940344115
26081,Michigan,Psychiatry,Mental Health Disorders,140165,120,5518,19129.0,1168.0416666666667,3104.5,4291.15957060345,0.3762414774252429,LOW GAP,2.05,26081|Psychiatry,0.8561338422573396,3.466026454067766,False,1,0.046932924943530185
26081,Michigan,Pulmonary,Respiratory Disease,87349,50,9736,28205.0,1746.98,4251.578947368421,5741.879971570142,0.4109014607576133,LOW GAP,2.24,26081|Pulmonary,0.5724163985849867,2.8966827564958404,False,1,0.1010504089706723
26081,Michigan,Rheumatology,Arthritis,123660,14,2482,294987.5,8832.857142857143,10453.0,13315.598760659872,0.8450069016413607,MODERATE GAP,4.6,26081|Rheumatology,0.11321365033155426,118.8028594442207,False,1,0.03347668508527446
26083,Michigan,Cardiology,Heart Disease,1467,0,0,0.0,0.0,10823.136363636364,15071.056217261126,0.0,NO PROVIDER,100.0,26083|Cardiology,0.0,0.0,False,1,0.1942794028685208
26083,Michigan,Endocrinology,Diabetes,826,0,0,0.0,0.0,18070.0,22988.768286620067,0.0,NO PROVIDER,100.0,26083|Endocrinology,0.0,0.0,False,1,0.1942794028685208
26083,Michigan,Oncology,Cancer,201,0,0,0.0,0.0,2055.6666666666665,2642.926682217817,0.0,NO PROVIDER,100.0,26083|Oncology,0.0,0.0,False,1,0.1942794028685208
26083,Michigan,Neurology,Neurological Disorders,63,0,0,0.0,0.0,637.0,906.5174241117586,0.0,NO PROVIDER,100.0,26083|Neurology,0.0,0.0,False,1,0.1942794028685208
26083,Michigan,Psychiatry,Mental Health Disorders,483,0,0,0.0,0.0,3104.5,4291.15957060345,0.0,NO PROVIDER,100.0,26083|Psychiatry,0.0,0.0,False,1,0.1942794028685208
26083,Michigan,Pulmonary,Respiratory Disease,338,0,0,0.0,0.0,4251.578947368421,5741.879971570142,0.0,NO PROVIDER,100.0,26083|Pulmonary,0.0,0.0,False,1,0.1942794028685208
26083,Michigan,Rheumatology,Arthritis,570,0,0,0.0,0.0,10453.0,13315.598760659872,0.0,NO PROVIDER,100.0,26083|Rheumatology,0.0,0.0,False,1,0.1942794028685208
26085,Michigan,Cardiology,Heart Disease,9368,0,0,0.0,0.0,10823.136363636364,15071.056217261126,0.0,NO PROVIDER,100.0,26085|Cardiology,0.0,0.0,False,1,0.1942794028685208
26085,Michigan,Endocrinology,Diabetes,6015,0,0,0.0,0.0,18070.0,22988.768286620067,0.0,NO PROVIDER,100.0,26085|Endocrinology,0.0,0.0,False,1,0.1942794028685208
26085,Michigan,Oncology,Cancer,963,0,0,0.0,0.0,2055.6666666666665,2642.926682217817,0.0,NO PROVIDER,100.0,26085|Oncology,0.0,0.0,False,1,0.1942794028685208
26085,Michigan,Neurology,Neurological Disorders,523,0,0,0.0,0.0,637.0,906.5174241117586,0.0,NO PROVIDER,100.0,26085|Neurology,0.0,0.0,False,1,0.1942794028685208
26085,Michigan,Psychiatry,Mental Health Disorders,2967,0,0,0.0,0.0,3104.5,4291.15957060345,0.0,NO PROVIDER,100.0,26085|Psychiatry,0.0,0.0,False,1,0.1942794028685208
26085,Michigan,Pulmonary,Respiratory Disease,2547,0,0,0.0,0.0,4251.578947368421,5741.879971570142,0.0,NO PROVIDER,100.0,26085|Pulmonary,0.0,0.0,False,1,0.1942794028685208
26085,Michigan,Rheumatology,Arthritis,3598,0,0,0.0,0.0,10453.0,13315.598760659872,0.0,NO PROVIDER,100.0,26085|Rheumatology,0.0,0.0,False,1,0.1942794028685208
26087,Michigan,Cardiology,Heart Disease,52909,5,2628,8531.0,10581.8,10823.136363636364,15071.056217261126,0.9777018088354492,MODERATE GAP,5.32,26087|Cardiology,0.09450188058742369,3.2449600608596425,False,1,0.1589698278624176
26087,Michigan,Endocrinology,Diabetes,32782,0,0,0.0,0.0,18070.0,22988.768286620067,0.0,NO PROVIDER,100.0,26087|Endocrinology,0.0,0.0,False,1,0.1942794028685208
26087,Michigan,Oncology,Cancer,6327,1,416,1520.0,6327.0,2055.6666666666665,2642.926682217817,3.077833630614561,CRITICAL GAP,16.76,26087|Oncology,0.158052789631737,3.645083932853717,False,1,0.15777140463178163
26087,Michigan,Neurology,Neurological Disorders,2359,1,527,7324.0,2359.0,637.0,906.5174241117586,3.703296703296704,CRITICAL GAP,20.16,26087|Neurology,0.42390843577787196,13.871212121212121,False,1,0.07527397114608392
26087,Michigan,Psychiatry,Mental Health Disorders,19197,5,223,1114.0,3839.4,3104.5,4291.15957060345,1.2367208890320502,HIGH GAP,6.73,26087|Psychiatry,0.26045736312965573,4.973214285714286,False,1,0.12947818133998706
26087,Michigan,Pulmonary,Respiratory Disease,13942,6,4157,18238.0,2323.6666666666665,4251.578947368421,5741.879971570142,0.5465420483618058,MODERATE GAP,2.98,26087|Pulmonary,0.4303543250609668,4.386243386243386,False,1,0.11710768878550454
26087,Michigan,Rheumatology,Arthritis,20412,0,0,0.0,0.0,10453.0,13315.598760659872,0.0,NO PROVIDER,100.0,26087|Rheumatology,0.0,0.0,False,1,0.1942794028685208
26089,Michigan,Cardiology,Heart Disease,14639,13,15721,30236.0,1126.076923076923,10823.136363636364,15071.056217261126,0.1040434939783557,LOW GAP,0.57,26089|Cardiology,0.8880388004645126,1.9231649917313318,False,1,0.028464711052895275
26089,Michigan,Endocrinology,Diabetes,8141,3,616,1538.0,2713.6666666666665,18070.0,22988.768286620067,0.1501752444198487,LOW GAP,0.82,26089|Endocrinology,0.36850509765385087,2.492706645056726,False,1,0.1197195486931169
26089,Michigan,Oncology,Cancer,2072,3,693,1697.0,690.6666666666666,2055.6666666666665,2642.926682217817,0.3359818388195232,LOW GAP,1.83,26089|Oncology,1.4478764478764479,2.4452449567723344,False,1,0.011016499277277325
26089,Michigan,Neurology,Neurological Disorders,603,13,1817,5461.0,46.38461538461539,637.0,906.5174241117586,0.0728172925975123,LOW GAP,0.4,26089|Neurology,21.558872305140962,3.0038503850385037,True,-1,-0.13183623184885473
26089,Michigan,Psychiatry,Mental Health Disorders,4883,16,583,2566.0,305.1875,3104.5,4291.15957060345,0.0983048800128845,LOW GAP,0.54,26089|Psychiatry,3.2766741757116526,4.3938356164383565,True,-1,-0.06771775144654613
26089,Michigan,Pulmonary,Respiratory Disease,3346,2,683,1634.0,1673.0,4251.578947368421,5741.879971570142,0.3935008665511265,LOW GAP,2.14,26089|Pulmonary,0.5977286312014345,2.388888888888889,False,1,0.08972922651141846
26089,Michigan,Rheumatology,Arthritis,5729,2,467,1305.0,2864.5,10453.0,13315.598760659872,0.2740361618674065,LOW GAP,1.49,26089|Rheumatology,0.34910106475824754,2.7884615384615383,False,1,0.12479456734915606
26091,Michigan,Cardiology,Heart Disease,59218,0,0,0.0,0.0,10823.136363636364,15071.056217261126,0.0,NO PROVIDER,100.0,26091|Cardiology,0.0,0.0,False,1,0.1942794028685208
26091,Michigan,Endocrinology,Diabetes,40333,0,0,0.0,0.0,18070.0,22988.768286620067,0.0,NO PROVIDER,100.0,26091|Endocrinology,0.0,0.0,False,1,0.1942794028685208
26091,Michigan,Oncology,Cancer,6683,0,0,0.0,0.0,2055.6666666666665,2642.926682217817,0.0,NO PROVIDER,100.0,26091|Oncology,0.0,0.0,False,1,0.1942794028685208
26091,Michigan,Neurology,Neurological Disorders,2642,0,0,0.0,0.0,637.0,906.5174241117586,0.0,NO PROVIDER,100.0,26091|Neurology,0.0,0.0,False,1,0.1942794028685208
26091,Michigan,Psychiatry,Mental Health Disorders,22032,7,386,2311.0,3147.428571428572,3104.5,4291.15957060345,1.0138278535766054,HIGH GAP,5.52,26091|Psychiatry,0.3177196804647785,5.971576227390181,False,1,0.12021044334386483
26091,Michigan,Pulmonary,Respiratory Disease,15037,1,516,1738.0,15037.0,4251.578947368421,5741.879971570142,3.536803664273336,CRITICAL GAP,19.26,26091|Pulmonary,0.06650262685376072,3.3617021276595747,False,1,0.14650743730595928
26091,Michigan,Rheumatology,Arthritis,21138,0,0,0.0,0.0,10453.0,13315.598760659872,0.0,NO PROVIDER,100.0,26091|Rheumatology,0.0,0.0,False,1,0.1942794028685208
26093,Michigan,Cardiology,Heart Disease,106843,4,3392,8114.0,26710.75,10823.136363636364,15071.056217261126,2.4679306536082213,CRITICAL GAP,13.44,26093|Cardiology,0.03743811012420093,2.3913940465664605,False,1,0.1108761579258496
26093,Michigan,Endocrinology,Diabetes,64169,1,387,1156.0,64169.0,18070.0,22988.768286620067,3.5511344770337576,CRITICAL GAP,19.34,26093|Endocrinology,0.015583848899001074,2.979381443298969,False,1,0.031804380791102704
26093,Michigan,Oncology,Cancer,14409,1,119,304.0,14409.0,2055.6666666666665,2642.926682217817,7.009404897032593,CRITICAL GAP,38.16,26093|Oncology,0.06940106877645916,2.533333333333333,False,1,0.14141293872408034
26093,Michigan,Neurology,Neurological Disorders,4252,10,2436,13741.0,425.2,637.0,906.5174241117586,0.6675039246467818,MODERATE GAP,3.63,26093|Neurology,2.3518344308560675,5.638489946655724,True,-1,-0.03832173591706156
26093,Michigan,Psychiatry,Mental Health Disorders,40863,12,570,10790.0,3405.25,3104.5,4291.15957060345,1.0968755033016588,HIGH GAP,5.97,26093|Psychiatry,0.2936641949930255,18.896672504378284,False,1,0.06350560241548653
26093,Michigan,Pulmonary,Respiratory Disease,27084,0,0,0.0,0.0,4251.578947368421,5741.879971570142,0.0,NO PROVIDER,100.0,26093|Pulmonary,0.0,0.0,False,1,0.1942794028685208
26093,Michigan,Rheumatology,Arthritis,40312,3,1029,63276.0,13437.333333333334,10453.0,13315.598760659872,1.2855001753882458,HIGH GAP,7.0,26093|Rheumatology,0.0744195276840643,61.43300970873786,False,1,0.04085693071165464
26095,Michigan,Cardiology,Heart Disease,4376,0,0,0.0,0.0,10823.136363636364,15071.056217261126,0.0,NO PROVIDER,100.0,26095|Cardiology,0.0,0.0,False,1,0.1942794028685208
26095,Michigan,Endocrinology,Diabetes,2911,0,0,0.0,0.0,18070.0,22988.768286620067,0.0,NO PROVIDER,100.0,26095|Endocrinology,0.0,0.0,False,1,0.1942794028685208
26095,Michigan,Oncology,Cancer,461,0,0,0.0,0.0,2055.6666666666665,2642.926682217817,0.0,NO PROVIDER,100.0,26095|Oncology,0.0,0.0,False,1,0.1942794028685208
26095,Michigan,Neurology,Neurological Disorders,216,0,0,0.0,0.0,637.0,906.5174241117586,0.0,NO PROVIDER,100.0,26095|Neurology,0.0,0.0,False,1,0.1942794028685208
26095,Michigan,Psychiatry,Mental Health Disorders,1352,0,0,0.0,0.0,3104.5,4291.15957060345,0.0,NO PROVIDER,100.0,26095|Psychiatry,0.0,0.0,False,1,0.1942794028685208
26095,Michigan,Pulmonary,Respiratory Disease,1101,0,0,0.0,0.0,4251.578947368421,5741.879971570142,0.0,NO PROVIDER,100.0,26095|Pulmonary,0.0,0.0,False,1,0.1942794028685208
26095,Michigan,Rheumatology,Arthritis,1576,0,0,0.0,0.0,10453.0,13315.598760659872,0.0,NO PROVIDER,100.0,26095|Rheumatology,0.0,0.0,False,1,0.1942794028685208
26097,Michigan,Cardiology,Heart Disease,7584,0,0,0.0,0.0,10823.136363636364,15071.056217261126,0.0,NO PROVIDER,100.0,26097|Cardiology,0.0,0.0,False,1,0.1942794028685208
26097,Michigan,Endocrinology,Diabetes,5097,0,0,0.0,0.0,18070.0,22988.768286620067,0.0,NO PROVIDER,100.0,26097|Endocrinology,0.0,0.0,False,1,0.1942794028685208
26097,Michigan,Oncology,Cancer,877,0,0,0.0,0.0,2055.6666666666665,2642.926682217817,0.0,NO PROVIDER,100.0,26097|Oncology,0.0,0.0,False,1,0.1942794028685208
26097,Michigan,Neurology,Neurological Disorders,402,0,0,0.0,0.0,637.0,906.5174241117586,0.0,NO PROVIDER,100.0,26097|Neurology,0.0,0.0,False,1,0.1942794028685208
26097,Michigan,Psychiatry,Mental Health Disorders,2511,0,0,0.0,0.0,3104.5,4291.15957060345,0.0,NO PROVIDER,100.0,26097|Psychiatry,0.0,0.0,False,1,0.1942794028685208
26097,Michigan,Pulmonary,Respiratory Disease,2054,0,0,0.0,0.0,4251.578947368421,5741.879971570142,0.0,NO PROVIDER,100.0,26097|Pulmonary,0.0,0.0,False,1,0.1942794028685208
26097,Michigan,Rheumatology,Arthritis,3005,0,0,0.0,0.0,10453.0,13315.598760659872,0.0,NO PROVIDER,100.0,26097|Rheumatology,0.0,0.0,False,1,0.1942794028685208
26099,Michigan,Cardiology,Heart Disease,534828,51,43533,149418.0,10486.823529411764,10823.136363636364,15071.056217261126,0.9689264901665152,MODERATE GAP,5.28,26099|Cardiology,0.09535775987794207,3.4322139017779207,False,1,0.16041854802954247
26099,Michigan,Endocrinology,Diabetes,333354,14,5913,40176.0,23811.0,18070.0,22988.768286620067,1.3177089097952408,HIGH GAP,7.17,26099|Endocrinology,0.04199739616143799,6.793371660466689,False,1,0.10971370851382911
26099,Michigan,Oncology,Cancer,56719,16,5975,599697.0,3544.9375,2055.6666666666665,2642.926682217817,1.724470974541917,HIGH GAP,9.39,26099|Oncology,0.2820924205292759,100.35090361445783,False,1,0.01597438475580537
26099,Michigan,Neurology,Neurological Disorders,22270,42,12073,97804.0,530.2380952380952,637.0,906.5174241117586,0.8323988936233834,MODERATE GAP,4.53,26099|Neurology,1.8859452177817693,8.100380983932416,True,-1,-0.021137143248283197
26099,Michigan,Psychiatry,Mental Health Disorders,184076,54,5237,37010.0,3408.814814814815,3104.5,4291.15957060345,1.0980237767159975,HIGH GAP,5.98,26099|Psychiatry,0.2933570916360634,7.0656739213440245,False,1,0.10556813582980373
26099,Michigan,Pulmonary,Respiratory Disease,131532,29,9525,37002.0,4535.586206896552,4251.578947368421,5741.879971570142,1.0668004200425163,HIGH GAP,5.81,26099|Pulmonary,0.22047866678831005,3.8843166071803483,False,1,0.13633407738966524
26099,Michigan,Rheumatology,Arthritis,193819,11,2415,565939.3,17619.909090909092,10453.0,13315.598760659872,1.685631789047077,HIGH GAP,9.18,26099|Rheumatology,0.056753981807769104,234.24639900662254,False,1,0.0020497419671196004
26101,Michigan,Cardiology,Heart Disease,16726,0,0,0.0,0.0,10823.136363636364,15071.056217261126,0.0,NO PROVIDER,100.0,26101|Cardiology,0.0,0.0,False,1,0.1942794028685208
26101,Michigan,Endocrinology,Diabetes,10355,0,0,0.0,0.0,18070.0,22988.768286620067,0.0,NO PROVIDER,100.0,26101|Endocrinology,0.0,0.0,False,1,0.1942794028685208
26101,Michigan,Oncology,Cancer,2045,0,0,0.0,0.0,2055.6666666666665,2642.926682217817,0.0,NO PROVIDER,100.0,26101|Oncology,0.0,0.0,False,1,0.1942794028685208
26101,Michigan,Neurology,Neurological Disorders,799,0,0,0.0,0.0,637.0,906.5174241117586,0.0,NO PROVIDER,100.0,26101|Neurology,0.0,0.0,False,1,0.1942794028685208
26101,Michigan,Psychiatry,Mental Health Disorders,5806,2,470,655.0,2903.0,3104.5,4291.15957060345,0.9350942180705428,MODERATE GAP,5.09,26101|Psychiatry,0.3444712366517396,1.3906581740976645,False,1,0.08279174203563966
26101,Michigan,Pulmonary,Respiratory Disease,4346,0,0,0.0,0.0,4251.578947368421,5741.879971570142,0.0,NO PROVIDER,100.0,26101|Pulmonary,0.0,0.0,False,1,0.1942794028685208
26101,Michigan,Rheumatology,Arthritis,6509,0,0,0.0,0.0,10453.0,13315.598760659872,0.0,NO PROVIDER,100.0,26101|Rheumatology,0.0,0.0,False,1,0.1942794028685208
26103,Michigan,Cardiology,Heart Disease,39168,9,4620,9613.0,4352.0,10823.136363636364,15071.056217261126,0.4021015585299169,LOW GAP,2.19,26103|Cardiology,0.22977941176470587,2.0802856524561784,False,1,0.11603000432700111
26103,Michigan,Endocrinology,Diabetes,26075,0,0,0.0,0.0,18070.0,22988.768286620067,0.0,NO PROVIDER,100.0,26103|Endocrinology,0.0,0.0,False,1,0.1942794028685208
26103,Michigan,Oncology,Cancer,4751,1,259,672.0,4751.0,2055.6666666666665,2642.926682217817,2.311172369061132,CRITICAL GAP,12.58,26103|Oncology,0.21048200378867607,2.5846153846153848,False,1,0.1354671085423455
26103,Michigan,Neurology,Neurological Disorders,1713,3,284,15192.0,571.0,637.0,906.5174241117586,0.8963893249607535,MODERATE GAP,4.88,26103|Neurology,1.7513134851138354,53.305263157894736,True,-1,-0.06094491421828652
26103,Michigan,Psychiatry,Mental Health Disorders,15579,4,196,955.0,3894.75,3104.5,4291.15957060345,1.2545498469962957,HIGH GAP,6.83,26103|Psychiatry,0.2567558893382117,4.847715736040609,False,1,0.1297286766597771
26103,Michigan,Pulmonary,Respiratory Disease,10441,2,432,1396.0,5220.5,4251.578947368421,5741.879971570142,1.2278967566229266,HIGH GAP,6.69,26103|Pulmonary,0.19155253328225266,3.224018475750577,False,1,0.15265954161594025
26103,Michigan,Rheumatology,Arthritis,14778,1,71,115.0,14778.0,10453.0,13315.598760659872,1.4137568162250072,HIGH GAP,7.7,26103|Rheumatology,0.06766815536608473,1.5972222222222223,False,1,0.11151276097151319
26105,Michigan,Cardiology,Heart Disease,18519,0,0,0.0,0.0,10823.136363636364,15071.056217261126,0.0,NO PROVIDER,100.0,26105|Cardiology,0.0,0.0,False,1,0.1942794028685208
26105,Michigan,Endocrinology,Diabetes,12370,0,0,0.0,0.0,18070.0,22988.768286620067,0.0,NO PROVIDER,100.0,26105|Endocrinology,0.0,0.0,False,1,0.1942794028685208
26105,Michigan,Oncology,Cancer,2278,4,558,1447.0,569.5,2055.6666666666665,2642.926682217817,0.2770390789687044,LOW GAP,1.51,26105|Oncology,1.7559262510974538,2.5885509838998213,True,-1,-0.00702186016888573
26105,Michigan,Neurology,Neurological Disorders,885,0,0,0.0,0.0,637.0,906.5174241117586,0.0,NO PROVIDER,100.0,26105|Neurology,0.0,0.0,False,1,0.1942794028685208
26105,Michigan,Psychiatry,Mental Health Disorders,6515,1,33,110.0,6515.0,3104.5,4291.15957060345,2.098566596875503,CRITICAL GAP,11.43,26105|Psychiatry,0.15349194167306215,3.235294117647059,False,1,0.15801403276358728
26105,Michigan,Pulmonary,Respiratory Disease,4804,0,0,0.0,0.0,4251.578947368421,5741.879971570142,0.0,NO PROVIDER,100.0,26105|Pulmonary,0.0,0.0,False,1,0.1942794028685208
26105,Michigan,Rheumatology,Arthritis,7436,0,0,0.0,0.0,10453.0,13315.598760659872,0.0,NO PROVIDER,100.0,26105|Rheumatology,0.0,0.0,False,1,0.1942794028685208
26107,Michigan,Cardiology,Heart Disease,25246,0,0,0.0,0.0,10823.136363636364,15071.056217261126,0.0,NO PROVIDER,100.0,26107|Cardiology,0.0,0.0,False,1,0.1942794028685208
26107,Michigan,Endocrinology,Diabetes,16277,0,0,0.0,0.0,18070.0,22988.768286620067,0.0,NO PROVIDER,100.0,26107|Endocrinology,0.0,0.0,False,1,0.1942794028685208
26107,Michigan,Oncology,Cancer,2901,0,0,0.0,0.0,2055.6666666666665,2642.926682217817,0.0,NO PROVIDER,100.0,26107|Oncology,0.0,0.0,False,1,0.1942794028685208
26107,Michigan,Neurology,Neurological Disorders,1243,0,0,0.0,0.0,637.0,906.5174241117586,0.0,NO PROVIDER,100.0,26107|Neurology,0.0,0.0,False,1,0.1942794028685208
26107,Michigan,Psychiatry,Mental Health Disorders,9780,0,0,0.0,0.0,3104.5,4291.15957060345,0.0,NO PROVIDER,100.0,26107|Psychiatry,0.0,0.0,False,1,0.1942794028685208
26107,Michigan,Pulmonary,Respiratory Disease,6978,0,0,0.0,0.0,4251.578947368421,5741.879971570142,0.0,NO PROVIDER,100.0,26107|Pulmonary,0.0,0.0,False,1,0.1942794028685208
26107,Michigan,Rheumatology,Arthritis,9730,0,0,0.0,0.0,10453.0,13315.598760659872,0.0,NO PROVIDER,100.0,26107|Rheumatology,0.0,0.0,False,1,0.1942794028685208
26109,Michigan,Cardiology,Heart Disease,15209,0,0,0.0,0.0,10823.136363636364,15071.056217261126,0.0,NO PROVIDER,100.0,26109|Cardiology,0.0,0.0,False,1,0.1942794028685208
26109,Michigan,Endocrinology,Diabetes,9694,0,0,0.0,0.0,18070.0,22988.768286620067,0.0,NO PROVIDER,100.0,26109|Endocrinology,0.0,0.0,False,1,0.1942794028685208
26109,Michigan,Oncology,Cancer,1842,0,0,0.0,0.0,2055.6666666666665,2642.926682217817,0.0,NO PROVIDER,100.0,26109|Oncology,0.0,0.0,False,1,0.1942794028685208
26109,Michigan,Neurology,Neurological Disorders,725,0,0,0.0,0.0,637.0,906.5174241117586,0.0,NO PROVIDER,100.0,26109|Neurology,0.0,0.0,False,1,0.1942794028685208
26109,Michigan,Psychiatry,Mental Health Disorders,5448,1,0,0.0,5448.0,3104.5,4291.15957060345,1.7548719600579803,HIGH GAP,9.55,26109|Psychiatry,0.18355359765051393,0.0,False,1,0.03490497095235634
26109,Michigan,Pulmonary,Respiratory Disease,3960,0,0,0.0,0.0,4251.578947368421,5741.879971570142,0.0,NO PROVIDER,100.0,26109|Pulmonary,0.0,0.0,False,1,0.1942794028685208
26109,Michigan,Rheumatology,Arthritis,5963,0,0,0.0,0.0,10453.0,13315.598760659872,0.0,NO PROVIDER,100.0,26109|Rheumatology,0.0,0.0,False,1,0.1942794028685208
26111,Michigan,Cardiology,Heart Disease,48533,3,5560,10049.0,16177.666666666666,10823.136363636364,15071.056217261126,1.4947300046057337,HIGH GAP,8.14,26111|Cardiology,0.061813611357220855,1.8070490918899478,False,1,0.12066228692516956
26111,Michigan,Endocrinology,Diabetes,27610,2,579,1786.0,13805.0,18070.0,22988.768286620067,0.7639734366353071,MODERATE GAP,4.16,26111|Endocrinology,0.07243752263672582,3.079310344827586,False,1,0.14748037270876202
26111,Michigan,Oncology,Cancer,5888,2,434,1617.0,2944.0,2055.6666666666665,2642.926682217817,1.4321388033079294,HIGH GAP,7.8,26111|Oncology,0.33967391304347827,3.717241379310345,False,1,0.12592472436631869
26111,Michigan,Neurology,Neurological Disorders,2029,4,1495,2431.0,507.25,637.0,906.5174241117586,0.7963108320251178,MODERATE GAP,4.34,26111|Neurology,1.971414489896501,1.625,True,-1,-0.03800959775954438
26111,Michigan,Psychiatry,Mental Health Disorders,17664,5,268,960.0,3532.8,3104.5,4291.15957060345,1.1379610243195362,HIGH GAP,6.2,26111|Psychiatry,0.28306159420289856,3.5687732342007434,False,1,0.13208561671817748
26111,Michigan,Pulmonary,Respiratory Disease,12009,0,0,0.0,0.0,4251.578947368421,5741.879971570142,0.0,NO PROVIDER,100.0,26111|Pulmonary,0.0,0.0,False,1,0.1942794028685208
26111,Michigan,Rheumatology,Arthritis,18562,0,0,0.0,0.0,10453.0,13315.598760659872,0.0,NO PROVIDER,100.0,26111|Rheumatology,0.0,0.0,False,1,0.1942794028685208
26113,Michigan,Cardiology,Heart Disease,9436,0,0,0.0,0.0,10823.136363636364,15071.056217261126,0.0,NO PROVIDER,100.0,26113|Cardiology,0.0,0.0,False,1,0.1942794028685208
26113,Michigan,Endocrinology,Diabetes,6085,0,0,0.0,0.0,18070.0,22988.768286620067,0.0,NO PROVIDER,100.0,26113|Endocrinology,0.0,0.0,False,1,0.1942794028685208
26113,Michigan,Oncology,Cancer,1092,0,0,0.0,0.0,2055.6666666666665,2642.926682217817,0.0,NO PROVIDER,100.0,26113|Oncology,0.0,0.0,False,1,0.1942794028685208
26113,Michigan,Neurology,Neurological Disorders,441,0,0,0.0,0.0,637.0,906.5174241117586,0.0,NO PROVIDER,100.0,26113|Neurology,0.0,0.0,False,1,0.1942794028685208
26113,Michigan,Psychiatry,Mental Health Disorders,3400,0,0,0.0,0.0,3104.5,4291.15957060345,0.0,NO PROVIDER,100.0,26113|Psychiatry,0.0,0.0,False,1,0.1942794028685208
26113,Michigan,Pulmonary,Respiratory Disease,2494,0,0,0.0,0.0,4251.578947368421,5741.879971570142,0.0,NO PROVIDER,100.0,26113|Pulmonary,0.0,0.0,False,1,0.1942794028685208
26113,Michigan,Rheumatology,Arthritis,3645,0,0,0.0,0.0,10453.0,13315.598760659872,0.0,NO PROVIDER,100.0,26113|Rheumatology,0.0,0.0,False,1,0.1942794028685208
26115,Michigan,Cardiology,Heart Disease,93858,0,0,0.0,0.0,10823.136363636364,15071.056217261126,0.0,NO PROVIDER,100.0,26115|Cardiology,0.0,0.0,False,1,0.1942794028685208
26115,Michigan,Endocrinology,Diabetes,63434,1,798,3131.0,63434.0,18070.0,22988.768286620067,3.510459324847814,CRITICAL GAP,19.11,26115|Endocrinology,0.015764416558943152,3.918648310387985,False,1,0.03245044875809744
26115,Michigan,Oncology,Cancer,10839,0,0,0.0,0.0,2055.6666666666665,2642.926682217817,0.0,NO PROVIDER,100.0,26115|Oncology,0.0,0.0,False,1,0.1942794028685208
26115,Michigan,Neurology,Neurological Disorders,4003,3,1047,25443.0,1334.3333333333333,637.0,906.5174241117586,2.094714809000523,CRITICAL GAP,11.41,26115|Neurology,0.7494379215588309,24.27767175572519,False,1,0.014372527586964723
26115,Michigan,Psychiatry,Mental Health Disorders,33688,3,68,196.0,11229.333333333334,3104.5,4291.15957060345,3.617114940677512,CRITICAL GAP,19.69,26115|Psychiatry,0.08905248159582048,2.8405797101449277,False,1,0.15321841561796906
26115,Michigan,Pulmonary,Respiratory Disease,24142,1,1405,4531.0,24142.0,4251.578947368421,5741.879971570142,5.678360980440703,CRITICAL GAP,30.92,26115|Pulmonary,0.041421588932151435,3.2226173541963017,False,1,0.13169979630061762
26115,Michigan,Rheumatology,Arthritis,36767,0,0,0.0,0.0,10453.0,13315.598760659872,0.0,NO PROVIDER,100.0,26115|Rheumatology,0.0,0.0,False,1,0.1942794028685208
26117,Michigan,Cardiology,Heart Disease,41578,2,1073,2940.0,20789.0,10823.136363636364,15071.056217261126,1.9207925781889803,HIGH GAP,10.46,26117|Cardiology,0.04810236182596565,2.7374301675977653,False,1,0.13509423355998684
26117,Michigan,Endocrinology,Diabetes,29153,0,0,0.0,0.0,18070.0,22988.768286620067,0.0,NO PROVIDER,100.0,26117|Endocrinology,0.0,0.0,False,1,0.1942794028685208
26117,Michigan,Oncology,Cancer,4466,0,0,0.0,0.0,2055.6666666666665,2642.926682217817,0.0,NO PROVIDER,100.0,26117|Oncology,0.0,0.0,False,1,0.1942794028685208
26117,Michigan,Neurology,Neurological Disorders,1922,0,0,0.0,0.0,637.0,906.5174241117586,0.0,NO PROVIDER,100.0,26117|Neurology,0.0,0.0,False,1,0.1942794028685208
26117,Michigan,Psychiatry,Mental Health Disorders,14942,2,47,195.0,7471.0,3104.5,4291.15957060345,2.40650668384603,CRITICAL GAP,13.1,26117|Psychiatry,0.13385089010841922,4.0625,False,1,0.15465847733432803
26117,Michigan,Pulmonary,Respiratory Disease,11017,0,0,0.0,0.0,4251.578947368421,5741.879971570142,0.0,NO PROVIDER,100.0,26117|Pulmonary,0.0,0.0,False,1,0.1942794028685208
26117,Michigan,Rheumatology,Arthritis,15402,0,0,0.0,0.0,10453.0,13315.598760659872,0.0,NO PROVIDER,100.0,26117|Rheumatology,0.0,0.0,False,1,0.1942794028685208
26119,Michigan,Cardiology,Heart Disease,6957,0,0,0.0,0.0,10823.136363636364,15071.056217261126,0.0,NO PROVIDER,100.0,26119|Cardiology,0.0,0.0,False,1,0.1942794028685208
26119,Michigan,Endocrinology,Diabetes,4241,0,0,0.0,0.0,18070.0,22988.768286620067,0.0,NO PROVIDER,100.0,26119|Endocrinology,0.0,0.0,False,1,0.1942794028685208
26119,Michigan,Oncology,Cancer,829,0,0,0.0,0.0,2055.6666666666665,2642.926682217817,0.0,NO PROVIDER,100.0,26119|Oncology,0.0,0.0,False,1,0.1942794028685208
26119,Michigan,Neurology,Neurological Disorders,359,0,0,0.0,0.0,637.0,906.5174241117586,0.0,NO PROVIDER,100.0,26119|Neurology,0.0,0.0,False,1,0.1942794028685208
26119,Michigan,Psychiatry,Mental Health Disorders,2298,0,0,0.0,0.0,3104.5,4291.15957060345,0.0,NO PROVIDER,100.0,26119|Psychiatry,0.0,0.0,False,1,0.1942794028685208
26119,Michigan,Pulmonary,Respiratory Disease,1845,0,0,0.0,0.0,4251.578947368421,5741.879971570142,0.0,NO PROVIDER,100.0,26119|Pulmonary,0.0,0.0,False,1,0.1942794028685208
26119,Michigan,Rheumatology,Arthritis,2731,0,0,0.0,0.0,10453.0,13315.598760659872,0.0,NO PROVIDER,100.0,26119|Rheumatology,0.0,0.0,False,1,0.1942794028685208
26121,Michigan,Cardiology,Heart Disease,102060,11,9491,18918.0,9278.181818181818,10823.136363636364,15071.056217261126,0.85725445069275,MODERATE GAP,4.67,26121|Cardiology,0.10777973740936704,1.993046776232617,False,1,0.1409872419274878
26121,Michigan,Endocrinology,Diabetes,76803,3,462,1051.0,25601.0,18070.0,22988.768286620067,1.4167681239623686,HIGH GAP,7.71,26121|Endocrinology,0.03906097418069607,2.2699784017278617,False,1,0.11373351099167983
26121,Michigan,Oncology,Cancer,11188,3,248,72886.0,3729.3333333333335,2055.6666666666665,2642.926682217817,1.8141722069077348,HIGH GAP,9.88,26121|Oncology,0.2681444404719342,292.714859437751,True,-1,-0.005395493694747233
26121,Michigan,Neurology,Neurological Disorders,4873,7,812,2464.0,696.1428571428571,637.0,906.5174241117586,1.0928459295806234,HIGH GAP,5.95,26121|Neurology,1.4364867638005334,3.030750307503075,False,1,0.01571025643767132
26121,Michigan,Psychiatry,Mental Health Disorders,38504,14,419,2039.0,2750.285714285714,3104.5,4291.15957060345,0.8859029519361296,MODERATE GAP,4.82,26121|Psychiatry,0.3635985871597756,4.854761904761904,False,1,0.1222425062044466
26121,Michigan,Pulmonary,Respiratory Disease,28277,7,1186,2950.0,4039.571428571429,4251.578947368421,5741.879971570142,0.9501344038481944,MODERATE GAP,5.17,26121|Pulmonary,0.24755101319093253,2.485256950294861,False,1,0.12759874997289467
26121,Michigan,Rheumatology,Arthritis,39053,0,0,0.0,0.0,10453.0,13315.598760659872,0.0,NO PROVIDER,100.0,26121|Rheumatology,0.0,0.0,False,1,0.1942794028685208
26123,Michigan,Cardiology,Heart Disease,31486,0,0,0.0,0.0,10823.136363636364,15071.056217261126,0.0,NO PROVIDER,100.0,26123|Cardiology,0.0,0.0,False,1,0.1942794028685208
26123,Michigan,Endocrinology,Diabetes,19802,0,0,0.0,0.0,18070.0,22988.768286620067,0.0,NO PROVIDER,100.0,26123|Endocrinology,0.0,0.0,False,1,0.1942794028685208
26123,Michigan,Oncology,Cancer,3548,0,0,0.0,0.0,2055.6666666666665,2642.926682217817,0.0,NO PROVIDER,100.0,26123|Oncology,0.0,0.0,False,1,0.1942794028685208
26123,Michigan,Neurology,Neurological Disorders,1503,0,0,0.0,0.0,637.0,906.5174241117586,0.0,NO PROVIDER,100.0,26123|Neurology,0.0,0.0,False,1,0.1942794028685208
26123,Michigan,Psychiatry,Mental Health Disorders,11084,6,41,134.0,1847.3333333333333,3104.5,4291.15957060345,0.5950501959521125,MODERATE GAP,3.24,26123|Psychiatry,0.5413208228076507,3.1904761904761907,False,1,0.10887280769909624
26123,Michigan,Pulmonary,Respiratory Disease,8418,0,0,0.0,0.0,4251.578947368421,5741.879971570142,0.0,NO PROVIDER,100.0,26123|Pulmonary,0.0,0.0,False,1,0.1942794028685208
26123,Michigan,Rheumatology,Arthritis,12186,0,0,0.0,0.0,10453.0,13315.598760659872,0.0,NO PROVIDER,100.0,26123|Rheumatology,0.0,0.0,False,1,0.1942794028685208
26125,Michigan,Cardiology,Heart Disease,707991,108,84783,278739.0,6555.472222222223,10823.136363636364,15071.056217261126,0.6056906244152421,MODERATE GAP,3.3,26125|Cardiology,0.15254431200396615,3.2876368182675977,False,1,0.157287191961118
26125,Michigan,Endocrinology,Diabetes,410878,35,13337,49286.0,11739.371428571429,18070.0,22988.768286620067,0.649660842754368,MODERATE GAP,3.54,26125|Endocrinology,0.08518343644585498,3.695156695156695,False,1,0.1527252593561525
26125,Michigan,Oncology,Cancer,80246,35,14140,2487676.0,2292.742857142857,2055.6666666666665,2642.926682217817,1.1153281289814452,HIGH GAP,6.07,26125|Oncology,0.4361588116541634,175.91938335336962,False,1,0.005198819672399879
26125,Michigan,Neurology,Neurological Disorders,27934,82,23992,734182.0,340.6585365853659,637.0,906.5174241117586,0.5347857717195696,MODERATE GAP,2.91,26125|Neurology,2.9354907997422495,30.59984162047264,True,-1,-0.08429697592722551
26125,Michigan,Psychiatry,Mental Health Disorders,214835,156,10661,99978.0,1377.1474358974358,3104.5,4291.15957060345,0.4435971769680901,LOW GAP,2.42,26125|Psychiatry,0.7261386645565201,9.377039954980305,False,1,0.046242565740680974
26125,Michigan,Pulmonary,Respiratory Disease,163031,47,22455,79316.0,3468.744680851064,4251.578947368421,5741.879971570142,0.8158721086428599,MODERATE GAP,4.44,26125|Pulmonary,0.28828873036416386,3.5320627003918776,False,1,0.12830784482380714
26125,Michigan,Rheumatology,Arthritis,232103,21,5457,643873.0,11052.52380952381,10453.0,13315.598760659872,1.057354234145586,HIGH GAP,5.76,26125|Rheumatology,0.09047707267893995,117.96866984243313,False,1,0.03293024869825745
26127,Michigan,Cardiology,Heart Disease,16596,0,0,0.0,0.0,10823.136363636364,15071.056217261126,0.0,NO PROVIDER,100.0,26127|Cardiology,0.0,0.0,False,1,0.1942794028685208
26127,Michigan,Endocrinology,Diabetes,11270,0,0,0.0,0.0,18070.0,22988.768286620067,0.0,NO PROVIDER,100.0,26127|Endocrinology,0.0,0.0,False,1,0.1942794028685208
26127,Michigan,Oncology,Cancer,1900,0,0,0.0,0.0,2055.6666666666665,2642.926682217817,0.0,NO PROVIDER,100.0,26127|Oncology,0.0,0.0,False,1,0.1942794028685208
26127,Michigan,Neurology,Neurological Disorders,800,0,0,0.0,0.0,637.0,906.5174241117586,0.0,NO PROVIDER,100.0,26127|Neurology,0.0,0.0,False,1,0.1942794028685208
26127,Michigan,Psychiatry,Mental Health Disorders,5795,0,0,0.0,0.0,3104.5,4291.15957060345,0.0,NO PROVIDER,100.0,26127|Psychiatry,0.0,0.0,False,1,0.1942794028685208
26127,Michigan,Pulmonary,Respiratory Disease,4312,0,0,0.0,0.0,4251.578947368421,5741.879971570142,0.0,NO PROVIDER,100.0,26127|Pulmonary,0.0,0.0,False,1,0.1942794028685208
26127,Michigan,Rheumatology,Arthritis,6371,0,0,0.0,0.0,10453.0,13315.598760659872,0.0,NO PROVIDER,100.0,26127|Rheumatology,0.0,0.0,False,1,0.1942794028685208
26129,Michigan,Cardiology,Heart Disease,14170,2,2029,3847.0,7085.0,10823.136363636364,15071.056217261126,0.6546161631857679,MODERATE GAP,3.56,26129|Cardiology,0.14114326040931546,1.8950738916256158,False,1,0.13298747164450103
26129,Michigan,Endocrinology,Diabetes,9032,0,0,0.0,0.0,18070.0,22988.768286620067,0.0,NO PROVIDER,100.0,26129|Endocrinology,0.0,0.0,False,1,0.1942794028685208
26129,Michigan,Oncology,Cancer,1667,1,264,1154.0,1667.0,2055.6666666666665,2642.926682217817,0.8109291389654614,MODERATE GAP,4.42,26129|Oncology,0.5998800239952009,4.354716981132076,False,1,0.09627556729148512
26129,Michigan,Neurology,Neurological Disorders,717,0,0,0.0,0.0,637.0,906.5174241117586,0.0,NO PROVIDER,100.0,26129|Neurology,0.0,0.0,False,1,0.1942794028685208
26129,Michigan,Psychiatry,Mental Health Disorders,4974,0,0,0.0,0.0,3104.5,4291.15957060345,0.0,NO PROVIDER,100.0,26129|Psychiatry,0.0,0.0,False,1,0.1942794028685208
26129,Michigan,Pulmonary,Respiratory Disease,3833,0,0,0.0,0.0,4251.578947368421,5741.879971570142,0.0,NO PROVIDER,100.0,26129|Pulmonary,0.0,0.0,False,1,0.1942794028685208
26129,Michigan,Rheumatology,Arthritis,5725,0,0,0.0,0.0,10453.0,13315.598760659872,0.0,NO PROVIDER,100.0,26129|Rheumatology,0.0,0.0,False,1,0.1942794028685208
26131,Michigan,Cardiology,Heart Disease,4500,0,0,0.0,0.0,10823.136363636364,15071.056217261126,0.0,NO PROVIDER,100.0,26131|Cardiology,0.0,0.0,False,1,0.1942794028685208
26131,Michigan,Endocrinology,Diabetes,2604,0,0,0.0,0.0,18070.0,22988.768286620067,0.0,NO PROVIDER,100.0,26131|Endocrinology,0.0,0.0,False,1,0.1942794028685208
26131,Michigan,Oncology,Cancer,558,0,0,0.0,0.0,2055.6666666666665,2642.926682217817,0.0,NO PROVIDER,100.0,26131|Oncology,0.0,0.0,False,1,0.1942794028685208
26131,Michigan,Neurology,Neurological Disorders,225,0,0,0.0,0.0,637.0,906.5174241117586,0.0,NO PROVIDER,100.0,26131|Neurology,0.0,0.0,False,1,0.1942794028685208
26131,Michigan,Psychiatry,Mental Health Disorders,1408,0,0,0.0,0.0,3104.5,4291.15957060345,0.0,NO PROVIDER,100.0,26131|Psychiatry,0.0,0.0,False,1,0.1942794028685208
26131,Michigan,Pulmonary,Respiratory Disease,1119,0,0,0.0,0.0,4251.578947368421,5741.879971570142,0.0,NO PROVIDER,100.0,26131|Pulmonary,0.0,0.0,False,1,0.1942794028685208
26131,Michigan,Rheumatology,Arthritis,1765,0,0,0.0,0.0,10453.0,13315.598760659872,0.0,NO PROVIDER,100.0,26131|Rheumatology,0.0,0.0,False,1,0.1942794028685208
26133,Michigan,Cardiology,Heart Disease,14401,0,0,0.0,0.0,10823.136363636364,15071.056217261126,0.0,NO PROVIDER,100.0,26133|Cardiology,0.0,0.0,False,1,0.1942794028685208
26133,Michigan,Endocrinology,Diabetes,9391,0,0,0.0,0.0,18070.0,22988.768286620067,0.0,NO PROVIDER,100.0,26133|Endocrinology,0.0,0.0,False,1,0.1942794028685208
26133,Michigan,Oncology,Cancer,1649,0,0,0.0,0.0,2055.6666666666665,2642.926682217817,0.0,NO PROVIDER,100.0,26133|Oncology,0.0,0.0,False,1,0.1942794028685208
26133,Michigan,Neurology,Neurological Disorders,701,0,0,0.0,0.0,637.0,906.5174241117586,0.0,NO PROVIDER,100.0,26133|Neurology,0.0,0.0,False,1,0.1942794028685208
26133,Michigan,Psychiatry,Mental Health Disorders,5210,0,0,0.0,0.0,3104.5,4291.15957060345,0.0,NO PROVIDER,100.0,26133|Psychiatry,0.0,0.0,False,1,0.1942794028685208
26133,Michigan,Pulmonary,Respiratory Disease,3944,0,0,0.0,0.0,4251.578947368421,5741.879971570142,0.0,NO PROVIDER,100.0,26133|Pulmonary,0.0,0.0,False,1,0.1942794028685208
26133,Michigan,Rheumatology,Arthritis,5666,0,0,0.0,0.0,10453.0,13315.598760659872,0.0,NO PROVIDER,100.0,26133|Rheumatology,0.0,0.0,False,1,0.1942794028685208
26135,Michigan,Cardiology,Heart Disease,5845,0,0,0.0,0.0,10823.136363636364,15071.056217261126,0.0,NO PROVIDER,100.0,26135|Cardiology,0.0,0.0,False,1,0.1942794028685208
26135,Michigan,Endocrinology,Diabetes,3571,0,0,0.0,0.0,18070.0,22988.768286620067,0.0,NO PROVIDER,100.0,26135|Endocrinology,0.0,0.0,False,1,0.1942794028685208
26135,Michigan,Oncology,Cancer,678,0,0,0.0,0.0,2055.6666666666665,2642.926682217817,0.0,NO PROVIDER,100.0,26135|Oncology,0.0,0.0,False,1,0.1942794028685208
26135,Michigan,Neurology,Neurological Disorders,312,0,0,0.0,0.0,637.0,906.5174241117586,0.0,NO PROVIDER,100.0,26135|Neurology,0.0,0.0,False,1,0.1942794028685208
26135,Michigan,Psychiatry,Mental Health Disorders,1965,0,0,0.0,0.0,3104.5,4291.15957060345,0.0,NO PROVIDER,100.0,26135|Psychiatry,0.0,0.0,False,1,0.1942794028685208
26135,Michigan,Pulmonary,Respiratory Disease,1616,0,0,0.0,0.0,4251.578947368421,5741.879971570142,0.0,NO PROVIDER,100.0,26135|Pulmonary,0.0,0.0,False,1,0.1942794028685208
26135,Michigan,Rheumatology,Arthritis,2287,0,0,0.0,0.0,10453.0,13315.598760659872,0.0,NO PROVIDER,100.0,26135|Rheumatology,0.0,0.0,False,1,0.1942794028685208
26137,Michigan,Cardiology,Heart Disease,15445,0,0,0.0,0.0,10823.136363636364,15071.056217261126,0.0,NO PROVIDER,100.0,26137|Cardiology,0.0,0.0,False,1,0.1942794028685208
26137,Michigan,Endocrinology,Diabetes,9980,0,0,0.0,0.0,18070.0,22988.768286620067,0.0,NO PROVIDER,100.0,26137|Endocrinology,0.0,0.0,False,1,0.1942794028685208
26137,Michigan,Oncology,Cancer,1880,1,233,585.0,1880.0,2055.6666666666665,2642.926682217817,0.9145451597210962,MODERATE GAP,4.98,26137|Oncology,0.5319148936170213,2.5,False,1,0.10503200049213801
26137,Michigan,Neurology,Neurological Disorders,684,0,0,0.0,0.0,637.0,906.5174241117586,0.0,NO PROVIDER,100.0,26137|Neurology,0.0,0.0,False,1,0.1942794028685208
26137,Michigan,Psychiatry,Mental Health Disorders,5751,0,0,0.0,0.0,3104.5,4291.15957060345,0.0,NO PROVIDER,100.0,26137|Psychiatry,0.0,0.0,False,1,0.1942794028685208
26137,Michigan,Pulmonary,Respiratory Disease,4014,0,0,0.0,0.0,4251.578947368421,5741.879971570142,0.0,NO PROVIDER,100.0,26137|Pulmonary,0.0,0.0,False,1,0.1942794028685208
26137,Michigan,Rheumatology,Arthritis,5925,1,108,844.0,5925.0,10453.0,13315.598760659872,0.5668229216492873,MODERATE GAP,3.09,26137|Rheumatology,0.16877637130801687,7.743119266055046,False,1,0.12723955490253697
26139,Michigan,Cardiology,Heart Disease,156262,0,0,0.0,0.0,10823.136363636364,15071.056217261126,0.0,NO PROVIDER,100.0,26139|Cardiology,0.0,0.0,False,1,0.1942794028685208
26139,Michigan,Endocrinology,Diabetes,97840,0,0,0.0,0.0,18070.0,22988.768286620067,0.0,NO PROVIDER,100.0,26139|Endocrinology,0.0,0.0,False,1,0.1942794028685208
26139,Michigan,Oncology,Cancer,19005,7,2688,838581.0,2715.0,2055.6666666666665,2642.926682217817,1.3207394194908384,HIGH GAP,7.19,26139|Oncology,0.3683241252302026,311.8560803272592,True,-1,-0.014193087414437255
26139,Michigan,Neurology,Neurological Disorders,6452,4,651,3807.0,1613.0,637.0,906.5174241117586,2.532182103610675,CRITICAL GAP,13.79,26139|Neurology,0.6199628022318661,5.838957055214724,False,1,0.08539289204991407
26139,Michigan,Psychiatry,Mental Health Disorders,62763,3,59,215.0,20921.0,3104.5,4291.15957060345,6.73892736350459,CRITICAL GAP,36.69,26139|Psychiatry,0.04779886238707519,3.5833333333333335,False,1,0.13901551735245465
26139,Michigan,Pulmonary,Respiratory Disease,40004,0,0,0.0,0.0,4251.578947368421,5741.879971570142,0.0,NO PROVIDER,100.0,26139|Pulmonary,0.0,0.0,False,1,0.1942794028685208
26139,Michigan,Rheumatology,Arthritis,56076,1,91,146.0,56076.0,10453.0,13315.598760659872,5.364584329857458,CRITICAL GAP,29.21,26139|Rheumatology,0.017832941008631142,1.5869565217391304,False,1,0.021164796313417278
26141,Michigan,Cardiology,Heart Disease,9448,0,0,0.0,0.0,10823.136363636364,15071.056217261126,0.0,NO PROVIDER,100.0,26141|Cardiology,0.0,0.0,False,1,0.1942794028685208
26141,Michigan,Endocrinology,Diabetes,6079,0,0,0.0,0.0,18070.0,22988.768286620067,0.0,NO PROVIDER,100.0,26141|Endocrinology,0.0,0.0,False,1,0.1942794028685208
26141,Michigan,Oncology,Cancer,1168,0,0,0.0,0.0,2055.6666666666665,2642.926682217817,0.0,NO PROVIDER,100.0,26141|Oncology,0.0,0.0,False,1,0.1942794028685208
26141,Michigan,Neurology,Neurological Disorders,468,0,0,0.0,0.0,637.0,906.5174241117586,0.0,NO PROVIDER,100.0,26141|Neurology,0.0,0.0,False,1,0.1942794028685208
26141,Michigan,Psychiatry,Mental Health Disorders,3172,3,93,317.0,1057.3333333333333,3104.5,4291.15957060345,0.340580877221238,LOW GAP,1.85,26141|Psychiatry,0.9457755359394704,3.372340425531915,False,1,0.043666535673718476
26141,Michigan,Pulmonary,Respiratory Disease,2438,0,0,0.0,0.0,4251.578947368421,5741.879971570142,0.0,NO PROVIDER,100.0,26141|Pulmonary,0.0,0.0,False,1,0.1942794028685208
26141,Michigan,Rheumatology,Arthritis,3781,0,0,0.0,0.0,10453.0,13315.598760659872,0.0,NO PROVIDER,100.0,26141|Rheumatology,0.0,0.0,False,1,0.1942794028685208
26143,Michigan,Cardiology,Heart Disease,17017,1,935,2618.0,17017.0,10823.136363636364,15071.056217261126,1.5722799222204955,HIGH GAP,8.56,26143|Cardiology,0.05876476464711759,2.797008547008547,False,1,0.14343517152220664
26143,Michigan,Endocrinology,Diabetes,10639,0,0,0.0,0.0,18070.0,22988.768286620067,0.0,NO PROVIDER,100.0,26143|Endocrinology,0.0,0.0,False,1,0.1942794028685208
26143,Michigan,Oncology,Cancer,2120,0,0,0.0,0.0,2055.6666666666665,2642.926682217817,0.0,NO PROVIDER,100.0,26143|Oncology,0.0,0.0,False,1,0.1942794028685208
26143,Michigan,Neurology,Neurological Disorders,850,0,0,0.0,0.0,637.0,906.5174241117586,0.0,NO PROVIDER,100.0,26143|Neurology,0.0,0.0,False,1,0.1942794028685208
26143,Michigan,Psychiatry,Mental Health Disorders,5673,0,0,0.0,0.0,3104.5,4291.15957060345,0.0,NO PROVIDER,100.0,26143|Psychiatry,0.0,0.0,False,1,0.1942794028685208
26143,Michigan,Pulmonary,Respiratory Disease,4434,0,0,0.0,0.0,4251.578947368421,5741.879971570142,0.0,NO PROVIDER,100.0,26143|Pulmonary,0.0,0.0,False,1,0.1942794028685208
26143,Michigan,Rheumatology,Arthritis,6604,0,0,0.0,0.0,10453.0,13315.598760659872,0.0,NO PROVIDER,100.0,26143|Rheumatology,0.0,0.0,False,1,0.1942794028685208
26145,Michigan,Cardiology,Heart Disease,114184,15,9748,27298.0,7612.266666666666,10823.136363636364,15071.056217261126,0.7033327873648902,MODERATE GAP,3.83,26145|Cardiology,0.1313669165557346,2.800082059698431,False,1,0.1538190390353834
26145,Michigan,Endocrinology,Diabetes,73510,5,1114,4415.0,14702.0,18070.0,22988.768286620067,0.8136137244050913,MODERATE GAP,4.43,26145|Endocrinology,0.0680179567405795,3.9596412556053813,False,1,0.14251831048171992
26145,Michigan,Oncology,Cancer,12128,6,1919,170424.0,2021.3333333333333,2055.6666666666665,2642.926682217817,0.983298200097292,MODERATE GAP,5.35,26145|Oncology,0.49472295514511877,88.7625,False,1,0.005681086478042441
26145,Michigan,Neurology,Neurological Disorders,5768,12,2819,10751.0,480.6666666666667,637.0,906.5174241117586,0.7545787545787546,MODERATE GAP,4.11,26145|Neurology,2.0804438280166435,3.8124113475177306,True,-1,-0.029945092764675052
26145,Michigan,Psychiatry,Mental Health Disorders,40009,17,747,2405.0,2353.470588235294,3104.5,4291.15957060345,0.7580836167612479,MODERATE GAP,4.13,26145|Psychiatry,0.4249043965107851,3.21524064171123,False,1,0.11957542137555122
26145,Michigan,Pulmonary,Respiratory Disease,31135,11,1832,4955.0,2830.454545454545,4251.578947368421,5741.879971570142,0.6657419703346914,MODERATE GAP,3.62,26145|Pulmonary,0.3533001445318773,2.703218767048554,False,1,0.12575217559292146
26145,Michigan,Rheumatology,Arthritis,43411,4,991,28348.0,10852.75,10453.0,13315.598760659872,1.0382426097770976,HIGH GAP,5.65,26145|Rheumatology,0.09214254451636682,28.576612903225808,False,1,0.06428199744564478
26147,Michigan,Cardiology,Heart Disease,96507,6,6886,28789.0,16084.5,10823.136363636364,15071.056217261126,1.4861219021540557,HIGH GAP,8.09,26147|Cardiology,0.062171655942056016,4.180194569478728,False,1,0.14537482108643063
26147,Michigan,Endocrinology,Diabetes,60333,1,334,1172.0,60333.0,18070.0,22988.768286620067,3.338848920863309,CRITICAL GAP,18.18,26147|Endocrinology,0.016574677208161373,3.4985074626865673,False,1,0.03884288543396652
26147,Michigan,Oncology,Cancer,11376,4,1813,168081.0,2844.0,2055.6666666666665,2642.926682217817,1.3834927841738285,HIGH GAP,7.53,26147|Oncology,0.35161744022503516,92.65766262403528,False,1,0.01731170861387188
26147,Michigan,Neurology,Neurological Disorders,4346,9,2375,45432.0,482.8888888888889,637.0,906.5174241117586,0.7580673294959009,MODERATE GAP,4.13,26147|Neurology,2.0708697653014267,19.12121212121212,True,-1,-0.04787869979338233
26147,Michigan,Psychiatry,Mental Health Disorders,36046,13,505,2852.0,2772.769230769231,3104.5,4291.15957060345,0.8931451862680725,MODERATE GAP,4.86,26147|Psychiatry,0.36065028019752543,5.636363636363637,False,1,0.11848385376356751
26147,Michigan,Pulmonary,Respiratory Disease,25564,3,2188,8019.0,8521.333333333334,4251.578947368421,5741.879971570142,2.004274985557481,CRITICAL GAP,10.91,26147|Pulmonary,0.11735252699108122,3.663316582914573,False,1,0.1580455635008403
26147,Michigan,Rheumatology,Arthritis,37005,1,330,121581.0,37005.0,10453.0,13315.598760659872,3.5401320195159283,CRITICAL GAP,19.28,26147|Rheumatology,0.027023375219564924,367.3141993957704,True,-1,-0.05639419377923638
26149,Michigan,Cardiology,Heart Disease,34614,1,1049,1793.0,34614.0,10823.136363636364,15071.056217261126,3.1981487470024232,CRITICAL GAP,17.41,26149|Cardiology,0.028890044490668516,1.7076190476190476,False,1,0.06888996642224421
26149,Michigan,Endocrinology,Diabetes,23176,0,0,0.0,0.0,18070.0,22988.768286620067,0.0,NO PROVIDER,100.0,26149|Endocrinology,0.0,0.0,False,1,0.1942794028685208
26149,Michigan,Oncology,Cancer,3944,1,50,99.0,3944.0,2055.6666666666665,2642.926682217817,1.918598994648938,HIGH GAP,10.45,26149|Oncology,0.2535496957403651,1.9411764705882353,False,1,0.11037169678605474
26149,Michigan,Neurology,Neurological Disorders,1647,0,0,0.0,0.0,637.0,906.5174241117586,0.0,NO PROVIDER,100.0,26149|Neurology,0.0,0.0,False,1,0.1942794028685208
26149,Michigan,Psychiatry,Mental Health Disorders,13038,2,58,193.0,6519.0,3104.5,4291.15957060345,2.099855049122242,CRITICAL GAP,11.43,26149|Psychiatry,0.15339776039269826,3.2711864406779663,False,1,0.15801403276358728
26149,Michigan,Pulmonary,Respiratory Disease,9465,0,0,0.0,0.0,4251.578947368421,5741.879971570142,0.0,NO PROVIDER,100.0,26149|Pulmonary,0.0,0.0,False,1,0.1942794028685208
26149,Michigan,Rheumatology,Arthritis,13363,0,0,0.0,0.0,10453.0,13315.598760659872,0.0,NO PROVIDER,100.0,26149|Rheumatology,0.0,0.0,False,1,0.1942794028685208
26151,Michigan,Cardiology,Heart Disease,25442,2,1568,3962.0,12721.0,10823.136363636364,15071.056217261126,1.1753524646275444,HIGH GAP,6.4,26151|Cardiology,0.07861017215627703,2.525175270873168,False,1,0.14586767590047145
26151,Michigan,Endocrinology,Diabetes,16642,0,0,0.0,0.0,18070.0,22988.768286620067,0.0,NO PROVIDER,100.0,26151|Endocrinology,0.0,0.0,False,1,0.1942794028685208
26151,Michigan,Oncology,Cancer,2912,1,226,1276.0,2912.0,2055.6666666666665,2642.926682217817,1.4165720771850172,HIGH GAP,7.71,26151|Oncology,0.3434065934065934,5.621145374449339,False,1,0.12019044979512616
26151,Michigan,Neurology,Neurological Disorders,1216,0,0,0.0,0.0,637.0,906.5174241117586,0.0,NO PROVIDER,100.0,26151|Neurology,0.0,0.0,False,1,0.1942794028685208
26151,Michigan,Psychiatry,Mental Health Disorders,9153,2,44,106.0,4576.5,3104.5,4291.15957060345,1.474150426799807,HIGH GAP,8.03,26151|Psychiatry,0.21850759313886156,2.3555555555555556,False,1,0.13076755649975946
26151,Michigan,Pulmonary,Respiratory Disease,6784,0,0,0.0,0.0,4251.578947368421,5741.879971570142,0.0,NO PROVIDER,100.0,26151|Pulmonary,0.0,0.0,False,1,0.1942794028685208
26151,Michigan,Rheumatology,Arthritis,9729,0,0,0.0,0.0,10453.0,13315.598760659872,0.0,NO PROVIDER,100.0,26151|Rheumatology,0.0,0.0,False,1,0.1942794028685208
26153,Michigan,Cardiology,Heart Disease,5541,1,0,0.0,5541.0,10823.136363636364,15071.056217261126,0.5119588087808524,MODERATE GAP,2.79,26153|Cardiology,0.18047283883775492,0.0,False,1,0.03433438062906957
26153,Michigan,Endocrinology,Diabetes,3576,0,0,0.0,0.0,18070.0,22988.768286620067,0.0,NO PROVIDER,100.0,26153|Endocrinology,0.0,0.0,False,1,0.1942794028685208
26153,Michigan,Oncology,Cancer,658,0,0,0.0,0.0,2055.6666666666665,2642.926682217817,0.0,NO PROVIDER,100.0,26153|Oncology,0.0,0.0,False,1,0.1942794028685208
26153,Michigan,Neurology,Neurological Disorders,284,0,0,0.0,0.0,637.0,906.5174241117586,0.0,NO PROVIDER,100.0,26153|Neurology,0.0,0.0,False,1,0.1942794028685208
26153,Michigan,Psychiatry,Mental Health Disorders,1875,0,0,0.0,0.0,3104.5,4291.15957060345,0.0,NO PROVIDER,100.0,26153|Psychiatry,0.0,0.0,False,1,0.1942794028685208
26153,Michigan,Pulmonary,Respiratory Disease,1491,0,0,0.0,0.0,4251.578947368421,5741.879971570142,0.0,NO PROVIDER,100.0,26153|Pulmonary,0.0,0.0,False,1,0.1942794028685208
26153,Michigan,Rheumatology,Arthritis,2196,0,0,0.0,0.0,10453.0,13315.598760659872,0.0,NO PROVIDER,100.0,26153|Rheumatology,0.0,0.0,False,1,0.1942794028685208
26155,Michigan,Cardiology,Heart Disease,41030,0,0,0.0,0.0,10823.136363636364,15071.056217261126,0.0,NO PROVIDER,100.0,26155|Cardiology,0.0,0.0,False,1,0.1942794028685208
26155,Michigan,Endocrinology,Diabetes,26947,0,0,0.0,0.0,18070.0,22988.768286620067,0.0,NO PROVIDER,100.0,26155|Endocrinology,0.0,0.0,False,1,0.1942794028685208
26155,Michigan,Oncology,Cancer,4811,1,286,880.0,4811.0,2055.6666666666665,2642.926682217817,2.3403599805415927,CRITICAL GAP,12.74,26155|Oncology,0.20785699438786115,3.0662020905923346,False,1,0.1438231470661271
26155,Michigan,Neurology,Neurological Disorders,1838,10,1349,6578.0,183.8,637.0,906.5174241117586,0.2885400313971742,LOW GAP,1.57,26155|Neurology,5.4406964091403704,4.872592592592593,True,-1,-0.10878227076888469
26155,Michigan,Psychiatry,Mental Health Disorders,15650,4,138,566.0,3912.5,3104.5,4291.15957060345,1.2602673538411984,HIGH GAP,6.86,26155|Psychiatry,0.25559105431309903,4.071942446043166,False,1,0.1319725789328015
26155,Michigan,Pulmonary,Respiratory Disease,10812,2,564,1821.0,5406.0,4251.578947368421,5741.879971570142,1.2715276058430305,HIGH GAP,6.92,26155|Pulmonary,0.1849796522382538,3.223008849557522,False,1,0.15344669158967256
26155,Michigan,Rheumatology,Arthritis,15920,1,202,471.0,15920.0,10453.0,13315.598760659872,1.5230077489715872,HIGH GAP,8.29,26155|Rheumatology,0.0628140703517588,2.3201970443349755,False,1,0.14265553149076132
26157,Michigan,Cardiology,Heart Disease,32917,0,0,0.0,0.0,10823.136363636364,15071.056217261126,0.0,NO PROVIDER,100.0,26157|Cardiology,0.0,0.0,False,1,0.1942794028685208
26157,Michigan,Endocrinology,Diabetes,22508,0,0,0.0,0.0,18070.0,22988.768286620067,0.0,NO PROVIDER,100.0,26157|Endocrinology,0.0,0.0,False,1,0.1942794028685208
26157,Michigan,Oncology,Cancer,3787,0,0,0.0,0.0,2055.6666666666665,2642.926682217817,0.0,NO PROVIDER,100.0,26157|Oncology,0.0,0.0,False,1,0.1942794028685208
26157,Michigan,Neurology,Neurological Disorders,1565,1,19,1642.0,1565.0,637.0,906.5174241117586,2.456828885400314,CRITICAL GAP,13.38,26157|Neurology,0.6389776357827476,82.1,True,-1,-0.005962644653408566
26157,Michigan,Psychiatry,Mental Health Disorders,11952,8,118,439.0,1494.0,3104.5,4291.15957060345,0.481236914156869,LOW GAP,2.62,26157|Psychiatry,0.6693440428380187,3.689075630252101,False,1,0.07807970788850538
26157,Michigan,Pulmonary,Respiratory Disease,8800,0,0,0.0,0.0,4251.578947368421,5741.879971570142,0.0,NO PROVIDER,100.0,26157|Pulmonary,0.0,0.0,False,1,0.1942794028685208
26157,Michigan,Rheumatology,Arthritis,12714,0,0,0.0,0.0,10453.0,13315.598760659872,0.0,NO PROVIDER,100.0,26157|Rheumatology,0.0,0.0,False,1,0.1942794028685208
26159,Michigan,Cardiology,Heart Disease,44873,0,0,0.0,0.0,10823.136363636364,15071.056217261126,0.0,NO PROVIDER,100.0,26159|Cardiology,0.0,0.0,False,1,0.1942794028685208
26159,Michigan,Endocrinology,Diabetes,30100,0,0,0.0,0.0,18070.0,22988.768286620067,0.0,NO PROVIDER,100.0,26159|Endocrinology,0.0,0.0,False,1,0.1942794028685208
26159,Michigan,Oncology,Cancer,5031,0,0,0.0,0.0,2055.6666666666665,2642.926682217817,0.0,NO PROVIDER,100.0,26159|Oncology,0.0,0.0,False,1,0.1942794028685208
26159,Michigan,Neurology,Neurological Disorders,2106,0,0,0.0,0.0,637.0,906.5174241117586,0.0,NO PROVIDER,100.0,26159|Neurology,0.0,0.0,False,1,0.1942794028685208
26159,Michigan,Psychiatry,Mental Health Disorders,16381,4,382,1029.0,4095.25,3104.5,4291.15957060345,1.3191335158640682,HIGH GAP,7.18,26159|Psychiatry,0.24418533667053294,2.68668407310705,False,1,0.13216365490004506
26159,Michigan,Pulmonary,Respiratory Disease,11906,0,0,0.0,0.0,4251.578947368421,5741.879971570142,0.0,NO PROVIDER,100.0,26159|Pulmonary,0.0,0.0,False,1,0.1942794028685208
26159,Michigan,Rheumatology,Arthritis,17434,0,0,0.0,0.0,10453.0,13315.598760659872,0.0,NO PROVIDER,100.0,26159|Rheumatology,0.0,0.0,False,1,0.1942794028685208
26161,Michigan,Cardiology,Heart Disease,184741,37,23508,37554.0,4993.0,10823.136363636364,15071.056217261126,0.4613265353262581,LOW GAP,2.51,26161|Cardiology,0.2002803925495694,1.5974307711940108,False,1,0.10854034064082041
26161,Michigan,Endocrinology,Diabetes,110665,54,6073,20457.0,2049.351851851852,18070.0,22988.768286620067,0.1134118346348562,LOW GAP,0.62,26161|Endocrinology,0.48795915601138573,3.367961804412249,False,1,0.11110429199210903
26161,Michigan,Oncology,Cancer,22643,24,2212,8487.0,943.4583333333334,2055.6666666666665,2642.926682217817,0.4589549213556024,LOW GAP,2.5,26161|Oncology,1.0599302212604338,3.835065521915951,False,1,0.03316183947856466
26161,Michigan,Neurology,Neurological Disorders,7947,98,9073,20587.0,81.09183673469387,637.0,906.5174241117586,0.1273027264280908,LOW GAP,0.69,26161|Neurology,12.331697495910406,2.2687899493057087,True,-1,-0.13481060719951143
26161,Michigan,Psychiatry,Mental Health Disorders,80074,105,2688,11721.0,762.6095238095238,3104.5,4291.15957060345,0.2456464885841597,LOW GAP,1.34,26161|Psychiatry,1.3112870594699904,4.358869468203793,False,1,0.017256251509876752
26161,Michigan,Pulmonary,Respiratory Disease,47985,65,10873,27529.0,738.2307692307693,4251.578947368421,5741.879971570142,0.1736368484202106,LOW GAP,0.95,26161|Pulmonary,1.3545899760341773,2.5316350928821043,False,1,0.010451068725477741
26161,Michigan,Rheumatology,Arthritis,65979,35,3262,13066.0,1885.1142857142856,10453.0,13315.598760659872,0.1803419387462246,LOW GAP,0.98,26161|Rheumatology,0.5304718167901908,4.004290530186944,False,1,0.10911482773194525
26163,Michigan,Cardiology,Heart Disease,1065054,170,81559,246340.0,6265.023529411765,10823.136363636364,15071.056217261126,0.578854716315044,MODERATE GAP,3.15,26163|Cardiology,0.1596163199236846,3.020353114271702,False,1,0.15427319960648844
26163,Michigan,Endocrinology,Diabetes,679892,28,6962,38012.0,24281.85714285714,18070.0,22988.768286620067,1.3437663056368092,HIGH GAP,7.32,26163|Endocrinology,0.041183011419460736,5.459141174780985,False,1,0.1191840947832788
26163,Michigan,Oncology,Cancer,94448,55,7111,28630.0,1717.2363636363636,2055.6666666666665,2642.926682217817,0.8353671300322834,MODERATE GAP,4.55,26163|Oncology,0.5823310181263764,4.025590551181103,False,1,0.0989114057684033
26163,Michigan,Neurology,Neurological Disorders,55597,102,13749,141736.0,545.0686274509804,637.0,906.5174241117586,0.8556807338319944,MODERATE GAP,4.66,26163|Neurology,1.8346313650017088,10.308072727272727,True,-1,-0.02290252404400439
26163,Michigan,Psychiatry,Mental Health Disorders,329564,150,8028,42190.0,2197.093333333333,3104.5,4291.15957060345,0.7077124604069361,MODERATE GAP,3.85,26163|Psychiatry,0.4551468000145647,5.254701706314609,False,1,0.11226897773662459
26163,Michigan,Pulmonary,Respiratory Disease,281335,62,13932,51574.0,4537.6612903225805,4251.578947368421,5741.879971570142,1.0672884936386362,HIGH GAP,5.81,26163|Pulmonary,0.22037784136349903,3.701571807937989,False,1,0.13831645581750202
26163,Michigan,Rheumatology,Arthritis,376453,15,2507,83150.0,25096.866666666665,10453.0,13315.598760659872,2.4009247743869384,CRITICAL GAP,13.07,26163|Rheumatology,0.039845611537164004,33.153907496012756,False,1,0.0319829131844368
26165,Michigan,Cardiology,Heart Disease,20408,0,0,0.0,0.0,10823.136363636364,15071.056217261126,0.0,NO PROVIDER,100.0,26165|Cardiology,0.0,0.0,False,1,0.1942794028685208
26165,Michigan,Endocrinology,Diabetes,13337,0,0,0.0,0.0,18070.0,22988.768286620067,0.0,NO PROVIDER,100.0,26165|Endocrinology,0.0,0.0,False,1,0.1942794028685208
26165,Michigan,Oncology,Cancer,2348,0,0,0.0,0.0,2055.6666666666665,2642.926682217817,0.0,NO PROVIDER,100.0,26165|Oncology,0.0,0.0,False,1,0.1942794028685208
26165,Michigan,Neurology,Neurological Disorders,963,0,0,0.0,0.0,637.0,906.5174241117586,0.0,NO PROVIDER,100.0,26165|Neurology,0.0,0.0,False,1,0.1942794028685208
26165,Michigan,Psychiatry,Mental Health Disorders,7572,1,47,171.0,7572.0,3104.5,4291.15957060345,2.43904010307618,CRITICAL GAP,13.28,26165|Psychiatry,0.13206550449022716,3.5625,False,1,0.1573596617595877
26165,Michigan,Pulmonary,Respiratory Disease,5554,1,318,777.0,5554.0,4251.578947368421,5741.879971570142,1.3063382025253776,HIGH GAP,7.11,26165|Pulmonary,0.1800504141159525,2.4357366771159876,False,1,0.14577344774019024
26165,Michigan,Rheumatology,Arthritis,7876,0,0,0.0,0.0,10453.0,13315.598760659872,0.0,NO PROVIDER,100.0,26165|Rheumatology,0.0,0.0,False,1,0.1942794028685208
37001,North Carolina,Cardiology,Heart Disease,103566,11,5965,16974.0,9415.09090909091,10823.136363636364,15071.056217261126,0.8699041195418905,MODERATE GAP,4.74,37001|Cardiology,0.10621246354981365,2.845122360040228,False,1,0.1592433049973046
37001,North Carolina,Endocrinology,Diabetes,70139,4,1098,19864.0,17534.75,18070.0,22988.768286620067,0.9703790813503044,MODERATE GAP,5.28,37001|Endocrinology,0.05702961262635623,18.074613284804368,False,1,0.08176098661481124
37001,North Carolina,Oncology,Cancer,10210,8,1345,4211.0,1276.25,2055.6666666666665,2642.926682217817,0.6208448191989623,MODERATE GAP,3.38,37001|Oncology,0.7835455435847208,3.1285289747399703,False,1,0.05880027603082982
37001,North Carolina,Neurology,Neurological Disorders,4965,3,1039,3817.0,1655.0,637.0,906.5174241117586,2.598116169544741,CRITICAL GAP,14.15,37001|Neurology,0.6042296072507553,3.6701923076923078,False,1,0.09468019750758638
37001,North Carolina,Psychiatry,Mental Health Disorders,33986,13,655,4651.0,2614.3076923076924,3104.5,4291.15957060345,0.8421026549549662,MODERATE GAP,4.59,37001|Psychiatry,0.3825104454775496,7.089939024390244,False,1,0.10684163977964445
37001,North Carolina,Pulmonary,Respiratory Disease,24965,3,1650,8993.0,8321.666666666666,4251.578947368421,5741.879971570142,1.9573120409342248,HIGH GAP,10.66,37001|Pulmonary,0.12016823552974164,5.447001817080557,False,1,0.1477077776087326
37001,North Carolina,Rheumatology,Arthritis,36923,2,577,117976.0,18461.5,10453.0,13315.598760659872,1.766143690806467,HIGH GAP,9.62,37001|Rheumatology,0.05416677951412399,204.1107266435986,False,1,0.005571911491895065
37003,North Carolina,Cardiology,Heart Disease,23033,0,0,0.0,0.0,10823.136363636364,15071.056217261126,0.0,NO PROVIDER,100.0,37003|Cardiology,0.0,0.0,False,1,0.1942794028685208
37003,North Carolina,Endocrinology,Diabetes,14010,0,0,0.0,0.0,18070.0,22988.768286620067,0.0,NO PROVIDER,100.0,37003|Endocrinology,0.0,0.0,False,1,0.1942794028685208
37003,North Carolina,Oncology,Cancer,2421,0,0,0.0,0.0,2055.6666666666665,2642.926682217817,0.0,NO PROVIDER,100.0,37003|Oncology,0.0,0.0,False,1,0.1942794028685208
37003,North Carolina,Neurology,Neurological Disorders,1086,0,0,0.0,0.0,637.0,906.5174241117586,0.0,NO PROVIDER,100.0,37003|Neurology,0.0,0.0,False,1,0.1942794028685208
37003,North Carolina,Psychiatry,Mental Health Disorders,7746,0,0,0.0,0.0,3104.5,4291.15957060345,0.0,NO PROVIDER,100.0,37003|Psychiatry,0.0,0.0,False,1,0.1942794028685208
37003,North Carolina,Pulmonary,Respiratory Disease,5633,0,0,0.0,0.0,4251.578947368421,5741.879971570142,0.0,NO PROVIDER,100.0,37003|Pulmonary,0.0,0.0,False,1,0.1942794028685208
37003,North Carolina,Rheumatology,Arthritis,8201,0,0,0.0,0.0,10453.0,13315.598760659872,0.0,NO PROVIDER,100.0,37003|Rheumatology,0.0,0.0,False,1,0.1942794028685208
37005,North Carolina,Cardiology,Heart Disease,8093,1,245,369.0,8093.0,10823.136363636364,15071.056217261126,0.747749980051153,MODERATE GAP,4.07,37005|Cardiology,0.1235635734585444,1.5,False,1,0.12012714622218595
37005,North Carolina,Endocrinology,Diabetes,4727,0,0,0.0,0.0,18070.0,22988.768286620067,0.0,NO PROVIDER,100.0,37005|Endocrinology,0.0,0.0,False,1,0.1942794028685208
37005,North Carolina,Oncology,Cancer,877,1,242,2222.0,877.0,2055.6666666666665,2642.926682217817,0.4266255878060646,LOW GAP,2.32,37005|Oncology,1.1402508551881414,9.1440329218107,False,1,0.010024651252189432
37005,North Carolina,Neurology,Neurological Disorders,415,0,0,0.0,0.0,637.0,906.5174241117586,0.0,NO PROVIDER,100.0,37005|Neurology,0.0,0.0,False,1,0.1942794028685208
37005,North Carolina,Psychiatry,Mental Health Disorders,2493,0,0,0.0,0.0,3104.5,4291.15957060345,0.0,NO PROVIDER,100.0,37005|Psychiatry,0.0,0.0,False,1,0.1942794028685208
37005,North Carolina,Pulmonary,Respiratory Disease,1970,0,0,0.0,0.0,4251.578947368421,5741.879971570142,0.0,NO PROVIDER,100.0,37005|Pulmonary,0.0,0.0,False,1,0.1942794028685208
37005,North Carolina,Rheumatology,Arthritis,2913,0,0,0.0,0.0,10453.0,13315.598760659872,0.0,NO PROVIDER,100.0,37005|Rheumatology,0.0,0.0,False,1,0.1942794028685208
37007,North Carolina,Cardiology,Heart Disease,15201,0,0,0.0,0.0,10823.136363636364,15071.056217261126,0.0,NO PROVIDER,100.0,37007|Cardiology,0.0,0.0,False,1,0.1942794028685208
37007,North Carolina,Endocrinology,Diabetes,10364,0,0,0.0,0.0,18070.0,22988.768286620067,0.0,NO PROVIDER,100.0,37007|Endocrinology,0.0,0.0,False,1,0.1942794028685208
37007,North Carolina,Oncology,Cancer,1163,0,0,0.0,0.0,2055.6666666666665,2642.926682217817,0.0,NO PROVIDER,100.0,37007|Oncology,0.0,0.0,False,1,0.1942794028685208
37007,North Carolina,Neurology,Neurological Disorders,883,0,0,0.0,0.0,637.0,906.5174241117586,0.0,NO PROVIDER,100.0,37007|Neurology,0.0,0.0,False,1,0.1942794028685208
37007,North Carolina,Psychiatry,Mental Health Disorders,4172,0,0,0.0,0.0,3104.5,4291.15957060345,0.0,NO PROVIDER,100.0,37007|Psychiatry,0.0,0.0,False,1,0.1942794028685208
37007,North Carolina,Pulmonary,Respiratory Disease,3796,0,0,0.0,0.0,4251.578947368421,5741.879971570142,0.0,NO PROVIDER,100.0,37007|Pulmonary,0.0,0.0,False,1,0.1942794028685208
37007,North Carolina,Rheumatology,Arthritis,5117,0,0,0.0,0.0,10453.0,13315.598760659872,0.0,NO PROVIDER,100.0,37007|Rheumatology,0.0,0.0,False,1,0.1942794028685208
37009,North Carolina,Cardiology,Heart Disease,18781,4,3753,9499.0,4695.25,10823.136363636364,15071.056217261126,0.4338160254337299,LOW GAP,2.36,37009|Cardiology,0.21298120440871093,2.530367607884923,False,1,0.13557564260745492
37009,North Carolina,Endocrinology,Diabetes,10906,0,0,0.0,0.0,18070.0,22988.768286620067,0.0,NO PROVIDER,100.0,37009|Endocrinology,0.0,0.0,False,1,0.1942794028685208
37009,North Carolina,Oncology,Cancer,2127,1,18,22.0,2127.0,2055.6666666666665,2642.926682217817,1.0347008269823257,HIGH GAP,5.63,37009|Oncology,0.4701457451810061,1.1578947368421053,False,1,0.05687461133587923
37009,North Carolina,Neurology,Neurological Disorders,882,0,0,0.0,0.0,637.0,906.5174241117586,0.0,NO PROVIDER,100.0,37009|Neurology,0.0,0.0,False,1,0.1942794028685208
37009,North Carolina,Psychiatry,Mental Health Disorders,5974,2,90,299.0,2987.0,3104.5,4291.15957060345,0.9621517152520536,MODERATE GAP,5.24,37009|Psychiatry,0.33478406427854035,3.2857142857142856,False,1,0.12896024963710956
37009,North Carolina,Pulmonary,Respiratory Disease,4390,0,0,0.0,0.0,4251.578947368421,5741.879971570142,0.0,NO PROVIDER,100.0,37009|Pulmonary,0.0,0.0,False,1,0.1942794028685208
37009,North Carolina,Rheumatology,Arthritis,6822,0,0,0.0,0.0,10453.0,13315.598760659872,0.0,NO PROVIDER,100.0,37009|Rheumatology,0.0,0.0,False,1,0.1942794028685208
37011,North Carolina,Cardiology,Heart Disease,11956,0,0,0.0,0.0,10823.136363636364,15071.056217261126,0.0,NO PROVIDER,100.0,37011|Cardiology,0.0,0.0,False,1,0.1942794028685208
37011,North Carolina,Endocrinology,Diabetes,7326,0,0,0.0,0.0,18070.0,22988.768286620067,0.0,NO PROVIDER,100.0,37011|Endocrinology,0.0,0.0,False,1,0.1942794028685208
37011,North Carolina,Oncology,Cancer,1298,0,0,0.0,0.0,2055.6666666666665,2642.926682217817,0.0,NO PROVIDER,100.0,37011|Oncology,0.0,0.0,False,1,0.1942794028685208
37011,North Carolina,Neurology,Neurological Disorders,555,0,0,0.0,0.0,637.0,906.5174241117586,0.0,NO PROVIDER,100.0,37011|Neurology,0.0,0.0,False,1,0.1942794028685208
37011,North Carolina,Psychiatry,Mental Health Disorders,3873,4,154,534.0,968.25,3104.5,4291.15957060345,0.3118859719761636,LOW GAP,1.7,37011|Psychiatry,1.0327911179963851,3.445161290322581,False,1,0.035956710766193445
37011,North Carolina,Pulmonary,Respiratory Disease,2837,0,0,0.0,0.0,4251.578947368421,5741.879971570142,0.0,NO PROVIDER,100.0,37011|Pulmonary,0.0,0.0,False,1,0.1942794028685208
37011,North Carolina,Rheumatology,Arthritis,4256,0,0,0.0,0.0,10453.0,13315.598760659872,0.0,NO PROVIDER,100.0,37011|Rheumatology,0.0,0.0,False,1,0.1942794028685208
37013,North Carolina,Cardiology,Heart Disease,30350,0,0,0.0,0.0,10823.136363636364,15071.056217261126,0.0,NO PROVIDER,100.0,37013|Cardiology,0.0,0.0,False,1,0.1942794028685208
37013,North Carolina,Endocrinology,Diabetes,18113,0,0,0.0,0.0,18070.0,22988.768286620067,0.0,NO PROVIDER,100.0,37013|Endocrinology,0.0,0.0,False,1,0.1942794028685208
37013,North Carolina,Oncology,Cancer,2983,1,0,0.0,2983.0,2055.6666666666665,2642.926682217817,1.4511107507702288,HIGH GAP,7.9,37013|Oncology,0.3352329869259135,0.0,False,1,0.02276218135506236
37013,North Carolina,Neurology,Neurological Disorders,1545,0,0,0.0,0.0,637.0,906.5174241117586,0.0,NO PROVIDER,100.0,37013|Neurology,0.0,0.0,False,1,0.1942794028685208
37013,North Carolina,Psychiatry,Mental Health Disorders,8949,4,154,581.0,2237.25,3104.5,4291.15957060345,0.7206474472539861,MODERATE GAP,3.92,37013|Psychiatry,0.44697731590121803,3.7483870967741937,False,1,0.11732820022970186
37013,North Carolina,Pulmonary,Respiratory Disease,7206,1,257,1124.0,7206.0,4251.578947368421,5741.879971570142,1.6948997276553603,HIGH GAP,9.23,37013|Pulmonary,0.13877324451845685,4.3565891472868215,False,1,0.1551745246851075
37013,North Carolina,Rheumatology,Arthritis,10782,0,0,0.0,0.0,10453.0,13315.598760659872,0.0,NO PROVIDER,100.0,37013|Rheumatology,0.0,0.0,False,1,0.1942794028685208
37015,North Carolina,Cardiology,Heart Disease,12743,0,0,0.0,0.0,10823.136363636364,15071.056217261126,0.0,NO PROVIDER,100.0,37015|Cardiology,0.0,0.0,False,1,0.1942794028685208
37015,North Carolina,Endocrinology,Diabetes,8509,0,0,0.0,0.0,18070.0,22988.768286620067,0.0,NO PROVIDER,100.0,37015|Endocrinology,0.0,0.0,False,1,0.1942794028685208
37015,North Carolina,Oncology,Cancer,953,0,0,0.0,0.0,2055.6666666666665,2642.926682217817,0.0,NO PROVIDER,100.0,37015|Oncology,0.0,0.0,False,1,0.1942794028685208
37015,North Carolina,Neurology,Neurological Disorders,769,0,0,0.0,0.0,637.0,906.5174241117586,0.0,NO PROVIDER,100.0,37015|Neurology,0.0,0.0,False,1,0.1942794028685208
37015,North Carolina,Psychiatry,Mental Health Disorders,3154,0,0,0.0,0.0,3104.5,4291.15957060345,0.0,NO PROVIDER,100.0,37015|Psychiatry,0.0,0.0,False,1,0.1942794028685208
37015,North Carolina,Pulmonary,Respiratory Disease,3041,0,0,0.0,0.0,4251.578947368421,5741.879971570142,0.0,NO PROVIDER,100.0,37015|Pulmonary,0.0,0.0,False,1,0.1942794028685208
37015,North Carolina,Rheumatology,Arthritis,4227,0,0,0.0,0.0,10453.0,13315.598760659872,0.0,NO PROVIDER,100.0,37015|Rheumatology,0.0,0.0,False,1,0.1942794028685208
37017,North Carolina,Cardiology,Heart Disease,20217,0,0,0.0,0.0,10823.136363636364,15071.056217261126,0.0,NO PROVIDER,100.0,37017|Cardiology,0.0,0.0,False,1,0.1942794028685208
37017,North Carolina,Endocrinology,Diabetes,13092,0,0,0.0,0.0,18070.0,22988.768286620067,0.0,NO PROVIDER,100.0,37017|Endocrinology,0.0,0.0,False,1,0.1942794028685208
37017,North Carolina,Oncology,Cancer,1790,0,0,0.0,0.0,2055.6666666666665,2642.926682217817,0.0,NO PROVIDER,100.0,37017|Oncology,0.0,0.0,False,1,0.1942794028685208
37017,North Carolina,Neurology,Neurological Disorders,1088,0,0,0.0,0.0,637.0,906.5174241117586,0.0,NO PROVIDER,100.0,37017|Neurology,0.0,0.0,False,1,0.1942794028685208
37017,North Carolina,Psychiatry,Mental Health Disorders,5850,0,0,0.0,0.0,3104.5,4291.15957060345,0.0,NO PROVIDER,100.0,37017|Psychiatry,0.0,0.0,False,1,0.1942794028685208
37017,North Carolina,Pulmonary,Respiratory Disease,4821,0,0,0.0,0.0,4251.578947368421,5741.879971570142,0.0,NO PROVIDER,100.0,37017|Pulmonary,0.0,0.0,False,1,0.1942794028685208
37017,North Carolina,Rheumatology,Arthritis,6880,0,0,0.0,0.0,10453.0,13315.598760659872,0.0,NO PROVIDER,100.0,37017|Rheumatology,0.0,0.0,False,1,0.1942794028685208
37019,North Carolina,Cardiology,Heart Disease,109384,1,327,1517.0,109384.0,10823.136363636364,15071.056217261126,10.10649744444771,CRITICAL GAP,55.03,37019|Cardiology,0.009142104878227163,4.625,False,1,0.013442319637308797
37019,North Carolina,Endocrinology,Diabetes,60761,1,577,1503.0,60761.0,18070.0,22988.768286620067,3.362534587714444,CRITICAL GAP,18.31,37019|Endocrinology,0.016457925313934925,2.6003460207612457,False,1,0.03465337805290647
37019,North Carolina,Oncology,Cancer,13587,0,0,0.0,0.0,2055.6666666666665,2642.926682217817,0.0,NO PROVIDER,100.0,37019|Oncology,0.0,0.0,False,1,0.1942794028685208
37019,North Carolina,Neurology,Neurological Disorders,4897,1,349,2038.0,4897.0,637.0,906.5174241117586,7.687598116169545,CRITICAL GAP,41.86,37019|Neurology,0.20420665713702266,5.822857142857143,False,1,0.13859862850310856
37019,North Carolina,Psychiatry,Mental Health Disorders,34070,3,59,157.0,11356.666666666666,3104.5,4291.15957060345,3.658130670532023,CRITICAL GAP,19.92,37019|Psychiatry,0.0880540064572938,2.6166666666666667,False,1,0.15018637947042068
37019,North Carolina,Pulmonary,Respiratory Disease,24345,2,331,3795.0,12172.5,4251.578947368421,5741.879971570142,2.86305397375588,CRITICAL GAP,15.59,37019|Pulmonary,0.08215239268843705,11.430722891566266,False,1,0.10337659719902348
37019,North Carolina,Rheumatology,Arthritis,41243,1,696,419241.0,41243.0,10453.0,13315.598760659872,3.9455658662584905,CRITICAL GAP,21.48,37019|Rheumatology,0.02424653880658536,601.493543758967,True,-1,-0.07227724026826399
37021,North Carolina,Cardiology,Heart Disease,164788,21,20509,45411.0,7847.047619047619,10823.136363636364,15071.056217261126,0.7250252935380335,MODERATE GAP,3.95,37021|Cardiology,0.1274364638201811,2.214090687469527,False,1,0.14977684051995171
37021,North Carolina,Endocrinology,Diabetes,93661,8,3397,59271.0,11707.625,18070.0,22988.768286620067,0.6479039845047039,MODERATE GAP,3.53,37021|Endocrinology,0.08541442008947162,17.44290759270159,False,1,0.08798751635523117
37021,North Carolina,Oncology,Cancer,19688,11,8902,1200745.0,1789.8181818181818,2055.6666666666665,2642.926682217817,0.8706752951928889,MODERATE GAP,4.74,37021|Oncology,0.5587159691182446,134.86970684039088,True,-1,-0.007698937543347384
37021,North Carolina,Neurology,Neurological Disorders,7056,11,4605,313795.0,641.4545454545455,637.0,906.5174241117586,1.006993006993007,HIGH GAP,5.48,37021|Neurology,1.5589569160997734,68.12744246634824,True,-1,-0.06087805943357405
37021,North Carolina,Psychiatry,Mental Health Disorders,57585,40,1478,9934.0,1439.625,3104.5,4291.15957060345,0.4637220164277661,LOW GAP,2.52,37021|Psychiatry,0.6946253364591474,6.716700473292765,False,1,0.0660010392560344
37021,North Carolina,Pulmonary,Respiratory Disease,38010,19,7070,18731.0,2000.5263157894733,4251.578947368421,5741.879971570142,0.4705372616984402,LOW GAP,2.56,37021|Pulmonary,0.4998684556695607,2.6489888276057134,False,1,0.11107837567979473
37021,North Carolina,Rheumatology,Arthritis,57471,6,2916,1029586.0,9578.5,10453.0,13315.598760659872,0.916339806754042,MODERATE GAP,4.99,37021|Rheumatology,0.1044004802422091,352.96057593417896,False,1,0.003019273289175284
37023,North Carolina,Cardiology,Heart Disease,57472,4,4464,9011.0,14368.0,10823.136363636364,15071.056217261126,1.3275264689700934,HIGH GAP,7.23,37023|Cardiology,0.06959910913140312,2.018141097424412,False,1,0.12670318861837182
37023,North Carolina,Endocrinology,Diabetes,35451,0,0,0.0,0.0,18070.0,22988.768286620067,0.0,NO PROVIDER,100.0,37023|Endocrinology,0.0,0.0,False,1,0.1942794028685208
37023,North Carolina,Oncology,Cancer,5993,1,184,368.0,5993.0,2055.6666666666665,2642.926682217817,2.9153559267066647,CRITICAL GAP,15.87,37023|Oncology,0.1668613382279326,1.9891891891891893,False,1,0.13176384670720825
37023,North Carolina,Neurology,Neurological Disorders,2816,2,715,2423.0,1408.0,637.0,906.5174241117586,2.2103610675039245,CRITICAL GAP,12.03,37023|Neurology,0.7102272727272727,3.3840782122905027,False,1,0.07149189130696965
37023,North Carolina,Psychiatry,Mental Health Disorders,19314,4,133,3132.0,4828.5,3104.5,4291.15957060345,1.555322918344339,HIGH GAP,8.47,37023|Psychiatry,0.20710365537951747,23.37313432835821,False,1,0.06519063122805491
37023,North Carolina,Pulmonary,Respiratory Disease,14260,1,127,305.0,14260.0,4251.578947368421,5741.879971570142,3.3540480316910126,CRITICAL GAP,18.26,37023|Pulmonary,0.07012622720897616,2.3828125,False,1,0.1376673237218719
37023,North Carolina,Rheumatology,Arthritis,20830,0,0,0.0,0.0,10453.0,13315.598760659872,0.0,NO PROVIDER,100.0,37023|Rheumatology,0.0,0.0,False,1,0.1942794028685208
37025,North Carolina,Cardiology,Heart Disease,129104,29,25846,167924.0,4451.862068965517,10823.136363636364,15071.056217261126,0.4113282803978068,LOW GAP,2.24,37025|Cardiology,0.2246251084397075,6.496846829419275,False,1,0.12199850667959339
37025,North Carolina,Endocrinology,Diabetes,78111,6,1691,23528.0,13018.5,18070.0,22988.768286620067,0.720448256779192,MODERATE GAP,3.92,37025|Endocrinology,0.07681376502669278,13.905437352245864,False,1,0.09465795095729135
37025,North Carolina,Oncology,Cancer,12523,8,1574,3966.0,1565.375,2055.6666666666665,2642.926682217817,0.7614926220204313,MODERATE GAP,4.15,37025|Oncology,0.6388245628044399,2.518095238095238,False,1,0.08325277214594673
37025,North Carolina,Neurology,Neurological Disorders,5316,10,2172,89308.0,531.6,637.0,906.5174241117586,0.8345368916797489,MODERATE GAP,4.54,37025|Neurology,1.8811136192626035,41.09894155545329,True,-1,-0.0574998661108016
37025,North Carolina,Psychiatry,Mental Health Disorders,42344,19,1196,4206.0,2228.6315789473683,3104.5,4291.15957060345,0.7178713412618355,MODERATE GAP,3.91,37025|Psychiatry,0.44870583789911206,3.5137844611528823,False,1,0.11826477098096988
37025,North Carolina,Pulmonary,Respiratory Disease,28831,7,1983,7544.0,4118.714285714285,4251.578947368421,5741.879971570142,0.9687493368231176,MODERATE GAP,5.27,37025|Pulmonary,0.2427942145607159,3.8024193548387095,False,1,0.13852838430435332
37025,North Carolina,Rheumatology,Arthritis,43605,3,809,133865.0,14535.0,10453.0,13315.598760659872,1.3905099014636946,HIGH GAP,7.57,37025|Rheumatology,0.06879944960440317,165.26543209876544,False,1,0.021389030251859342
37027,North Carolina,Cardiology,Heart Disease,51468,6,6790,30106.0,8578.0,10823.136363636364,15071.056217261126,0.7925613899516608,MODERATE GAP,4.32,37027|Cardiology,0.1165772907437631,4.43322043881608,False,1,0.15454483141479686
37027,North Carolina,Endocrinology,Diabetes,29201,0,0,0.0,0.0,18070.0,22988.768286620067,0.0,NO PROVIDER,100.0,37027|Endocrinology,0.0,0.0,False,1,0.1942794028685208
37027,North Carolina,Oncology,Cancer,5445,1,412,1595.0,5445.0,2055.6666666666665,2642.926682217817,2.648775741851792,CRITICAL GAP,14.42,37027|Oncology,0.18365472910927455,3.861985472154964,False,1,0.15074256126532154
37027,North Carolina,Neurology,Neurological Disorders,2496,1,0,0.0,2496.0,637.0,906.5174241117586,3.918367346938776,CRITICAL GAP,21.33,37027|Neurology,0.4006410256410256,0.0,False,1,0.018642546076857003
37027,North Carolina,Psychiatry,Mental Health Disorders,17501,1,11,19.0,17501.0,3104.5,4291.15957060345,5.637300692543082,CRITICAL GAP,30.69,37027|Psychiatry,0.05713959202331295,1.5833333333333333,False,1,0.11083382177452128
37027,North Carolina,Pulmonary,Respiratory Disease,12802,3,756,2456.0,4267.333333333333,4251.578947368421,5741.879971570142,1.0037055376743418,HIGH GAP,5.46,37027|Pulmonary,0.23433838462740197,3.2443857331571997,False,1,0.13843572641759622
37027,North Carolina,Rheumatology,Arthritis,18085,0,0,0.0,0.0,10453.0,13315.598760659872,0.0,NO PROVIDER,100.0,37027|Rheumatology,0.0,0.0,False,1,0.1942794028685208
37029,North Carolina,Cardiology,Heart Disease,6290,0,0,0.0,0.0,10823.136363636364,15071.056217261126,0.0,NO PROVIDER,100.0,37029|Cardiology,0.0,0.0,False,1,0.1942794028685208
37029,North Carolina,Endocrinology,Diabetes,3855,0,0,0.0,0.0,18070.0,22988.768286620067,0.0,NO PROVIDER,100.0,37029|Endocrinology,0.0,0.0,False,1,0.1942794028685208
37029,North Carolina,Oncology,Cancer,679,0,0,0.0,0.0,2055.6666666666665,2642.926682217817,0.0,NO PROVIDER,100.0,37029|Oncology,0.0,0.0,False,1,0.1942794028685208
37029,North Carolina,Neurology,Neurological Disorders,260,0,0,0.0,0.0,637.0,906.5174241117586,0.0,NO PROVIDER,100.0,37029|Neurology,0.0,0.0,False,1,0.1942794028685208
37029,North Carolina,Psychiatry,Mental Health Disorders,2172,0,0,0.0,0.0,3104.5,4291.15957060345,0.0,NO PROVIDER,100.0,37029|Psychiatry,0.0,0.0,False,1,0.1942794028685208
37029,North Carolina,Pulmonary,Respiratory Disease,1436,0,0,0.0,0.0,4251.578947368421,5741.879971570142,0.0,NO PROVIDER,100.0,37029|Pulmonary,0.0,0.0,False,1,0.1942794028685208
37029,North Carolina,Rheumatology,Arthritis,2228,0,0,0.0,0.0,10453.0,13315.598760659872,0.0,NO PROVIDER,100.0,37029|Rheumatology,0.0,0.0,False,1,0.1942794028685208
37031,North Carolina,Cardiology,Heart Disease,45469,3,788,1433.0,15156.333333333334,10823.136363636364,15071.056217261126,1.400364258945833,HIGH GAP,7.62,37031|Cardiology,0.06597901867206228,1.8162230671736375,False,1,0.12349733901997412
37031,North Carolina,Endocrinology,Diabetes,25812,1,1185,24923.0,25812.0,18070.0,22988.768286620067,1.4284449363586054,HIGH GAP,7.78,37031|Endocrinology,0.038741670540833724,21.01433389544688,False,1,0.05392470560284024
37031,North Carolina,Oncology,Cancer,5459,2,56,56.0,2729.5,2055.6666666666665,2642.926682217817,1.327793092265283,HIGH GAP,7.23,37031|Oncology,0.3663674665689687,0.9824561403508771,False,1,0.06604627619223202
37031,North Carolina,Neurology,Neurological Disorders,1974,0,0,0.0,0.0,637.0,906.5174241117586,0.0,NO PROVIDER,100.0,37031|Neurology,0.0,0.0,False,1,0.1942794028685208
37031,North Carolina,Psychiatry,Mental Health Disorders,14634,0,0,0.0,0.0,3104.5,4291.15957060345,0.0,NO PROVIDER,100.0,37031|Psychiatry,0.0,0.0,False,1,0.1942794028685208
37031,North Carolina,Pulmonary,Respiratory Disease,10162,1,867,2504.0,10162.0,4251.578947368421,5741.879971570142,2.390170834364942,CRITICAL GAP,13.01,37031|Pulmonary,0.098405825624877,2.8847926267281108,False,1,0.15858965070376102
37031,North Carolina,Rheumatology,Arthritis,16260,1,85,411.0,16260.0,10453.0,13315.598760659872,1.555534296374247,HIGH GAP,8.47,37031|Rheumatology,0.061500615006150054,4.77906976744186,False,1,0.14148556360452913
37033,North Carolina,Cardiology,Heart Disease,15440,0,0,0.0,0.0,10823.136363636364,15071.056217261126,0.0,NO PROVIDER,100.0,37033|Cardiology,0.0,0.0,False,1,0.1942794028685208
37033,North Carolina,Endocrinology,Diabetes,9832,0,0,0.0,0.0,18070.0,22988.768286620067,0.0,NO PROVIDER,100.0,37033|Endocrinology,0.0,0.0,False,1,0.1942794028685208
37033,North Carolina,Oncology,Cancer,1383,0,0,0.0,0.0,2055.6666666666665,2642.926682217817,0.0,NO PROVIDER,100.0,37033|Oncology,0.0,0.0,False,1,0.1942794028685208
37033,North Carolina,Neurology,Neurological Disorders,817,0,0,0.0,0.0,637.0,906.5174241117586,0.0,NO PROVIDER,100.0,37033|Neurology,0.0,0.0,False,1,0.1942794028685208
37033,North Carolina,Psychiatry,Mental Health Disorders,4494,1,0,0.0,4494.0,3104.5,4291.15957060345,1.447576099210823,HIGH GAP,7.88,37033|Psychiatry,0.22251891410769914,0.0,False,1,0.02477453547668429
37033,North Carolina,Pulmonary,Respiratory Disease,3676,0,0,0.0,0.0,4251.578947368421,5741.879971570142,0.0,NO PROVIDER,100.0,37033|Pulmonary,0.0,0.0,False,1,0.1942794028685208
37033,North Carolina,Rheumatology,Arthritis,5320,0,0,0.0,0.0,10453.0,13315.598760659872,0.0,NO PROVIDER,100.0,37033|Rheumatology,0.0,0.0,False,1,0.1942794028685208
37035,North Carolina,Cardiology,Heart Disease,99183,12,7835,19405.0,8265.25,10823.136363636364,15071.056217261126,0.7636649601653024,MODERATE GAP,4.16,37035|Cardiology,0.12098847584767551,2.4763910158244,False,1,0.15273291087663304
37035,North Carolina,Endocrinology,Diabetes,62628,3,709,9029.0,20876.0,18070.0,22988.768286620067,1.1552850027670172,HIGH GAP,6.29,37035|Endocrinology,0.04790189691511784,12.716901408450704,False,1,0.08786439281714253
37035,North Carolina,Oncology,Cancer,10352,2,1028,177216.0,5176.0,2055.6666666666665,2642.926682217817,2.5179179503810607,CRITICAL GAP,13.71,37035|Oncology,0.19319938176197834,172.2215743440233,False,1,0.0242421790456826
37035,North Carolina,Neurology,Neurological Disorders,4400,4,1004,2331.0,1100.0,637.0,906.5174241117586,1.7268445839874411,HIGH GAP,9.4,37035|Neurology,0.9090909090909091,2.319402985074627,False,1,0.03931428216575639
37035,North Carolina,Psychiatry,Mental Health Disorders,33838,12,674,3928.0,2819.833333333333,3104.5,4291.15957060345,0.908305148440436,MODERATE GAP,4.95,37035|Psychiatry,0.3546308883503753,5.819259259259259,False,1,0.11954280513689286
37035,North Carolina,Pulmonary,Respiratory Disease,23163,9,2289,7732.0,2573.6666666666665,4251.578947368421,5741.879971570142,0.6053437319468515,MODERATE GAP,3.3,37035|Pulmonary,0.38855070586711565,3.376419213973799,False,1,0.125647972291848
37035,North Carolina,Rheumatology,Arthritis,34032,4,1007,397141.0,8508.0,10453.0,13315.598760659872,0.8139290155936095,MODERATE GAP,4.43,37035|Rheumatology,0.11753643629525153,393.9890873015873,True,-1,-0.003682966315261993
37037,North Carolina,Cardiology,Heart Disease,51127,0,0,0.0,0.0,10823.136363636364,15071.056217261126,0.0,NO PROVIDER,100.0,37037|Cardiology,0.0,0.0,False,1,0.1942794028685208
37037,North Carolina,Endocrinology,Diabetes,27317,1,266,577.0,27317.0,18070.0,22988.768286620067,1.511732152739347,HIGH GAP,8.23,37037|Endocrinology,0.036607240912252446,2.161048689138577,False,1,0.10381243021128328
37037,North Carolina,Oncology,Cancer,5853,0,0,0.0,0.0,2055.6666666666665,2642.926682217817,0.0,NO PROVIDER,100.0,37037|Oncology,0.0,0.0,False,1,0.1942794028685208
37037,North Carolina,Neurology,Neurological Disorders,2249,0,0,0.0,0.0,637.0,906.5174241117586,0.0,NO PROVIDER,100.0,37037|Neurology,0.0,0.0,False,1,0.1942794028685208
37037,North Carolina,Psychiatry,Mental Health Disorders,15246,4,85,813.0,3811.5,3104.5,4291.15957060345,1.2277339346110483,HIGH GAP,6.68,37037|Psychiatry,0.26236389872753507,9.453488372093023,False,1,0.09659529596708416
37037,North Carolina,Pulmonary,Respiratory Disease,10979,1,178,1223.0,10979.0,4251.578947368421,5741.879971570142,2.582334736320872,CRITICAL GAP,14.06,37037|Pulmonary,0.09108297659167502,6.832402234636872,False,1,0.13457591993975754
37037,North Carolina,Rheumatology,Arthritis,18023,0,0,0.0,0.0,10453.0,13315.598760659872,0.0,NO PROVIDER,100.0,37037|Rheumatology,0.0,0.0,False,1,0.1942794028685208
37039,North Carolina,Cardiology,Heart Disease,21480,3,1158,5393.0,7160.0,10823.136363636364,15071.056217261126,0.6615457626549185,MODERATE GAP,3.6,37039|Cardiology,0.13966480446927373,4.653149266609145,False,1,0.15337128120267796
37039,North Carolina,Endocrinology,Diabetes,11955,0,0,0.0,0.0,18070.0,22988.768286620067,0.0,NO PROVIDER,100.0,37039|Endocrinology,0.0,0.0,False,1,0.1942794028685208
37039,North Carolina,Oncology,Cancer,2469,0,0,0.0,0.0,2055.6666666666665,2642.926682217817,0.0,NO PROVIDER,100.0,37039|Oncology,0.0,0.0,False,1,0.1942794028685208
37039,North Carolina,Neurology,Neurological Disorders,1046,0,0,0.0,0.0,637.0,906.5174241117586,0.0,NO PROVIDER,100.0,37039|Neurology,0.0,0.0,False,1,0.1942794028685208
37039,North Carolina,Psychiatry,Mental Health Disorders,6790,0,0,0.0,0.0,3104.5,4291.15957060345,0.0,NO PROVIDER,100.0,37039|Psychiatry,0.0,0.0,False,1,0.1942794028685208
37039,North Carolina,Pulmonary,Respiratory Disease,5039,0,0,0.0,0.0,4251.578947368421,5741.879971570142,0.0,NO PROVIDER,100.0,37039|Pulmonary,0.0,0.0,False,1,0.1942794028685208
37039,North Carolina,Rheumatology,Arthritis,7861,0,0,0.0,0.0,10453.0,13315.598760659872,0.0,NO PROVIDER,100.0,37039|Rheumatology,0.0,0.0,False,1,0.1942794028685208
37041,North Carolina,Cardiology,Heart Disease,9699,0,0,0.0,0.0,10823.136363636364,15071.056217261126,0.0,NO PROVIDER,100.0,37041|Cardiology,0.0,0.0,False,1,0.1942794028685208
37041,North Carolina,Endocrinology,Diabetes,6146,0,0,0.0,0.0,18070.0,22988.768286620067,0.0,NO PROVIDER,100.0,37041|Endocrinology,0.0,0.0,False,1,0.1942794028685208
37041,North Carolina,Oncology,Cancer,895,0,0,0.0,0.0,2055.6666666666665,2642.926682217817,0.0,NO PROVIDER,100.0,37041|Oncology,0.0,0.0,False,1,0.1942794028685208
37041,North Carolina,Neurology,Neurological Disorders,523,0,0,0.0,0.0,637.0,906.5174241117586,0.0,NO PROVIDER,100.0,37041|Neurology,0.0,0.0,False,1,0.1942794028685208
37041,North Carolina,Psychiatry,Mental Health Disorders,2725,1,0,0.0,2725.0,3104.5,4291.15957060345,0.8777580930906749,MODERATE GAP,4.78,37041|Psychiatry,0.3669724770642202,0.0,False,1,0.023394600075404726
37041,North Carolina,Pulmonary,Respiratory Disease,2313,0,0,0.0,0.0,4251.578947368421,5741.879971570142,0.0,NO PROVIDER,100.0,37041|Pulmonary,0.0,0.0,False,1,0.1942794028685208
37041,North Carolina,Rheumatology,Arthritis,3337,0,0,0.0,0.0,10453.0,13315.598760659872,0.0,NO PROVIDER,100.0,37041|Rheumatology,0.0,0.0,False,1,0.1942794028685208
37043,North Carolina,Cardiology,Heart Disease,8377,0,0,0.0,0.0,10823.136363636364,15071.056217261126,0.0,NO PROVIDER,100.0,37043|Cardiology,0.0,0.0,False,1,0.1942794028685208
37043,North Carolina,Endocrinology,Diabetes,4752,0,0,0.0,0.0,18070.0,22988.768286620067,0.0,NO PROVIDER,100.0,37043|Endocrinology,0.0,0.0,False,1,0.1942794028685208
37043,North Carolina,Oncology,Cancer,1017,0,0,0.0,0.0,2055.6666666666665,2642.926682217817,0.0,NO PROVIDER,100.0,37043|Oncology,0.0,0.0,False,1,0.1942794028685208
37043,North Carolina,Neurology,Neurological Disorders,393,0,0,0.0,0.0,637.0,906.5174241117586,0.0,NO PROVIDER,100.0,37043|Neurology,0.0,0.0,False,1,0.1942794028685208
37043,North Carolina,Psychiatry,Mental Health Disorders,2648,1,22,23.0,2648.0,3104.5,4291.15957060345,0.8529553873409567,MODERATE GAP,4.64,37043|Psychiatry,0.3776435045317221,1.0,False,1,0.06625073307301865
37043,North Carolina,Pulmonary,Respiratory Disease,1923,0,0,0.0,0.0,4251.578947368421,5741.879971570142,0.0,NO PROVIDER,100.0,37043|Pulmonary,0.0,0.0,False,1,0.1942794028685208
37043,North Carolina,Rheumatology,Arthritis,3051,0,0,0.0,0.0,10453.0,13315.598760659872,0.0,NO PROVIDER,100.0,37043|Rheumatology,0.0,0.0,False,1,0.1942794028685208
37045,North Carolina,Cardiology,Heart Disease,63744,2,3288,14912.0,31872.0,10823.136363636364,15071.056217261126,2.944802590410274,CRITICAL GAP,16.03,37045|Cardiology,0.03137550200803212,4.533900881726969,False,1,0.10302621203693996
37045,North Carolina,Endocrinology,Diabetes,40184,2,239,528.0,20092.0,18070.0,22988.768286620067,1.1118981737686773,HIGH GAP,6.05,37045|Endocrinology,0.04977105315548477,2.2,False,1,0.12639622253852478
37045,North Carolina,Oncology,Cancer,6106,1,63,69.0,6106.0,2055.6666666666665,2642.926682217817,2.970325928328198,CRITICAL GAP,16.17,37045|Oncology,0.16377333770062233,1.078125,False,1,0.08714688901637813
37045,North Carolina,Neurology,Neurological Disorders,3152,0,0,0.0,0.0,637.0,906.5174241117586,0.0,NO PROVIDER,100.0,37045|Neurology,0.0,0.0,False,1,0.1942794028685208
37045,North Carolina,Psychiatry,Mental Health Disorders,20801,1,167,388.0,20801.0,3104.5,4291.15957060345,6.700273796102432,CRITICAL GAP,36.48,37045|Psychiatry,0.048074611797509735,2.3095238095238093,False,1,0.1296028895064259
37045,North Carolina,Pulmonary,Respiratory Disease,15680,1,12,27.0,15680.0,4251.578947368421,5741.879971570142,3.688041594454073,CRITICAL GAP,20.08,37045|Pulmonary,0.06377551020408163,2.076923076923077,False,1,0.12980706210149395
37045,North Carolina,Rheumatology,Arthritis,22180,0,0,0.0,0.0,10453.0,13315.598760659872,0.0,NO PROVIDER,100.0,37045|Rheumatology,0.0,0.0,False,1,0.1942794028685208
37047,North Carolina,Cardiology,Heart Disease,33728,0,0,0.0,0.0,10823.136363636364,15071.056217261126,0.0,NO PROVIDER,100.0,37047|Cardiology,0.0,0.0,False,1,0.1942794028685208
37047,North Carolina,Endocrinology,Diabetes,22015,1,24,37.0,22015.0,18070.0,22988.768286620067,1.2183176535694522,HIGH GAP,6.63,37047|Endocrinology,0.04542357483533954,1.48,False,1,0.09247148130208083
37047,North Carolina,Oncology,Cancer,2963,1,288,710.0,2963.0,2055.6666666666665,2642.926682217817,1.4413815469434086,HIGH GAP,7.85,37047|Oncology,0.3374957813027337,2.4567474048442905,False,1,0.12192360315144835
37047,North Carolina,Neurology,Neurological Disorders,1810,0,0,0.0,0.0,637.0,906.5174241117586,0.0,NO PROVIDER,100.0,37047|Neurology,0.0,0.0,False,1,0.1942794028685208
37047,North Carolina,Psychiatry,Mental Health Disorders,9924,1,0,0.0,9924.0,3104.5,4291.15957060345,3.19665002415848,CRITICAL GAP,17.4,37047|Psychiatry,0.10076582023377671,0.0,False,1,0.044737371474799614
37047,North Carolina,Pulmonary,Respiratory Disease,8352,0,0,0.0,0.0,4251.578947368421,5741.879971570142,0.0,NO PROVIDER,100.0,37047|Pulmonary,0.0,0.0,False,1,0.1942794028685208
37047,North Carolina,Rheumatology,Arthritis,11614,0,0,0.0,0.0,10453.0,13315.598760659872,0.0,NO PROVIDER,100.0,37047|Rheumatology,0.0,0.0,False,1,0.1942794028685208
37049,North Carolina,Cardiology,Heart Disease,62281,10,12870,61112.0,6228.1,10823.136363636364,15071.056217261126,0.5754431793842316,MODERATE GAP,3.13,37049|Cardiology,0.16056261139031164,4.748038225468107,False,1,0.15400500681667612
37049,North Carolina,Endocrinology,Diabetes,39289,1,1639,27395.0,39289.0,18070.0,22988.768286620067,2.174266740453791,CRITICAL GAP,11.84,37049|Endocrinology,0.025452416706966328,16.704268292682926,False,1,0.033437738082889856
37049,North Carolina,Oncology,Cancer,6293,0,0,0.0,0.0,2055.6666666666665,2642.926682217817,0.0,NO PROVIDER,100.0,37049|Oncology,0.0,0.0,False,1,0.1942794028685208
37049,North Carolina,Neurology,Neurological Disorders,2904,3,1118,40739.0,968.0,637.0,906.5174241117586,1.5196232339089482,HIGH GAP,8.27,37049|Neurology,1.0330578512396695,36.40661304736372,True,-1,-0.020672610142210668
37049,North Carolina,Psychiatry,Mental Health Disorders,20007,4,373,2068.0,5001.75,3104.5,4291.15957060345,1.6111290062812047,HIGH GAP,8.77,37049|Psychiatry,0.199930024491428,5.529411764705882,False,1,0.14039492600698833
37049,North Carolina,Pulmonary,Respiratory Disease,14683,2,1922,27414.0,7341.5,4251.578947368421,5741.879971570142,1.7267702401584553,HIGH GAP,9.4,37049|Pulmonary,0.1362119457876456,14.25585023400936,False,1,0.09396364264891544
37049,North Carolina,Rheumatology,Arthritis,21863,2,1808,47061.0,10931.5,10453.0,13315.598760659872,1.0457763321534488,HIGH GAP,5.69,37049|Rheumatology,0.09147875405936971,26.01492537313433,False,1,0.06821512812642849
37051,North Carolina,Cardiology,Heart Disease,191743,17,10530,49191.0,11279.0,10823.136363636364,15071.056217261126,1.042119365500674,HIGH GAP,5.67,37051|Cardiology,0.08866034222892101,4.671066375462919,False,1,0.15454664266699175
37051,North Carolina,Endocrinology,Diabetes,133892,4,1736,10023.0,33473.0,18070.0,22988.768286620067,1.8524073049252905,HIGH GAP,10.09,37051|Endocrinology,0.029874824485406147,5.770293609671848,False,1,0.08457700924124067
37051,North Carolina,Oncology,Cancer,15158,5,954,39610.0,3031.6,2055.6666666666665,2642.926682217817,1.4747527160694016,HIGH GAP,8.03,37051|Oncology,0.32985882042485815,41.47643979057592,False,1,0.036287323915767056
37051,North Carolina,Neurology,Neurological Disorders,9221,14,2643,55292.0,658.6428571428571,637.0,906.5174241117586,1.0339762278537787,HIGH GAP,5.63,37051|Neurology,1.518273506127318,20.912254160363087,True,-1,-0.022623400159377693
37051,North Carolina,Psychiatry,Mental Health Disorders,62904,20,1079,3344.0,3145.2,3104.5,4291.15957060345,1.0131100016105652,HIGH GAP,5.52,37051|Psychiatry,0.31794480478188986,3.096296296296296,False,1,0.1297399928789147
37051,North Carolina,Pulmonary,Respiratory Disease,45473,6,1886,18076.0,7578.833333333333,4251.578947368421,5741.879971570142,1.782592638441859,HIGH GAP,9.71,37051|Pulmonary,0.1319464297495217,9.579226285108637,False,1,0.11363335900262944
37051,North Carolina,Rheumatology,Arthritis,64420,2,718,229758.0,32210.0,10453.0,13315.598760659872,3.081412034822539,CRITICAL GAP,16.78,37051|Rheumatology,0.03104625892579944,319.5521557719054,True,-1,-0.04129425723763758
37053,North Carolina,Cardiology,Heart Disease,17725,0,0,0.0,0.0,10823.136363636364,15071.056217261126,0.0,NO PROVIDER,100.0,37053|Cardiology,0.0,0.0,False,1,0.1942794028685208
37053,North Carolina,Endocrinology,Diabetes,10759,0,0,0.0,0.0,18070.0,22988.768286620067,0.0,NO PROVIDER,100.0,37053|Endocrinology,0.0,0.0,False,1,0.1942794028685208
37053,North Carolina,Oncology,Cancer,2019,0,0,0.0,0.0,2055.6666666666665,2642.926682217817,0.0,NO PROVIDER,100.0,37053|Oncology,0.0,0.0,False,1,0.1942794028685208
37053,North Carolina,Neurology,Neurological Disorders,726,0,0,0.0,0.0,637.0,906.5174241117586,0.0,NO PROVIDER,100.0,37053|Neurology,0.0,0.0,False,1,0.1942794028685208
37053,North Carolina,Psychiatry,Mental Health Disorders,6216,0,0,0.0,0.0,3104.5,4291.15957060345,0.0,NO PROVIDER,100.0,37053|Psychiatry,0.0,0.0,False,1,0.1942794028685208
37053,North Carolina,Pulmonary,Respiratory Disease,4062,0,0,0.0,0.0,4251.578947368421,5741.879971570142,0.0,NO PROVIDER,100.0,37053|Pulmonary,0.0,0.0,False,1,0.1942794028685208
37053,North Carolina,Rheumatology,Arthritis,6302,1,700,2224.0,6302.0,10453.0,13315.598760659872,0.6028891227398833,MODERATE GAP,3.28,37053|Rheumatology,0.15867978419549347,3.172610556348074,False,1,0.15774691596416895
37055,North Carolina,Cardiology,Heart Disease,23504,0,0,0.0,0.0,10823.136363636364,15071.056217261126,0.0,NO PROVIDER,100.0,37055|Cardiology,0.0,0.0,False,1,0.1942794028685208
37055,North Carolina,Endocrinology,Diabetes,12893,0,0,0.0,0.0,18070.0,22988.768286620067,0.0,NO PROVIDER,100.0,37055|Endocrinology,0.0,0.0,False,1,0.1942794028685208
37055,North Carolina,Oncology,Cancer,2928,2,330,683.0,1464.0,2055.6666666666665,2642.926682217817,0.7121777201232367,MODERATE GAP,3.88,37055|Oncology,0.6830601092896175,2.0634441087613293,False,1,0.05809891563053737
37055,North Carolina,Neurology,Neurological Disorders,945,0,0,0.0,0.0,637.0,906.5174241117586,0.0,NO PROVIDER,100.0,37055|Neurology,0.0,0.0,False,1,0.1942794028685208
37055,North Carolina,Psychiatry,Mental Health Disorders,7887,0,0,0.0,0.0,3104.5,4291.15957060345,0.0,NO PROVIDER,100.0,37055|Psychiatry,0.0,0.0,False,1,0.1942794028685208
37055,North Carolina,Pulmonary,Respiratory Disease,5101,0,0,0.0,0.0,4251.578947368421,5741.879971570142,0.0,NO PROVIDER,100.0,37055|Pulmonary,0.0,0.0,False,1,0.1942794028685208
37055,North Carolina,Rheumatology,Arthritis,8328,0,0,0.0,0.0,10453.0,13315.598760659872,0.0,NO PROVIDER,100.0,37055|Rheumatology,0.0,0.0,False,1,0.1942794028685208
37057,North Carolina,Cardiology,Heart Disease,105826,3,274,378.0,35275.333333333336,10823.136363636364,15071.056217261126,3.2592524152104008,CRITICAL GAP,17.75,37057|Cardiology,0.028348420992950693,1.3745454545454545,False,1,0.05335357482100367
37057,North Carolina,Endocrinology,Diabetes,65377,1,138,367.0,65377.0,18070.0,22988.768286620067,3.6179856115107913,CRITICAL GAP,19.7,37057|Endocrinology,0.015295899169432676,2.6402877697841727,False,1,0.030173461352667186
37057,North Carolina,Oncology,Cancer,11056,5,777,4089.0,2211.2,2055.6666666666665,2642.926682217817,1.075660775093238,HIGH GAP,5.86,37057|Oncology,0.45224312590448623,5.255784061696658,False,1,0.11167083174341652
37057,North Carolina,Neurology,Neurological Disorders,5082,1,183,222.0,5082.0,637.0,906.5174241117586,7.978021978021978,CRITICAL GAP,43.44,37057|Neurology,0.1967729240456513,1.2065217391304348,False,1,0.08898573142969668
37057,North Carolina,Psychiatry,Mental Health Disorders,35916,11,382,1264.0,3265.090909090909,3104.5,4291.15957060345,1.0517284294059943,HIGH GAP,5.73,37057|Psychiatry,0.3062701859895311,3.300261096605744,False,1,0.1289611153795283
37057,North Carolina,Pulmonary,Respiratory Disease,26096,3,545,824.0,8698.666666666666,4251.578947368421,5741.879971570142,2.045984979780474,CRITICAL GAP,11.14,37057|Pulmonary,0.11496014714898835,1.5091575091575091,False,1,0.11955104912201048
37057,North Carolina,Rheumatology,Arthritis,37701,0,0,0.0,0.0,10453.0,13315.598760659872,0.0,NO PROVIDER,100.0,37057|Rheumatology,0.0,0.0,False,1,0.1942794028685208
37059,North Carolina,Cardiology,Heart Disease,27212,1,1782,2929.0,27212.0,10823.136363636364,15071.056217261126,2.514243476727045,CRITICAL GAP,13.69,37059|Cardiology,0.03674849331177422,1.6427369601794728,False,1,0.08230909860153246
37059,North Carolina,Endocrinology,Diabetes,15580,0,0,0.0,0.0,18070.0,22988.768286620067,0.0,NO PROVIDER,100.0,37059|Endocrinology,0.0,0.0,False,1,0.1942794028685208
37059,North Carolina,Oncology,Cancer,3045,0,0,0.0,0.0,2055.6666666666665,2642.926682217817,0.0,NO PROVIDER,100.0,37059|Oncology,0.0,0.0,False,1,0.1942794028685208
37059,North Carolina,Neurology,Neurological Disorders,1204,3,1006,2364.0,401.3333333333333,637.0,906.5174241117586,0.63003663003663,MODERATE GAP,3.43,37059|Neurology,2.491694352159468,2.3475670307845085,True,-1,-0.051249411715661664
37059,North Carolina,Psychiatry,Mental Health Disorders,9082,0,0,0.0,0.0,3104.5,4291.15957060345,0.0,NO PROVIDER,100.0,37059|Psychiatry,0.0,0.0,False,1,0.1942794028685208
37059,North Carolina,Pulmonary,Respiratory Disease,6197,0,0,0.0,0.0,4251.578947368421,5741.879971570142,0.0,NO PROVIDER,100.0,37059|Pulmonary,0.0,0.0,False,1,0.1942794028685208
37059,North Carolina,Rheumatology,Arthritis,9808,0,0,0.0,0.0,10453.0,13315.598760659872,0.0,NO PROVIDER,100.0,37059|Rheumatology,0.0,0.0,False,1,0.1942794028685208
37061,North Carolina,Cardiology,Heart Disease,31183,0,0,0.0,0.0,10823.136363636364,15071.056217261126,0.0,NO PROVIDER,100.0,37061|Cardiology,0.0,0.0,False,1,0.1942794028685208
37061,North Carolina,Endocrinology,Diabetes,20198,0,0,0.0,0.0,18070.0,22988.768286620067,0.0,NO PROVIDER,100.0,37061|Endocrinology,0.0,0.0,False,1,0.1942794028685208
37061,North Carolina,Oncology,Cancer,2732,1,144,391.0,2732.0,2055.6666666666665,2642.926682217817,1.3290092427436355,HIGH GAP,7.24,37061|Oncology,0.36603221083455345,2.696551724137931,False,1,0.12327406293753679
37061,North Carolina,Neurology,Neurological Disorders,1658,0,0,0.0,0.0,637.0,906.5174241117586,0.0,NO PROVIDER,100.0,37061|Neurology,0.0,0.0,False,1,0.1942794028685208
37061,North Carolina,Psychiatry,Mental Health Disorders,9006,2,146,766.0,4503.0,3104.5,4291.15957060345,1.4504751167659848,HIGH GAP,7.9,37061|Psychiatry,0.22207417277370642,5.210884353741497,False,1,0.1312791674078838
37061,North Carolina,Pulmonary,Respiratory Disease,7442,0,0,0.0,0.0,4251.578947368421,5741.879971570142,0.0,NO PROVIDER,100.0,37061|Pulmonary,0.0,0.0,False,1,0.1942794028685208
37061,North Carolina,Rheumatology,Arthritis,10476,0,0,0.0,0.0,10453.0,13315.598760659872,0.0,NO PROVIDER,100.0,37061|Rheumatology,0.0,0.0,False,1,0.1942794028685208
37063,North Carolina,Cardiology,Heart Disease,188256,42,27315,76010.0,4482.285714285715,10823.136363636364,15071.056217261126,0.414139262750613,LOW GAP,2.25,37063|Cardiology,0.22310045894951555,2.782618245716796,False,1,0.13376430932465816
37063,North Carolina,Endocrinology,Diabetes,126906,12,1796,4230.0,10575.5,18070.0,22988.768286620067,0.5852517985611511,MODERATE GAP,3.19,37063|Endocrinology,0.09455817691834902,2.353923205342237,False,1,0.1518777113964816
37063,North Carolina,Oncology,Cancer,16966,24,2596,10123.0,706.9166666666666,2055.6666666666665,2642.926682217817,0.3438868169288147,LOW GAP,1.87,37063|Oncology,1.4145938936696922,3.8979591836734695,False,1,0.01796702840570763
37063,North Carolina,Neurology,Neurological Disorders,8144,56,10917,152079.0,145.42857142857142,637.0,906.5174241117586,0.2283023099349629,LOW GAP,1.24,37063|Neurology,6.8762278978389,13.929199487085548,True,-1,-0.1235788160192427
37063,North Carolina,Psychiatry,Mental Health Disorders,62028,64,3298,15101.0,969.1875,3104.5,4291.15957060345,0.312187952971493,LOW GAP,1.7,37063|Psychiatry,1.0317920938930805,4.5774477114277055,False,1,0.03692805786120168
37063,North Carolina,Pulmonary,Respiratory Disease,43026,28,7715,20126.0,1536.642857142857,4251.578947368421,5741.879971570142,0.3614287482757401,LOW GAP,1.97,37063|Pulmonary,0.6507693022823409,2.608346293416278,False,1,0.08097747846843206
37063,North Carolina,Rheumatology,Arthritis,58906,20,1922,51119.0,2945.3,10453.0,13315.598760659872,0.2817660001913326,LOW GAP,1.53,37063|Rheumatology,0.3395239873697077,26.58294331773271,False,1,0.05230500060338261
37065,North Carolina,Cardiology,Heart Disease,32550,5,4207,9880.0,6510.0,10823.136363636364,15071.056217261126,0.6014892339222793,MODERATE GAP,3.27,37065|Cardiology,0.15360983102918588,2.3479087452471483,False,1,0.14897691675774222
37065,North Carolina,Endocrinology,Diabetes,22535,0,0,0.0,0.0,18070.0,22988.768286620067,0.0,NO PROVIDER,100.0,37065|Endocrinology,0.0,0.0,False,1,0.1942794028685208
37065,North Carolina,Oncology,Cancer,2466,0,0,0.0,0.0,2055.6666666666665,2642.926682217817,0.0,NO PROVIDER,100.0,37065|Oncology,0.0,0.0,False,1,0.1942794028685208
37065,North Carolina,Neurology,Neurological Disorders,1920,3,1259,2769.0,640.0,637.0,906.5174241117586,1.0047095761381477,HIGH GAP,5.47,37065|Neurology,1.5625,2.197619047619048,True,-1,-2.277062754707515e-05
37065,North Carolina,Psychiatry,Mental Health Disorders,8773,1,33,117.0,8773.0,3104.5,4291.15957060345,2.825897890159446,CRITICAL GAP,15.39,37065|Psychiatry,0.11398609369656902,3.4411764705882355,False,1,0.15964579657402245
37065,North Carolina,Pulmonary,Respiratory Disease,8115,1,528,1853.0,8115.0,4251.578947368421,5741.879971570142,1.908702649170587,HIGH GAP,10.39,37065|Pulmonary,0.12322858903265557,3.502835538752363,False,1,0.15915202750848811
37065,North Carolina,Rheumatology,Arthritis,11164,0,0,0.0,0.0,10453.0,13315.598760659872,0.0,NO PROVIDER,100.0,37065|Rheumatology,0.0,0.0,False,1,0.1942794028685208
37067,North Carolina,Cardiology,Heart Disease,222901,9,8490,18062.0,24766.777777777777,10823.136363636364,15071.056217261126,2.2883180018861577,CRITICAL GAP,12.46,37067|Cardiology,0.04037666946312488,2.12719349899894,False,1,0.11450310718459705
37067,North Carolina,Endocrinology,Diabetes,161763,13,2708,9146.0,12443.307692307691,18070.0,22988.768286620067,0.6886169171171937,MODERATE GAP,3.75,37067|Endocrinology,0.0803644838436478,3.376153562200074,False,1,0.15153493557962777
37067,North Carolina,Oncology,Cancer,21802,10,1555,5014.0,2180.2,2055.6666666666665,2642.926682217817,1.060580509161667,HIGH GAP,5.77,37067|Oncology,0.45867351619117513,3.2223650385604112,False,1,0.11703619074544591
37067,North Carolina,Neurology,Neurological Disorders,10520,50,8543,120027.0,210.4,637.0,906.5174241117586,0.330298273155416,LOW GAP,1.8,37067|Neurology,4.752851711026616,14.04810393258427,True,-1,-0.10383055991924894
37067,North Carolina,Psychiatry,Mental Health Disorders,72267,49,2091,10667.0,1474.8367346938776,3104.5,4291.15957060345,0.4750641760972387,LOW GAP,2.59,37067|Psychiatry,0.6780411529467115,5.098948374760994,False,1,0.07492849320295292
37067,North Carolina,Pulmonary,Respiratory Disease,53972,7,3115,53500.0,7710.285714285715,4251.578947368421,5741.879971570142,1.81351112368691,HIGH GAP,9.87,37067|Pulmonary,0.12969687986363299,17.169448010269576,False,1,0.08540953098966131
37067,North Carolina,Rheumatology,Arthritis,75164,8,1677,37824.0,9395.5,10453.0,13315.598760659872,0.8988328709461398,MODERATE GAP,4.89,37067|Rheumatology,0.10643393113724656,22.541120381406436,False,1,0.07442139416831173
37069,North Carolina,Cardiology,Heart Disease,46335,1,1287,4017.0,46335.0,10823.136363636364,15071.056217261126,4.281106552041292,CRITICAL GAP,23.31,37069|Cardiology,0.021581957483543756,3.1187888198757765,False,1,0.06605672684176678
37069,North Carolina,Endocrinology,Diabetes,30327,0,0,0.0,0.0,18070.0,22988.768286620067,0.0,NO PROVIDER,100.0,37069|Endocrinology,0.0,0.0,False,1,0.1942794028685208
37069,North Carolina,Oncology,Cancer,4401,0,0,0.0,0.0,2055.6666666666665,2642.926682217817,0.0,NO PROVIDER,100.0,37069|Oncology,0.0,0.0,False,1,0.1942794028685208
37069,North Carolina,Neurology,Neurological Disorders,2171,4,603,1443.0,542.75,637.0,906.5174241117586,0.8520408163265306,MODERATE GAP,4.64,37069|Neurology,1.842468908337172,2.3890728476821192,True,-1,-0.01247232721902325
37069,North Carolina,Psychiatry,Mental Health Disorders,14983,3,142,633.0,4994.333333333333,3104.5,4291.15957060345,1.60874000107371,HIGH GAP,8.76,37069|Psychiatry,0.20022692384702662,4.426573426573427,False,1,0.1448214930117172
37069,North Carolina,Pulmonary,Respiratory Disease,10852,0,0,0.0,0.0,4251.578947368421,5741.879971570142,0.0,NO PROVIDER,100.0,37069|Pulmonary,0.0,0.0,False,1,0.1942794028685208
37069,North Carolina,Rheumatology,Arthritis,16008,1,52,150.0,16008.0,10453.0,13315.598760659872,1.5314263847699223,HIGH GAP,8.34,37069|Rheumatology,0.062468765617191405,2.830188679245283,False,1,0.14757611478550087
37071,North Carolina,Cardiology,Heart Disease,139832,12,7462,17250.0,11652.666666666666,10823.136363636364,15071.056217261126,1.0766441699669758,HIGH GAP,5.86,37071|Cardiology,0.08581726643400653,2.3114029210773146,False,1,0.14618159728694863
37071,North Carolina,Endocrinology,Diabetes,87661,4,1207,10869.0,21915.25,18070.0,22988.768286620067,1.212797454344217,HIGH GAP,6.6,37071|Endocrinology,0.045630325914602844,8.99751655629139,False,1,0.10136958189123935
37071,North Carolina,Oncology,Cancer,13734,5,957,3386.0,2746.8,2055.6666666666665,2642.926682217817,1.3362088535754826,HIGH GAP,7.28,37071|Oncology,0.36405999708752007,3.534446764091858,False,1,0.12557278789374382
37071,North Carolina,Neurology,Neurological Disorders,6360,14,2896,26333.0,454.2857142857143,637.0,906.5174241117586,0.7131643866337743,MODERATE GAP,3.88,37071|Neurology,2.20125786163522,9.089748015188126,True,-1,-0.039841763936152574
37071,North Carolina,Psychiatry,Mental Health Disorders,47195,9,633,1930.0,5243.888888888889,3104.5,4291.15957060345,1.6891251051341245,HIGH GAP,9.2,37071|Psychiatry,0.19069816717872656,3.0441640378548898,False,1,0.14913222614306032
37071,North Carolina,Pulmonary,Respiratory Disease,33736,11,3111,11068.0,3066.909090909091,4251.578947368421,5741.879971570142,0.7213576717909475,MODERATE GAP,3.93,37071|Pulmonary,0.32606118093431347,3.556555269922879,False,1,0.12778708378911946
37071,North Carolina,Rheumatology,Arthritis,48946,5,739,90994.0,9789.2,10453.0,13315.598760659872,0.936496699512102,MODERATE GAP,5.1,37071|Rheumatology,0.10215339353573326,122.96486486486486,False,1,0.0335703806110309
37073,North Carolina,Cardiology,Heart Disease,6983,0,0,0.0,0.0,10823.136363636364,15071.056217261126,0.0,NO PROVIDER,100.0,37073|Cardiology,0.0,0.0,False,1,0.1942794028685208
37073,North Carolina,Endocrinology,Diabetes,4391,0,0,0.0,0.0,18070.0,22988.768286620067,0.0,NO PROVIDER,100.0,37073|Endocrinology,0.0,0.0,False,1,0.1942794028685208
37073,North Carolina,Oncology,Cancer,644,0,0,0.0,0.0,2055.6666666666665,2642.926682217817,0.0,NO PROVIDER,100.0,37073|Oncology,0.0,0.0,False,1,0.1942794028685208
37073,North Carolina,Neurology,Neurological Disorders,368,0,0,0.0,0.0,637.0,906.5174241117586,0.0,NO PROVIDER,100.0,37073|Neurology,0.0,0.0,False,1,0.1942794028685208
37073,North Carolina,Psychiatry,Mental Health Disorders,2103,0,0,0.0,0.0,3104.5,4291.15957060345,0.0,NO PROVIDER,100.0,37073|Psychiatry,0.0,0.0,False,1,0.1942794028685208
37073,North Carolina,Pulmonary,Respiratory Disease,1668,0,0,0.0,0.0,4251.578947368421,5741.879971570142,0.0,NO PROVIDER,100.0,37073|Pulmonary,0.0,0.0,False,1,0.1942794028685208
37073,North Carolina,Rheumatology,Arthritis,2475,0,0,0.0,0.0,10453.0,13315.598760659872,0.0,NO PROVIDER,100.0,37073|Rheumatology,0.0,0.0,False,1,0.1942794028685208
37075,North Carolina,Cardiology,Heart Disease,5184,0,0,0.0,0.0,10823.136363636364,15071.056217261126,0.0,NO PROVIDER,100.0,37075|Cardiology,0.0,0.0,False,1,0.1942794028685208
37075,North Carolina,Endocrinology,Diabetes,3047,0,0,0.0,0.0,18070.0,22988.768286620067,0.0,NO PROVIDER,100.0,37075|Endocrinology,0.0,0.0,False,1,0.1942794028685208
37075,North Carolina,Oncology,Cancer,580,0,0,0.0,0.0,2055.6666666666665,2642.926682217817,0.0,NO PROVIDER,100.0,37075|Oncology,0.0,0.0,False,1,0.1942794028685208
37075,North Carolina,Neurology,Neurological Disorders,241,0,0,0.0,0.0,637.0,906.5174241117586,0.0,NO PROVIDER,100.0,37075|Neurology,0.0,0.0,False,1,0.1942794028685208
37075,North Carolina,Psychiatry,Mental Health Disorders,1724,0,0,0.0,0.0,3104.5,4291.15957060345,0.0,NO PROVIDER,100.0,37075|Psychiatry,0.0,0.0,False,1,0.1942794028685208
37075,North Carolina,Pulmonary,Respiratory Disease,1251,0,0,0.0,0.0,4251.578947368421,5741.879971570142,0.0,NO PROVIDER,100.0,37075|Pulmonary,0.0,0.0,False,1,0.1942794028685208
37075,North Carolina,Rheumatology,Arthritis,1874,0,0,0.0,0.0,10453.0,13315.598760659872,0.0,NO PROVIDER,100.0,37075|Rheumatology,0.0,0.0,False,1,0.1942794028685208
37077,North Carolina,Cardiology,Heart Disease,39417,2,1163,6184.0,19708.5,10823.136363636364,15071.056217261126,1.8209601485034164,HIGH GAP,9.91,37077|Cardiology,0.05073952862977903,5.312714776632302,False,1,0.1296209332151278
37077,North Carolina,Endocrinology,Diabetes,24047,0,0,0.0,0.0,18070.0,22988.768286620067,0.0,NO PROVIDER,100.0,37077|Endocrinology,0.0,0.0,False,1,0.1942794028685208
37077,North Carolina,Oncology,Cancer,3520,0,0,0.0,0.0,2055.6666666666665,2642.926682217817,0.0,NO PROVIDER,100.0,37077|Oncology,0.0,0.0,False,1,0.1942794028685208
37077,North Carolina,Neurology,Neurological Disorders,1909,0,0,0.0,0.0,637.0,906.5174241117586,0.0,NO PROVIDER,100.0,37077|Neurology,0.0,0.0,False,1,0.1942794028685208
37077,North Carolina,Psychiatry,Mental Health Disorders,11800,2,59,726.0,5900.0,3104.5,4291.15957060345,1.9004670639394428,HIGH GAP,10.35,37077|Psychiatry,0.16949152542372883,12.1,False,1,0.10066976399823824
37077,North Carolina,Pulmonary,Respiratory Disease,9247,0,0,0.0,0.0,4251.578947368421,5741.879971570142,0.0,NO PROVIDER,100.0,37077|Pulmonary,0.0,0.0,False,1,0.1942794028685208
37077,North Carolina,Rheumatology,Arthritis,13040,0,0,0.0,0.0,10453.0,13315.598760659872,0.0,NO PROVIDER,100.0,37077|Rheumatology,0.0,0.0,False,1,0.1942794028685208
37079,North Carolina,Cardiology,Heart Disease,13960,0,0,0.0,0.0,10823.136363636364,15071.056217261126,0.0,NO PROVIDER,100.0,37079|Cardiology,0.0,0.0,False,1,0.1942794028685208
37079,North Carolina,Endocrinology,Diabetes,9654,0,0,0.0,0.0,18070.0,22988.768286620067,0.0,NO PROVIDER,100.0,37079|Endocrinology,0.0,0.0,False,1,0.1942794028685208
37079,North Carolina,Oncology,Cancer,1076,0,0,0.0,0.0,2055.6666666666665,2642.926682217817,0.0,NO PROVIDER,100.0,37079|Oncology,0.0,0.0,False,1,0.1942794028685208
37079,North Carolina,Neurology,Neurological Disorders,776,0,0,0.0,0.0,637.0,906.5174241117586,0.0,NO PROVIDER,100.0,37079|Neurology,0.0,0.0,False,1,0.1942794028685208
37079,North Carolina,Psychiatry,Mental Health Disorders,3930,0,0,0.0,0.0,3104.5,4291.15957060345,0.0,NO PROVIDER,100.0,37079|Psychiatry,0.0,0.0,False,1,0.1942794028685208
37079,North Carolina,Pulmonary,Respiratory Disease,3396,0,0,0.0,0.0,4251.578947368421,5741.879971570142,0.0,NO PROVIDER,100.0,37079|Pulmonary,0.0,0.0,False,1,0.1942794028685208
37079,North Carolina,Rheumatology,Arthritis,4623,0,0,0.0,0.0,10453.0,13315.598760659872,0.0,NO PROVIDER,100.0,37079|Rheumatology,0.0,0.0,False,1,0.1942794028685208
37081,North Carolina,Cardiology,Heart Disease,320819,63,33120,75968.0,5092.36507936508,10823.136363636364,15071.056217261126,0.4705073380091964,LOW GAP,2.56,37081|Cardiology,0.196372409364782,2.2936505540291656,False,1,0.13668461057599063
37081,North Carolina,Endocrinology,Diabetes,215026,11,2112,26235.0,19547.81818181818,18070.0,22988.768286620067,1.0817829652362023,HIGH GAP,5.89,37081|Endocrinology,0.051156604317617406,12.415996213913866,False,1,0.0931494383174043
37081,North Carolina,Oncology,Cancer,28814,9,1930,5820.0,3201.555555555556,2055.6666666666665,2642.926682217817,1.5574293281444247,HIGH GAP,8.48,37081|Oncology,0.3123481640869022,3.013982392542724,False,1,0.12805561189884396
37081,North Carolina,Neurology,Neurological Disorders,14837,31,4773,134656.0,478.61290322580646,637.0,906.5174241117586,0.7513546361472629,MODERATE GAP,4.09,37081|Neurology,2.0893711666779,28.20611646418098,True,-1,-0.05696157352711406
37081,North Carolina,Psychiatry,Mental Health Disorders,104718,32,999,4579.0,3272.4375,3104.5,4291.15957060345,1.0540948622966662,HIGH GAP,5.74,37081|Psychiatry,0.3055826123493573,4.579,False,1,0.12265930273004089
37081,North Carolina,Pulmonary,Respiratory Disease,75044,23,3997,155970.0,3262.782608695652,4251.578947368421,5741.879971570142,0.7674284422532482,MODERATE GAP,4.18,37081|Pulmonary,0.3064868610415223,39.0120060030015,False,1,0.03462656391795982
37081,North Carolina,Rheumatology,Arthritis,109018,11,4961,668658.0,9910.727272727272,10453.0,13315.598760659872,0.9481227659741004,MODERATE GAP,5.16,37081|Rheumatology,0.1009007686804014,134.75574365175333,False,1,0.03654236498670849
37083,North Carolina,Cardiology,Heart Disease,33738,3,3048,8636.0,11246.0,10823.136363636364,15071.056217261126,1.0390703417342475,HIGH GAP,5.66,37083|Cardiology,0.08892050506846878,2.832404066907183,False,1,0.15276673549636088
37083,North Carolina,Endocrinology,Diabetes,22269,0,0,0.0,0.0,18070.0,22988.768286620067,0.0,NO PROVIDER,100.0,37083|Endocrinology,0.0,0.0,False,1,0.1942794028685208
37083,North Carolina,Oncology,Cancer,2509,1,194,508.0,2509.0,2055.6666666666665,2642.926682217817,1.2205286200745906,HIGH GAP,6.65,37083|Oncology,0.3985651654045437,2.605128205128205,False,1,0.11588071188785398
37083,North Carolina,Neurology,Neurological Disorders,2063,0,0,0.0,0.0,637.0,906.5174241117586,0.0,NO PROVIDER,100.0,37083|Neurology,0.0,0.0,False,1,0.1942794028685208
37083,North Carolina,Psychiatry,Mental Health Disorders,8625,1,147,1536.0,8625.0,3104.5,4291.15957060345,2.7782251570301177,CRITICAL GAP,15.13,37083|Psychiatry,0.11594202898550723,10.378378378378379,False,1,0.11176658618662372
37083,North Carolina,Pulmonary,Respiratory Disease,8458,1,237,1164.0,8458.0,4251.578947368421,5741.879971570142,1.9893785590492696,HIGH GAP,10.83,37083|Pulmonary,0.11823126034523528,4.890756302521009,False,1,0.1534010142740837
37083,North Carolina,Rheumatology,Arthritis,11506,0,0,0.0,0.0,10453.0,13315.598760659872,0.0,NO PROVIDER,100.0,37083|Rheumatology,0.0,0.0,False,1,0.1942794028685208
37085,North Carolina,Cardiology,Heart Disease,80698,0,0,0.0,0.0,10823.136363636364,15071.056217261126,0.0,NO PROVIDER,100.0,37085|Cardiology,0.0,0.0,False,1,0.1942794028685208
37085,North Carolina,Endocrinology,Diabetes,51031,0,0,0.0,0.0,18070.0,22988.768286620067,0.0,NO PROVIDER,100.0,37085|Endocrinology,0.0,0.0,False,1,0.1942794028685208
37085,North Carolina,Oncology,Cancer,7192,1,209,593.0,7192.0,2055.6666666666665,2642.926682217817,3.498621696124534,CRITICAL GAP,19.05,37085|Oncology,0.13904338153503892,2.823809523809524,False,1,0.1544660007050621
37085,North Carolina,Neurology,Neurological Disorders,3649,2,548,1248.0,1824.5,637.0,906.5174241117586,2.8642072213500787,CRITICAL GAP,15.59,37085|Neurology,0.5480953685941354,2.273224043715847,False,1,0.0934204867988544
37085,North Carolina,Psychiatry,Mental Health Disorders,27552,1,60,199.0,27552.0,3104.5,4291.15957060345,8.874859075535513,CRITICAL GAP,48.32,37085|Psychiatry,0.03629500580720093,3.262295081967213,False,1,0.120289691984092
37085,North Carolina,Pulmonary,Respiratory Disease,18932,0,0,0.0,0.0,4251.578947368421,5741.879971570142,0.0,NO PROVIDER,100.0,37085|Pulmonary,0.0,0.0,False,1,0.1942794028685208
37085,North Carolina,Rheumatology,Arthritis,27181,1,77,271.0,27181.0,10453.0,13315.598760659872,2.6003061322108487,CRITICAL GAP,14.16,37085|Rheumatology,0.03679040506235974,3.4743589743589745,False,1,0.12043849852341909
37087,North Carolina,Cardiology,Heart Disease,41058,4,3360,8145.0,10264.5,10823.136363636364,15071.056217261126,0.9483849833479624,MODERATE GAP,5.16,37087|Cardiology,0.09742315748453408,2.423385897054448,False,1,0.15408015525827107
37087,North Carolina,Endocrinology,Diabetes,22952,0,0,0.0,0.0,18070.0,22988.768286620067,0.0,NO PROVIDER,100.0,37087|Endocrinology,0.0,0.0,False,1,0.1942794028685208
37087,North Carolina,Oncology,Cancer,4768,2,366,1135.0,2384.0,2055.6666666666665,2642.926682217817,1.1597210961569646,HIGH GAP,6.31,37087|Oncology,0.41946308724832215,3.092643051771117,False,1,0.11902936999481112
37087,North Carolina,Neurology,Neurological Disorders,1824,0,0,0.0,0.0,637.0,906.5174241117586,0.0,NO PROVIDER,100.0,37087|Neurology,0.0,0.0,False,1,0.1942794028685208
37087,North Carolina,Psychiatry,Mental Health Disorders,14303,3,46,207.0,4767.666666666667,3104.5,4291.15957060345,1.535727707091856,HIGH GAP,8.36,37087|Psychiatry,0.2097462070894218,4.404255319148936,False,1,0.1394462566935577
37087,North Carolina,Pulmonary,Respiratory Disease,9561,1,437,1158.0,9561.0,4251.578947368421,5741.879971570142,2.248811587026492,CRITICAL GAP,12.24,37087|Pulmonary,0.10459156991946449,2.643835616438356,False,1,0.15519072181995086
37087,North Carolina,Rheumatology,Arthritis,14850,1,1105,2141.0,14850.0,10453.0,13315.598760659872,1.4206447909690998,HIGH GAP,7.74,37087|Rheumatology,0.06734006734006734,1.9358047016274864,False,1,0.12613234494988695
37089,North Carolina,Cardiology,Heart Disease,74842,7,6264,14144.0,10691.714285714286,10823.136363636364,15071.056217261126,0.9878573018479532,MODERATE GAP,5.38,37089|Cardiology,0.09353037064749739,2.2576217079010377,False,1,0.14796944163743497
37089,North Carolina,Endocrinology,Diabetes,40049,6,488,2795.0,6674.833333333333,18070.0,22988.768286620067,0.3693875668695812,LOW GAP,2.01,37089|Endocrinology,0.14981647481834753,5.715746421267894,False,1,0.14437726693376368
37089,North Carolina,Oncology,Cancer,8808,4,1488,4886.0,2202.0,2055.6666666666665,2642.926682217817,1.071185341332901,HIGH GAP,5.83,37089|Oncology,0.45413260672116257,3.2813969106783074,False,1,0.11935534096621053
37089,North Carolina,Neurology,Neurological Disorders,3358,5,1964,6505.0,671.6,637.0,906.5174241117586,1.0543171114599683,HIGH GAP,5.74,37089|Neurology,1.4889815366289458,3.3104325699745547,False,1,0.009987059747866511
37089,North Carolina,Psychiatry,Mental Health Disorders,24136,4,419,2619.0,6034.0,3104.5,4291.15957060345,1.943630214205186,HIGH GAP,10.58,37089|Psychiatry,0.16572754391779912,6.235714285714286,False,1,0.13750547925983858
37089,North Carolina,Pulmonary,Respiratory Disease,17081,8,2776,6730.0,2135.125,4251.578947368421,5741.879971570142,0.5021957786580837,MODERATE GAP,2.73,37089|Pulmonary,0.4683566535917101,2.42347857400072,False,1,0.10461920071550546
37089,North Carolina,Rheumatology,Arthritis,26813,6,1606,137683.0,4468.833333333333,10453.0,13315.598760659872,0.4275168213272106,LOW GAP,2.33,37089|Rheumatology,0.22377205087084623,85.67703795892969,False,1,0.017292582099558862
37091,North Carolina,Cardiology,Heart Disease,13913,0,0,0.0,0.0,10823.136363636364,15071.056217261126,0.0,NO PROVIDER,100.0,37091|Cardiology,0.0,0.0,False,1,0.1942794028685208
37091,North Carolina,Endocrinology,Diabetes,9409,0,0,0.0,0.0,18070.0,22988.768286620067,0.0,NO PROVIDER,100.0,37091|Endocrinology,0.0,0.0,False,1,0.1942794028685208
37091,North Carolina,Oncology,Cancer,1028,1,801,153165.0,1028.0,2055.6666666666665,2642.926682217817,0.5000810766985568,MODERATE GAP,2.72,37091|Oncology,0.9727626459143969,190.9788029925187,True,-1,-0.05351312700185629
37091,North Carolina,Neurology,Neurological Disorders,832,0,0,0.0,0.0,637.0,906.5174241117586,0.0,NO PROVIDER,100.0,37091|Neurology,0.0,0.0,False,1,0.1942794028685208
37091,North Carolina,Psychiatry,Mental Health Disorders,3649,1,199,1147.0,3649.0,3104.5,4291.15957060345,1.1753905620872926,HIGH GAP,6.4,37091|Psychiatry,0.2740476842970677,5.735,False,1,0.12529054545332252
37091,North Carolina,Pulmonary,Respiratory Disease,3390,0,0,0.0,0.0,4251.578947368421,5741.879971570142,0.0,NO PROVIDER,100.0,37091|Pulmonary,0.0,0.0,False,1,0.1942794028685208
37091,North Carolina,Rheumatology,Arthritis,4661,1,12,105.0,4661.0,10453.0,13315.598760659872,0.445900698364106,LOW GAP,2.43,37091|Rheumatology,0.21454623471358078,8.076923076923077,False,1,0.11510103742763195
37093,North Carolina,Cardiology,Heart Disease,30673,0,0,0.0,0.0,10823.136363636364,15071.056217261126,0.0,NO PROVIDER,100.0,37093|Cardiology,0.0,0.0,False,1,0.1942794028685208
37093,North Carolina,Endocrinology,Diabetes,20562,0,0,0.0,0.0,18070.0,22988.768286620067,0.0,NO PROVIDER,100.0,37093|Endocrinology,0.0,0.0,False,1,0.1942794028685208
37093,North Carolina,Oncology,Cancer,2294,0,0,0.0,0.0,2055.6666666666665,2642.926682217817,0.0,NO PROVIDER,100.0,37093|Oncology,0.0,0.0,False,1,0.1942794028685208
37093,North Carolina,Neurology,Neurological Disorders,1536,0,0,0.0,0.0,637.0,906.5174241117586,0.0,NO PROVIDER,100.0,37093|Neurology,0.0,0.0,False,1,0.1942794028685208
37093,North Carolina,Psychiatry,Mental Health Disorders,9793,2,66,75.0,4896.5,3104.5,4291.15957060345,1.5772266065388951,HIGH GAP,8.59,37093|Psychiatry,0.20422750944552232,1.1194029850746268,False,1,0.08732169072067886
37093,North Carolina,Pulmonary,Respiratory Disease,7419,0,0,0.0,0.0,4251.578947368421,5741.879971570142,0.0,NO PROVIDER,100.0,37093|Pulmonary,0.0,0.0,False,1,0.1942794028685208
37093,North Carolina,Rheumatology,Arthritis,10411,0,0,0.0,0.0,10453.0,13315.598760659872,0.0,NO PROVIDER,100.0,37093|Rheumatology,0.0,0.0,False,1,0.1942794028685208
37095,North Carolina,Cardiology,Heart Disease,3438,0,0,0.0,0.0,10823.136363636364,15071.056217261126,0.0,NO PROVIDER,100.0,37095|Cardiology,0.0,0.0,False,1,0.1942794028685208
37095,North Carolina,Endocrinology,Diabetes,2198,0,0,0.0,0.0,18070.0,22988.768286620067,0.0,NO PROVIDER,100.0,37095|Endocrinology,0.0,0.0,False,1,0.1942794028685208
37095,North Carolina,Oncology,Cancer,300,0,0,0.0,0.0,2055.6666666666665,2642.926682217817,0.0,NO PROVIDER,100.0,37095|Oncology,0.0,0.0,False,1,0.1942794028685208
37095,North Carolina,Neurology,Neurological Disorders,188,0,0,0.0,0.0,637.0,906.5174241117586,0.0,NO PROVIDER,100.0,37095|Neurology,0.0,0.0,False,1,0.1942794028685208
37095,North Carolina,Psychiatry,Mental Health Disorders,931,0,0,0.0,0.0,3104.5,4291.15957060345,0.0,NO PROVIDER,100.0,37095|Psychiatry,0.0,0.0,False,1,0.1942794028685208
37095,North Carolina,Pulmonary,Respiratory Disease,807,0,0,0.0,0.0,4251.578947368421,5741.879971570142,0.0,NO PROVIDER,100.0,37095|Pulmonary,0.0,0.0,False,1,0.1942794028685208
37095,North Carolina,Rheumatology,Arthritis,1163,0,0,0.0,0.0,10453.0,13315.598760659872,0.0,NO PROVIDER,100.0,37095|Rheumatology,0.0,0.0,False,1,0.1942794028685208
37097,North Carolina,Cardiology,Heart Disease,115610,12,10138,41197.0,9634.166666666666,10823.136363636364,15071.056217261126,0.8901455495872338,MODERATE GAP,4.85,37097|Cardiology,0.10379724937289163,4.063221224972877,False,1,0.15501801810797966
37097,North Carolina,Endocrinology,Diabetes,66019,3,1151,17689.0,22006.33333333333,18070.0,22988.768286620067,1.2178380372624975,HIGH GAP,6.63,37097|Endocrinology,0.045441463821021225,15.355034722222221,False,1,0.07825104606734024
37097,North Carolina,Oncology,Cancer,12145,6,1180,265019.0,2024.1666666666667,2055.6666666666665,2642.926682217817,0.9846765039727584,MODERATE GAP,5.36,37097|Oncology,0.4940304652120214,224.4022015241321,True,-1,-0.011274854254293198
37097,North Carolina,Neurology,Neurological Disorders,4749,6,2251,165381.0,791.5,637.0,906.5174241117586,1.2425431711145998,HIGH GAP,6.77,37097|Neurology,1.2634238787113075,73.4373889875666,True,-1,-0.054814490915764735
37097,North Carolina,Psychiatry,Mental Health Disorders,38615,6,411,3037.0,6435.833333333333,3104.5,4291.15957060345,2.073065979492135,CRITICAL GAP,11.29,37097|Psychiatry,0.15538003366567396,7.371359223300971,False,1,0.13080932127579964
37097,North Carolina,Pulmonary,Respiratory Disease,25847,4,2493,31985.0,6461.75,4251.578947368421,5741.879971570142,1.519847115622679,HIGH GAP,8.28,37097|Pulmonary,0.1547568383177932,12.824779470729752,False,1,0.09824499438257572
37097,North Carolina,Rheumatology,Arthritis,39237,3,1740,508864.0,13079.0,10453.0,13315.598760659872,1.2512197455275995,HIGH GAP,6.81,37097|Rheumatology,0.07645844483523205,292.2825962090752,False,1,0.011426196625063167
37099,North Carolina,Cardiology,Heart Disease,28110,3,2190,4115.0,9370.0,10823.136363636364,15071.056217261126,0.865737960345892,MODERATE GAP,4.71,37099|Cardiology,0.10672358591248667,1.8781378366042902,False,1,0.1375518343491554
37099,North Carolina,Endocrinology,Diabetes,17559,1,140,459.0,17559.0,18070.0,22988.768286620067,0.9717210846707248,MODERATE GAP,5.29,37099|Endocrinology,0.05695085141522866,3.25531914893617,False,1,0.14660079255061176
37099,North Carolina,Oncology,Cancer,3001,0,0,0.0,0.0,2055.6666666666665,2642.926682217817,0.0,NO PROVIDER,100.0,37099|Oncology,0.0,0.0,False,1,0.1942794028685208
37099,North Carolina,Neurology,Neurological Disorders,1324,0,0,0.0,0.0,637.0,906.5174241117586,0.0,NO PROVIDER,100.0,37099|Neurology,0.0,0.0,False,1,0.1942794028685208
37099,North Carolina,Psychiatry,Mental Health Disorders,10271,0,0,0.0,0.0,3104.5,4291.15957060345,0.0,NO PROVIDER,100.0,37099|Psychiatry,0.0,0.0,False,1,0.1942794028685208
37099,North Carolina,Pulmonary,Respiratory Disease,7046,1,316,640.0,7046.0,4251.578947368421,5741.879971570142,1.657266650160931,HIGH GAP,9.02,37099|Pulmonary,0.1419244961680386,2.0189274447949526,False,1,0.13819351496230414
37099,North Carolina,Rheumatology,Arthritis,10029,0,0,0.0,0.0,10453.0,13315.598760659872,0.0,NO PROVIDER,100.0,37099|Rheumatology,0.0,0.0,False,1,0.1942794028685208
37101,North Carolina,Cardiology,Heart Disease,133011,8,9613,42353.0,16626.375,10823.136363636364,15071.056217261126,1.5361882583186692,HIGH GAP,8.36,37101|Cardiology,0.06014540150814594,4.405346369877262,False,1,0.14047490840038396
37101,North Carolina,Endocrinology,Diabetes,83714,1,123,1065.0,83714.0,18070.0,22988.768286620067,4.632761483121195,CRITICAL GAP,25.22,37101|Endocrinology,0.011945433260864372,8.588709677419354,False,1,8.599056795377535e-05
37101,North Carolina,Oncology,Cancer,12872,2,425,882.0,6436.0,2055.6666666666665,2642.926682217817,3.1308577914707314,CRITICAL GAP,17.05,37101|Oncology,0.1553760099440646,2.0704225352112675,False,1,0.13750362276382477
37101,North Carolina,Neurology,Neurological Disorders,5843,1,462,993.0,5843.0,637.0,906.5174241117586,9.172684458398743,CRITICAL GAP,49.94,37101|Neurology,0.17114495978093444,2.1447084233261338,False,1,0.13941059149157725
37101,North Carolina,Psychiatry,Mental Health Disorders,44641,6,531,2334.0,7440.166666666667,3104.5,4291.15957060345,2.3965748644440867,CRITICAL GAP,13.05,37101|Psychiatry,0.13440559127259694,4.387218045112782,False,1,0.15540762973017247
37101,North Carolina,Pulmonary,Respiratory Disease,31131,1,534,2756.0,31131.0,4251.578947368421,5741.879971570142,7.322220846744244,CRITICAL GAP,39.87,37101|Pulmonary,0.03212232180141981,5.151401869158878,False,1,0.09715725314802037
37101,North Carolina,Rheumatology,Arthritis,45006,2,270,2152.0,22503.0,10453.0,13315.598760659872,2.152779106476609,CRITICAL GAP,11.72,37101|Rheumatology,0.04443851930853664,7.940959409594096,False,1,0.10535487919055819
37103,North Carolina,Cardiology,Heart Disease,6623,4,2400,6467.0,1655.75,10823.136363636364,15071.056217261126,0.1529824576139499,LOW GAP,0.83,37103|Cardiology,0.6039559112184811,2.6934610578925446,False,1,0.09218898859472135
37103,North Carolina,Endocrinology,Diabetes,4180,2,469,7118.0,2090.0,18070.0,22988.768286620067,0.115661317100166,LOW GAP,0.63,37103|Endocrinology,0.4784688995215311,15.14468085106383,False,1,0.06012768423562609
37103,North Carolina,Oncology,Cancer,596,3,1723,6244.0,198.66666666666663,2055.6666666666665,2642.926682217817,0.096643424679747,LOW GAP,0.53,37103|Oncology,5.033557046979865,3.6218097447795823,True,-1,-0.10542663911570382
37103,North Carolina,Neurology,Neurological Disorders,363,2,982,10123.0,181.5,637.0,906.5174241117586,0.2849293563579277,LOW GAP,1.55,37103|Neurology,5.5096418732782375,10.298067141403866,True,-1,-0.11187775316485848
37103,North Carolina,Psychiatry,Mental Health Disorders,1958,1,0,0.0,1958.0,3104.5,4291.15957060345,0.6306973747785473,MODERATE GAP,3.43,37103|Psychiatry,0.5107252298263535,0.0,False,1,0.015502286365617235
37103,North Carolina,Pulmonary,Respiratory Disease,1625,2,1433,98042.0,812.5,4251.578947368421,5741.879971570142,0.1911054716513988,LOW GAP,1.04,37103|Pulmonary,1.2307692307692308,68.36959553695955,True,-1,-0.052482291760708955
37103,North Carolina,Rheumatology,Arthritis,2340,3,1478,281081.0,780.0,10453.0,13315.598760659872,0.0746197263943365,LOW GAP,0.41,37103|Rheumatology,1.2820512820512822,190.04800540906018,True,-1,-0.06608072312298541
37105,North Carolina,Cardiology,Heart Disease,40386,5,2264,19522.0,8077.2,10823.136363636364,15071.056217261126,0.7462901444296519,MODERATE GAP,4.06,37105|Cardiology,0.12380527905709898,8.618984547461368,False,1,0.12168880185951392
37105,North Carolina,Endocrinology,Diabetes,25919,1,1102,43101.0,25919.0,18070.0,22988.768286620067,1.434366353071389,HIGH GAP,7.81,37105|Endocrinology,0.03858173540645859,39.076155938349956,False,1,0.026185366612519134
37105,North Carolina,Oncology,Cancer,3732,1,115,12081.0,3732.0,2055.6666666666665,2642.926682217817,1.815469434084644,HIGH GAP,9.88,37105|Oncology,0.2679528403001072,104.14655172413794,False,1,0.013746697534301466
37105,North Carolina,Neurology,Neurological Disorders,1905,1,382,1031.0,1905.0,637.0,906.5174241117586,2.990580847723705,CRITICAL GAP,16.28,37105|Neurology,0.5249343832020997,2.691906005221932,False,1,0.11017308536301307
37105,North Carolina,Psychiatry,Mental Health Disorders,12741,1,25,240.0,12741.0,3104.5,4291.15957060345,4.104042518924143,CRITICAL GAP,22.35,37105|Psychiatry,0.07848677497841614,9.23076923076923,False,1,0.11426422479362974
37105,North Carolina,Pulmonary,Respiratory Disease,9446,1,49,274.0,9446.0,4251.578947368421,5741.879971570142,2.2217628125773707,CRITICAL GAP,12.1,37105|Pulmonary,0.10586491636671608,5.48,False,1,0.14932816758141032
37105,North Carolina,Rheumatology,Arthritis,13848,0,0,0.0,0.0,10453.0,13315.598760659872,0.0,NO PROVIDER,100.0,37105|Rheumatology,0.0,0.0,False,1,0.1942794028685208
37107,North Carolina,Cardiology,Heart Disease,37120,5,5002,25071.0,7424.0,10823.136363636364,15071.056217261126,0.685937952786329,MODERATE GAP,3.73,37107|Cardiology,0.13469827586206895,5.0111932840295825,False,1,0.1550570582537953
37107,North Carolina,Endocrinology,Diabetes,24761,1,318,13057.0,24761.0,18070.0,22988.768286620067,1.3702822357498616,HIGH GAP,7.46,37107|Endocrinology,0.040386091030249184,40.93103448275862,False,1,0.027106685856076673
37107,North Carolina,Oncology,Cancer,3010,1,396,21850.0,3010.0,2055.6666666666665,2642.926682217817,1.464245175936436,HIGH GAP,7.97,37107|Oncology,0.33222591362126247,55.03778337531486,False,1,0.03034435373913691
37107,North Carolina,Neurology,Neurological Disorders,2184,1,312,476.0,2184.0,637.0,906.5174241117586,3.4285714285714284,CRITICAL GAP,18.67,37107|Neurology,0.45787545787545786,1.5207667731629393,False,1,0.07626700156479205
37107,North Carolina,Psychiatry,Mental Health Disorders,10557,3,55,374.0,3519.0,3104.5,4291.15957060345,1.133515864068288,HIGH GAP,6.17,37107|Psychiatry,0.2841716396703609,6.678571428571429,False,1,0.11120578460325226
37107,North Carolina,Pulmonary,Respiratory Disease,9434,2,642,2076.0,4717.0,4251.578947368421,5741.879971570142,1.1094701658826442,HIGH GAP,6.04,37107|Pulmonary,0.21199915200339198,3.228615863141524,False,1,0.14348420115575883
37107,North Carolina,Rheumatology,Arthritis,12783,0,0,0.0,0.0,10453.0,13315.598760659872,0.0,NO PROVIDER,100.0,37107|Rheumatology,0.0,0.0,False,1,0.1942794028685208
37109,North Carolina,Cardiology,Heart Disease,57453,3,3522,12268.0,19151.0,10823.136363636364,15071.056217261126,1.7694501257827298,HIGH GAP,9.63,37109|Cardiology,0.05221659443371103,3.4822594379789953,False,1,0.14051094750695936
37109,North Carolina,Endocrinology,Diabetes,34266,0,0,0.0,0.0,18070.0,22988.768286620067,0.0,NO PROVIDER,100.0,37109|Endocrinology,0.0,0.0,False,1,0.1942794028685208
37109,North Carolina,Oncology,Cancer,6358,4,806,35172.0,1589.5,2055.6666666666665,2642.926682217817,0.7732284741365332,MODERATE GAP,4.21,37109|Oncology,0.6291286568103177,43.58364312267658,False,1,0.008907707835165035
37109,North Carolina,Neurology,Neurological Disorders,2475,0,0,0.0,0.0,637.0,906.5174241117586,0.0,NO PROVIDER,100.0,37109|Neurology,0.0,0.0,False,1,0.1942794028685208
37109,North Carolina,Psychiatry,Mental Health Disorders,19570,2,116,440.0,9785.0,3104.5,4291.15957060345,3.151876308584313,CRITICAL GAP,17.16,37109|Psychiatry,0.10219724067450178,3.7606837606837606,False,1,0.15919490049074708
37109,North Carolina,Pulmonary,Respiratory Disease,13326,1,215,981.0,13326.0,4251.578947368421,5741.879971570142,3.1343649418172816,CRITICAL GAP,17.07,37109|Pulmonary,0.07504127269998499,4.541666666666667,False,1,0.14781419814098418
37109,North Carolina,Rheumatology,Arthritis,20370,0,0,0.0,0.0,10453.0,13315.598760659872,0.0,NO PROVIDER,100.0,37109|Rheumatology,0.0,0.0,False,1,0.1942794028685208
37111,North Carolina,Cardiology,Heart Disease,29149,2,3484,6363.0,14574.5,10823.136363636364,15071.056217261126,1.346605966175155,HIGH GAP,7.33,37111|Cardiology,0.06861298843871146,1.8258249641319944,False,1,0.1224684042100046
37111,North Carolina,Endocrinology,Diabetes,16971,0,0,0.0,0.0,18070.0,22988.768286620067,0.0,NO PROVIDER,100.0,37111|Endocrinology,0.0,0.0,False,1,0.1942794028685208
37111,North Carolina,Oncology,Cancer,3086,0,0,0.0,0.0,2055.6666666666665,2642.926682217817,0.0,NO PROVIDER,100.0,37111|Oncology,0.0,0.0,False,1,0.1942794028685208
37111,North Carolina,Neurology,Neurological Disorders,1379,2,1025,8492.0,689.5,637.0,906.5174241117586,1.0824175824175823,HIGH GAP,5.89,37111|Neurology,1.4503263234227701,8.276803118908383,False,1,0.004732210653877522
37111,North Carolina,Psychiatry,Mental Health Disorders,9711,0,0,0.0,0.0,3104.5,4291.15957060345,0.0,NO PROVIDER,100.0,37111|Psychiatry,0.0,0.0,False,1,0.1942794028685208
37111,North Carolina,Pulmonary,Respiratory Disease,7115,0,0,0.0,0.0,4251.578947368421,5741.879971570142,0.0,NO PROVIDER,100.0,37111|Pulmonary,0.0,0.0,False,1,0.1942794028685208
37111,North Carolina,Rheumatology,Arthritis,10418,1,468,131776.0,10418.0,10453.0,13315.598760659872,0.996651678943844,MODERATE GAP,5.43,37111|Rheumatology,0.0959877135726627,280.9722814498934,False,1,0.016511189405487126
37113,North Carolina,Cardiology,Heart Disease,26182,0,0,0.0,0.0,10823.136363636364,15071.056217261126,0.0,NO PROVIDER,100.0,37113|Cardiology,0.0,0.0,False,1,0.1942794028685208
37113,North Carolina,Endocrinology,Diabetes,14928,0,0,0.0,0.0,18070.0,22988.768286620067,0.0,NO PROVIDER,100.0,37113|Endocrinology,0.0,0.0,False,1,0.1942794028685208
37113,North Carolina,Oncology,Cancer,2967,0,0,0.0,0.0,2055.6666666666665,2642.926682217817,0.0,NO PROVIDER,100.0,37113|Oncology,0.0,0.0,False,1,0.1942794028685208
37113,North Carolina,Neurology,Neurological Disorders,1240,0,0,0.0,0.0,637.0,906.5174241117586,0.0,NO PROVIDER,100.0,37113|Neurology,0.0,0.0,False,1,0.1942794028685208
37113,North Carolina,Psychiatry,Mental Health Disorders,8351,0,0,0.0,0.0,3104.5,4291.15957060345,0.0,NO PROVIDER,100.0,37113|Psychiatry,0.0,0.0,False,1,0.1942794028685208
37113,North Carolina,Pulmonary,Respiratory Disease,6075,0,0,0.0,0.0,4251.578947368421,5741.879971570142,0.0,NO PROVIDER,100.0,37113|Pulmonary,0.0,0.0,False,1,0.1942794028685208
37113,North Carolina,Rheumatology,Arthritis,9308,0,0,0.0,0.0,10453.0,13315.598760659872,0.0,NO PROVIDER,100.0,37113|Rheumatology,0.0,0.0,False,1,0.1942794028685208
37115,North Carolina,Cardiology,Heart Disease,14046,0,0,0.0,0.0,10823.136363636364,15071.056217261126,0.0,NO PROVIDER,100.0,37115|Cardiology,0.0,0.0,False,1,0.1942794028685208
37115,North Carolina,Endocrinology,Diabetes,8275,0,0,0.0,0.0,18070.0,22988.768286620067,0.0,NO PROVIDER,100.0,37115|Endocrinology,0.0,0.0,False,1,0.1942794028685208
37115,North Carolina,Oncology,Cancer,1624,0,0,0.0,0.0,2055.6666666666665,2642.926682217817,0.0,NO PROVIDER,100.0,37115|Oncology,0.0,0.0,False,1,0.1942794028685208
37115,North Carolina,Neurology,Neurological Disorders,615,0,0,0.0,0.0,637.0,906.5174241117586,0.0,NO PROVIDER,100.0,37115|Neurology,0.0,0.0,False,1,0.1942794028685208
37115,North Carolina,Psychiatry,Mental Health Disorders,4881,0,0,0.0,0.0,3104.5,4291.15957060345,0.0,NO PROVIDER,100.0,37115|Psychiatry,0.0,0.0,False,1,0.1942794028685208
37115,North Carolina,Pulmonary,Respiratory Disease,3322,0,0,0.0,0.0,4251.578947368421,5741.879971570142,0.0,NO PROVIDER,100.0,37115|Pulmonary,0.0,0.0,False,1,0.1942794028685208
37115,North Carolina,Rheumatology,Arthritis,5037,0,0,0.0,0.0,10453.0,13315.598760659872,0.0,NO PROVIDER,100.0,37115|Rheumatology,0.0,0.0,False,1,0.1942794028685208
37117,North Carolina,Cardiology,Heart Disease,14949,0,0,0.0,0.0,10823.136363636364,15071.056217261126,0.0,NO PROVIDER,100.0,37117|Cardiology,0.0,0.0,False,1,0.1942794028685208
37117,North Carolina,Endocrinology,Diabetes,9564,0,0,0.0,0.0,18070.0,22988.768286620067,0.0,NO PROVIDER,100.0,37117|Endocrinology,0.0,0.0,False,1,0.1942794028685208
37117,North Carolina,Oncology,Cancer,1293,0,0,0.0,0.0,2055.6666666666665,2642.926682217817,0.0,NO PROVIDER,100.0,37117|Oncology,0.0,0.0,False,1,0.1942794028685208
37117,North Carolina,Neurology,Neurological Disorders,848,0,0,0.0,0.0,637.0,906.5174241117586,0.0,NO PROVIDER,100.0,37117|Neurology,0.0,0.0,False,1,0.1942794028685208
37117,North Carolina,Psychiatry,Mental Health Disorders,4256,1,112,494.0,4256.0,3104.5,4291.15957060345,1.370913190529876,HIGH GAP,7.46,37117|Psychiatry,0.2349624060150376,4.371681415929204,False,1,0.13512737071191383
37117,North Carolina,Pulmonary,Respiratory Disease,3665,0,0,0.0,0.0,4251.578947368421,5741.879971570142,0.0,NO PROVIDER,100.0,37117|Pulmonary,0.0,0.0,False,1,0.1942794028685208
37117,North Carolina,Rheumatology,Arthritis,5232,0,0,0.0,0.0,10453.0,13315.598760659872,0.0,NO PROVIDER,100.0,37117|Rheumatology,0.0,0.0,False,1,0.1942794028685208
37119,North Carolina,Cardiology,Heart Disease,605897,84,57789,248063.0,7213.059523809524,10823.136363636364,15071.056217261126,0.6664481792952367,MODERATE GAP,3.63,37119|Cardiology,0.13863742517292543,4.2924900501816925,False,1,0.15475598040476224
37119,North Carolina,Endocrinology,Diabetes,357948,29,7359,48349.0,12343.03448275862,18070.0,22988.768286620067,0.6830677632959945,MODERATE GAP,3.72,37119|Endocrinology,0.08101735447606914,6.569157608695652,False,1,0.13307350392779843
37119,North Carolina,Oncology,Cancer,56803,74,11739,773620.0,767.6081081081081,2055.6666666666665,2642.926682217817,0.3734107871451799,LOW GAP,2.03,37119|Oncology,1.3027480942907945,65.89608177172062,True,-1,-0.05205314856808463
37119,North Carolina,Neurology,Neurological Disorders,25697,90,17888,202295.0,285.52222222222224,637.0,906.5174241117586,0.4482295482295482,LOW GAP,2.44,37119|Neurology,3.502354360431179,11.308345910894964,True,-1,-0.07397224119421542
37119,North Carolina,Psychiatry,Mental Health Disorders,203318,120,4981,17985.0,1694.3166666666666,3104.5,4291.15957060345,0.5457615289633327,MODERATE GAP,2.97,37119|Psychiatry,0.5902084419480814,3.6099959855479726,False,1,0.09755918968609811
37119,North Carolina,Pulmonary,Respiratory Disease,138852,64,16564,53229.0,2169.5625,4251.578947368421,5741.879971570142,0.5102957105719238,MODERATE GAP,2.78,37119|Pulmonary,0.4609224209950163,3.2133413824328403,False,1,0.11670114294415945
37119,North Carolina,Rheumatology,Arthritis,198359,29,10772,1631956.0,6839.96551724138,10453.0,13315.598760659872,0.6543543018503185,MODERATE GAP,3.56,37119|Rheumatology,0.1461995674509349,151.48575141557598,False,1,0.03150599734781889
37121,North Carolina,Cardiology,Heart Disease,9697,1,858,1728.0,9697.0,10823.136363636364,15071.056217261126,0.895951014031389,MODERATE GAP,4.88,37121|Cardiology,0.10312467773538209,2.011641443538999,False,1,0.1391372242277063
37121,North Carolina,Endocrinology,Diabetes,5920,0,0,0.0,0.0,18070.0,22988.768286620067,0.0,NO PROVIDER,100.0,37121|Endocrinology,0.0,0.0,False,1,0.1942794028685208
37121,North Carolina,Oncology,Cancer,1124,0,0,0.0,0.0,2055.6666666666665,2642.926682217817,0.0,NO PROVIDER,100.0,37121|Oncology,0.0,0.0,False,1,0.1942794028685208
37121,North Carolina,Neurology,Neurological Disorders,442,0,0,0.0,0.0,637.0,906.5174241117586,0.0,NO PROVIDER,100.0,37121|Neurology,0.0,0.0,False,1,0.1942794028685208
37121,North Carolina,Psychiatry,Mental Health Disorders,3261,0,0,0.0,0.0,3104.5,4291.15957060345,0.0,NO PROVIDER,100.0,37121|Psychiatry,0.0,0.0,False,1,0.1942794028685208
37121,North Carolina,Pulmonary,Respiratory Disease,2284,0,0,0.0,0.0,4251.578947368421,5741.879971570142,0.0,NO PROVIDER,100.0,37121|Pulmonary,0.0,0.0,False,1,0.1942794028685208
37121,North Carolina,Rheumatology,Arthritis,3531,0,0,0.0,0.0,10453.0,13315.598760659872,0.0,NO PROVIDER,100.0,37121|Rheumatology,0.0,0.0,False,1,0.1942794028685208
37123,North Carolina,Cardiology,Heart Disease,17144,1,0,0.0,17144.0,10823.136363636364,15071.056217261126,1.5840140439882575,HIGH GAP,8.62,37123|Cardiology,0.05832944470368642,0.0,False,1,0.04069038361300226
37123,North Carolina,Endocrinology,Diabetes,10819,0,0,0.0,0.0,18070.0,22988.768286620067,0.0,NO PROVIDER,100.0,37123|Endocrinology,0.0,0.0,False,1,0.1942794028685208
37123,North Carolina,Oncology,Cancer,1646,0,0,0.0,0.0,2055.6666666666665,2642.926682217817,0.0,NO PROVIDER,100.0,37123|Oncology,0.0,0.0,False,1,0.1942794028685208
37123,North Carolina,Neurology,Neurological Disorders,870,0,0,0.0,0.0,637.0,906.5174241117586,0.0,NO PROVIDER,100.0,37123|Neurology,0.0,0.0,False,1,0.1942794028685208
37123,North Carolina,Psychiatry,Mental Health Disorders,5218,0,0,0.0,0.0,3104.5,4291.15957060345,0.0,NO PROVIDER,100.0,37123|Psychiatry,0.0,0.0,False,1,0.1942794028685208
37123,North Carolina,Pulmonary,Respiratory Disease,4121,0,0,0.0,0.0,4251.578947368421,5741.879971570142,0.0,NO PROVIDER,100.0,37123|Pulmonary,0.0,0.0,False,1,0.1942794028685208
37123,North Carolina,Rheumatology,Arthritis,6025,0,0,0.0,0.0,10453.0,13315.598760659872,0.0,NO PROVIDER,100.0,37123|Rheumatology,0.0,0.0,False,1,0.1942794028685208
37125,North Carolina,Cardiology,Heart Disease,63617,4,2647,8341.0,15904.25,10823.136363636364,15071.056217261126,1.4694677647631966,HIGH GAP,8.0,37125|Cardiology,0.0628762752094566,3.1499244712990935,False,1,0.1490681811803365
37125,North Carolina,Endocrinology,Diabetes,35910,2,854,20807.0,17955.0,18070.0,22988.768286620067,0.9936358605423352,MODERATE GAP,5.41,37125|Endocrinology,0.055694792536897804,24.335672514619883,False,1,0.06519791570202227
37125,North Carolina,Oncology,Cancer,7366,5,1277,4715.0,1473.2,2055.6666666666665,2642.926682217817,0.716653153883574,MODERATE GAP,3.9,37125|Oncology,0.6787944610371979,3.689358372456964,False,1,0.07689786067254278
37125,North Carolina,Neurology,Neurological Disorders,2679,12,4140,79926.0,223.25,637.0,906.5174241117586,0.3504709576138147,LOW GAP,1.91,37125|Neurology,4.479283314669653,19.301134991547936,True,-1,-0.10695760795549536
37125,North Carolina,Psychiatry,Mental Health Disorders,20383,14,781,3044.0,1455.928571428571,3104.5,4291.15957060345,0.4689736097370177,LOW GAP,2.55,37125|Psychiatry,0.6868468822057597,3.8925831202046037,False,1,0.07655831600015639
37125,North Carolina,Pulmonary,Respiratory Disease,13896,5,2866,22158.0,2779.2,4251.578947368421,5741.879971570142,0.6536865560782372,MODERATE GAP,3.56,37125|Pulmonary,0.35981577432354633,7.728636205092431,False,1,0.10312642754931134
37125,North Carolina,Rheumatology,Arthritis,22099,2,587,244785.0,11049.5,10453.0,13315.598760659872,1.0570649574284894,HIGH GAP,5.76,37125|Rheumatology,0.09050183266211141,416.30102040816325,True,-1,-0.005772740471959303
37127,North Carolina,Cardiology,Heart Disease,61595,1,197,1712.0,61595.0,10823.136363636364,15071.056217261126,5.691049057364484,CRITICAL GAP,30.99,37127|Cardiology,0.016235084016559785,8.646464646464647,False,1,0.007989096652810224
37127,North Carolina,Endocrinology,Diabetes,39204,2,1243,22144.0,19602.0,18070.0,22988.768286620067,1.084781405644715,HIGH GAP,5.91,37127|Endocrinology,0.05101520253035405,17.80064308681672,False,1,0.07822544191884762
37127,North Carolina,Oncology,Cancer,5240,3,673,1958.0,1746.6666666666667,2055.6666666666665,2642.926682217817,0.8496838008756284,MODERATE GAP,4.63,37127|Oncology,0.5725190839694657,2.9050445103857565,False,1,0.1010504089706723
37127,North Carolina,Neurology,Neurological Disorders,3129,0,0,0.0,0.0,637.0,906.5174241117586,0.0,NO PROVIDER,100.0,37127|Neurology,0.0,0.0,False,1,0.1942794028685208
37127,North Carolina,Psychiatry,Mental Health Disorders,17566,3,38,86.0,5855.333333333333,3104.5,4291.15957060345,1.8860793471841948,HIGH GAP,10.27,37127|Psychiatry,0.17078446999886143,2.2051282051282053,False,1,0.14124018107368375
37127,North Carolina,Pulmonary,Respiratory Disease,14438,1,700,3365.0,14438.0,4251.578947368421,5741.879971570142,3.3959148304035653,CRITICAL GAP,18.49,37127|Pulmonary,0.06926167059149467,4.8002853067047075,False,1,0.14056250912016438
37127,North Carolina,Rheumatology,Arthritis,20808,0,0,0.0,0.0,10453.0,13315.598760659872,0.0,NO PROVIDER,100.0,37127|Rheumatology,0.0,0.0,False,1,0.1942794028685208
37129,North Carolina,Cardiology,Heart Disease,145822,34,46322,128746.0,4288.882352941177,10823.136363636364,15071.056217261126,0.3962698250158787,LOW GAP,2.16,37129|Cardiology,0.23316097708164749,2.7793104937072295,False,1,0.13246349746189573
37129,North Carolina,Endocrinology,Diabetes,81484,6,2783,54356.0,13580.666666666666,18070.0,22988.768286620067,0.7515587529976019,MODERATE GAP,4.09,37129|Endocrinology,0.07363408767365372,19.524425287356323,False,1,0.0782697748105593
37129,North Carolina,Oncology,Cancer,15863,6,2280,62232.0,2643.833333333333,2055.6666666666665,2642.926682217817,1.28611966920707,HIGH GAP,7.0,37129|Oncology,0.37823866859988653,27.28277071459886,False,1,0.04855845568178463
37129,North Carolina,Neurology,Neurological Disorders,6010,20,6924,123742.0,300.5,637.0,906.5174241117586,0.4717425431711146,LOW GAP,2.57,37129|Neurology,3.327787021630616,17.868880866425993,True,-1,-0.07929383381052524
37129,North Carolina,Psychiatry,Mental Health Disorders,49954,25,1730,11413.0,1998.16,3104.5,4291.15957060345,0.6436334353358029,MODERATE GAP,3.5,37129|Psychiatry,0.5004604235897024,6.593298671288273,False,1,0.09778568270628396
37129,North Carolina,Pulmonary,Respiratory Disease,32811,14,7804,28572.0,2343.6428571428573,4251.578947368421,5741.879971570142,0.551240582888268,MODERATE GAP,3.0,37129|Pulmonary,0.42668617232025846,3.6607303010890453,False,1,0.11784688745975674
37129,North Carolina,Rheumatology,Arthritis,50151,8,3947,970142.0,6268.875,10453.0,13315.598760659872,0.5997201760260212,MODERATE GAP,3.27,37129|Rheumatology,0.15951825487029173,245.72998986828773,False,1,0.01574777089507684
37131,North Carolina,Cardiology,Heart Disease,12574,0,0,0.0,0.0,10823.136363636364,15071.056217261126,0.0,NO PROVIDER,100.0,37131|Cardiology,0.0,0.0,False,1,0.1942794028685208
37131,North Carolina,Endocrinology,Diabetes,8275,0,0,0.0,0.0,18070.0,22988.768286620067,0.0,NO PROVIDER,100.0,37131|Endocrinology,0.0,0.0,False,1,0.1942794028685208
37131,North Carolina,Oncology,Cancer,1046,0,0,0.0,0.0,2055.6666666666665,2642.926682217817,0.0,NO PROVIDER,100.0,37131|Oncology,0.0,0.0,False,1,0.1942794028685208
37131,North Carolina,Neurology,Neurological Disorders,764,0,0,0.0,0.0,637.0,906.5174241117586,0.0,NO PROVIDER,100.0,37131|Neurology,0.0,0.0,False,1,0.1942794028685208
37131,North Carolina,Psychiatry,Mental Health Disorders,3185,1,0,0.0,3185.0,3104.5,4291.15957060345,1.0259301014656144,HIGH GAP,5.59,37131|Psychiatry,0.3139717425431711,0.0,False,1,0.022116805122255334
37131,North Carolina,Pulmonary,Respiratory Disease,2993,0,0,0.0,0.0,4251.578947368421,5741.879971570142,0.0,NO PROVIDER,100.0,37131|Pulmonary,0.0,0.0,False,1,0.1942794028685208
37131,North Carolina,Rheumatology,Arthritis,4389,0,0,0.0,0.0,10453.0,13315.598760659872,0.0,NO PROVIDER,100.0,37131|Rheumatology,0.0,0.0,False,1,0.1942794028685208
37133,North Carolina,Cardiology,Heart Disease,106296,5,5692,15586.0,21259.2,10823.136363636364,15071.056217261126,1.964236547127576,HIGH GAP,10.69,37133|Cardiology,0.04703845864378716,2.737748111716143,False,1,0.13582929124014098
37133,North Carolina,Endocrinology,Diabetes,71374,3,1905,54214.0,23791.33333333333,18070.0,22988.768286620067,1.3166205497140748,HIGH GAP,7.17,37133|Endocrinology,0.04203211253397596,28.44386149003148,False,1,0.04316953486854003
37133,North Carolina,Oncology,Cancer,9817,3,2408,732293.0,3272.333333333333,2055.6666666666665,2642.926682217817,1.591859899464894,HIGH GAP,8.67,37133|Oncology,0.30559233981868184,303.9821502698215,True,-1,-0.007765844873441563
37133,North Carolina,Neurology,Neurological Disorders,4667,1,52,244.0,4667.0,637.0,906.5174241117586,7.326530612244898,CRITICAL GAP,39.89,37133|Neurology,0.21427040925648166,4.60377358490566,False,1,0.13807394299698406
37133,North Carolina,Psychiatry,Mental Health Disorders,38785,6,361,1120.0,6464.166666666667,3104.5,4291.15957060345,2.082192516239867,CRITICAL GAP,11.34,37133|Psychiatry,0.15469898156503803,3.0939226519337018,False,1,0.15571750626183078
37133,North Carolina,Pulmonary,Respiratory Disease,26393,2,723,2700.0,13196.5,4251.578947368421,5741.879971570142,3.103905669720228,CRITICAL GAP,16.9,37133|Pulmonary,0.07577766832114576,3.729281767955801,False,1,0.1506633452129278
37133,North Carolina,Rheumatology,Arthritis,35486,0,0,0.0,0.0,10453.0,13315.598760659872,0.0,NO PROVIDER,100.0,37133|Rheumatology,0.0,0.0,False,1,0.1942794028685208
37135,North Carolina,Cardiology,Heart Disease,82554,30,19093,38207.0,2751.8,10823.136363636364,15071.056217261126,0.254251624256118,LOW GAP,1.38,37135|Cardiology,0.3633985027981685,2.0009950769875355,False,1,0.10365426172069869
37135,North Carolina,Endocrinology,Diabetes,46594,21,2627,6855.0,2218.7619047619046,18070.0,22988.768286620067,0.1227870450892033,LOW GAP,0.67,37135|Endocrinology,0.4507018070996266,2.608447488584475,False,1,0.11222348060282122
37135,North Carolina,Oncology,Cancer,9036,30,2851,11019.0,301.2,2055.6666666666665,2642.926682217817,0.1465218096319118,LOW GAP,0.8,37135|Oncology,3.3200531208499338,3.863604488078541,True,-1,-0.07014465344593768
37135,North Carolina,Neurology,Neurological Disorders,3258,58,6428,44887.0,56.172413793103445,637.0,906.5174241117586,0.0881827532073837,LOW GAP,0.48,37135|Neurology,17.80233271945979,6.981956758438327,True,-1,-0.13672158318088823
37135,North Carolina,Psychiatry,Mental Health Disorders,29997,111,3016,13778.0,270.2432432432432,3104.5,4291.15957060345,0.087048878480671,LOW GAP,0.47,37135|Psychiatry,3.7003700370037005,4.566788200198873,True,-1,-0.0834070635912102
37135,North Carolina,Pulmonary,Respiratory Disease,18502,36,4918,13956.0,513.9444444444445,4251.578947368421,5741.879971570142,0.1208831944100575,LOW GAP,0.66,37135|Pulmonary,1.9457355961517673,2.837162024801789,True,-1,-0.022123662307317993
37135,North Carolina,Rheumatology,Arthritis,27723,15,1468,5363.0,1848.2,10453.0,13315.598760659872,0.1768104850282215,LOW GAP,0.96,37135|Rheumatology,0.5410669840926308,3.650782845473111,False,1,0.10833341794685869
37137,North Carolina,Cardiology,Heart Disease,9017,0,0,0.0,0.0,10823.136363636364,15071.056217261126,0.0,NO PROVIDER,100.0,37137|Cardiology,0.0,0.0,False,1,0.1942794028685208
37137,North Carolina,Endocrinology,Diabetes,5229,0,0,0.0,0.0,18070.0,22988.768286620067,0.0,NO PROVIDER,100.0,37137|Endocrinology,0.0,0.0,False,1,0.1942794028685208
37137,North Carolina,Oncology,Cancer,972,0,0,0.0,0.0,2055.6666666666665,2642.926682217817,0.0,NO PROVIDER,100.0,37137|Oncology,0.0,0.0,False,1,0.1942794028685208
37137,North Carolina,Neurology,Neurological Disorders,438,0,0,0.0,0.0,637.0,906.5174241117586,0.0,NO PROVIDER,100.0,37137|Neurology,0.0,0.0,False,1,0.1942794028685208
37137,North Carolina,Psychiatry,Mental Health Disorders,2585,0,0,0.0,0.0,3104.5,4291.15957060345,0.0,NO PROVIDER,100.0,37137|Psychiatry,0.0,0.0,False,1,0.1942794028685208
37137,North Carolina,Pulmonary,Respiratory Disease,2014,0,0,0.0,0.0,4251.578947368421,5741.879971570142,0.0,NO PROVIDER,100.0,37137|Pulmonary,0.0,0.0,False,1,0.1942794028685208
37137,North Carolina,Rheumatology,Arthritis,3226,0,0,0.0,0.0,10453.0,13315.598760659872,0.0,NO PROVIDER,100.0,37137|Rheumatology,0.0,0.0,False,1,0.1942794028685208
37139,North Carolina,Cardiology,Heart Disease,25425,4,8007,29439.0,6356.25,10823.136363636364,15071.056217261126,0.5872835550105203,MODERATE GAP,3.2,37139|Cardiology,0.15732546705998032,3.6761988011988014,False,1,0.15800447771819254
37139,North Carolina,Endocrinology,Diabetes,16617,1,432,851.0,16617.0,18070.0,22988.768286620067,0.9195904814609852,MODERATE GAP,5.01,37139|Endocrinology,0.06017933441656135,1.9653579676674364,False,1,0.12665266889763893
37139,North Carolina,Oncology,Cancer,2329,6,5496,832326.0,388.1666666666667,2055.6666666666665,2642.926682217817,0.1888276309388682,LOW GAP,1.03,37139|Oncology,2.5762129669386002,151.4145897762416,True,-1,-0.10829469685427462
37139,North Carolina,Neurology,Neurological Disorders,1214,10,2860,4485.0,121.4,637.0,906.5174241117586,0.1905808477237048,LOW GAP,1.04,37139|Neurology,8.237232289950576,1.5676336945124083,True,-1,-0.13292007724819843
37139,North Carolina,Psychiatry,Mental Health Disorders,7890,0,0,0.0,0.0,3104.5,4291.15957060345,0.0,NO PROVIDER,100.0,37139|Psychiatry,0.0,0.0,False,1,0.1942794028685208
37139,North Carolina,Pulmonary,Respiratory Disease,5938,3,2353,6076.0,1979.3333333333333,4251.578947368421,5741.879971570142,0.4655525295040026,LOW GAP,2.53,37139|Pulmonary,0.5052206130010104,2.5811384876805437,False,1,0.10976910962229891
37139,North Carolina,Rheumatology,Arthritis,8579,0,0,0.0,0.0,10453.0,13315.598760659872,0.0,NO PROVIDER,100.0,37139|Rheumatology,0.0,0.0,False,1,0.1942794028685208
37141,North Carolina,Cardiology,Heart Disease,39324,0,0,0.0,0.0,10823.136363636364,15071.056217261126,0.0,NO PROVIDER,100.0,37141|Cardiology,0.0,0.0,False,1,0.1942794028685208
37141,North Carolina,Endocrinology,Diabetes,24800,0,0,0.0,0.0,18070.0,22988.768286620067,0.0,NO PROVIDER,100.0,37141|Endocrinology,0.0,0.0,False,1,0.1942794028685208
37141,North Carolina,Oncology,Cancer,4195,0,0,0.0,0.0,2055.6666666666665,2642.926682217817,0.0,NO PROVIDER,100.0,37141|Oncology,0.0,0.0,False,1,0.1942794028685208
37141,North Carolina,Neurology,Neurological Disorders,1752,0,0,0.0,0.0,637.0,906.5174241117586,0.0,NO PROVIDER,100.0,37141|Neurology,0.0,0.0,False,1,0.1942794028685208
37141,North Carolina,Psychiatry,Mental Health Disorders,13436,0,0,0.0,0.0,3104.5,4291.15957060345,0.0,NO PROVIDER,100.0,37141|Psychiatry,0.0,0.0,False,1,0.1942794028685208
37141,North Carolina,Pulmonary,Respiratory Disease,9240,0,0,0.0,0.0,4251.578947368421,5741.879971570142,0.0,NO PROVIDER,100.0,37141|Pulmonary,0.0,0.0,False,1,0.1942794028685208
37141,North Carolina,Rheumatology,Arthritis,14073,0,0,0.0,0.0,10453.0,13315.598760659872,0.0,NO PROVIDER,100.0,37141|Rheumatology,0.0,0.0,False,1,0.1942794028685208
37143,North Carolina,Cardiology,Heart Disease,9155,0,0,0.0,0.0,10823.136363636364,15071.056217261126,0.0,NO PROVIDER,100.0,37143|Cardiology,0.0,0.0,False,1,0.1942794028685208
37143,North Carolina,Endocrinology,Diabetes,5512,0,0,0.0,0.0,18070.0,22988.768286620067,0.0,NO PROVIDER,100.0,37143|Endocrinology,0.0,0.0,False,1,0.1942794028685208
37143,North Carolina,Oncology,Cancer,952,0,0,0.0,0.0,2055.6666666666665,2642.926682217817,0.0,NO PROVIDER,100.0,37143|Oncology,0.0,0.0,False,1,0.1942794028685208
37143,North Carolina,Neurology,Neurological Disorders,459,0,0,0.0,0.0,637.0,906.5174241117586,0.0,NO PROVIDER,100.0,37143|Neurology,0.0,0.0,False,1,0.1942794028685208
37143,North Carolina,Psychiatry,Mental Health Disorders,2729,0,0,0.0,0.0,3104.5,4291.15957060345,0.0,NO PROVIDER,100.0,37143|Psychiatry,0.0,0.0,False,1,0.1942794028685208
37143,North Carolina,Pulmonary,Respiratory Disease,2143,0,0,0.0,0.0,4251.578947368421,5741.879971570142,0.0,NO PROVIDER,100.0,37143|Pulmonary,0.0,0.0,False,1,0.1942794028685208
37143,North Carolina,Rheumatology,Arthritis,3265,0,0,0.0,0.0,10453.0,13315.598760659872,0.0,NO PROVIDER,100.0,37143|Rheumatology,0.0,0.0,False,1,0.1942794028685208
37145,North Carolina,Cardiology,Heart Disease,25848,1,27,36.0,25848.0,10823.136363636364,15071.056217261126,2.388217161048092,CRITICAL GAP,13.0,37145|Cardiology,0.0386877127824203,1.2857142857142858,False,1,0.07043185200131685
37145,North Carolina,Endocrinology,Diabetes,16370,0,0,0.0,0.0,18070.0,22988.768286620067,0.0,NO PROVIDER,100.0,37145|Endocrinology,0.0,0.0,False,1,0.1942794028685208
37145,North Carolina,Oncology,Cancer,2429,0,0,0.0,0.0,2055.6666666666665,2642.926682217817,0.0,NO PROVIDER,100.0,37145|Oncology,0.0,0.0,False,1,0.1942794028685208
37145,North Carolina,Neurology,Neurological Disorders,1309,0,0,0.0,0.0,637.0,906.5174241117586,0.0,NO PROVIDER,100.0,37145|Neurology,0.0,0.0,False,1,0.1942794028685208
37145,North Carolina,Psychiatry,Mental Health Disorders,8043,1,0,0.0,8043.0,3104.5,4291.15957060345,2.5907553551296507,CRITICAL GAP,14.11,37145|Psychiatry,0.12433171702101205,0.0,False,1,0.043314182043671434
37145,North Carolina,Pulmonary,Respiratory Disease,6197,0,0,0.0,0.0,4251.578947368421,5741.879971570142,0.0,NO PROVIDER,100.0,37145|Pulmonary,0.0,0.0,False,1,0.1942794028685208
37145,North Carolina,Rheumatology,Arthritis,9005,0,0,0.0,0.0,10453.0,13315.598760659872,0.0,NO PROVIDER,100.0,37145|Rheumatology,0.0,0.0,False,1,0.1942794028685208
37147,North Carolina,Cardiology,Heart Disease,100787,19,24130,141150.0,5304.578947368421,10823.136363636364,15071.056217261126,0.4901147661033613,LOW GAP,2.67,37147|Cardiology,0.1885163761199361,5.849322448303012,False,1,0.14407156808988453
37147,North Carolina,Endocrinology,Diabetes,71557,8,4324,143003.0,8944.625,18070.0,22988.768286620067,0.4949986164914222,LOW GAP,2.7,37147|Endocrinology,0.11179898542420727,33.064277456647396,False,1,0.060217384429792964
37147,North Carolina,Oncology,Cancer,8893,6,2781,394802.0,1482.1666666666667,2055.6666666666665,2642.926682217817,0.7210150802659316,MODERATE GAP,3.93,37147|Oncology,0.6746879568199707,141.91301222142343,True,-1,-0.024486073954590792
37147,North Carolina,Neurology,Neurological Disorders,4964,16,2922,19082.0,310.25,637.0,906.5174241117586,0.4870486656200942,LOW GAP,2.65,37147|Neurology,3.2232070910556003,6.528224426958604,True,-1,-0.06753550130527686
37147,North Carolina,Psychiatry,Mental Health Disorders,34607,20,1676,6451.0,1730.35,3104.5,4291.15957060345,0.5573683362860363,MODERATE GAP,3.03,37147|Psychiatry,0.5779177623024244,3.8467501490757305,False,1,0.10170993794972183
37147,North Carolina,Pulmonary,Respiratory Disease,25094,18,7666,24074.0,1394.111111111111,4251.578947368421,5741.879971570142,0.3279043217518088,LOW GAP,1.79,37147|Pulmonary,0.7173029409420578,3.1399504369375246,False,1,0.07123568437759453
37147,North Carolina,Rheumatology,Arthritis,34951,4,2792,327706.3,8737.75,10453.0,13315.598760659872,0.8359083516693772,MODERATE GAP,4.55,37147|Rheumatology,0.11444593859975394,117.3312925170068,False,1,0.03382745449350544
37149,North Carolina,Cardiology,Heart Disease,14005,2,1529,3716.0,7002.5,10823.136363636364,15071.056217261126,0.646993603769702,MODERATE GAP,3.52,37149|Cardiology,0.14280614066404856,2.4287581699346403,False,1,0.15262205813290347
37149,North Carolina,Endocrinology,Diabetes,8027,0,0,0.0,0.0,18070.0,22988.768286620067,0.0,NO PROVIDER,100.0,37149|Endocrinology,0.0,0.0,False,1,0.1942794028685208
37149,North Carolina,Oncology,Cancer,1692,0,0,0.0,0.0,2055.6666666666665,2642.926682217817,0.0,NO PROVIDER,100.0,37149|Oncology,0.0,0.0,False,1,0.1942794028685208
37149,North Carolina,Neurology,Neurological Disorders,646,0,0,0.0,0.0,637.0,906.5174241117586,0.0,NO PROVIDER,100.0,37149|Neurology,0.0,0.0,False,1,0.1942794028685208
37149,North Carolina,Psychiatry,Mental Health Disorders,4303,1,0,0.0,4303.0,3104.5,4291.15957060345,1.3860525044290546,HIGH GAP,7.55,37149|Psychiatry,0.23239600278875203,0.0,False,1,0.02569051671335698
37149,North Carolina,Pulmonary,Respiratory Disease,3163,0,0,0.0,0.0,4251.578947368421,5741.879971570142,0.0,NO PROVIDER,100.0,37149|Pulmonary,0.0,0.0,False,1,0.1942794028685208
37149,North Carolina,Rheumatology,Arthritis,5076,0,0,0.0,0.0,10453.0,13315.598760659872,0.0,NO PROVIDER,100.0,37149|Rheumatology,0.0,0.0,False,1,0.1942794028685208
37151,North Carolina,Cardiology,Heart Disease,91043,5,3067,6557.0,18208.6,10823.136363636364,15071.056217261126,1.6823773985863617,HIGH GAP,9.16,37151|Cardiology,0.05491910415957295,2.1372229465449806,False,1,0.13345764134368004
37151,North Carolina,Endocrinology,Diabetes,59566,0,0,0.0,0.0,18070.0,22988.768286620067,0.0,NO PROVIDER,100.0,37151|Endocrinology,0.0,0.0,False,1,0.1942794028685208
37151,North Carolina,Oncology,Cancer,9076,2,287,802.0,4538.0,2055.6666666666665,2642.926682217817,2.207556348305497,CRITICAL GAP,12.02,37151|Oncology,0.22036139268400176,2.7847222222222223,False,1,0.13551577492400368
37151,North Carolina,Neurology,Neurological Disorders,4308,0,0,0.0,0.0,637.0,906.5174241117586,0.0,NO PROVIDER,100.0,37151|Neurology,0.0,0.0,False,1,0.1942794028685208
37151,North Carolina,Psychiatry,Mental Health Disorders,30960,2,36,109.0,15480.0,3104.5,4291.15957060345,4.986310194878402,CRITICAL GAP,27.15,37151|Psychiatry,0.06459948320413436,2.945945945945946,False,1,0.1464726600829105
37151,North Carolina,Pulmonary,Respiratory Disease,22229,1,430,6976.0,22229.0,4251.578947368421,5741.879971570142,5.228410497647933,CRITICAL GAP,28.47,37151|Pulmonary,0.04498627918484862,16.185614849187935,False,1,0.07591258723026006
37151,North Carolina,Rheumatology,Arthritis,31822,0,0,0.0,0.0,10453.0,13315.598760659872,0.0,NO PROVIDER,100.0,37151|Rheumatology,0.0,0.0,False,1,0.1942794028685208
37153,North Carolina,Cardiology,Heart Disease,27384,5,4106,18537.0,5476.8,10823.136363636364,15071.056217261126,0.5060270716352595,MODERATE GAP,2.76,37153|Cardiology,0.18258837277242188,4.513513513513513,False,1,0.15041958519574022
37153,North Carolina,Endocrinology,Diabetes,18791,0,0,0.0,0.0,18070.0,22988.768286620067,0.0,NO PROVIDER,100.0,37153|Endocrinology,0.0,0.0,False,1,0.1942794028685208
37153,North Carolina,Oncology,Cancer,2314,0,0,0.0,0.0,2055.6666666666665,2642.926682217817,0.0,NO PROVIDER,100.0,37153|Oncology,0.0,0.0,False,1,0.1942794028685208
37153,North Carolina,Neurology,Neurological Disorders,1538,0,0,0.0,0.0,637.0,906.5174241117586,0.0,NO PROVIDER,100.0,37153|Neurology,0.0,0.0,False,1,0.1942794028685208
37153,North Carolina,Psychiatry,Mental Health Disorders,8529,0,0,0.0,0.0,3104.5,4291.15957060345,0.0,NO PROVIDER,100.0,37153|Psychiatry,0.0,0.0,False,1,0.1942794028685208
37153,North Carolina,Pulmonary,Respiratory Disease,7121,0,0,0.0,0.0,4251.578947368421,5741.879971570142,0.0,NO PROVIDER,100.0,37153|Pulmonary,0.0,0.0,False,1,0.1942794028685208
37153,North Carolina,Rheumatology,Arthritis,9582,0,0,0.0,0.0,10453.0,13315.598760659872,0.0,NO PROVIDER,100.0,37153|Rheumatology,0.0,0.0,False,1,0.1942794028685208
37155,North Carolina,Cardiology,Heart Disease,77320,8,3886,10896.0,9665.0,10823.136363636364,15071.056217261126,0.8929943849245513,MODERATE GAP,4.86,37155|Cardiology,0.10346611484738748,2.8031901209158736,False,1,0.15605656226817627
37155,North Carolina,Endocrinology,Diabetes,56785,0,0,0.0,0.0,18070.0,22988.768286620067,0.0,NO PROVIDER,100.0,37155|Endocrinology,0.0,0.0,False,1,0.1942794028685208
37155,North Carolina,Oncology,Cancer,5470,1,0,0.0,5470.0,2055.6666666666665,2642.926682217817,2.660937246635317,CRITICAL GAP,14.49,37155|Oncology,0.18281535648994515,0.0,False,1,0.034709686257960226
37155,North Carolina,Neurology,Neurological Disorders,4776,2,349,3634.0,2388.0,637.0,906.5174241117586,3.7488226059654632,CRITICAL GAP,20.41,37155|Neurology,0.4187604690117253,10.382857142857143,False,1,0.08882966152959593
37155,North Carolina,Psychiatry,Mental Health Disorders,20101,3,0,0.0,6700.333333333333,3104.5,4291.15957060345,2.158264884307725,CRITICAL GAP,11.75,37155|Psychiatry,0.1492463061539227,0.0,False,1,0.03988512374295272
37155,North Carolina,Pulmonary,Respiratory Disease,20969,2,455,11908.0,10484.5,4251.578947368421,5741.879971570142,2.466025006189651,CRITICAL GAP,13.43,37155|Pulmonary,0.09537889265105633,26.114035087719298,False,1,0.06780827856536831
37155,North Carolina,Rheumatology,Arthritis,26786,0,0,0.0,0.0,10453.0,13315.598760659872,0.0,NO PROVIDER,100.0,37155|Rheumatology,0.0,0.0,False,1,0.1942794028685208
37157,North Carolina,Cardiology,Heart Disease,60419,2,1257,2739.0,30209.5,10823.136363636364,15071.056217261126,2.7911964688441007,CRITICAL GAP,15.2,37157|Cardiology,0.033102169847233485,2.1772655007949124,False,1,0.09971689544779083
37157,North Carolina,Endocrinology,Diabetes,36982,1,223,925.0,36982.0,18070.0,22988.768286620067,2.046596568898728,CRITICAL GAP,11.14,37157|Endocrinology,0.027040181710021094,4.129464285714286,False,1,0.09166814839206738
37157,North Carolina,Oncology,Cancer,5868,1,67,230.0,5868.0,2055.6666666666665,2642.926682217817,2.8545484027890384,CRITICAL GAP,15.54,37157|Oncology,0.17041581458759372,3.3823529411764706,False,1,0.15457077883968873
37157,North Carolina,Neurology,Neurological Disorders,3063,0,0,0.0,0.0,637.0,906.5174241117586,0.0,NO PROVIDER,100.0,37157|Neurology,0.0,0.0,False,1,0.1942794028685208
37157,North Carolina,Psychiatry,Mental Health Disorders,19155,1,39,134.0,19155.0,3104.5,4291.15957060345,6.170075696569496,CRITICAL GAP,33.59,37157|Psychiatry,0.05220569042025581,3.35,False,1,0.14086369897475476
37157,North Carolina,Pulmonary,Respiratory Disease,14837,0,0,0.0,0.0,4251.578947368421,5741.879971570142,0.0,NO PROVIDER,100.0,37157|Pulmonary,0.0,0.0,False,1,0.1942794028685208
37157,North Carolina,Rheumatology,Arthritis,21185,0,0,0.0,0.0,10453.0,13315.598760659872,0.0,NO PROVIDER,100.0,37157|Rheumatology,0.0,0.0,False,1,0.1942794028685208
37159,North Carolina,Cardiology,Heart Disease,90547,0,0,0.0,0.0,10823.136363636364,15071.056217261126,0.0,NO PROVIDER,100.0,37159|Cardiology,0.0,0.0,False,1,0.1942794028685208
37159,North Carolina,Endocrinology,Diabetes,58136,0,0,0.0,0.0,18070.0,22988.768286620067,0.0,NO PROVIDER,100.0,37159|Endocrinology,0.0,0.0,False,1,0.1942794028685208
37159,North Carolina,Oncology,Cancer,8930,1,169,654.0,8930.0,2055.6666666666665,2642.926682217817,4.344089508675207,CRITICAL GAP,23.65,37159|Oncology,0.11198208286674133,3.847058823529412,False,1,0.1599692988259102
37159,North Carolina,Neurology,Neurological Disorders,4377,6,1932,47859.0,729.5,637.0,906.5174241117586,1.1452119309262163,HIGH GAP,6.24,37159|Neurology,1.3708019191226868,24.75892395240559,True,-1,-0.02442368003766704
37159,North Carolina,Psychiatry,Mental Health Disorders,29630,6,372,2557.0,4938.333333333333,3104.5,4291.15957060345,1.5907016696193697,HIGH GAP,8.66,37159|Psychiatry,0.20249746878164024,6.855227882037534,False,1,0.1256115622451957
37159,North Carolina,Pulmonary,Respiratory Disease,22237,1,360,1034.0,22237.0,4251.578947368421,5741.879971570142,5.230292151522654,CRITICAL GAP,28.48,37159|Pulmonary,0.04497009488690021,2.8642659279778395,False,1,0.13259229501724
37159,North Carolina,Rheumatology,Arthritis,32292,2,326,113361.0,16146.0,10453.0,13315.598760659872,1.5446283363627666,HIGH GAP,8.41,37159|Rheumatology,0.061934844543540195,346.6697247706422,True,-1,-0.011046915493417186
37161,North Carolina,Cardiology,Heart Disease,42633,1,324,623.0,42633.0,10823.136363636364,15071.056217261126,3.939061522244014,CRITICAL GAP,21.45,37161|Cardiology,0.023456008256514907,1.916923076923077,False,1,0.05680955913718011
37161,North Carolina,Endocrinology,Diabetes,26639,0,0,0.0,0.0,18070.0,22988.768286620067,0.0,NO PROVIDER,100.0,37161|Endocrinology,0.0,0.0,False,1,0.1942794028685208
37161,North Carolina,Oncology,Cancer,4457,1,167,517.0,4457.0,2055.6666666666665,2642.926682217817,2.1681530728068754,CRITICAL GAP,11.81,37161|Oncology,0.22436616558223021,3.0773809523809526,False,1,0.13741134136322558
37161,North Carolina,Neurology,Neurological Disorders,2150,1,569,2793.0,2150.0,637.0,906.5174241117586,3.3751962323390896,CRITICAL GAP,18.38,37161|Neurology,0.4651162790697675,4.9,False,1,0.11091273673084223
37161,North Carolina,Psychiatry,Mental Health Disorders,14421,1,35,225.0,14421.0,3104.5,4291.15957060345,4.645192462554356,CRITICAL GAP,25.29,37161|Psychiatry,0.0693433187712364,6.25,False,1,0.12684692397076597
37161,North Carolina,Pulmonary,Respiratory Disease,10803,0,0,0.0,0.0,4251.578947368421,5741.879971570142,0.0,NO PROVIDER,100.0,37161|Pulmonary,0.0,0.0,False,1,0.1942794028685208
37161,North Carolina,Rheumatology,Arthritis,15234,0,0,0.0,0.0,10453.0,13315.598760659872,0.0,NO PROVIDER,100.0,37161|Rheumatology,0.0,0.0,False,1,0.1942794028685208
37163,North Carolina,Cardiology,Heart Disease,37299,1,419,910.0,37299.0,10823.136363636364,15071.056217261126,3.4462284079980177,CRITICAL GAP,18.76,37163|Cardiology,0.02681037025121317,2.1666666666666665,False,1,0.07906572217966157
37163,North Carolina,Endocrinology,Diabetes,25203,1,0,0.0,25203.0,18070.0,22988.768286620067,1.394742667404538,HIGH GAP,7.59,37163|Endocrinology,0.03967781613300004,0.0,False,1,0.028757593967708495
37163,North Carolina,Oncology,Cancer,3125,0,0,0.0,0.0,2055.6666666666665,2642.926682217817,0.0,NO PROVIDER,100.0,37163|Oncology,0.0,0.0,False,1,0.1942794028685208
37163,North Carolina,Neurology,Neurological Disorders,1934,0,0,0.0,0.0,637.0,906.5174241117586,0.0,NO PROVIDER,100.0,37163|Neurology,0.0,0.0,False,1,0.1942794028685208
37163,North Carolina,Psychiatry,Mental Health Disorders,11219,1,12,59.0,11219.0,3104.5,4291.15957060345,3.613786439040103,CRITICAL GAP,19.68,37163|Psychiatry,0.08913450396648542,4.538461538461538,False,1,0.1543467274730661
37163,North Carolina,Pulmonary,Respiratory Disease,8903,0,0,0.0,0.0,4251.578947368421,5741.879971570142,0.0,NO PROVIDER,100.0,37163|Pulmonary,0.0,0.0,False,1,0.1942794028685208
37163,North Carolina,Rheumatology,Arthritis,12478,0,0,0.0,0.0,10453.0,13315.598760659872,0.0,NO PROVIDER,100.0,37163|Rheumatology,0.0,0.0,False,1,0.1942794028685208
37165,North Carolina,Cardiology,Heart Disease,23398,2,324,1732.0,11699.0,10823.136363636364,15071.056217261126,1.080925122527918,HIGH GAP,5.89,37165|Cardiology,0.08547739123001966,5.32923076923077,False,1,0.1448046619669892
37165,North Carolina,Endocrinology,Diabetes,16354,0,0,0.0,0.0,18070.0,22988.768286620067,0.0,NO PROVIDER,100.0,37165|Endocrinology,0.0,0.0,False,1,0.1942794028685208
37165,North Carolina,Oncology,Cancer,1777,2,204,466.0,888.5,2055.6666666666665,2642.926682217817,0.4322198800064861,LOW GAP,2.35,37165|Oncology,1.1254924029262803,2.273170731707317,False,1,0.022175205389764585
37165,North Carolina,Neurology,Neurological Disorders,1379,0,0,0.0,0.0,637.0,906.5174241117586,0.0,NO PROVIDER,100.0,37165|Neurology,0.0,0.0,False,1,0.1942794028685208
37165,North Carolina,Psychiatry,Mental Health Disorders,6539,1,24,121.0,6539.0,3104.5,4291.15957060345,2.106297310355935,CRITICAL GAP,11.47,37165|Psychiatry,0.1529285823520416,4.84,False,1,0.15324183390441276
37165,North Carolina,Pulmonary,Respiratory Disease,6022,1,433,2879.0,6022.0,4251.578947368421,5741.879971570142,1.4164149541965834,HIGH GAP,7.71,37165|Pulmonary,0.16605778811026237,6.6336405529953915,False,1,0.13460942310989793
37165,North Carolina,Rheumatology,Arthritis,7653,0,0,0.0,0.0,10453.0,13315.598760659872,0.0,NO PROVIDER,100.0,37165|Rheumatology,0.0,0.0,False,1,0.1942794028685208
37167,North Carolina,Cardiology,Heart Disease,39939,0,0,0.0,0.0,10823.136363636364,15071.056217261126,0.0,NO PROVIDER,100.0,37167|Cardiology,0.0,0.0,False,1,0.1942794028685208
37167,North Carolina,Endocrinology,Diabetes,24637,0,0,0.0,0.0,18070.0,22988.768286620067,0.0,NO PROVIDER,100.0,37167|Endocrinology,0.0,0.0,False,1,0.1942794028685208
37167,North Carolina,Oncology,Cancer,4089,1,117,335.0,4089.0,2055.6666666666665,2642.926682217817,1.9891357223933843,HIGH GAP,10.83,37167|Oncology,0.24455857177794083,2.8389830508474576,False,1,0.13429135074379783
37167,North Carolina,Neurology,Neurological Disorders,1877,0,0,0.0,0.0,637.0,906.5174241117586,0.0,NO PROVIDER,100.0,37167|Neurology,0.0,0.0,False,1,0.1942794028685208
37167,North Carolina,Psychiatry,Mental Health Disorders,13476,5,242,966.0,2695.2,3104.5,4291.15957060345,0.8681591238524722,MODERATE GAP,4.73,37167|Psychiatry,0.37102997922232117,3.9753086419753085,False,1,0.12320020187468178
37167,North Carolina,Pulmonary,Respiratory Disease,9772,1,396,1231.0,9772.0,4251.578947368421,5741.879971570142,2.2984402079722703,CRITICAL GAP,12.51,37167|Pulmonary,0.10233319688907082,3.1007556675062973,False,1,0.15906515243641423
37167,North Carolina,Rheumatology,Arthritis,14016,0,0,0.0,0.0,10453.0,13315.598760659872,0.0,NO PROVIDER,100.0,37167|Rheumatology,0.0,0.0,False,1,0.1942794028685208
37169,North Carolina,Cardiology,Heart Disease,30011,0,0,0.0,0.0,10823.136363636364,15071.056217261126,0.0,NO PROVIDER,100.0,37169|Cardiology,0.0,0.0,False,1,0.1942794028685208
37169,North Carolina,Endocrinology,Diabetes,17980,0,0,0.0,0.0,18070.0,22988.768286620067,0.0,NO PROVIDER,100.0,37169|Endocrinology,0.0,0.0,False,1,0.1942794028685208
37169,North Carolina,Oncology,Cancer,3244,0,0,0.0,0.0,2055.6666666666665,2642.926682217817,0.0,NO PROVIDER,100.0,37169|Oncology,0.0,0.0,False,1,0.1942794028685208
37169,North Carolina,Neurology,Neurological Disorders,1390,0,0,0.0,0.0,637.0,906.5174241117586,0.0,NO PROVIDER,100.0,37169|Neurology,0.0,0.0,False,1,0.1942794028685208
37169,North Carolina,Psychiatry,Mental Health Disorders,10102,0,0,0.0,0.0,3104.5,4291.15957060345,0.0,NO PROVIDER,100.0,37169|Psychiatry,0.0,0.0,False,1,0.1942794028685208
37169,North Carolina,Pulmonary,Respiratory Disease,7155,0,0,0.0,0.0,4251.578947368421,5741.879971570142,0.0,NO PROVIDER,100.0,37169|Pulmonary,0.0,0.0,False,1,0.1942794028685208
37169,North Carolina,Rheumatology,Arthritis,10974,0,0,0.0,0.0,10453.0,13315.598760659872,0.0,NO PROVIDER,100.0,37169|Rheumatology,0.0,0.0,False,1,0.1942794028685208
37171,North Carolina,Cardiology,Heart Disease,45958,2,1215,6556.0,22979.0,10823.136363636364,15071.056217261126,2.1231368826881805,CRITICAL GAP,11.56,37171|Cardiology,0.04351799469080465,5.391447368421052,False,1,0.12169096454726769
37171,North Carolina,Endocrinology,Diabetes,30017,1,215,903.0,30017.0,18070.0,22988.768286620067,1.6611510791366906,HIGH GAP,9.04,37171|Endocrinology,0.03331445514208615,4.180555555555555,False,1,0.11164963206269829
37171,North Carolina,Oncology,Cancer,4805,0,0,0.0,0.0,2055.6666666666665,2642.926682217817,0.0,NO PROVIDER,100.0,37171|Oncology,0.0,0.0,False,1,0.1942794028685208
37171,North Carolina,Neurology,Neurological Disorders,2233,1,382,778.0,2233.0,637.0,906.5174241117586,3.505494505494505,CRITICAL GAP,19.09,37171|Neurology,0.4478280340349306,2.031331592689295,False,1,0.09230053984215425
37171,North Carolina,Psychiatry,Mental Health Disorders,15658,3,100,701.0,5219.333333333333,3104.5,4291.15957060345,1.6812154399527566,HIGH GAP,9.15,37171|Psychiatry,0.19159535061949162,6.9405940594059405,False,1,0.129261149110245
37171,North Carolina,Pulmonary,Respiratory Disease,11503,0,0,0.0,0.0,4251.578947368421,5741.879971570142,0.0,NO PROVIDER,100.0,37171|Pulmonary,0.0,0.0,False,1,0.1942794028685208
37171,North Carolina,Rheumatology,Arthritis,16365,0,0,0.0,0.0,10453.0,13315.598760659872,0.0,NO PROVIDER,100.0,37171|Rheumatology,0.0,0.0,False,1,0.1942794028685208
37173,North Carolina,Cardiology,Heart Disease,9041,1,1487,2490.0,9041.0,10823.136363636364,15071.056217261126,0.8353401173412176,MODERATE GAP,4.55,37173|Cardiology,0.11060723371308484,1.6733870967741935,False,1,0.12741068514969928
37173,North Carolina,Endocrinology,Diabetes,5954,0,0,0.0,0.0,18070.0,22988.768286620067,0.0,NO PROVIDER,100.0,37173|Endocrinology,0.0,0.0,False,1,0.1942794028685208
37173,North Carolina,Oncology,Cancer,878,0,0,0.0,0.0,2055.6666666666665,2642.926682217817,0.0,NO PROVIDER,100.0,37173|Oncology,0.0,0.0,False,1,0.1942794028685208
37173,North Carolina,Neurology,Neurological Disorders,469,0,0,0.0,0.0,637.0,906.5174241117586,0.0,NO PROVIDER,100.0,37173|Neurology,0.0,0.0,False,1,0.1942794028685208
37173,North Carolina,Psychiatry,Mental Health Disorders,2977,1,18,46.0,2977.0,3104.5,4291.15957060345,0.958930584635207,MODERATE GAP,5.22,37173|Psychiatry,0.3359086328518643,2.4210526315789473,False,1,0.12062889111475705
37173,North Carolina,Pulmonary,Respiratory Disease,2362,0,0,0.0,0.0,4251.578947368421,5741.879971570142,0.0,NO PROVIDER,100.0,37173|Pulmonary,0.0,0.0,False,1,0.1942794028685208
37173,North Carolina,Rheumatology,Arthritis,3157,0,0,0.0,0.0,10453.0,13315.598760659872,0.0,NO PROVIDER,100.0,37173|Rheumatology,0.0,0.0,False,1,0.1942794028685208
37175,North Carolina,Cardiology,Heart Disease,22834,1,601,2300.0,22834.0,10823.136363636364,15071.056217261126,2.109739657047822,CRITICAL GAP,11.49,37175|Cardiology,0.04379434177104318,3.820598006644518,False,1,0.13264055619992038
37175,North Carolina,Endocrinology,Diabetes,12758,0,0,0.0,0.0,18070.0,22988.768286620067,0.0,NO PROVIDER,100.0,37175|Endocrinology,0.0,0.0,False,1,0.1942794028685208
37175,North Carolina,Oncology,Cancer,2810,0,0,0.0,0.0,2055.6666666666665,2642.926682217817,0.0,NO PROVIDER,100.0,37175|Oncology,0.0,0.0,False,1,0.1942794028685208
37175,North Carolina,Neurology,Neurological Disorders,1008,4,1402,11532.0,252.0,637.0,906.5174241117586,0.3956043956043956,LOW GAP,2.15,37175|Neurology,3.968253968253968,8.219529579472558,True,-1,-0.08441860260339062
37175,North Carolina,Psychiatry,Mental Health Disorders,7266,2,103,289.0,3633.0,3104.5,4291.15957060345,1.170236753100338,HIGH GAP,6.37,37175|Psychiatry,0.2752546105147261,2.7788461538461537,False,1,0.1293388900025234
37175,North Carolina,Pulmonary,Respiratory Disease,5038,0,0,0.0,0.0,4251.578947368421,5741.879971570142,0.0,NO PROVIDER,100.0,37175|Pulmonary,0.0,0.0,False,1,0.1942794028685208
37175,North Carolina,Rheumatology,Arthritis,8330,0,0,0.0,0.0,10453.0,13315.598760659872,0.0,NO PROVIDER,100.0,37175|Rheumatology,0.0,0.0,False,1,0.1942794028685208
37177,North Carolina,Cardiology,Heart Disease,2402,0,0,0.0,0.0,10823.136363636364,15071.056217261126,0.0,NO PROVIDER,100.0,37177|Cardiology,0.0,0.0,False,1,0.1942794028685208
37177,North Carolina,Endocrinology,Diabetes,1572,0,0,0.0,0.0,18070.0,22988.768286620067,0.0,NO PROVIDER,100.0,37177|Endocrinology,0.0,0.0,False,1,0.1942794028685208
37177,North Carolina,Oncology,Cancer,205,0,0,0.0,0.0,2055.6666666666665,2642.926682217817,0.0,NO PROVIDER,100.0,37177|Oncology,0.0,0.0,False,1,0.1942794028685208
37177,North Carolina,Neurology,Neurological Disorders,136,0,0,0.0,0.0,637.0,906.5174241117586,0.0,NO PROVIDER,100.0,37177|Neurology,0.0,0.0,False,1,0.1942794028685208
37177,North Carolina,Psychiatry,Mental Health Disorders,657,1,103,384.0,657.0,3104.5,4291.15957060345,0.2116282815268159,LOW GAP,1.15,37177|Psychiatry,1.5220700152207,3.6923076923076925,False,1,0.008393199938135254
37177,North Carolina,Pulmonary,Respiratory Disease,570,0,0,0.0,0.0,4251.578947368421,5741.879971570142,0.0,NO PROVIDER,100.0,37177|Pulmonary,0.0,0.0,False,1,0.1942794028685208
37177,North Carolina,Rheumatology,Arthritis,821,0,0,0.0,0.0,10453.0,13315.598760659872,0.0,NO PROVIDER,100.0,37177|Rheumatology,0.0,0.0,False,1,0.1942794028685208
37179,North Carolina,Cardiology,Heart Disease,136983,4,3991,14395.0,34245.75,10823.136363636364,15071.056217261126,3.164124413608893,CRITICAL GAP,17.23,37179|Cardiology,0.02920070373696006,3.6059619238476954,False,1,0.100162319785843
37179,North Carolina,Endocrinology,Diabetes,82631,2,638,15337.0,41315.5,18070.0,22988.768286620067,2.286413945766464,CRITICAL GAP,12.45,37179|Endocrinology,0.02420399123815517,24.001564945226917,False,1,0.01316945326824015
37179,North Carolina,Oncology,Cancer,13900,5,855,2365.0,2780.0,2055.6666666666665,2642.926682217817,1.352359331928004,HIGH GAP,7.36,37179|Oncology,0.3597122302158273,2.7628504672897196,False,1,0.12374463891491677
37179,North Carolina,Neurology,Neurological Disorders,5368,4,1087,11494.0,1342.0,637.0,906.5174241117586,2.106750392464678,CRITICAL GAP,11.47,37179|Neurology,0.7451564828614009,10.564338235294118,False,1,0.04553338939630136
37179,North Carolina,Psychiatry,Mental Health Disorders,46684,3,188,860.0,15561.333333333334,3104.5,4291.15957060345,5.0125087238954205,CRITICAL GAP,27.29,37179|Psychiatry,0.06426184560020563,4.550264550264551,False,1,0.1425198596914825
37179,North Carolina,Pulmonary,Respiratory Disease,30100,5,2143,8394.0,6020.0,4251.578947368421,5741.879971570142,1.415944540727903,HIGH GAP,7.71,37179|Pulmonary,0.16611295681063123,3.9151119402985075,False,1,0.15209933017008603
37179,North Carolina,Rheumatology,Arthritis,44958,0,0,0.0,0.0,10453.0,13315.598760659872,0.0,NO PROVIDER,100.0,37179|Rheumatology,0.0,0.0,False,1,0.1942794028685208
37181,North Carolina,Cardiology,Heart Disease,27183,3,1114,3793.0,9061.0,10823.136363636364,15071.056217261126,0.8371880105329912,MODERATE GAP,4.56,37181|Cardiology,0.11036309458117205,3.4017937219730943,False,1,0.16168244336856363
37181,North Carolina,Endocrinology,Diabetes,18641,0,0,0.0,0.0,18070.0,22988.768286620067,0.0,NO PROVIDER,100.0,37181|Endocrinology,0.0,0.0,False,1,0.1942794028685208
37181,North Carolina,Oncology,Cancer,2136,1,178,329.0,2136.0,2055.6666666666665,2642.926682217817,1.0390789687043944,HIGH GAP,5.66,37181|Oncology,0.4681647940074906,1.8379888268156424,False,1,0.08112680046389464
37181,North Carolina,Neurology,Neurological Disorders,1509,1,444,821.0,1509.0,637.0,906.5174241117586,2.368916797488226,CRITICAL GAP,12.9,37181|Neurology,0.6626905235255136,1.844943820224719,False,1,0.056380651549215455
37181,North Carolina,Psychiatry,Mental Health Disorders,7579,2,31,114.0,3789.5,3104.5,4291.15957060345,1.220647447253986,HIGH GAP,6.65,37181|Psychiatry,0.2638870563398865,3.5625,False,1,0.1340379785444612
37181,North Carolina,Pulmonary,Respiratory Disease,6632,0,0,0.0,0.0,4251.578947368421,5741.879971570142,0.0,NO PROVIDER,100.0,37181|Pulmonary,0.0,0.0,False,1,0.1942794028685208
37181,North Carolina,Rheumatology,Arthritis,9168,0,0,0.0,0.0,10453.0,13315.598760659872,0.0,NO PROVIDER,100.0,37181|Rheumatology,0.0,0.0,False,1,0.1942794028685208
37183,North Carolina,Cardiology,Heart Disease,635401,73,76691,234529.0,8704.123287671233,10823.136363636364,15071.056217261126,0.8042145081822489,MODERATE GAP,4.38,37183|Cardiology,0.11488807855196953,3.0580634225212537,False,1,0.15943830868441744
37183,North Carolina,Endocrinology,Diabetes,352643,21,10046,70948.0,16792.52380952381,18070.0,22988.768286620067,0.9293040293040292,MODERATE GAP,5.06,37183|Endocrinology,0.05955031008697181,7.0616104309744205,False,1,0.1205232096819619
37183,North Carolina,Oncology,Cancer,62529,30,7524,342042.5,2084.3,2055.6666666666665,2642.926682217817,1.0139289768120645,HIGH GAP,5.52,37183|Oncology,0.4797773832941515,45.45415282392027,False,1,0.020052869828292796
37183,North Carolina,Neurology,Neurological Disorders,23448,36,10480,598884.0,651.3333333333334,637.0,906.5174241117586,1.022501308215594,HIGH GAP,5.57,37183|Neurology,1.5353121801432956,57.139967560347294,True,-1,-0.05453784794603478
37183,North Carolina,Psychiatry,Mental Health Disorders,212413,99,3638,23493.0,2145.5858585858587,3104.5,4291.15957060345,0.6911212300163823,MODERATE GAP,3.76,37183|Psychiatry,0.46607316877968863,6.455894476504534,False,1,0.10213717871359307
37183,North Carolina,Pulmonary,Respiratory Disease,133793,29,11520,41511.0,4613.551724137931,4251.578947368421,5741.879971570142,1.0851384347440047,HIGH GAP,5.91,37183|Pulmonary,0.21675274491191618,3.6030726499435812,False,1,0.13967669928836157
37183,North Carolina,Rheumatology,Arthritis,193563,19,4240,972457.0,10187.526315789471,10453.0,13315.598760659872,0.9746031106657872,MODERATE GAP,5.31,37183|Rheumatology,0.09815925564286564,229.29898608818675,False,1,0.02799093739279146
37185,North Carolina,Cardiology,Heart Disease,14101,0,0,0.0,0.0,10823.136363636364,15071.056217261126,0.0,NO PROVIDER,100.0,37185|Cardiology,0.0,0.0,False,1,0.1942794028685208
37185,North Carolina,Endocrinology,Diabetes,9535,0,0,0.0,0.0,18070.0,22988.768286620067,0.0,NO PROVIDER,100.0,37185|Endocrinology,0.0,0.0,False,1,0.1942794028685208
37185,North Carolina,Oncology,Cancer,1132,0,0,0.0,0.0,2055.6666666666665,2642.926682217817,0.0,NO PROVIDER,100.0,37185|Oncology,0.0,0.0,False,1,0.1942794028685208
37185,North Carolina,Neurology,Neurological Disorders,860,0,0,0.0,0.0,637.0,906.5174241117586,0.0,NO PROVIDER,100.0,37185|Neurology,0.0,0.0,False,1,0.1942794028685208
37185,North Carolina,Psychiatry,Mental Health Disorders,3581,0,0,0.0,0.0,3104.5,4291.15957060345,0.0,NO PROVIDER,100.0,37185|Psychiatry,0.0,0.0,False,1,0.1942794028685208
37185,North Carolina,Pulmonary,Respiratory Disease,3410,0,0,0.0,0.0,4251.578947368421,5741.879971570142,0.0,NO PROVIDER,100.0,37185|Pulmonary,0.0,0.0,False,1,0.1942794028685208
37185,North Carolina,Rheumatology,Arthritis,4829,0,0,0.0,0.0,10453.0,13315.598760659872,0.0,NO PROVIDER,100.0,37185|Rheumatology,0.0,0.0,False,1,0.1942794028685208
37187,North Carolina,Cardiology,Heart Disease,7996,0,0,0.0,0.0,10823.136363636364,15071.056217261126,0.0,NO PROVIDER,100.0,37187|Cardiology,0.0,0.0,False,1,0.1942794028685208
37187,North Carolina,Endocrinology,Diabetes,5304,0,0,0.0,0.0,18070.0,22988.768286620067,0.0,NO PROVIDER,100.0,37187|Endocrinology,0.0,0.0,False,1,0.1942794028685208
37187,North Carolina,Oncology,Cancer,664,0,0,0.0,0.0,2055.6666666666665,2642.926682217817,0.0,NO PROVIDER,100.0,37187|Oncology,0.0,0.0,False,1,0.1942794028685208
37187,North Carolina,Neurology,Neurological Disorders,491,0,0,0.0,0.0,637.0,906.5174241117586,0.0,NO PROVIDER,100.0,37187|Neurology,0.0,0.0,False,1,0.1942794028685208
37187,North Carolina,Psychiatry,Mental Health Disorders,2111,0,0,0.0,0.0,3104.5,4291.15957060345,0.0,NO PROVIDER,100.0,37187|Psychiatry,0.0,0.0,False,1,0.1942794028685208
37187,North Carolina,Pulmonary,Respiratory Disease,1991,0,0,0.0,0.0,4251.578947368421,5741.879971570142,0.0,NO PROVIDER,100.0,37187|Pulmonary,0.0,0.0,False,1,0.1942794028685208
37187,North Carolina,Rheumatology,Arthritis,2835,0,0,0.0,0.0,10453.0,13315.598760659872,0.0,NO PROVIDER,100.0,37187|Rheumatology,0.0,0.0,False,1,0.1942794028685208
37189,North Carolina,Cardiology,Heart Disease,34382,1,884,2252.0,34382.0,10823.136363636364,15071.056217261126,3.1767131859778504,CRITICAL GAP,17.3,37189|Cardiology,0.029084986330056427,2.544632768361582,False,1,0.09269844458711674
37189,North Carolina,Endocrinology,Diabetes,21726,0,0,0.0,0.0,18070.0,22988.768286620067,0.0,NO PROVIDER,100.0,37189|Endocrinology,0.0,0.0,False,1,0.1942794028685208
37189,North Carolina,Oncology,Cancer,3633,1,269,440.0,3633.0,2055.6666666666665,2642.926682217817,1.7673098751418843,HIGH GAP,9.62,37189|Oncology,0.2752546105147261,1.6296296296296295,False,1,0.09917452645752145
37189,North Carolina,Neurology,Neurological Disorders,1516,3,1730,9777.0,505.3333333333333,637.0,906.5174241117586,0.793301936159079,MODERATE GAP,4.32,37189|Neurology,1.978891820580475,5.648180242634315,True,-1,-0.025408022977326472
37189,North Carolina,Psychiatry,Mental Health Disorders,13618,1,0,0.0,13618.0,3104.5,4291.15957060345,4.386535674021582,CRITICAL GAP,23.88,37189|Psychiatry,0.0734322220590395,0.0,False,1,0.03976963171402692
37189,North Carolina,Pulmonary,Respiratory Disease,8662,3,658,5829.0,2887.333333333333,4251.578947368421,5741.879971570142,0.679120244284889,MODERATE GAP,3.7,37189|Pulmonary,0.3463403371045948,8.845220030349013,False,1,0.098859013725623
37189,North Carolina,Rheumatology,Arthritis,11958,2,729,160119.0,5979.0,10453.0,13315.598760659872,0.5719889027073567,MODERATE GAP,3.11,37189|Rheumatology,0.16725204883759826,219.34109589041097,False,1,0.020939405384877152
37191,North Carolina,Cardiology,Heart Disease,72385,1,1518,9946.0,72385.0,10823.136363636364,15071.056217261126,6.687987434326296,CRITICAL GAP,36.41,37191|Cardiology,0.01381501692339573,6.547728768926926,False,1,0.01293664858491006
37191,North Carolina,Endocrinology,Diabetes,47940,2,279,1268.0,23970.0,18070.0,22988.768286620067,1.326508024349751,HIGH GAP,7.22,37191|Endocrinology,0.04171881518564873,4.5285714285714285,False,1,0.13114543666943707
37191,North Carolina,Oncology,Cancer,6190,3,3540,747919.0,2063.333333333333,2055.6666666666665,2642.926682217817,1.0037295281336145,HIGH GAP,5.47,37191|Oncology,0.4846526655896607,211.21688788477832,True,-1,-0.010403510700006446
37191,North Carolina,Neurology,Neurological Disorders,3705,1,570,985.0,3705.0,637.0,906.5174241117586,5.816326530612245,CRITICAL GAP,31.67,37191|Neurology,0.2699055330634278,1.725043782837128,False,1,0.09915569810741653
37191,North Carolina,Psychiatry,Mental Health Disorders,22140,12,1087,6778.0,1845.0,3104.5,4291.15957060345,0.5942985988081817,MODERATE GAP,3.24,37191|Psychiatry,0.5420054200542005,6.229779411764706,False,1,0.09470782107880349
37191,North Carolina,Pulmonary,Respiratory Disease,17576,4,1121,2618.0,4394.0,4251.578947368421,5741.879971570142,1.033498390690765,HIGH GAP,5.63,37191|Pulmonary,0.2275830678197542,2.3333333333333335,False,1,0.1274394306751473
37191,North Carolina,Rheumatology,Arthritis,24445,1,402,212194.0,24445.0,10453.0,13315.598760659872,2.3385630919353297,CRITICAL GAP,12.73,37191|Rheumatology,0.04090816117815504,526.5359801488834,True,-1,-0.0403695739156299
37193,North Carolina,Cardiology,Heart Disease,43486,4,1138,1826.0,10871.5,10823.136363636364,15071.056217261126,1.0044685417182886,HIGH GAP,5.47,37193|Cardiology,0.09198362691440924,1.6031606672519754,False,1,0.12342836765851262
37193,North Carolina,Endocrinology,Diabetes,26712,0,0,0.0,0.0,18070.0,22988.768286620067,0.0,NO PROVIDER,100.0,37193|Endocrinology,0.0,0.0,False,1,0.1942794028685208
37193,North Carolina,Oncology,Cancer,4611,0,0,0.0,0.0,2055.6666666666665,2642.926682217817,0.0,NO PROVIDER,100.0,37193|Oncology,0.0,0.0,False,1,0.1942794028685208
37193,North Carolina,Neurology,Neurological Disorders,2173,3,250,467.0,724.3333333333334,637.0,906.5174241117586,1.1371009942438517,HIGH GAP,6.19,37193|Neurology,1.3805798435342844,1.8605577689243027,True,-1,-0.00286400695216249
37193,North Carolina,Psychiatry,Mental Health Disorders,14654,1,476,2361.0,14654.0,3104.5,4291.15957060345,4.72024480592688,CRITICAL GAP,25.7,37193|Psychiatry,0.0682407533779173,4.949685534591195,False,1,0.13977492911888528
37193,North Carolina,Pulmonary,Respiratory Disease,10812,1,306,1767.0,10812.0,4251.578947368421,5741.879971570142,2.543055211686061,CRITICAL GAP,13.85,37193|Pulmonary,0.0924898261191269,5.755700325732899,False,1,0.14530285713705376
37193,North Carolina,Rheumatology,Arthritis,15476,0,0,0.0,0.0,10453.0,13315.598760659872,0.0,NO PROVIDER,100.0,37193|Rheumatology,0.0,0.0,False,1,0.1942794028685208
37195,North Carolina,Cardiology,Heart Disease,51514,5,3139,23717.0,10302.8,10823.136363636364,15071.056217261126,0.9519236988102088,MODERATE GAP,5.18,37195|Cardiology,0.09706099312808168,7.5531847133757966,False,1,0.1294154320210163
37195,North Carolina,Endocrinology,Diabetes,32810,1,29,100.0,32810.0,18070.0,22988.768286620067,1.815716657443276,HIGH GAP,9.89,37195|Endocrinology,0.03047851264858275,3.3333333333333335,False,1,0.10353225911938124
37195,North Carolina,Oncology,Cancer,4204,3,1415,321848.0,1401.3333333333333,2055.6666666666665,2642.926682217817,0.6816928814658667,MODERATE GAP,3.71,37195|Oncology,0.7136060894386299,227.29378531073445,True,-1,-0.037554150709403045
37195,North Carolina,Neurology,Neurological Disorders,2894,8,2313,33826.0,361.75,637.0,906.5174241117586,0.5678963893249608,MODERATE GAP,3.09,37195|Neurology,2.7643400138217,14.617977528089888,True,-1,-0.06391876192073964
37195,North Carolina,Psychiatry,Mental Health Disorders,14806,3,317,1470.0,4935.333333333333,3104.5,4291.15957060345,1.5897353304343156,HIGH GAP,8.66,37195|Psychiatry,0.20262055923274347,4.622641509433962,False,1,0.14338562650977427
37195,North Carolina,Pulmonary,Respiratory Disease,12825,2,825,2893.0,6412.5,4251.578947368421,5741.879971570142,1.508263183956425,HIGH GAP,8.21,37195|Pulmonary,0.15594541910331386,3.502421307506053,False,1,0.15717748629787093
37195,North Carolina,Rheumatology,Arthritis,17730,2,733,261505.0,8865.0,10453.0,13315.598760659872,0.848081890366402,MODERATE GAP,4.62,37195|Rheumatology,0.11280315848843768,356.27384196185284,False,1,0.003834257603340774
37197,North Carolina,Cardiology,Heart Disease,24176,0,0,0.0,0.0,10823.136363636364,15071.056217261126,0.0,NO PROVIDER,100.0,37197|Cardiology,0.0,0.0,False,1,0.1942794028685208
37197,North Carolina,Endocrinology,Diabetes,14470,0,0,0.0,0.0,18070.0,22988.768286620067,0.0,NO PROVIDER,100.0,37197|Endocrinology,0.0,0.0,False,1,0.1942794028685208
37197,North Carolina,Oncology,Cancer,2554,0,0,0.0,0.0,2055.6666666666665,2642.926682217817,0.0,NO PROVIDER,100.0,37197|Oncology,0.0,0.0,False,1,0.1942794028685208
37197,North Carolina,Neurology,Neurological Disorders,1142,0,0,0.0,0.0,637.0,906.5174241117586,0.0,NO PROVIDER,100.0,37197|Neurology,0.0,0.0,False,1,0.1942794028685208
37197,North Carolina,Psychiatry,Mental Health Disorders,8114,0,0,0.0,0.0,3104.5,4291.15957060345,0.0,NO PROVIDER,100.0,37197|Psychiatry,0.0,0.0,False,1,0.1942794028685208
37197,North Carolina,Pulmonary,Respiratory Disease,5860,0,0,0.0,0.0,4251.578947368421,5741.879971570142,0.0,NO PROVIDER,100.0,37197|Pulmonary,0.0,0.0,False,1,0.1942794028685208
37197,North Carolina,Rheumatology,Arthritis,8429,0,0,0.0,0.0,10453.0,13315.598760659872,0.0,NO PROVIDER,100.0,37197|Rheumatology,0.0,0.0,False,1,0.1942794028685208
37199,North Carolina,Cardiology,Heart Disease,12590,0,0,0.0,0.0,10823.136363636364,15071.056217261126,0.0,NO PROVIDER,100.0,37199|Cardiology,0.0,0.0,False,1,0.1942794028685208
37199,North Carolina,Endocrinology,Diabetes,7393,0,0,0.0,0.0,18070.0,22988.768286620067,0.0,NO PROVIDER,100.0,37199|Endocrinology,0.0,0.0,False,1,0.1942794028685208
37199,North Carolina,Oncology,Cancer,1426,0,0,0.0,0.0,2055.6666666666665,2642.926682217817,0.0,NO PROVIDER,100.0,37199|Oncology,0.0,0.0,False,1,0.1942794028685208
37199,North Carolina,Neurology,Neurological Disorders,600,0,0,0.0,0.0,637.0,906.5174241117586,0.0,NO PROVIDER,100.0,37199|Neurology,0.0,0.0,False,1,0.1942794028685208
37199,North Carolina,Psychiatry,Mental Health Disorders,4238,0,0,0.0,0.0,3104.5,4291.15957060345,0.0,NO PROVIDER,100.0,37199|Psychiatry,0.0,0.0,False,1,0.1942794028685208
37199,North Carolina,Pulmonary,Respiratory Disease,3061,0,0,0.0,0.0,4251.578947368421,5741.879971570142,0.0,NO PROVIDER,100.0,37199|Pulmonary,0.0,0.0,False,1,0.1942794028685208
37199,North Carolina,Rheumatology,Arthritis,4589,0,0,0.0,0.0,10453.0,13315.598760659872,0.0,NO PROVIDER,100.0,37199|Rheumatology,0.0,0.0,False,1,0.1942794028685208
48001,Texas,Cardiology,Heart Disease,36569,3,1450,7273.0,12189.666666666666,10823.136363636364,15071.056217261126,1.1262601021660947,HIGH GAP,6.13,48001|Cardiology,0.08203669774945992,5.012405237767057,False,1,0.14833039749590304
48001,Texas,Endocrinology,Diabetes,24650,1,629,36254.0,24650.0,18070.0,22988.768286620067,1.3641394576646375,HIGH GAP,7.43,48001|Endocrinology,0.04056795131845842,57.546031746031744,False,1,0.014400929435129939
48001,Texas,Oncology,Cancer,3038,1,598,167327.0,3038.0,2055.6666666666665,2642.926682217817,1.4778660612939842,HIGH GAP,8.05,48001|Oncology,0.3291639236339697,279.3439065108514,True,-1,-0.004714274934797702
48001,Texas,Neurology,Neurological Disorders,1762,0,0,0.0,0.0,637.0,906.5174241117586,0.0,NO PROVIDER,100.0,48001|Neurology,0.0,0.0,False,1,0.1942794028685208
48001,Texas,Psychiatry,Mental Health Disorders,10227,2,77,1006.0,5113.5,3104.5,4291.15957060345,1.6471251409244645,HIGH GAP,8.97,48001|Psychiatry,0.1955607705094358,12.897435897435898,False,1,0.09752510255211333
48001,Texas,Pulmonary,Respiratory Disease,8094,0,0,0.0,0.0,4251.578947368421,5741.879971570142,0.0,NO PROVIDER,100.0,48001|Pulmonary,0.0,0.0,False,1,0.1942794028685208
48001,Texas,Rheumatology,Arthritis,11131,0,0,0.0,0.0,10453.0,13315.598760659872,0.0,NO PROVIDER,100.0,48001|Rheumatology,0.0,0.0,False,1,0.1942794028685208
48003,Texas,Cardiology,Heart Disease,9183,0,0,0.0,0.0,10823.136363636364,15071.056217261126,0.0,NO PROVIDER,100.0,48003|Cardiology,0.0,0.0,False,1,0.1942794028685208
48003,Texas,Endocrinology,Diabetes,6364,0,0,0.0,0.0,18070.0,22988.768286620067,0.0,NO PROVIDER,100.0,48003|Endocrinology,0.0,0.0,False,1,0.1942794028685208
48003,Texas,Oncology,Cancer,727,0,0,0.0,0.0,2055.6666666666665,2642.926682217817,0.0,NO PROVIDER,100.0,48003|Oncology,0.0,0.0,False,1,0.1942794028685208
48003,Texas,Neurology,Neurological Disorders,405,0,0,0.0,0.0,637.0,906.5174241117586,0.0,NO PROVIDER,100.0,48003|Neurology,0.0,0.0,False,1,0.1942794028685208
48003,Texas,Psychiatry,Mental Health Disorders,2825,0,0,0.0,0.0,3104.5,4291.15957060345,0.0,NO PROVIDER,100.0,48003|Psychiatry,0.0,0.0,False,1,0.1942794028685208
48003,Texas,Pulmonary,Respiratory Disease,2015,0,0,0.0,0.0,4251.578947368421,5741.879971570142,0.0,NO PROVIDER,100.0,48003|Pulmonary,0.0,0.0,False,1,0.1942794028685208
48003,Texas,Rheumatology,Arthritis,2690,0,0,0.0,0.0,10453.0,13315.598760659872,0.0,NO PROVIDER,100.0,48003|Rheumatology,0.0,0.0,False,1,0.1942794028685208
48005,Texas,Cardiology,Heart Disease,55663,2,1916,27897.0,27831.5,10823.136363636364,15071.056217261126,2.57148196834223,CRITICAL GAP,14.0,48005|Cardiology,0.035930510392900135,14.55242566510172,False,1,0.06921974660216101
48005,Texas,Endocrinology,Diabetes,35792,1,472,2154.0,35792.0,18070.0,22988.768286620067,1.980741560597676,HIGH GAP,10.78,48005|Endocrinology,0.02793920429146178,4.553911205073995,False,1,0.09077176746838367
48005,Texas,Oncology,Cancer,4503,3,835,367404.0,1501.0,2055.6666666666665,2642.926682217817,0.730176747202854,MODERATE GAP,3.98,48005|Oncology,0.6662225183211192,439.47846889952154,True,-1,-0.06040023146054618
48005,Texas,Neurology,Neurological Disorders,2545,3,1526,8146.0,848.3333333333334,637.0,906.5174241117586,1.3317634746206175,HIGH GAP,7.25,48005|Neurology,1.1787819253438114,5.33464309102816,False,1,0.023210560907151345
48005,Texas,Psychiatry,Mental Health Disorders,16053,4,263,2862.0,4013.25,3104.5,4291.15957060345,1.292720244805927,HIGH GAP,7.04,48005|Psychiatry,0.24917460910733197,10.840909090909092,False,1,0.09600386593995391
48005,Texas,Pulmonary,Respiratory Disease,12595,2,1680,5793.0,6297.5,4251.578947368421,5741.879971570142,1.481214409507304,HIGH GAP,8.06,48005|Pulmonary,0.15879317189360856,3.446162998215348,False,1,0.157746543332211
48005,Texas,Rheumatology,Arthritis,17358,1,371,74788.0,17358.0,10453.0,13315.598760659872,1.660575911221659,HIGH GAP,9.04,48005|Rheumatology,0.05761032377001959,201.04301075268816,False,1,0.008045967704272905
48007,Texas,Cardiology,Heart Disease,17672,0,0,0.0,0.0,10823.136363636364,15071.056217261126,0.0,NO PROVIDER,100.0,48007|Cardiology,0.0,0.0,False,1,0.1942794028685208
48007,Texas,Endocrinology,Diabetes,10401,0,0,0.0,0.0,18070.0,22988.768286620067,0.0,NO PROVIDER,100.0,48007|Endocrinology,0.0,0.0,False,1,0.1942794028685208
48007,Texas,Oncology,Cancer,1794,0,0,0.0,0.0,2055.6666666666665,2642.926682217817,0.0,NO PROVIDER,100.0,48007|Oncology,0.0,0.0,False,1,0.1942794028685208
48007,Texas,Neurology,Neurological Disorders,803,0,0,0.0,0.0,637.0,906.5174241117586,0.0,NO PROVIDER,100.0,48007|Neurology,0.0,0.0,False,1,0.1942794028685208
48007,Texas,Psychiatry,Mental Health Disorders,4872,1,57,390.0,4872.0,3104.5,4291.15957060345,1.5693348365276212,HIGH GAP,8.54,48007|Psychiatry,0.20525451559934318,6.724137931034483,False,1,0.12681523724128896
48007,Texas,Pulmonary,Respiratory Disease,3703,0,0,0.0,0.0,4251.578947368421,5741.879971570142,0.0,NO PROVIDER,100.0,48007|Pulmonary,0.0,0.0,False,1,0.1942794028685208
48007,Texas,Rheumatology,Arthritis,5727,0,0,0.0,0.0,10453.0,13315.598760659872,0.0,NO PROVIDER,100.0,48007|Rheumatology,0.0,0.0,False,1,0.1942794028685208
48009,Texas,Cardiology,Heart Disease,5368,0,0,0.0,0.0,10823.136363636364,15071.056217261126,0.0,NO PROVIDER,100.0,48009|Cardiology,0.0,0.0,False,1,0.1942794028685208
48009,Texas,Endocrinology,Diabetes,3218,3,1486,7645.0,1072.6666666666667,18070.0,22988.768286620067,0.0593617413761298,LOW GAP,0.32,48009|Endocrinology,0.9322560596643878,5.141223940820444,False,1,0.0418316450280255
48009,Texas,Oncology,Cancer,579,0,0,0.0,0.0,2055.6666666666665,2642.926682217817,0.0,NO PROVIDER,100.0,48009|Oncology,0.0,0.0,False,1,0.1942794028685208
48009,Texas,Neurology,Neurological Disorders,234,2,352,1154.0,117.0,637.0,906.5174241117586,0.1836734693877551,LOW GAP,1.0,48009|Neurology,8.547008547008549,3.2691218130311617,True,-1,-0.12967014680518074
48009,Texas,Psychiatry,Mental Health Disorders,1713,0,0,0.0,0.0,3104.5,4291.15957060345,0.0,NO PROVIDER,100.0,48009|Psychiatry,0.0,0.0,False,1,0.1942794028685208
48009,Texas,Pulmonary,Respiratory Disease,1221,0,0,0.0,0.0,4251.578947368421,5741.879971570142,0.0,NO PROVIDER,100.0,48009|Pulmonary,0.0,0.0,False,1,0.1942794028685208
48009,Texas,Rheumatology,Arthritis,1801,1,495,2153.0,1801.0,10453.0,13315.598760659872,0.1722950349182053,LOW GAP,0.94,48009|Rheumatology,0.5552470849528041,4.340725806451613,False,1,0.10222913500248709
48011,Texas,Cardiology,Heart Disease,1083,0,0,0.0,0.0,10823.136363636364,15071.056217261126,0.0,NO PROVIDER,100.0,48011|Cardiology,0.0,0.0,False,1,0.1942794028685208
48011,Texas,Endocrinology,Diabetes,630,0,0,0.0,0.0,18070.0,22988.768286620067,0.0,NO PROVIDER,100.0,48011|Endocrinology,0.0,0.0,False,1,0.1942794028685208
48011,Texas,Oncology,Cancer,123,0,0,0.0,0.0,2055.6666666666665,2642.926682217817,0.0,NO PROVIDER,100.0,48011|Oncology,0.0,0.0,False,1,0.1942794028685208
48011,Texas,Neurology,Neurological Disorders,46,0,0,0.0,0.0,637.0,906.5174241117586,0.0,NO PROVIDER,100.0,48011|Neurology,0.0,0.0,False,1,0.1942794028685208
48011,Texas,Psychiatry,Mental Health Disorders,340,0,0,0.0,0.0,3104.5,4291.15957060345,0.0,NO PROVIDER,100.0,48011|Psychiatry,0.0,0.0,False,1,0.1942794028685208
48011,Texas,Pulmonary,Respiratory Disease,234,0,0,0.0,0.0,4251.578947368421,5741.879971570142,0.0,NO PROVIDER,100.0,48011|Pulmonary,0.0,0.0,False,1,0.1942794028685208
48011,Texas,Rheumatology,Arthritis,363,0,0,0.0,0.0,10453.0,13315.598760659872,0.0,NO PROVIDER,100.0,48011|Rheumatology,0.0,0.0,False,1,0.1942794028685208
48013,Texas,Cardiology,Heart Disease,29457,1,770,3811.0,29457.0,10823.136363636364,15071.056217261126,2.7216694875036223,CRITICAL GAP,14.82,48013|Cardiology,0.033947788301592154,4.942931258106356,False,1,0.10437220814776105
48013,Texas,Endocrinology,Diabetes,21626,0,0,0.0,0.0,18070.0,22988.768286620067,0.0,NO PROVIDER,100.0,48013|Endocrinology,0.0,0.0,False,1,0.1942794028685208
48013,Texas,Oncology,Cancer,2166,0,0,0.0,0.0,2055.6666666666665,2642.926682217817,0.0,NO PROVIDER,100.0,48013|Oncology,0.0,0.0,False,1,0.1942794028685208
48013,Texas,Neurology,Neurological Disorders,1273,0,0,0.0,0.0,637.0,906.5174241117586,0.0,NO PROVIDER,100.0,48013|Neurology,0.0,0.0,False,1,0.1942794028685208
48013,Texas,Psychiatry,Mental Health Disorders,7925,6,269,2256.0,1320.8333333333333,3104.5,4291.15957060345,0.4254576689751436,LOW GAP,2.32,48013|Psychiatry,0.7570977917981072,8.355555555555556,False,1,0.05001258373254924
48013,Texas,Pulmonary,Respiratory Disease,5796,1,279,967.0,5796.0,4251.578947368421,5741.879971570142,1.363258232235702,HIGH GAP,7.42,48013|Pulmonary,0.1725327812284334,3.4535714285714287,False,1,0.15439654849532297
48013,Texas,Rheumatology,Arthritis,8875,0,0,0.0,0.0,10453.0,13315.598760659872,0.0,NO PROVIDER,100.0,48013|Rheumatology,0.0,0.0,False,1,0.1942794028685208
48015,Texas,Cardiology,Heart Disease,19131,1,1097,6969.0,19131.0,10823.136363636364,15071.056217261126,1.7676022325909562,HIGH GAP,9.62,48015|Cardiology,0.052271182896868953,6.3469945355191255,False,1,0.12253969567849854
48015,Texas,Endocrinology,Diabetes,12266,0,0,0.0,0.0,18070.0,22988.768286620067,0.0,NO PROVIDER,100.0,48015|Endocrinology,0.0,0.0,False,1,0.1942794028685208
48015,Texas,Oncology,Cancer,1840,0,0,0.0,0.0,2055.6666666666665,2642.926682217817,0.0,NO PROVIDER,100.0,48015|Oncology,0.0,0.0,False,1,0.1942794028685208
48015,Texas,Neurology,Neurological Disorders,896,0,0,0.0,0.0,637.0,906.5174241117586,0.0,NO PROVIDER,100.0,48015|Neurology,0.0,0.0,False,1,0.1942794028685208
48015,Texas,Psychiatry,Mental Health Disorders,5485,0,0,0.0,0.0,3104.5,4291.15957060345,0.0,NO PROVIDER,100.0,48015|Psychiatry,0.0,0.0,False,1,0.1942794028685208
48015,Texas,Pulmonary,Respiratory Disease,4226,0,0,0.0,0.0,4251.578947368421,5741.879971570142,0.0,NO PROVIDER,100.0,48015|Pulmonary,0.0,0.0,False,1,0.1942794028685208
48015,Texas,Rheumatology,Arthritis,6127,0,0,0.0,0.0,10453.0,13315.598760659872,0.0,NO PROVIDER,100.0,48015|Rheumatology,0.0,0.0,False,1,0.1942794028685208
48017,Texas,Cardiology,Heart Disease,3591,0,0,0.0,0.0,10823.136363636364,15071.056217261126,0.0,NO PROVIDER,100.0,48017|Cardiology,0.0,0.0,False,1,0.1942794028685208
48017,Texas,Endocrinology,Diabetes,2528,0,0,0.0,0.0,18070.0,22988.768286620067,0.0,NO PROVIDER,100.0,48017|Endocrinology,0.0,0.0,False,1,0.1942794028685208
48017,Texas,Oncology,Cancer,276,0,0,0.0,0.0,2055.6666666666665,2642.926682217817,0.0,NO PROVIDER,100.0,48017|Oncology,0.0,0.0,False,1,0.1942794028685208
48017,Texas,Neurology,Neurological Disorders,168,0,0,0.0,0.0,637.0,906.5174241117586,0.0,NO PROVIDER,100.0,48017|Neurology,0.0,0.0,False,1,0.1942794028685208
48017,Texas,Psychiatry,Mental Health Disorders,1001,0,0,0.0,0.0,3104.5,4291.15957060345,0.0,NO PROVIDER,100.0,48017|Psychiatry,0.0,0.0,False,1,0.1942794028685208
48017,Texas,Pulmonary,Respiratory Disease,760,0,0,0.0,0.0,4251.578947368421,5741.879971570142,0.0,NO PROVIDER,100.0,48017|Pulmonary,0.0,0.0,False,1,0.1942794028685208
48017,Texas,Rheumatology,Arthritis,1061,0,0,0.0,0.0,10453.0,13315.598760659872,0.0,NO PROVIDER,100.0,48017|Rheumatology,0.0,0.0,False,1,0.1942794028685208
48019,Texas,Cardiology,Heart Disease,15594,0,0,0.0,0.0,10823.136363636364,15071.056217261126,0.0,NO PROVIDER,100.0,48019|Cardiology,0.0,0.0,False,1,0.1942794028685208
48019,Texas,Endocrinology,Diabetes,9160,0,0,0.0,0.0,18070.0,22988.768286620067,0.0,NO PROVIDER,100.0,48019|Endocrinology,0.0,0.0,False,1,0.1942794028685208
48019,Texas,Oncology,Cancer,1684,0,0,0.0,0.0,2055.6666666666665,2642.926682217817,0.0,NO PROVIDER,100.0,48019|Oncology,0.0,0.0,False,1,0.1942794028685208
48019,Texas,Neurology,Neurological Disorders,705,0,0,0.0,0.0,637.0,906.5174241117586,0.0,NO PROVIDER,100.0,48019|Neurology,0.0,0.0,False,1,0.1942794028685208
48019,Texas,Psychiatry,Mental Health Disorders,4477,0,0,0.0,0.0,3104.5,4291.15957060345,0.0,NO PROVIDER,100.0,48019|Psychiatry,0.0,0.0,False,1,0.1942794028685208
48019,Texas,Pulmonary,Respiratory Disease,3339,0,0,0.0,0.0,4251.578947368421,5741.879971570142,0.0,NO PROVIDER,100.0,48019|Pulmonary,0.0,0.0,False,1,0.1942794028685208
48019,Texas,Rheumatology,Arthritis,5192,0,0,0.0,0.0,10453.0,13315.598760659872,0.0,NO PROVIDER,100.0,48019|Rheumatology,0.0,0.0,False,1,0.1942794028685208
48021,Texas,Cardiology,Heart Disease,62264,0,0,0.0,0.0,10823.136363636364,15071.056217261126,0.0,NO PROVIDER,100.0,48021|Cardiology,0.0,0.0,False,1,0.1942794028685208
48021,Texas,Endocrinology,Diabetes,43355,0,0,0.0,0.0,18070.0,22988.768286620067,0.0,NO PROVIDER,100.0,48021|Endocrinology,0.0,0.0,False,1,0.1942794028685208
48021,Texas,Oncology,Cancer,5373,3,1446,372679.0,1791.0,2055.6666666666665,2642.926682217817,0.8712502026917465,MODERATE GAP,4.74,48021|Oncology,0.5583472920156337,257.55286800276434,True,-1,-0.02033950700459619
48021,Texas,Neurology,Neurological Disorders,2748,0,0,0.0,0.0,637.0,906.5174241117586,0.0,NO PROVIDER,100.0,48021|Neurology,0.0,0.0,False,1,0.1942794028685208
48021,Texas,Psychiatry,Mental Health Disorders,18089,2,148,401.0,9044.5,3104.5,4291.15957060345,2.913351586406829,CRITICAL GAP,15.86,48021|Psychiatry,0.1105644314224114,2.6912751677852347,False,1,0.1587738996004422
48021,Texas,Pulmonary,Respiratory Disease,13084,0,0,0.0,0.0,4251.578947368421,5741.879971570142,0.0,NO PROVIDER,100.0,48021|Pulmonary,0.0,0.0,False,1,0.1942794028685208
48021,Texas,Rheumatology,Arthritis,18827,2,279,63006.0,9413.5,10453.0,13315.598760659872,0.900554864632163,MODERATE GAP,4.9,48021|Rheumatology,0.10623041376746162,225.02142857142857,False,1,0.026807888298975735
48023,Texas,Cardiology,Heart Disease,2205,0,0,0.0,0.0,10823.136363636364,15071.056217261126,0.0,NO PROVIDER,100.0,48023|Cardiology,0.0,0.0,False,1,0.1942794028685208
48023,Texas,Endocrinology,Diabetes,1334,0,0,0.0,0.0,18070.0,22988.768286620067,0.0,NO PROVIDER,100.0,48023|Endocrinology,0.0,0.0,False,1,0.1942794028685208
48023,Texas,Oncology,Cancer,223,0,0,0.0,0.0,2055.6666666666665,2642.926682217817,0.0,NO PROVIDER,100.0,48023|Oncology,0.0,0.0,False,1,0.1942794028685208
48023,Texas,Neurology,Neurological Disorders,108,0,0,0.0,0.0,637.0,906.5174241117586,0.0,NO PROVIDER,100.0,48023|Neurology,0.0,0.0,False,1,0.1942794028685208
48023,Texas,Psychiatry,Mental Health Disorders,667,0,0,0.0,0.0,3104.5,4291.15957060345,0.0,NO PROVIDER,100.0,48023|Psychiatry,0.0,0.0,False,1,0.1942794028685208
48023,Texas,Pulmonary,Respiratory Disease,515,0,0,0.0,0.0,4251.578947368421,5741.879971570142,0.0,NO PROVIDER,100.0,48023|Pulmonary,0.0,0.0,False,1,0.1942794028685208
48023,Texas,Rheumatology,Arthritis,727,0,0,0.0,0.0,10453.0,13315.598760659872,0.0,NO PROVIDER,100.0,48023|Rheumatology,0.0,0.0,False,1,0.1942794028685208
48025,Texas,Cardiology,Heart Disease,18417,1,502,1169.0,18417.0,10823.136363636364,15071.056217261126,1.7016324456446417,HIGH GAP,9.26,48025|Cardiology,0.05429765977086388,2.324055666003976,False,1,0.13867724727654518
48025,Texas,Endocrinology,Diabetes,13206,0,0,0.0,0.0,18070.0,22988.768286620067,0.0,NO PROVIDER,100.0,48025|Endocrinology,0.0,0.0,False,1,0.1942794028685208
48025,Texas,Oncology,Cancer,1269,0,0,0.0,0.0,2055.6666666666665,2642.926682217817,0.0,NO PROVIDER,100.0,48025|Oncology,0.0,0.0,False,1,0.1942794028685208
48025,Texas,Neurology,Neurological Disorders,813,0,0,0.0,0.0,637.0,906.5174241117586,0.0,NO PROVIDER,100.0,48025|Neurology,0.0,0.0,False,1,0.1942794028685208
48025,Texas,Psychiatry,Mental Health Disorders,4792,0,0,0.0,0.0,3104.5,4291.15957060345,0.0,NO PROVIDER,100.0,48025|Psychiatry,0.0,0.0,False,1,0.1942794028685208
48025,Texas,Pulmonary,Respiratory Disease,3573,1,869,4096.0,3573.0,4251.578947368421,5741.879971570142,0.8403936617974747,MODERATE GAP,4.58,48025|Pulmonary,0.279876854184159,4.708045977011494,False,1,0.12809976298524567
48025,Texas,Rheumatology,Arthritis,5051,0,0,0.0,0.0,10453.0,13315.598760659872,0.0,NO PROVIDER,100.0,48025|Rheumatology,0.0,0.0,False,1,0.1942794028685208
48027,Texas,Cardiology,Heart Disease,199636,2,2069,4222.0,99818.0,10823.136363636364,15071.056217261126,9.22265013082244,CRITICAL GAP,50.22,48027|Cardiology,0.010018233184395601,2.039613526570048,False,1,0.007315088524056712
48027,Texas,Endocrinology,Diabetes,160137,1,172,547.0,160137.0,18070.0,22988.768286620067,8.862036524626452,CRITICAL GAP,48.25,48027|Endocrinology,0.006244653015855174,3.161849710982659,False,1,0.01775620846608894
48027,Texas,Oncology,Cancer,17112,1,66,345.0,17112.0,2055.6666666666665,2642.926682217817,8.32430679422734,CRITICAL GAP,45.32,48027|Oncology,0.0584385226741468,5.149253731343284,False,1,0.136118046080678
48027,Texas,Neurology,Neurological Disorders,9269,2,354,3633.0,4634.5,637.0,906.5174241117586,7.275510204081633,CRITICAL GAP,39.61,48027|Neurology,0.21577300679684971,10.233802816901408,False,1,0.10063757127614203
48027,Texas,Psychiatry,Mental Health Disorders,70015,13,438,2396.0,5385.769230769231,3104.5,4291.15957060345,1.734826616450066,HIGH GAP,9.45,48027|Psychiatry,0.1856744983217882,5.457858769931663,False,1,0.14760661578106116
48027,Texas,Pulmonary,Respiratory Disease,47485,1,480,1027.0,47485.0,4251.578947368421,5741.879971570142,11.1687917801436,CRITICAL GAP,60.81,48027|Pulmonary,0.021059281878487945,2.135135135135135,False,1,0.05294548820942413
48027,Texas,Rheumatology,Arthritis,66593,0,0,0.0,0.0,10453.0,13315.598760659872,0.0,NO PROVIDER,100.0,48027|Rheumatology,0.0,0.0,False,1,0.1942794028685208
48029,Texas,Cardiology,Heart Disease,1119698,113,56297,228158.0,9908.83185840708,10823.136363636364,15071.056217261126,0.9155231464789476,MODERATE GAP,4.98,48029|Cardiology,0.10092006951874523,4.052683931933639,False,1,0.15657436349209963
48029,Texas,Endocrinology,Diabetes,756979,39,13634,206135.0,19409.71794871795,18070.0,22988.768286620067,1.0741404509528472,HIGH GAP,5.85,48029|Endocrinology,0.051520583794266425,15.118078474514117,False,1,0.08299620457434509
48029,Texas,Oncology,Cancer,85160,53,14528,3242126.0,1606.7924528301887,2055.6666666666665,2642.926682217817,0.7816405640490622,MODERATE GAP,4.26,48029|Oncology,0.6223579145138562,223.1485993530181,True,-1,-0.023398697734072438
48029,Texas,Neurology,Neurological Disorders,47311,97,18939,273215.0,487.74226804123714,637.0,906.5174241117586,0.7656864490443284,MODERATE GAP,4.17,48029|Neurology,2.0502631523324384,14.425290390707497,True,-1,-0.04153244828293079
48029,Texas,Psychiatry,Mental Health Disorders,348526,129,4289,30068.0,2701.751937984496,3104.5,4291.15957060345,0.8702695886566263,MODERATE GAP,4.74,48029|Psychiatry,0.37013020549399467,7.008857808857809,False,1,0.1055258244139714
48029,Texas,Pulmonary,Respiratory Disease,221575,82,27247,104553.0,2702.134146341464,4251.578947368421,5741.879971570142,0.6355601483100743,MODERATE GAP,3.46,48029|Pulmonary,0.37007785174320207,3.837088960657663,False,1,0.12405601425930818
48029,Texas,Rheumatology,Arthritis,345372,33,10308,2490627.2,10465.818181818182,10453.0,13315.598760659872,1.0012262682309558,HIGH GAP,5.45,48029|Rheumatology,0.09554914700670582,241.5973615287613,False,1,0.021744293454873387
48031,Texas,Cardiology,Heart Disease,8341,0,0,0.0,0.0,10823.136363636364,15071.056217261126,0.0,NO PROVIDER,100.0,48031|Cardiology,0.0,0.0,False,1,0.1942794028685208
48031,Texas,Endocrinology,Diabetes,4963,0,0,0.0,0.0,18070.0,22988.768286620067,0.0,NO PROVIDER,100.0,48031|Endocrinology,0.0,0.0,False,1,0.1942794028685208
48031,Texas,Oncology,Cancer,959,0,0,0.0,0.0,2055.6666666666665,2642.926682217817,0.0,NO PROVIDER,100.0,48031|Oncology,0.0,0.0,False,1,0.1942794028685208
48031,Texas,Neurology,Neurological Disorders,343,0,0,0.0,0.0,637.0,906.5174241117586,0.0,NO PROVIDER,100.0,48031|Neurology,0.0,0.0,False,1,0.1942794028685208
48031,Texas,Psychiatry,Mental Health Disorders,2441,0,0,0.0,0.0,3104.5,4291.15957060345,0.0,NO PROVIDER,100.0,48031|Psychiatry,0.0,0.0,False,1,0.1942794028685208
48031,Texas,Pulmonary,Respiratory Disease,1716,0,0,0.0,0.0,4251.578947368421,5741.879971570142,0.0,NO PROVIDER,100.0,48031|Pulmonary,0.0,0.0,False,1,0.1942794028685208
48031,Texas,Rheumatology,Arthritis,2768,0,0,0.0,0.0,10453.0,13315.598760659872,0.0,NO PROVIDER,100.0,48031|Rheumatology,0.0,0.0,False,1,0.1942794028685208
48033,Texas,Cardiology,Heart Disease,355,0,0,0.0,0.0,10823.136363636364,15071.056217261126,0.0,NO PROVIDER,100.0,48033|Cardiology,0.0,0.0,False,1,0.1942794028685208
48033,Texas,Endocrinology,Diabetes,202,0,0,0.0,0.0,18070.0,22988.768286620067,0.0,NO PROVIDER,100.0,48033|Endocrinology,0.0,0.0,False,1,0.1942794028685208
48033,Texas,Oncology,Cancer,40,0,0,0.0,0.0,2055.6666666666665,2642.926682217817,0.0,NO PROVIDER,100.0,48033|Oncology,0.0,0.0,False,1,0.1942794028685208
48033,Texas,Neurology,Neurological Disorders,15,0,0,0.0,0.0,637.0,906.5174241117586,0.0,NO PROVIDER,100.0,48033|Neurology,0.0,0.0,False,1,0.1942794028685208
48033,Texas,Psychiatry,Mental Health Disorders,105,0,0,0.0,0.0,3104.5,4291.15957060345,0.0,NO PROVIDER,100.0,48033|Psychiatry,0.0,0.0,False,1,0.1942794028685208
48033,Texas,Pulmonary,Respiratory Disease,73,0,0,0.0,0.0,4251.578947368421,5741.879971570142,0.0,NO PROVIDER,100.0,48033|Pulmonary,0.0,0.0,False,1,0.1942794028685208
48033,Texas,Rheumatology,Arthritis,116,0,0,0.0,0.0,10453.0,13315.598760659872,0.0,NO PROVIDER,100.0,48033|Rheumatology,0.0,0.0,False,1,0.1942794028685208
48035,Texas,Cardiology,Heart Disease,11953,1,975,3937.0,11953.0,10823.136363636364,15071.056217261126,1.1043933660634415,HIGH GAP,6.01,48035|Cardiology,0.08366100560528737,4.033811475409836,False,1,0.14988363434093183
48035,Texas,Endocrinology,Diabetes,7291,0,0,0.0,0.0,18070.0,22988.768286620067,0.0,NO PROVIDER,100.0,48035|Endocrinology,0.0,0.0,False,1,0.1942794028685208
48035,Texas,Oncology,Cancer,1288,0,0,0.0,0.0,2055.6666666666665,2642.926682217817,0.0,NO PROVIDER,100.0,48035|Oncology,0.0,0.0,False,1,0.1942794028685208
48035,Texas,Neurology,Neurological Disorders,550,0,0,0.0,0.0,637.0,906.5174241117586,0.0,NO PROVIDER,100.0,48035|Neurology,0.0,0.0,False,1,0.1942794028685208
48035,Texas,Psychiatry,Mental Health Disorders,3593,1,0,0.0,3593.0,3104.5,4291.15957060345,1.1573522306329522,HIGH GAP,6.3,48035|Psychiatry,0.27831895352073477,0.0,False,1,0.027778090933188615
48035,Texas,Pulmonary,Respiratory Disease,2666,0,0,0.0,0.0,4251.578947368421,5741.879971570142,0.0,NO PROVIDER,100.0,48035|Pulmonary,0.0,0.0,False,1,0.1942794028685208
48035,Texas,Rheumatology,Arthritis,4007,0,0,0.0,0.0,10453.0,13315.598760659872,0.0,NO PROVIDER,100.0,48035|Rheumatology,0.0,0.0,False,1,0.1942794028685208
48037,Texas,Cardiology,Heart Disease,54274,5,7436,22895.0,10854.8,10823.136363636364,15071.056217261126,1.0029255509031576,HIGH GAP,5.46,48037|Cardiology,0.09212514279397133,3.0785262874815116,False,1,0.1567736011181412
48037,Texas,Endocrinology,Diabetes,34795,1,576,1255.0,34795.0,18070.0,22988.768286620067,1.9255672385168787,HIGH GAP,10.48,48037|Endocrinology,0.028739761459979883,2.1750433275563257,False,1,0.08718313847402281
48037,Texas,Oncology,Cancer,4966,1,355,840.0,4966.0,2055.6666666666665,2642.926682217817,2.415761310199449,CRITICAL GAP,13.15,48037|Oncology,0.2013693113169553,2.359550561797753,False,1,0.13900784656878734
48037,Texas,Neurology,Neurological Disorders,2658,1,329,540.0,2658.0,637.0,906.5174241117586,4.172684458398744,CRITICAL GAP,22.72,48037|Neurology,0.3762227238525207,1.6363636363636365,False,1,0.0911432024592691
48037,Texas,Psychiatry,Mental Health Disorders,16716,3,477,1659.0,5572.0,3104.5,4291.15957060345,1.7948139797068772,HIGH GAP,9.77,48037|Psychiatry,0.17946877243359657,3.4707112970711296,False,1,0.15211846430094778
48037,Texas,Pulmonary,Respiratory Disease,12905,1,369,4133.0,12905.0,4251.578947368421,5741.879971570142,3.0353429066600643,CRITICAL GAP,16.53,48037|Pulmonary,0.07748934521503292,11.17027027027027,False,1,0.10362452414167234
48037,Texas,Rheumatology,Arthritis,17800,1,319,95156.0,17800.0,10453.0,13315.598760659872,1.7028604228451163,HIGH GAP,9.27,48037|Rheumatology,0.05617977528089888,297.3625,True,-1,-0.006722833825718366
48039,Texas,Cardiology,Heart Disease,214422,12,5632,34919.0,17868.5,10823.136363636364,15071.056217261126,1.650953974860253,HIGH GAP,8.99,48039|Cardiology,0.05596440663737862,6.199005858334813,False,1,0.1273965436397857
48039,Texas,Endocrinology,Diabetes,141857,3,926,6185.0,47285.66666666666,18070.0,22988.768286620067,2.6168050175244417,CRITICAL GAP,14.25,48039|Endocrinology,0.02114805755091395,6.672060409924487,False,1,0.041290959994211174
48039,Texas,Oncology,Cancer,18141,4,426,288936.5,4535.25,2055.6666666666665,2642.926682217817,2.206218582779309,CRITICAL GAP,12.01,48039|Oncology,0.22049501130036933,676.6662763466043,True,-1,-0.03500261749913536
48039,Texas,Neurology,Neurological Disorders,8476,20,3783,36494.0,423.8,637.0,906.5174241117586,0.6653061224489796,MODERATE GAP,3.62,48039|Neurology,2.359603586597452,9.644291754756871,True,-1,-0.04669434347978185
48039,Texas,Psychiatry,Mental Health Disorders,59181,12,802,4668.0,4931.75,3104.5,4291.15957060345,1.588581091963279,HIGH GAP,8.65,48039|Psychiatry,0.20276778019972627,5.813200498132005,False,1,0.13864913116909378
48039,Texas,Pulmonary,Respiratory Disease,42527,4,822,2297.0,10631.75,4251.578947368421,5741.879971570142,2.500659197821243,CRITICAL GAP,13.62,48039|Pulmonary,0.09405789263291557,2.7910085054678007,False,1,0.15478645896312648
48039,Texas,Rheumatology,Arthritis,62007,4,355,51309.0,15501.75,10453.0,13315.598760659872,1.4829953123505213,HIGH GAP,8.07,48039|Rheumatology,0.06450884577547696,144.12640449438203,False,1,0.023087086610607988
48041,Texas,Cardiology,Heart Disease,131387,9,7373,72661.0,14598.555555555557,10823.136363636364,15071.056217261126,1.348828571041927,HIGH GAP,7.34,48041|Cardiology,0.06849992769452076,9.853675074586384,False,1,0.10718866891885193
48041,Texas,Endocrinology,Diabetes,82385,2,446,1723.0,41192.5,18070.0,22988.768286620067,2.279607083563918,CRITICAL GAP,12.41,48041|Endocrinology,0.024276263882988407,3.854586129753915,False,1,0.07721659311560958
48041,Texas,Oncology,Cancer,10933,2,1033,292460.0,5466.5,2055.6666666666665,2642.926682217817,2.659234635965624,CRITICAL GAP,14.48,48041|Oncology,0.1829324064758072,282.84332688588006,False,1,0.007385877383730199
48041,Texas,Neurology,Neurological Disorders,5759,1,376,2920.0,5759.0,637.0,906.5174241117586,9.040816326530612,CRITICAL GAP,49.23,48041|Neurology,0.17364125716270185,7.745358090185676,False,1,0.1275157413445029
48041,Texas,Psychiatry,Mental Health Disorders,46073,8,193,1278.0,5759.125,3104.5,4291.15957060345,1.8550893863746167,HIGH GAP,10.1,48041|Psychiatry,0.17363748833373127,6.587628865979381,False,1,0.13617372626976082
48041,Texas,Pulmonary,Respiratory Disease,30455,6,2581,5337.0,5075.833333333333,4251.578947368421,5741.879971570142,1.19387018238838,HIGH GAP,6.5,48041|Pulmonary,0.19701198489574784,2.0670023237800157,False,1,0.1262858790028779
48041,Texas,Rheumatology,Arthritis,38948,2,921,549291.5,19474.0,10453.0,13315.598760659872,1.8630058356452688,HIGH GAP,10.14,48041|Rheumatology,0.05135051864023827,595.7608459869848,True,-1,-0.039079763485823205
48043,Texas,Cardiology,Heart Disease,5779,0,0,0.0,0.0,10823.136363636364,15071.056217261126,0.0,NO PROVIDER,100.0,48043|Cardiology,0.0,0.0,False,1,0.1942794028685208
48043,Texas,Endocrinology,Diabetes,3546,0,0,0.0,0.0,18070.0,22988.768286620067,0.0,NO PROVIDER,100.0,48043|Endocrinology,0.0,0.0,False,1,0.1942794028685208
48043,Texas,Oncology,Cancer,581,0,0,0.0,0.0,2055.6666666666665,2642.926682217817,0.0,NO PROVIDER,100.0,48043|Oncology,0.0,0.0,False,1,0.1942794028685208
48043,Texas,Neurology,Neurological Disorders,229,0,0,0.0,0.0,637.0,906.5174241117586,0.0,NO PROVIDER,100.0,48043|Neurology,0.0,0.0,False,1,0.1942794028685208
48043,Texas,Psychiatry,Mental Health Disorders,1629,0,0,0.0,0.0,3104.5,4291.15957060345,0.0,NO PROVIDER,100.0,48043|Psychiatry,0.0,0.0,False,1,0.1942794028685208
48043,Texas,Pulmonary,Respiratory Disease,1103,0,0,0.0,0.0,4251.578947368421,5741.879971570142,0.0,NO PROVIDER,100.0,48043|Pulmonary,0.0,0.0,False,1,0.1942794028685208
48043,Texas,Rheumatology,Arthritis,1763,0,0,0.0,0.0,10453.0,13315.598760659872,0.0,NO PROVIDER,100.0,48043|Rheumatology,0.0,0.0,False,1,0.1942794028685208
48045,Texas,Cardiology,Heart Disease,959,0,0,0.0,0.0,10823.136363636364,15071.056217261126,0.0,NO PROVIDER,100.0,48045|Cardiology,0.0,0.0,False,1,0.1942794028685208
48045,Texas,Endocrinology,Diabetes,621,0,0,0.0,0.0,18070.0,22988.768286620067,0.0,NO PROVIDER,100.0,48045|Endocrinology,0.0,0.0,False,1,0.1942794028685208
48045,Texas,Oncology,Cancer,90,0,0,0.0,0.0,2055.6666666666665,2642.926682217817,0.0,NO PROVIDER,100.0,48045|Oncology,0.0,0.0,False,1,0.1942794028685208
48045,Texas,Neurology,Neurological Disorders,50,0,0,0.0,0.0,637.0,906.5174241117586,0.0,NO PROVIDER,100.0,48045|Neurology,0.0,0.0,False,1,0.1942794028685208
48045,Texas,Psychiatry,Mental Health Disorders,267,0,0,0.0,0.0,3104.5,4291.15957060345,0.0,NO PROVIDER,100.0,48045|Psychiatry,0.0,0.0,False,1,0.1942794028685208
48045,Texas,Pulmonary,Respiratory Disease,220,0,0,0.0,0.0,4251.578947368421,5741.879971570142,0.0,NO PROVIDER,100.0,48045|Pulmonary,0.0,0.0,False,1,0.1942794028685208
48045,Texas,Rheumatology,Arthritis,314,0,0,0.0,0.0,10453.0,13315.598760659872,0.0,NO PROVIDER,100.0,48045|Rheumatology,0.0,0.0,False,1,0.1942794028685208
48047,Texas,Cardiology,Heart Disease,4147,0,0,0.0,0.0,10823.136363636364,15071.056217261126,0.0,NO PROVIDER,100.0,48047|Cardiology,0.0,0.0,False,1,0.1942794028685208
48047,Texas,Endocrinology,Diabetes,3164,0,0,0.0,0.0,18070.0,22988.768286620067,0.0,NO PROVIDER,100.0,48047|Endocrinology,0.0,0.0,False,1,0.1942794028685208
48047,Texas,Oncology,Cancer,243,0,0,0.0,0.0,2055.6666666666665,2642.926682217817,0.0,NO PROVIDER,100.0,48047|Oncology,0.0,0.0,False,1,0.1942794028685208
48047,Texas,Neurology,Neurological Disorders,212,0,0,0.0,0.0,637.0,906.5174241117586,0.0,NO PROVIDER,100.0,48047|Neurology,0.0,0.0,False,1,0.1942794028685208
48047,Texas,Psychiatry,Mental Health Disorders,997,0,0,0.0,0.0,3104.5,4291.15957060345,0.0,NO PROVIDER,100.0,48047|Psychiatry,0.0,0.0,False,1,0.1942794028685208
48047,Texas,Pulmonary,Respiratory Disease,800,0,0,0.0,0.0,4251.578947368421,5741.879971570142,0.0,NO PROVIDER,100.0,48047|Pulmonary,0.0,0.0,False,1,0.1942794028685208
48047,Texas,Rheumatology,Arthritis,1153,0,0,0.0,0.0,10453.0,13315.598760659872,0.0,NO PROVIDER,100.0,48047|Rheumatology,0.0,0.0,False,1,0.1942794028685208
48049,Texas,Cardiology,Heart Disease,24016,1,2229,6964.0,24016.0,10823.136363636364,15071.056217261126,2.2189501446816373,CRITICAL GAP,12.08,48049|Cardiology,0.04163890739506995,3.1228699551569505,False,1,0.1314772924700897
48049,Texas,Endocrinology,Diabetes,14693,0,0,0.0,0.0,18070.0,22988.768286620067,0.0,NO PROVIDER,100.0,48049|Endocrinology,0.0,0.0,False,1,0.1942794028685208
48049,Texas,Oncology,Cancer,2385,2,207,504.0,1192.5,2055.6666666666665,2642.926682217817,0.5801037781741528,MODERATE GAP,3.16,48049|Oncology,0.8385744234800838,2.423076923076923,False,1,0.04684329365861728
48049,Texas,Neurology,Neurological Disorders,1123,0,0,0.0,0.0,637.0,906.5174241117586,0.0,NO PROVIDER,100.0,48049|Neurology,0.0,0.0,False,1,0.1942794028685208
48049,Texas,Psychiatry,Mental Health Disorders,7400,0,0,0.0,0.0,3104.5,4291.15957060345,0.0,NO PROVIDER,100.0,48049|Psychiatry,0.0,0.0,False,1,0.1942794028685208
48049,Texas,Pulmonary,Respiratory Disease,5508,0,0,0.0,0.0,4251.578947368421,5741.879971570142,0.0,NO PROVIDER,100.0,48049|Pulmonary,0.0,0.0,False,1,0.1942794028685208
48049,Texas,Rheumatology,Arthritis,7831,0,0,0.0,0.0,10453.0,13315.598760659872,0.0,NO PROVIDER,100.0,48049|Rheumatology,0.0,0.0,False,1,0.1942794028685208
48051,Texas,Cardiology,Heart Disease,11853,3,3341,7267.0,3951.0,10823.136363636364,15071.056217261126,0.365051300034858,LOW GAP,1.99,48051|Cardiology,0.2531004808909137,2.1744464392579292,False,1,0.11989606485650212
48051,Texas,Endocrinology,Diabetes,7319,1,0,0.0,7319.0,18070.0,22988.768286620067,0.4050359712230216,LOW GAP,2.21,48051|Endocrinology,0.13663068725235689,0.0,False,1,0.04340934317973333
48051,Texas,Oncology,Cancer,1151,2,571,1918.0,575.5,2055.6666666666665,2642.926682217817,0.2799578401167504,LOW GAP,1.52,48051|Oncology,1.737619461337967,3.3531468531468533,True,-1,-0.006663405548051671
48051,Texas,Neurology,Neurological Disorders,537,0,0,0.0,0.0,637.0,906.5174241117586,0.0,NO PROVIDER,100.0,48051|Neurology,0.0,0.0,False,1,0.1942794028685208
48051,Texas,Psychiatry,Mental Health Disorders,3429,0,0,0.0,0.0,3104.5,4291.15957060345,0.0,NO PROVIDER,100.0,48051|Psychiatry,0.0,0.0,False,1,0.1942794028685208
48051,Texas,Pulmonary,Respiratory Disease,2589,2,777,1669.0,1294.5,4251.578947368421,5741.879971570142,0.3044751176033672,LOW GAP,1.66,48051|Pulmonary,0.772499034376207,2.145244215938303,False,1,0.04847566667561665
48051,Texas,Rheumatology,Arthritis,3777,2,141,329.0,1888.5,10453.0,13315.598760659872,0.1806658375585956,LOW GAP,0.98,48051|Rheumatology,0.5295207836907598,2.316901408450704,False,1,0.09846519803555742
48053,Texas,Cardiology,Heart Disease,33333,2,3120,7827.0,16666.5,10823.136363636364,15071.056217261126,1.5398955940346648,HIGH GAP,8.38,48053|Cardiology,0.060000600006000056,2.5078500480615187,False,1,0.1408980111431179
48053,Texas,Endocrinology,Diabetes,20376,2,1049,2058.0,10188.0,18070.0,22988.768286620067,0.5638074156059768,MODERATE GAP,3.07,48053|Endocrinology,0.09815469179426776,1.96,False,1,0.14080290204382429
48053,Texas,Oncology,Cancer,3536,2,799,3768.0,1768.0,2055.6666666666665,2642.926682217817,0.8600616182909032,MODERATE GAP,4.68,48053|Oncology,0.5656108597285069,4.71,False,1,0.0988174051648133
48053,Texas,Neurology,Neurological Disorders,1466,5,1388,2832.0,293.2,637.0,906.5174241117586,0.4602825745682888,LOW GAP,2.51,48053|Neurology,3.4106412005457027,2.038876889848812,True,-1,-0.07746162976601934
48053,Texas,Psychiatry,Mental Health Disorders,9875,2,27,710.0,4937.5,3104.5,4291.15957060345,1.590433242067966,HIGH GAP,8.66,48053|Psychiatry,0.20253164556962028,25.357142857142858,False,1,0.06015749444516072
48053,Texas,Pulmonary,Respiratory Disease,7202,0,0,0.0,0.0,4251.578947368421,5741.879971570142,0.0,NO PROVIDER,100.0,48053|Pulmonary,0.0,0.0,False,1,0.1942794028685208
48053,Texas,Rheumatology,Arthritis,11125,1,150,583.0,11125.0,10453.0,13315.598760659872,1.0642877642781976,HIGH GAP,5.79,48053|Rheumatology,0.08988764044943821,3.8609271523178808,False,1,0.15589840374257335
48055,Texas,Cardiology,Heart Disease,28697,0,0,0.0,0.0,10823.136363636364,15071.056217261126,0.0,NO PROVIDER,100.0,48055|Cardiology,0.0,0.0,False,1,0.1942794028685208
48055,Texas,Endocrinology,Diabetes,21575,0,0,0.0,0.0,18070.0,22988.768286620067,0.0,NO PROVIDER,100.0,48055|Endocrinology,0.0,0.0,False,1,0.1942794028685208
48055,Texas,Oncology,Cancer,2259,0,0,0.0,0.0,2055.6666666666665,2642.926682217817,0.0,NO PROVIDER,100.0,48055|Oncology,0.0,0.0,False,1,0.1942794028685208
48055,Texas,Neurology,Neurological Disorders,1321,0,0,0.0,0.0,637.0,906.5174241117586,0.0,NO PROVIDER,100.0,48055|Neurology,0.0,0.0,False,1,0.1942794028685208
48055,Texas,Psychiatry,Mental Health Disorders,8232,0,0,0.0,0.0,3104.5,4291.15957060345,0.0,NO PROVIDER,100.0,48055|Psychiatry,0.0,0.0,False,1,0.1942794028685208
48055,Texas,Pulmonary,Respiratory Disease,6088,0,0,0.0,0.0,4251.578947368421,5741.879971570142,0.0,NO PROVIDER,100.0,48055|Pulmonary,0.0,0.0,False,1,0.1942794028685208
48055,Texas,Rheumatology,Arthritis,8672,0,0,0.0,0.0,10453.0,13315.598760659872,0.0,NO PROVIDER,100.0,48055|Rheumatology,0.0,0.0,False,1,0.1942794028685208
48057,Texas,Cardiology,Heart Disease,11609,0,0,0.0,0.0,10823.136363636364,15071.056217261126,0.0,NO PROVIDER,100.0,48057|Cardiology,0.0,0.0,False,1,0.1942794028685208
48057,Texas,Endocrinology,Diabetes,7344,0,0,0.0,0.0,18070.0,22988.768286620067,0.0,NO PROVIDER,100.0,48057|Endocrinology,0.0,0.0,False,1,0.1942794028685208
48057,Texas,Oncology,Cancer,1017,0,0,0.0,0.0,2055.6666666666665,2642.926682217817,0.0,NO PROVIDER,100.0,48057|Oncology,0.0,0.0,False,1,0.1942794028685208
48057,Texas,Neurology,Neurological Disorders,516,0,0,0.0,0.0,637.0,906.5174241117586,0.0,NO PROVIDER,100.0,48057|Neurology,0.0,0.0,False,1,0.1942794028685208
48057,Texas,Psychiatry,Mental Health Disorders,3111,0,0,0.0,0.0,3104.5,4291.15957060345,0.0,NO PROVIDER,100.0,48057|Psychiatry,0.0,0.0,False,1,0.1942794028685208
48057,Texas,Pulmonary,Respiratory Disease,2352,0,0,0.0,0.0,4251.578947368421,5741.879971570142,0.0,NO PROVIDER,100.0,48057|Pulmonary,0.0,0.0,False,1,0.1942794028685208
48057,Texas,Rheumatology,Arthritis,3520,0,0,0.0,0.0,10453.0,13315.598760659872,0.0,NO PROVIDER,100.0,48057|Rheumatology,0.0,0.0,False,1,0.1942794028685208
48059,Texas,Cardiology,Heart Disease,8786,0,0,0.0,0.0,10823.136363636364,15071.056217261126,0.0,NO PROVIDER,100.0,48059|Cardiology,0.0,0.0,False,1,0.1942794028685208
48059,Texas,Endocrinology,Diabetes,5370,0,0,0.0,0.0,18070.0,22988.768286620067,0.0,NO PROVIDER,100.0,48059|Endocrinology,0.0,0.0,False,1,0.1942794028685208
48059,Texas,Oncology,Cancer,927,0,0,0.0,0.0,2055.6666666666665,2642.926682217817,0.0,NO PROVIDER,100.0,48059|Oncology,0.0,0.0,False,1,0.1942794028685208
48059,Texas,Neurology,Neurological Disorders,388,0,0,0.0,0.0,637.0,906.5174241117586,0.0,NO PROVIDER,100.0,48059|Neurology,0.0,0.0,False,1,0.1942794028685208
48059,Texas,Psychiatry,Mental Health Disorders,2764,0,0,0.0,0.0,3104.5,4291.15957060345,0.0,NO PROVIDER,100.0,48059|Psychiatry,0.0,0.0,False,1,0.1942794028685208
48059,Texas,Pulmonary,Respiratory Disease,1978,0,0,0.0,0.0,4251.578947368421,5741.879971570142,0.0,NO PROVIDER,100.0,48059|Pulmonary,0.0,0.0,False,1,0.1942794028685208
48059,Texas,Rheumatology,Arthritis,2910,0,0,0.0,0.0,10453.0,13315.598760659872,0.0,NO PROVIDER,100.0,48059|Rheumatology,0.0,0.0,False,1,0.1942794028685208
48061,Texas,Cardiology,Heart Disease,230488,20,10791,57488.0,11524.4,10823.136363636364,15071.056217261126,1.064793014963735,HIGH GAP,5.8,48061|Cardiology,0.0867724133143591,5.326908821349147,False,1,0.1465358244876917
48061,Texas,Endocrinology,Diabetes,179337,4,809,3143.0,44834.25,18070.0,22988.768286620067,2.481142778085224,CRITICAL GAP,13.51,48061|Endocrinology,0.022304376676313308,3.880246913580247,False,1,0.06796088283789903
48061,Texas,Oncology,Cancer,14549,3,1316,288462.0,4849.666666666667,2055.6666666666665,2642.926682217817,2.3591697746067783,CRITICAL GAP,12.85,48061|Oncology,0.20619973881366419,219.02961275626424,False,1,0.015113334296806058
48061,Texas,Neurology,Neurological Disorders,11486,15,2080,7124.0,765.7333333333333,637.0,906.5174241117586,1.202093144950288,HIGH GAP,6.55,48061|Neurology,1.305937663242208,3.423354156655454,False,1,0.018371377230307018
48061,Texas,Psychiatry,Mental Health Disorders,58196,11,546,2452.0,5290.545454545455,3104.5,4291.15957060345,1.7041537943454517,HIGH GAP,9.28,48061|Psychiatry,0.18901642724585882,4.482632541133455,False,1,0.14923012077998576
48061,Texas,Pulmonary,Respiratory Disease,45179,6,1931,10938.0,7529.833333333333,4251.578947368421,5741.879971570142,1.7710675084591896,HIGH GAP,9.64,48061|Pulmonary,0.1328050642997853,5.661490683229814,False,1,0.14706538373824718
48061,Texas,Rheumatology,Arthritis,59881,2,256,5031.5,29940.5,10453.0,13315.598760659872,2.8642973309097868,CRITICAL GAP,15.6,48061|Rheumatology,0.033399575825387016,19.57782101167315,False,1,0.04398972236117282
48063,Texas,Cardiology,Heart Disease,7786,0,0,0.0,0.0,10823.136363636364,15071.056217261126,0.0,NO PROVIDER,100.0,48063|Cardiology,0.0,0.0,False,1,0.1942794028685208
48063,Texas,Endocrinology,Diabetes,5222,0,0,0.0,0.0,18070.0,22988.768286620067,0.0,NO PROVIDER,100.0,48063|Endocrinology,0.0,0.0,False,1,0.1942794028685208
48063,Texas,Oncology,Cancer,669,0,0,0.0,0.0,2055.6666666666665,2642.926682217817,0.0,NO PROVIDER,100.0,48063|Oncology,0.0,0.0,False,1,0.1942794028685208
48063,Texas,Neurology,Neurological Disorders,408,0,0,0.0,0.0,637.0,906.5174241117586,0.0,NO PROVIDER,100.0,48063|Neurology,0.0,0.0,False,1,0.1942794028685208
48063,Texas,Psychiatry,Mental Health Disorders,2269,0,0,0.0,0.0,3104.5,4291.15957060345,0.0,NO PROVIDER,100.0,48063|Psychiatry,0.0,0.0,False,1,0.1942794028685208
48063,Texas,Pulmonary,Respiratory Disease,1856,0,0,0.0,0.0,4251.578947368421,5741.879971570142,0.0,NO PROVIDER,100.0,48063|Pulmonary,0.0,0.0,False,1,0.1942794028685208
48063,Texas,Rheumatology,Arthritis,2521,0,0,0.0,0.0,10453.0,13315.598760659872,0.0,NO PROVIDER,100.0,48063|Rheumatology,0.0,0.0,False,1,0.1942794028685208
48065,Texas,Cardiology,Heart Disease,3344,0,0,0.0,0.0,10823.136363636364,15071.056217261126,0.0,NO PROVIDER,100.0,48065|Cardiology,0.0,0.0,False,1,0.1942794028685208
48065,Texas,Endocrinology,Diabetes,2003,0,0,0.0,0.0,18070.0,22988.768286620067,0.0,NO PROVIDER,100.0,48065|Endocrinology,0.0,0.0,False,1,0.1942794028685208
48065,Texas,Oncology,Cancer,368,0,0,0.0,0.0,2055.6666666666665,2642.926682217817,0.0,NO PROVIDER,100.0,48065|Oncology,0.0,0.0,False,1,0.1942794028685208
48065,Texas,Neurology,Neurological Disorders,138,0,0,0.0,0.0,637.0,906.5174241117586,0.0,NO PROVIDER,100.0,48065|Neurology,0.0,0.0,False,1,0.1942794028685208
48065,Texas,Psychiatry,Mental Health Disorders,1076,0,0,0.0,0.0,3104.5,4291.15957060345,0.0,NO PROVIDER,100.0,48065|Psychiatry,0.0,0.0,False,1,0.1942794028685208
48065,Texas,Pulmonary,Respiratory Disease,731,0,0,0.0,0.0,4251.578947368421,5741.879971570142,0.0,NO PROVIDER,100.0,48065|Pulmonary,0.0,0.0,False,1,0.1942794028685208
48065,Texas,Rheumatology,Arthritis,1101,0,0,0.0,0.0,10453.0,13315.598760659872,0.0,NO PROVIDER,100.0,48065|Rheumatology,0.0,0.0,False,1,0.1942794028685208
48067,Texas,Cardiology,Heart Disease,18312,0,0,0.0,0.0,10823.136363636364,15071.056217261126,0.0,NO PROVIDER,100.0,48067|Cardiology,0.0,0.0,False,1,0.1942794028685208
48067,Texas,Endocrinology,Diabetes,11747,0,0,0.0,0.0,18070.0,22988.768286620067,0.0,NO PROVIDER,100.0,48067|Endocrinology,0.0,0.0,False,1,0.1942794028685208
48067,Texas,Oncology,Cancer,1757,0,0,0.0,0.0,2055.6666666666665,2642.926682217817,0.0,NO PROVIDER,100.0,48067|Oncology,0.0,0.0,False,1,0.1942794028685208
48067,Texas,Neurology,Neurological Disorders,939,0,0,0.0,0.0,637.0,906.5174241117586,0.0,NO PROVIDER,100.0,48067|Neurology,0.0,0.0,False,1,0.1942794028685208
48067,Texas,Psychiatry,Mental Health Disorders,5503,1,18,112.0,5503.0,3104.5,4291.15957060345,1.772588178450636,HIGH GAP,9.65,48067|Psychiatry,0.1817190623296384,5.894736842105263,False,1,0.14299542894999784
48067,Texas,Pulmonary,Respiratory Disease,4387,0,0,0.0,0.0,4251.578947368421,5741.879971570142,0.0,NO PROVIDER,100.0,48067|Pulmonary,0.0,0.0,False,1,0.1942794028685208
48067,Texas,Rheumatology,Arthritis,6189,0,0,0.0,0.0,10453.0,13315.598760659872,0.0,NO PROVIDER,100.0,48067|Rheumatology,0.0,0.0,False,1,0.1942794028685208
48069,Texas,Cardiology,Heart Disease,3912,0,0,0.0,0.0,10823.136363636364,15071.056217261126,0.0,NO PROVIDER,100.0,48069|Cardiology,0.0,0.0,False,1,0.1942794028685208
48069,Texas,Endocrinology,Diabetes,2715,0,0,0.0,0.0,18070.0,22988.768286620067,0.0,NO PROVIDER,100.0,48069|Endocrinology,0.0,0.0,False,1,0.1942794028685208
48069,Texas,Oncology,Cancer,309,0,0,0.0,0.0,2055.6666666666665,2642.926682217817,0.0,NO PROVIDER,100.0,48069|Oncology,0.0,0.0,False,1,0.1942794028685208
48069,Texas,Neurology,Neurological Disorders,179,0,0,0.0,0.0,637.0,906.5174241117586,0.0,NO PROVIDER,100.0,48069|Neurology,0.0,0.0,False,1,0.1942794028685208
48069,Texas,Psychiatry,Mental Health Disorders,1042,0,0,0.0,0.0,3104.5,4291.15957060345,0.0,NO PROVIDER,100.0,48069|Psychiatry,0.0,0.0,False,1,0.1942794028685208
48069,Texas,Pulmonary,Respiratory Disease,784,0,0,0.0,0.0,4251.578947368421,5741.879971570142,0.0,NO PROVIDER,100.0,48069|Pulmonary,0.0,0.0,False,1,0.1942794028685208
48069,Texas,Rheumatology,Arthritis,1139,0,0,0.0,0.0,10453.0,13315.598760659872,0.0,NO PROVIDER,100.0,48069|Rheumatology,0.0,0.0,False,1,0.1942794028685208
48071,Texas,Cardiology,Heart Disease,27207,1,475,9341.0,27207.0,10823.136363636364,15071.056217261126,2.513781503429102,CRITICAL GAP,13.69,48071|Cardiology,0.03675524681148234,19.623949579831933,False,1,0.05496820814103842
48071,Texas,Endocrinology,Diabetes,17742,0,0,0.0,0.0,18070.0,22988.768286620067,0.0,NO PROVIDER,100.0,48071|Endocrinology,0.0,0.0,False,1,0.1942794028685208
48071,Texas,Oncology,Cancer,2512,0,0,0.0,0.0,2055.6666666666665,2642.926682217817,0.0,NO PROVIDER,100.0,48071|Oncology,0.0,0.0,False,1,0.1942794028685208
48071,Texas,Neurology,Neurological Disorders,1130,0,0,0.0,0.0,637.0,906.5174241117586,0.0,NO PROVIDER,100.0,48071|Neurology,0.0,0.0,False,1,0.1942794028685208
48071,Texas,Psychiatry,Mental Health Disorders,9095,0,0,0.0,0.0,3104.5,4291.15957060345,0.0,NO PROVIDER,100.0,48071|Psychiatry,0.0,0.0,False,1,0.1942794028685208
48071,Texas,Pulmonary,Respiratory Disease,6096,0,0,0.0,0.0,4251.578947368421,5741.879971570142,0.0,NO PROVIDER,100.0,48071|Pulmonary,0.0,0.0,False,1,0.1942794028685208
48071,Texas,Rheumatology,Arthritis,8511,0,0,0.0,0.0,10453.0,13315.598760659872,0.0,NO PROVIDER,100.0,48071|Rheumatology,0.0,0.0,False,1,0.1942794028685208
48073,Texas,Cardiology,Heart Disease,30738,0,0,0.0,0.0,10823.136363636364,15071.056217261126,0.0,NO PROVIDER,100.0,48073|Cardiology,0.0,0.0,False,1,0.1942794028685208
48073,Texas,Endocrinology,Diabetes,19301,0,0,0.0,0.0,18070.0,22988.768286620067,0.0,NO PROVIDER,100.0,48073|Endocrinology,0.0,0.0,False,1,0.1942794028685208
48073,Texas,Oncology,Cancer,2771,1,1058,209861.0,2771.0,2055.6666666666665,2642.926682217817,1.3479811902059349,HIGH GAP,7.34,48073|Oncology,0.36088054853843377,198.16902738432483,False,1,0.014805246628579627
48073,Texas,Neurology,Neurological Disorders,1542,0,0,0.0,0.0,637.0,906.5174241117586,0.0,NO PROVIDER,100.0,48073|Neurology,0.0,0.0,False,1,0.1942794028685208
48073,Texas,Psychiatry,Mental Health Disorders,9348,10,133,436.0,934.8,3104.5,4291.15957060345,0.301111290062812,LOW GAP,1.64,48073|Psychiatry,1.069747539580659,3.253731343283582,False,1,0.03530095100342845
48073,Texas,Pulmonary,Respiratory Disease,7318,0,0,0.0,0.0,4251.578947368421,5741.879971570142,0.0,NO PROVIDER,100.0,48073|Pulmonary,0.0,0.0,False,1,0.1942794028685208
48073,Texas,Rheumatology,Arthritis,9992,0,0,0.0,0.0,10453.0,13315.598760659872,0.0,NO PROVIDER,100.0,48073|Rheumatology,0.0,0.0,False,1,0.1942794028685208
48075,Texas,Cardiology,Heart Disease,4047,0,0,0.0,0.0,10823.136363636364,15071.056217261126,0.0,NO PROVIDER,100.0,48075|Cardiology,0.0,0.0,False,1,0.1942794028685208
48075,Texas,Endocrinology,Diabetes,2675,0,0,0.0,0.0,18070.0,22988.768286620067,0.0,NO PROVIDER,100.0,48075|Endocrinology,0.0,0.0,False,1,0.1942794028685208
48075,Texas,Oncology,Cancer,357,0,0,0.0,0.0,2055.6666666666665,2642.926682217817,0.0,NO PROVIDER,100.0,48075|Oncology,0.0,0.0,False,1,0.1942794028685208
48075,Texas,Neurology,Neurological Disorders,184,0,0,0.0,0.0,637.0,906.5174241117586,0.0,NO PROVIDER,100.0,48075|Neurology,0.0,0.0,False,1,0.1942794028685208
48075,Texas,Psychiatry,Mental Health Disorders,1211,0,0,0.0,0.0,3104.5,4291.15957060345,0.0,NO PROVIDER,100.0,48075|Psychiatry,0.0,0.0,False,1,0.1942794028685208
48075,Texas,Pulmonary,Respiratory Disease,897,0,0,0.0,0.0,4251.578947368421,5741.879971570142,0.0,NO PROVIDER,100.0,48075|Pulmonary,0.0,0.0,False,1,0.1942794028685208
48075,Texas,Rheumatology,Arthritis,1247,0,0,0.0,0.0,10453.0,13315.598760659872,0.0,NO PROVIDER,100.0,48075|Rheumatology,0.0,0.0,False,1,0.1942794028685208
48077,Texas,Cardiology,Heart Disease,6701,0,0,0.0,0.0,10823.136363636364,15071.056217261126,0.0,NO PROVIDER,100.0,48077|Cardiology,0.0,0.0,False,1,0.1942794028685208
48077,Texas,Endocrinology,Diabetes,3959,0,0,0.0,0.0,18070.0,22988.768286620067,0.0,NO PROVIDER,100.0,48077|Endocrinology,0.0,0.0,False,1,0.1942794028685208
48077,Texas,Oncology,Cancer,735,0,0,0.0,0.0,2055.6666666666665,2642.926682217817,0.0,NO PROVIDER,100.0,48077|Oncology,0.0,0.0,False,1,0.1942794028685208
48077,Texas,Neurology,Neurological Disorders,295,0,0,0.0,0.0,637.0,906.5174241117586,0.0,NO PROVIDER,100.0,48077|Neurology,0.0,0.0,False,1,0.1942794028685208
48077,Texas,Psychiatry,Mental Health Disorders,2093,0,0,0.0,0.0,3104.5,4291.15957060345,0.0,NO PROVIDER,100.0,48077|Psychiatry,0.0,0.0,False,1,0.1942794028685208
48077,Texas,Pulmonary,Respiratory Disease,1495,0,0,0.0,0.0,4251.578947368421,5741.879971570142,0.0,NO PROVIDER,100.0,48077|Pulmonary,0.0,0.0,False,1,0.1942794028685208
48077,Texas,Rheumatology,Arthritis,2268,0,0,0.0,0.0,10453.0,13315.598760659872,0.0,NO PROVIDER,100.0,48077|Rheumatology,0.0,0.0,False,1,0.1942794028685208
48079,Texas,Cardiology,Heart Disease,1523,0,0,0.0,0.0,10823.136363636364,15071.056217261126,0.0,NO PROVIDER,100.0,48079|Cardiology,0.0,0.0,False,1,0.1942794028685208
48079,Texas,Endocrinology,Diabetes,1109,0,0,0.0,0.0,18070.0,22988.768286620067,0.0,NO PROVIDER,100.0,48079|Endocrinology,0.0,0.0,False,1,0.1942794028685208
48079,Texas,Oncology,Cancer,107,0,0,0.0,0.0,2055.6666666666665,2642.926682217817,0.0,NO PROVIDER,100.0,48079|Oncology,0.0,0.0,False,1,0.1942794028685208
48079,Texas,Neurology,Neurological Disorders,85,0,0,0.0,0.0,637.0,906.5174241117586,0.0,NO PROVIDER,100.0,48079|Neurology,0.0,0.0,False,1,0.1942794028685208
48079,Texas,Psychiatry,Mental Health Disorders,423,0,0,0.0,0.0,3104.5,4291.15957060345,0.0,NO PROVIDER,100.0,48079|Psychiatry,0.0,0.0,False,1,0.1942794028685208
48079,Texas,Pulmonary,Respiratory Disease,355,0,0,0.0,0.0,4251.578947368421,5741.879971570142,0.0,NO PROVIDER,100.0,48079|Pulmonary,0.0,0.0,False,1,0.1942794028685208
48079,Texas,Rheumatology,Arthritis,463,0,0,0.0,0.0,10453.0,13315.598760659872,0.0,NO PROVIDER,100.0,48079|Rheumatology,0.0,0.0,False,1,0.1942794028685208
48081,Texas,Cardiology,Heart Disease,2184,0,0,0.0,0.0,10823.136363636364,15071.056217261126,0.0,NO PROVIDER,100.0,48081|Cardiology,0.0,0.0,False,1,0.1942794028685208
48081,Texas,Endocrinology,Diabetes,1328,0,0,0.0,0.0,18070.0,22988.768286620067,0.0,NO PROVIDER,100.0,48081|Endocrinology,0.0,0.0,False,1,0.1942794028685208
48081,Texas,Oncology,Cancer,225,0,0,0.0,0.0,2055.6666666666665,2642.926682217817,0.0,NO PROVIDER,100.0,48081|Oncology,0.0,0.0,False,1,0.1942794028685208
48081,Texas,Neurology,Neurological Disorders,108,0,0,0.0,0.0,637.0,906.5174241117586,0.0,NO PROVIDER,100.0,48081|Neurology,0.0,0.0,False,1,0.1942794028685208
48081,Texas,Psychiatry,Mental Health Disorders,631,0,0,0.0,0.0,3104.5,4291.15957060345,0.0,NO PROVIDER,100.0,48081|Psychiatry,0.0,0.0,False,1,0.1942794028685208
48081,Texas,Pulmonary,Respiratory Disease,493,0,0,0.0,0.0,4251.578947368421,5741.879971570142,0.0,NO PROVIDER,100.0,48081|Pulmonary,0.0,0.0,False,1,0.1942794028685208
48081,Texas,Rheumatology,Arthritis,729,0,0,0.0,0.0,10453.0,13315.598760659872,0.0,NO PROVIDER,100.0,48081|Rheumatology,0.0,0.0,False,1,0.1942794028685208
48083,Texas,Cardiology,Heart Disease,5086,0,0,0.0,0.0,10823.136363636364,15071.056217261126,0.0,NO PROVIDER,100.0,48083|Cardiology,0.0,0.0,False,1,0.1942794028685208
48083,Texas,Endocrinology,Diabetes,3128,0,0,0.0,0.0,18070.0,22988.768286620067,0.0,NO PROVIDER,100.0,48083|Endocrinology,0.0,0.0,False,1,0.1942794028685208
48083,Texas,Oncology,Cancer,523,0,0,0.0,0.0,2055.6666666666665,2642.926682217817,0.0,NO PROVIDER,100.0,48083|Oncology,0.0,0.0,False,1,0.1942794028685208
48083,Texas,Neurology,Neurological Disorders,241,0,0,0.0,0.0,637.0,906.5174241117586,0.0,NO PROVIDER,100.0,48083|Neurology,0.0,0.0,False,1,0.1942794028685208
48083,Texas,Psychiatry,Mental Health Disorders,1501,0,0,0.0,0.0,3104.5,4291.15957060345,0.0,NO PROVIDER,100.0,48083|Psychiatry,0.0,0.0,False,1,0.1942794028685208
48083,Texas,Pulmonary,Respiratory Disease,1141,0,0,0.0,0.0,4251.578947368421,5741.879971570142,0.0,NO PROVIDER,100.0,48083|Pulmonary,0.0,0.0,False,1,0.1942794028685208
48083,Texas,Rheumatology,Arthritis,1705,0,0,0.0,0.0,10453.0,13315.598760659872,0.0,NO PROVIDER,100.0,48083|Rheumatology,0.0,0.0,False,1,0.1942794028685208
48085,Texas,Cardiology,Heart Disease,618769,68,59591,286900.0,9099.54411764706,10823.136363636364,15071.056217261126,0.8407492811621371,MODERATE GAP,4.58,48085|Cardiology,0.10989561532655967,4.814404618069539,False,1,0.15723343269562506
48085,Texas,Endocrinology,Diabetes,372888,18,5615,70215.0,20716.0,18070.0,22988.768286620067,1.1464305478693968,HIGH GAP,6.24,48085|Endocrinology,0.04827186715582159,12.50267094017094,False,1,0.08822781477073116
48085,Texas,Oncology,Cancer,56950,23,10730,2219530.0,2476.086956521739,2055.6666666666665,2642.926682217817,1.2045177346465408,HIGH GAP,6.56,48085|Oncology,0.4038630377524144,206.8334731152735,False,1,0.0032796000922151736
48085,Texas,Neurology,Neurological Disorders,20791,63,20645,584116.0,330.015873015873,637.0,906.5174241117586,0.5180782935884977,MODERATE GAP,2.82,48085|Neurology,3.030157279592131,28.29196938874358,True,-1,-0.08391038077892132
48085,Texas,Psychiatry,Mental Health Disorders,180794,109,4346,32323.0,1658.6605504587155,3104.5,4291.15957060345,0.5342762282038059,MODERATE GAP,2.91,48085|Psychiatry,0.6028961138090866,7.43570278352887,False,1,0.08006140074857715
48085,Texas,Pulmonary,Respiratory Disease,116613,21,10224,98853.0,5553.0,4251.578947368421,5741.879971570142,1.3061029957910375,HIGH GAP,7.11,48085|Pulmonary,0.18008283810552855,9.667775061124694,False,1,0.11412679138948867
48085,Texas,Rheumatology,Arthritis,169043,17,2549,429413.0,9943.70588235294,10453.0,13315.598760659872,0.9512777080601684,MODERATE GAP,5.18,48085|Rheumatology,0.10056612814490987,168.3972549019608,False,1,0.033679914386205434
48087,Texas,Cardiology,Heart Disease,1530,0,0,0.0,0.0,10823.136363636364,15071.056217261126,0.0,NO PROVIDER,100.0,48087|Cardiology,0.0,0.0,False,1,0.1942794028685208
48087,Texas,Endocrinology,Diabetes,1011,0,0,0.0,0.0,18070.0,22988.768286620067,0.0,NO PROVIDER,100.0,48087|Endocrinology,0.0,0.0,False,1,0.1942794028685208
48087,Texas,Oncology,Cancer,139,0,0,0.0,0.0,2055.6666666666665,2642.926682217817,0.0,NO PROVIDER,100.0,48087|Oncology,0.0,0.0,False,1,0.1942794028685208
48087,Texas,Neurology,Neurological Disorders,76,0,0,0.0,0.0,637.0,906.5174241117586,0.0,NO PROVIDER,100.0,48087|Neurology,0.0,0.0,False,1,0.1942794028685208
48087,Texas,Psychiatry,Mental Health Disorders,451,0,0,0.0,0.0,3104.5,4291.15957060345,0.0,NO PROVIDER,100.0,48087|Psychiatry,0.0,0.0,False,1,0.1942794028685208
48087,Texas,Pulmonary,Respiratory Disease,359,0,0,0.0,0.0,4251.578947368421,5741.879971570142,0.0,NO PROVIDER,100.0,48087|Pulmonary,0.0,0.0,False,1,0.1942794028685208
48087,Texas,Rheumatology,Arthritis,490,0,0,0.0,0.0,10453.0,13315.598760659872,0.0,NO PROVIDER,100.0,48087|Rheumatology,0.0,0.0,False,1,0.1942794028685208
48089,Texas,Cardiology,Heart Disease,12720,1,1239,3431.0,12720.0,10823.136363636364,15071.056217261126,1.1752600699679558,HIGH GAP,6.4,48089|Cardiology,0.07861635220125786,2.766935483870968,False,1,0.1489898126196318
48089,Texas,Endocrinology,Diabetes,7997,0,0,0.0,0.0,18070.0,22988.768286620067,0.0,NO PROVIDER,100.0,48089|Endocrinology,0.0,0.0,False,1,0.1942794028685208
48089,Texas,Oncology,Cancer,1231,0,0,0.0,0.0,2055.6666666666665,2642.926682217817,0.0,NO PROVIDER,100.0,48089|Oncology,0.0,0.0,False,1,0.1942794028685208
48089,Texas,Neurology,Neurological Disorders,587,0,0,0.0,0.0,637.0,906.5174241117586,0.0,NO PROVIDER,100.0,48089|Neurology,0.0,0.0,False,1,0.1942794028685208
48089,Texas,Psychiatry,Mental Health Disorders,3500,0,0,0.0,0.0,3104.5,4291.15957060345,0.0,NO PROVIDER,100.0,48089|Psychiatry,0.0,0.0,False,1,0.1942794028685208
48089,Texas,Pulmonary,Respiratory Disease,2711,1,0,0.0,2711.0,4251.578947368421,5741.879971570142,0.6376454567962367,MODERATE GAP,3.47,48089|Pulmonary,0.36886757654002217,0.0,False,1,0.02319542084258952
48089,Texas,Rheumatology,Arthritis,4063,0,0,0.0,0.0,10453.0,13315.598760659872,0.0,NO PROVIDER,100.0,48089|Rheumatology,0.0,0.0,False,1,0.1942794028685208
48091,Texas,Cardiology,Heart Disease,103104,0,0,0.0,0.0,10823.136363636364,15071.056217261126,0.0,NO PROVIDER,100.0,48091|Cardiology,0.0,0.0,False,1,0.1942794028685208
48091,Texas,Endocrinology,Diabetes,67905,1,336,1107.0,67905.0,18070.0,22988.768286620067,3.757885998893193,CRITICAL GAP,20.46,48091|Endocrinology,0.014726456078344748,3.28486646884273,False,1,0.031117667991490405
48091,Texas,Oncology,Cancer,11330,0,0,0.0,0.0,2055.6666666666665,2642.926682217817,0.0,NO PROVIDER,100.0,48091|Oncology,0.0,0.0,False,1,0.1942794028685208
48091,Texas,Neurology,Neurological Disorders,4079,1,645,3750.0,4079.0,637.0,906.5174241117586,6.403453689167975,CRITICAL GAP,34.87,48091|Neurology,0.24515812699190975,5.804953560371517,False,1,0.13050529895905283
48091,Texas,Psychiatry,Mental Health Disorders,31271,5,0,0.0,6254.2,3104.5,4291.15957060345,2.014559510388146,CRITICAL GAP,10.97,48091|Psychiatry,0.1598925522049183,0.0,False,1,0.039876607664820485
48091,Texas,Pulmonary,Respiratory Disease,21904,0,0,0.0,0.0,4251.578947368421,5741.879971570142,0.0,NO PROVIDER,100.0,48091|Pulmonary,0.0,0.0,False,1,0.1942794028685208
48091,Texas,Rheumatology,Arthritis,33613,0,0,0.0,0.0,10453.0,13315.598760659872,0.0,NO PROVIDER,100.0,48091|Rheumatology,0.0,0.0,False,1,0.1942794028685208
48093,Texas,Cardiology,Heart Disease,8688,0,0,0.0,0.0,10823.136363636364,15071.056217261126,0.0,NO PROVIDER,100.0,48093|Cardiology,0.0,0.0,False,1,0.1942794028685208
48093,Texas,Endocrinology,Diabetes,5440,0,0,0.0,0.0,18070.0,22988.768286620067,0.0,NO PROVIDER,100.0,48093|Endocrinology,0.0,0.0,False,1,0.1942794028685208
48093,Texas,Oncology,Cancer,876,0,0,0.0,0.0,2055.6666666666665,2642.926682217817,0.0,NO PROVIDER,100.0,48093|Oncology,0.0,0.0,False,1,0.1942794028685208
48093,Texas,Neurology,Neurological Disorders,403,0,0,0.0,0.0,637.0,906.5174241117586,0.0,NO PROVIDER,100.0,48093|Neurology,0.0,0.0,False,1,0.1942794028685208
48093,Texas,Psychiatry,Mental Health Disorders,2524,0,0,0.0,0.0,3104.5,4291.15957060345,0.0,NO PROVIDER,100.0,48093|Psychiatry,0.0,0.0,False,1,0.1942794028685208
48093,Texas,Pulmonary,Respiratory Disease,1915,0,0,0.0,0.0,4251.578947368421,5741.879971570142,0.0,NO PROVIDER,100.0,48093|Pulmonary,0.0,0.0,False,1,0.1942794028685208
48093,Texas,Rheumatology,Arthritis,2824,0,0,0.0,0.0,10453.0,13315.598760659872,0.0,NO PROVIDER,100.0,48093|Rheumatology,0.0,0.0,False,1,0.1942794028685208
48095,Texas,Cardiology,Heart Disease,2287,0,0,0.0,0.0,10823.136363636364,15071.056217261126,0.0,NO PROVIDER,100.0,48095|Cardiology,0.0,0.0,False,1,0.1942794028685208
48095,Texas,Endocrinology,Diabetes,1471,0,0,0.0,0.0,18070.0,22988.768286620067,0.0,NO PROVIDER,100.0,48095|Endocrinology,0.0,0.0,False,1,0.1942794028685208
48095,Texas,Oncology,Cancer,195,0,0,0.0,0.0,2055.6666666666665,2642.926682217817,0.0,NO PROVIDER,100.0,48095|Oncology,0.0,0.0,False,1,0.1942794028685208
48095,Texas,Neurology,Neurological Disorders,107,0,0,0.0,0.0,637.0,906.5174241117586,0.0,NO PROVIDER,100.0,48095|Neurology,0.0,0.0,False,1,0.1942794028685208
48095,Texas,Psychiatry,Mental Health Disorders,583,0,0,0.0,0.0,3104.5,4291.15957060345,0.0,NO PROVIDER,100.0,48095|Psychiatry,0.0,0.0,False,1,0.1942794028685208
48095,Texas,Pulmonary,Respiratory Disease,473,0,0,0.0,0.0,4251.578947368421,5741.879971570142,0.0,NO PROVIDER,100.0,48095|Pulmonary,0.0,0.0,False,1,0.1942794028685208
48095,Texas,Rheumatology,Arthritis,677,0,0,0.0,0.0,10453.0,13315.598760659872,0.0,NO PROVIDER,100.0,48095|Rheumatology,0.0,0.0,False,1,0.1942794028685208
48097,Texas,Cardiology,Heart Disease,25640,2,1848,7078.0,12820.0,10823.136363636364,15071.056217261126,1.184499535926823,HIGH GAP,6.45,48097|Cardiology,0.078003120124805,3.8280151433207137,False,1,0.152977173612719
48097,Texas,Endocrinology,Diabetes,16115,0,0,0.0,0.0,18070.0,22988.768286620067,0.0,NO PROVIDER,100.0,48097|Endocrinology,0.0,0.0,False,1,0.1942794028685208
48097,Texas,Oncology,Cancer,2599,0,0,0.0,0.0,2055.6666666666665,2642.926682217817,0.0,NO PROVIDER,100.0,48097|Oncology,0.0,0.0,False,1,0.1942794028685208
48097,Texas,Neurology,Neurological Disorders,1157,0,0,0.0,0.0,637.0,906.5174241117586,0.0,NO PROVIDER,100.0,48097|Neurology,0.0,0.0,False,1,0.1942794028685208
48097,Texas,Psychiatry,Mental Health Disorders,8100,1,0,0.0,8100.0,3104.5,4291.15957060345,2.6091157996456755,CRITICAL GAP,14.21,48097|Psychiatry,0.1234567901234568,0.0,False,1,0.042929238062545005
48097,Texas,Pulmonary,Respiratory Disease,5836,0,0,0.0,0.0,4251.578947368421,5741.879971570142,0.0,NO PROVIDER,100.0,48097|Pulmonary,0.0,0.0,False,1,0.1942794028685208
48097,Texas,Rheumatology,Arthritis,8418,0,0,0.0,0.0,10453.0,13315.598760659872,0.0,NO PROVIDER,100.0,48097|Rheumatology,0.0,0.0,False,1,0.1942794028685208
48099,Texas,Cardiology,Heart Disease,44738,0,0,0.0,0.0,10823.136363636364,15071.056217261126,0.0,NO PROVIDER,100.0,48099|Cardiology,0.0,0.0,False,1,0.1942794028685208
48099,Texas,Endocrinology,Diabetes,31942,0,0,0.0,0.0,18070.0,22988.768286620067,0.0,NO PROVIDER,100.0,48099|Endocrinology,0.0,0.0,False,1,0.1942794028685208
48099,Texas,Oncology,Cancer,3915,0,0,0.0,0.0,2055.6666666666665,2642.926682217817,0.0,NO PROVIDER,100.0,48099|Oncology,0.0,0.0,False,1,0.1942794028685208
48099,Texas,Neurology,Neurological Disorders,1974,0,0,0.0,0.0,637.0,906.5174241117586,0.0,NO PROVIDER,100.0,48099|Neurology,0.0,0.0,False,1,0.1942794028685208
48099,Texas,Psychiatry,Mental Health Disorders,15626,0,0,0.0,0.0,3104.5,4291.15957060345,0.0,NO PROVIDER,100.0,48099|Psychiatry,0.0,0.0,False,1,0.1942794028685208
48099,Texas,Pulmonary,Respiratory Disease,10757,0,0,0.0,0.0,4251.578947368421,5741.879971570142,0.0,NO PROVIDER,100.0,48099|Pulmonary,0.0,0.0,False,1,0.1942794028685208
48099,Texas,Rheumatology,Arthritis,14968,0,0,0.0,0.0,10453.0,13315.598760659872,0.0,NO PROVIDER,100.0,48099|Rheumatology,0.0,0.0,False,1,0.1942794028685208
48101,Texas,Cardiology,Heart Disease,906,0,0,0.0,0.0,10823.136363636364,15071.056217261126,0.0,NO PROVIDER,100.0,48101|Cardiology,0.0,0.0,False,1,0.1942794028685208
48101,Texas,Endocrinology,Diabetes,594,0,0,0.0,0.0,18070.0,22988.768286620067,0.0,NO PROVIDER,100.0,48101|Endocrinology,0.0,0.0,False,1,0.1942794028685208
48101,Texas,Oncology,Cancer,81,0,0,0.0,0.0,2055.6666666666665,2642.926682217817,0.0,NO PROVIDER,100.0,48101|Oncology,0.0,0.0,False,1,0.1942794028685208
48101,Texas,Neurology,Neurological Disorders,49,0,0,0.0,0.0,637.0,906.5174241117586,0.0,NO PROVIDER,100.0,48101|Neurology,0.0,0.0,False,1,0.1942794028685208
48101,Texas,Psychiatry,Mental Health Disorders,245,0,0,0.0,0.0,3104.5,4291.15957060345,0.0,NO PROVIDER,100.0,48101|Psychiatry,0.0,0.0,False,1,0.1942794028685208
48101,Texas,Pulmonary,Respiratory Disease,211,0,0,0.0,0.0,4251.578947368421,5741.879971570142,0.0,NO PROVIDER,100.0,48101|Pulmonary,0.0,0.0,False,1,0.1942794028685208
48101,Texas,Rheumatology,Arthritis,297,0,0,0.0,0.0,10453.0,13315.598760659872,0.0,NO PROVIDER,100.0,48101|Rheumatology,0.0,0.0,False,1,0.1942794028685208
48103,Texas,Cardiology,Heart Disease,2425,0,0,0.0,0.0,10823.136363636364,15071.056217261126,0.0,NO PROVIDER,100.0,48103|Cardiology,0.0,0.0,False,1,0.1942794028685208
48103,Texas,Endocrinology,Diabetes,1773,0,0,0.0,0.0,18070.0,22988.768286620067,0.0,NO PROVIDER,100.0,48103|Endocrinology,0.0,0.0,False,1,0.1942794028685208
48103,Texas,Oncology,Cancer,172,0,0,0.0,0.0,2055.6666666666665,2642.926682217817,0.0,NO PROVIDER,100.0,48103|Oncology,0.0,0.0,False,1,0.1942794028685208
48103,Texas,Neurology,Neurological Disorders,112,0,0,0.0,0.0,637.0,906.5174241117586,0.0,NO PROVIDER,100.0,48103|Neurology,0.0,0.0,False,1,0.1942794028685208
48103,Texas,Psychiatry,Mental Health Disorders,662,0,0,0.0,0.0,3104.5,4291.15957060345,0.0,NO PROVIDER,100.0,48103|Psychiatry,0.0,0.0,False,1,0.1942794028685208
48103,Texas,Pulmonary,Respiratory Disease,495,0,0,0.0,0.0,4251.578947368421,5741.879971570142,0.0,NO PROVIDER,100.0,48103|Pulmonary,0.0,0.0,False,1,0.1942794028685208
48103,Texas,Rheumatology,Arthritis,695,0,0,0.0,0.0,10453.0,13315.598760659872,0.0,NO PROVIDER,100.0,48103|Rheumatology,0.0,0.0,False,1,0.1942794028685208
48105,Texas,Cardiology,Heart Disease,1655,0,0,0.0,0.0,10823.136363636364,15071.056217261126,0.0,NO PROVIDER,100.0,48105|Cardiology,0.0,0.0,False,1,0.1942794028685208
48105,Texas,Endocrinology,Diabetes,1115,0,0,0.0,0.0,18070.0,22988.768286620067,0.0,NO PROVIDER,100.0,48105|Endocrinology,0.0,0.0,False,1,0.1942794028685208
48105,Texas,Oncology,Cancer,132,0,0,0.0,0.0,2055.6666666666665,2642.926682217817,0.0,NO PROVIDER,100.0,48105|Oncology,0.0,0.0,False,1,0.1942794028685208
48105,Texas,Neurology,Neurological Disorders,77,0,0,0.0,0.0,637.0,906.5174241117586,0.0,NO PROVIDER,100.0,48105|Neurology,0.0,0.0,False,1,0.1942794028685208
48105,Texas,Psychiatry,Mental Health Disorders,440,0,0,0.0,0.0,3104.5,4291.15957060345,0.0,NO PROVIDER,100.0,48105|Psychiatry,0.0,0.0,False,1,0.1942794028685208
48105,Texas,Pulmonary,Respiratory Disease,340,0,0,0.0,0.0,4251.578947368421,5741.879971570142,0.0,NO PROVIDER,100.0,48105|Pulmonary,0.0,0.0,False,1,0.1942794028685208
48105,Texas,Rheumatology,Arthritis,494,0,0,0.0,0.0,10453.0,13315.598760659872,0.0,NO PROVIDER,100.0,48105|Rheumatology,0.0,0.0,False,1,0.1942794028685208
48107,Texas,Cardiology,Heart Disease,2961,0,0,0.0,0.0,10823.136363636364,15071.056217261126,0.0,NO PROVIDER,100.0,48107|Cardiology,0.0,0.0,False,1,0.1942794028685208
48107,Texas,Endocrinology,Diabetes,2067,0,0,0.0,0.0,18070.0,22988.768286620067,0.0,NO PROVIDER,100.0,48107|Endocrinology,0.0,0.0,False,1,0.1942794028685208
48107,Texas,Oncology,Cancer,236,0,0,0.0,0.0,2055.6666666666665,2642.926682217817,0.0,NO PROVIDER,100.0,48107|Oncology,0.0,0.0,False,1,0.1942794028685208
48107,Texas,Neurology,Neurological Disorders,150,0,0,0.0,0.0,637.0,906.5174241117586,0.0,NO PROVIDER,100.0,48107|Neurology,0.0,0.0,False,1,0.1942794028685208
48107,Texas,Psychiatry,Mental Health Disorders,803,0,0,0.0,0.0,3104.5,4291.15957060345,0.0,NO PROVIDER,100.0,48107|Psychiatry,0.0,0.0,False,1,0.1942794028685208
48107,Texas,Pulmonary,Respiratory Disease,645,0,0,0.0,0.0,4251.578947368421,5741.879971570142,0.0,NO PROVIDER,100.0,48107|Pulmonary,0.0,0.0,False,1,0.1942794028685208
48107,Texas,Rheumatology,Arthritis,913,0,0,0.0,0.0,10453.0,13315.598760659872,0.0,NO PROVIDER,100.0,48107|Rheumatology,0.0,0.0,False,1,0.1942794028685208
48109,Texas,Cardiology,Heart Disease,1378,0,0,0.0,0.0,10823.136363636364,15071.056217261126,0.0,NO PROVIDER,100.0,48109|Cardiology,0.0,0.0,False,1,0.1942794028685208
48109,Texas,Endocrinology,Diabetes,976,0,0,0.0,0.0,18070.0,22988.768286620067,0.0,NO PROVIDER,100.0,48109|Endocrinology,0.0,0.0,False,1,0.1942794028685208
48109,Texas,Oncology,Cancer,93,0,0,0.0,0.0,2055.6666666666665,2642.926682217817,0.0,NO PROVIDER,100.0,48109|Oncology,0.0,0.0,False,1,0.1942794028685208
48109,Texas,Neurology,Neurological Disorders,70,0,0,0.0,0.0,637.0,906.5174241117586,0.0,NO PROVIDER,100.0,48109|Neurology,0.0,0.0,False,1,0.1942794028685208
48109,Texas,Psychiatry,Mental Health Disorders,343,0,0,0.0,0.0,3104.5,4291.15957060345,0.0,NO PROVIDER,100.0,48109|Psychiatry,0.0,0.0,False,1,0.1942794028685208
48109,Texas,Pulmonary,Respiratory Disease,279,0,0,0.0,0.0,4251.578947368421,5741.879971570142,0.0,NO PROVIDER,100.0,48109|Pulmonary,0.0,0.0,False,1,0.1942794028685208
48109,Texas,Rheumatology,Arthritis,400,0,0,0.0,0.0,10453.0,13315.598760659872,0.0,NO PROVIDER,100.0,48109|Rheumatology,0.0,0.0,False,1,0.1942794028685208
48111,Texas,Cardiology,Heart Disease,3623,0,0,0.0,0.0,10823.136363636364,15071.056217261126,0.0,NO PROVIDER,100.0,48111|Cardiology,0.0,0.0,False,1,0.1942794028685208
48111,Texas,Endocrinology,Diabetes,2570,0,0,0.0,0.0,18070.0,22988.768286620067,0.0,NO PROVIDER,100.0,48111|Endocrinology,0.0,0.0,False,1,0.1942794028685208
48111,Texas,Oncology,Cancer,270,0,0,0.0,0.0,2055.6666666666665,2642.926682217817,0.0,NO PROVIDER,100.0,48111|Oncology,0.0,0.0,False,1,0.1942794028685208
48111,Texas,Neurology,Neurological Disorders,173,0,0,0.0,0.0,637.0,906.5174241117586,0.0,NO PROVIDER,100.0,48111|Neurology,0.0,0.0,False,1,0.1942794028685208
48111,Texas,Psychiatry,Mental Health Disorders,1053,0,0,0.0,0.0,3104.5,4291.15957060345,0.0,NO PROVIDER,100.0,48111|Psychiatry,0.0,0.0,False,1,0.1942794028685208
48111,Texas,Pulmonary,Respiratory Disease,802,0,0,0.0,0.0,4251.578947368421,5741.879971570142,0.0,NO PROVIDER,100.0,48111|Pulmonary,0.0,0.0,False,1,0.1942794028685208
48111,Texas,Rheumatology,Arthritis,1079,0,0,0.0,0.0,10453.0,13315.598760659872,0.0,NO PROVIDER,100.0,48111|Rheumatology,0.0,0.0,False,1,0.1942794028685208
48113,Texas,Cardiology,Heart Disease,1448973,144,85570,319125.0,10062.3125,10823.136363636364,15071.056217261126,0.9297039381123772,MODERATE GAP,5.06,48113|Cardiology,0.09938073380249321,3.7293592455387925,False,1,0.1593683097196813
48113,Texas,Endocrinology,Diabetes,945067,77,18286,93724.0,12273.597402597405,18070.0,22988.768286620067,0.6792250914553073,MODERATE GAP,3.7,48113|Endocrinology,0.08147570489711312,5.125170886422048,False,1,0.1469635178396151
48113,Texas,Oncology,Cancer,103918,91,20131,3482994.0,1141.956043956044,2055.6666666666665,2642.926682217817,0.5555161556458784,MODERATE GAP,3.02,48113|Oncology,0.8756904482380339,173.00784820186766,True,-1,-0.04590485778392717
48113,Texas,Neurology,Neurological Disorders,63723,140,28260,932777.0,455.1642857142857,637.0,906.5174241117586,0.7145436196456605,MODERATE GAP,3.89,48113|Neurology,2.1970089292720054,33.00580305013977,True,-1,-0.06441345887003047
48113,Texas,Psychiatry,Mental Health Disorders,376458,189,10726,50555.0,1991.8412698412696,3104.5,4291.15957060345,0.6415980898184152,MODERATE GAP,3.49,48113|Psychiatry,0.5020480372312449,4.712874056120071,False,1,0.11044611547157723
48113,Texas,Pulmonary,Respiratory Disease,299990,113,30154,95554.0,2654.778761061947,4251.578947368421,5741.879971570142,0.6244218427850582,MODERATE GAP,3.4,48113|Pulmonary,0.37667922264075465,3.1687613994362462,False,1,0.12624825027597547
48113,Texas,Rheumatology,Arthritis,383321,42,6772,1058537.0,9126.690476190475,10453.0,13315.598760659872,0.8731168541270905,MODERATE GAP,4.75,48113|Rheumatology,0.10956874264650254,156.28776022442048,False,1,0.03718126296984592
48115,Texas,Cardiology,Heart Disease,7019,0,0,0.0,0.0,10823.136363636364,15071.056217261126,0.0,NO PROVIDER,100.0,48115|Cardiology,0.0,0.0,False,1,0.1942794028685208
48115,Texas,Endocrinology,Diabetes,4953,0,0,0.0,0.0,18070.0,22988.768286620067,0.0,NO PROVIDER,100.0,48115|Endocrinology,0.0,0.0,False,1,0.1942794028685208
48115,Texas,Oncology,Cancer,504,0,0,0.0,0.0,2055.6666666666665,2642.926682217817,0.0,NO PROVIDER,100.0,48115|Oncology,0.0,0.0,False,1,0.1942794028685208
48115,Texas,Neurology,Neurological Disorders,347,0,0,0.0,0.0,637.0,906.5174241117586,0.0,NO PROVIDER,100.0,48115|Neurology,0.0,0.0,False,1,0.1942794028685208
48115,Texas,Psychiatry,Mental Health Disorders,1900,0,0,0.0,0.0,3104.5,4291.15957060345,0.0,NO PROVIDER,100.0,48115|Psychiatry,0.0,0.0,False,1,0.1942794028685208
48115,Texas,Pulmonary,Respiratory Disease,1526,0,0,0.0,0.0,4251.578947368421,5741.879971570142,0.0,NO PROVIDER,100.0,48115|Pulmonary,0.0,0.0,False,1,0.1942794028685208
48115,Texas,Rheumatology,Arthritis,2017,0,0,0.0,0.0,10453.0,13315.598760659872,0.0,NO PROVIDER,100.0,48115|Rheumatology,0.0,0.0,False,1,0.1942794028685208
48117,Texas,Cardiology,Heart Disease,9801,0,0,0.0,0.0,10823.136363636364,15071.056217261126,0.0,NO PROVIDER,100.0,48117|Cardiology,0.0,0.0,False,1,0.1942794028685208
48117,Texas,Endocrinology,Diabetes,7214,0,0,0.0,0.0,18070.0,22988.768286620067,0.0,NO PROVIDER,100.0,48117|Endocrinology,0.0,0.0,False,1,0.1942794028685208
48117,Texas,Oncology,Cancer,668,0,0,0.0,0.0,2055.6666666666665,2642.926682217817,0.0,NO PROVIDER,100.0,48117|Oncology,0.0,0.0,False,1,0.1942794028685208
48117,Texas,Neurology,Neurological Disorders,486,0,0,0.0,0.0,637.0,906.5174241117586,0.0,NO PROVIDER,100.0,48117|Neurology,0.0,0.0,False,1,0.1942794028685208
48117,Texas,Psychiatry,Mental Health Disorders,2636,0,0,0.0,0.0,3104.5,4291.15957060345,0.0,NO PROVIDER,100.0,48117|Psychiatry,0.0,0.0,False,1,0.1942794028685208
48117,Texas,Pulmonary,Respiratory Disease,2075,0,0,0.0,0.0,4251.578947368421,5741.879971570142,0.0,NO PROVIDER,100.0,48117|Pulmonary,0.0,0.0,False,1,0.1942794028685208
48117,Texas,Rheumatology,Arthritis,2813,0,0,0.0,0.0,10453.0,13315.598760659872,0.0,NO PROVIDER,100.0,48117|Rheumatology,0.0,0.0,False,1,0.1942794028685208
48119,Texas,Cardiology,Heart Disease,3290,0,0,0.0,0.0,10823.136363636364,15071.056217261126,0.0,NO PROVIDER,100.0,48119|Cardiology,0.0,0.0,False,1,0.1942794028685208
48119,Texas,Endocrinology,Diabetes,2066,0,0,0.0,0.0,18070.0,22988.768286620067,0.0,NO PROVIDER,100.0,48119|Endocrinology,0.0,0.0,False,1,0.1942794028685208
48119,Texas,Oncology,Cancer,335,0,0,0.0,0.0,2055.6666666666665,2642.926682217817,0.0,NO PROVIDER,100.0,48119|Oncology,0.0,0.0,False,1,0.1942794028685208
48119,Texas,Neurology,Neurological Disorders,153,0,0,0.0,0.0,637.0,906.5174241117586,0.0,NO PROVIDER,100.0,48119|Neurology,0.0,0.0,False,1,0.1942794028685208
48119,Texas,Psychiatry,Mental Health Disorders,1049,0,0,0.0,0.0,3104.5,4291.15957060345,0.0,NO PROVIDER,100.0,48119|Psychiatry,0.0,0.0,False,1,0.1942794028685208
48119,Texas,Pulmonary,Respiratory Disease,775,0,0,0.0,0.0,4251.578947368421,5741.879971570142,0.0,NO PROVIDER,100.0,48119|Pulmonary,0.0,0.0,False,1,0.1942794028685208
48119,Texas,Rheumatology,Arthritis,1097,0,0,0.0,0.0,10453.0,13315.598760659872,0.0,NO PROVIDER,100.0,48119|Rheumatology,0.0,0.0,False,1,0.1942794028685208
48121,Texas,Cardiology,Heart Disease,532567,23,12849,51706.0,23155.08695652174,10823.136363636364,15071.056217261126,2.1394063770940126,CRITICAL GAP,11.65,48121|Cardiology,0.043187054398789254,4.023813229571984,False,1,0.13208616689920055
48121,Texas,Endocrinology,Diabetes,335133,10,2507,13300.0,33513.3,18070.0,22988.768286620067,1.8546375207526289,HIGH GAP,10.1,48121|Endocrinology,0.02983889978008731,5.303030303030303,False,1,0.08960464751273078
48121,Texas,Oncology,Cancer,50037,14,5568,1458479.5,3574.0714285714284,2055.6666666666665,2642.926682217817,1.738643471009289,HIGH GAP,9.47,48121|Oncology,0.27979295321462117,261.89253007721317,True,-1,-0.002166821015678444
48121,Texas,Neurology,Neurological Disorders,18619,31,7333,75209.0,600.6129032258065,637.0,906.5174241117586,0.9428773990985972,MODERATE GAP,5.13,48121|Neurology,1.66496589505344,10.254840469048268,True,-1,-0.011605677388425217
48121,Texas,Psychiatry,Mental Health Disorders,160972,26,2213,13657.0,6191.2307692307695,3104.5,4291.15957060345,1.9942762986731424,HIGH GAP,10.86,48121|Psychiatry,0.16151877345128343,6.168473351400181,False,1,0.13947331143626462
48121,Texas,Pulmonary,Respiratory Disease,105117,8,3303,14492.0,13139.625,4251.578947368421,5741.879971570142,3.09052828670463,CRITICAL GAP,16.83,48121|Pulmonary,0.07610567272658085,4.386198547215496,False,1,0.14880062978682718
48121,Texas,Rheumatology,Arthritis,161360,6,1178,104669.0,26893.33333333333,10453.0,13315.598760659872,2.5727861220064416,CRITICAL GAP,14.01,48121|Rheumatology,0.03718393653941498,88.77777777777777,True,-1,-0.001385102247719816
48123,Texas,Cardiology,Heart Disease,12325,2,1528,4713.0,6162.5,10823.136363636364,15071.056217261126,0.5693820897152144,MODERATE GAP,3.1,48123|Cardiology,0.16227180527383367,3.0824068018312625,False,1,0.15382988032779227
48123,Texas,Endocrinology,Diabetes,7997,0,0,0.0,0.0,18070.0,22988.768286620067,0.0,NO PROVIDER,100.0,48123|Endocrinology,0.0,0.0,False,1,0.1942794028685208
48123,Texas,Oncology,Cancer,1090,0,0,0.0,0.0,2055.6666666666665,2642.926682217817,0.0,NO PROVIDER,100.0,48123|Oncology,0.0,0.0,False,1,0.1942794028685208
48123,Texas,Neurology,Neurological Disorders,606,0,0,0.0,0.0,637.0,906.5174241117586,0.0,NO PROVIDER,100.0,48123|Neurology,0.0,0.0,False,1,0.1942794028685208
48123,Texas,Psychiatry,Mental Health Disorders,3377,1,17,41.0,3377.0,3104.5,4291.15957060345,1.0877758093090677,HIGH GAP,5.92,48123|Psychiatry,0.2961208172934557,2.2777777777777777,False,1,0.11788238762729886
48123,Texas,Pulmonary,Respiratory Disease,2694,0,0,0.0,0.0,4251.578947368421,5741.879971570142,0.0,NO PROVIDER,100.0,48123|Pulmonary,0.0,0.0,False,1,0.1942794028685208
48123,Texas,Rheumatology,Arthritis,3860,0,0,0.0,0.0,10453.0,13315.598760659872,0.0,NO PROVIDER,100.0,48123|Rheumatology,0.0,0.0,False,1,0.1942794028685208
48125,Texas,Cardiology,Heart Disease,1173,0,0,0.0,0.0,10823.136363636364,15071.056217261126,0.0,NO PROVIDER,100.0,48125|Cardiology,0.0,0.0,False,1,0.1942794028685208
48125,Texas,Endocrinology,Diabetes,731,0,0,0.0,0.0,18070.0,22988.768286620067,0.0,NO PROVIDER,100.0,48125|Endocrinology,0.0,0.0,False,1,0.1942794028685208
48125,Texas,Oncology,Cancer,117,0,0,0.0,0.0,2055.6666666666665,2642.926682217817,0.0,NO PROVIDER,100.0,48125|Oncology,0.0,0.0,False,1,0.1942794028685208
48125,Texas,Neurology,Neurological Disorders,58,0,0,0.0,0.0,637.0,906.5174241117586,0.0,NO PROVIDER,100.0,48125|Neurology,0.0,0.0,False,1,0.1942794028685208
48125,Texas,Psychiatry,Mental Health Disorders,319,0,0,0.0,0.0,3104.5,4291.15957060345,0.0,NO PROVIDER,100.0,48125|Psychiatry,0.0,0.0,False,1,0.1942794028685208
48125,Texas,Pulmonary,Respiratory Disease,257,0,0,0.0,0.0,4251.578947368421,5741.879971570142,0.0,NO PROVIDER,100.0,48125|Pulmonary,0.0,0.0,False,1,0.1942794028685208
48125,Texas,Rheumatology,Arthritis,385,0,0,0.0,0.0,10453.0,13315.598760659872,0.0,NO PROVIDER,100.0,48125|Rheumatology,0.0,0.0,False,1,0.1942794028685208
48127,Texas,Cardiology,Heart Disease,5184,0,0,0.0,0.0,10823.136363636364,15071.056217261126,0.0,NO PROVIDER,100.0,48127|Cardiology,0.0,0.0,False,1,0.1942794028685208
48127,Texas,Endocrinology,Diabetes,4105,0,0,0.0,0.0,18070.0,22988.768286620067,0.0,NO PROVIDER,100.0,48127|Endocrinology,0.0,0.0,False,1,0.1942794028685208
48127,Texas,Oncology,Cancer,286,0,0,0.0,0.0,2055.6666666666665,2642.926682217817,0.0,NO PROVIDER,100.0,48127|Oncology,0.0,0.0,False,1,0.1942794028685208
48127,Texas,Neurology,Neurological Disorders,303,0,0,0.0,0.0,637.0,906.5174241117586,0.0,NO PROVIDER,100.0,48127|Neurology,0.0,0.0,False,1,0.1942794028685208
48127,Texas,Psychiatry,Mental Health Disorders,1249,0,0,0.0,0.0,3104.5,4291.15957060345,0.0,NO PROVIDER,100.0,48127|Psychiatry,0.0,0.0,False,1,0.1942794028685208
48127,Texas,Pulmonary,Respiratory Disease,1090,0,0,0.0,0.0,4251.578947368421,5741.879971570142,0.0,NO PROVIDER,100.0,48127|Pulmonary,0.0,0.0,False,1,0.1942794028685208
48127,Texas,Rheumatology,Arthritis,1490,0,0,0.0,0.0,10453.0,13315.598760659872,0.0,NO PROVIDER,100.0,48127|Rheumatology,0.0,0.0,False,1,0.1942794028685208
48129,Texas,Cardiology,Heart Disease,2033,0,0,0.0,0.0,10823.136363636364,15071.056217261126,0.0,NO PROVIDER,100.0,48129|Cardiology,0.0,0.0,False,1,0.1942794028685208
48129,Texas,Endocrinology,Diabetes,1222,0,0,0.0,0.0,18070.0,22988.768286620067,0.0,NO PROVIDER,100.0,48129|Endocrinology,0.0,0.0,False,1,0.1942794028685208
48129,Texas,Oncology,Cancer,212,0,0,0.0,0.0,2055.6666666666665,2642.926682217817,0.0,NO PROVIDER,100.0,48129|Oncology,0.0,0.0,False,1,0.1942794028685208
48129,Texas,Neurology,Neurological Disorders,98,0,0,0.0,0.0,637.0,906.5174241117586,0.0,NO PROVIDER,100.0,48129|Neurology,0.0,0.0,False,1,0.1942794028685208
48129,Texas,Psychiatry,Mental Health Disorders,629,0,0,0.0,0.0,3104.5,4291.15957060345,0.0,NO PROVIDER,100.0,48129|Psychiatry,0.0,0.0,False,1,0.1942794028685208
48129,Texas,Pulmonary,Respiratory Disease,475,0,0,0.0,0.0,4251.578947368421,5741.879971570142,0.0,NO PROVIDER,100.0,48129|Pulmonary,0.0,0.0,False,1,0.1942794028685208
48129,Texas,Rheumatology,Arthritis,682,0,0,0.0,0.0,10453.0,13315.598760659872,0.0,NO PROVIDER,100.0,48129|Rheumatology,0.0,0.0,False,1,0.1942794028685208
48131,Texas,Cardiology,Heart Disease,5771,0,0,0.0,0.0,10823.136363636364,15071.056217261126,0.0,NO PROVIDER,100.0,48131|Cardiology,0.0,0.0,False,1,0.1942794028685208
48131,Texas,Endocrinology,Diabetes,4255,0,0,0.0,0.0,18070.0,22988.768286620067,0.0,NO PROVIDER,100.0,48131|Endocrinology,0.0,0.0,False,1,0.1942794028685208
48131,Texas,Oncology,Cancer,364,0,0,0.0,0.0,2055.6666666666665,2642.926682217817,0.0,NO PROVIDER,100.0,48131|Oncology,0.0,0.0,False,1,0.1942794028685208
48131,Texas,Neurology,Neurological Disorders,286,0,0,0.0,0.0,637.0,906.5174241117586,0.0,NO PROVIDER,100.0,48131|Neurology,0.0,0.0,False,1,0.1942794028685208
48131,Texas,Psychiatry,Mental Health Disorders,1406,0,0,0.0,0.0,3104.5,4291.15957060345,0.0,NO PROVIDER,100.0,48131|Psychiatry,0.0,0.0,False,1,0.1942794028685208
48131,Texas,Pulmonary,Respiratory Disease,1114,0,0,0.0,0.0,4251.578947368421,5741.879971570142,0.0,NO PROVIDER,100.0,48131|Pulmonary,0.0,0.0,False,1,0.1942794028685208
48131,Texas,Rheumatology,Arthritis,1613,0,0,0.0,0.0,10453.0,13315.598760659872,0.0,NO PROVIDER,100.0,48131|Rheumatology,0.0,0.0,False,1,0.1942794028685208
48133,Texas,Cardiology,Heart Disease,11167,1,706,1112.0,11167.0,10823.136363636364,15071.056217261126,1.0317711636267424,HIGH GAP,5.62,48133|Cardiology,0.08954956568460644,1.5728429985855727,False,1,0.11940875757473857
48133,Texas,Endocrinology,Diabetes,6879,0,0,0.0,0.0,18070.0,22988.768286620067,0.0,NO PROVIDER,100.0,48133|Endocrinology,0.0,0.0,False,1,0.1942794028685208
48133,Texas,Oncology,Cancer,1132,0,0,0.0,0.0,2055.6666666666665,2642.926682217817,0.0,NO PROVIDER,100.0,48133|Oncology,0.0,0.0,False,1,0.1942794028685208
48133,Texas,Neurology,Neurological Disorders,538,0,0,0.0,0.0,637.0,906.5174241117586,0.0,NO PROVIDER,100.0,48133|Neurology,0.0,0.0,False,1,0.1942794028685208
48133,Texas,Psychiatry,Mental Health Disorders,3503,0,0,0.0,0.0,3104.5,4291.15957060345,0.0,NO PROVIDER,100.0,48133|Psychiatry,0.0,0.0,False,1,0.1942794028685208
48133,Texas,Pulmonary,Respiratory Disease,2633,0,0,0.0,0.0,4251.578947368421,5741.879971570142,0.0,NO PROVIDER,100.0,48133|Pulmonary,0.0,0.0,False,1,0.1942794028685208
48133,Texas,Rheumatology,Arthritis,3744,0,0,0.0,0.0,10453.0,13315.598760659872,0.0,NO PROVIDER,100.0,48133|Rheumatology,0.0,0.0,False,1,0.1942794028685208
48135,Texas,Cardiology,Heart Disease,79764,4,6273,17842.0,19941.0,10823.136363636364,15071.056217261126,1.8424419068577835,HIGH GAP,10.03,48135|Cardiology,0.050147936412416626,2.8437998087344596,False,1,0.13825012393315422
48135,Texas,Endocrinology,Diabetes,60807,5,669,6860.0,12161.4,18070.0,22988.768286620067,0.6730160486995019,MODERATE GAP,3.66,48135|Endocrinology,0.08222737513773086,10.238805970149254,False,1,0.10804427958666796
48135,Texas,Oncology,Cancer,5938,2,497,136309.0,2969.0,2055.6666666666665,2642.926682217817,1.4443003080914547,HIGH GAP,7.86,48135|Oncology,0.3368137420006736,273.7128514056225,True,-1,-0.0013417821042627232
48135,Texas,Neurology,Neurological Disorders,3597,0,0,0.0,0.0,637.0,906.5174241117586,0.0,NO PROVIDER,100.0,48135|Neurology,0.0,0.0,False,1,0.1942794028685208
48135,Texas,Psychiatry,Mental Health Disorders,23981,5,73,668.0,4796.2,3104.5,4291.15957060345,1.5449186664519243,HIGH GAP,8.41,48135|Psychiatry,0.20849839456236186,9.027027027027026,False,1,0.11118448249378021
48135,Texas,Pulmonary,Respiratory Disease,17072,2,260,542.0,8536.0,4251.578947368421,5741.879971570142,2.007724684327804,CRITICAL GAP,10.93,48135|Pulmonary,0.11715089034676664,2.0766283524904217,False,1,0.1418189543020693
48135,Texas,Rheumatology,Arthritis,23295,0,0,0.0,0.0,10453.0,13315.598760659872,0.0,NO PROVIDER,100.0,48135|Rheumatology,0.0,0.0,False,1,0.1942794028685208
48137,Texas,Cardiology,Heart Disease,946,0,0,0.0,0.0,10823.136363636364,15071.056217261126,0.0,NO PROVIDER,100.0,48137|Cardiology,0.0,0.0,False,1,0.1942794028685208
48137,Texas,Endocrinology,Diabetes,604,0,0,0.0,0.0,18070.0,22988.768286620067,0.0,NO PROVIDER,100.0,48137|Endocrinology,0.0,0.0,False,1,0.1942794028685208
48137,Texas,Oncology,Cancer,84,0,0,0.0,0.0,2055.6666666666665,2642.926682217817,0.0,NO PROVIDER,100.0,48137|Oncology,0.0,0.0,False,1,0.1942794028685208
48137,Texas,Neurology,Neurological Disorders,48,0,0,0.0,0.0,637.0,906.5174241117586,0.0,NO PROVIDER,100.0,48137|Neurology,0.0,0.0,False,1,0.1942794028685208
48137,Texas,Psychiatry,Mental Health Disorders,230,0,0,0.0,0.0,3104.5,4291.15957060345,0.0,NO PROVIDER,100.0,48137|Psychiatry,0.0,0.0,False,1,0.1942794028685208
48137,Texas,Pulmonary,Respiratory Disease,197,0,0,0.0,0.0,4251.578947368421,5741.879971570142,0.0,NO PROVIDER,100.0,48137|Pulmonary,0.0,0.0,False,1,0.1942794028685208
48137,Texas,Rheumatology,Arthritis,295,0,0,0.0,0.0,10453.0,13315.598760659872,0.0,NO PROVIDER,100.0,48137|Rheumatology,0.0,0.0,False,1,0.1942794028685208
48139,Texas,Cardiology,Heart Disease,120311,5,1988,9607.0,24062.2,10823.136363636364,15071.056217261126,2.223218777954634,CRITICAL GAP,12.1,48139|Cardiology,0.04155895969612089,4.830065359477124,False,1,0.12692691256638555
48139,Texas,Endocrinology,Diabetes,79332,5,1727,13485.0,15866.4,18070.0,22988.768286620067,0.8780520199225235,MODERATE GAP,4.78,48139|Endocrinology,0.06302626934906469,7.803819444444445,False,1,0.11980292381548446
48139,Texas,Oncology,Cancer,10676,2,768,2466.0,5338.0,2055.6666666666665,2642.926682217817,2.596724501378304,CRITICAL GAP,14.14,48139|Oncology,0.18733608092918697,3.2067620286085825,False,1,0.15370994316264242
48139,Texas,Neurology,Neurological Disorders,4845,6,2148,47522.0,807.5,637.0,906.5174241117586,1.2676609105180534,HIGH GAP,6.9,48139|Neurology,1.238390092879257,22.11354118194509,True,-1,-0.018618077786928366
48139,Texas,Psychiatry,Mental Health Disorders,37202,2,88,517.0,18601.0,3104.5,4291.15957060345,5.991625060396199,CRITICAL GAP,32.62,48139|Psychiatry,0.0537605505080372,5.808988764044944,False,1,0.13250517252572513
48139,Texas,Pulmonary,Respiratory Disease,25458,2,1294,3391.0,12729.0,4251.578947368421,5741.879971570142,2.993946521416192,CRITICAL GAP,16.3,48139|Pulmonary,0.0785607667530835,2.6185328185328185,False,1,0.14677341195263566
48139,Texas,Rheumatology,Arthritis,36873,4,1037,192998.0,9218.25,10453.0,13315.598760659872,0.8818760164546063,MODERATE GAP,4.8,48139|Rheumatology,0.10848045995715021,185.93256262042388,False,1,0.03419215357112759
48141,Texas,Cardiology,Heart Disease,463378,32,11813,53285.0,14480.5625,10823.136363636364,15071.056217261126,1.3379266428400438,HIGH GAP,7.28,48141|Cardiology,0.06905809080275714,4.5103267309971224,False,1,0.14217273512077022
48141,Texas,Endocrinology,Diabetes,320228,6,1346,5370.0,53371.333333333336,18070.0,22988.768286620067,2.95358789891164,CRITICAL GAP,16.08,48141|Endocrinology,0.018736650136777545,3.9866369710467704,False,1,0.045146639981191505
48141,Texas,Oncology,Cancer,29729,20,4206,726653.0,1486.45,2055.6666666666665,2642.926682217817,0.7230987514188423,MODERATE GAP,3.94,48141|Oncology,0.6727437855292813,172.72474447349654,True,-1,-0.028623275003650805
48141,Texas,Neurology,Neurological Disorders,20358,22,3587,26061.0,925.3636363636364,637.0,906.5174241117586,1.4526901669758814,HIGH GAP,7.91,48141|Neurology,1.080656253070046,7.263377926421405,False,1,0.022676868867100186
48141,Texas,Psychiatry,Mental Health Disorders,128608,41,1716,9006.0,3136.7804878048782,3104.5,4291.15957060345,1.010397966759503,HIGH GAP,5.5,48141|Psychiatry,0.3187982085095795,5.245195107746069,False,1,0.122411296852183
48141,Texas,Pulmonary,Respiratory Disease,86923,15,4666,38716.0,5794.866666666667,4251.578947368421,5741.879971570142,1.36299166460345,HIGH GAP,7.42,48141|Pulmonary,0.17256652439515432,8.295693164773946,False,1,0.1253306007041763
48141,Texas,Rheumatology,Arthritis,129901,8,1207,340647.0,16237.625,10453.0,13315.598760659872,1.553393762556204,HIGH GAP,8.46,48141|Rheumatology,0.06158536115965236,281.9925496688742,True,-1,-0.0020359912649465794
48143,Texas,Cardiology,Heart Disease,24518,0,0,0.0,0.0,10823.136363636364,15071.056217261126,0.0,NO PROVIDER,100.0,48143|Cardiology,0.0,0.0,False,1,0.1942794028685208
48143,Texas,Endocrinology,Diabetes,15959,0,0,0.0,0.0,18070.0,22988.768286620067,0.0,NO PROVIDER,100.0,48143|Endocrinology,0.0,0.0,False,1,0.1942794028685208
48143,Texas,Oncology,Cancer,2438,1,468,329173.0,2438.0,2055.6666666666665,2642.926682217817,1.185989946489379,HIGH GAP,6.46,48143|Oncology,0.41017227235438886,701.861407249467,True,-1,-0.04285767721831302
48143,Texas,Neurology,Neurological Disorders,1087,0,0,0.0,0.0,637.0,906.5174241117586,0.0,NO PROVIDER,100.0,48143|Neurology,0.0,0.0,False,1,0.1942794028685208
48143,Texas,Psychiatry,Mental Health Disorders,8699,0,0,0.0,0.0,3104.5,4291.15957060345,0.0,NO PROVIDER,100.0,48143|Psychiatry,0.0,0.0,False,1,0.1942794028685208
48143,Texas,Pulmonary,Respiratory Disease,5910,0,0,0.0,0.0,4251.578947368421,5741.879971570142,0.0,NO PROVIDER,100.0,48143|Pulmonary,0.0,0.0,False,1,0.1942794028685208
48143,Texas,Rheumatology,Arthritis,7980,0,0,0.0,0.0,10453.0,13315.598760659872,0.0,NO PROVIDER,100.0,48143|Rheumatology,0.0,0.0,False,1,0.1942794028685208
48145,Texas,Cardiology,Heart Disease,11052,0,0,0.0,0.0,10823.136363636364,15071.056217261126,0.0,NO PROVIDER,100.0,48145|Cardiology,0.0,0.0,False,1,0.1942794028685208
48145,Texas,Endocrinology,Diabetes,7485,0,0,0.0,0.0,18070.0,22988.768286620067,0.0,NO PROVIDER,100.0,48145|Endocrinology,0.0,0.0,False,1,0.1942794028685208
48145,Texas,Oncology,Cancer,931,0,0,0.0,0.0,2055.6666666666665,2642.926682217817,0.0,NO PROVIDER,100.0,48145|Oncology,0.0,0.0,False,1,0.1942794028685208
48145,Texas,Neurology,Neurological Disorders,584,0,0,0.0,0.0,637.0,906.5174241117586,0.0,NO PROVIDER,100.0,48145|Neurology,0.0,0.0,False,1,0.1942794028685208
48145,Texas,Psychiatry,Mental Health Disorders,3192,0,0,0.0,0.0,3104.5,4291.15957060345,0.0,NO PROVIDER,100.0,48145|Psychiatry,0.0,0.0,False,1,0.1942794028685208
48145,Texas,Pulmonary,Respiratory Disease,2636,0,0,0.0,0.0,4251.578947368421,5741.879971570142,0.0,NO PROVIDER,100.0,48145|Pulmonary,0.0,0.0,False,1,0.1942794028685208
48145,Texas,Rheumatology,Arthritis,3566,0,0,0.0,0.0,10453.0,13315.598760659872,0.0,NO PROVIDER,100.0,48145|Rheumatology,0.0,0.0,False,1,0.1942794028685208
48147,Texas,Cardiology,Heart Disease,23055,0,0,0.0,0.0,10823.136363636364,15071.056217261126,0.0,NO PROVIDER,100.0,48147|Cardiology,0.0,0.0,False,1,0.1942794028685208
48147,Texas,Endocrinology,Diabetes,15237,1,706,9557.0,15237.0,18070.0,22988.768286620067,0.8432208079690094,MODERATE GAP,4.59,48147|Endocrinology,0.06562971713591914,13.517680339462517,False,1,0.09217924586200632
48147,Texas,Oncology,Cancer,2221,0,0,0.0,0.0,2055.6666666666665,2642.926682217817,0.0,NO PROVIDER,100.0,48147|Oncology,0.0,0.0,False,1,0.1942794028685208
48147,Texas,Neurology,Neurological Disorders,1066,0,0,0.0,0.0,637.0,906.5174241117586,0.0,NO PROVIDER,100.0,48147|Neurology,0.0,0.0,False,1,0.1942794028685208
48147,Texas,Psychiatry,Mental Health Disorders,7344,0,0,0.0,0.0,3104.5,4291.15957060345,0.0,NO PROVIDER,100.0,48147|Psychiatry,0.0,0.0,False,1,0.1942794028685208
48147,Texas,Pulmonary,Respiratory Disease,5420,0,0,0.0,0.0,4251.578947368421,5741.879971570142,0.0,NO PROVIDER,100.0,48147|Pulmonary,0.0,0.0,False,1,0.1942794028685208
48147,Texas,Rheumatology,Arthritis,7507,0,0,0.0,0.0,10453.0,13315.598760659872,0.0,NO PROVIDER,100.0,48147|Rheumatology,0.0,0.0,False,1,0.1942794028685208
48149,Texas,Cardiology,Heart Disease,15745,0,0,0.0,0.0,10823.136363636364,15071.056217261126,0.0,NO PROVIDER,100.0,48149|Cardiology,0.0,0.0,False,1,0.1942794028685208
48149,Texas,Endocrinology,Diabetes,9359,0,0,0.0,0.0,18070.0,22988.768286620067,0.0,NO PROVIDER,100.0,48149|Endocrinology,0.0,0.0,False,1,0.1942794028685208
48149,Texas,Oncology,Cancer,1726,0,0,0.0,0.0,2055.6666666666665,2642.926682217817,0.0,NO PROVIDER,100.0,48149|Oncology,0.0,0.0,False,1,0.1942794028685208
48149,Texas,Neurology,Neurological Disorders,700,0,0,0.0,0.0,637.0,906.5174241117586,0.0,NO PROVIDER,100.0,48149|Neurology,0.0,0.0,False,1,0.1942794028685208
48149,Texas,Psychiatry,Mental Health Disorders,4507,0,0,0.0,0.0,3104.5,4291.15957060345,0.0,NO PROVIDER,100.0,48149|Psychiatry,0.0,0.0,False,1,0.1942794028685208
48149,Texas,Pulmonary,Respiratory Disease,3319,0,0,0.0,0.0,4251.578947368421,5741.879971570142,0.0,NO PROVIDER,100.0,48149|Pulmonary,0.0,0.0,False,1,0.1942794028685208
48149,Texas,Rheumatology,Arthritis,5137,0,0,0.0,0.0,10453.0,13315.598760659872,0.0,NO PROVIDER,100.0,48149|Rheumatology,0.0,0.0,False,1,0.1942794028685208
48151,Texas,Cardiology,Heart Disease,2225,0,0,0.0,0.0,10823.136363636364,15071.056217261126,0.0,NO PROVIDER,100.0,48151|Cardiology,0.0,0.0,False,1,0.1942794028685208
48151,Texas,Endocrinology,Diabetes,1380,0,0,0.0,0.0,18070.0,22988.768286620067,0.0,NO PROVIDER,100.0,48151|Endocrinology,0.0,0.0,False,1,0.1942794028685208
48151,Texas,Oncology,Cancer,225,0,0,0.0,0.0,2055.6666666666665,2642.926682217817,0.0,NO PROVIDER,100.0,48151|Oncology,0.0,0.0,False,1,0.1942794028685208
48151,Texas,Neurology,Neurological Disorders,99,0,0,0.0,0.0,637.0,906.5174241117586,0.0,NO PROVIDER,100.0,48151|Neurology,0.0,0.0,False,1,0.1942794028685208
48151,Texas,Psychiatry,Mental Health Disorders,637,0,0,0.0,0.0,3104.5,4291.15957060345,0.0,NO PROVIDER,100.0,48151|Psychiatry,0.0,0.0,False,1,0.1942794028685208
48151,Texas,Pulmonary,Respiratory Disease,467,0,0,0.0,0.0,4251.578947368421,5741.879971570142,0.0,NO PROVIDER,100.0,48151|Pulmonary,0.0,0.0,False,1,0.1942794028685208
48151,Texas,Rheumatology,Arthritis,722,0,0,0.0,0.0,10453.0,13315.598760659872,0.0,NO PROVIDER,100.0,48151|Rheumatology,0.0,0.0,False,1,0.1942794028685208
48153,Texas,Cardiology,Heart Disease,3044,0,0,0.0,0.0,10823.136363636364,15071.056217261126,0.0,NO PROVIDER,100.0,48153|Cardiology,0.0,0.0,False,1,0.1942794028685208
48153,Texas,Endocrinology,Diabetes,2087,0,0,0.0,0.0,18070.0,22988.768286620067,0.0,NO PROVIDER,100.0,48153|Endocrinology,0.0,0.0,False,1,0.1942794028685208
48153,Texas,Oncology,Cancer,244,0,0,0.0,0.0,2055.6666666666665,2642.926682217817,0.0,NO PROVIDER,100.0,48153|Oncology,0.0,0.0,False,1,0.1942794028685208
48153,Texas,Neurology,Neurological Disorders,152,0,0,0.0,0.0,637.0,906.5174241117586,0.0,NO PROVIDER,100.0,48153|Neurology,0.0,0.0,False,1,0.1942794028685208
48153,Texas,Psychiatry,Mental Health Disorders,811,0,0,0.0,0.0,3104.5,4291.15957060345,0.0,NO PROVIDER,100.0,48153|Psychiatry,0.0,0.0,False,1,0.1942794028685208
48153,Texas,Pulmonary,Respiratory Disease,652,0,0,0.0,0.0,4251.578947368421,5741.879971570142,0.0,NO PROVIDER,100.0,48153|Pulmonary,0.0,0.0,False,1,0.1942794028685208
48153,Texas,Rheumatology,Arthritis,922,0,0,0.0,0.0,10453.0,13315.598760659872,0.0,NO PROVIDER,100.0,48153|Rheumatology,0.0,0.0,False,1,0.1942794028685208
48155,Texas,Cardiology,Heart Disease,749,0,0,0.0,0.0,10823.136363636364,15071.056217261126,0.0,NO PROVIDER,100.0,48155|Cardiology,0.0,0.0,False,1,0.1942794028685208
48155,Texas,Endocrinology,Diabetes,482,0,0,0.0,0.0,18070.0,22988.768286620067,0.0,NO PROVIDER,100.0,48155|Endocrinology,0.0,0.0,False,1,0.1942794028685208
48155,Texas,Oncology,Cancer,71,0,0,0.0,0.0,2055.6666666666665,2642.926682217817,0.0,NO PROVIDER,100.0,48155|Oncology,0.0,0.0,False,1,0.1942794028685208
48155,Texas,Neurology,Neurological Disorders,41,0,0,0.0,0.0,637.0,906.5174241117586,0.0,NO PROVIDER,100.0,48155|Neurology,0.0,0.0,False,1,0.1942794028685208
48155,Texas,Psychiatry,Mental Health Disorders,213,0,0,0.0,0.0,3104.5,4291.15957060345,0.0,NO PROVIDER,100.0,48155|Psychiatry,0.0,0.0,False,1,0.1942794028685208
48155,Texas,Pulmonary,Respiratory Disease,181,0,0,0.0,0.0,4251.578947368421,5741.879971570142,0.0,NO PROVIDER,100.0,48155|Pulmonary,0.0,0.0,False,1,0.1942794028685208
48155,Texas,Rheumatology,Arthritis,251,0,0,0.0,0.0,10453.0,13315.598760659872,0.0,NO PROVIDER,100.0,48155|Rheumatology,0.0,0.0,False,1,0.1942794028685208
48157,Texas,Cardiology,Heart Disease,468047,61,41254,124010.0,7672.901639344263,10823.136363636364,15071.056217261126,0.7089351350246054,MODERATE GAP,3.86,48157|Cardiology,0.13032879176663884,3.005938674100109,False,1,0.15643224864543315
48157,Texas,Endocrinology,Diabetes,278737,33,8514,101293.0,8446.575757575758,18070.0,22988.768286620067,0.4674364005299257,LOW GAP,2.55,48157|Endocrinology,0.11839117160620943,11.89583088667058,False,1,0.10216258827270386
48157,Texas,Oncology,Cancer,36445,21,3964,373691.0,1735.4761904761904,2055.6666666666665,2642.926682217817,0.8442400796868123,MODERATE GAP,4.6,48157|Oncology,0.5762107284949924,94.24741488020176,True,-1,-0.0038664714763709807
48157,Texas,Neurology,Neurological Disorders,17885,62,19597,917184.0,288.46774193548384,637.0,906.5174241117586,0.4528535980148883,LOW GAP,2.47,48157|Neurology,3.4665921162985742,46.79987753852434,True,-1,-0.10794562042665323
48157,Texas,Psychiatry,Mental Health Disorders,118446,38,2007,18628.0,3117.0,3104.5,4291.15957060345,1.004026413271058,HIGH GAP,5.47,48157|Psychiatry,0.32082130253448826,9.276892430278885,False,1,0.09584100122492067
48157,Texas,Pulmonary,Respiratory Disease,87738,18,6889,43389.0,4874.333333333333,4251.578947368421,5741.879971570142,1.146476025418833,HIGH GAP,6.24,48157|Pulmonary,0.20515626068522191,6.297387518142235,False,1,0.13193584343287096
48157,Texas,Rheumatology,Arthritis,127557,22,3468,903950.2,5798.045454545455,10453.0,13315.598760659872,0.5546776480001392,MODERATE GAP,3.02,48157|Rheumatology,0.17247191451664745,260.5794753531277,False,1,0.011281304354882615
48159,Texas,Cardiology,Heart Disease,6488,0,0,0.0,0.0,10823.136363636364,15071.056217261126,0.0,NO PROVIDER,100.0,48159|Cardiology,0.0,0.0,False,1,0.1942794028685208
48159,Texas,Endocrinology,Diabetes,3940,0,0,0.0,0.0,18070.0,22988.768286620067,0.0,NO PROVIDER,100.0,48159|Endocrinology,0.0,0.0,False,1,0.1942794028685208
48159,Texas,Oncology,Cancer,706,0,0,0.0,0.0,2055.6666666666665,2642.926682217817,0.0,NO PROVIDER,100.0,48159|Oncology,0.0,0.0,False,1,0.1942794028685208
48159,Texas,Neurology,Neurological Disorders,277,0,0,0.0,0.0,637.0,906.5174241117586,0.0,NO PROVIDER,100.0,48159|Neurology,0.0,0.0,False,1,0.1942794028685208
48159,Texas,Psychiatry,Mental Health Disorders,1989,0,0,0.0,0.0,3104.5,4291.15957060345,0.0,NO PROVIDER,100.0,48159|Psychiatry,0.0,0.0,False,1,0.1942794028685208
48159,Texas,Pulmonary,Respiratory Disease,1417,0,0,0.0,0.0,4251.578947368421,5741.879971570142,0.0,NO PROVIDER,100.0,48159|Pulmonary,0.0,0.0,False,1,0.1942794028685208
48159,Texas,Rheumatology,Arthritis,2132,0,0,0.0,0.0,10453.0,13315.598760659872,0.0,NO PROVIDER,100.0,48159|Rheumatology,0.0,0.0,False,1,0.1942794028685208
48161,Texas,Cardiology,Heart Disease,12721,0,0,0.0,0.0,10823.136363636364,15071.056217261126,0.0,NO PROVIDER,100.0,48161|Cardiology,0.0,0.0,False,1,0.1942794028685208
48161,Texas,Endocrinology,Diabetes,8148,0,0,0.0,0.0,18070.0,22988.768286620067,0.0,NO PROVIDER,100.0,48161|Endocrinology,0.0,0.0,False,1,0.1942794028685208
48161,Texas,Oncology,Cancer,1195,0,0,0.0,0.0,2055.6666666666665,2642.926682217817,0.0,NO PROVIDER,100.0,48161|Oncology,0.0,0.0,False,1,0.1942794028685208
48161,Texas,Neurology,Neurological Disorders,617,0,0,0.0,0.0,637.0,906.5174241117586,0.0,NO PROVIDER,100.0,48161|Neurology,0.0,0.0,False,1,0.1942794028685208
48161,Texas,Psychiatry,Mental Health Disorders,3679,0,0,0.0,0.0,3104.5,4291.15957060345,0.0,NO PROVIDER,100.0,48161|Psychiatry,0.0,0.0,False,1,0.1942794028685208
48161,Texas,Pulmonary,Respiratory Disease,2864,0,0,0.0,0.0,4251.578947368421,5741.879971570142,0.0,NO PROVIDER,100.0,48161|Pulmonary,0.0,0.0,False,1,0.1942794028685208
48161,Texas,Rheumatology,Arthritis,4098,0,0,0.0,0.0,10453.0,13315.598760659872,0.0,NO PROVIDER,100.0,48161|Rheumatology,0.0,0.0,False,1,0.1942794028685208
48163,Texas,Cardiology,Heart Disease,10009,0,0,0.0,0.0,10823.136363636364,15071.056217261126,0.0,NO PROVIDER,100.0,48163|Cardiology,0.0,0.0,False,1,0.1942794028685208
48163,Texas,Endocrinology,Diabetes,7593,0,0,0.0,0.0,18070.0,22988.768286620067,0.0,NO PROVIDER,100.0,48163|Endocrinology,0.0,0.0,False,1,0.1942794028685208
48163,Texas,Oncology,Cancer,607,0,0,0.0,0.0,2055.6666666666665,2642.926682217817,0.0,NO PROVIDER,100.0,48163|Oncology,0.0,0.0,False,1,0.1942794028685208
48163,Texas,Neurology,Neurological Disorders,467,0,0,0.0,0.0,637.0,906.5174241117586,0.0,NO PROVIDER,100.0,48163|Neurology,0.0,0.0,False,1,0.1942794028685208
48163,Texas,Psychiatry,Mental Health Disorders,2576,0,0,0.0,0.0,3104.5,4291.15957060345,0.0,NO PROVIDER,100.0,48163|Psychiatry,0.0,0.0,False,1,0.1942794028685208
48163,Texas,Pulmonary,Respiratory Disease,1955,0,0,0.0,0.0,4251.578947368421,5741.879971570142,0.0,NO PROVIDER,100.0,48163|Pulmonary,0.0,0.0,False,1,0.1942794028685208
48163,Texas,Rheumatology,Arthritis,2696,0,0,0.0,0.0,10453.0,13315.598760659872,0.0,NO PROVIDER,100.0,48163|Rheumatology,0.0,0.0,False,1,0.1942794028685208
48165,Texas,Cardiology,Heart Disease,10178,0,0,0.0,0.0,10823.136363636364,15071.056217261126,0.0,NO PROVIDER,100.0,48165|Cardiology,0.0,0.0,False,1,0.1942794028685208
48165,Texas,Endocrinology,Diabetes,6965,0,0,0.0,0.0,18070.0,22988.768286620067,0.0,NO PROVIDER,100.0,48165|Endocrinology,0.0,0.0,False,1,0.1942794028685208
48165,Texas,Oncology,Cancer,807,0,0,0.0,0.0,2055.6666666666665,2642.926682217817,0.0,NO PROVIDER,100.0,48165|Oncology,0.0,0.0,False,1,0.1942794028685208
48165,Texas,Neurology,Neurological Disorders,461,0,0,0.0,0.0,637.0,906.5174241117586,0.0,NO PROVIDER,100.0,48165|Neurology,0.0,0.0,False,1,0.1942794028685208
48165,Texas,Psychiatry,Mental Health Disorders,3400,0,0,0.0,0.0,3104.5,4291.15957060345,0.0,NO PROVIDER,100.0,48165|Psychiatry,0.0,0.0,False,1,0.1942794028685208
48165,Texas,Pulmonary,Respiratory Disease,2434,1,98,479.0,2434.0,4251.578947368421,5741.879971570142,0.572493191384006,MODERATE GAP,3.12,48165|Pulmonary,0.4108463434675431,4.838383838383838,False,1,0.1183548988646933
48165,Texas,Rheumatology,Arthritis,3054,0,0,0.0,0.0,10453.0,13315.598760659872,0.0,NO PROVIDER,100.0,48165|Rheumatology,0.0,0.0,False,1,0.1942794028685208
48167,Texas,Cardiology,Heart Disease,203085,19,15495,34330.0,10688.684210526317,10823.136363636364,15071.056217261126,0.9875773390824324,MODERATE GAP,5.38,48167|Cardiology,0.09355688504813256,2.2154104284976768,False,1,0.14784515994438668
48167,Texas,Endocrinology,Diabetes,125923,7,935,2144.0,17989.0,18070.0,22988.768286620067,0.9955174322080796,MODERATE GAP,5.42,48167|Endocrinology,0.0555895269331258,2.2905982905982905,False,1,0.13866665787938726
48167,Texas,Oncology,Cancer,18840,8,933,59914.0,2355.0,2055.6666666666665,2642.926682217817,1.1456137506080752,HIGH GAP,6.24,48167|Oncology,0.42462845010615713,64.14775160599572,False,1,0.020620884609049206
48167,Texas,Neurology,Neurological Disorders,8589,17,3788,8718.0,505.2352941176471,637.0,906.5174241117586,0.7931480284421462,MODERATE GAP,4.32,48167|Neurology,1.9792758179066248,2.3008709422011084,True,-1,-0.027937179028219572
48167,Texas,Psychiatry,Mental Health Disorders,60815,33,1966,9863.0,1842.878787878788,3104.5,4291.15957060345,0.5936153286773355,MODERATE GAP,3.23,48167|Psychiatry,0.5426292855381074,5.01423487544484,False,1,0.10431620511308648
48167,Texas,Pulmonary,Respiratory Disease,42806,7,2150,7897.0,6115.142857142857,4251.578947368421,5741.879971570142,1.438322781452269,HIGH GAP,7.83,48167|Pulmonary,0.16352847731626408,3.6713156671315668,False,1,0.15439169512287282
48167,Texas,Rheumatology,Arthritis,63031,7,1050,209142.0,9004.42857142857,10453.0,13315.598760659872,0.8614205081248034,MODERATE GAP,4.69,48167|Rheumatology,0.11105646427948151,198.99333967649858,False,1,0.031144783430026912
48169,Texas,Cardiology,Heart Disease,2774,0,0,0.0,0.0,10823.136363636364,15071.056217261126,0.0,NO PROVIDER,100.0,48169|Cardiology,0.0,0.0,False,1,0.1942794028685208
48169,Texas,Endocrinology,Diabetes,1964,0,0,0.0,0.0,18070.0,22988.768286620067,0.0,NO PROVIDER,100.0,48169|Endocrinology,0.0,0.0,False,1,0.1942794028685208
48169,Texas,Oncology,Cancer,205,0,0,0.0,0.0,2055.6666666666665,2642.926682217817,0.0,NO PROVIDER,100.0,48169|Oncology,0.0,0.0,False,1,0.1942794028685208
48169,Texas,Neurology,Neurological Disorders,135,0,0,0.0,0.0,637.0,906.5174241117586,0.0,NO PROVIDER,100.0,48169|Neurology,0.0,0.0,False,1,0.1942794028685208
48169,Texas,Psychiatry,Mental Health Disorders,750,0,0,0.0,0.0,3104.5,4291.15957060345,0.0,NO PROVIDER,100.0,48169|Psychiatry,0.0,0.0,False,1,0.1942794028685208
48169,Texas,Pulmonary,Respiratory Disease,599,0,0,0.0,0.0,4251.578947368421,5741.879971570142,0.0,NO PROVIDER,100.0,48169|Pulmonary,0.0,0.0,False,1,0.1942794028685208
48169,Texas,Rheumatology,Arthritis,804,0,0,0.0,0.0,10453.0,13315.598760659872,0.0,NO PROVIDER,100.0,48169|Rheumatology,0.0,0.0,False,1,0.1942794028685208
48171,Texas,Cardiology,Heart Disease,17638,2,2376,8127.0,8819.0,10823.136363636364,15071.056217261126,0.8148285029125316,MODERATE GAP,4.44,48171|Cardiology,0.11339154099104207,3.419015565839293,False,1,0.15918640540987938
48171,Texas,Endocrinology,Diabetes,10041,0,0,0.0,0.0,18070.0,22988.768286620067,0.0,NO PROVIDER,100.0,48171|Endocrinology,0.0,0.0,False,1,0.1942794028685208
48171,Texas,Oncology,Cancer,2051,1,769,299454.0,2051.0,2055.6666666666665,2642.926682217817,0.9977298524404088,MODERATE GAP,5.43,48171|Oncology,0.4875670404680643,388.9012987012987,True,-1,-0.0388563680089169
48171,Texas,Neurology,Neurological Disorders,751,2,754,4821.0,375.5,637.0,906.5174241117586,0.5894819466248038,MODERATE GAP,3.21,48171|Neurology,2.663115845539281,6.385430463576159,True,-1,-0.05525403269303464
48171,Texas,Psychiatry,Mental Health Disorders,4953,0,0,0.0,0.0,3104.5,4291.15957060345,0.0,NO PROVIDER,100.0,48171|Psychiatry,0.0,0.0,False,1,0.1942794028685208
48171,Texas,Pulmonary,Respiratory Disease,3586,0,0,0.0,0.0,4251.578947368421,5741.879971570142,0.0,NO PROVIDER,100.0,48171|Pulmonary,0.0,0.0,False,1,0.1942794028685208
48171,Texas,Rheumatology,Arthritis,5838,1,459,32639.0,5838.0,10453.0,13315.598760659872,0.558499952166842,MODERATE GAP,3.04,48171|Rheumatology,0.17129153819801302,70.95434782608696,False,1,0.034634436820388026
48173,Texas,Cardiology,Heart Disease,597,0,0,0.0,0.0,10823.136363636364,15071.056217261126,0.0,NO PROVIDER,100.0,48173|Cardiology,0.0,0.0,False,1,0.1942794028685208
48173,Texas,Endocrinology,Diabetes,377,0,0,0.0,0.0,18070.0,22988.768286620067,0.0,NO PROVIDER,100.0,48173|Endocrinology,0.0,0.0,False,1,0.1942794028685208
48173,Texas,Oncology,Cancer,60,0,0,0.0,0.0,2055.6666666666665,2642.926682217817,0.0,NO PROVIDER,100.0,48173|Oncology,0.0,0.0,False,1,0.1942794028685208
48173,Texas,Neurology,Neurological Disorders,23,0,0,0.0,0.0,637.0,906.5174241117586,0.0,NO PROVIDER,100.0,48173|Neurology,0.0,0.0,False,1,0.1942794028685208
48173,Texas,Psychiatry,Mental Health Disorders,181,0,0,0.0,0.0,3104.5,4291.15957060345,0.0,NO PROVIDER,100.0,48173|Psychiatry,0.0,0.0,False,1,0.1942794028685208
48173,Texas,Pulmonary,Respiratory Disease,120,0,0,0.0,0.0,4251.578947368421,5741.879971570142,0.0,NO PROVIDER,100.0,48173|Pulmonary,0.0,0.0,False,1,0.1942794028685208
48173,Texas,Rheumatology,Arthritis,181,0,0,0.0,0.0,10453.0,13315.598760659872,0.0,NO PROVIDER,100.0,48173|Rheumatology,0.0,0.0,False,1,0.1942794028685208
48175,Texas,Cardiology,Heart Disease,4607,0,0,0.0,0.0,10823.136363636364,15071.056217261126,0.0,NO PROVIDER,100.0,48175|Cardiology,0.0,0.0,False,1,0.1942794028685208
48175,Texas,Endocrinology,Diabetes,2909,0,0,0.0,0.0,18070.0,22988.768286620067,0.0,NO PROVIDER,100.0,48175|Endocrinology,0.0,0.0,False,1,0.1942794028685208
48175,Texas,Oncology,Cancer,448,0,0,0.0,0.0,2055.6666666666665,2642.926682217817,0.0,NO PROVIDER,100.0,48175|Oncology,0.0,0.0,False,1,0.1942794028685208
48175,Texas,Neurology,Neurological Disorders,215,0,0,0.0,0.0,637.0,906.5174241117586,0.0,NO PROVIDER,100.0,48175|Neurology,0.0,0.0,False,1,0.1942794028685208
48175,Texas,Psychiatry,Mental Health Disorders,1287,0,0,0.0,0.0,3104.5,4291.15957060345,0.0,NO PROVIDER,100.0,48175|Psychiatry,0.0,0.0,False,1,0.1942794028685208
48175,Texas,Pulmonary,Respiratory Disease,991,0,0,0.0,0.0,4251.578947368421,5741.879971570142,0.0,NO PROVIDER,100.0,48175|Pulmonary,0.0,0.0,False,1,0.1942794028685208
48175,Texas,Rheumatology,Arthritis,1493,0,0,0.0,0.0,10453.0,13315.598760659872,0.0,NO PROVIDER,100.0,48175|Rheumatology,0.0,0.0,False,1,0.1942794028685208
48177,Texas,Cardiology,Heart Disease,11686,2,2410,30190.0,5843.0,10823.136363636364,15071.056217261126,0.5398619959766325,MODERATE GAP,2.94,48177|Cardiology,0.17114495978093444,12.521775197013687,False,1,0.09911551384327955
48177,Texas,Endocrinology,Diabetes,7987,0,0,0.0,0.0,18070.0,22988.768286620067,0.0,NO PROVIDER,100.0,48177|Endocrinology,0.0,0.0,False,1,0.1942794028685208
48177,Texas,Oncology,Cancer,954,0,0,0.0,0.0,2055.6666666666665,2642.926682217817,0.0,NO PROVIDER,100.0,48177|Oncology,0.0,0.0,False,1,0.1942794028685208
48177,Texas,Neurology,Neurological Disorders,572,0,0,0.0,0.0,637.0,906.5174241117586,0.0,NO PROVIDER,100.0,48177|Neurology,0.0,0.0,False,1,0.1942794028685208
48177,Texas,Psychiatry,Mental Health Disorders,3249,1,0,0.0,3249.0,3104.5,4291.15957060345,1.046545337413432,HIGH GAP,5.7,48177|Psychiatry,0.3077870113881194,0.0,False,1,0.022316349181675688
48177,Texas,Pulmonary,Respiratory Disease,2574,0,0,0.0,0.0,4251.578947368421,5741.879971570142,0.0,NO PROVIDER,100.0,48177|Pulmonary,0.0,0.0,False,1,0.1942794028685208
48177,Texas,Rheumatology,Arthritis,3565,0,0,0.0,0.0,10453.0,13315.598760659872,0.0,NO PROVIDER,100.0,48177|Rheumatology,0.0,0.0,False,1,0.1942794028685208
48179,Texas,Cardiology,Heart Disease,12162,0,0,0.0,0.0,10823.136363636364,15071.056217261126,0.0,NO PROVIDER,100.0,48179|Cardiology,0.0,0.0,False,1,0.1942794028685208
48179,Texas,Endocrinology,Diabetes,8090,0,0,0.0,0.0,18070.0,22988.768286620067,0.0,NO PROVIDER,100.0,48179|Endocrinology,0.0,0.0,False,1,0.1942794028685208
48179,Texas,Oncology,Cancer,1081,0,0,0.0,0.0,2055.6666666666665,2642.926682217817,0.0,NO PROVIDER,100.0,48179|Oncology,0.0,0.0,False,1,0.1942794028685208
48179,Texas,Neurology,Neurological Disorders,572,0,0,0.0,0.0,637.0,906.5174241117586,0.0,NO PROVIDER,100.0,48179|Neurology,0.0,0.0,False,1,0.1942794028685208
48179,Texas,Psychiatry,Mental Health Disorders,3665,0,0,0.0,0.0,3104.5,4291.15957060345,0.0,NO PROVIDER,100.0,48179|Psychiatry,0.0,0.0,False,1,0.1942794028685208
48179,Texas,Pulmonary,Respiratory Disease,2757,1,0,0.0,2757.0,4251.578947368421,5741.879971570142,0.6484649665758851,MODERATE GAP,3.53,48179|Pulmonary,0.3627130939426913,0.0,False,1,0.023324415453396585
48179,Texas,Rheumatology,Arthritis,3822,0,0,0.0,0.0,10453.0,13315.598760659872,0.0,NO PROVIDER,100.0,48179|Rheumatology,0.0,0.0,False,1,0.1942794028685208
48181,Texas,Cardiology,Heart Disease,84453,2,2748,22813.0,42226.5,10823.136363636364,15071.056217261126,3.901503093121217,CRITICAL GAP,21.24,48181|Cardiology,0.023681811184919424,8.298654056020371,False,1,0.04764243238538646
48181,Texas,Endocrinology,Diabetes,50705,1,574,22361.0,50705.0,18070.0,22988.768286620067,2.806032097399004,CRITICAL GAP,15.28,48181|Endocrinology,0.01972192091509713,38.888695652173915,True,-1,-0.021459621047461463
48181,Texas,Oncology,Cancer,8479,3,2806,641450.0,2826.333333333333,2055.6666666666665,2642.926682217817,1.3748986541268042,HIGH GAP,7.49,48181|Oncology,0.35381530840901054,228.51799073744212,False,1,0.008981550901825952
48181,Texas,Neurology,Neurological Disorders,3682,6,2448,56620.0,613.6666666666666,637.0,906.5174241117586,0.9633699633699632,MODERATE GAP,5.25,48181|Neurology,1.6295491580662682,23.119640669661088,True,-1,-0.029060152709080134
48181,Texas,Psychiatry,Mental Health Disorders,27500,7,1019,9948.0,3928.571428571429,3104.5,4291.15957060345,1.2654441709039872,HIGH GAP,6.89,48181|Psychiatry,0.2545454545454546,9.75294117647059,False,1,0.09695826049712108
48181,Texas,Pulmonary,Respiratory Disease,19189,3,3056,22152.0,6396.333333333333,4251.578947368421,5741.879971570142,1.504460675084592,HIGH GAP,8.19,48181|Pulmonary,0.15633956954505185,7.246319921491659,False,1,0.1327341238646897
48181,Texas,Rheumatology,Arthritis,27444,0,0,0.0,0.0,10453.0,13315.598760659872,0.0,NO PROVIDER,100.0,48181|Rheumatology,0.0,0.0,False,1,0.1942794028685208
48183,Texas,Cardiology,Heart Disease,71872,5,6057,28727.0,14374.4,10823.136363636364,15071.056217261126,1.328117794791461,HIGH GAP,7.23,48183|Cardiology,0.06956812110418521,4.7419940574447015,False,1,0.13956847919217763
48183,Texas,Endocrinology,Diabetes,46789,1,374,5149.0,46789.0,18070.0,22988.768286620067,2.589319313779745,CRITICAL GAP,14.1,48183|Endocrinology,0.02137254482891278,13.730666666666666,False,1,0.019338426398009312
48183,Texas,Oncology,Cancer,6423,3,1882,352640.0,2141.0,2055.6666666666665,2642.926682217817,1.0415112696610995,HIGH GAP,5.67,48183|Oncology,0.4670714619336758,187.27562400424853,True,-1,-0.0033011747354854126
48183,Texas,Neurology,Neurological Disorders,3469,3,1190,10592.0,1156.3333333333333,637.0,906.5174241117586,1.8152799581371009,HIGH GAP,9.88,48183|Neurology,0.8648025367541078,8.893366918555836,False,1,0.029608403137385997
48183,Texas,Psychiatry,Mental Health Disorders,22457,3,259,848.0,7485.666666666667,3104.5,4291.15957060345,2.4112310087507383,CRITICAL GAP,13.13,48183|Psychiatry,0.13358863606002583,3.2615384615384615,False,1,0.15886017196947133
48183,Texas,Pulmonary,Respiratory Disease,16878,3,2344,10468.0,5626.0,4251.578947368421,5741.879971570142,1.3232730873978709,HIGH GAP,7.2,48183|Pulmonary,0.17774617845716317,4.463965884861407,False,1,0.14948403407854738
48183,Texas,Rheumatology,Arthritis,23207,2,1182,147888.0,11603.5,10453.0,13315.598760659872,1.1100640964316464,HIGH GAP,6.04,48183|Rheumatology,0.08618089369586762,125.01098901098901,False,1,0.032347248437495035
48185,Texas,Cardiology,Heart Disease,19682,0,0,0.0,0.0,10823.136363636364,15071.056217261126,0.0,NO PROVIDER,100.0,48185|Cardiology,0.0,0.0,False,1,0.1942794028685208
48185,Texas,Endocrinology,Diabetes,12617,0,0,0.0,0.0,18070.0,22988.768286620067,0.0,NO PROVIDER,100.0,48185|Endocrinology,0.0,0.0,False,1,0.1942794028685208
48185,Texas,Oncology,Cancer,1763,0,0,0.0,0.0,2055.6666666666665,2642.926682217817,0.0,NO PROVIDER,100.0,48185|Oncology,0.0,0.0,False,1,0.1942794028685208
48185,Texas,Neurology,Neurological Disorders,938,0,0,0.0,0.0,637.0,906.5174241117586,0.0,NO PROVIDER,100.0,48185|Neurology,0.0,0.0,False,1,0.1942794028685208
48185,Texas,Psychiatry,Mental Health Disorders,5739,0,0,0.0,0.0,3104.5,4291.15957060345,0.0,NO PROVIDER,100.0,48185|Psychiatry,0.0,0.0,False,1,0.1942794028685208
48185,Texas,Pulmonary,Respiratory Disease,4402,0,0,0.0,0.0,4251.578947368421,5741.879971570142,0.0,NO PROVIDER,100.0,48185|Pulmonary,0.0,0.0,False,1,0.1942794028685208
48185,Texas,Rheumatology,Arthritis,6227,0,0,0.0,0.0,10453.0,13315.598760659872,0.0,NO PROVIDER,100.0,48185|Rheumatology,0.0,0.0,False,1,0.1942794028685208
48187,Texas,Cardiology,Heart Disease,103158,8,7732,40000.0,12894.75,10823.136363636364,15071.056217261126,1.1914060367310768,HIGH GAP,6.49,48187|Cardiology,0.07755094127454971,5.17263675158412,False,1,0.14614119659611924
48187,Texas,Endocrinology,Diabetes,67214,1,340,1513.0,67214.0,18070.0,22988.768286620067,3.7196458218040953,CRITICAL GAP,20.25,48187|Endocrinology,0.014877852828279824,4.436950146627566,False,1,0.028786948054311035
48187,Texas,Oncology,Cancer,9130,3,2039,459452.0,3043.333333333333,2055.6666666666665,2642.926682217817,1.480460515647803,HIGH GAP,8.06,48187|Oncology,0.32858707557502737,225.22156862745098,False,1,0.012033459485518705
48187,Texas,Neurology,Neurological Disorders,4169,0,0,0.0,0.0,637.0,906.5174241117586,0.0,NO PROVIDER,100.0,48187|Neurology,0.0,0.0,False,1,0.1942794028685208
48187,Texas,Psychiatry,Mental Health Disorders,32061,1,50,96.0,32061.0,3104.5,4291.15957060345,10.327266870671606,CRITICAL GAP,56.23,48187|Psychiatry,0.031190543027354106,1.8823529411764706,False,1,0.08267931918588933
48187,Texas,Pulmonary,Respiratory Disease,21206,1,842,2848.0,21206.0,4251.578947368421,5741.879971570142,4.987794008417925,CRITICAL GAP,27.16,48187|Pulmonary,0.04715646515137226,3.3784104389086593,False,1,0.13847940745588766
48187,Texas,Rheumatology,Arthritis,33355,0,0,0.0,0.0,10453.0,13315.598760659872,0.0,NO PROVIDER,100.0,48187|Rheumatology,0.0,0.0,False,1,0.1942794028685208
48189,Texas,Cardiology,Heart Disease,18382,0,0,0.0,0.0,10823.136363636364,15071.056217261126,0.0,NO PROVIDER,100.0,48189|Cardiology,0.0,0.0,False,1,0.1942794028685208
48189,Texas,Endocrinology,Diabetes,12810,0,0,0.0,0.0,18070.0,22988.768286620067,0.0,NO PROVIDER,100.0,48189|Endocrinology,0.0,0.0,False,1,0.1942794028685208
48189,Texas,Oncology,Cancer,1340,0,0,0.0,0.0,2055.6666666666665,2642.926682217817,0.0,NO PROVIDER,100.0,48189|Oncology,0.0,0.0,False,1,0.1942794028685208
48189,Texas,Neurology,Neurological Disorders,881,0,0,0.0,0.0,637.0,906.5174241117586,0.0,NO PROVIDER,100.0,48189|Neurology,0.0,0.0,False,1,0.1942794028685208
48189,Texas,Psychiatry,Mental Health Disorders,5019,1,36,83.0,5019.0,3104.5,4291.15957060345,1.6166854565952649,HIGH GAP,8.8,48189|Psychiatry,0.19924287706714486,2.2432432432432434,False,1,0.13556542186387427
48189,Texas,Pulmonary,Respiratory Disease,3925,0,0,0.0,0.0,4251.578947368421,5741.879971570142,0.0,NO PROVIDER,100.0,48189|Pulmonary,0.0,0.0,False,1,0.1942794028685208
48189,Texas,Rheumatology,Arthritis,5336,0,0,0.0,0.0,10453.0,13315.598760659872,0.0,NO PROVIDER,100.0,48189|Rheumatology,0.0,0.0,False,1,0.1942794028685208
48191,Texas,Cardiology,Heart Disease,1852,0,0,0.0,0.0,10823.136363636364,15071.056217261126,0.0,NO PROVIDER,100.0,48191|Cardiology,0.0,0.0,False,1,0.1942794028685208
48191,Texas,Endocrinology,Diabetes,1218,0,0,0.0,0.0,18070.0,22988.768286620067,0.0,NO PROVIDER,100.0,48191|Endocrinology,0.0,0.0,False,1,0.1942794028685208
48191,Texas,Oncology,Cancer,166,0,0,0.0,0.0,2055.6666666666665,2642.926682217817,0.0,NO PROVIDER,100.0,48191|Oncology,0.0,0.0,False,1,0.1942794028685208
48191,Texas,Neurology,Neurological Disorders,96,0,0,0.0,0.0,637.0,906.5174241117586,0.0,NO PROVIDER,100.0,48191|Neurology,0.0,0.0,False,1,0.1942794028685208
48191,Texas,Psychiatry,Mental Health Disorders,505,0,0,0.0,0.0,3104.5,4291.15957060345,0.0,NO PROVIDER,100.0,48191|Psychiatry,0.0,0.0,False,1,0.1942794028685208
48191,Texas,Pulmonary,Respiratory Disease,409,0,0,0.0,0.0,4251.578947368421,5741.879971570142,0.0,NO PROVIDER,100.0,48191|Pulmonary,0.0,0.0,False,1,0.1942794028685208
48191,Texas,Rheumatology,Arthritis,598,0,0,0.0,0.0,10453.0,13315.598760659872,0.0,NO PROVIDER,100.0,48191|Rheumatology,0.0,0.0,False,1,0.1942794028685208
48193,Texas,Cardiology,Heart Disease,5493,0,0,0.0,0.0,10823.136363636364,15071.056217261126,0.0,NO PROVIDER,100.0,48193|Cardiology,0.0,0.0,False,1,0.1942794028685208
48193,Texas,Endocrinology,Diabetes,3318,0,0,0.0,0.0,18070.0,22988.768286620067,0.0,NO PROVIDER,100.0,48193|Endocrinology,0.0,0.0,False,1,0.1942794028685208
48193,Texas,Oncology,Cancer,584,0,0,0.0,0.0,2055.6666666666665,2642.926682217817,0.0,NO PROVIDER,100.0,48193|Oncology,0.0,0.0,False,1,0.1942794028685208
48193,Texas,Neurology,Neurological Disorders,263,0,0,0.0,0.0,637.0,906.5174241117586,0.0,NO PROVIDER,100.0,48193|Neurology,0.0,0.0,False,1,0.1942794028685208
48193,Texas,Psychiatry,Mental Health Disorders,1634,0,0,0.0,0.0,3104.5,4291.15957060345,0.0,NO PROVIDER,100.0,48193|Psychiatry,0.0,0.0,False,1,0.1942794028685208
48193,Texas,Pulmonary,Respiratory Disease,1242,0,0,0.0,0.0,4251.578947368421,5741.879971570142,0.0,NO PROVIDER,100.0,48193|Pulmonary,0.0,0.0,False,1,0.1942794028685208
48193,Texas,Rheumatology,Arthritis,1843,0,0,0.0,0.0,10453.0,13315.598760659872,0.0,NO PROVIDER,100.0,48193|Rheumatology,0.0,0.0,False,1,0.1942794028685208
48195,Texas,Cardiology,Heart Disease,2695,0,0,0.0,0.0,10823.136363636364,15071.056217261126,0.0,NO PROVIDER,100.0,48195|Cardiology,0.0,0.0,False,1,0.1942794028685208
48195,Texas,Endocrinology,Diabetes,1811,0,0,0.0,0.0,18070.0,22988.768286620067,0.0,NO PROVIDER,100.0,48195|Endocrinology,0.0,0.0,False,1,0.1942794028685208
48195,Texas,Oncology,Cancer,237,0,0,0.0,0.0,2055.6666666666665,2642.926682217817,0.0,NO PROVIDER,100.0,48195|Oncology,0.0,0.0,False,1,0.1942794028685208
48195,Texas,Neurology,Neurological Disorders,123,0,0,0.0,0.0,637.0,906.5174241117586,0.0,NO PROVIDER,100.0,48195|Neurology,0.0,0.0,False,1,0.1942794028685208
48195,Texas,Psychiatry,Mental Health Disorders,805,0,0,0.0,0.0,3104.5,4291.15957060345,0.0,NO PROVIDER,100.0,48195|Psychiatry,0.0,0.0,False,1,0.1942794028685208
48195,Texas,Pulmonary,Respiratory Disease,589,0,0,0.0,0.0,4251.578947368421,5741.879971570142,0.0,NO PROVIDER,100.0,48195|Pulmonary,0.0,0.0,False,1,0.1942794028685208
48195,Texas,Rheumatology,Arthritis,825,0,0,0.0,0.0,10453.0,13315.598760659872,0.0,NO PROVIDER,100.0,48195|Rheumatology,0.0,0.0,False,1,0.1942794028685208
48197,Texas,Cardiology,Heart Disease,2179,0,0,0.0,0.0,10823.136363636364,15071.056217261126,0.0,NO PROVIDER,100.0,48197|Cardiology,0.0,0.0,False,1,0.1942794028685208
48197,Texas,Endocrinology,Diabetes,1387,0,0,0.0,0.0,18070.0,22988.768286620067,0.0,NO PROVIDER,100.0,48197|Endocrinology,0.0,0.0,False,1,0.1942794028685208
48197,Texas,Oncology,Cancer,213,0,0,0.0,0.0,2055.6666666666665,2642.926682217817,0.0,NO PROVIDER,100.0,48197|Oncology,0.0,0.0,False,1,0.1942794028685208
48197,Texas,Neurology,Neurological Disorders,107,0,0,0.0,0.0,637.0,906.5174241117586,0.0,NO PROVIDER,100.0,48197|Neurology,0.0,0.0,False,1,0.1942794028685208
48197,Texas,Psychiatry,Mental Health Disorders,646,0,0,0.0,0.0,3104.5,4291.15957060345,0.0,NO PROVIDER,100.0,48197|Psychiatry,0.0,0.0,False,1,0.1942794028685208
48197,Texas,Pulmonary,Respiratory Disease,501,0,0,0.0,0.0,4251.578947368421,5741.879971570142,0.0,NO PROVIDER,100.0,48197|Pulmonary,0.0,0.0,False,1,0.1942794028685208
48197,Texas,Rheumatology,Arthritis,720,0,0,0.0,0.0,10453.0,13315.598760659872,0.0,NO PROVIDER,100.0,48197|Rheumatology,0.0,0.0,False,1,0.1942794028685208
48199,Texas,Cardiology,Heart Disease,33100,0,0,0.0,0.0,10823.136363636364,15071.056217261126,0.0,NO PROVIDER,100.0,48199|Cardiology,0.0,0.0,False,1,0.1942794028685208
48199,Texas,Endocrinology,Diabetes,19772,0,0,0.0,0.0,18070.0,22988.768286620067,0.0,NO PROVIDER,100.0,48199|Endocrinology,0.0,0.0,False,1,0.1942794028685208
48199,Texas,Oncology,Cancer,3387,0,0,0.0,0.0,2055.6666666666665,2642.926682217817,0.0,NO PROVIDER,100.0,48199|Oncology,0.0,0.0,False,1,0.1942794028685208
48199,Texas,Neurology,Neurological Disorders,1486,0,0,0.0,0.0,637.0,906.5174241117586,0.0,NO PROVIDER,100.0,48199|Neurology,0.0,0.0,False,1,0.1942794028685208
48199,Texas,Psychiatry,Mental Health Disorders,11033,0,0,0.0,0.0,3104.5,4291.15957060345,0.0,NO PROVIDER,100.0,48199|Psychiatry,0.0,0.0,False,1,0.1942794028685208
48199,Texas,Pulmonary,Respiratory Disease,7822,0,0,0.0,0.0,4251.578947368421,5741.879971570142,0.0,NO PROVIDER,100.0,48199|Pulmonary,0.0,0.0,False,1,0.1942794028685208
48199,Texas,Rheumatology,Arthritis,11077,0,0,0.0,0.0,10453.0,13315.598760659872,0.0,NO PROVIDER,100.0,48199|Rheumatology,0.0,0.0,False,1,0.1942794028685208
48201,Texas,Cardiology,Heart Disease,2619624,358,215486,1042131.1,7317.385474860335,10823.136363636364,15071.056217261126,0.6760873400288413,MODERATE GAP,3.68,48201|Cardiology,0.1366608337685103,4.836166914941504,False,1,0.15495863596291182
48201,Texas,Endocrinology,Diabetes,1812341,138,25967,307049.0,13132.90579710145,18070.0,22988.768286620067,0.7267795128445739,MODERATE GAP,3.96,48201|Endocrinology,0.07614461075481932,11.824129698089957,False,1,0.10205145856568787
48201,Texas,Oncology,Cancer,190583,186,30797,4370301.0,1024.639784946237,2055.6666666666665,2642.926682217817,0.4984464658405562,LOW GAP,2.71,48201|Oncology,0.9759527345041268,141.9021040327294,True,-1,-0.05129614558065354
48201,Texas,Neurology,Neurological Disorders,118665,315,57812,1471597.0,376.7142857142857,637.0,906.5174241117586,0.5913882036331016,MODERATE GAP,3.22,48201|Neurology,2.654531664770573,25.454430664383445,True,-1,-0.07462235461170719
48201,Texas,Psychiatry,Mental Health Disorders,704799,376,13780,75176.0,1874.465425531915,3104.5,4291.15957060345,0.6037897972401078,MODERATE GAP,3.29,48201|Psychiatry,0.533485433435632,5.4550468035701325,False,1,0.10359951320292038
48201,Texas,Pulmonary,Respiratory Disease,528599,146,46189,288455.0,3620.541095890411,4251.578947368421,5741.879971570142,0.8515756477088117,MODERATE GAP,4.64,48201|Pulmonary,0.27620180893266916,6.24496644295302,False,1,0.11843901496883169
48201,Texas,Rheumatology,Arthritis,703001,99,16396,3652869.0,7101.020202020202,10453.0,13315.598760659872,0.6793284417889794,MODERATE GAP,3.7,48201|Rheumatology,0.14082483524205514,222.77666646337744,False,1,0.02074024340390157
48203,Texas,Cardiology,Heart Disease,41658,1,83,348.0,41658.0,10823.136363636364,15071.056217261126,3.848976729145056,CRITICAL GAP,20.96,48203|Cardiology,0.024004993038552018,4.142857142857143,False,1,0.07849860717735857
48203,Texas,Endocrinology,Diabetes,27942,0,0,0.0,0.0,18070.0,22988.768286620067,0.0,NO PROVIDER,100.0,48203|Endocrinology,0.0,0.0,False,1,0.1942794028685208
48203,Texas,Oncology,Cancer,3799,0,0,0.0,0.0,2055.6666666666665,2642.926682217817,0.0,NO PROVIDER,100.0,48203|Oncology,0.0,0.0,False,1,0.1942794028685208
48203,Texas,Neurology,Neurological Disorders,2048,0,0,0.0,0.0,637.0,906.5174241117586,0.0,NO PROVIDER,100.0,48203|Neurology,0.0,0.0,False,1,0.1942794028685208
48203,Texas,Psychiatry,Mental Health Disorders,12880,1,26,55.0,12880.0,3104.5,4291.15957060345,4.148816234498309,CRITICAL GAP,22.59,48203|Psychiatry,0.07763975155279504,2.037037037037037,False,1,0.13346125676343473
48203,Texas,Pulmonary,Respiratory Disease,9781,0,0,0.0,0.0,4251.578947368421,5741.879971570142,0.0,NO PROVIDER,100.0,48203|Pulmonary,0.0,0.0,False,1,0.1942794028685208
48203,Texas,Rheumatology,Arthritis,13688,0,0,0.0,0.0,10453.0,13315.598760659872,0.0,NO PROVIDER,100.0,48203|Rheumatology,0.0,0.0,False,1,0.1942794028685208
48205,Texas,Cardiology,Heart Disease,2955,0,0,0.0,0.0,10823.136363636364,15071.056217261126,0.0,NO PROVIDER,100.0,48205|Cardiology,0.0,0.0,False,1,0.1942794028685208
48205,Texas,Endocrinology,Diabetes,1837,0,0,0.0,0.0,18070.0,22988.768286620067,0.0,NO PROVIDER,100.0,48205|Endocrinology,0.0,0.0,False,1,0.1942794028685208
48205,Texas,Oncology,Cancer,279,0,0,0.0,0.0,2055.6666666666665,2642.926682217817,0.0,NO PROVIDER,100.0,48205|Oncology,0.0,0.0,False,1,0.1942794028685208
48205,Texas,Neurology,Neurological Disorders,124,0,0,0.0,0.0,637.0,906.5174241117586,0.0,NO PROVIDER,100.0,48205|Neurology,0.0,0.0,False,1,0.1942794028685208
48205,Texas,Psychiatry,Mental Health Disorders,839,0,0,0.0,0.0,3104.5,4291.15957060345,0.0,NO PROVIDER,100.0,48205|Psychiatry,0.0,0.0,False,1,0.1942794028685208
48205,Texas,Pulmonary,Respiratory Disease,604,0,0,0.0,0.0,4251.578947368421,5741.879971570142,0.0,NO PROVIDER,100.0,48205|Pulmonary,0.0,0.0,False,1,0.1942794028685208
48205,Texas,Rheumatology,Arthritis,887,0,0,0.0,0.0,10453.0,13315.598760659872,0.0,NO PROVIDER,100.0,48205|Rheumatology,0.0,0.0,False,1,0.1942794028685208
48207,Texas,Cardiology,Heart Disease,3542,1,3181,9429.0,3542.0,10823.136363636364,15071.056217261126,0.3272618842630896,LOW GAP,1.78,48207|Cardiology,0.282326369282891,2.963230672532998,False,1,0.1309961728656947
48207,Texas,Endocrinology,Diabetes,2224,0,0,0.0,0.0,18070.0,22988.768286620067,0.0,NO PROVIDER,100.0,48207|Endocrinology,0.0,0.0,False,1,0.1942794028685208
48207,Texas,Oncology,Cancer,331,1,266,1118.0,331.0,2055.6666666666665,2642.926682217817,0.1610183233338738,LOW GAP,0.88,48207|Oncology,3.0211480362537766,4.187265917602996,True,-1,-0.06366653820990542
48207,Texas,Neurology,Neurological Disorders,170,0,0,0.0,0.0,637.0,906.5174241117586,0.0,NO PROVIDER,100.0,48207|Neurology,0.0,0.0,False,1,0.1942794028685208
48207,Texas,Psychiatry,Mental Health Disorders,1031,0,0,0.0,0.0,3104.5,4291.15957060345,0.0,NO PROVIDER,100.0,48207|Psychiatry,0.0,0.0,False,1,0.1942794028685208
48207,Texas,Pulmonary,Respiratory Disease,806,0,0,0.0,0.0,4251.578947368421,5741.879971570142,0.0,NO PROVIDER,100.0,48207|Pulmonary,0.0,0.0,False,1,0.1942794028685208
48207,Texas,Rheumatology,Arthritis,1133,0,0,0.0,0.0,10453.0,13315.598760659872,0.0,NO PROVIDER,100.0,48207|Rheumatology,0.0,0.0,False,1,0.1942794028685208
48209,Texas,Cardiology,Heart Disease,145856,7,5166,18578.0,20836.571428571428,10823.136363636364,15071.056217261126,1.9251879241379848,HIGH GAP,10.48,48209|Cardiology,0.04799254058797719,3.595509967098897,False,1,0.13874611103512285
48209,Texas,Endocrinology,Diabetes,99204,1,117,2415.0,99204.0,18070.0,22988.768286620067,5.489983397897067,CRITICAL GAP,29.89,48209|Endocrinology,0.010080238700052417,20.466101694915253,True,-1,-0.02478370149071618
48209,Texas,Oncology,Cancer,13438,1,290,47536.0,13438.0,2055.6666666666665,2642.926682217817,6.537052051240474,CRITICAL GAP,35.59,48209|Oncology,0.0744158356898348,163.35395189003435,False,1,0.030757642838990407
48209,Texas,Neurology,Neurological Disorders,5681,2,935,2744.0,2840.5,637.0,906.5174241117586,4.459183673469388,CRITICAL GAP,24.28,48209|Neurology,0.35205069530012323,2.9316239316239314,False,1,0.1273826727340882
48209,Texas,Psychiatry,Mental Health Disorders,47417,3,82,444.0,15805.666666666666,3104.5,4291.15957060345,5.091211681967037,CRITICAL GAP,27.72,48209|Psychiatry,0.06326844802496995,5.349397590361446,False,1,0.13615405709430983
48209,Texas,Pulmonary,Respiratory Disease,31028,3,1717,6838.0,10342.666666666666,4251.578947368421,5741.879971570142,2.4326648510357347,CRITICAL GAP,13.25,48209|Pulmonary,0.09668686347814877,3.980209545983702,False,1,0.1579029086702186
48209,Texas,Rheumatology,Arthritis,44139,3,1099,163179.0,14713.0,10453.0,13315.598760659872,1.407538505692146,HIGH GAP,7.66,48209|Rheumatology,0.0679671039217019,148.34454545454545,False,1,0.02435188042434744
48211,Texas,Cardiology,Heart Disease,1682,0,0,0.0,0.0,10823.136363636364,15071.056217261126,0.0,NO PROVIDER,100.0,48211|Cardiology,0.0,0.0,False,1,0.1942794028685208
48211,Texas,Endocrinology,Diabetes,1019,0,0,0.0,0.0,18070.0,22988.768286620067,0.0,NO PROVIDER,100.0,48211|Endocrinology,0.0,0.0,False,1,0.1942794028685208
48211,Texas,Oncology,Cancer,178,0,0,0.0,0.0,2055.6666666666665,2642.926682217817,0.0,NO PROVIDER,100.0,48211|Oncology,0.0,0.0,False,1,0.1942794028685208
48211,Texas,Neurology,Neurological Disorders,69,1,223,297.0,69.0,637.0,906.5174241117586,0.108320251177394,LOW GAP,0.59,48211|Neurology,14.492753623188406,1.3258928571428572,True,-1,-0.14220260566131104
48211,Texas,Psychiatry,Mental Health Disorders,514,0,0,0.0,0.0,3104.5,4291.15957060345,0.0,NO PROVIDER,100.0,48211|Psychiatry,0.0,0.0,False,1,0.1942794028685208
48211,Texas,Pulmonary,Respiratory Disease,353,0,0,0.0,0.0,4251.578947368421,5741.879971570142,0.0,NO PROVIDER,100.0,48211|Pulmonary,0.0,0.0,False,1,0.1942794028685208
48211,Texas,Rheumatology,Arthritis,534,0,0,0.0,0.0,10453.0,13315.598760659872,0.0,NO PROVIDER,100.0,48211|Rheumatology,0.0,0.0,False,1,0.1942794028685208
48213,Texas,Cardiology,Heart Disease,54485,1,1220,3576.0,54485.0,10823.136363636364,15071.056217261126,5.034123027689,CRITICAL GAP,27.41,48213|Cardiology,0.018353675323483528,2.9287469287469285,False,1,0.043011194533511765
48213,Texas,Endocrinology,Diabetes,32759,0,0,0.0,0.0,18070.0,22988.768286620067,0.0,NO PROVIDER,100.0,48213|Endocrinology,0.0,0.0,False,1,0.1942794028685208
48213,Texas,Oncology,Cancer,5482,0,0,0.0,0.0,2055.6666666666665,2642.926682217817,0.0,NO PROVIDER,100.0,48213|Oncology,0.0,0.0,False,1,0.1942794028685208
48213,Texas,Neurology,Neurological Disorders,2606,1,419,1246.0,2606.0,637.0,906.5174241117586,4.09105180533752,CRITICAL GAP,22.27,48213|Neurology,0.3837298541826554,2.966666666666667,False,1,0.12497702424703816
48213,Texas,Psychiatry,Mental Health Disorders,16887,1,73,263.0,16887.0,3104.5,4291.15957060345,5.439523272668707,CRITICAL GAP,29.62,48213|Psychiatry,0.05921714928643335,3.554054054054054,False,1,0.14516722690260853
48213,Texas,Pulmonary,Respiratory Disease,12691,0,0,0.0,0.0,4251.578947368421,5741.879971570142,0.0,NO PROVIDER,100.0,48213|Pulmonary,0.0,0.0,False,1,0.1942794028685208
48213,Texas,Rheumatology,Arthritis,18410,0,0,0.0,0.0,10453.0,13315.598760659872,0.0,NO PROVIDER,100.0,48213|Rheumatology,0.0,0.0,False,1,0.1942794028685208
48215,Texas,Cardiology,Heart Disease,467090,19,6360,21138.0,24583.68421052632,10823.136363636364,15071.056217261126,2.2714011340670823,CRITICAL GAP,12.37,48215|Cardiology,0.040677385514568926,3.3230624115705076,False,1,0.13217833035596166
48215,Texas,Endocrinology,Diabetes,388096,11,1936,40386.0,35281.454545454544,18070.0,22988.768286620067,1.9524877999698145,HIGH GAP,10.63,48215|Endocrinology,0.02834350263852243,20.849767681982446,False,1,0.02800604969048981
48215,Texas,Oncology,Cancer,27788,14,2334,384568.0,1984.857142857143,2055.6666666666665,2642.926682217817,0.9655539854988534,MODERATE GAP,5.26,48215|Oncology,0.5038145962285879,164.69721627408993,True,-1,-0.0014439780152092352
48215,Texas,Neurology,Neurological Disorders,22792,21,2742,22092.9,1085.3333333333333,637.0,906.5174241117586,1.7038199895342752,HIGH GAP,9.28,48215|Neurology,0.9213759213759214,8.054283631060883,False,1,0.034554585696497275
48215,Texas,Psychiatry,Mental Health Disorders,125515,20,1077,5268.0,6275.75,3104.5,4291.15957060345,2.0215010468674506,CRITICAL GAP,11.01,48215|Psychiatry,0.15934350476038722,4.88682745825603,False,1,0.15460325033421735
48215,Texas,Pulmonary,Respiratory Disease,91482,22,6935,29245.0,4158.272727272727,4251.578947368421,5741.879971570142,0.9780537486776656,MODERATE GAP,5.33,48215|Pulmonary,0.24048446688966135,4.216407151095733,False,1,0.13578320352322482
48215,Texas,Rheumatology,Arthritis,127700,4,1102,211587.0,31925.0,10453.0,13315.598760659872,3.054147134793839,CRITICAL GAP,16.63,48215|Rheumatology,0.031323414252153486,191.8286491387126,True,-1,-0.023610223552336662
48217,Texas,Cardiology,Heart Disease,23014,1,1451,5067.0,23014.0,10823.136363636364,15071.056217261126,2.126370695773784,CRITICAL GAP,11.58,48217|Cardiology,0.04345181194055792,3.489669421487603,False,1,0.13323027149786565
48217,Texas,Endocrinology,Diabetes,14581,0,0,0.0,0.0,18070.0,22988.768286620067,0.0,NO PROVIDER,100.0,48217|Endocrinology,0.0,0.0,False,1,0.1942794028685208
48217,Texas,Oncology,Cancer,2255,0,0,0.0,0.0,2055.6666666666665,2642.926682217817,0.0,NO PROVIDER,100.0,48217|Oncology,0.0,0.0,False,1,0.1942794028685208
48217,Texas,Neurology,Neurological Disorders,1069,0,0,0.0,0.0,637.0,906.5174241117586,0.0,NO PROVIDER,100.0,48217|Neurology,0.0,0.0,False,1,0.1942794028685208
48217,Texas,Psychiatry,Mental Health Disorders,7027,0,0,0.0,0.0,3104.5,4291.15957060345,0.0,NO PROVIDER,100.0,48217|Psychiatry,0.0,0.0,False,1,0.1942794028685208
48217,Texas,Pulmonary,Respiratory Disease,5241,0,0,0.0,0.0,4251.578947368421,5741.879971570142,0.0,NO PROVIDER,100.0,48217|Pulmonary,0.0,0.0,False,1,0.1942794028685208
48217,Texas,Rheumatology,Arthritis,7569,0,0,0.0,0.0,10453.0,13315.598760659872,0.0,NO PROVIDER,100.0,48217|Rheumatology,0.0,0.0,False,1,0.1942794028685208
48219,Texas,Cardiology,Heart Disease,11813,2,4199,39998.0,5906.5,10823.136363636364,15071.056217261126,0.5457290568605134,MODERATE GAP,2.97,48219|Cardiology,0.16930500296283754,9.523333333333333,False,1,0.11314628034898222
48219,Texas,Endocrinology,Diabetes,7852,2,766,2246.0,3926.0,18070.0,22988.768286620067,0.2172661870503597,LOW GAP,1.18,48219|Endocrinology,0.2547121752419766,2.928292046936115,False,1,0.13287136695203255
48219,Texas,Oncology,Cancer,1002,0,0,0.0,0.0,2055.6666666666665,2642.926682217817,0.0,NO PROVIDER,100.0,48219|Oncology,0.0,0.0,False,1,0.1942794028685208
48219,Texas,Neurology,Neurological Disorders,545,0,0,0.0,0.0,637.0,906.5174241117586,0.0,NO PROVIDER,100.0,48219|Neurology,0.0,0.0,False,1,0.1942794028685208
48219,Texas,Psychiatry,Mental Health Disorders,3504,0,0,0.0,0.0,3104.5,4291.15957060345,0.0,NO PROVIDER,100.0,48219|Psychiatry,0.0,0.0,False,1,0.1942794028685208
48219,Texas,Pulmonary,Respiratory Disease,2588,4,1834,6754.0,647.0,4251.578947368421,5741.879971570142,0.1521787571180985,LOW GAP,0.83,48219|Pulmonary,1.5455950540958268,3.6806539509536784,False,1,0.00612171440405751
48219,Texas,Rheumatology,Arthritis,3614,0,0,0.0,0.0,10453.0,13315.598760659872,0.0,NO PROVIDER,100.0,48219|Rheumatology,0.0,0.0,False,1,0.1942794028685208
48221,Texas,Cardiology,Heart Disease,41299,1,968,3947.0,41299.0,10823.136363636364,15071.056217261126,3.8158070463527207,CRITICAL GAP,20.78,48221|Cardiology,0.02421366134773239,4.07327141382869,False,1,0.07730153484632762
48221,Texas,Endocrinology,Diabetes,23834,0,0,0.0,0.0,18070.0,22988.768286620067,0.0,NO PROVIDER,100.0,48221|Endocrinology,0.0,0.0,False,1,0.1942794028685208
48221,Texas,Oncology,Cancer,4724,1,300,106875.0,4724.0,2055.6666666666665,2642.926682217817,2.2980379438949248,CRITICAL GAP,12.51,48221|Oncology,0.21168501270110077,355.06644518272424,True,-1,-0.012602832634371897
48221,Texas,Neurology,Neurological Disorders,1701,1,832,6584.0,1701.0,637.0,906.5174241117586,2.67032967032967,CRITICAL GAP,14.54,48221|Neurology,0.5878894767783657,7.903961584633853,False,1,0.08071063998167582
48221,Texas,Psychiatry,Mental Health Disorders,12687,5,192,573.0,2537.4,3104.5,4291.15957060345,0.8173296827186343,MODERATE GAP,4.45,48221|Psychiatry,0.39410420115078426,2.9689119170984455,False,1,0.12309207666596639
48221,Texas,Pulmonary,Respiratory Disease,8800,1,1043,3139.0,8800.0,4251.578947368421,5741.879971570142,2.0698192621936125,CRITICAL GAP,11.27,48221|Pulmonary,0.11363636363636363,3.006704980842912,False,1,0.1582458207668636
48221,Texas,Rheumatology,Arthritis,13847,0,0,0.0,0.0,10453.0,13315.598760659872,0.0,NO PROVIDER,100.0,48221|Rheumatology,0.0,0.0,False,1,0.1942794028685208
48223,Texas,Cardiology,Heart Disease,22134,9,9799,29911.0,2459.333333333333,10823.136363636364,15071.056217261126,0.2272292661484166,LOW GAP,1.24,48223|Cardiology,0.4066142586066685,3.052142857142857,False,1,0.11900187341092111
48223,Texas,Endocrinology,Diabetes,14438,0,0,0.0,0.0,18070.0,22988.768286620067,0.0,NO PROVIDER,100.0,48223|Endocrinology,0.0,0.0,False,1,0.1942794028685208
48223,Texas,Oncology,Cancer,2184,0,0,0.0,0.0,2055.6666666666665,2642.926682217817,0.0,NO PROVIDER,100.0,48223|Oncology,0.0,0.0,False,1,0.1942794028685208
48223,Texas,Neurology,Neurological Disorders,1042,0,0,0.0,0.0,637.0,906.5174241117586,0.0,NO PROVIDER,100.0,48223|Neurology,0.0,0.0,False,1,0.1942794028685208
48223,Texas,Psychiatry,Mental Health Disorders,7103,0,0,0.0,0.0,3104.5,4291.15957060345,0.0,NO PROVIDER,100.0,48223|Psychiatry,0.0,0.0,False,1,0.1942794028685208
48223,Texas,Pulmonary,Respiratory Disease,5236,4,1452,5465.0,1309.0,4251.578947368421,5741.879971570142,0.3078856152512998,LOW GAP,1.68,48223|Pulmonary,0.7639419404125286,3.7611837577426015,False,1,0.0630062838355766
48223,Texas,Rheumatology,Arthritis,7335,1,157,687.0,7335.0,10453.0,13315.598760659872,0.7017124270544342,MODERATE GAP,3.82,48223|Rheumatology,0.136332651670075,4.348101265822785,False,1,0.15497302673629232
48225,Texas,Cardiology,Heart Disease,14734,3,4311,13876.0,4911.333333333333,10823.136363636364,15071.056217261126,0.4537809714598496,LOW GAP,2.47,48225|Cardiology,0.2036106963485815,3.217996289424861,False,1,0.1471410208678235
48225,Texas,Endocrinology,Diabetes,9364,0,0,0.0,0.0,18070.0,22988.768286620067,0.0,NO PROVIDER,100.0,48225|Endocrinology,0.0,0.0,False,1,0.1942794028685208
48225,Texas,Oncology,Cancer,1299,0,0,0.0,0.0,2055.6666666666665,2642.926682217817,0.0,NO PROVIDER,100.0,48225|Oncology,0.0,0.0,False,1,0.1942794028685208
48225,Texas,Neurology,Neurological Disorders,790,0,0,0.0,0.0,637.0,906.5174241117586,0.0,NO PROVIDER,100.0,48225|Neurology,0.0,0.0,False,1,0.1942794028685208
48225,Texas,Psychiatry,Mental Health Disorders,4081,0,0,0.0,0.0,3104.5,4291.15957060345,0.0,NO PROVIDER,100.0,48225|Psychiatry,0.0,0.0,False,1,0.1942794028685208
48225,Texas,Pulmonary,Respiratory Disease,3431,0,0,0.0,0.0,4251.578947368421,5741.879971570142,0.0,NO PROVIDER,100.0,48225|Pulmonary,0.0,0.0,False,1,0.1942794028685208
48225,Texas,Rheumatology,Arthritis,4721,0,0,0.0,0.0,10453.0,13315.598760659872,0.0,NO PROVIDER,100.0,48225|Rheumatology,0.0,0.0,False,1,0.1942794028685208
48227,Texas,Cardiology,Heart Disease,17597,4,2122,8056.0,4399.25,10823.136363636364,15071.056217261126,0.4064672061954819,LOW GAP,2.21,48227|Cardiology,0.22731147354662726,3.794630240226095,False,1,0.13659198645122766
48227,Texas,Endocrinology,Diabetes,12154,0,0,0.0,0.0,18070.0,22988.768286620067,0.0,NO PROVIDER,100.0,48227|Endocrinology,0.0,0.0,False,1,0.1942794028685208
48227,Texas,Oncology,Cancer,1411,1,667,205345.0,1411.0,2055.6666666666665,2642.926682217817,0.6863953299821631,MODERATE GAP,3.74,48227|Oncology,0.7087172218284905,307.40269461077844,True,-1,-0.054704151422887426
48227,Texas,Neurology,Neurological Disorders,788,5,3547,234648.0,157.6,637.0,906.5174241117586,0.2474097331240188,LOW GAP,1.35,48227|Neurology,6.345177664974619,66.13528748590755,True,-1,-0.14869883895907454
48227,Texas,Psychiatry,Mental Health Disorders,5172,7,115,353.0,738.8571428571429,3104.5,4291.15957060345,0.2379955364332881,LOW GAP,1.3,48227|Psychiatry,1.3534416086620262,3.043103448275862,False,1,0.013565478106329798
48227,Texas,Pulmonary,Respiratory Disease,3761,2,700,3431.0,1880.5,4251.578947368421,5741.879971570142,0.4423062639267145,LOW GAP,2.41,48227|Pulmonary,0.5317734645041213,4.8944365192582024,False,1,0.10749333514236836
48227,Texas,Rheumatology,Arthritis,5231,2,589,62572.0,2615.5,10453.0,13315.598760659872,0.2502152492107529,LOW GAP,1.36,48227|Rheumatology,0.3823360734085261,106.0542372881356,False,1,0.013888230915241828
48229,Texas,Cardiology,Heart Disease,2301,0,0,0.0,0.0,10823.136363636364,15071.056217261126,0.0,NO PROVIDER,100.0,48229|Cardiology,0.0,0.0,False,1,0.1942794028685208
48229,Texas,Endocrinology,Diabetes,1727,0,0,0.0,0.0,18070.0,22988.768286620067,0.0,NO PROVIDER,100.0,48229|Endocrinology,0.0,0.0,False,1,0.1942794028685208
48229,Texas,Oncology,Cancer,134,0,0,0.0,0.0,2055.6666666666665,2642.926682217817,0.0,NO PROVIDER,100.0,48229|Oncology,0.0,0.0,False,1,0.1942794028685208
48229,Texas,Neurology,Neurological Disorders,114,0,0,0.0,0.0,637.0,906.5174241117586,0.0,NO PROVIDER,100.0,48229|Neurology,0.0,0.0,False,1,0.1942794028685208
48229,Texas,Psychiatry,Mental Health Disorders,612,0,0,0.0,0.0,3104.5,4291.15957060345,0.0,NO PROVIDER,100.0,48229|Psychiatry,0.0,0.0,False,1,0.1942794028685208
48229,Texas,Pulmonary,Respiratory Disease,490,0,0,0.0,0.0,4251.578947368421,5741.879971570142,0.0,NO PROVIDER,100.0,48229|Pulmonary,0.0,0.0,False,1,0.1942794028685208
48229,Texas,Rheumatology,Arthritis,610,0,0,0.0,0.0,10453.0,13315.598760659872,0.0,NO PROVIDER,100.0,48229|Rheumatology,0.0,0.0,False,1,0.1942794028685208
48231,Texas,Cardiology,Heart Disease,64240,2,1536,8086.0,32120.0,10823.136363636364,15071.056217261126,2.967716465988266,CRITICAL GAP,16.16,48231|Cardiology,0.031133250311332503,5.260897852960312,False,1,0.09342476639330799
48231,Texas,Endocrinology,Diabetes,41446,0,0,0.0,0.0,18070.0,22988.768286620067,0.0,NO PROVIDER,100.0,48231|Endocrinology,0.0,0.0,False,1,0.1942794028685208
48231,Texas,Oncology,Cancer,6018,0,0,0.0,0.0,2055.6666666666665,2642.926682217817,0.0,NO PROVIDER,100.0,48231|Oncology,0.0,0.0,False,1,0.1942794028685208
48231,Texas,Neurology,Neurological Disorders,2860,2,809,2232.0,1430.0,637.0,906.5174241117586,2.2448979591836733,CRITICAL GAP,12.22,48231|Neurology,0.6993006993006993,2.7555555555555555,False,1,0.07374475267774994
48231,Texas,Psychiatry,Mental Health Disorders,20019,6,469,4843.0,3336.5,3104.5,4291.15957060345,1.074730230310839,HIGH GAP,5.85,48231|Psychiatry,0.2997152704930316,10.304255319148936,False,1,0.09069053827228912
48231,Texas,Pulmonary,Respiratory Disease,14811,1,709,2091.0,14811.0,4251.578947368421,5741.879971570142,3.4836469423124536,CRITICAL GAP,18.97,48231|Pulmonary,0.06751738572682466,2.945070422535211,False,1,0.14630580988378894
48231,Texas,Rheumatology,Arthritis,20232,0,0,0.0,0.0,10453.0,13315.598760659872,0.0,NO PROVIDER,100.0,48231|Rheumatology,0.0,0.0,False,1,0.1942794028685208
48233,Texas,Cardiology,Heart Disease,11379,0,0,0.0,0.0,10823.136363636364,15071.056217261126,0.0,NO PROVIDER,100.0,48233|Cardiology,0.0,0.0,False,1,0.1942794028685208
48233,Texas,Endocrinology,Diabetes,7118,0,0,0.0,0.0,18070.0,22988.768286620067,0.0,NO PROVIDER,100.0,48233|Endocrinology,0.0,0.0,False,1,0.1942794028685208
48233,Texas,Oncology,Cancer,1111,0,0,0.0,0.0,2055.6666666666665,2642.926682217817,0.0,NO PROVIDER,100.0,48233|Oncology,0.0,0.0,False,1,0.1942794028685208
48233,Texas,Neurology,Neurological Disorders,514,0,0,0.0,0.0,637.0,906.5174241117586,0.0,NO PROVIDER,100.0,48233|Neurology,0.0,0.0,False,1,0.1942794028685208
48233,Texas,Psychiatry,Mental Health Disorders,3596,1,37,1781.0,3596.0,3104.5,4291.15957060345,1.158318569818006,HIGH GAP,6.31,48233|Psychiatry,0.27808676307007785,46.86842105263158,False,1,0.02785816481221881
48233,Texas,Pulmonary,Respiratory Disease,2584,0,0,0.0,0.0,4251.578947368421,5741.879971570142,0.0,NO PROVIDER,100.0,48233|Pulmonary,0.0,0.0,False,1,0.1942794028685208
48233,Texas,Rheumatology,Arthritis,3672,0,0,0.0,0.0,10453.0,13315.598760659872,0.0,NO PROVIDER,100.0,48233|Rheumatology,0.0,0.0,False,1,0.1942794028685208
48235,Texas,Cardiology,Heart Disease,906,0,0,0.0,0.0,10823.136363636364,15071.056217261126,0.0,NO PROVIDER,100.0,48235|Cardiology,0.0,0.0,False,1,0.1942794028685208
48235,Texas,Endocrinology,Diabetes,558,0,0,0.0,0.0,18070.0,22988.768286620067,0.0,NO PROVIDER,100.0,48235|Endocrinology,0.0,0.0,False,1,0.1942794028685208
48235,Texas,Oncology,Cancer,94,0,0,0.0,0.0,2055.6666666666665,2642.926682217817,0.0,NO PROVIDER,100.0,48235|Oncology,0.0,0.0,False,1,0.1942794028685208
48235,Texas,Neurology,Neurological Disorders,39,0,0,0.0,0.0,637.0,906.5174241117586,0.0,NO PROVIDER,100.0,48235|Neurology,0.0,0.0,False,1,0.1942794028685208
48235,Texas,Psychiatry,Mental Health Disorders,276,0,0,0.0,0.0,3104.5,4291.15957060345,0.0,NO PROVIDER,100.0,48235|Psychiatry,0.0,0.0,False,1,0.1942794028685208
48235,Texas,Pulmonary,Respiratory Disease,192,0,0,0.0,0.0,4251.578947368421,5741.879971570142,0.0,NO PROVIDER,100.0,48235|Pulmonary,0.0,0.0,False,1,0.1942794028685208
48235,Texas,Rheumatology,Arthritis,297,0,0,0.0,0.0,10453.0,13315.598760659872,0.0,NO PROVIDER,100.0,48235|Rheumatology,0.0,0.0,False,1,0.1942794028685208
48237,Texas,Cardiology,Heart Disease,5417,0,0,0.0,0.0,10823.136363636364,15071.056217261126,0.0,NO PROVIDER,100.0,48237|Cardiology,0.0,0.0,False,1,0.1942794028685208
48237,Texas,Endocrinology,Diabetes,3486,0,0,0.0,0.0,18070.0,22988.768286620067,0.0,NO PROVIDER,100.0,48237|Endocrinology,0.0,0.0,False,1,0.1942794028685208
48237,Texas,Oncology,Cancer,511,0,0,0.0,0.0,2055.6666666666665,2642.926682217817,0.0,NO PROVIDER,100.0,48237|Oncology,0.0,0.0,False,1,0.1942794028685208
48237,Texas,Neurology,Neurological Disorders,259,0,0,0.0,0.0,637.0,906.5174241117586,0.0,NO PROVIDER,100.0,48237|Neurology,0.0,0.0,False,1,0.1942794028685208
48237,Texas,Psychiatry,Mental Health Disorders,1675,0,0,0.0,0.0,3104.5,4291.15957060345,0.0,NO PROVIDER,100.0,48237|Psychiatry,0.0,0.0,False,1,0.1942794028685208
48237,Texas,Pulmonary,Respiratory Disease,1278,0,0,0.0,0.0,4251.578947368421,5741.879971570142,0.0,NO PROVIDER,100.0,48237|Pulmonary,0.0,0.0,False,1,0.1942794028685208
48237,Texas,Rheumatology,Arthritis,1738,0,0,0.0,0.0,10453.0,13315.598760659872,0.0,NO PROVIDER,100.0,48237|Rheumatology,0.0,0.0,False,1,0.1942794028685208
48239,Texas,Cardiology,Heart Disease,8888,0,0,0.0,0.0,10823.136363636364,15071.056217261126,0.0,NO PROVIDER,100.0,48239|Cardiology,0.0,0.0,False,1,0.1942794028685208
48239,Texas,Endocrinology,Diabetes,5812,0,0,0.0,0.0,18070.0,22988.768286620067,0.0,NO PROVIDER,100.0,48239|Endocrinology,0.0,0.0,False,1,0.1942794028685208
48239,Texas,Oncology,Cancer,827,0,0,0.0,0.0,2055.6666666666665,2642.926682217817,0.0,NO PROVIDER,100.0,48239|Oncology,0.0,0.0,False,1,0.1942794028685208
48239,Texas,Neurology,Neurological Disorders,425,0,0,0.0,0.0,637.0,906.5174241117586,0.0,NO PROVIDER,100.0,48239|Neurology,0.0,0.0,False,1,0.1942794028685208
48239,Texas,Psychiatry,Mental Health Disorders,2600,0,0,0.0,0.0,3104.5,4291.15957060345,0.0,NO PROVIDER,100.0,48239|Psychiatry,0.0,0.0,False,1,0.1942794028685208
48239,Texas,Pulmonary,Respiratory Disease,1971,0,0,0.0,0.0,4251.578947368421,5741.879971570142,0.0,NO PROVIDER,100.0,48239|Pulmonary,0.0,0.0,False,1,0.1942794028685208
48239,Texas,Rheumatology,Arthritis,2844,0,0,0.0,0.0,10453.0,13315.598760659872,0.0,NO PROVIDER,100.0,48239|Rheumatology,0.0,0.0,False,1,0.1942794028685208
48241,Texas,Cardiology,Heart Disease,21196,0,0,0.0,0.0,10823.136363636364,15071.056217261126,0.0,NO PROVIDER,100.0,48241|Cardiology,0.0,0.0,False,1,0.1942794028685208
48241,Texas,Endocrinology,Diabetes,13960,0,0,0.0,0.0,18070.0,22988.768286620067,0.0,NO PROVIDER,100.0,48241|Endocrinology,0.0,0.0,False,1,0.1942794028685208
48241,Texas,Oncology,Cancer,1941,0,0,0.0,0.0,2055.6666666666665,2642.926682217817,0.0,NO PROVIDER,100.0,48241|Oncology,0.0,0.0,False,1,0.1942794028685208
48241,Texas,Neurology,Neurological Disorders,1114,0,0,0.0,0.0,637.0,906.5174241117586,0.0,NO PROVIDER,100.0,48241|Neurology,0.0,0.0,False,1,0.1942794028685208
48241,Texas,Psychiatry,Mental Health Disorders,6310,0,0,0.0,0.0,3104.5,4291.15957060345,0.0,NO PROVIDER,100.0,48241|Psychiatry,0.0,0.0,False,1,0.1942794028685208
48241,Texas,Pulmonary,Respiratory Disease,5208,0,0,0.0,0.0,4251.578947368421,5741.879971570142,0.0,NO PROVIDER,100.0,48241|Pulmonary,0.0,0.0,False,1,0.1942794028685208
48241,Texas,Rheumatology,Arthritis,7048,0,0,0.0,0.0,10453.0,13315.598760659872,0.0,NO PROVIDER,100.0,48241|Rheumatology,0.0,0.0,False,1,0.1942794028685208
48243,Texas,Cardiology,Heart Disease,1618,0,0,0.0,0.0,10823.136363636364,15071.056217261126,0.0,NO PROVIDER,100.0,48243|Cardiology,0.0,0.0,False,1,0.1942794028685208
48243,Texas,Endocrinology,Diabetes,972,0,0,0.0,0.0,18070.0,22988.768286620067,0.0,NO PROVIDER,100.0,48243|Endocrinology,0.0,0.0,False,1,0.1942794028685208
48243,Texas,Oncology,Cancer,168,0,0,0.0,0.0,2055.6666666666665,2642.926682217817,0.0,NO PROVIDER,100.0,48243|Oncology,0.0,0.0,False,1,0.1942794028685208
48243,Texas,Neurology,Neurological Disorders,84,0,0,0.0,0.0,637.0,906.5174241117586,0.0,NO PROVIDER,100.0,48243|Neurology,0.0,0.0,False,1,0.1942794028685208
48243,Texas,Psychiatry,Mental Health Disorders,400,0,0,0.0,0.0,3104.5,4291.15957060345,0.0,NO PROVIDER,100.0,48243|Psychiatry,0.0,0.0,False,1,0.1942794028685208
48243,Texas,Pulmonary,Respiratory Disease,340,0,0,0.0,0.0,4251.578947368421,5741.879971570142,0.0,NO PROVIDER,100.0,48243|Pulmonary,0.0,0.0,False,1,0.1942794028685208
48243,Texas,Rheumatology,Arthritis,547,0,0,0.0,0.0,10453.0,13315.598760659872,0.0,NO PROVIDER,100.0,48243|Rheumatology,0.0,0.0,False,1,0.1942794028685208
48245,Texas,Cardiology,Heart Disease,149931,15,11816,93031.0,9995.4,10823.136363636364,15071.056217261126,0.9235215804526498,MODERATE GAP,5.03,48245|Cardiology,0.10004602116973808,7.872641110264873,False,1,0.12656789254211698
48245,Texas,Endocrinology,Diabetes,106498,5,3402,165768.0,21299.6,18070.0,22988.768286620067,1.178727172108467,HIGH GAP,6.42,48245|Endocrinology,0.0469492384833518,48.71231266529533,False,1,0.02223736103423457
48245,Texas,Oncology,Cancer,11285,3,1371,305996.0,3761.6666666666665,2055.6666666666665,2642.926682217817,1.8299010864277607,HIGH GAP,9.96,48245|Oncology,0.26583961010190515,223.02915451895043,False,1,0.011587418588783427
48245,Texas,Neurology,Neurological Disorders,7776,8,2758,105584.0,972.0,637.0,906.5174241117586,1.5259026687598116,HIGH GAP,8.31,48245|Neurology,1.02880658436214,38.26893802102211,True,-1,-0.01981697646314029
48245,Texas,Psychiatry,Mental Health Disorders,40399,14,871,5328.0,2885.6428571428573,3104.5,4291.15957060345,0.9295032556427306,MODERATE GAP,5.06,48245|Psychiatry,0.3465432312681007,6.110091743119266,False,1,0.11574549368721782
48245,Texas,Pulmonary,Respiratory Disease,34235,8,3893,12987.0,4279.375,4251.578947368421,5741.879971570142,1.0065378187670215,HIGH GAP,5.48,48245|Pulmonary,0.2336789834964218,3.335130970724191,False,1,0.13845233107417104
48245,Texas,Rheumatology,Arthritis,46658,5,1194,114130.0,9331.6,10453.0,13315.598760659872,0.8927197933607577,MODERATE GAP,4.86,48245|Rheumatology,0.1071627587980625,95.50627615062761,False,1,0.03627274194729746
48247,Texas,Cardiology,Heart Disease,2904,0,0,0.0,0.0,10823.136363636364,15071.056217261126,0.0,NO PROVIDER,100.0,48247|Cardiology,0.0,0.0,False,1,0.1942794028685208
48247,Texas,Endocrinology,Diabetes,2244,0,0,0.0,0.0,18070.0,22988.768286620067,0.0,NO PROVIDER,100.0,48247|Endocrinology,0.0,0.0,False,1,0.1942794028685208
48247,Texas,Oncology,Cancer,168,0,0,0.0,0.0,2055.6666666666665,2642.926682217817,0.0,NO PROVIDER,100.0,48247|Oncology,0.0,0.0,False,1,0.1942794028685208
48247,Texas,Neurology,Neurological Disorders,163,0,0,0.0,0.0,637.0,906.5174241117586,0.0,NO PROVIDER,100.0,48247|Neurology,0.0,0.0,False,1,0.1942794028685208
48247,Texas,Psychiatry,Mental Health Disorders,676,0,0,0.0,0.0,3104.5,4291.15957060345,0.0,NO PROVIDER,100.0,48247|Psychiatry,0.0,0.0,False,1,0.1942794028685208
48247,Texas,Pulmonary,Respiratory Disease,587,0,0,0.0,0.0,4251.578947368421,5741.879971570142,0.0,NO PROVIDER,100.0,48247|Pulmonary,0.0,0.0,False,1,0.1942794028685208
48247,Texas,Rheumatology,Arthritis,821,0,0,0.0,0.0,10453.0,13315.598760659872,0.0,NO PROVIDER,100.0,48247|Rheumatology,0.0,0.0,False,1,0.1942794028685208
48249,Texas,Cardiology,Heart Disease,22312,2,2032,18251.0,11156.0,10823.136363636364,15071.056217261126,1.0307548223712668,HIGH GAP,5.61,48249|Cardiology,0.0896378630333453,8.977373339891786,False,1,0.11737117522333179
48249,Texas,Endocrinology,Diabetes,16283,0,0,0.0,0.0,18070.0,22988.768286620067,0.0,NO PROVIDER,100.0,48249|Endocrinology,0.0,0.0,False,1,0.1942794028685208
48249,Texas,Oncology,Cancer,1465,0,0,0.0,0.0,2055.6666666666665,2642.926682217817,0.0,NO PROVIDER,100.0,48249|Oncology,0.0,0.0,False,1,0.1942794028685208
48249,Texas,Neurology,Neurological Disorders,1071,0,0,0.0,0.0,637.0,906.5174241117586,0.0,NO PROVIDER,100.0,48249|Neurology,0.0,0.0,False,1,0.1942794028685208
48249,Texas,Psychiatry,Mental Health Disorders,5705,1,0,0.0,5705.0,3104.5,4291.15957060345,1.837655016910936,HIGH GAP,10.01,48249|Psychiatry,0.175284837861525,0.0,False,1,0.03662860866260664
48249,Texas,Pulmonary,Respiratory Disease,4381,0,0,0.0,0.0,4251.578947368421,5741.879971570142,0.0,NO PROVIDER,100.0,48249|Pulmonary,0.0,0.0,False,1,0.1942794028685208
48249,Texas,Rheumatology,Arthritis,6437,0,0,0.0,0.0,10453.0,13315.598760659872,0.0,NO PROVIDER,100.0,48249|Rheumatology,0.0,0.0,False,1,0.1942794028685208
48251,Texas,Cardiology,Heart Disease,109504,5,3670,14123.0,21900.8,10823.136363636364,15071.056217261126,2.0235169607196704,CRITICAL GAP,11.02,48251|Cardiology,0.0456604324956166,3.8471806047398527,False,1,0.1348905682941836
48251,Texas,Endocrinology,Diabetes,67422,1,442,1656.0,67422.0,18070.0,22988.768286620067,3.7311566131710014,CRITICAL GAP,20.32,48251|Endocrinology,0.014831953961614904,3.7381489841986455,False,1,0.031140416286342565
48251,Texas,Oncology,Cancer,10332,1,181,61805.0,10332.0,2055.6666666666665,2642.926682217817,5.026106696935301,CRITICAL GAP,27.37,48251|Oncology,0.09678668215253582,339.5879120879121,False,1,0.006607493177044899
48251,Texas,Neurology,Neurological Disorders,4676,2,825,2597.0,2338.0,637.0,906.5174241117586,3.67032967032967,CRITICAL GAP,19.98,48251|Neurology,0.42771599657827203,3.1440677966101696,False,1,0.12014022261106205
48251,Texas,Psychiatry,Mental Health Disorders,35144,4,549,2521.0,8786.0,3104.5,4291.15957060345,2.8300853599613465,CRITICAL GAP,15.41,48251|Psychiatry,0.11381743683132256,4.583636363636364,False,1,0.1552845173263972
48251,Texas,Pulmonary,Respiratory Disease,25038,5,3341,14439.0,5007.6,4251.578947368421,5741.879971570142,1.1778212428819017,HIGH GAP,6.41,48251|Pulmonary,0.19969646137870437,4.3204667863554755,False,1,0.14467751999290085
48251,Texas,Rheumatology,Arthritis,34993,1,346,18861.0,34993.0,10453.0,13315.598760659872,3.347651391944896,CRITICAL GAP,18.23,48251|Rheumatology,0.028577144000228615,54.35446685878963,True,-1,-0.009264333717119322
48253,Texas,Cardiology,Heart Disease,12973,6,9878,21593.0,2162.1666666666665,10823.136363636364,15071.056217261126,0.1997726531406484,LOW GAP,1.09,48253|Cardiology,0.46249903646034074,2.185747545298107,False,1,0.09924990931787314
48253,Texas,Endocrinology,Diabetes,8750,2,642,1588.0,4375.0,18070.0,22988.768286620067,0.2421140011068068,LOW GAP,1.32,48253|Endocrinology,0.22857142857142856,2.469673405909798,False,1,0.1295393851415103
48253,Texas,Oncology,Cancer,1075,6,2473,439010.0,179.16666666666666,2055.6666666666665,2642.926682217817,0.0871574509485973,LOW GAP,0.47,48253|Oncology,5.5813953488372094,177.44947453516573,True,-1,-0.1436898383733901
48253,Texas,Neurology,Neurological Disorders,609,3,2315,11640.0,203.0,637.0,906.5174241117586,0.3186813186813186,LOW GAP,1.74,48253|Neurology,4.926108374384237,5.025906735751295,True,-1,-0.10542663911570382
48253,Texas,Psychiatry,Mental Health Disorders,3613,2,21,24.0,1806.5,3104.5,4291.15957060345,0.5818972459333226,MODERATE GAP,3.17,48253|Psychiatry,0.5535566011624689,1.0909090909090908,False,1,0.05250310964021687
48253,Texas,Pulmonary,Respiratory Disease,2860,1,1101,4394.0,2860.0,4251.578947368421,5741.879971570142,0.672691260212924,MODERATE GAP,3.66,48253|Pulmonary,0.34965034965034963,3.9872958257713247,False,1,0.12448292172432568
48253,Texas,Rheumatology,Arthritis,3867,2,835,8957.0,1933.5,10453.0,13315.598760659872,0.1849708217736535,LOW GAP,1.01,48253|Rheumatology,0.517196793379881,10.714114832535886,False,1,0.07750241677014502
48255,Texas,Cardiology,Heart Disease,9091,0,0,0.0,0.0,10823.136363636364,15071.056217261126,0.0,NO PROVIDER,100.0,48255|Cardiology,0.0,0.0,False,1,0.1942794028685208
48255,Texas,Endocrinology,Diabetes,6405,0,0,0.0,0.0,18070.0,22988.768286620067,0.0,NO PROVIDER,100.0,48255|Endocrinology,0.0,0.0,False,1,0.1942794028685208
48255,Texas,Oncology,Cancer,673,0,0,0.0,0.0,2055.6666666666665,2642.926682217817,0.0,NO PROVIDER,100.0,48255|Oncology,0.0,0.0,False,1,0.1942794028685208
48255,Texas,Neurology,Neurological Disorders,427,0,0,0.0,0.0,637.0,906.5174241117586,0.0,NO PROVIDER,100.0,48255|Neurology,0.0,0.0,False,1,0.1942794028685208
48255,Texas,Psychiatry,Mental Health Disorders,2445,0,0,0.0,0.0,3104.5,4291.15957060345,0.0,NO PROVIDER,100.0,48255|Psychiatry,0.0,0.0,False,1,0.1942794028685208
48255,Texas,Pulmonary,Respiratory Disease,1923,0,0,0.0,0.0,4251.578947368421,5741.879971570142,0.0,NO PROVIDER,100.0,48255|Pulmonary,0.0,0.0,False,1,0.1942794028685208
48255,Texas,Rheumatology,Arthritis,2596,0,0,0.0,0.0,10453.0,13315.598760659872,0.0,NO PROVIDER,100.0,48255|Rheumatology,0.0,0.0,False,1,0.1942794028685208
48257,Texas,Cardiology,Heart Disease,93559,4,4675,30346.0,23389.75,10823.136363636364,15071.056217261126,2.161087989114229,CRITICAL GAP,11.77,48257|Cardiology,0.042753770348122576,6.489734816082121,False,1,0.11384743705190509
48257,Texas,Endocrinology,Diabetes,64995,1,325,969.0,64995.0,18070.0,22988.768286620067,3.5968456004427227,CRITICAL GAP,19.58,48257|Endocrinology,0.015385798907608278,2.9723926380368098,False,1,0.031215180138981946
48257,Texas,Oncology,Cancer,8000,0,0,0.0,0.0,2055.6666666666665,2642.926682217817,0.0,NO PROVIDER,100.0,48257|Oncology,0.0,0.0,False,1,0.1942794028685208
48257,Texas,Neurology,Neurological Disorders,3967,1,23,967.0,3967.0,637.0,906.5174241117586,6.227629513343799,CRITICAL GAP,33.91,48257|Neurology,0.25207965717166625,40.291666666666664,False,1,0.036148324609526106
48257,Texas,Psychiatry,Mental Health Disorders,29159,18,333,1719.0,1619.9444444444443,3104.5,4291.15957060345,0.5218052647590415,MODERATE GAP,2.84,48257|Psychiatry,0.6173051202030247,5.1467065868263475,False,1,0.0887753229213748
48257,Texas,Pulmonary,Respiratory Disease,21489,0,0,0.0,0.0,4251.578947368421,5741.879971570142,0.0,NO PROVIDER,100.0,48257|Pulmonary,0.0,0.0,False,1,0.1942794028685208
48257,Texas,Rheumatology,Arthritis,28431,1,382,31865.0,28431.0,10453.0,13315.598760659872,2.719889027073568,CRITICAL GAP,14.81,48257|Rheumatology,0.03517287467904751,83.19843342036553,True,-1,-0.007165063703616581
48259,Texas,Cardiology,Heart Disease,28370,1,1366,4824.0,28370.0,10823.136363636364,15071.056217261126,2.6212364925307314,CRITICAL GAP,14.27,48259|Cardiology,0.03524850193866761,3.528895391367959,False,1,0.11966904547664059
48259,Texas,Endocrinology,Diabetes,17408,0,0,0.0,0.0,18070.0,22988.768286620067,0.0,NO PROVIDER,100.0,48259|Endocrinology,0.0,0.0,False,1,0.1942794028685208
48259,Texas,Oncology,Cancer,3174,0,0,0.0,0.0,2055.6666666666665,2642.926682217817,0.0,NO PROVIDER,100.0,48259|Oncology,0.0,0.0,False,1,0.1942794028685208
48259,Texas,Neurology,Neurological Disorders,1084,5,1590,14649.0,216.8,637.0,906.5174241117586,0.3403453689167975,LOW GAP,1.85,48259|Neurology,4.612546125461255,9.207416719044627,True,-1,-0.09883404716388478
48259,Texas,Psychiatry,Mental Health Disorders,8260,1,0,0.0,8260.0,3104.5,4291.15957060345,2.66065388951522,CRITICAL GAP,14.49,48259|Psychiatry,0.12106537530266344,0.0,False,1,0.04346532888745924
48259,Texas,Pulmonary,Respiratory Disease,5619,2,984,3489.0,2809.5,4251.578947368421,5741.879971570142,0.6608133201287448,MODERATE GAP,3.6,48259|Pulmonary,0.3559352197899982,3.5421319796954314,False,1,0.12864140895679083
48259,Texas,Rheumatology,Arthritis,9128,0,0,0.0,0.0,10453.0,13315.598760659872,0.0,NO PROVIDER,100.0,48259|Rheumatology,0.0,0.0,False,1,0.1942794028685208
48261,Texas,Cardiology,Heart Disease,230,0,0,0.0,0.0,10823.136363636364,15071.056217261126,0.0,NO PROVIDER,100.0,48261|Cardiology,0.0,0.0,False,1,0.1942794028685208
48261,Texas,Endocrinology,Diabetes,158,0,0,0.0,0.0,18070.0,22988.768286620067,0.0,NO PROVIDER,100.0,48261|Endocrinology,0.0,0.0,False,1,0.1942794028685208
48261,Texas,Oncology,Cancer,15,0,0,0.0,0.0,2055.6666666666665,2642.926682217817,0.0,NO PROVIDER,100.0,48261|Oncology,0.0,0.0,False,1,0.1942794028685208
48261,Texas,Neurology,Neurological Disorders,11,0,0,0.0,0.0,637.0,906.5174241117586,0.0,NO PROVIDER,100.0,48261|Neurology,0.0,0.0,False,1,0.1942794028685208
48261,Texas,Psychiatry,Mental Health Disorders,58,0,0,0.0,0.0,3104.5,4291.15957060345,0.0,NO PROVIDER,100.0,48261|Psychiatry,0.0,0.0,False,1,0.1942794028685208
48261,Texas,Pulmonary,Respiratory Disease,46,0,0,0.0,0.0,4251.578947368421,5741.879971570142,0.0,NO PROVIDER,100.0,48261|Pulmonary,0.0,0.0,False,1,0.1942794028685208
48261,Texas,Rheumatology,Arthritis,65,0,0,0.0,0.0,10453.0,13315.598760659872,0.0,NO PROVIDER,100.0,48261|Rheumatology,0.0,0.0,False,1,0.1942794028685208
48263,Texas,Cardiology,Heart Disease,426,0,0,0.0,0.0,10823.136363636364,15071.056217261126,0.0,NO PROVIDER,100.0,48263|Cardiology,0.0,0.0,False,1,0.1942794028685208
48263,Texas,Endocrinology,Diabetes,245,0,0,0.0,0.0,18070.0,22988.768286620067,0.0,NO PROVIDER,100.0,48263|Endocrinology,0.0,0.0,False,1,0.1942794028685208
48263,Texas,Oncology,Cancer,50,0,0,0.0,0.0,2055.6666666666665,2642.926682217817,0.0,NO PROVIDER,100.0,48263|Oncology,0.0,0.0,False,1,0.1942794028685208
48263,Texas,Neurology,Neurological Disorders,18,0,0,0.0,0.0,637.0,906.5174241117586,0.0,NO PROVIDER,100.0,48263|Neurology,0.0,0.0,False,1,0.1942794028685208
48263,Texas,Psychiatry,Mental Health Disorders,127,0,0,0.0,0.0,3104.5,4291.15957060345,0.0,NO PROVIDER,100.0,48263|Psychiatry,0.0,0.0,False,1,0.1942794028685208
48263,Texas,Pulmonary,Respiratory Disease,88,0,0,0.0,0.0,4251.578947368421,5741.879971570142,0.0,NO PROVIDER,100.0,48263|Pulmonary,0.0,0.0,False,1,0.1942794028685208
48263,Texas,Rheumatology,Arthritis,143,0,0,0.0,0.0,10453.0,13315.598760659872,0.0,NO PROVIDER,100.0,48263|Rheumatology,0.0,0.0,False,1,0.1942794028685208
48265,Texas,Cardiology,Heart Disease,34861,4,3288,11240.0,8715.25,10823.136363636364,15071.056217261126,0.8052425569802065,MODERATE GAP,4.38,48265|Cardiology,0.11474140156622013,3.417452113104287,False,1,0.16004388808120323
48265,Texas,Endocrinology,Diabetes,20952,1,632,1861.0,20952.0,18070.0,22988.768286620067,1.159490868843387,HIGH GAP,6.31,48265|Endocrinology,0.047728140511645666,2.939968404423381,False,1,0.13815047703377437
48265,Texas,Oncology,Cancer,3807,1,680,195395.0,3807.0,2055.6666666666665,2642.926682217817,1.85195394843522,HIGH GAP,10.08,48265|Oncology,0.2626740215392698,286.92364170337737,True,-1,-0.00563541219025987
48265,Texas,Neurology,Neurological Disorders,1607,3,1480,11471.0,535.6666666666666,637.0,906.5174241117586,0.8409209837781266,MODERATE GAP,4.58,48265|Neurology,1.866832607342875,7.74544226873734,True,-1,-0.01963944496393255
48265,Texas,Psychiatry,Mental Health Disorders,9838,3,65,215.0,3279.333333333333,3104.5,4291.15957060345,1.0563161002845332,HIGH GAP,5.75,48265|Psychiatry,0.3049400284610693,3.257575757575758,False,1,0.1285243247327712
48265,Texas,Pulmonary,Respiratory Disease,7439,1,1148,2932.0,7439.0,4251.578947368421,5741.879971570142,1.749702896756623,HIGH GAP,9.53,48265|Pulmonary,0.1344266702513779,2.5517841601392517,False,1,0.15300044080638003
48265,Texas,Rheumatology,Arthritis,11444,1,462,20342.0,11444.0,10453.0,13315.598760659872,1.0948053190471634,HIGH GAP,5.96,48265|Rheumatology,0.08738203425375742,43.93520518358531,False,1,0.04758799242299239
48267,Texas,Cardiology,Heart Disease,3075,0,0,0.0,0.0,10823.136363636364,15071.056217261126,0.0,NO PROVIDER,100.0,48267|Cardiology,0.0,0.0,False,1,0.1942794028685208
48267,Texas,Endocrinology,Diabetes,1861,0,0,0.0,0.0,18070.0,22988.768286620067,0.0,NO PROVIDER,100.0,48267|Endocrinology,0.0,0.0,False,1,0.1942794028685208
48267,Texas,Oncology,Cancer,319,0,0,0.0,0.0,2055.6666666666665,2642.926682217817,0.0,NO PROVIDER,100.0,48267|Oncology,0.0,0.0,False,1,0.1942794028685208
48267,Texas,Neurology,Neurological Disorders,151,0,0,0.0,0.0,637.0,906.5174241117586,0.0,NO PROVIDER,100.0,48267|Neurology,0.0,0.0,False,1,0.1942794028685208
48267,Texas,Psychiatry,Mental Health Disorders,858,0,0,0.0,0.0,3104.5,4291.15957060345,0.0,NO PROVIDER,100.0,48267|Psychiatry,0.0,0.0,False,1,0.1942794028685208
48267,Texas,Pulmonary,Respiratory Disease,678,0,0,0.0,0.0,4251.578947368421,5741.879971570142,0.0,NO PROVIDER,100.0,48267|Pulmonary,0.0,0.0,False,1,0.1942794028685208
48267,Texas,Rheumatology,Arthritis,1030,0,0,0.0,0.0,10453.0,13315.598760659872,0.0,NO PROVIDER,100.0,48267|Rheumatology,0.0,0.0,False,1,0.1942794028685208
48269,Texas,Cardiology,Heart Disease,144,0,0,0.0,0.0,10823.136363636364,15071.056217261126,0.0,NO PROVIDER,100.0,48269|Cardiology,0.0,0.0,False,1,0.1942794028685208
48269,Texas,Endocrinology,Diabetes,88,0,0,0.0,0.0,18070.0,22988.768286620067,0.0,NO PROVIDER,100.0,48269|Endocrinology,0.0,0.0,False,1,0.1942794028685208
48269,Texas,Oncology,Cancer,15,0,0,0.0,0.0,2055.6666666666665,2642.926682217817,0.0,NO PROVIDER,100.0,48269|Oncology,0.0,0.0,False,1,0.1942794028685208
48269,Texas,Neurology,Neurological Disorders,7,0,0,0.0,0.0,637.0,906.5174241117586,0.0,NO PROVIDER,100.0,48269|Neurology,0.0,0.0,False,1,0.1942794028685208
48269,Texas,Psychiatry,Mental Health Disorders,41,0,0,0.0,0.0,3104.5,4291.15957060345,0.0,NO PROVIDER,100.0,48269|Psychiatry,0.0,0.0,False,1,0.1942794028685208
48269,Texas,Pulmonary,Respiratory Disease,34,0,0,0.0,0.0,4251.578947368421,5741.879971570142,0.0,NO PROVIDER,100.0,48269|Pulmonary,0.0,0.0,False,1,0.1942794028685208
48269,Texas,Rheumatology,Arthritis,48,0,0,0.0,0.0,10453.0,13315.598760659872,0.0,NO PROVIDER,100.0,48269|Rheumatology,0.0,0.0,False,1,0.1942794028685208
48271,Texas,Cardiology,Heart Disease,2080,0,0,0.0,0.0,10823.136363636364,15071.056217261126,0.0,NO PROVIDER,100.0,48271|Cardiology,0.0,0.0,False,1,0.1942794028685208
48271,Texas,Endocrinology,Diabetes,1353,0,0,0.0,0.0,18070.0,22988.768286620067,0.0,NO PROVIDER,100.0,48271|Endocrinology,0.0,0.0,False,1,0.1942794028685208
48271,Texas,Oncology,Cancer,190,0,0,0.0,0.0,2055.6666666666665,2642.926682217817,0.0,NO PROVIDER,100.0,48271|Oncology,0.0,0.0,False,1,0.1942794028685208
48271,Texas,Neurology,Neurological Disorders,97,0,0,0.0,0.0,637.0,906.5174241117586,0.0,NO PROVIDER,100.0,48271|Neurology,0.0,0.0,False,1,0.1942794028685208
48271,Texas,Psychiatry,Mental Health Disorders,516,0,0,0.0,0.0,3104.5,4291.15957060345,0.0,NO PROVIDER,100.0,48271|Psychiatry,0.0,0.0,False,1,0.1942794028685208
48271,Texas,Pulmonary,Respiratory Disease,402,0,0,0.0,0.0,4251.578947368421,5741.879971570142,0.0,NO PROVIDER,100.0,48271|Pulmonary,0.0,0.0,False,1,0.1942794028685208
48271,Texas,Rheumatology,Arthritis,631,0,0,0.0,0.0,10453.0,13315.598760659872,0.0,NO PROVIDER,100.0,48271|Rheumatology,0.0,0.0,False,1,0.1942794028685208
48273,Texas,Cardiology,Heart Disease,16452,4,2338,5586.0,4113.0,10823.136363636364,15071.056217261126,0.3800192348882234,LOW GAP,2.07,48273|Cardiology,0.24313153415998054,2.3882000855066265,False,1,0.12891372362464082
48273,Texas,Endocrinology,Diabetes,12176,0,0,0.0,0.0,18070.0,22988.768286620067,0.0,NO PROVIDER,100.0,48273|Endocrinology,0.0,0.0,False,1,0.1942794028685208
48273,Texas,Oncology,Cancer,1143,0,0,0.0,0.0,2055.6666666666665,2642.926682217817,0.0,NO PROVIDER,100.0,48273|Oncology,0.0,0.0,False,1,0.1942794028685208
48273,Texas,Neurology,Neurological Disorders,755,0,0,0.0,0.0,637.0,906.5174241117586,0.0,NO PROVIDER,100.0,48273|Neurology,0.0,0.0,False,1,0.1942794028685208
48273,Texas,Psychiatry,Mental Health Disorders,4768,0,0,0.0,0.0,3104.5,4291.15957060345,0.0,NO PROVIDER,100.0,48273|Psychiatry,0.0,0.0,False,1,0.1942794028685208
48273,Texas,Pulmonary,Respiratory Disease,3373,0,0,0.0,0.0,4251.578947368421,5741.879971570142,0.0,NO PROVIDER,100.0,48273|Pulmonary,0.0,0.0,False,1,0.1942794028685208
48273,Texas,Rheumatology,Arthritis,4745,0,0,0.0,0.0,10453.0,13315.598760659872,0.0,NO PROVIDER,100.0,48273|Rheumatology,0.0,0.0,False,1,0.1942794028685208
48275,Texas,Cardiology,Heart Disease,1940,0,0,0.0,0.0,10823.136363636364,15071.056217261126,0.0,NO PROVIDER,100.0,48275|Cardiology,0.0,0.0,False,1,0.1942794028685208
48275,Texas,Endocrinology,Diabetes,1251,0,0,0.0,0.0,18070.0,22988.768286620067,0.0,NO PROVIDER,100.0,48275|Endocrinology,0.0,0.0,False,1,0.1942794028685208
48275,Texas,Oncology,Cancer,178,0,0,0.0,0.0,2055.6666666666665,2642.926682217817,0.0,NO PROVIDER,100.0,48275|Oncology,0.0,0.0,False,1,0.1942794028685208
48275,Texas,Neurology,Neurological Disorders,94,0,0,0.0,0.0,637.0,906.5174241117586,0.0,NO PROVIDER,100.0,48275|Neurology,0.0,0.0,False,1,0.1942794028685208
48275,Texas,Psychiatry,Mental Health Disorders,560,0,0,0.0,0.0,3104.5,4291.15957060345,0.0,NO PROVIDER,100.0,48275|Psychiatry,0.0,0.0,False,1,0.1942794028685208
48275,Texas,Pulmonary,Respiratory Disease,433,0,0,0.0,0.0,4251.578947368421,5741.879971570142,0.0,NO PROVIDER,100.0,48275|Pulmonary,0.0,0.0,False,1,0.1942794028685208
48275,Texas,Rheumatology,Arthritis,622,0,0,0.0,0.0,10453.0,13315.598760659872,0.0,NO PROVIDER,100.0,48275|Rheumatology,0.0,0.0,False,1,0.1942794028685208
48277,Texas,Cardiology,Heart Disease,30665,3,3082,43845.0,10221.666666666666,10823.136363636364,15071.056217261126,0.9444274120955808,MODERATE GAP,5.14,48277|Cardiology,0.09783140388064569,14.221537463509568,False,1,0.09809703949795923
48277,Texas,Endocrinology,Diabetes,19930,1,273,748.0,19930.0,18070.0,22988.768286620067,1.1029330381848368,HIGH GAP,6.01,48277|Endocrinology,0.05017561465127948,2.72992700729927,False,1,0.13577343931784253
48277,Texas,Oncology,Cancer,2949,0,0,0.0,0.0,2055.6666666666665,2642.926682217817,0.0,NO PROVIDER,100.0,48277|Oncology,0.0,0.0,False,1,0.1942794028685208
48277,Texas,Neurology,Neurological Disorders,1503,2,165,1931.0,751.5,637.0,906.5174241117586,1.1797488226059654,HIGH GAP,6.42,48277|Neurology,1.3306719893546242,11.632530120481928,True,-1,-0.005550731699446865
48277,Texas,Psychiatry,Mental Health Disorders,9676,1,73,637.0,9676.0,3104.5,4291.15957060345,3.116765984860686,CRITICAL GAP,16.97,48277|Psychiatry,0.10334849111202976,8.608108108108109,False,1,0.11971230644423658
48277,Texas,Pulmonary,Respiratory Disease,7498,1,509,1332.0,7498.0,4251.578947368421,5741.879971570142,1.7635800940826938,HIGH GAP,9.6,48277|Pulmonary,0.13336889837289942,2.611764705882353,False,1,0.15220191586153486
48277,Texas,Rheumatology,Arthritis,10235,0,0,0.0,0.0,10453.0,13315.598760659872,0.0,NO PROVIDER,100.0,48277|Rheumatology,0.0,0.0,False,1,0.1942794028685208
48279,Texas,Cardiology,Heart Disease,7328,0,0,0.0,0.0,10823.136363636364,15071.056217261126,0.0,NO PROVIDER,100.0,48279|Cardiology,0.0,0.0,False,1,0.1942794028685208
48279,Texas,Endocrinology,Diabetes,5148,0,0,0.0,0.0,18070.0,22988.768286620067,0.0,NO PROVIDER,100.0,48279|Endocrinology,0.0,0.0,False,1,0.1942794028685208
48279,Texas,Oncology,Cancer,583,0,0,0.0,0.0,2055.6666666666665,2642.926682217817,0.0,NO PROVIDER,100.0,48279|Oncology,0.0,0.0,False,1,0.1942794028685208
48279,Texas,Neurology,Neurological Disorders,356,0,0,0.0,0.0,637.0,906.5174241117586,0.0,NO PROVIDER,100.0,48279|Neurology,0.0,0.0,False,1,0.1942794028685208
48279,Texas,Psychiatry,Mental Health Disorders,2012,0,0,0.0,0.0,3104.5,4291.15957060345,0.0,NO PROVIDER,100.0,48279|Psychiatry,0.0,0.0,False,1,0.1942794028685208
48279,Texas,Pulmonary,Respiratory Disease,1563,0,0,0.0,0.0,4251.578947368421,5741.879971570142,0.0,NO PROVIDER,100.0,48279|Pulmonary,0.0,0.0,False,1,0.1942794028685208
48279,Texas,Rheumatology,Arthritis,2239,0,0,0.0,0.0,10453.0,13315.598760659872,0.0,NO PROVIDER,100.0,48279|Rheumatology,0.0,0.0,False,1,0.1942794028685208
48281,Texas,Cardiology,Heart Disease,14262,0,0,0.0,0.0,10823.136363636364,15071.056217261126,0.0,NO PROVIDER,100.0,48281|Cardiology,0.0,0.0,False,1,0.1942794028685208
48281,Texas,Endocrinology,Diabetes,8698,0,0,0.0,0.0,18070.0,22988.768286620067,0.0,NO PROVIDER,100.0,48281|Endocrinology,0.0,0.0,False,1,0.1942794028685208
48281,Texas,Oncology,Cancer,1439,0,0,0.0,0.0,2055.6666666666665,2642.926682217817,0.0,NO PROVIDER,100.0,48281|Oncology,0.0,0.0,False,1,0.1942794028685208
48281,Texas,Neurology,Neurological Disorders,632,1,207,327.0,632.0,637.0,906.5174241117586,0.9921507064364208,MODERATE GAP,5.4,48281|Neurology,1.5822784810126582,1.5721153846153846,True,-1,-0.012652860333402405
48281,Texas,Psychiatry,Mental Health Disorders,4445,0,0,0.0,0.0,3104.5,4291.15957060345,0.0,NO PROVIDER,100.0,48281|Psychiatry,0.0,0.0,False,1,0.1942794028685208
48281,Texas,Pulmonary,Respiratory Disease,3172,0,0,0.0,0.0,4251.578947368421,5741.879971570142,0.0,NO PROVIDER,100.0,48281|Pulmonary,0.0,0.0,False,1,0.1942794028685208
48281,Texas,Rheumatology,Arthritis,4665,0,0,0.0,0.0,10453.0,13315.598760659872,0.0,NO PROVIDER,100.0,48281|Rheumatology,0.0,0.0,False,1,0.1942794028685208
48283,Texas,Cardiology,Heart Disease,4024,0,0,0.0,0.0,10823.136363636364,15071.056217261126,0.0,NO PROVIDER,100.0,48283|Cardiology,0.0,0.0,False,1,0.1942794028685208
48283,Texas,Endocrinology,Diabetes,2960,0,0,0.0,0.0,18070.0,22988.768286620067,0.0,NO PROVIDER,100.0,48283|Endocrinology,0.0,0.0,False,1,0.1942794028685208
48283,Texas,Oncology,Cancer,259,0,0,0.0,0.0,2055.6666666666665,2642.926682217817,0.0,NO PROVIDER,100.0,48283|Oncology,0.0,0.0,False,1,0.1942794028685208
48283,Texas,Neurology,Neurological Disorders,204,0,0,0.0,0.0,637.0,906.5174241117586,0.0,NO PROVIDER,100.0,48283|Neurology,0.0,0.0,False,1,0.1942794028685208
48283,Texas,Psychiatry,Mental Health Disorders,1038,0,0,0.0,0.0,3104.5,4291.15957060345,0.0,NO PROVIDER,100.0,48283|Psychiatry,0.0,0.0,False,1,0.1942794028685208
48283,Texas,Pulmonary,Respiratory Disease,831,0,0,0.0,0.0,4251.578947368421,5741.879971570142,0.0,NO PROVIDER,100.0,48283|Pulmonary,0.0,0.0,False,1,0.1942794028685208
48283,Texas,Rheumatology,Arthritis,1117,0,0,0.0,0.0,10453.0,13315.598760659872,0.0,NO PROVIDER,100.0,48283|Rheumatology,0.0,0.0,False,1,0.1942794028685208
48285,Texas,Cardiology,Heart Disease,12648,1,861,2162.0,12648.0,10823.136363636364,15071.056217261126,1.1686076544775712,HIGH GAP,6.36,48285|Cardiology,0.07906388361796332,2.508120649651972,False,1,0.1451537080086276
48285,Texas,Endocrinology,Diabetes,7776,0,0,0.0,0.0,18070.0,22988.768286620067,0.0,NO PROVIDER,100.0,48285|Endocrinology,0.0,0.0,False,1,0.1942794028685208
48285,Texas,Oncology,Cancer,1299,0,0,0.0,0.0,2055.6666666666665,2642.926682217817,0.0,NO PROVIDER,100.0,48285|Oncology,0.0,0.0,False,1,0.1942794028685208
48285,Texas,Neurology,Neurological Disorders,590,0,0,0.0,0.0,637.0,906.5174241117586,0.0,NO PROVIDER,100.0,48285|Neurology,0.0,0.0,False,1,0.1942794028685208
48285,Texas,Psychiatry,Mental Health Disorders,3731,0,0,0.0,0.0,3104.5,4291.15957060345,0.0,NO PROVIDER,100.0,48285|Psychiatry,0.0,0.0,False,1,0.1942794028685208
48285,Texas,Pulmonary,Respiratory Disease,2810,0,0,0.0,0.0,4251.578947368421,5741.879971570142,0.0,NO PROVIDER,100.0,48285|Pulmonary,0.0,0.0,False,1,0.1942794028685208
48285,Texas,Rheumatology,Arthritis,4187,0,0,0.0,0.0,10453.0,13315.598760659872,0.0,NO PROVIDER,100.0,48285|Rheumatology,0.0,0.0,False,1,0.1942794028685208
48287,Texas,Cardiology,Heart Disease,11677,0,0,0.0,0.0,10823.136363636364,15071.056217261126,0.0,NO PROVIDER,100.0,48287|Cardiology,0.0,0.0,False,1,0.1942794028685208
48287,Texas,Endocrinology,Diabetes,7712,0,0,0.0,0.0,18070.0,22988.768286620067,0.0,NO PROVIDER,100.0,48287|Endocrinology,0.0,0.0,False,1,0.1942794028685208
48287,Texas,Oncology,Cancer,1065,0,0,0.0,0.0,2055.6666666666665,2642.926682217817,0.0,NO PROVIDER,100.0,48287|Oncology,0.0,0.0,False,1,0.1942794028685208
48287,Texas,Neurology,Neurological Disorders,568,0,0,0.0,0.0,637.0,906.5174241117586,0.0,NO PROVIDER,100.0,48287|Neurology,0.0,0.0,False,1,0.1942794028685208
48287,Texas,Psychiatry,Mental Health Disorders,3374,0,0,0.0,0.0,3104.5,4291.15957060345,0.0,NO PROVIDER,100.0,48287|Psychiatry,0.0,0.0,False,1,0.1942794028685208
48287,Texas,Pulmonary,Respiratory Disease,2655,0,0,0.0,0.0,4251.578947368421,5741.879971570142,0.0,NO PROVIDER,100.0,48287|Pulmonary,0.0,0.0,False,1,0.1942794028685208
48287,Texas,Rheumatology,Arthritis,3756,0,0,0.0,0.0,10453.0,13315.598760659872,0.0,NO PROVIDER,100.0,48287|Rheumatology,0.0,0.0,False,1,0.1942794028685208
48289,Texas,Cardiology,Heart Disease,10372,0,0,0.0,0.0,10823.136363636364,15071.056217261126,0.0,NO PROVIDER,100.0,48289|Cardiology,0.0,0.0,False,1,0.1942794028685208
48289,Texas,Endocrinology,Diabetes,6319,0,0,0.0,0.0,18070.0,22988.768286620067,0.0,NO PROVIDER,100.0,48289|Endocrinology,0.0,0.0,False,1,0.1942794028685208
48289,Texas,Oncology,Cancer,1044,0,0,0.0,0.0,2055.6666666666665,2642.926682217817,0.0,NO PROVIDER,100.0,48289|Oncology,0.0,0.0,False,1,0.1942794028685208
48289,Texas,Neurology,Neurological Disorders,503,0,0,0.0,0.0,637.0,906.5174241117586,0.0,NO PROVIDER,100.0,48289|Neurology,0.0,0.0,False,1,0.1942794028685208
48289,Texas,Psychiatry,Mental Health Disorders,3067,0,0,0.0,0.0,3104.5,4291.15957060345,0.0,NO PROVIDER,100.0,48289|Psychiatry,0.0,0.0,False,1,0.1942794028685208
48289,Texas,Pulmonary,Respiratory Disease,2393,0,0,0.0,0.0,4251.578947368421,5741.879971570142,0.0,NO PROVIDER,100.0,48289|Pulmonary,0.0,0.0,False,1,0.1942794028685208
48289,Texas,Rheumatology,Arthritis,3487,0,0,0.0,0.0,10453.0,13315.598760659872,0.0,NO PROVIDER,100.0,48289|Rheumatology,0.0,0.0,False,1,0.1942794028685208
48291,Texas,Cardiology,Heart Disease,57564,2,479,3357.0,28782.0,10823.136363636364,15071.056217261126,2.659303092281266,CRITICAL GAP,14.48,48291|Cardiology,0.03474393718296157,6.99375,False,1,0.08782773362529017
48291,Texas,Endocrinology,Diabetes,40611,0,0,0.0,0.0,18070.0,22988.768286620067,0.0,NO PROVIDER,100.0,48291|Endocrinology,0.0,0.0,False,1,0.1942794028685208
48291,Texas,Oncology,Cancer,4558,0,0,0.0,0.0,2055.6666666666665,2642.926682217817,0.0,NO PROVIDER,100.0,48291|Oncology,0.0,0.0,False,1,0.1942794028685208
48291,Texas,Neurology,Neurological Disorders,2825,0,0,0.0,0.0,637.0,906.5174241117586,0.0,NO PROVIDER,100.0,48291|Neurology,0.0,0.0,False,1,0.1942794028685208
48291,Texas,Psychiatry,Mental Health Disorders,17782,1,0,0.0,17782.0,3104.5,4291.15957060345,5.72781446287647,CRITICAL GAP,31.19,48291|Psychiatry,0.05623664379709819,0.0,False,1,0.042099811952821975
48291,Texas,Pulmonary,Respiratory Disease,13939,0,0,0.0,0.0,4251.578947368421,5741.879971570142,0.0,NO PROVIDER,100.0,48291|Pulmonary,0.0,0.0,False,1,0.1942794028685208
48291,Texas,Rheumatology,Arthritis,17782,0,0,0.0,0.0,10453.0,13315.598760659872,0.0,NO PROVIDER,100.0,48291|Rheumatology,0.0,0.0,False,1,0.1942794028685208
48293,Texas,Cardiology,Heart Disease,14162,0,0,0.0,0.0,10823.136363636364,15071.056217261126,0.0,NO PROVIDER,100.0,48293|Cardiology,0.0,0.0,False,1,0.1942794028685208
48293,Texas,Endocrinology,Diabetes,9378,0,0,0.0,0.0,18070.0,22988.768286620067,0.0,NO PROVIDER,100.0,48293|Endocrinology,0.0,0.0,False,1,0.1942794028685208
48293,Texas,Oncology,Cancer,1267,0,0,0.0,0.0,2055.6666666666665,2642.926682217817,0.0,NO PROVIDER,100.0,48293|Oncology,0.0,0.0,False,1,0.1942794028685208
48293,Texas,Neurology,Neurological Disorders,724,0,0,0.0,0.0,637.0,906.5174241117586,0.0,NO PROVIDER,100.0,48293|Neurology,0.0,0.0,False,1,0.1942794028685208
48293,Texas,Psychiatry,Mental Health Disorders,4017,4,118,250.0,1004.25,3104.5,4291.15957060345,0.3234820421968111,LOW GAP,1.76,48293|Psychiatry,0.9957679860592482,2.100840336134454,False,1,0.026150185681741323
48293,Texas,Pulmonary,Respiratory Disease,3267,0,0,0.0,0.0,4251.578947368421,5741.879971570142,0.0,NO PROVIDER,100.0,48293|Pulmonary,0.0,0.0,False,1,0.1942794028685208
48293,Texas,Rheumatology,Arthritis,4611,0,0,0.0,0.0,10453.0,13315.598760659872,0.0,NO PROVIDER,100.0,48293|Rheumatology,0.0,0.0,False,1,0.1942794028685208
48295,Texas,Cardiology,Heart Disease,1717,0,0,0.0,0.0,10823.136363636364,15071.056217261126,0.0,NO PROVIDER,100.0,48295|Cardiology,0.0,0.0,False,1,0.1942794028685208
48295,Texas,Endocrinology,Diabetes,1095,0,0,0.0,0.0,18070.0,22988.768286620067,0.0,NO PROVIDER,100.0,48295|Endocrinology,0.0,0.0,False,1,0.1942794028685208
48295,Texas,Oncology,Cancer,166,0,0,0.0,0.0,2055.6666666666665,2642.926682217817,0.0,NO PROVIDER,100.0,48295|Oncology,0.0,0.0,False,1,0.1942794028685208
48295,Texas,Neurology,Neurological Disorders,80,0,0,0.0,0.0,637.0,906.5174241117586,0.0,NO PROVIDER,100.0,48295|Neurology,0.0,0.0,False,1,0.1942794028685208
48295,Texas,Psychiatry,Mental Health Disorders,490,0,0,0.0,0.0,3104.5,4291.15957060345,0.0,NO PROVIDER,100.0,48295|Psychiatry,0.0,0.0,False,1,0.1942794028685208
48295,Texas,Pulmonary,Respiratory Disease,376,0,0,0.0,0.0,4251.578947368421,5741.879971570142,0.0,NO PROVIDER,100.0,48295|Pulmonary,0.0,0.0,False,1,0.1942794028685208
48295,Texas,Rheumatology,Arthritis,547,0,0,0.0,0.0,10453.0,13315.598760659872,0.0,NO PROVIDER,100.0,48295|Rheumatology,0.0,0.0,False,1,0.1942794028685208
48297,Texas,Cardiology,Heart Disease,7696,0,0,0.0,0.0,10823.136363636364,15071.056217261126,0.0,NO PROVIDER,100.0,48297|Cardiology,0.0,0.0,False,1,0.1942794028685208
48297,Texas,Endocrinology,Diabetes,5183,0,0,0.0,0.0,18070.0,22988.768286620067,0.0,NO PROVIDER,100.0,48297|Endocrinology,0.0,0.0,False,1,0.1942794028685208
48297,Texas,Oncology,Cancer,640,0,0,0.0,0.0,2055.6666666666665,2642.926682217817,0.0,NO PROVIDER,100.0,48297|Oncology,0.0,0.0,False,1,0.1942794028685208
48297,Texas,Neurology,Neurological Disorders,381,0,0,0.0,0.0,637.0,906.5174241117586,0.0,NO PROVIDER,100.0,48297|Neurology,0.0,0.0,False,1,0.1942794028685208
48297,Texas,Psychiatry,Mental Health Disorders,2041,0,0,0.0,0.0,3104.5,4291.15957060345,0.0,NO PROVIDER,100.0,48297|Psychiatry,0.0,0.0,False,1,0.1942794028685208
48297,Texas,Pulmonary,Respiratory Disease,1665,0,0,0.0,0.0,4251.578947368421,5741.879971570142,0.0,NO PROVIDER,100.0,48297|Pulmonary,0.0,0.0,False,1,0.1942794028685208
48297,Texas,Rheumatology,Arthritis,2333,0,0,0.0,0.0,10453.0,13315.598760659872,0.0,NO PROVIDER,100.0,48297|Rheumatology,0.0,0.0,False,1,0.1942794028685208
48299,Texas,Cardiology,Heart Disease,16294,0,0,0.0,0.0,10823.136363636364,15071.056217261126,0.0,NO PROVIDER,100.0,48299|Cardiology,0.0,0.0,False,1,0.1942794028685208
48299,Texas,Endocrinology,Diabetes,9494,0,0,0.0,0.0,18070.0,22988.768286620067,0.0,NO PROVIDER,100.0,48299|Endocrinology,0.0,0.0,False,1,0.1942794028685208
48299,Texas,Oncology,Cancer,1922,0,0,0.0,0.0,2055.6666666666665,2642.926682217817,0.0,NO PROVIDER,100.0,48299|Oncology,0.0,0.0,False,1,0.1942794028685208
48299,Texas,Neurology,Neurological Disorders,753,0,0,0.0,0.0,637.0,906.5174241117586,0.0,NO PROVIDER,100.0,48299|Neurology,0.0,0.0,False,1,0.1942794028685208
48299,Texas,Psychiatry,Mental Health Disorders,4453,0,0,0.0,0.0,3104.5,4291.15957060345,0.0,NO PROVIDER,100.0,48299|Psychiatry,0.0,0.0,False,1,0.1942794028685208
48299,Texas,Pulmonary,Respiratory Disease,3438,0,0,0.0,0.0,4251.578947368421,5741.879971570142,0.0,NO PROVIDER,100.0,48299|Pulmonary,0.0,0.0,False,1,0.1942794028685208
48299,Texas,Rheumatology,Arthritis,5631,0,0,0.0,0.0,10453.0,13315.598760659872,0.0,NO PROVIDER,100.0,48299|Rheumatology,0.0,0.0,False,1,0.1942794028685208
48303,Texas,Cardiology,Heart Disease,172188,13,14280,52963.0,13245.23076923077,10823.136363636364,15071.056217261126,1.2237885880965311,HIGH GAP,6.66,48303|Cardiology,0.07549887332450578,3.708633849170226,False,1,0.1503742271099912
48303,Texas,Endocrinology,Diabetes,117949,2,903,7780.0,58974.5,18070.0,22988.768286620067,3.2636690647482016,CRITICAL GAP,17.77,48303|Endocrinology,0.01695648119102324,8.606194690265486,False,1,0.01155471830658461
48303,Texas,Oncology,Cancer,15251,13,3175,42470.0,1173.1538461538462,2055.6666666666665,2642.926682217817,0.5706926444724402,MODERATE GAP,3.11,48303|Oncology,0.8524031211068127,13.372166246851386,False,1,0.017956600183178795
48303,Texas,Neurology,Neurological Disorders,7502,6,2015,27746.0,1250.3333333333333,637.0,906.5174241117586,1.962846677132392,HIGH GAP,10.69,48303|Neurology,0.7997867235403892,13.762896825396826,False,1,0.024811148579713005
48303,Texas,Psychiatry,Mental Health Disorders,55469,36,1108,3309.0,1540.8055555555557,3104.5,4291.15957060345,0.4963135949607201,LOW GAP,2.7,48303|Psychiatry,0.6490111593863239,2.9837691614066726,False,1,0.08301250063166732
48303,Texas,Pulmonary,Respiratory Disease,38496,6,2250,10549.0,6416.0,4251.578947368421,5741.879971570142,1.5090864075266155,HIGH GAP,8.22,48303|Pulmonary,0.15586034912718205,4.6863616170590845,False,1,0.15394383024612274
48303,Texas,Rheumatology,Arthritis,52271,6,2895,727942.4,8711.833333333334,10453.0,13315.598760659872,0.8334289996492236,MODERATE GAP,4.54,48303|Rheumatology,0.11478640163761933,251.36132596685084,False,1,0.02049094158269482
48305,Texas,Cardiology,Heart Disease,3261,0,0,0.0,0.0,10823.136363636364,15071.056217261126,0.0,NO PROVIDER,100.0,48305|Cardiology,0.0,0.0,False,1,0.1942794028685208
48305,Texas,Endocrinology,Diabetes,2196,0,0,0.0,0.0,18070.0,22988.768286620067,0.0,NO PROVIDER,100.0,48305|Endocrinology,0.0,0.0,False,1,0.1942794028685208
48305,Texas,Oncology,Cancer,276,0,0,0.0,0.0,2055.6666666666665,2642.926682217817,0.0,NO PROVIDER,100.0,48305|Oncology,0.0,0.0,False,1,0.1942794028685208
48305,Texas,Neurology,Neurological Disorders,156,0,0,0.0,0.0,637.0,906.5174241117586,0.0,NO PROVIDER,100.0,48305|Neurology,0.0,0.0,False,1,0.1942794028685208
48305,Texas,Psychiatry,Mental Health Disorders,964,0,0,0.0,0.0,3104.5,4291.15957060345,0.0,NO PROVIDER,100.0,48305|Psychiatry,0.0,0.0,False,1,0.1942794028685208
48305,Texas,Pulmonary,Respiratory Disease,725,0,0,0.0,0.0,4251.578947368421,5741.879971570142,0.0,NO PROVIDER,100.0,48305|Pulmonary,0.0,0.0,False,1,0.1942794028685208
48305,Texas,Rheumatology,Arthritis,1008,0,0,0.0,0.0,10453.0,13315.598760659872,0.0,NO PROVIDER,100.0,48305|Rheumatology,0.0,0.0,False,1,0.1942794028685208
48307,Texas,Cardiology,Heart Disease,4751,0,0,0.0,0.0,10823.136363636364,15071.056217261126,0.0,NO PROVIDER,100.0,48307|Cardiology,0.0,0.0,False,1,0.1942794028685208
48307,Texas,Endocrinology,Diabetes,2961,0,0,0.0,0.0,18070.0,22988.768286620067,0.0,NO PROVIDER,100.0,48307|Endocrinology,0.0,0.0,False,1,0.1942794028685208
48307,Texas,Oncology,Cancer,460,0,0,0.0,0.0,2055.6666666666665,2642.926682217817,0.0,NO PROVIDER,100.0,48307|Oncology,0.0,0.0,False,1,0.1942794028685208
48307,Texas,Neurology,Neurological Disorders,227,0,0,0.0,0.0,637.0,906.5174241117586,0.0,NO PROVIDER,100.0,48307|Neurology,0.0,0.0,False,1,0.1942794028685208
48307,Texas,Psychiatry,Mental Health Disorders,1382,0,0,0.0,0.0,3104.5,4291.15957060345,0.0,NO PROVIDER,100.0,48307|Psychiatry,0.0,0.0,False,1,0.1942794028685208
48307,Texas,Pulmonary,Respiratory Disease,1057,0,0,0.0,0.0,4251.578947368421,5741.879971570142,0.0,NO PROVIDER,100.0,48307|Pulmonary,0.0,0.0,False,1,0.1942794028685208
48307,Texas,Rheumatology,Arthritis,1547,0,0,0.0,0.0,10453.0,13315.598760659872,0.0,NO PROVIDER,100.0,48307|Rheumatology,0.0,0.0,False,1,0.1942794028685208
48309,Texas,Cardiology,Heart Disease,148419,15,25658,72522.0,9894.6,10823.136363636364,15071.056217261126,0.9142081987661114,MODERATE GAP,4.98,48309|Cardiology,0.1010652274978271,2.8263767099263415,False,1,0.15705549380887412
48309,Texas,Endocrinology,Diabetes,97720,3,986,5093.0,32573.33333333333,18070.0,22988.768286620067,1.8026194429072129,HIGH GAP,9.81,48309|Endocrinology,0.030699959066721242,5.160081053698075,False,1,0.09448787951284154
48309,Texas,Oncology,Cancer,13390,5,1361,211721.1,2678.0,2055.6666666666665,2642.926682217817,1.302740392411221,HIGH GAP,7.09,48309|Oncology,0.3734129947722181,155.44867841409692,False,1,0.015746046394174873
48309,Texas,Neurology,Neurological Disorders,6951,11,3109,7705.0,631.9090909090909,637.0,906.5174241117586,0.992007992007992,MODERATE GAP,5.4,48309|Neurology,1.5825061142281687,2.477491961414791,False,1,0.0010889248023712161
48309,Texas,Psychiatry,Mental Health Disorders,48349,27,1526,3744.0,1790.7037037037037,3104.5,4291.15957060345,0.5768090525700447,MODERATE GAP,3.14,48309|Psychiatry,0.5584396781732818,2.4518664047151275,False,1,0.0980080686756043
48309,Texas,Pulmonary,Respiratory Disease,34856,11,4244,14904.0,3168.7272727272725,4251.578947368421,5741.879971570142,0.7453059938328569,MODERATE GAP,4.06,48309|Pulmonary,0.31558411751204957,3.5109540636042404,False,1,0.13011822330692085
48309,Texas,Rheumatology,Arthritis,47940,1,173,6807.0,47940.0,10453.0,13315.598760659872,4.586243183774993,CRITICAL GAP,24.97,48309|Rheumatology,0.020859407592824366,39.12068965517241,True,-1,-0.018352259745744504
48311,Texas,Cardiology,Heart Disease,373,0,0,0.0,0.0,10823.136363636364,15071.056217261126,0.0,NO PROVIDER,100.0,48311|Cardiology,0.0,0.0,False,1,0.1942794028685208
48311,Texas,Endocrinology,Diabetes,244,0,0,0.0,0.0,18070.0,22988.768286620067,0.0,NO PROVIDER,100.0,48311|Endocrinology,0.0,0.0,False,1,0.1942794028685208
48311,Texas,Oncology,Cancer,32,0,0,0.0,0.0,2055.6666666666665,2642.926682217817,0.0,NO PROVIDER,100.0,48311|Oncology,0.0,0.0,False,1,0.1942794028685208
48311,Texas,Neurology,Neurological Disorders,19,0,0,0.0,0.0,637.0,906.5174241117586,0.0,NO PROVIDER,100.0,48311|Neurology,0.0,0.0,False,1,0.1942794028685208
48311,Texas,Psychiatry,Mental Health Disorders,98,0,0,0.0,0.0,3104.5,4291.15957060345,0.0,NO PROVIDER,100.0,48311|Psychiatry,0.0,0.0,False,1,0.1942794028685208
48311,Texas,Pulmonary,Respiratory Disease,79,0,0,0.0,0.0,4251.578947368421,5741.879971570142,0.0,NO PROVIDER,100.0,48311|Pulmonary,0.0,0.0,False,1,0.1942794028685208
48311,Texas,Rheumatology,Arthritis,116,0,0,0.0,0.0,10453.0,13315.598760659872,0.0,NO PROVIDER,100.0,48311|Rheumatology,0.0,0.0,False,1,0.1942794028685208
48313,Texas,Cardiology,Heart Disease,8157,0,0,0.0,0.0,10823.136363636364,15071.056217261126,0.0,NO PROVIDER,100.0,48313|Cardiology,0.0,0.0,False,1,0.1942794028685208
48313,Texas,Endocrinology,Diabetes,5386,0,0,0.0,0.0,18070.0,22988.768286620067,0.0,NO PROVIDER,100.0,48313|Endocrinology,0.0,0.0,False,1,0.1942794028685208
48313,Texas,Oncology,Cancer,677,0,0,0.0,0.0,2055.6666666666665,2642.926682217817,0.0,NO PROVIDER,100.0,48313|Oncology,0.0,0.0,False,1,0.1942794028685208
48313,Texas,Neurology,Neurological Disorders,394,0,0,0.0,0.0,637.0,906.5174241117586,0.0,NO PROVIDER,100.0,48313|Neurology,0.0,0.0,False,1,0.1942794028685208
48313,Texas,Psychiatry,Mental Health Disorders,2350,0,0,0.0,0.0,3104.5,4291.15957060345,0.0,NO PROVIDER,100.0,48313|Psychiatry,0.0,0.0,False,1,0.1942794028685208
48313,Texas,Pulmonary,Respiratory Disease,1875,0,0,0.0,0.0,4251.578947368421,5741.879971570142,0.0,NO PROVIDER,100.0,48313|Pulmonary,0.0,0.0,False,1,0.1942794028685208
48313,Texas,Rheumatology,Arthritis,2499,0,0,0.0,0.0,10453.0,13315.598760659872,0.0,NO PROVIDER,100.0,48313|Rheumatology,0.0,0.0,False,1,0.1942794028685208
48315,Texas,Cardiology,Heart Disease,6866,0,0,0.0,0.0,10823.136363636364,15071.056217261126,0.0,NO PROVIDER,100.0,48315|Cardiology,0.0,0.0,False,1,0.1942794028685208
48315,Texas,Endocrinology,Diabetes,4276,0,0,0.0,0.0,18070.0,22988.768286620067,0.0,NO PROVIDER,100.0,48315|Endocrinology,0.0,0.0,False,1,0.1942794028685208
48315,Texas,Oncology,Cancer,647,0,0,0.0,0.0,2055.6666666666665,2642.926682217817,0.0,NO PROVIDER,100.0,48315|Oncology,0.0,0.0,False,1,0.1942794028685208
48315,Texas,Neurology,Neurological Disorders,368,0,0,0.0,0.0,637.0,906.5174241117586,0.0,NO PROVIDER,100.0,48315|Neurology,0.0,0.0,False,1,0.1942794028685208
48315,Texas,Psychiatry,Mental Health Disorders,1901,0,0,0.0,0.0,3104.5,4291.15957060345,0.0,NO PROVIDER,100.0,48315|Psychiatry,0.0,0.0,False,1,0.1942794028685208
48315,Texas,Pulmonary,Respiratory Disease,1630,0,0,0.0,0.0,4251.578947368421,5741.879971570142,0.0,NO PROVIDER,100.0,48315|Pulmonary,0.0,0.0,False,1,0.1942794028685208
48315,Texas,Rheumatology,Arthritis,2312,0,0,0.0,0.0,10453.0,13315.598760659872,0.0,NO PROVIDER,100.0,48315|Rheumatology,0.0,0.0,False,1,0.1942794028685208
48317,Texas,Cardiology,Heart Disease,2530,0,0,0.0,0.0,10823.136363636364,15071.056217261126,0.0,NO PROVIDER,100.0,48317|Cardiology,0.0,0.0,False,1,0.1942794028685208
48317,Texas,Endocrinology,Diabetes,1699,0,0,0.0,0.0,18070.0,22988.768286620067,0.0,NO PROVIDER,100.0,48317|Endocrinology,0.0,0.0,False,1,0.1942794028685208
48317,Texas,Oncology,Cancer,216,0,0,0.0,0.0,2055.6666666666665,2642.926682217817,0.0,NO PROVIDER,100.0,48317|Oncology,0.0,0.0,False,1,0.1942794028685208
48317,Texas,Neurology,Neurological Disorders,105,0,0,0.0,0.0,637.0,906.5174241117586,0.0,NO PROVIDER,100.0,48317|Neurology,0.0,0.0,False,1,0.1942794028685208
48317,Texas,Psychiatry,Mental Health Disorders,793,1,107,660.0,793.0,3104.5,4291.15957060345,0.2554356579159285,LOW GAP,1.39,48317|Psychiatry,1.2610340479192939,6.111111111111111,False,1,0.014226858372729412
48317,Texas,Pulmonary,Respiratory Disease,552,0,0,0.0,0.0,4251.578947368421,5741.879971570142,0.0,NO PROVIDER,100.0,48317|Pulmonary,0.0,0.0,False,1,0.1942794028685208
48317,Texas,Rheumatology,Arthritis,759,0,0,0.0,0.0,10453.0,13315.598760659872,0.0,NO PROVIDER,100.0,48317|Rheumatology,0.0,0.0,False,1,0.1942794028685208
48319,Texas,Cardiology,Heart Disease,2567,0,0,0.0,0.0,10823.136363636364,15071.056217261126,0.0,NO PROVIDER,100.0,48319|Cardiology,0.0,0.0,False,1,0.1942794028685208
48319,Texas,Endocrinology,Diabetes,1475,0,0,0.0,0.0,18070.0,22988.768286620067,0.0,NO PROVIDER,100.0,48319|Endocrinology,0.0,0.0,False,1,0.1942794028685208
48319,Texas,Oncology,Cancer,293,0,0,0.0,0.0,2055.6666666666665,2642.926682217817,0.0,NO PROVIDER,100.0,48319|Oncology,0.0,0.0,False,1,0.1942794028685208
48319,Texas,Neurology,Neurological Disorders,112,0,0,0.0,0.0,637.0,906.5174241117586,0.0,NO PROVIDER,100.0,48319|Neurology,0.0,0.0,False,1,0.1942794028685208
48319,Texas,Psychiatry,Mental Health Disorders,711,0,0,0.0,0.0,3104.5,4291.15957060345,0.0,NO PROVIDER,100.0,48319|Psychiatry,0.0,0.0,False,1,0.1942794028685208
48319,Texas,Pulmonary,Respiratory Disease,525,0,0,0.0,0.0,4251.578947368421,5741.879971570142,0.0,NO PROVIDER,100.0,48319|Pulmonary,0.0,0.0,False,1,0.1942794028685208
48319,Texas,Rheumatology,Arthritis,849,0,0,0.0,0.0,10453.0,13315.598760659872,0.0,NO PROVIDER,100.0,48319|Rheumatology,0.0,0.0,False,1,0.1942794028685208
48321,Texas,Cardiology,Heart Disease,21577,1,1408,11567.0,21577.0,10823.136363636364,15071.056217261126,1.9935995699448568,HIGH GAP,10.85,48321|Cardiology,0.0463456458265746,8.209368346344926,False,1,0.1071730175950335
48321,Texas,Endocrinology,Diabetes,14680,0,0,0.0,0.0,18070.0,22988.768286620067,0.0,NO PROVIDER,100.0,48321|Endocrinology,0.0,0.0,False,1,0.1942794028685208
48321,Texas,Oncology,Cancer,1788,0,0,0.0,0.0,2055.6666666666665,2642.926682217817,0.0,NO PROVIDER,100.0,48321|Oncology,0.0,0.0,False,1,0.1942794028685208
48321,Texas,Neurology,Neurological Disorders,1062,0,0,0.0,0.0,637.0,906.5174241117586,0.0,NO PROVIDER,100.0,48321|Neurology,0.0,0.0,False,1,0.1942794028685208
48321,Texas,Psychiatry,Mental Health Disorders,6009,2,0,0.0,3004.5,3104.5,4291.15957060345,0.9677886938315348,MODERATE GAP,5.27,48321|Psychiatry,0.3328340822100183,0.0,False,1,0.021919174850589696
48321,Texas,Pulmonary,Respiratory Disease,4718,0,0,0.0,0.0,4251.578947368421,5741.879971570142,0.0,NO PROVIDER,100.0,48321|Pulmonary,0.0,0.0,False,1,0.1942794028685208
48321,Texas,Rheumatology,Arthritis,6708,0,0,0.0,0.0,10453.0,13315.598760659872,0.0,NO PROVIDER,100.0,48321|Rheumatology,0.0,0.0,False,1,0.1942794028685208
48323,Texas,Cardiology,Heart Disease,30496,0,0,0.0,0.0,10823.136363636364,15071.056217261126,0.0,NO PROVIDER,100.0,48323|Cardiology,0.0,0.0,False,1,0.1942794028685208
48323,Texas,Endocrinology,Diabetes,24845,2,161,521.0,12422.5,18070.0,22988.768286620067,0.6874654122855561,MODERATE GAP,3.74,48323|Endocrinology,0.08049909438518817,3.2160493827160495,False,1,0.1520898859883576
48323,Texas,Oncology,Cancer,1658,0,0,0.0,0.0,2055.6666666666665,2642.926682217817,0.0,NO PROVIDER,100.0,48323|Oncology,0.0,0.0,False,1,0.1942794028685208
48323,Texas,Neurology,Neurological Disorders,1458,0,0,0.0,0.0,637.0,906.5174241117586,0.0,NO PROVIDER,100.0,48323|Neurology,0.0,0.0,False,1,0.1942794028685208
48323,Texas,Psychiatry,Mental Health Disorders,7849,0,0,0.0,0.0,3104.5,4291.15957060345,0.0,NO PROVIDER,100.0,48323|Psychiatry,0.0,0.0,False,1,0.1942794028685208
48323,Texas,Pulmonary,Respiratory Disease,5832,0,0,0.0,0.0,4251.578947368421,5741.879971570142,0.0,NO PROVIDER,100.0,48323|Pulmonary,0.0,0.0,False,1,0.1942794028685208
48323,Texas,Rheumatology,Arthritis,8248,0,0,0.0,0.0,10453.0,13315.598760659872,0.0,NO PROVIDER,100.0,48323|Rheumatology,0.0,0.0,False,1,0.1942794028685208
48325,Texas,Cardiology,Heart Disease,32236,0,0,0.0,0.0,10823.136363636364,15071.056217261126,0.0,NO PROVIDER,100.0,48325|Cardiology,0.0,0.0,False,1,0.1942794028685208
48325,Texas,Endocrinology,Diabetes,22489,1,298,938.0,22489.0,18070.0,22988.768286620067,1.2445489762036526,HIGH GAP,6.78,48325|Endocrinology,0.04446618346747299,3.137123745819398,False,1,0.13430386108300213
48325,Texas,Oncology,Cancer,2761,0,0,0.0,0.0,2055.6666666666665,2642.926682217817,0.0,NO PROVIDER,100.0,48325|Oncology,0.0,0.0,False,1,0.1942794028685208
48325,Texas,Neurology,Neurological Disorders,1338,0,0,0.0,0.0,637.0,906.5174241117586,0.0,NO PROVIDER,100.0,48325|Neurology,0.0,0.0,False,1,0.1942794028685208
48325,Texas,Psychiatry,Mental Health Disorders,8877,0,0,0.0,0.0,3104.5,4291.15957060345,0.0,NO PROVIDER,100.0,48325|Psychiatry,0.0,0.0,False,1,0.1942794028685208
48325,Texas,Pulmonary,Respiratory Disease,6328,0,0,0.0,0.0,4251.578947368421,5741.879971570142,0.0,NO PROVIDER,100.0,48325|Pulmonary,0.0,0.0,False,1,0.1942794028685208
48325,Texas,Rheumatology,Arthritis,9599,0,0,0.0,0.0,10453.0,13315.598760659872,0.0,NO PROVIDER,100.0,48325|Rheumatology,0.0,0.0,False,1,0.1942794028685208
48327,Texas,Cardiology,Heart Disease,1351,0,0,0.0,0.0,10823.136363636364,15071.056217261126,0.0,NO PROVIDER,100.0,48327|Cardiology,0.0,0.0,False,1,0.1942794028685208
48327,Texas,Endocrinology,Diabetes,826,0,0,0.0,0.0,18070.0,22988.768286620067,0.0,NO PROVIDER,100.0,48327|Endocrinology,0.0,0.0,False,1,0.1942794028685208
48327,Texas,Oncology,Cancer,136,0,0,0.0,0.0,2055.6666666666665,2642.926682217817,0.0,NO PROVIDER,100.0,48327|Oncology,0.0,0.0,False,1,0.1942794028685208
48327,Texas,Neurology,Neurological Disorders,67,0,0,0.0,0.0,637.0,906.5174241117586,0.0,NO PROVIDER,100.0,48327|Neurology,0.0,0.0,False,1,0.1942794028685208
48327,Texas,Psychiatry,Mental Health Disorders,353,0,0,0.0,0.0,3104.5,4291.15957060345,0.0,NO PROVIDER,100.0,48327|Psychiatry,0.0,0.0,False,1,0.1942794028685208
48327,Texas,Pulmonary,Respiratory Disease,288,0,0,0.0,0.0,4251.578947368421,5741.879971570142,0.0,NO PROVIDER,100.0,48327|Pulmonary,0.0,0.0,False,1,0.1942794028685208
48327,Texas,Rheumatology,Arthritis,440,0,0,0.0,0.0,10453.0,13315.598760659872,0.0,NO PROVIDER,100.0,48327|Rheumatology,0.0,0.0,False,1,0.1942794028685208
48329,Texas,Cardiology,Heart Disease,85141,4,2599,12953.0,21285.25,10823.136363636364,15071.056217261126,1.966643428009861,HIGH GAP,10.71,48329|Cardiology,0.04698089052277986,4.981923076923077,False,1,0.1328662587514866
48329,Texas,Endocrinology,Diabetes,58785,1,361,800.0,58785.0,18070.0,22988.768286620067,3.2531820697288323,CRITICAL GAP,17.71,48329|Endocrinology,0.017011142298205325,2.2099447513812156,False,1,0.031247833757214183
48329,Texas,Oncology,Cancer,7262,3,1439,342275.0,2420.6666666666665,2055.6666666666665,2642.926682217817,1.1775579698394685,HIGH GAP,6.41,48329|Oncology,0.4131093362709997,237.69097222222223,True,-1,-0.0011424939250082033
48329,Texas,Neurology,Neurological Disorders,3381,2,375,717.0,1690.5,637.0,906.5174241117586,2.6538461538461537,CRITICAL GAP,14.45,48329|Neurology,0.5915409642117716,1.9069148936170213,False,1,0.07154704815050716
48329,Texas,Psychiatry,Mental Health Disorders,26544,6,289,1049.0,4424.0,3104.5,4291.15957060345,1.4250281848928974,HIGH GAP,7.76,48329|Psychiatry,0.2260397830018083,3.617241379310345,False,1,0.13726659802641128
48329,Texas,Pulmonary,Respiratory Disease,18030,5,982,3898.0,3606.0,4251.578947368421,5741.879971570142,0.8481554840307007,MODERATE GAP,4.62,48329|Pulmonary,0.27731558513588467,3.965412004069176,False,1,0.13006846390591564
48329,Texas,Rheumatology,Arthritis,24979,1,165,610.0,24979.0,10453.0,13315.598760659872,2.389648904620683,CRITICAL GAP,13.01,48329|Rheumatology,0.04003362824772809,3.674698795180723,False,1,0.12954116768108004
48331,Texas,Cardiology,Heart Disease,15936,2,986,1524.0,7968.0,10823.136363636364,15071.056217261126,0.7362006476025685,MODERATE GAP,4.01,48331|Cardiology,0.1255020080321285,1.5440729483282676,False,1,0.12326743534316492
48331,Texas,Endocrinology,Diabetes,10155,0,0,0.0,0.0,18070.0,22988.768286620067,0.0,NO PROVIDER,100.0,48331|Endocrinology,0.0,0.0,False,1,0.1942794028685208
48331,Texas,Oncology,Cancer,1515,0,0,0.0,0.0,2055.6666666666665,2642.926682217817,0.0,NO PROVIDER,100.0,48331|Oncology,0.0,0.0,False,1,0.1942794028685208
48331,Texas,Neurology,Neurological Disorders,763,0,0,0.0,0.0,637.0,906.5174241117586,0.0,NO PROVIDER,100.0,48331|Neurology,0.0,0.0,False,1,0.1942794028685208
48331,Texas,Psychiatry,Mental Health Disorders,4676,0,0,0.0,0.0,3104.5,4291.15957060345,0.0,NO PROVIDER,100.0,48331|Psychiatry,0.0,0.0,False,1,0.1942794028685208
48331,Texas,Pulmonary,Respiratory Disease,3572,2,1255,3121.0,1786.0,4251.578947368421,5741.879971570142,0.4200792275315672,LOW GAP,2.29,48331|Pulmonary,0.5599104143337066,2.484872611464968,False,1,0.09738889297577014
48331,Texas,Rheumatology,Arthritis,5218,0,0,0.0,0.0,10453.0,13315.598760659872,0.0,NO PROVIDER,100.0,48331|Rheumatology,0.0,0.0,False,1,0.1942794028685208
48333,Texas,Cardiology,Heart Disease,2875,0,0,0.0,0.0,10823.136363636364,15071.056217261126,0.0,NO PROVIDER,100.0,48333|Cardiology,0.0,0.0,False,1,0.1942794028685208
48333,Texas,Endocrinology,Diabetes,1642,0,0,0.0,0.0,18070.0,22988.768286620067,0.0,NO PROVIDER,100.0,48333|Endocrinology,0.0,0.0,False,1,0.1942794028685208
48333,Texas,Oncology,Cancer,324,0,0,0.0,0.0,2055.6666666666665,2642.926682217817,0.0,NO PROVIDER,100.0,48333|Oncology,0.0,0.0,False,1,0.1942794028685208
48333,Texas,Neurology,Neurological Disorders,129,0,0,0.0,0.0,637.0,906.5174241117586,0.0,NO PROVIDER,100.0,48333|Neurology,0.0,0.0,False,1,0.1942794028685208
48333,Texas,Psychiatry,Mental Health Disorders,834,0,0,0.0,0.0,3104.5,4291.15957060345,0.0,NO PROVIDER,100.0,48333|Psychiatry,0.0,0.0,False,1,0.1942794028685208
48333,Texas,Pulmonary,Respiratory Disease,614,0,0,0.0,0.0,4251.578947368421,5741.879971570142,0.0,NO PROVIDER,100.0,48333|Pulmonary,0.0,0.0,False,1,0.1942794028685208
48333,Texas,Rheumatology,Arthritis,962,0,0,0.0,0.0,10453.0,13315.598760659872,0.0,NO PROVIDER,100.0,48333|Rheumatology,0.0,0.0,False,1,0.1942794028685208
48335,Texas,Cardiology,Heart Disease,5544,0,0,0.0,0.0,10823.136363636364,15071.056217261126,0.0,NO PROVIDER,100.0,48335|Cardiology,0.0,0.0,False,1,0.1942794028685208
48335,Texas,Endocrinology,Diabetes,3792,0,0,0.0,0.0,18070.0,22988.768286620067,0.0,NO PROVIDER,100.0,48335|Endocrinology,0.0,0.0,False,1,0.1942794028685208
48335,Texas,Oncology,Cancer,436,0,0,0.0,0.0,2055.6666666666665,2642.926682217817,0.0,NO PROVIDER,100.0,48335|Oncology,0.0,0.0,False,1,0.1942794028685208
48335,Texas,Neurology,Neurological Disorders,258,0,0,0.0,0.0,637.0,906.5174241117586,0.0,NO PROVIDER,100.0,48335|Neurology,0.0,0.0,False,1,0.1942794028685208
48335,Texas,Psychiatry,Mental Health Disorders,1523,0,0,0.0,0.0,3104.5,4291.15957060345,0.0,NO PROVIDER,100.0,48335|Psychiatry,0.0,0.0,False,1,0.1942794028685208
48335,Texas,Pulmonary,Respiratory Disease,1185,0,0,0.0,0.0,4251.578947368421,5741.879971570142,0.0,NO PROVIDER,100.0,48335|Pulmonary,0.0,0.0,False,1,0.1942794028685208
48335,Texas,Rheumatology,Arthritis,1618,0,0,0.0,0.0,10453.0,13315.598760659872,0.0,NO PROVIDER,100.0,48335|Rheumatology,0.0,0.0,False,1,0.1942794028685208
48337,Texas,Cardiology,Heart Disease,13026,0,0,0.0,0.0,10823.136363636364,15071.056217261126,0.0,NO PROVIDER,100.0,48337|Cardiology,0.0,0.0,False,1,0.1942794028685208
48337,Texas,Endocrinology,Diabetes,7846,0,0,0.0,0.0,18070.0,22988.768286620067,0.0,NO PROVIDER,100.0,48337|Endocrinology,0.0,0.0,False,1,0.1942794028685208
48337,Texas,Oncology,Cancer,1379,0,0,0.0,0.0,2055.6666666666665,2642.926682217817,0.0,NO PROVIDER,100.0,48337|Oncology,0.0,0.0,False,1,0.1942794028685208
48337,Texas,Neurology,Neurological Disorders,602,0,0,0.0,0.0,637.0,906.5174241117586,0.0,NO PROVIDER,100.0,48337|Neurology,0.0,0.0,False,1,0.1942794028685208
48337,Texas,Psychiatry,Mental Health Disorders,4203,0,0,0.0,0.0,3104.5,4291.15957060345,0.0,NO PROVIDER,100.0,48337|Psychiatry,0.0,0.0,False,1,0.1942794028685208
48337,Texas,Pulmonary,Respiratory Disease,3058,0,0,0.0,0.0,4251.578947368421,5741.879971570142,0.0,NO PROVIDER,100.0,48337|Pulmonary,0.0,0.0,False,1,0.1942794028685208
48337,Texas,Rheumatology,Arthritis,4412,0,0,0.0,0.0,10453.0,13315.598760659872,0.0,NO PROVIDER,100.0,48337|Rheumatology,0.0,0.0,False,1,0.1942794028685208
48339,Texas,Cardiology,Heart Disease,375154,46,33125,141810.0,8155.521739130435,10823.136363636364,15071.056217261126,0.7535266548550016,MODERATE GAP,4.1,48339|Cardiology,0.12261631223444239,4.280927368230393,False,1,0.15419244659195425
48339,Texas,Endocrinology,Diabetes,224405,5,1632,84852.0,44881.0,18070.0,22988.768286620067,2.4837299391256225,CRITICAL GAP,13.52,48339|Endocrinology,0.02228114346828279,51.96080832823025,True,-1,-0.028326505223509657
48339,Texas,Oncology,Cancer,36169,14,3875,926362.0,2583.5,2055.6666666666665,2642.926682217817,1.2567699043294958,HIGH GAP,6.84,48339|Oncology,0.3870718018192375,238.99948400412796,False,1,0.000382186494417569
48339,Texas,Neurology,Neurological Disorders,14784,40,7759,455916.0,369.6,637.0,906.5174241117586,0.5802197802197803,MODERATE GAP,3.16,48339|Neurology,2.7056277056277054,58.75206185567011,True,-1,-0.10080545033903576
48339,Texas,Psychiatry,Mental Health Disorders,114051,21,1236,10773.0,5431.0,3104.5,4291.15957060345,1.7493960380093412,HIGH GAP,9.53,48339|Psychiatry,0.18412815319462345,8.708973322554568,False,1,0.12223724724396079
48339,Texas,Pulmonary,Respiratory Disease,78410,21,9602,129077.0,3733.809523809524,4251.578947368421,5741.879971570142,0.8782171447435128,MODERATE GAP,4.78,48339|Pulmonary,0.2678229817625303,13.441320420701864,False,1,0.07856653120508239
48339,Texas,Rheumatology,Arthritis,117219,12,2782,1289425.0,9768.25,10453.0,13315.598760659872,0.9344924901942028,MODERATE GAP,5.09,48339|Rheumatology,0.102372482276764,463.32195472511677,True,-1,-0.013010501849900158
48341,Texas,Cardiology,Heart Disease,10954,0,0,0.0,0.0,10823.136363636364,15071.056217261126,0.0,NO PROVIDER,100.0,48341|Cardiology,0.0,0.0,False,1,0.1942794028685208
48341,Texas,Endocrinology,Diabetes,7797,0,0,0.0,0.0,18070.0,22988.768286620067,0.0,NO PROVIDER,100.0,48341|Endocrinology,0.0,0.0,False,1,0.1942794028685208
48341,Texas,Oncology,Cancer,782,0,0,0.0,0.0,2055.6666666666665,2642.926682217817,0.0,NO PROVIDER,100.0,48341|Oncology,0.0,0.0,False,1,0.1942794028685208
48341,Texas,Neurology,Neurological Disorders,521,0,0,0.0,0.0,637.0,906.5174241117586,0.0,NO PROVIDER,100.0,48341|Neurology,0.0,0.0,False,1,0.1942794028685208
48341,Texas,Psychiatry,Mental Health Disorders,3077,0,0,0.0,0.0,3104.5,4291.15957060345,0.0,NO PROVIDER,100.0,48341|Psychiatry,0.0,0.0,False,1,0.1942794028685208
48341,Texas,Pulmonary,Respiratory Disease,2345,0,0,0.0,0.0,4251.578947368421,5741.879971570142,0.0,NO PROVIDER,100.0,48341|Pulmonary,0.0,0.0,False,1,0.1942794028685208
48341,Texas,Rheumatology,Arthritis,3164,0,0,0.0,0.0,10453.0,13315.598760659872,0.0,NO PROVIDER,100.0,48341|Rheumatology,0.0,0.0,False,1,0.1942794028685208
48343,Texas,Cardiology,Heart Disease,7684,1,911,2457.0,7684.0,10823.136363636364,15071.056217261126,0.7099605642793846,MODERATE GAP,3.87,48343|Cardiology,0.1301405517959396,2.6940789473684212,False,1,0.1546384742342694
48343,Texas,Endocrinology,Diabetes,4966,0,0,0.0,0.0,18070.0,22988.768286620067,0.0,NO PROVIDER,100.0,48343|Endocrinology,0.0,0.0,False,1,0.1942794028685208
48343,Texas,Oncology,Cancer,704,0,0,0.0,0.0,2055.6666666666665,2642.926682217817,0.0,NO PROVIDER,100.0,48343|Oncology,0.0,0.0,False,1,0.1942794028685208
48343,Texas,Neurology,Neurological Disorders,396,0,0,0.0,0.0,637.0,906.5174241117586,0.0,NO PROVIDER,100.0,48343|Neurology,0.0,0.0,False,1,0.1942794028685208
48343,Texas,Psychiatry,Mental Health Disorders,2252,0,0,0.0,0.0,3104.5,4291.15957060345,0.0,NO PROVIDER,100.0,48343|Psychiatry,0.0,0.0,False,1,0.1942794028685208
48343,Texas,Pulmonary,Respiratory Disease,1828,0,0,0.0,0.0,4251.578947368421,5741.879971570142,0.0,NO PROVIDER,100.0,48343|Pulmonary,0.0,0.0,False,1,0.1942794028685208
48343,Texas,Rheumatology,Arthritis,2555,0,0,0.0,0.0,10453.0,13315.598760659872,0.0,NO PROVIDER,100.0,48343|Rheumatology,0.0,0.0,False,1,0.1942794028685208
48345,Texas,Cardiology,Heart Disease,667,0,0,0.0,0.0,10823.136363636364,15071.056217261126,0.0,NO PROVIDER,100.0,48345|Cardiology,0.0,0.0,False,1,0.1942794028685208
48345,Texas,Endocrinology,Diabetes,394,0,0,0.0,0.0,18070.0,22988.768286620067,0.0,NO PROVIDER,100.0,48345|Endocrinology,0.0,0.0,False,1,0.1942794028685208
48345,Texas,Oncology,Cancer,72,0,0,0.0,0.0,2055.6666666666665,2642.926682217817,0.0,NO PROVIDER,100.0,48345|Oncology,0.0,0.0,False,1,0.1942794028685208
48345,Texas,Neurology,Neurological Disorders,31,0,0,0.0,0.0,637.0,906.5174241117586,0.0,NO PROVIDER,100.0,48345|Neurology,0.0,0.0,False,1,0.1942794028685208
48345,Texas,Psychiatry,Mental Health Disorders,192,0,0,0.0,0.0,3104.5,4291.15957060345,0.0,NO PROVIDER,100.0,48345|Psychiatry,0.0,0.0,False,1,0.1942794028685208
48345,Texas,Pulmonary,Respiratory Disease,146,0,0,0.0,0.0,4251.578947368421,5741.879971570142,0.0,NO PROVIDER,100.0,48345|Pulmonary,0.0,0.0,False,1,0.1942794028685208
48345,Texas,Rheumatology,Arthritis,222,0,0,0.0,0.0,10453.0,13315.598760659872,0.0,NO PROVIDER,100.0,48345|Rheumatology,0.0,0.0,False,1,0.1942794028685208
48347,Texas,Cardiology,Heart Disease,37924,2,1757,10456.0,18962.0,10823.136363636364,15071.056217261126,1.75198753512047,HIGH GAP,9.54,48347|Cardiology,0.05273705305347537,5.947667804323094,False,1,0.1251038168775675
48347,Texas,Endocrinology,Diabetes,23731,0,0,0.0,0.0,18070.0,22988.768286620067,0.0,NO PROVIDER,100.0,48347|Endocrinology,0.0,0.0,False,1,0.1942794028685208
48347,Texas,Oncology,Cancer,3354,0,0,0.0,0.0,2055.6666666666665,2642.926682217817,0.0,NO PROVIDER,100.0,48347|Oncology,0.0,0.0,False,1,0.1942794028685208
48347,Texas,Neurology,Neurological Disorders,1877,3,765,7337.0,625.6666666666666,637.0,906.5174241117586,0.9822082679225536,MODERATE GAP,5.35,48347|Neurology,1.5982951518380393,9.578328981723237,True,-1,-0.008690009947602495
48347,Texas,Psychiatry,Mental Health Disorders,12216,1,73,323.0,12216.0,3104.5,4291.15957060345,3.9349331615397,CRITICAL GAP,21.42,48347|Psychiatry,0.08185985592665357,4.364864864864865,False,1,0.14992131465696873
48347,Texas,Pulmonary,Respiratory Disease,9362,4,2034,21774.0,2340.5,4251.578947368421,5741.879971570142,0.5505013617231989,MODERATE GAP,3.0,48347|Pulmonary,0.4272591326639607,10.6997542997543,False,1,0.08683768290094052
48347,Texas,Rheumatology,Arthritis,11966,0,0,0.0,0.0,10453.0,13315.598760659872,0.0,NO PROVIDER,100.0,48347|Rheumatology,0.0,0.0,False,1,0.1942794028685208
48349,Texas,Cardiology,Heart Disease,32303,1,754,1933.0,32303.0,10823.136363636364,15071.056217261126,2.984624688692993,CRITICAL GAP,16.25,48349|Cardiology,0.030956877070241154,2.5602649006622515,False,1,0.09976558164951399
48349,Texas,Endocrinology,Diabetes,21482,0,0,0.0,0.0,18070.0,22988.768286620067,0.0,NO PROVIDER,100.0,48349|Endocrinology,0.0,0.0,False,1,0.1942794028685208
48349,Texas,Oncology,Cancer,2751,1,164,29134.0,2751.0,2055.6666666666665,2642.926682217817,1.338251986379115,HIGH GAP,7.29,48349|Oncology,0.3635041802980734,176.56969696969696,False,1,0.015911081630307966
48349,Texas,Neurology,Neurological Disorders,1610,0,0,0.0,0.0,637.0,906.5174241117586,0.0,NO PROVIDER,100.0,48349|Neurology,0.0,0.0,False,1,0.1942794028685208
48349,Texas,Psychiatry,Mental Health Disorders,9620,0,0,0.0,0.0,3104.5,4291.15957060345,0.0,NO PROVIDER,100.0,48349|Psychiatry,0.0,0.0,False,1,0.1942794028685208
48349,Texas,Pulmonary,Respiratory Disease,7623,0,0,0.0,0.0,4251.578947368421,5741.879971570142,0.0,NO PROVIDER,100.0,48349|Pulmonary,0.0,0.0,False,1,0.1942794028685208
48349,Texas,Rheumatology,Arthritis,10292,0,0,0.0,0.0,10453.0,13315.598760659872,0.0,NO PROVIDER,100.0,48349|Rheumatology,0.0,0.0,False,1,0.1942794028685208
48351,Texas,Cardiology,Heart Disease,8562,0,0,0.0,0.0,10823.136363636364,15071.056217261126,0.0,NO PROVIDER,100.0,48351|Cardiology,0.0,0.0,False,1,0.1942794028685208
48351,Texas,Endocrinology,Diabetes,5710,0,0,0.0,0.0,18070.0,22988.768286620067,0.0,NO PROVIDER,100.0,48351|Endocrinology,0.0,0.0,False,1,0.1942794028685208
48351,Texas,Oncology,Cancer,754,0,0,0.0,0.0,2055.6666666666665,2642.926682217817,0.0,NO PROVIDER,100.0,48351|Oncology,0.0,0.0,False,1,0.1942794028685208
48351,Texas,Neurology,Neurological Disorders,503,0,0,0.0,0.0,637.0,906.5174241117586,0.0,NO PROVIDER,100.0,48351|Neurology,0.0,0.0,False,1,0.1942794028685208
48351,Texas,Psychiatry,Mental Health Disorders,2504,0,0,0.0,0.0,3104.5,4291.15957060345,0.0,NO PROVIDER,100.0,48351|Psychiatry,0.0,0.0,False,1,0.1942794028685208
48351,Texas,Pulmonary,Respiratory Disease,2234,0,0,0.0,0.0,4251.578947368421,5741.879971570142,0.0,NO PROVIDER,100.0,48351|Pulmonary,0.0,0.0,False,1,0.1942794028685208
48351,Texas,Rheumatology,Arthritis,2935,0,0,0.0,0.0,10453.0,13315.598760659872,0.0,NO PROVIDER,100.0,48351|Rheumatology,0.0,0.0,False,1,0.1942794028685208
48353,Texas,Cardiology,Heart Disease,8816,0,0,0.0,0.0,10823.136363636364,15071.056217261126,0.0,NO PROVIDER,100.0,48353|Cardiology,0.0,0.0,False,1,0.1942794028685208
48353,Texas,Endocrinology,Diabetes,6000,0,0,0.0,0.0,18070.0,22988.768286620067,0.0,NO PROVIDER,100.0,48353|Endocrinology,0.0,0.0,False,1,0.1942794028685208
48353,Texas,Oncology,Cancer,751,0,0,0.0,0.0,2055.6666666666665,2642.926682217817,0.0,NO PROVIDER,100.0,48353|Oncology,0.0,0.0,False,1,0.1942794028685208
48353,Texas,Neurology,Neurological Disorders,445,0,0,0.0,0.0,637.0,906.5174241117586,0.0,NO PROVIDER,100.0,48353|Neurology,0.0,0.0,False,1,0.1942794028685208
48353,Texas,Psychiatry,Mental Health Disorders,2527,0,0,0.0,0.0,3104.5,4291.15957060345,0.0,NO PROVIDER,100.0,48353|Psychiatry,0.0,0.0,False,1,0.1942794028685208
48353,Texas,Pulmonary,Respiratory Disease,2023,0,0,0.0,0.0,4251.578947368421,5741.879971570142,0.0,NO PROVIDER,100.0,48353|Pulmonary,0.0,0.0,False,1,0.1942794028685208
48353,Texas,Rheumatology,Arthritis,2785,0,0,0.0,0.0,10453.0,13315.598760659872,0.0,NO PROVIDER,100.0,48353|Rheumatology,0.0,0.0,False,1,0.1942794028685208
48355,Texas,Cardiology,Heart Disease,206302,19,9121,39929.0,10858.0,10823.136363636364,15071.056217261126,1.0032212138138414,HIGH GAP,5.46,48355|Cardiology,0.09209799226376865,4.377219907914931,False,1,0.15389492416651546
48355,Texas,Endocrinology,Diabetes,148031,5,969,11701.0,29606.2,18070.0,22988.768286620067,1.6384172661870504,HIGH GAP,8.92,48355|Endocrinology,0.033776708932588446,12.062886597938144,False,1,0.06600031692490238
48355,Texas,Oncology,Cancer,15476,9,3958,1148702.0,1719.5555555555557,2055.6666666666665,2642.926682217817,0.83649532457705,MODERATE GAP,4.55,48355|Oncology,0.5815456190230034,290.14953271028037,True,-1,-0.033026821117983496
48355,Texas,Neurology,Neurological Disorders,8882,10,2452,14725.0,888.2,637.0,906.5174241117586,1.3943485086342229,HIGH GAP,7.59,48355|Neurology,1.125872551227201,6.002853648593559,False,1,0.02488148655335909
48355,Texas,Psychiatry,Mental Health Disorders,54368,7,634,2773.0,7766.857142857143,3104.5,4291.15957060345,2.5018061339530178,CRITICAL GAP,13.62,48355|Psychiatry,0.12875220718069452,4.366929133858267,False,1,0.15410509595288252
48355,Texas,Pulmonary,Respiratory Disease,40507,5,2748,14513.0,8101.4,4251.578947368421,5741.879971570142,1.90550383758356,HIGH GAP,10.37,48355|Pulmonary,0.12343545560026663,5.279374317933794,False,1,0.14876934358102745
48355,Texas,Rheumatology,Arthritis,56521,5,1197,150031.0,11304.2,10453.0,13315.598760659872,1.0814311680857172,HIGH GAP,5.89,48355|Rheumatology,0.08846269528139983,125.23455759599332,False,1,0.03169559503732222
48357,Texas,Cardiology,Heart Disease,5132,0,0,0.0,0.0,10823.136363636364,15071.056217261126,0.0,NO PROVIDER,100.0,48357|Cardiology,0.0,0.0,False,1,0.1942794028685208
48357,Texas,Endocrinology,Diabetes,3616,0,0,0.0,0.0,18070.0,22988.768286620067,0.0,NO PROVIDER,100.0,48357|Endocrinology,0.0,0.0,False,1,0.1942794028685208
48357,Texas,Oncology,Cancer,418,0,0,0.0,0.0,2055.6666666666665,2642.926682217817,0.0,NO PROVIDER,100.0,48357|Oncology,0.0,0.0,False,1,0.1942794028685208
48357,Texas,Neurology,Neurological Disorders,238,0,0,0.0,0.0,637.0,906.5174241117586,0.0,NO PROVIDER,100.0,48357|Neurology,0.0,0.0,False,1,0.1942794028685208
48357,Texas,Psychiatry,Mental Health Disorders,1506,0,0,0.0,0.0,3104.5,4291.15957060345,0.0,NO PROVIDER,100.0,48357|Psychiatry,0.0,0.0,False,1,0.1942794028685208
48357,Texas,Pulmonary,Respiratory Disease,1118,0,0,0.0,0.0,4251.578947368421,5741.879971570142,0.0,NO PROVIDER,100.0,48357|Pulmonary,0.0,0.0,False,1,0.1942794028685208
48357,Texas,Rheumatology,Arthritis,1543,0,0,0.0,0.0,10453.0,13315.598760659872,0.0,NO PROVIDER,100.0,48357|Rheumatology,0.0,0.0,False,1,0.1942794028685208
48359,Texas,Cardiology,Heart Disease,1057,0,0,0.0,0.0,10823.136363636364,15071.056217261126,0.0,NO PROVIDER,100.0,48359|Cardiology,0.0,0.0,False,1,0.1942794028685208
48359,Texas,Endocrinology,Diabetes,671,0,0,0.0,0.0,18070.0,22988.768286620067,0.0,NO PROVIDER,100.0,48359|Endocrinology,0.0,0.0,False,1,0.1942794028685208
48359,Texas,Oncology,Cancer,102,0,0,0.0,0.0,2055.6666666666665,2642.926682217817,0.0,NO PROVIDER,100.0,48359|Oncology,0.0,0.0,False,1,0.1942794028685208
48359,Texas,Neurology,Neurological Disorders,47,0,0,0.0,0.0,637.0,906.5174241117586,0.0,NO PROVIDER,100.0,48359|Neurology,0.0,0.0,False,1,0.1942794028685208
48359,Texas,Psychiatry,Mental Health Disorders,345,0,0,0.0,0.0,3104.5,4291.15957060345,0.0,NO PROVIDER,100.0,48359|Psychiatry,0.0,0.0,False,1,0.1942794028685208
48359,Texas,Pulmonary,Respiratory Disease,242,0,0,0.0,0.0,4251.578947368421,5741.879971570142,0.0,NO PROVIDER,100.0,48359|Pulmonary,0.0,0.0,False,1,0.1942794028685208
48359,Texas,Rheumatology,Arthritis,345,0,0,0.0,0.0,10453.0,13315.598760659872,0.0,NO PROVIDER,100.0,48359|Rheumatology,0.0,0.0,False,1,0.1942794028685208
48361,Texas,Cardiology,Heart Disease,48072,0,0,0.0,0.0,10823.136363636364,15071.056217261126,0.0,NO PROVIDER,100.0,48361|Cardiology,0.0,0.0,False,1,0.1942794028685208
48361,Texas,Endocrinology,Diabetes,31847,0,0,0.0,0.0,18070.0,22988.768286620067,0.0,NO PROVIDER,100.0,48361|Endocrinology,0.0,0.0,False,1,0.1942794028685208
48361,Texas,Oncology,Cancer,4686,0,0,0.0,0.0,2055.6666666666665,2642.926682217817,0.0,NO PROVIDER,100.0,48361|Oncology,0.0,0.0,False,1,0.1942794028685208
48361,Texas,Neurology,Neurological Disorders,2168,0,0,0.0,0.0,637.0,906.5174241117586,0.0,NO PROVIDER,100.0,48361|Neurology,0.0,0.0,False,1,0.1942794028685208
48361,Texas,Psychiatry,Mental Health Disorders,16130,0,0,0.0,0.0,3104.5,4291.15957060345,0.0,NO PROVIDER,100.0,48361|Psychiatry,0.0,0.0,False,1,0.1942794028685208
48361,Texas,Pulmonary,Respiratory Disease,11412,0,0,0.0,0.0,4251.578947368421,5741.879971570142,0.0,NO PROVIDER,100.0,48361|Pulmonary,0.0,0.0,False,1,0.1942794028685208
48361,Texas,Rheumatology,Arthritis,15780,0,0,0.0,0.0,10453.0,13315.598760659872,0.0,NO PROVIDER,100.0,48361|Rheumatology,0.0,0.0,False,1,0.1942794028685208
48363,Texas,Cardiology,Heart Disease,17975,1,717,2579.0,17975.0,10823.136363636364,15071.056217261126,1.660794006106447,HIGH GAP,9.04,48363|Cardiology,0.055632823365785816,3.5919220055710306,False,1,0.14537174287712906
48363,Texas,Endocrinology,Diabetes,11968,1,225,2235.0,11968.0,18070.0,22988.768286620067,0.6623132263420033,MODERATE GAP,3.61,48363|Endocrinology,0.08355614973262032,9.889380530973451,False,1,0.11220724807418841
48363,Texas,Oncology,Cancer,1793,1,413,153664.0,1793.0,2055.6666666666665,2642.926682217817,0.8722231230744285,MODERATE GAP,4.75,48363|Oncology,0.5577244841048522,371.1690821256039,True,-1,-0.03769744964792676
48363,Texas,Neurology,Neurological Disorders,856,0,0,0.0,0.0,637.0,906.5174241117586,0.0,NO PROVIDER,100.0,48363|Neurology,0.0,0.0,False,1,0.1942794028685208
48363,Texas,Psychiatry,Mental Health Disorders,5607,0,0,0.0,0.0,3104.5,4291.15957060345,0.0,NO PROVIDER,100.0,48363|Psychiatry,0.0,0.0,False,1,0.1942794028685208
48363,Texas,Pulmonary,Respiratory Disease,4259,0,0,0.0,0.0,4251.578947368421,5741.879971570142,0.0,NO PROVIDER,100.0,48363|Pulmonary,0.0,0.0,False,1,0.1942794028685208
48363,Texas,Rheumatology,Arthritis,6007,0,0,0.0,0.0,10453.0,13315.598760659872,0.0,NO PROVIDER,100.0,48363|Rheumatology,0.0,0.0,False,1,0.1942794028685208
48365,Texas,Cardiology,Heart Disease,13819,0,0,0.0,0.0,10823.136363636364,15071.056217261126,0.0,NO PROVIDER,100.0,48365|Cardiology,0.0,0.0,False,1,0.1942794028685208
48365,Texas,Endocrinology,Diabetes,8769,0,0,0.0,0.0,18070.0,22988.768286620067,0.0,NO PROVIDER,100.0,48365|Endocrinology,0.0,0.0,False,1,0.1942794028685208
48365,Texas,Oncology,Cancer,1333,0,0,0.0,0.0,2055.6666666666665,2642.926682217817,0.0,NO PROVIDER,100.0,48365|Oncology,0.0,0.0,False,1,0.1942794028685208
48365,Texas,Neurology,Neurological Disorders,658,0,0,0.0,0.0,637.0,906.5174241117586,0.0,NO PROVIDER,100.0,48365|Neurology,0.0,0.0,False,1,0.1942794028685208
48365,Texas,Psychiatry,Mental Health Disorders,4226,0,0,0.0,0.0,3104.5,4291.15957060345,0.0,NO PROVIDER,100.0,48365|Psychiatry,0.0,0.0,False,1,0.1942794028685208
48365,Texas,Pulmonary,Respiratory Disease,3227,0,0,0.0,0.0,4251.578947368421,5741.879971570142,0.0,NO PROVIDER,100.0,48365|Pulmonary,0.0,0.0,False,1,0.1942794028685208
48365,Texas,Rheumatology,Arthritis,4507,0,0,0.0,0.0,10453.0,13315.598760659872,0.0,NO PROVIDER,100.0,48365|Rheumatology,0.0,0.0,False,1,0.1942794028685208
48367,Texas,Cardiology,Heart Disease,93938,2,2788,13063.0,46969.0,10823.136363636364,15071.056217261126,4.339684766220512,CRITICAL GAP,23.63,48367|Cardiology,0.021290638506248804,4.683757619218357,False,1,0.06073445223914509
48367,Texas,Endocrinology,Diabetes,59219,3,725,4973.0,19739.666666666668,18070.0,22988.768286620067,1.0923999262128758,HIGH GAP,5.95,48367|Endocrinology,0.05065941674124858,6.849862258953168,False,1,0.115874451763614
48367,Texas,Oncology,Cancer,10088,8,3255,1160130.0,1261.0,2055.6666666666665,2642.926682217817,0.6134263012810118,MODERATE GAP,3.34,48367|Oncology,0.7930214115781126,356.30528255528253,True,-1,-0.06697679354976882
48367,Texas,Neurology,Neurological Disorders,3799,1,347,1228.0,3799.0,637.0,906.5174241117586,5.963893249607535,CRITICAL GAP,32.47,48367|Neurology,0.26322716504343247,3.528735632183908,False,1,0.13366884640320054
48367,Texas,Psychiatry,Mental Health Disorders,31902,4,186,684.0,7975.5,3104.5,4291.15957060345,2.5690127234659363,CRITICAL GAP,13.99,48367|Psychiatry,0.12538398846467305,3.657754010695187,False,1,0.15943544889105277
48367,Texas,Pulmonary,Respiratory Disease,20962,1,1470,11410.0,20962.0,4251.578947368421,5741.879971570142,4.930403565238921,CRITICAL GAP,26.84,48367|Pulmonary,0.04770537162484496,7.756628144119646,False,1,0.11062159747141143
48367,Texas,Rheumatology,Arthritis,31640,1,310,39919.0,31640.0,10453.0,13315.598760659872,3.0268822347651394,CRITICAL GAP,16.48,48367|Rheumatology,0.0316055625790139,128.35691318327974,True,-1,-0.021004529883752676
48369,Texas,Cardiology,Heart Disease,5211,0,0,0.0,0.0,10823.136363636364,15071.056217261126,0.0,NO PROVIDER,100.0,48369|Cardiology,0.0,0.0,False,1,0.1942794028685208
48369,Texas,Endocrinology,Diabetes,3568,0,0,0.0,0.0,18070.0,22988.768286620067,0.0,NO PROVIDER,100.0,48369|Endocrinology,0.0,0.0,False,1,0.1942794028685208
48369,Texas,Oncology,Cancer,406,0,0,0.0,0.0,2055.6666666666665,2642.926682217817,0.0,NO PROVIDER,100.0,48369|Oncology,0.0,0.0,False,1,0.1942794028685208
48369,Texas,Neurology,Neurological Disorders,236,0,0,0.0,0.0,637.0,906.5174241117586,0.0,NO PROVIDER,100.0,48369|Neurology,0.0,0.0,False,1,0.1942794028685208
48369,Texas,Psychiatry,Mental Health Disorders,1408,0,0,0.0,0.0,3104.5,4291.15957060345,0.0,NO PROVIDER,100.0,48369|Psychiatry,0.0,0.0,False,1,0.1942794028685208
48369,Texas,Pulmonary,Respiratory Disease,1051,0,0,0.0,0.0,4251.578947368421,5741.879971570142,0.0,NO PROVIDER,100.0,48369|Pulmonary,0.0,0.0,False,1,0.1942794028685208
48369,Texas,Rheumatology,Arthritis,1515,0,0,0.0,0.0,10453.0,13315.598760659872,0.0,NO PROVIDER,100.0,48369|Rheumatology,0.0,0.0,False,1,0.1942794028685208
48371,Texas,Cardiology,Heart Disease,8500,0,0,0.0,0.0,10823.136363636364,15071.056217261126,0.0,NO PROVIDER,100.0,48371|Cardiology,0.0,0.0,False,1,0.1942794028685208
48371,Texas,Endocrinology,Diabetes,6198,0,0,0.0,0.0,18070.0,22988.768286620067,0.0,NO PROVIDER,100.0,48371|Endocrinology,0.0,0.0,False,1,0.1942794028685208
48371,Texas,Oncology,Cancer,550,0,0,0.0,0.0,2055.6666666666665,2642.926682217817,0.0,NO PROVIDER,100.0,48371|Oncology,0.0,0.0,False,1,0.1942794028685208
48371,Texas,Neurology,Neurological Disorders,402,0,0,0.0,0.0,637.0,906.5174241117586,0.0,NO PROVIDER,100.0,48371|Neurology,0.0,0.0,False,1,0.1942794028685208
48371,Texas,Psychiatry,Mental Health Disorders,2158,1,0,0.0,2158.0,3104.5,4291.15957060345,0.6951199871154775,MODERATE GAP,3.78,48371|Psychiatry,0.4633920296570899,0.0,False,1,0.013946020718490049
48371,Texas,Pulmonary,Respiratory Disease,1662,0,0,0.0,0.0,4251.578947368421,5741.879971570142,0.0,NO PROVIDER,100.0,48371|Pulmonary,0.0,0.0,False,1,0.1942794028685208
48371,Texas,Rheumatology,Arthritis,2378,0,0,0.0,0.0,10453.0,13315.598760659872,0.0,NO PROVIDER,100.0,48371|Rheumatology,0.0,0.0,False,1,0.1942794028685208
48373,Texas,Cardiology,Heart Disease,35114,0,0,0.0,0.0,10823.136363636364,15071.056217261126,0.0,NO PROVIDER,100.0,48373|Cardiology,0.0,0.0,False,1,0.1942794028685208
48373,Texas,Endocrinology,Diabetes,22692,1,277,741.0,22692.0,18070.0,22988.768286620067,1.2557830658550082,HIGH GAP,6.84,48373|Endocrinology,0.04406839414771726,2.6654676258992804,False,1,0.1280175011343227
48373,Texas,Oncology,Cancer,3186,1,285,135945.0,3186.0,2055.6666666666665,2642.926682217817,1.5498621696124537,HIGH GAP,8.44,48373|Oncology,0.31387319522912743,475.33216783216784,True,-1,-0.028784746032763597
48373,Texas,Neurology,Neurological Disorders,1701,0,0,0.0,0.0,637.0,906.5174241117586,0.0,NO PROVIDER,100.0,48373|Neurology,0.0,0.0,False,1,0.1942794028685208
48373,Texas,Psychiatry,Mental Health Disorders,10808,0,0,0.0,0.0,3104.5,4291.15957060345,0.0,NO PROVIDER,100.0,48373|Psychiatry,0.0,0.0,False,1,0.1942794028685208
48373,Texas,Pulmonary,Respiratory Disease,8418,1,395,1473.0,8418.0,4251.578947368421,5741.879971570142,1.9799702896756624,HIGH GAP,10.78,48373|Pulmonary,0.11879306248515087,3.7196969696969697,False,1,0.15758932268965026
48373,Texas,Rheumatology,Arthritis,11518,0,0,0.0,0.0,10453.0,13315.598760659872,0.0,NO PROVIDER,100.0,48373|Rheumatology,0.0,0.0,False,1,0.1942794028685208
48375,Texas,Cardiology,Heart Disease,66827,10,21130,98749.0,6682.7,10823.136363636364,15071.056217261126,0.6174457916332435,MODERATE GAP,3.36,48375|Cardiology,0.1496401155221692,4.673181581562633,False,1,0.15168244723217095
48375,Texas,Endocrinology,Diabetes,47734,4,2135,49700.0,11933.5,18070.0,22988.768286620067,0.660403984504704,MODERATE GAP,3.6,48375|Endocrinology,0.0837977123224536,23.267790262172284,False,1,0.07086877325183327
48375,Texas,Oncology,Cancer,5215,8,5227,854812.0,651.875,2055.6666666666665,2642.926682217817,0.31711123723042,LOW GAP,1.73,48375|Oncology,1.5340364333652923,163.50650344299925,True,-1,-0.07213895301368367
48375,Texas,Neurology,Neurological Disorders,3322,5,3089,118933.0,664.4,637.0,906.5174241117586,1.0430141287284145,HIGH GAP,5.68,48375|Neurology,1.5051173991571343,38.489644012944986,True,-1,-0.038745281795824815
48375,Texas,Psychiatry,Mental Health Disorders,19388,10,531,3624.0,1938.8,3104.5,4291.15957060345,0.624512803994202,MODERATE GAP,3.4,48375|Psychiatry,0.5157829585310502,6.81203007518797,False,1,0.09635073311830877
48375,Texas,Pulmonary,Respiratory Disease,15182,10,5907,28368.0,1518.2,4251.578947368421,5741.879971570142,0.3570908640752662,LOW GAP,1.94,48375|Pulmonary,0.6586747464102226,4.801624915368992,False,1,0.08000986750453198
48375,Texas,Rheumatology,Arthritis,20523,9,3988,872598.0,2280.333333333333,10453.0,13315.598760659872,0.2181510890015625,LOW GAP,1.19,48375|Rheumatology,0.438532378307265,218.7510654299323,False,1,1.863051344763722e-05
48377,Texas,Cardiology,Heart Disease,3636,0,0,0.0,0.0,10823.136363636364,15071.056217261126,0.0,NO PROVIDER,100.0,48377|Cardiology,0.0,0.0,False,1,0.1942794028685208
48377,Texas,Endocrinology,Diabetes,2605,0,0,0.0,0.0,18070.0,22988.768286620067,0.0,NO PROVIDER,100.0,48377|Endocrinology,0.0,0.0,False,1,0.1942794028685208
48377,Texas,Oncology,Cancer,245,0,0,0.0,0.0,2055.6666666666665,2642.926682217817,0.0,NO PROVIDER,100.0,48377|Oncology,0.0,0.0,False,1,0.1942794028685208
48377,Texas,Neurology,Neurological Disorders,198,0,0,0.0,0.0,637.0,906.5174241117586,0.0,NO PROVIDER,100.0,48377|Neurology,0.0,0.0,False,1,0.1942794028685208
48377,Texas,Psychiatry,Mental Health Disorders,829,0,0,0.0,0.0,3104.5,4291.15957060345,0.0,NO PROVIDER,100.0,48377|Psychiatry,0.0,0.0,False,1,0.1942794028685208
48377,Texas,Pulmonary,Respiratory Disease,701,0,0,0.0,0.0,4251.578947368421,5741.879971570142,0.0,NO PROVIDER,100.0,48377|Pulmonary,0.0,0.0,False,1,0.1942794028685208
48377,Texas,Rheumatology,Arthritis,1046,0,0,0.0,0.0,10453.0,13315.598760659872,0.0,NO PROVIDER,100.0,48377|Rheumatology,0.0,0.0,False,1,0.1942794028685208
48379,Texas,Cardiology,Heart Disease,8326,0,0,0.0,0.0,10823.136363636364,15071.056217261126,0.0,NO PROVIDER,100.0,48379|Cardiology,0.0,0.0,False,1,0.1942794028685208
48379,Texas,Endocrinology,Diabetes,4989,0,0,0.0,0.0,18070.0,22988.768286620067,0.0,NO PROVIDER,100.0,48379|Endocrinology,0.0,0.0,False,1,0.1942794028685208
48379,Texas,Oncology,Cancer,901,0,0,0.0,0.0,2055.6666666666665,2642.926682217817,0.0,NO PROVIDER,100.0,48379|Oncology,0.0,0.0,False,1,0.1942794028685208
48379,Texas,Neurology,Neurological Disorders,380,0,0,0.0,0.0,637.0,906.5174241117586,0.0,NO PROVIDER,100.0,48379|Neurology,0.0,0.0,False,1,0.1942794028685208
48379,Texas,Psychiatry,Mental Health Disorders,2525,0,0,0.0,0.0,3104.5,4291.15957060345,0.0,NO PROVIDER,100.0,48379|Psychiatry,0.0,0.0,False,1,0.1942794028685208
48379,Texas,Pulmonary,Respiratory Disease,1864,0,0,0.0,0.0,4251.578947368421,5741.879971570142,0.0,NO PROVIDER,100.0,48379|Pulmonary,0.0,0.0,False,1,0.1942794028685208
48379,Texas,Rheumatology,Arthritis,2807,0,0,0.0,0.0,10453.0,13315.598760659872,0.0,NO PROVIDER,100.0,48379|Rheumatology,0.0,0.0,False,1,0.1942794028685208
48381,Texas,Cardiology,Heart Disease,79929,0,0,0.0,0.0,10823.136363636364,15071.056217261126,0.0,NO PROVIDER,100.0,48381|Cardiology,0.0,0.0,False,1,0.1942794028685208
48381,Texas,Endocrinology,Diabetes,51645,0,0,0.0,0.0,18070.0,22988.768286620067,0.0,NO PROVIDER,100.0,48381|Endocrinology,0.0,0.0,False,1,0.1942794028685208
48381,Texas,Oncology,Cancer,8146,0,0,0.0,0.0,2055.6666666666665,2642.926682217817,0.0,NO PROVIDER,100.0,48381|Oncology,0.0,0.0,False,1,0.1942794028685208
48381,Texas,Neurology,Neurological Disorders,3224,0,0,0.0,0.0,637.0,906.5174241117586,0.0,NO PROVIDER,100.0,48381|Neurology,0.0,0.0,False,1,0.1942794028685208
48381,Texas,Psychiatry,Mental Health Disorders,26812,1,148,637.0,26812.0,3104.5,4291.15957060345,8.636495409888871,CRITICAL GAP,47.02,48381|Psychiatry,0.03729673280620618,4.275167785234899,False,1,0.12028876520527937
48381,Texas,Pulmonary,Respiratory Disease,17422,0,0,0.0,0.0,4251.578947368421,5741.879971570142,0.0,NO PROVIDER,100.0,48381|Pulmonary,0.0,0.0,False,1,0.1942794028685208
48381,Texas,Rheumatology,Arthritis,25738,0,0,0.0,0.0,10453.0,13315.598760659872,0.0,NO PROVIDER,100.0,48381|Rheumatology,0.0,0.0,False,1,0.1942794028685208
48383,Texas,Cardiology,Heart Disease,1657,0,0,0.0,0.0,10823.136363636364,15071.056217261126,0.0,NO PROVIDER,100.0,48383|Cardiology,0.0,0.0,False,1,0.1942794028685208
48383,Texas,Endocrinology,Diabetes,1192,0,0,0.0,0.0,18070.0,22988.768286620067,0.0,NO PROVIDER,100.0,48383|Endocrinology,0.0,0.0,False,1,0.1942794028685208
48383,Texas,Oncology,Cancer,120,0,0,0.0,0.0,2055.6666666666665,2642.926682217817,0.0,NO PROVIDER,100.0,48383|Oncology,0.0,0.0,False,1,0.1942794028685208
48383,Texas,Neurology,Neurological Disorders,71,0,0,0.0,0.0,637.0,906.5174241117586,0.0,NO PROVIDER,100.0,48383|Neurology,0.0,0.0,False,1,0.1942794028685208
48383,Texas,Psychiatry,Mental Health Disorders,441,0,0,0.0,0.0,3104.5,4291.15957060345,0.0,NO PROVIDER,100.0,48383|Psychiatry,0.0,0.0,False,1,0.1942794028685208
48383,Texas,Pulmonary,Respiratory Disease,315,0,0,0.0,0.0,4251.578947368421,5741.879971570142,0.0,NO PROVIDER,100.0,48383|Pulmonary,0.0,0.0,False,1,0.1942794028685208
48383,Texas,Rheumatology,Arthritis,469,0,0,0.0,0.0,10453.0,13315.598760659872,0.0,NO PROVIDER,100.0,48383|Rheumatology,0.0,0.0,False,1,0.1942794028685208
48385,Texas,Cardiology,Heart Disease,2016,0,0,0.0,0.0,10823.136363636364,15071.056217261126,0.0,NO PROVIDER,100.0,48385|Cardiology,0.0,0.0,False,1,0.1942794028685208
48385,Texas,Endocrinology,Diabetes,1250,0,0,0.0,0.0,18070.0,22988.768286620067,0.0,NO PROVIDER,100.0,48385|Endocrinology,0.0,0.0,False,1,0.1942794028685208
48385,Texas,Oncology,Cancer,199,0,0,0.0,0.0,2055.6666666666665,2642.926682217817,0.0,NO PROVIDER,100.0,48385|Oncology,0.0,0.0,False,1,0.1942794028685208
48385,Texas,Neurology,Neurological Disorders,104,0,0,0.0,0.0,637.0,906.5174241117586,0.0,NO PROVIDER,100.0,48385|Neurology,0.0,0.0,False,1,0.1942794028685208
48385,Texas,Psychiatry,Mental Health Disorders,555,0,0,0.0,0.0,3104.5,4291.15957060345,0.0,NO PROVIDER,100.0,48385|Psychiatry,0.0,0.0,False,1,0.1942794028685208
48385,Texas,Pulmonary,Respiratory Disease,457,0,0,0.0,0.0,4251.578947368421,5741.879971570142,0.0,NO PROVIDER,100.0,48385|Pulmonary,0.0,0.0,False,1,0.1942794028685208
48385,Texas,Rheumatology,Arthritis,679,0,0,0.0,0.0,10453.0,13315.598760659872,0.0,NO PROVIDER,100.0,48385|Rheumatology,0.0,0.0,False,1,0.1942794028685208
48387,Texas,Cardiology,Heart Disease,7918,0,0,0.0,0.0,10823.136363636364,15071.056217261126,0.0,NO PROVIDER,100.0,48387|Cardiology,0.0,0.0,False,1,0.1942794028685208
48387,Texas,Endocrinology,Diabetes,4936,0,0,0.0,0.0,18070.0,22988.768286620067,0.0,NO PROVIDER,100.0,48387|Endocrinology,0.0,0.0,False,1,0.1942794028685208
48387,Texas,Oncology,Cancer,759,0,0,0.0,0.0,2055.6666666666665,2642.926682217817,0.0,NO PROVIDER,100.0,48387|Oncology,0.0,0.0,False,1,0.1942794028685208
48387,Texas,Neurology,Neurological Disorders,417,0,0,0.0,0.0,637.0,906.5174241117586,0.0,NO PROVIDER,100.0,48387|Neurology,0.0,0.0,False,1,0.1942794028685208
48387,Texas,Psychiatry,Mental Health Disorders,2292,0,0,0.0,0.0,3104.5,4291.15957060345,0.0,NO PROVIDER,100.0,48387|Psychiatry,0.0,0.0,False,1,0.1942794028685208
48387,Texas,Pulmonary,Respiratory Disease,1894,0,0,0.0,0.0,4251.578947368421,5741.879971570142,0.0,NO PROVIDER,100.0,48387|Pulmonary,0.0,0.0,False,1,0.1942794028685208
48387,Texas,Rheumatology,Arthritis,2663,0,0,0.0,0.0,10453.0,13315.598760659872,0.0,NO PROVIDER,100.0,48387|Rheumatology,0.0,0.0,False,1,0.1942794028685208
48389,Texas,Cardiology,Heart Disease,6607,0,0,0.0,0.0,10823.136363636364,15071.056217261126,0.0,NO PROVIDER,100.0,48389|Cardiology,0.0,0.0,False,1,0.1942794028685208
48389,Texas,Endocrinology,Diabetes,4965,0,0,0.0,0.0,18070.0,22988.768286620067,0.0,NO PROVIDER,100.0,48389|Endocrinology,0.0,0.0,False,1,0.1942794028685208
48389,Texas,Oncology,Cancer,378,0,0,0.0,0.0,2055.6666666666665,2642.926682217817,0.0,NO PROVIDER,100.0,48389|Oncology,0.0,0.0,False,1,0.1942794028685208
48389,Texas,Neurology,Neurological Disorders,319,0,0,0.0,0.0,637.0,906.5174241117586,0.0,NO PROVIDER,100.0,48389|Neurology,0.0,0.0,False,1,0.1942794028685208
48389,Texas,Psychiatry,Mental Health Disorders,1662,0,0,0.0,0.0,3104.5,4291.15957060345,0.0,NO PROVIDER,100.0,48389|Psychiatry,0.0,0.0,False,1,0.1942794028685208
48389,Texas,Pulmonary,Respiratory Disease,1263,0,0,0.0,0.0,4251.578947368421,5741.879971570142,0.0,NO PROVIDER,100.0,48389|Pulmonary,0.0,0.0,False,1,0.1942794028685208
48389,Texas,Rheumatology,Arthritis,1777,0,0,0.0,0.0,10453.0,13315.598760659872,0.0,NO PROVIDER,100.0,48389|Rheumatology,0.0,0.0,False,1,0.1942794028685208
48391,Texas,Cardiology,Heart Disease,4258,0,0,0.0,0.0,10823.136363636364,15071.056217261126,0.0,NO PROVIDER,100.0,48391|Cardiology,0.0,0.0,False,1,0.1942794028685208
48391,Texas,Endocrinology,Diabetes,2901,0,0,0.0,0.0,18070.0,22988.768286620067,0.0,NO PROVIDER,100.0,48391|Endocrinology,0.0,0.0,False,1,0.1942794028685208
48391,Texas,Oncology,Cancer,352,0,0,0.0,0.0,2055.6666666666665,2642.926682217817,0.0,NO PROVIDER,100.0,48391|Oncology,0.0,0.0,False,1,0.1942794028685208
48391,Texas,Neurology,Neurological Disorders,211,0,0,0.0,0.0,637.0,906.5174241117586,0.0,NO PROVIDER,100.0,48391|Neurology,0.0,0.0,False,1,0.1942794028685208
48391,Texas,Psychiatry,Mental Health Disorders,1125,0,0,0.0,0.0,3104.5,4291.15957060345,0.0,NO PROVIDER,100.0,48391|Psychiatry,0.0,0.0,False,1,0.1942794028685208
48391,Texas,Pulmonary,Respiratory Disease,896,0,0,0.0,0.0,4251.578947368421,5741.879971570142,0.0,NO PROVIDER,100.0,48391|Pulmonary,0.0,0.0,False,1,0.1942794028685208
48391,Texas,Rheumatology,Arthritis,1320,0,0,0.0,0.0,10453.0,13315.598760659872,0.0,NO PROVIDER,100.0,48391|Rheumatology,0.0,0.0,False,1,0.1942794028685208
48393,Texas,Cardiology,Heart Disease,466,0,0,0.0,0.0,10823.136363636364,15071.056217261126,0.0,NO PROVIDER,100.0,48393|Cardiology,0.0,0.0,False,1,0.1942794028685208
48393,Texas,Endocrinology,Diabetes,278,0,0,0.0,0.0,18070.0,22988.768286620067,0.0,NO PROVIDER,100.0,48393|Endocrinology,0.0,0.0,False,1,0.1942794028685208
48393,Texas,Oncology,Cancer,53,0,0,0.0,0.0,2055.6666666666665,2642.926682217817,0.0,NO PROVIDER,100.0,48393|Oncology,0.0,0.0,False,1,0.1942794028685208
48393,Texas,Neurology,Neurological Disorders,19,0,0,0.0,0.0,637.0,906.5174241117586,0.0,NO PROVIDER,100.0,48393|Neurology,0.0,0.0,False,1,0.1942794028685208
48393,Texas,Psychiatry,Mental Health Disorders,150,0,0,0.0,0.0,3104.5,4291.15957060345,0.0,NO PROVIDER,100.0,48393|Psychiatry,0.0,0.0,False,1,0.1942794028685208
48393,Texas,Pulmonary,Respiratory Disease,100,0,0,0.0,0.0,4251.578947368421,5741.879971570142,0.0,NO PROVIDER,100.0,48393|Pulmonary,0.0,0.0,False,1,0.1942794028685208
48393,Texas,Rheumatology,Arthritis,155,0,0,0.0,0.0,10453.0,13315.598760659872,0.0,NO PROVIDER,100.0,48393|Rheumatology,0.0,0.0,False,1,0.1942794028685208
48395,Texas,Cardiology,Heart Disease,10573,0,0,0.0,0.0,10823.136363636364,15071.056217261126,0.0,NO PROVIDER,100.0,48395|Cardiology,0.0,0.0,False,1,0.1942794028685208
48395,Texas,Endocrinology,Diabetes,6795,0,0,0.0,0.0,18070.0,22988.768286620067,0.0,NO PROVIDER,100.0,48395|Endocrinology,0.0,0.0,False,1,0.1942794028685208
48395,Texas,Oncology,Cancer,958,0,0,0.0,0.0,2055.6666666666665,2642.926682217817,0.0,NO PROVIDER,100.0,48395|Oncology,0.0,0.0,False,1,0.1942794028685208
48395,Texas,Neurology,Neurological Disorders,525,0,0,0.0,0.0,637.0,906.5174241117586,0.0,NO PROVIDER,100.0,48395|Neurology,0.0,0.0,False,1,0.1942794028685208
48395,Texas,Psychiatry,Mental Health Disorders,2991,0,0,0.0,0.0,3104.5,4291.15957060345,0.0,NO PROVIDER,100.0,48395|Psychiatry,0.0,0.0,False,1,0.1942794028685208
48395,Texas,Pulmonary,Respiratory Disease,2407,0,0,0.0,0.0,4251.578947368421,5741.879971570142,0.0,NO PROVIDER,100.0,48395|Pulmonary,0.0,0.0,False,1,0.1942794028685208
48395,Texas,Rheumatology,Arthritis,3404,0,0,0.0,0.0,10453.0,13315.598760659872,0.0,NO PROVIDER,100.0,48395|Rheumatology,0.0,0.0,False,1,0.1942794028685208
48397,Texas,Cardiology,Heart Disease,64582,2,4166,14637.0,32291.0,10823.136363636364,15071.056217261126,2.983515952777929,CRITICAL GAP,16.24,48397|Cardiology,0.03096838128271035,3.5125989920806338,False,1,0.10657967461321038
48397,Texas,Endocrinology,Diabetes,42314,0,0,0.0,0.0,18070.0,22988.768286620067,0.0,NO PROVIDER,100.0,48397|Endocrinology,0.0,0.0,False,1,0.1942794028685208
48397,Texas,Oncology,Cancer,6618,1,401,51935.0,6618.0,2055.6666666666665,2642.926682217817,3.219393546294795,CRITICAL GAP,17.53,48397|Oncology,0.1511030522816561,129.1915422885572,False,1,0.02822021551207865
48397,Texas,Neurology,Neurological Disorders,2367,1,557,2734.0,2367.0,637.0,906.5174241117586,3.71585557299843,CRITICAL GAP,20.23,48397|Neurology,0.4224757076468103,4.899641577060932,False,1,0.11628907950273731
48397,Texas,Psychiatry,Mental Health Disorders,21157,2,921,5654.0,10578.5,3104.5,4291.15957060345,3.407473023031084,CRITICAL GAP,18.55,48397|Psychiatry,0.09453136077893841,6.132321041214751,False,1,0.14166677532559196
48397,Texas,Pulmonary,Respiratory Disease,13524,3,1285,5952.0,4508.0,4251.578947368421,5741.879971570142,1.060311958405546,HIGH GAP,5.77,48397|Pulmonary,0.2218278615794144,4.628304821150856,False,1,0.1349944267772793
48397,Texas,Rheumatology,Arthritis,19514,1,65,817.0,19514.0,10453.0,13315.598760659872,1.866832488280876,HIGH GAP,10.16,48397|Rheumatology,0.05124525981346726,12.378787878787879,False,1,0.09350041549033261
48399,Texas,Cardiology,Heart Disease,5868,0,0,0.0,0.0,10823.136363636364,15071.056217261126,0.0,NO PROVIDER,100.0,48399|Cardiology,0.0,0.0,False,1,0.1942794028685208
48399,Texas,Endocrinology,Diabetes,3714,0,0,0.0,0.0,18070.0,22988.768286620067,0.0,NO PROVIDER,100.0,48399|Endocrinology,0.0,0.0,False,1,0.1942794028685208
48399,Texas,Oncology,Cancer,558,0,0,0.0,0.0,2055.6666666666665,2642.926682217817,0.0,NO PROVIDER,100.0,48399|Oncology,0.0,0.0,False,1,0.1942794028685208
48399,Texas,Neurology,Neurological Disorders,272,0,0,0.0,0.0,637.0,906.5174241117586,0.0,NO PROVIDER,100.0,48399|Neurology,0.0,0.0,False,1,0.1942794028685208
48399,Texas,Psychiatry,Mental Health Disorders,1697,0,0,0.0,0.0,3104.5,4291.15957060345,0.0,NO PROVIDER,100.0,48399|Psychiatry,0.0,0.0,False,1,0.1942794028685208
48399,Texas,Pulmonary,Respiratory Disease,1264,0,0,0.0,0.0,4251.578947368421,5741.879971570142,0.0,NO PROVIDER,100.0,48399|Pulmonary,0.0,0.0,False,1,0.1942794028685208
48399,Texas,Rheumatology,Arthritis,1878,0,0,0.0,0.0,10453.0,13315.598760659872,0.0,NO PROVIDER,100.0,48399|Rheumatology,0.0,0.0,False,1,0.1942794028685208
48401,Texas,Cardiology,Heart Disease,32290,2,1367,3728.0,16145.0,10823.136363636364,15071.056217261126,1.4917117790591703,HIGH GAP,8.12,48401|Cardiology,0.06193868070610096,2.7251461988304095,False,1,0.14588133877965348
48401,Texas,Endocrinology,Diabetes,20781,5,2853,11542.0,4156.2,18070.0,22988.768286620067,0.230005534034311,LOW GAP,1.25,48401|Endocrinology,0.24060439824839996,4.044148563419761,False,1,0.1350058030800962
48401,Texas,Oncology,Cancer,2857,0,0,0.0,0.0,2055.6666666666665,2642.926682217817,0.0,NO PROVIDER,100.0,48401|Oncology,0.0,0.0,False,1,0.1942794028685208
48401,Texas,Neurology,Neurological Disorders,1542,2,957,3726.0,771.0,637.0,906.5174241117586,1.2103610675039247,HIGH GAP,6.59,48401|Neurology,1.297016861219196,3.8893528183716075,False,1,0.01981553060430441
48401,Texas,Psychiatry,Mental Health Disorders,9434,3,125,333.0,3144.6666666666665,3104.5,4291.15957060345,1.0129382079776668,HIGH GAP,5.52,48401|Psychiatry,0.31799872800508794,2.642857142857143,False,1,0.12439167278741681
48401,Texas,Pulmonary,Respiratory Disease,7358,2,666,2985.0,3679.0,4251.578947368421,5741.879971570142,0.8653255756375341,MODERATE GAP,4.71,48401|Pulmonary,0.2718129926610492,4.475262368815592,False,1,0.1288512173122105
48401,Texas,Rheumatology,Arthritis,10277,3,1470,4901.0,3425.6666666666665,10453.0,13315.598760659872,0.3277209094677764,LOW GAP,1.78,48401|Rheumatology,0.29191398267977037,3.3317471108089736,False,1,0.13034627492526918
48403,Texas,Cardiology,Heart Disease,7131,0,0,0.0,0.0,10823.136363636364,15071.056217261126,0.0,NO PROVIDER,100.0,48403|Cardiology,0.0,0.0,False,1,0.1942794028685208
48403,Texas,Endocrinology,Diabetes,4105,0,0,0.0,0.0,18070.0,22988.768286620067,0.0,NO PROVIDER,100.0,48403|Endocrinology,0.0,0.0,False,1,0.1942794028685208
48403,Texas,Oncology,Cancer,759,0,0,0.0,0.0,2055.6666666666665,2642.926682217817,0.0,NO PROVIDER,100.0,48403|Oncology,0.0,0.0,False,1,0.1942794028685208
48403,Texas,Neurology,Neurological Disorders,365,0,0,0.0,0.0,637.0,906.5174241117586,0.0,NO PROVIDER,100.0,48403|Neurology,0.0,0.0,False,1,0.1942794028685208
48403,Texas,Psychiatry,Mental Health Disorders,2044,0,0,0.0,0.0,3104.5,4291.15957060345,0.0,NO PROVIDER,100.0,48403|Psychiatry,0.0,0.0,False,1,0.1942794028685208
48403,Texas,Pulmonary,Respiratory Disease,1671,0,0,0.0,0.0,4251.578947368421,5741.879971570142,0.0,NO PROVIDER,100.0,48403|Pulmonary,0.0,0.0,False,1,0.1942794028685208
48403,Texas,Rheumatology,Arthritis,2463,0,0,0.0,0.0,10453.0,13315.598760659872,0.0,NO PROVIDER,100.0,48403|Rheumatology,0.0,0.0,False,1,0.1942794028685208
48405,Texas,Cardiology,Heart Disease,5790,0,0,0.0,0.0,10823.136363636364,15071.056217261126,0.0,NO PROVIDER,100.0,48405|Cardiology,0.0,0.0,False,1,0.1942794028685208
48405,Texas,Endocrinology,Diabetes,3848,0,0,0.0,0.0,18070.0,22988.768286620067,0.0,NO PROVIDER,100.0,48405|Endocrinology,0.0,0.0,False,1,0.1942794028685208
48405,Texas,Oncology,Cancer,505,0,0,0.0,0.0,2055.6666666666665,2642.926682217817,0.0,NO PROVIDER,100.0,48405|Oncology,0.0,0.0,False,1,0.1942794028685208
48405,Texas,Neurology,Neurological Disorders,355,0,0,0.0,0.0,637.0,906.5174241117586,0.0,NO PROVIDER,100.0,48405|Neurology,0.0,0.0,False,1,0.1942794028685208
48405,Texas,Psychiatry,Mental Health Disorders,1589,0,0,0.0,0.0,3104.5,4291.15957060345,0.0,NO PROVIDER,100.0,48405|Psychiatry,0.0,0.0,False,1,0.1942794028685208
48405,Texas,Pulmonary,Respiratory Disease,1489,0,0,0.0,0.0,4251.578947368421,5741.879971570142,0.0,NO PROVIDER,100.0,48405|Pulmonary,0.0,0.0,False,1,0.1942794028685208
48405,Texas,Rheumatology,Arthritis,1954,0,0,0.0,0.0,10453.0,13315.598760659872,0.0,NO PROVIDER,100.0,48405|Rheumatology,0.0,0.0,False,1,0.1942794028685208
48407,Texas,Cardiology,Heart Disease,19048,0,0,0.0,0.0,10823.136363636364,15071.056217261126,0.0,NO PROVIDER,100.0,48407|Cardiology,0.0,0.0,False,1,0.1942794028685208
48407,Texas,Endocrinology,Diabetes,12205,0,0,0.0,0.0,18070.0,22988.768286620067,0.0,NO PROVIDER,100.0,48407|Endocrinology,0.0,0.0,False,1,0.1942794028685208
48407,Texas,Oncology,Cancer,1765,0,0,0.0,0.0,2055.6666666666665,2642.926682217817,0.0,NO PROVIDER,100.0,48407|Oncology,0.0,0.0,False,1,0.1942794028685208
48407,Texas,Neurology,Neurological Disorders,956,0,0,0.0,0.0,637.0,906.5174241117586,0.0,NO PROVIDER,100.0,48407|Neurology,0.0,0.0,False,1,0.1942794028685208
48407,Texas,Psychiatry,Mental Health Disorders,5613,0,0,0.0,0.0,3104.5,4291.15957060345,0.0,NO PROVIDER,100.0,48407|Psychiatry,0.0,0.0,False,1,0.1942794028685208
48407,Texas,Pulmonary,Respiratory Disease,4474,0,0,0.0,0.0,4251.578947368421,5741.879971570142,0.0,NO PROVIDER,100.0,48407|Pulmonary,0.0,0.0,False,1,0.1942794028685208
48407,Texas,Rheumatology,Arthritis,6296,0,0,0.0,0.0,10453.0,13315.598760659872,0.0,NO PROVIDER,100.0,48407|Rheumatology,0.0,0.0,False,1,0.1942794028685208
48409,Texas,Cardiology,Heart Disease,41989,0,0,0.0,0.0,10823.136363636364,15071.056217261126,0.0,NO PROVIDER,100.0,48409|Cardiology,0.0,0.0,False,1,0.1942794028685208
48409,Texas,Endocrinology,Diabetes,29385,0,0,0.0,0.0,18070.0,22988.768286620067,0.0,NO PROVIDER,100.0,48409|Endocrinology,0.0,0.0,False,1,0.1942794028685208
48409,Texas,Oncology,Cancer,3177,0,0,0.0,0.0,2055.6666666666665,2642.926682217817,0.0,NO PROVIDER,100.0,48409|Oncology,0.0,0.0,False,1,0.1942794028685208
48409,Texas,Neurology,Neurological Disorders,1812,0,0,0.0,0.0,637.0,906.5174241117586,0.0,NO PROVIDER,100.0,48409|Neurology,0.0,0.0,False,1,0.1942794028685208
48409,Texas,Psychiatry,Mental Health Disorders,10977,0,0,0.0,0.0,3104.5,4291.15957060345,0.0,NO PROVIDER,100.0,48409|Psychiatry,0.0,0.0,False,1,0.1942794028685208
48409,Texas,Pulmonary,Respiratory Disease,8482,0,0,0.0,0.0,4251.578947368421,5741.879971570142,0.0,NO PROVIDER,100.0,48409|Pulmonary,0.0,0.0,False,1,0.1942794028685208
48409,Texas,Rheumatology,Arthritis,12237,0,0,0.0,0.0,10453.0,13315.598760659872,0.0,NO PROVIDER,100.0,48409|Rheumatology,0.0,0.0,False,1,0.1942794028685208
48411,Texas,Cardiology,Heart Disease,3744,0,0,0.0,0.0,10823.136363636364,15071.056217261126,0.0,NO PROVIDER,100.0,48411|Cardiology,0.0,0.0,False,1,0.1942794028685208
48411,Texas,Endocrinology,Diabetes,2347,0,0,0.0,0.0,18070.0,22988.768286620067,0.0,NO PROVIDER,100.0,48411|Endocrinology,0.0,0.0,False,1,0.1942794028685208
48411,Texas,Oncology,Cancer,358,0,0,0.0,0.0,2055.6666666666665,2642.926682217817,0.0,NO PROVIDER,100.0,48411|Oncology,0.0,0.0,False,1,0.1942794028685208
48411,Texas,Neurology,Neurological Disorders,178,0,0,0.0,0.0,637.0,906.5174241117586,0.0,NO PROVIDER,100.0,48411|Neurology,0.0,0.0,False,1,0.1942794028685208
48411,Texas,Psychiatry,Mental Health Disorders,1062,0,0,0.0,0.0,3104.5,4291.15957060345,0.0,NO PROVIDER,100.0,48411|Psychiatry,0.0,0.0,False,1,0.1942794028685208
48411,Texas,Pulmonary,Respiratory Disease,830,0,0,0.0,0.0,4251.578947368421,5741.879971570142,0.0,NO PROVIDER,100.0,48411|Pulmonary,0.0,0.0,False,1,0.1942794028685208
48411,Texas,Rheumatology,Arthritis,1188,0,0,0.0,0.0,10453.0,13315.598760659872,0.0,NO PROVIDER,100.0,48411|Rheumatology,0.0,0.0,False,1,0.1942794028685208
48413,Texas,Cardiology,Heart Disease,1382,0,0,0.0,0.0,10823.136363636364,15071.056217261126,0.0,NO PROVIDER,100.0,48413|Cardiology,0.0,0.0,False,1,0.1942794028685208
48413,Texas,Endocrinology,Diabetes,897,0,0,0.0,0.0,18070.0,22988.768286620067,0.0,NO PROVIDER,100.0,48413|Endocrinology,0.0,0.0,False,1,0.1942794028685208
48413,Texas,Oncology,Cancer,124,0,0,0.0,0.0,2055.6666666666665,2642.926682217817,0.0,NO PROVIDER,100.0,48413|Oncology,0.0,0.0,False,1,0.1942794028685208
48413,Texas,Neurology,Neurological Disorders,61,0,0,0.0,0.0,637.0,906.5174241117586,0.0,NO PROVIDER,100.0,48413|Neurology,0.0,0.0,False,1,0.1942794028685208
48413,Texas,Psychiatry,Mental Health Disorders,376,0,0,0.0,0.0,3104.5,4291.15957060345,0.0,NO PROVIDER,100.0,48413|Psychiatry,0.0,0.0,False,1,0.1942794028685208
48413,Texas,Pulmonary,Respiratory Disease,275,0,0,0.0,0.0,4251.578947368421,5741.879971570142,0.0,NO PROVIDER,100.0,48413|Pulmonary,0.0,0.0,False,1,0.1942794028685208
48413,Texas,Rheumatology,Arthritis,421,0,0,0.0,0.0,10453.0,13315.598760659872,0.0,NO PROVIDER,100.0,48413|Rheumatology,0.0,0.0,False,1,0.1942794028685208
48415,Texas,Cardiology,Heart Disease,9040,0,0,0.0,0.0,10823.136363636364,15071.056217261126,0.0,NO PROVIDER,100.0,48415|Cardiology,0.0,0.0,False,1,0.1942794028685208
48415,Texas,Endocrinology,Diabetes,6153,0,0,0.0,0.0,18070.0,22988.768286620067,0.0,NO PROVIDER,100.0,48415|Endocrinology,0.0,0.0,False,1,0.1942794028685208
48415,Texas,Oncology,Cancer,785,0,0,0.0,0.0,2055.6666666666665,2642.926682217817,0.0,NO PROVIDER,100.0,48415|Oncology,0.0,0.0,False,1,0.1942794028685208
48415,Texas,Neurology,Neurological Disorders,407,0,0,0.0,0.0,637.0,906.5174241117586,0.0,NO PROVIDER,100.0,48415|Neurology,0.0,0.0,False,1,0.1942794028685208
48415,Texas,Psychiatry,Mental Health Disorders,2672,0,0,0.0,0.0,3104.5,4291.15957060345,0.0,NO PROVIDER,100.0,48415|Psychiatry,0.0,0.0,False,1,0.1942794028685208
48415,Texas,Pulmonary,Respiratory Disease,1947,1,385,1915.0,1947.0,4251.578947368421,5741.879971570142,0.4579475117603367,LOW GAP,2.49,48415|Pulmonary,0.5136106831022086,4.961139896373057,False,1,0.11018952024201722
48415,Texas,Rheumatology,Arthritis,2780,0,0,0.0,0.0,10453.0,13315.598760659872,0.0,NO PROVIDER,100.0,48415|Rheumatology,0.0,0.0,False,1,0.1942794028685208
48417,Texas,Cardiology,Heart Disease,1866,0,0,0.0,0.0,10823.136363636364,15071.056217261126,0.0,NO PROVIDER,100.0,48417|Cardiology,0.0,0.0,False,1,0.1942794028685208
48417,Texas,Endocrinology,Diabetes,1107,0,0,0.0,0.0,18070.0,22988.768286620067,0.0,NO PROVIDER,100.0,48417|Endocrinology,0.0,0.0,False,1,0.1942794028685208
48417,Texas,Oncology,Cancer,207,0,0,0.0,0.0,2055.6666666666665,2642.926682217817,0.0,NO PROVIDER,100.0,48417|Oncology,0.0,0.0,False,1,0.1942794028685208
48417,Texas,Neurology,Neurological Disorders,78,0,0,0.0,0.0,637.0,906.5174241117586,0.0,NO PROVIDER,100.0,48417|Neurology,0.0,0.0,False,1,0.1942794028685208
48417,Texas,Psychiatry,Mental Health Disorders,592,0,0,0.0,0.0,3104.5,4291.15957060345,0.0,NO PROVIDER,100.0,48417|Psychiatry,0.0,0.0,False,1,0.1942794028685208
48417,Texas,Pulmonary,Respiratory Disease,403,0,0,0.0,0.0,4251.578947368421,5741.879971570142,0.0,NO PROVIDER,100.0,48417|Pulmonary,0.0,0.0,False,1,0.1942794028685208
48417,Texas,Rheumatology,Arthritis,617,0,0,0.0,0.0,10453.0,13315.598760659872,0.0,NO PROVIDER,100.0,48417|Rheumatology,0.0,0.0,False,1,0.1942794028685208
48419,Texas,Cardiology,Heart Disease,14908,0,0,0.0,0.0,10823.136363636364,15071.056217261126,0.0,NO PROVIDER,100.0,48419|Cardiology,0.0,0.0,False,1,0.1942794028685208
48419,Texas,Endocrinology,Diabetes,10006,0,0,0.0,0.0,18070.0,22988.768286620067,0.0,NO PROVIDER,100.0,48419|Endocrinology,0.0,0.0,False,1,0.1942794028685208
48419,Texas,Oncology,Cancer,1263,0,0,0.0,0.0,2055.6666666666665,2642.926682217817,0.0,NO PROVIDER,100.0,48419|Oncology,0.0,0.0,False,1,0.1942794028685208
48419,Texas,Neurology,Neurological Disorders,783,0,0,0.0,0.0,637.0,906.5174241117586,0.0,NO PROVIDER,100.0,48419|Neurology,0.0,0.0,False,1,0.1942794028685208
48419,Texas,Psychiatry,Mental Health Disorders,4332,1,0,0.0,4332.0,3104.5,4291.15957060345,1.3953937832179095,HIGH GAP,7.6,48419|Psychiatry,0.23084025854108955,0.0,False,1,0.024668442495044407
48419,Texas,Pulmonary,Respiratory Disease,3611,0,0,0.0,0.0,4251.578947368421,5741.879971570142,0.0,NO PROVIDER,100.0,48419|Pulmonary,0.0,0.0,False,1,0.1942794028685208
48419,Texas,Rheumatology,Arthritis,4821,0,0,0.0,0.0,10453.0,13315.598760659872,0.0,NO PROVIDER,100.0,48419|Rheumatology,0.0,0.0,False,1,0.1942794028685208
48421,Texas,Cardiology,Heart Disease,1426,0,0,0.0,0.0,10823.136363636364,15071.056217261126,0.0,NO PROVIDER,100.0,48421|Cardiology,0.0,0.0,False,1,0.1942794028685208
48421,Texas,Endocrinology,Diabetes,928,0,0,0.0,0.0,18070.0,22988.768286620067,0.0,NO PROVIDER,100.0,48421|Endocrinology,0.0,0.0,False,1,0.1942794028685208
48421,Texas,Oncology,Cancer,131,0,0,0.0,0.0,2055.6666666666665,2642.926682217817,0.0,NO PROVIDER,100.0,48421|Oncology,0.0,0.0,False,1,0.1942794028685208
48421,Texas,Neurology,Neurological Disorders,59,0,0,0.0,0.0,637.0,906.5174241117586,0.0,NO PROVIDER,100.0,48421|Neurology,0.0,0.0,False,1,0.1942794028685208
48421,Texas,Psychiatry,Mental Health Disorders,415,0,0,0.0,0.0,3104.5,4291.15957060345,0.0,NO PROVIDER,100.0,48421|Psychiatry,0.0,0.0,False,1,0.1942794028685208
48421,Texas,Pulmonary,Respiratory Disease,294,0,0,0.0,0.0,4251.578947368421,5741.879971570142,0.0,NO PROVIDER,100.0,48421|Pulmonary,0.0,0.0,False,1,0.1942794028685208
48421,Texas,Rheumatology,Arthritis,430,0,0,0.0,0.0,10453.0,13315.598760659872,0.0,NO PROVIDER,100.0,48421|Rheumatology,0.0,0.0,False,1,0.1942794028685208
48423,Texas,Cardiology,Heart Disease,140823,15,13731,41555.0,9388.2,10823.136363636364,15071.056217261126,0.8674195431504059,MODERATE GAP,4.72,48423|Cardiology,0.10651669116550563,3.02614331488494,False,1,0.16116239356109896
48423,Texas,Endocrinology,Diabetes,93416,5,1554,5495.0,18683.2,18070.0,22988.768286620067,1.03393469839513,HIGH GAP,5.63,48423|Endocrinology,0.0535240215808855,3.5337620578778135,False,1,0.1444971800292308
48423,Texas,Oncology,Cancer,13132,11,5257,428623.0,1193.8181818181818,2055.6666666666665,2642.926682217817,0.5807450211536477,MODERATE GAP,3.16,48423|Oncology,0.837648492232714,81.51825789273488,True,-1,-0.032268508132336504
48423,Texas,Neurology,Neurological Disorders,6426,23,6886,28646.0,279.39130434782606,637.0,906.5174241117586,0.438604873387482,LOW GAP,2.39,48423|Neurology,3.5792094615624026,4.159430811674168,True,-1,-0.07754997077632997
48423,Texas,Psychiatry,Mental Health Disorders,43961,23,905,4863.0,1911.3478260869565,3104.5,4291.15957060345,0.615670100205172,MODERATE GAP,3.35,48423|Psychiatry,0.5231910102135984,5.367549668874172,False,1,0.10574740759222812
48423,Texas,Pulmonary,Respiratory Disease,31853,10,3347,13980.0,3185.3,4251.578947368421,5741.879971570142,0.7492040108937856,MODERATE GAP,4.08,48423|Pulmonary,0.3139421718519449,4.17562724014337,False,1,0.12744112539038333
48423,Texas,Rheumatology,Arthritis,44613,6,1639,42287.0,7435.5,10453.0,13315.598760659872,0.7113268918013967,MODERATE GAP,3.87,48423|Rheumatology,0.13448994687647098,25.784756097560976,False,1,0.06229059724253083
48425,Texas,Cardiology,Heart Disease,5813,0,0,0.0,0.0,10823.136363636364,15071.056217261126,0.0,NO PROVIDER,100.0,48425|Cardiology,0.0,0.0,False,1,0.1942794028685208
48425,Texas,Endocrinology,Diabetes,3502,0,0,0.0,0.0,18070.0,22988.768286620067,0.0,NO PROVIDER,100.0,48425|Endocrinology,0.0,0.0,False,1,0.1942794028685208
48425,Texas,Oncology,Cancer,617,0,0,0.0,0.0,2055.6666666666665,2642.926682217817,0.0,NO PROVIDER,100.0,48425|Oncology,0.0,0.0,False,1,0.1942794028685208
48425,Texas,Neurology,Neurological Disorders,244,0,0,0.0,0.0,637.0,906.5174241117586,0.0,NO PROVIDER,100.0,48425|Neurology,0.0,0.0,False,1,0.1942794028685208
48425,Texas,Psychiatry,Mental Health Disorders,1838,1,36,365.0,1838.0,3104.5,4291.15957060345,0.5920438073763891,MODERATE GAP,3.22,48425|Psychiatry,0.544069640914037,9.864864864864865,False,1,0.07322337232609599
48425,Texas,Pulmonary,Respiratory Disease,1264,0,0,0.0,0.0,4251.578947368421,5741.879971570142,0.0,NO PROVIDER,100.0,48425|Pulmonary,0.0,0.0,False,1,0.1942794028685208
48425,Texas,Rheumatology,Arthritis,1908,0,0,0.0,0.0,10453.0,13315.598760659872,0.0,NO PROVIDER,100.0,48425|Rheumatology,0.0,0.0,False,1,0.1942794028685208
48427,Texas,Cardiology,Heart Disease,36121,0,0,0.0,0.0,10823.136363636364,15071.056217261126,0.0,NO PROVIDER,100.0,48427|Cardiology,0.0,0.0,False,1,0.1942794028685208
48427,Texas,Endocrinology,Diabetes,29294,0,0,0.0,0.0,18070.0,22988.768286620067,0.0,NO PROVIDER,100.0,48427|Endocrinology,0.0,0.0,False,1,0.1942794028685208
48427,Texas,Oncology,Cancer,1852,0,0,0.0,0.0,2055.6666666666665,2642.926682217817,0.0,NO PROVIDER,100.0,48427|Oncology,0.0,0.0,False,1,0.1942794028685208
48427,Texas,Neurology,Neurological Disorders,1919,0,0,0.0,0.0,637.0,906.5174241117586,0.0,NO PROVIDER,100.0,48427|Neurology,0.0,0.0,False,1,0.1942794028685208
48427,Texas,Psychiatry,Mental Health Disorders,9415,0,0,0.0,0.0,3104.5,4291.15957060345,0.0,NO PROVIDER,100.0,48427|Psychiatry,0.0,0.0,False,1,0.1942794028685208
48427,Texas,Pulmonary,Respiratory Disease,7385,0,0,0.0,0.0,4251.578947368421,5741.879971570142,0.0,NO PROVIDER,100.0,48427|Pulmonary,0.0,0.0,False,1,0.1942794028685208
48427,Texas,Rheumatology,Arthritis,10129,0,0,0.0,0.0,10453.0,13315.598760659872,0.0,NO PROVIDER,100.0,48427|Rheumatology,0.0,0.0,False,1,0.1942794028685208
48429,Texas,Cardiology,Heart Disease,5777,0,0,0.0,0.0,10823.136363636364,15071.056217261126,0.0,NO PROVIDER,100.0,48429|Cardiology,0.0,0.0,False,1,0.1942794028685208
48429,Texas,Endocrinology,Diabetes,3667,0,0,0.0,0.0,18070.0,22988.768286620067,0.0,NO PROVIDER,100.0,48429|Endocrinology,0.0,0.0,False,1,0.1942794028685208
48429,Texas,Oncology,Cancer,556,0,0,0.0,0.0,2055.6666666666665,2642.926682217817,0.0,NO PROVIDER,100.0,48429|Oncology,0.0,0.0,False,1,0.1942794028685208
48429,Texas,Neurology,Neurological Disorders,271,0,0,0.0,0.0,637.0,906.5174241117586,0.0,NO PROVIDER,100.0,48429|Neurology,0.0,0.0,False,1,0.1942794028685208
48429,Texas,Psychiatry,Mental Health Disorders,1721,0,0,0.0,0.0,3104.5,4291.15957060345,0.0,NO PROVIDER,100.0,48429|Psychiatry,0.0,0.0,False,1,0.1942794028685208
48429,Texas,Pulmonary,Respiratory Disease,1305,0,0,0.0,0.0,4251.578947368421,5741.879971570142,0.0,NO PROVIDER,100.0,48429|Pulmonary,0.0,0.0,False,1,0.1942794028685208
48429,Texas,Rheumatology,Arthritis,1858,0,0,0.0,0.0,10453.0,13315.598760659872,0.0,NO PROVIDER,100.0,48429|Rheumatology,0.0,0.0,False,1,0.1942794028685208
48431,Texas,Cardiology,Heart Disease,668,0,0,0.0,0.0,10823.136363636364,15071.056217261126,0.0,NO PROVIDER,100.0,48431|Cardiology,0.0,0.0,False,1,0.1942794028685208
48431,Texas,Endocrinology,Diabetes,423,0,0,0.0,0.0,18070.0,22988.768286620067,0.0,NO PROVIDER,100.0,48431|Endocrinology,0.0,0.0,False,1,0.1942794028685208
48431,Texas,Oncology,Cancer,66,0,0,0.0,0.0,2055.6666666666665,2642.926682217817,0.0,NO PROVIDER,100.0,48431|Oncology,0.0,0.0,False,1,0.1942794028685208
48431,Texas,Neurology,Neurological Disorders,25,0,0,0.0,0.0,637.0,906.5174241117586,0.0,NO PROVIDER,100.0,48431|Neurology,0.0,0.0,False,1,0.1942794028685208
48431,Texas,Psychiatry,Mental Health Disorders,212,0,0,0.0,0.0,3104.5,4291.15957060345,0.0,NO PROVIDER,100.0,48431|Psychiatry,0.0,0.0,False,1,0.1942794028685208
48431,Texas,Pulmonary,Respiratory Disease,137,0,0,0.0,0.0,4251.578947368421,5741.879971570142,0.0,NO PROVIDER,100.0,48431|Pulmonary,0.0,0.0,False,1,0.1942794028685208
48431,Texas,Rheumatology,Arthritis,205,0,0,0.0,0.0,10453.0,13315.598760659872,0.0,NO PROVIDER,100.0,48431|Rheumatology,0.0,0.0,False,1,0.1942794028685208
48433,Texas,Cardiology,Heart Disease,789,0,0,0.0,0.0,10823.136363636364,15071.056217261126,0.0,NO PROVIDER,100.0,48433|Cardiology,0.0,0.0,False,1,0.1942794028685208
48433,Texas,Endocrinology,Diabetes,476,0,0,0.0,0.0,18070.0,22988.768286620067,0.0,NO PROVIDER,100.0,48433|Endocrinology,0.0,0.0,False,1,0.1942794028685208
48433,Texas,Oncology,Cancer,81,0,0,0.0,0.0,2055.6666666666665,2642.926682217817,0.0,NO PROVIDER,100.0,48433|Oncology,0.0,0.0,False,1,0.1942794028685208
48433,Texas,Neurology,Neurological Disorders,39,0,0,0.0,0.0,637.0,906.5174241117586,0.0,NO PROVIDER,100.0,48433|Neurology,0.0,0.0,False,1,0.1942794028685208
48433,Texas,Psychiatry,Mental Health Disorders,222,0,0,0.0,0.0,3104.5,4291.15957060345,0.0,NO PROVIDER,100.0,48433|Psychiatry,0.0,0.0,False,1,0.1942794028685208
48433,Texas,Pulmonary,Respiratory Disease,175,0,0,0.0,0.0,4251.578947368421,5741.879971570142,0.0,NO PROVIDER,100.0,48433|Pulmonary,0.0,0.0,False,1,0.1942794028685208
48433,Texas,Rheumatology,Arthritis,263,0,0,0.0,0.0,10453.0,13315.598760659872,0.0,NO PROVIDER,100.0,48433|Rheumatology,0.0,0.0,False,1,0.1942794028685208
48435,Texas,Cardiology,Heart Disease,1958,0,0,0.0,0.0,10823.136363636364,15071.056217261126,0.0,NO PROVIDER,100.0,48435|Cardiology,0.0,0.0,False,1,0.1942794028685208
48435,Texas,Endocrinology,Diabetes,1329,0,0,0.0,0.0,18070.0,22988.768286620067,0.0,NO PROVIDER,100.0,48435|Endocrinology,0.0,0.0,False,1,0.1942794028685208
48435,Texas,Oncology,Cancer,157,0,0,0.0,0.0,2055.6666666666665,2642.926682217817,0.0,NO PROVIDER,100.0,48435|Oncology,0.0,0.0,False,1,0.1942794028685208
48435,Texas,Neurology,Neurological Disorders,92,0,0,0.0,0.0,637.0,906.5174241117586,0.0,NO PROVIDER,100.0,48435|Neurology,0.0,0.0,False,1,0.1942794028685208
48435,Texas,Psychiatry,Mental Health Disorders,507,0,0,0.0,0.0,3104.5,4291.15957060345,0.0,NO PROVIDER,100.0,48435|Psychiatry,0.0,0.0,False,1,0.1942794028685208
48435,Texas,Pulmonary,Respiratory Disease,392,0,0,0.0,0.0,4251.578947368421,5741.879971570142,0.0,NO PROVIDER,100.0,48435|Pulmonary,0.0,0.0,False,1,0.1942794028685208
48435,Texas,Rheumatology,Arthritis,588,0,0,0.0,0.0,10453.0,13315.598760659872,0.0,NO PROVIDER,100.0,48435|Rheumatology,0.0,0.0,False,1,0.1942794028685208
48437,Texas,Cardiology,Heart Disease,4328,0,0,0.0,0.0,10823.136363636364,15071.056217261126,0.0,NO PROVIDER,100.0,48437|Cardiology,0.0,0.0,False,1,0.1942794028685208
48437,Texas,Endocrinology,Diabetes,3023,0,0,0.0,0.0,18070.0,22988.768286620067,0.0,NO PROVIDER,100.0,48437|Endocrinology,0.0,0.0,False,1,0.1942794028685208
48437,Texas,Oncology,Cancer,334,0,0,0.0,0.0,2055.6666666666665,2642.926682217817,0.0,NO PROVIDER,100.0,48437|Oncology,0.0,0.0,False,1,0.1942794028685208
48437,Texas,Neurology,Neurological Disorders,223,0,0,0.0,0.0,637.0,906.5174241117586,0.0,NO PROVIDER,100.0,48437|Neurology,0.0,0.0,False,1,0.1942794028685208
48437,Texas,Psychiatry,Mental Health Disorders,1172,0,0,0.0,0.0,3104.5,4291.15957060345,0.0,NO PROVIDER,100.0,48437|Psychiatry,0.0,0.0,False,1,0.1942794028685208
48437,Texas,Pulmonary,Respiratory Disease,974,0,0,0.0,0.0,4251.578947368421,5741.879971570142,0.0,NO PROVIDER,100.0,48437|Pulmonary,0.0,0.0,False,1,0.1942794028685208
48437,Texas,Rheumatology,Arthritis,1308,0,0,0.0,0.0,10453.0,13315.598760659872,0.0,NO PROVIDER,100.0,48437|Rheumatology,0.0,0.0,False,1,0.1942794028685208
48439,Texas,Cardiology,Heart Disease,1115311,99,73301,298503.0,11265.767676767677,10823.136363636364,15071.056217261126,1.0408967695000562,HIGH GAP,5.67,48439|Cardiology,0.08876447914527875,4.072235409675043,False,1,0.15398837190308712
48439,Texas,Endocrinology,Diabetes,731003,34,9500,74245.0,21500.08823529412,18070.0,22988.768286620067,1.1898222598391874,HIGH GAP,6.48,48439|Endocrinology,0.046511437025566246,7.814440585201558,False,1,0.11226550473163849
48439,Texas,Oncology,Cancer,98121,38,10134,1894303.0,2582.1315789473683,2055.6666666666665,2642.926682217817,1.2561042219623977,HIGH GAP,6.84,48439|Oncology,0.3872769335820059,186.90705476073015,False,1,0.011628511431738708
48439,Texas,Neurology,Neurological Disorders,49061,75,22754,395207.5,654.1466666666666,637.0,906.5174241117586,1.0269178440607012,HIGH GAP,5.59,48439|Neurology,1.5287091579869958,17.36794111184355,True,-1,-0.018556933650667018
48439,Texas,Psychiatry,Mental Health Disorders,370407,83,3578,18988.0,4462.734939759036,3104.5,4291.15957060345,1.437505214932851,HIGH GAP,7.83,48439|Psychiatry,0.2240778387017524,5.305392567756357,False,1,0.130522878354412
48439,Texas,Pulmonary,Respiratory Disease,251844,51,16366,53329.0,4938.117647058823,4251.578947368421,5741.879971570142,1.1614785255523354,HIGH GAP,6.32,48439|Pulmonary,0.20250631343212466,3.2583246777051382,False,1,0.1471410208678235
48439,Texas,Rheumatology,Arthritis,348330,36,8583,1200962.5,9675.833333333334,10453.0,13315.598760659872,0.9256513281673524,MODERATE GAP,5.04,48439|Rheumatology,0.10335027129446214,139.90709459459458,False,1,0.03656710647608519
48441,Texas,Cardiology,Heart Disease,80161,3,2926,9995.0,26720.33333333333,10823.136363636364,15071.056217261126,2.468816102429279,CRITICAL GAP,13.44,48441|Cardiology,0.03742468282581305,3.414759139050222,False,1,0.1222518979695344
48441,Texas,Endocrinology,Diabetes,51314,2,1079,21229.0,25657.0,18070.0,22988.768286620067,1.4198671831765357,HIGH GAP,7.73,48441|Endocrinology,0.0389757181276065,19.65648148148148,False,1,0.058583353775244706
48441,Texas,Oncology,Cancer,7489,1,709,204888.0,7489.0,2055.6666666666665,2642.926682217817,3.6431003729528135,CRITICAL GAP,19.84,48441|Oncology,0.13352917612498333,288.5746478873239,False,1,0.011440484013678365
48441,Texas,Neurology,Neurological Disorders,3384,5,532,10653.0,676.8,637.0,906.5174241117586,1.062480376766091,HIGH GAP,5.78,48441|Neurology,1.4775413711583925,19.98686679174484,True,-1,-0.02348283398472939
48441,Texas,Psychiatry,Mental Health Disorders,25962,7,298,1885.0,3708.857142857143,3104.5,4291.15957060345,1.1946713296367024,HIGH GAP,6.5,48441|Psychiatry,0.2696248362992065,6.304347826086956,False,1,0.11763643158457254
48441,Texas,Pulmonary,Respiratory Disease,17974,2,665,1276.0,8987.0,4251.578947368421,5741.879971570142,2.1138029215152265,CRITICAL GAP,11.51,48441|Pulmonary,0.11127183709803048,1.9159159159159158,False,1,0.13672606875563964
48441,Texas,Rheumatology,Arthritis,25019,1,369,1355.0,25019.0,10453.0,13315.598760659872,2.39347555725629,CRITICAL GAP,13.03,48441|Rheumatology,0.0399696230864543,3.6621621621621623,False,1,0.12970437695994447
48443,Texas,Cardiology,Heart Disease,429,0,0,0.0,0.0,10823.136363636364,15071.056217261126,0.0,NO PROVIDER,100.0,48443|Cardiology,0.0,0.0,False,1,0.1942794028685208
48443,Texas,Endocrinology,Diabetes,260,0,0,0.0,0.0,18070.0,22988.768286620067,0.0,NO PROVIDER,100.0,48443|Endocrinology,0.0,0.0,False,1,0.1942794028685208
48443,Texas,Oncology,Cancer,43,0,0,0.0,0.0,2055.6666666666665,2642.926682217817,0.0,NO PROVIDER,100.0,48443|Oncology,0.0,0.0,False,1,0.1942794028685208
48443,Texas,Neurology,Neurological Disorders,17,0,0,0.0,0.0,637.0,906.5174241117586,0.0,NO PROVIDER,100.0,48443|Neurology,0.0,0.0,False,1,0.1942794028685208
48443,Texas,Psychiatry,Mental Health Disorders,106,0,0,0.0,0.0,3104.5,4291.15957060345,0.0,NO PROVIDER,100.0,48443|Psychiatry,0.0,0.0,False,1,0.1942794028685208
48443,Texas,Pulmonary,Respiratory Disease,74,0,0,0.0,0.0,4251.578947368421,5741.879971570142,0.0,NO PROVIDER,100.0,48443|Pulmonary,0.0,0.0,False,1,0.1942794028685208
48443,Texas,Rheumatology,Arthritis,129,0,0,0.0,0.0,10453.0,13315.598760659872,0.0,NO PROVIDER,100.0,48443|Rheumatology,0.0,0.0,False,1,0.1942794028685208
48445,Texas,Cardiology,Heart Disease,6563,0,0,0.0,0.0,10823.136363636364,15071.056217261126,0.0,NO PROVIDER,100.0,48445|Cardiology,0.0,0.0,False,1,0.1942794028685208
48445,Texas,Endocrinology,Diabetes,4672,0,0,0.0,0.0,18070.0,22988.768286620067,0.0,NO PROVIDER,100.0,48445|Endocrinology,0.0,0.0,False,1,0.1942794028685208
48445,Texas,Oncology,Cancer,494,0,0,0.0,0.0,2055.6666666666665,2642.926682217817,0.0,NO PROVIDER,100.0,48445|Oncology,0.0,0.0,False,1,0.1942794028685208
48445,Texas,Neurology,Neurological Disorders,330,0,0,0.0,0.0,637.0,906.5174241117586,0.0,NO PROVIDER,100.0,48445|Neurology,0.0,0.0,False,1,0.1942794028685208
48445,Texas,Psychiatry,Mental Health Disorders,1817,0,0,0.0,0.0,3104.5,4291.15957060345,0.0,NO PROVIDER,100.0,48445|Psychiatry,0.0,0.0,False,1,0.1942794028685208
48445,Texas,Pulmonary,Respiratory Disease,1446,0,0,0.0,0.0,4251.578947368421,5741.879971570142,0.0,NO PROVIDER,100.0,48445|Pulmonary,0.0,0.0,False,1,0.1942794028685208
48445,Texas,Rheumatology,Arthritis,1982,0,0,0.0,0.0,10453.0,13315.598760659872,0.0,NO PROVIDER,100.0,48445|Rheumatology,0.0,0.0,False,1,0.1942794028685208
48447,Texas,Cardiology,Heart Disease,965,0,0,0.0,0.0,10823.136363636364,15071.056217261126,0.0,NO PROVIDER,100.0,48447|Cardiology,0.0,0.0,False,1,0.1942794028685208
48447,Texas,Endocrinology,Diabetes,569,0,0,0.0,0.0,18070.0,22988.768286620067,0.0,NO PROVIDER,100.0,48447|Endocrinology,0.0,0.0,False,1,0.1942794028685208
48447,Texas,Oncology,Cancer,104,0,0,0.0,0.0,2055.6666666666665,2642.926682217817,0.0,NO PROVIDER,100.0,48447|Oncology,0.0,0.0,False,1,0.1942794028685208
48447,Texas,Neurology,Neurological Disorders,47,0,0,0.0,0.0,637.0,906.5174241117586,0.0,NO PROVIDER,100.0,48447|Neurology,0.0,0.0,False,1,0.1942794028685208
48447,Texas,Psychiatry,Mental Health Disorders,281,0,0,0.0,0.0,3104.5,4291.15957060345,0.0,NO PROVIDER,100.0,48447|Psychiatry,0.0,0.0,False,1,0.1942794028685208
48447,Texas,Pulmonary,Respiratory Disease,215,0,0,0.0,0.0,4251.578947368421,5741.879971570142,0.0,NO PROVIDER,100.0,48447|Pulmonary,0.0,0.0,False,1,0.1942794028685208
48447,Texas,Rheumatology,Arthritis,326,0,0,0.0,0.0,10453.0,13315.598760659872,0.0,NO PROVIDER,100.0,48447|Rheumatology,0.0,0.0,False,1,0.1942794028685208
48449,Texas,Cardiology,Heart Disease,17762,1,992,2724.0,17762.0,10823.136363636364,15071.056217261126,1.6411139436140592,HIGH GAP,8.94,48449|Cardiology,0.05629996622002027,2.743202416918429,False,1,0.14362117768712218
48449,Texas,Endocrinology,Diabetes,12074,0,0,0.0,0.0,18070.0,22988.768286620067,0.0,NO PROVIDER,100.0,48449|Endocrinology,0.0,0.0,False,1,0.1942794028685208
48449,Texas,Oncology,Cancer,1444,0,0,0.0,0.0,2055.6666666666665,2642.926682217817,0.0,NO PROVIDER,100.0,48449|Oncology,0.0,0.0,False,1,0.1942794028685208
48449,Texas,Neurology,Neurological Disorders,891,2,722,1703.0,445.5,637.0,906.5174241117586,0.6993720565149136,MODERATE GAP,3.81,48449|Neurology,2.244668911335578,2.355463347164592,True,-1,-0.03887733583387798
48449,Texas,Psychiatry,Mental Health Disorders,5123,3,221,3562.0,1707.6666666666667,3104.5,4291.15957060345,0.5500617383368229,MODERATE GAP,2.99,48449|Psychiatry,0.5855943782939683,16.045045045045047,False,1,0.050502457743288764
48449,Texas,Pulmonary,Respiratory Disease,4108,3,973,2792.0,1369.3333333333333,4251.578947368421,5741.879971570142,0.3220764215564908,LOW GAP,1.75,48449|Pulmonary,0.7302823758519961,2.86652977412731,False,1,0.06859244352475125
48449,Texas,Rheumatology,Arthritis,5507,0,0,0.0,0.0,10453.0,13315.598760659872,0.0,NO PROVIDER,100.0,48449|Rheumatology,0.0,0.0,False,1,0.1942794028685208
48451,Texas,Cardiology,Heart Disease,67158,6,10092,35927.0,11193.0,10823.136363636364,15071.056217261126,1.034173424776048,HIGH GAP,5.63,48451|Cardiology,0.08934155275618691,3.559595759437234,False,1,0.15734441885348882
48451,Texas,Endocrinology,Diabetes,45059,4,1192,5313.0,11264.75,18070.0,22988.768286620067,0.6233951300498063,MODERATE GAP,3.39,48451|Endocrinology,0.08877249828003285,4.453478625314333,False,1,0.15326298210891176
48451,Texas,Oncology,Cancer,6093,9,2905,13206.0,677.0,2055.6666666666665,2642.926682217817,0.3293335495378628,LOW GAP,1.79,48451|Oncology,1.4771048744460857,4.544390915347557,False,1,0.010478744004908891
48451,Texas,Neurology,Neurological Disorders,2910,13,3788,64933.0,223.84615384615384,637.0,906.5174241117586,0.3514068349233184,LOW GAP,1.91,48451|Neurology,4.4673539518900345,17.137239377144365,True,-1,-0.10404461098628326
48451,Texas,Psychiatry,Mental Health Disorders,21098,11,355,1675.0,1918.0,3104.5,4291.15957060345,0.6178128523111612,MODERATE GAP,3.36,48451|Psychiatry,0.5213764337851929,4.705056179775281,False,1,0.10914484139388736
48451,Texas,Pulmonary,Respiratory Disease,14323,3,512,1683.0,4774.333333333333,4251.578947368421,5741.879971570142,1.1229553519848148,HIGH GAP,6.11,48451|Pulmonary,0.2094533268170076,3.280701754385965,False,1,0.14366995120386156
48451,Texas,Rheumatology,Arthritis,21325,3,511,35633.0,7108.333333333333,10453.0,13315.598760659872,0.6800280621193278,MODERATE GAP,3.7,48451|Rheumatology,0.1406799531066823,69.595703125,False,1,0.03534424810188086
48453,Texas,Cardiology,Heart Disease,687055,71,50885,195004.0,9676.830985915492,10823.136363636364,15071.056217261126,0.8940875048408117,MODERATE GAP,4.87,48453|Cardiology,0.10333961618793255,3.832173878866486,False,1,0.15866110621841673
48453,Texas,Endocrinology,Diabetes,423380,31,8050,109146.0,13657.41935483871,18070.0,22988.768286620067,0.7558062730956674,MODERATE GAP,4.12,48453|Endocrinology,0.07322027493032264,13.556825239100732,False,1,0.09568810396329408
48453,Texas,Oncology,Cancer,63775,22,6594,1059790.0,2898.8636363636365,2055.6666666666665,2642.926682217817,1.4101817592169468,HIGH GAP,7.68,48453|Oncology,0.34496275970207757,160.69598180439726,False,1,0.01726719454014758
48453,Texas,Neurology,Neurological Disorders,25188,90,17163,238401.0,279.8666666666667,637.0,906.5174241117586,0.4393511250654108,LOW GAP,2.39,48453|Neurology,3.5731300619342545,13.889594500116523,True,-1,-0.08008160186034463
48453,Texas,Psychiatry,Mental Health Disorders,234199,124,4154,17856.0,1888.7016129032256,3104.5,4291.15957060345,0.6083754591409972,MODERATE GAP,3.31,48453|Psychiatry,0.5294642590275791,4.297472924187725,False,1,0.10992447652922921
48453,Texas,Pulmonary,Respiratory Disease,142020,29,7260,33997.0,4897.241379310345,4251.578947368421,5741.879971570142,1.151864152103201,HIGH GAP,6.27,48453|Pulmonary,0.20419659202929166,4.682137446632695,False,1,0.14322784484179674
48453,Texas,Rheumatology,Arthritis,195612,19,4705,1146001.0,10295.368421052632,10453.0,13315.598760659872,0.984919967574154,MODERATE GAP,5.36,48453|Rheumatology,0.09713105535447723,243.51912452188697,False,1,0.023556994461245484
48455,Texas,Cardiology,Heart Disease,9594,0,0,0.0,0.0,10823.136363636364,15071.056217261126,0.0,NO PROVIDER,100.0,48455|Cardiology,0.0,0.0,False,1,0.1942794028685208
48455,Texas,Endocrinology,Diabetes,5912,0,0,0.0,0.0,18070.0,22988.768286620067,0.0,NO PROVIDER,100.0,48455|Endocrinology,0.0,0.0,False,1,0.1942794028685208
48455,Texas,Oncology,Cancer,969,0,0,0.0,0.0,2055.6666666666665,2642.926682217817,0.0,NO PROVIDER,100.0,48455|Oncology,0.0,0.0,False,1,0.1942794028685208
48455,Texas,Neurology,Neurological Disorders,485,0,0,0.0,0.0,637.0,906.5174241117586,0.0,NO PROVIDER,100.0,48455|Neurology,0.0,0.0,False,1,0.1942794028685208
48455,Texas,Psychiatry,Mental Health Disorders,2827,0,0,0.0,0.0,3104.5,4291.15957060345,0.0,NO PROVIDER,100.0,48455|Psychiatry,0.0,0.0,False,1,0.1942794028685208
48455,Texas,Pulmonary,Respiratory Disease,2268,0,0,0.0,0.0,4251.578947368421,5741.879971570142,0.0,NO PROVIDER,100.0,48455|Pulmonary,0.0,0.0,False,1,0.1942794028685208
48455,Texas,Rheumatology,Arthritis,3283,0,0,0.0,0.0,10453.0,13315.598760659872,0.0,NO PROVIDER,100.0,48455|Rheumatology,0.0,0.0,False,1,0.1942794028685208
48457,Texas,Cardiology,Heart Disease,13889,0,0,0.0,0.0,10823.136363636364,15071.056217261126,0.0,NO PROVIDER,100.0,48457|Cardiology,0.0,0.0,False,1,0.1942794028685208
48457,Texas,Endocrinology,Diabetes,8739,0,0,0.0,0.0,18070.0,22988.768286620067,0.0,NO PROVIDER,100.0,48457|Endocrinology,0.0,0.0,False,1,0.1942794028685208
48457,Texas,Oncology,Cancer,1277,0,0,0.0,0.0,2055.6666666666665,2642.926682217817,0.0,NO PROVIDER,100.0,48457|Oncology,0.0,0.0,False,1,0.1942794028685208
48457,Texas,Neurology,Neurological Disorders,717,0,0,0.0,0.0,637.0,906.5174241117586,0.0,NO PROVIDER,100.0,48457|Neurology,0.0,0.0,False,1,0.1942794028685208
48457,Texas,Psychiatry,Mental Health Disorders,4086,0,0,0.0,0.0,3104.5,4291.15957060345,0.0,NO PROVIDER,100.0,48457|Psychiatry,0.0,0.0,False,1,0.1942794028685208
48457,Texas,Pulmonary,Respiratory Disease,3377,0,0,0.0,0.0,4251.578947368421,5741.879971570142,0.0,NO PROVIDER,100.0,48457|Pulmonary,0.0,0.0,False,1,0.1942794028685208
48457,Texas,Rheumatology,Arthritis,4498,0,0,0.0,0.0,10453.0,13315.598760659872,0.0,NO PROVIDER,100.0,48457|Rheumatology,0.0,0.0,False,1,0.1942794028685208
48459,Texas,Cardiology,Heart Disease,26003,0,0,0.0,0.0,10823.136363636364,15071.056217261126,0.0,NO PROVIDER,100.0,48459|Cardiology,0.0,0.0,False,1,0.1942794028685208
48459,Texas,Endocrinology,Diabetes,16532,0,0,0.0,0.0,18070.0,22988.768286620067,0.0,NO PROVIDER,100.0,48459|Endocrinology,0.0,0.0,False,1,0.1942794028685208
48459,Texas,Oncology,Cancer,2557,0,0,0.0,0.0,2055.6666666666665,2642.926682217817,0.0,NO PROVIDER,100.0,48459|Oncology,0.0,0.0,False,1,0.1942794028685208
48459,Texas,Neurology,Neurological Disorders,1254,0,0,0.0,0.0,637.0,906.5174241117586,0.0,NO PROVIDER,100.0,48459|Neurology,0.0,0.0,False,1,0.1942794028685208
48459,Texas,Psychiatry,Mental Health Disorders,8398,0,0,0.0,0.0,3104.5,4291.15957060345,0.0,NO PROVIDER,100.0,48459|Psychiatry,0.0,0.0,False,1,0.1942794028685208
48459,Texas,Pulmonary,Respiratory Disease,6286,0,0,0.0,0.0,4251.578947368421,5741.879971570142,0.0,NO PROVIDER,100.0,48459|Pulmonary,0.0,0.0,False,1,0.1942794028685208
48459,Texas,Rheumatology,Arthritis,8777,0,0,0.0,0.0,10453.0,13315.598760659872,0.0,NO PROVIDER,100.0,48459|Rheumatology,0.0,0.0,False,1,0.1942794028685208
48461,Texas,Cardiology,Heart Disease,1810,0,0,0.0,0.0,10823.136363636364,15071.056217261126,0.0,NO PROVIDER,100.0,48461|Cardiology,0.0,0.0,False,1,0.1942794028685208
48461,Texas,Endocrinology,Diabetes,1301,0,0,0.0,0.0,18070.0,22988.768286620067,0.0,NO PROVIDER,100.0,48461|Endocrinology,0.0,0.0,False,1,0.1942794028685208
48461,Texas,Oncology,Cancer,139,0,0,0.0,0.0,2055.6666666666665,2642.926682217817,0.0,NO PROVIDER,100.0,48461|Oncology,0.0,0.0,False,1,0.1942794028685208
48461,Texas,Neurology,Neurological Disorders,91,0,0,0.0,0.0,637.0,906.5174241117586,0.0,NO PROVIDER,100.0,48461|Neurology,0.0,0.0,False,1,0.1942794028685208
48461,Texas,Psychiatry,Mental Health Disorders,510,0,0,0.0,0.0,3104.5,4291.15957060345,0.0,NO PROVIDER,100.0,48461|Psychiatry,0.0,0.0,False,1,0.1942794028685208
48461,Texas,Pulmonary,Respiratory Disease,399,0,0,0.0,0.0,4251.578947368421,5741.879971570142,0.0,NO PROVIDER,100.0,48461|Pulmonary,0.0,0.0,False,1,0.1942794028685208
48461,Texas,Rheumatology,Arthritis,551,0,0,0.0,0.0,10453.0,13315.598760659872,0.0,NO PROVIDER,100.0,48461|Rheumatology,0.0,0.0,False,1,0.1942794028685208
48463,Texas,Cardiology,Heart Disease,13918,2,1122,4731.0,6959.0,10823.136363636364,15071.056217261126,0.6429744360775947,MODERATE GAP,3.5,48463|Cardiology,0.14369880729989942,4.212822796081923,False,1,0.154086770741377
48463,Texas,Endocrinology,Diabetes,10214,0,0,0.0,0.0,18070.0,22988.768286620067,0.0,NO PROVIDER,100.0,48463|Endocrinology,0.0,0.0,False,1,0.1942794028685208
48463,Texas,Oncology,Cancer,1064,1,0,0.0,1064.0,2055.6666666666665,2642.926682217817,0.5175936435868331,MODERATE GAP,2.82,48463|Oncology,0.9398496240601504,0.0,True,-1,-0.025039255984672715
48463,Texas,Neurology,Neurological Disorders,642,0,0,0.0,0.0,637.0,906.5174241117586,0.0,NO PROVIDER,100.0,48463|Neurology,0.0,0.0,False,1,0.1942794028685208
48463,Texas,Psychiatry,Mental Health Disorders,3814,3,70,166.0,1271.3333333333333,3104.5,4291.15957060345,0.4095130724217533,LOW GAP,2.23,48463|Psychiatry,0.7865757734661772,2.3380281690140845,False,1,0.05185640478708409
48463,Texas,Pulmonary,Respiratory Disease,2833,1,407,1083.0,2833.0,4251.578947368421,5741.879971570142,0.6663406783857391,MODERATE GAP,3.63,48463|Pulmonary,0.35298270384751146,2.6544117647058822,False,1,0.12542302690310925
48463,Texas,Rheumatology,Arthritis,4080,0,0,0.0,0.0,10453.0,13315.598760659872,0.0,NO PROVIDER,100.0,48463|Rheumatology,0.0,0.0,False,1,0.1942794028685208
48465,Texas,Cardiology,Heart Disease,25337,1,427,909.0,25337.0,10823.136363636364,15071.056217261126,2.341003489998278,CRITICAL GAP,12.75,48465|Cardiology,0.03946797174093224,2.1238317757009346,False,1,0.10914954707883884
48465,Texas,Endocrinology,Diabetes,18523,0,0,0.0,0.0,18070.0,22988.768286620067,0.0,NO PROVIDER,100.0,48465|Endocrinology,0.0,0.0,False,1,0.1942794028685208
48465,Texas,Oncology,Cancer,1648,0,0,0.0,0.0,2055.6666666666665,2642.926682217817,0.0,NO PROVIDER,100.0,48465|Oncology,0.0,0.0,False,1,0.1942794028685208
48465,Texas,Neurology,Neurological Disorders,1167,0,0,0.0,0.0,637.0,906.5174241117586,0.0,NO PROVIDER,100.0,48465|Neurology,0.0,0.0,False,1,0.1942794028685208
48465,Texas,Psychiatry,Mental Health Disorders,6678,1,157,403.0,6678.0,3104.5,4291.15957060345,2.1510710259301016,CRITICAL GAP,11.71,48465|Psychiatry,0.1497454327643007,2.550632911392405,False,1,0.14905083246065293
48465,Texas,Pulmonary,Respiratory Disease,4926,0,0,0.0,0.0,4251.578947368421,5741.879971570142,0.0,NO PROVIDER,100.0,48465|Pulmonary,0.0,0.0,False,1,0.1942794028685208
48465,Texas,Rheumatology,Arthritis,7038,0,0,0.0,0.0,10453.0,13315.598760659872,0.0,NO PROVIDER,100.0,48465|Rheumatology,0.0,0.0,False,1,0.1942794028685208
48467,Texas,Cardiology,Heart Disease,38947,0,0,0.0,0.0,10823.136363636364,15071.056217261126,0.0,NO PROVIDER,100.0,48467|Cardiology,0.0,0.0,False,1,0.1942794028685208
48467,Texas,Endocrinology,Diabetes,23678,0,0,0.0,0.0,18070.0,22988.768286620067,0.0,NO PROVIDER,100.0,48467|Endocrinology,0.0,0.0,False,1,0.1942794028685208
48467,Texas,Oncology,Cancer,3996,0,0,0.0,0.0,2055.6666666666665,2642.926682217817,0.0,NO PROVIDER,100.0,48467|Oncology,0.0,0.0,False,1,0.1942794028685208
48467,Texas,Neurology,Neurological Disorders,1751,0,0,0.0,0.0,637.0,906.5174241117586,0.0,NO PROVIDER,100.0,48467|Neurology,0.0,0.0,False,1,0.1942794028685208
48467,Texas,Psychiatry,Mental Health Disorders,12530,0,0,0.0,0.0,3104.5,4291.15957060345,0.0,NO PROVIDER,100.0,48467|Psychiatry,0.0,0.0,False,1,0.1942794028685208
48467,Texas,Pulmonary,Respiratory Disease,8953,0,0,0.0,0.0,4251.578947368421,5741.879971570142,0.0,NO PROVIDER,100.0,48467|Pulmonary,0.0,0.0,False,1,0.1942794028685208
48467,Texas,Rheumatology,Arthritis,12925,0,0,0.0,0.0,10453.0,13315.598760659872,0.0,NO PROVIDER,100.0,48467|Rheumatology,0.0,0.0,False,1,0.1942794028685208
48469,Texas,Cardiology,Heart Disease,51096,7,4824,36846.0,7299.428571428572,10823.136363636364,15071.056217261126,0.6744282180489968,MODERATE GAP,3.67,48469|Cardiology,0.13699702520745263,7.636476683937824,False,1,0.1294203933965291
48469,Texas,Endocrinology,Diabetes,35117,0,0,0.0,0.0,18070.0,22988.768286620067,0.0,NO PROVIDER,100.0,48469|Endocrinology,0.0,0.0,False,1,0.1942794028685208
48469,Texas,Oncology,Cancer,4433,2,768,3481.0,2216.5,2055.6666666666665,2642.926682217817,1.0782390141073457,HIGH GAP,5.87,48469|Oncology,0.45116174148432214,4.526657997399219,False,1,0.11593307806433822
48469,Texas,Neurology,Neurological Disorders,2371,1,185,410.0,2371.0,637.0,906.5174241117586,3.722135007849293,CRITICAL GAP,20.27,48469|Neurology,0.42176296921130324,2.204301075268817,False,1,0.10518142099250738
48469,Texas,Psychiatry,Mental Health Disorders,15016,1,42,100.0,15016.0,3104.5,4291.15957060345,4.836849734256724,CRITICAL GAP,26.34,48469|Psychiatry,0.06659563132658497,2.3255813953488373,False,1,0.14089163483346112
48469,Texas,Pulmonary,Respiratory Disease,11099,2,1041,3461.0,5549.5,4251.578947368421,5741.879971570142,1.305279772220847,HIGH GAP,7.11,48469|Pulmonary,0.18019641409135956,3.3214971209213053,False,1,0.15381032044872484
48469,Texas,Rheumatology,Arthritis,15772,1,412,97196.0,15772.0,10453.0,13315.598760659872,1.5088491342198411,HIGH GAP,8.22,48469|Rheumatology,0.06340349987319299,235.34140435835351,False,1,0.007620642792190213
48471,Texas,Cardiology,Heart Disease,53350,3,351,854.0,17783.333333333332,10823.136363636364,15071.056217261126,1.643085029685284,HIGH GAP,8.95,48471|Cardiology,0.056232427366447985,2.4261363636363638,False,1,0.14035663396111542
48471,Texas,Endocrinology,Diabetes,37067,0,0,0.0,0.0,18070.0,22988.768286620067,0.0,NO PROVIDER,100.0,48471|Endocrinology,0.0,0.0,False,1,0.1942794028685208
48471,Texas,Oncology,Cancer,4226,0,0,0.0,0.0,2055.6666666666665,2642.926682217817,0.0,NO PROVIDER,100.0,48471|Oncology,0.0,0.0,False,1,0.1942794028685208
48471,Texas,Neurology,Neurological Disorders,2564,1,108,731.0,2564.0,637.0,906.5174241117586,4.025117739403454,CRITICAL GAP,21.92,48471|Neurology,0.39001560062402496,6.706422018348624,False,1,0.1087261330155932
48471,Texas,Psychiatry,Mental Health Disorders,15624,1,15,116.0,15624.0,3104.5,4291.15957060345,5.032694475760992,CRITICAL GAP,27.4,48471|Psychiatry,0.06400409626216078,7.25,False,1,0.12108082047765228
48471,Texas,Pulmonary,Respiratory Disease,12090,1,722,4175.0,12090.0,4251.578947368421,5741.879971570142,2.843649418172815,CRITICAL GAP,15.48,48471|Pulmonary,0.0827129859387924,5.7745504840940525,False,1,0.14065557940212237
48471,Texas,Rheumatology,Arthritis,15762,1,330,95023.0,15762.0,10453.0,13315.598760659872,1.5078924710609394,HIGH GAP,8.21,48471|Rheumatology,0.0634437254155564,287.0785498489426,False,1,0.002147748617118528
48473,Texas,Cardiology,Heart Disease,33919,0,0,0.0,0.0,10823.136363636364,15071.056217261126,0.0,NO PROVIDER,100.0,48473|Cardiology,0.0,0.0,False,1,0.1942794028685208
48473,Texas,Endocrinology,Diabetes,23882,0,0,0.0,0.0,18070.0,22988.768286620067,0.0,NO PROVIDER,100.0,48473|Endocrinology,0.0,0.0,False,1,0.1942794028685208
48473,Texas,Oncology,Cancer,2740,0,0,0.0,0.0,2055.6666666666665,2642.926682217817,0.0,NO PROVIDER,100.0,48473|Oncology,0.0,0.0,False,1,0.1942794028685208
48473,Texas,Neurology,Neurological Disorders,1479,0,0,0.0,0.0,637.0,906.5174241117586,0.0,NO PROVIDER,100.0,48473|Neurology,0.0,0.0,False,1,0.1942794028685208
48473,Texas,Psychiatry,Mental Health Disorders,10426,1,0,0.0,10426.0,3104.5,4291.15957060345,3.3583507811241744,CRITICAL GAP,18.29,48473|Psychiatry,0.0959140610013428,0.0,False,1,0.045270009582610626
48473,Texas,Pulmonary,Respiratory Disease,7637,0,0,0.0,0.0,4251.578947368421,5741.879971570142,0.0,NO PROVIDER,100.0,48473|Pulmonary,0.0,0.0,False,1,0.1942794028685208
48473,Texas,Rheumatology,Arthritis,10038,0,0,0.0,0.0,10453.0,13315.598760659872,0.0,NO PROVIDER,100.0,48473|Rheumatology,0.0,0.0,False,1,0.1942794028685208
48475,Texas,Cardiology,Heart Disease,5852,0,0,0.0,0.0,10823.136363636364,15071.056217261126,0.0,NO PROVIDER,100.0,48475|Cardiology,0.0,0.0,False,1,0.1942794028685208
48475,Texas,Endocrinology,Diabetes,4042,0,0,0.0,0.0,18070.0,22988.768286620067,0.0,NO PROVIDER,100.0,48475|Endocrinology,0.0,0.0,False,1,0.1942794028685208
48475,Texas,Oncology,Cancer,450,0,0,0.0,0.0,2055.6666666666665,2642.926682217817,0.0,NO PROVIDER,100.0,48475|Oncology,0.0,0.0,False,1,0.1942794028685208
48475,Texas,Neurology,Neurological Disorders,266,0,0,0.0,0.0,637.0,906.5174241117586,0.0,NO PROVIDER,100.0,48475|Neurology,0.0,0.0,False,1,0.1942794028685208
48475,Texas,Psychiatry,Mental Health Disorders,1675,0,0,0.0,0.0,3104.5,4291.15957060345,0.0,NO PROVIDER,100.0,48475|Psychiatry,0.0,0.0,False,1,0.1942794028685208
48475,Texas,Pulmonary,Respiratory Disease,1221,0,0,0.0,0.0,4251.578947368421,5741.879971570142,0.0,NO PROVIDER,100.0,48475|Pulmonary,0.0,0.0,False,1,0.1942794028685208
48475,Texas,Rheumatology,Arthritis,1745,1,20,44.0,1745.0,10453.0,13315.598760659872,0.1669377212283554,LOW GAP,0.91,48475|Rheumatology,0.5730659025787965,2.0952380952380953,False,1,0.08159987915249545
48477,Texas,Cardiology,Heart Disease,22508,0,0,0.0,0.0,10823.136363636364,15071.056217261126,0.0,NO PROVIDER,100.0,48477|Cardiology,0.0,0.0,False,1,0.1942794028685208
48477,Texas,Endocrinology,Diabetes,14110,0,0,0.0,0.0,18070.0,22988.768286620067,0.0,NO PROVIDER,100.0,48477|Endocrinology,0.0,0.0,False,1,0.1942794028685208
48477,Texas,Oncology,Cancer,2279,0,0,0.0,0.0,2055.6666666666665,2642.926682217817,0.0,NO PROVIDER,100.0,48477|Oncology,0.0,0.0,False,1,0.1942794028685208
48477,Texas,Neurology,Neurological Disorders,993,0,0,0.0,0.0,637.0,906.5174241117586,0.0,NO PROVIDER,100.0,48477|Neurology,0.0,0.0,False,1,0.1942794028685208
48477,Texas,Psychiatry,Mental Health Disorders,6529,1,0,0.0,6529.0,3104.5,4291.15957060345,2.103076179739088,CRITICAL GAP,11.45,48477|Psychiatry,0.15316281206922958,0.0,False,1,0.03917707187247543
48477,Texas,Pulmonary,Respiratory Disease,4821,0,0,0.0,0.0,4251.578947368421,5741.879971570142,0.0,NO PROVIDER,100.0,48477|Pulmonary,0.0,0.0,False,1,0.1942794028685208
48477,Texas,Rheumatology,Arthritis,7274,0,0,0.0,0.0,10453.0,13315.598760659872,0.0,NO PROVIDER,100.0,48477|Rheumatology,0.0,0.0,False,1,0.1942794028685208
48479,Texas,Cardiology,Heart Disease,133284,2,1653,8255.0,66642.0,10823.136363636364,15071.056217261126,6.157364904308531,CRITICAL GAP,33.53,48479|Cardiology,0.015005552054260076,4.99093107617896,False,1,0.02441291819012914
48479,Texas,Endocrinology,Diabetes,109567,1,228,1006.0,109567.0,18070.0,22988.768286620067,6.063475373547316,CRITICAL GAP,33.01,48479|Endocrinology,0.009126835634817053,4.393013100436681,False,1,0.013737051584365778
48479,Texas,Oncology,Cancer,7906,2,735,64880.0,3953.0,2055.6666666666665,2642.926682217817,1.922977136371007,HIGH GAP,10.47,48479|Oncology,0.25297242600556535,88.15217391304348,False,1,0.017929596610465004
48479,Texas,Neurology,Neurological Disorders,6139,3,923,4689.0,2046.3333333333333,637.0,906.5174241117586,3.212454212454212,CRITICAL GAP,17.49,48479|Neurology,0.48867893793777484,5.074675324675325,False,1,0.10679021510979347
48479,Texas,Psychiatry,Mental Health Disorders,35251,3,89,169.0,11750.333333333334,3104.5,4291.15957060345,3.784935845815215,CRITICAL GAP,20.61,48479|Psychiatry,0.08510396868173951,1.8777777777777778,False,1,0.1308909929010626
48479,Texas,Pulmonary,Respiratory Disease,25578,6,1509,12560.0,4263.0,4251.578947368421,5741.879971570142,1.002686308492201,HIGH GAP,5.46,48479|Pulmonary,0.2345765892563922,8.317880794701987,False,1,0.10907840290638848
48479,Texas,Rheumatology,Arthritis,35809,1,267,88136.0,35809.0,10453.0,13315.598760659872,3.425715105711279,CRITICAL GAP,18.65,48479|Rheumatology,0.02792594040604317,328.86567164179104,True,-1,-0.050111493710181754
48481,Texas,Cardiology,Heart Disease,24236,0,0,0.0,0.0,10823.136363636364,15071.056217261126,0.0,NO PROVIDER,100.0,48481|Cardiology,0.0,0.0,False,1,0.1942794028685208
48481,Texas,Endocrinology,Diabetes,16896,0,0,0.0,0.0,18070.0,22988.768286620067,0.0,NO PROVIDER,100.0,48481|Endocrinology,0.0,0.0,False,1,0.1942794028685208
48481,Texas,Oncology,Cancer,2057,0,0,0.0,0.0,2055.6666666666665,2642.926682217817,0.0,NO PROVIDER,100.0,48481|Oncology,0.0,0.0,False,1,0.1942794028685208
48481,Texas,Neurology,Neurological Disorders,1153,0,0,0.0,0.0,637.0,906.5174241117586,0.0,NO PROVIDER,100.0,48481|Neurology,0.0,0.0,False,1,0.1942794028685208
48481,Texas,Psychiatry,Mental Health Disorders,6811,1,68,375.0,6811.0,3104.5,4291.15957060345,2.19391206313416,CRITICAL GAP,11.95,48481|Psychiatry,0.14682131845543972,5.434782608695652,False,1,0.14734350053063122
48481,Texas,Pulmonary,Respiratory Disease,5237,3,1763,9735.0,1745.6666666666667,4251.578947368421,5741.879971570142,0.4105925559131799,LOW GAP,2.24,48481|Pulmonary,0.5728470498376933,5.5187074829931975,False,1,0.09556945532566208
48481,Texas,Rheumatology,Arthritis,7513,0,0,0.0,0.0,10453.0,13315.598760659872,0.0,NO PROVIDER,100.0,48481|Rheumatology,0.0,0.0,False,1,0.1942794028685208
48483,Texas,Cardiology,Heart Disease,2882,0,0,0.0,0.0,10823.136363636364,15071.056217261126,0.0,NO PROVIDER,100.0,48483|Cardiology,0.0,0.0,False,1,0.1942794028685208
48483,Texas,Endocrinology,Diabetes,1821,0,0,0.0,0.0,18070.0,22988.768286620067,0.0,NO PROVIDER,100.0,48483|Endocrinology,0.0,0.0,False,1,0.1942794028685208
48483,Texas,Oncology,Cancer,283,0,0,0.0,0.0,2055.6666666666665,2642.926682217817,0.0,NO PROVIDER,100.0,48483|Oncology,0.0,0.0,False,1,0.1942794028685208
48483,Texas,Neurology,Neurological Disorders,137,0,0,0.0,0.0,637.0,906.5174241117586,0.0,NO PROVIDER,100.0,48483|Neurology,0.0,0.0,False,1,0.1942794028685208
48483,Texas,Psychiatry,Mental Health Disorders,867,0,0,0.0,0.0,3104.5,4291.15957060345,0.0,NO PROVIDER,100.0,48483|Psychiatry,0.0,0.0,False,1,0.1942794028685208
48483,Texas,Pulmonary,Respiratory Disease,669,0,0,0.0,0.0,4251.578947368421,5741.879971570142,0.0,NO PROVIDER,100.0,48483|Pulmonary,0.0,0.0,False,1,0.1942794028685208
48483,Texas,Rheumatology,Arthritis,948,0,0,0.0,0.0,10453.0,13315.598760659872,0.0,NO PROVIDER,100.0,48483|Rheumatology,0.0,0.0,False,1,0.1942794028685208
48485,Texas,Cardiology,Heart Disease,73832,10,14720,55794.0,7383.2,10823.136363636364,15071.056217261126,0.6821682506751109,MODERATE GAP,3.71,48485|Cardiology,0.13544262650341315,3.7900957815365803,False,1,0.15845090421660846
48485,Texas,Endocrinology,Diabetes,47750,0,0,0.0,0.0,18070.0,22988.768286620067,0.0,NO PROVIDER,100.0,48485|Endocrinology,0.0,0.0,False,1,0.1942794028685208
48485,Texas,Oncology,Cancer,6771,1,1598,368193.0,6771.0,2055.6666666666665,2642.926682217817,3.2938219555699693,CRITICAL GAP,17.93,48485|Oncology,0.1476886722788362,230.26454033771108,False,1,0.021923204868070756
48485,Texas,Neurology,Neurological Disorders,3310,5,3260,156911.0,662.0,637.0,906.5174241117586,1.0392464678178963,HIGH GAP,5.66,48485|Neurology,1.5105740181268883,48.117448635387916,True,-1,-0.04779359375471082
48485,Texas,Psychiatry,Mental Health Disorders,24076,11,1557,9616.0,2188.7272727272725,3104.5,4291.15957060345,0.7050176430108785,MODERATE GAP,3.84,48485|Psychiatry,0.45688652600099683,6.17201540436457,False,1,0.10425184235333351
48485,Texas,Pulmonary,Respiratory Disease,17254,0,0,0.0,0.0,4251.578947368421,5741.879971570142,0.0,NO PROVIDER,100.0,48485|Pulmonary,0.0,0.0,False,1,0.1942794028685208
48485,Texas,Rheumatology,Arthritis,23373,3,1550,725578.0,7791.0,10453.0,13315.598760659872,0.7453362671003539,MODERATE GAP,4.06,48485|Rheumatology,0.1283532280836863,467.81302385557706,True,-1,-0.016886032041391053
48487,Texas,Cardiology,Heart Disease,8089,0,0,0.0,0.0,10823.136363636364,15071.056217261126,0.0,NO PROVIDER,100.0,48487|Cardiology,0.0,0.0,False,1,0.1942794028685208
48487,Texas,Endocrinology,Diabetes,5452,0,0,0.0,0.0,18070.0,22988.768286620067,0.0,NO PROVIDER,100.0,48487|Endocrinology,0.0,0.0,False,1,0.1942794028685208
48487,Texas,Oncology,Cancer,688,0,0,0.0,0.0,2055.6666666666665,2642.926682217817,0.0,NO PROVIDER,100.0,48487|Oncology,0.0,0.0,False,1,0.1942794028685208
48487,Texas,Neurology,Neurological Disorders,425,0,0,0.0,0.0,637.0,906.5174241117586,0.0,NO PROVIDER,100.0,48487|Neurology,0.0,0.0,False,1,0.1942794028685208
48487,Texas,Psychiatry,Mental Health Disorders,2380,0,0,0.0,0.0,3104.5,4291.15957060345,0.0,NO PROVIDER,100.0,48487|Psychiatry,0.0,0.0,False,1,0.1942794028685208
48487,Texas,Pulmonary,Respiratory Disease,1944,0,0,0.0,0.0,4251.578947368421,5741.879971570142,0.0,NO PROVIDER,100.0,48487|Pulmonary,0.0,0.0,False,1,0.1942794028685208
48487,Texas,Rheumatology,Arthritis,2632,0,0,0.0,0.0,10453.0,13315.598760659872,0.0,NO PROVIDER,100.0,48487|Rheumatology,0.0,0.0,False,1,0.1942794028685208
48489,Texas,Cardiology,Heart Disease,12227,0,0,0.0,0.0,10823.136363636364,15071.056217261126,0.0,NO PROVIDER,100.0,48489|Cardiology,0.0,0.0,False,1,0.1942794028685208
48489,Texas,Endocrinology,Diabetes,9637,0,0,0.0,0.0,18070.0,22988.768286620067,0.0,NO PROVIDER,100.0,48489|Endocrinology,0.0,0.0,False,1,0.1942794028685208
48489,Texas,Oncology,Cancer,699,0,0,0.0,0.0,2055.6666666666665,2642.926682217817,0.0,NO PROVIDER,100.0,48489|Oncology,0.0,0.0,False,1,0.1942794028685208
48489,Texas,Neurology,Neurological Disorders,646,0,0,0.0,0.0,637.0,906.5174241117586,0.0,NO PROVIDER,100.0,48489|Neurology,0.0,0.0,False,1,0.1942794028685208
48489,Texas,Psychiatry,Mental Health Disorders,2990,0,0,0.0,0.0,3104.5,4291.15957060345,0.0,NO PROVIDER,100.0,48489|Psychiatry,0.0,0.0,False,1,0.1942794028685208
48489,Texas,Pulmonary,Respiratory Disease,2467,0,0,0.0,0.0,4251.578947368421,5741.879971570142,0.0,NO PROVIDER,100.0,48489|Pulmonary,0.0,0.0,False,1,0.1942794028685208
48489,Texas,Rheumatology,Arthritis,3420,0,0,0.0,0.0,10453.0,13315.598760659872,0.0,NO PROVIDER,100.0,48489|Rheumatology,0.0,0.0,False,1,0.1942794028685208
48491,Texas,Cardiology,Heart Disease,347478,16,11523,39375.0,21717.375,10823.136363636364,15071.056217261126,2.0065694702846173,CRITICAL GAP,10.93,48491|Cardiology,0.04604608061517564,3.4167823672335995,False,1,0.136259281377276
48491,Texas,Endocrinology,Diabetes,223492,12,5286,34290.0,18624.33333333333,18070.0,22988.768286620067,1.0306769968640472,HIGH GAP,5.61,48491|Endocrinology,0.05369319707193099,6.485719689805182,False,1,0.12599005476752445
48491,Texas,Oncology,Cancer,35120,21,9728,2169349.0,1672.3809523809523,2055.6666666666665,2642.926682217817,0.8135467580902963,MODERATE GAP,4.43,48491|Oncology,0.5979498861047836,222.97759276390173,True,-1,-0.02185117306574147
48491,Texas,Neurology,Neurological Disorders,12771,21,3496,104477.0,608.1428571428571,637.0,906.5174241117586,0.954698362861628,MODERATE GAP,5.2,48491|Neurology,1.644350481559784,29.876179582499287,True,-1,-0.036554963878985824
48491,Texas,Psychiatry,Mental Health Disorders,108554,49,595,2858.0,2215.387755102041,3104.5,4291.15957060345,0.7136053326146049,MODERATE GAP,3.89,48491|Psychiatry,0.45138824916631354,4.795302013422819,False,1,0.11461218997156103
48491,Texas,Pulmonary,Respiratory Disease,70506,6,2486,7799.0,11751.0,4251.578947368421,5741.879971570142,2.763914335231493,CRITICAL GAP,15.05,48491|Pulmonary,0.08509914049868096,3.1359067149175712,False,1,0.1526122550770605
48491,Texas,Rheumatology,Arthritis,103232,9,2515,445247.0,11470.222222222224,10453.0,13315.598760659872,1.097313902441617,HIGH GAP,5.97,48491|Rheumatology,0.08718226906385616,176.96621621621622,False,1,0.029921496923231983
48493,Texas,Cardiology,Heart Disease,30246,1,649,2228.0,30246.0,10823.136363636364,15071.056217261126,2.794568873919088,CRITICAL GAP,15.22,48493|Cardiology,0.0330622231038815,3.4276923076923076,False,1,0.1108131939768141
48493,Texas,Endocrinology,Diabetes,19536,0,0,0.0,0.0,18070.0,22988.768286620067,0.0,NO PROVIDER,100.0,48493|Endocrinology,0.0,0.0,False,1,0.1942794028685208
48493,Texas,Oncology,Cancer,2838,0,0,0.0,0.0,2055.6666666666665,2642.926682217817,0.0,NO PROVIDER,100.0,48493|Oncology,0.0,0.0,False,1,0.1942794028685208
48493,Texas,Neurology,Neurological Disorders,1264,0,0,0.0,0.0,637.0,906.5174241117586,0.0,NO PROVIDER,100.0,48493|Neurology,0.0,0.0,False,1,0.1942794028685208
48493,Texas,Psychiatry,Mental Health Disorders,8825,0,0,0.0,0.0,3104.5,4291.15957060345,0.0,NO PROVIDER,100.0,48493|Psychiatry,0.0,0.0,False,1,0.1942794028685208
48493,Texas,Pulmonary,Respiratory Disease,6236,0,0,0.0,0.0,4251.578947368421,5741.879971570142,0.0,NO PROVIDER,100.0,48493|Pulmonary,0.0,0.0,False,1,0.1942794028685208
48493,Texas,Rheumatology,Arthritis,9488,0,0,0.0,0.0,10453.0,13315.598760659872,0.0,NO PROVIDER,100.0,48493|Rheumatology,0.0,0.0,False,1,0.1942794028685208
48495,Texas,Cardiology,Heart Disease,3881,0,0,0.0,0.0,10823.136363636364,15071.056217261126,0.0,NO PROVIDER,100.0,48495|Cardiology,0.0,0.0,False,1,0.1942794028685208
48495,Texas,Endocrinology,Diabetes,2706,0,0,0.0,0.0,18070.0,22988.768286620067,0.0,NO PROVIDER,100.0,48495|Endocrinology,0.0,0.0,False,1,0.1942794028685208
48495,Texas,Oncology,Cancer,290,0,0,0.0,0.0,2055.6666666666665,2642.926682217817,0.0,NO PROVIDER,100.0,48495|Oncology,0.0,0.0,False,1,0.1942794028685208
48495,Texas,Neurology,Neurological Disorders,172,0,0,0.0,0.0,637.0,906.5174241117586,0.0,NO PROVIDER,100.0,48495|Neurology,0.0,0.0,False,1,0.1942794028685208
48495,Texas,Psychiatry,Mental Health Disorders,1088,0,0,0.0,0.0,3104.5,4291.15957060345,0.0,NO PROVIDER,100.0,48495|Psychiatry,0.0,0.0,False,1,0.1942794028685208
48495,Texas,Pulmonary,Respiratory Disease,792,0,0,0.0,0.0,4251.578947368421,5741.879971570142,0.0,NO PROVIDER,100.0,48495|Pulmonary,0.0,0.0,False,1,0.1942794028685208
48495,Texas,Rheumatology,Arthritis,1122,0,0,0.0,0.0,10453.0,13315.598760659872,0.0,NO PROVIDER,100.0,48495|Rheumatology,0.0,0.0,False,1,0.1942794028685208
48497,Texas,Cardiology,Heart Disease,43162,2,1376,12539.0,21581.0,10823.136363636364,15071.056217261126,1.993969148583212,HIGH GAP,10.86,48497|Cardiology,0.04633705574347806,9.106027596223674,False,1,0.1019008186397442
48497,Texas,Endocrinology,Diabetes,26546,0,0,0.0,0.0,18070.0,22988.768286620067,0.0,NO PROVIDER,100.0,48497|Endocrinology,0.0,0.0,False,1,0.1942794028685208
48497,Texas,Oncology,Cancer,4331,0,0,0.0,0.0,2055.6666666666665,2642.926682217817,0.0,NO PROVIDER,100.0,48497|Oncology,0.0,0.0,False,1,0.1942794028685208
48497,Texas,Neurology,Neurological Disorders,1856,0,0,0.0,0.0,637.0,906.5174241117586,0.0,NO PROVIDER,100.0,48497|Neurology,0.0,0.0,False,1,0.1942794028685208
48497,Texas,Psychiatry,Mental Health Disorders,13994,1,412,2946.0,13994.0,3104.5,4291.15957060345,4.50765018521501,CRITICAL GAP,24.54,48497|Psychiatry,0.07145919679862799,7.13317191283293,False,1,0.11937002905748068
48497,Texas,Pulmonary,Respiratory Disease,9899,1,256,756.0,9899.0,4251.578947368421,5741.879971570142,2.3283114632334736,CRITICAL GAP,12.68,48497|Pulmonary,0.10102030508132134,2.9416342412451364,False,1,0.15978080184596488
48497,Texas,Rheumatology,Arthritis,14201,1,769,115716.0,14201.0,10453.0,13315.598760659872,1.358557351956376,HIGH GAP,7.4,48497|Rheumatology,0.07041757622702627,150.28051948051947,False,1,0.026796838656417354
48499,Texas,Cardiology,Heart Disease,31593,0,0,0.0,0.0,10823.136363636364,15071.056217261126,0.0,NO PROVIDER,100.0,48499|Cardiology,0.0,0.0,False,1,0.1942794028685208
48499,Texas,Endocrinology,Diabetes,18391,1,458,1269.0,18391.0,18070.0,22988.768286620067,1.0177642501383508,HIGH GAP,5.54,48499|Endocrinology,0.05437442227176337,2.764705882352941,False,1,0.14311728950960573
48499,Texas,Oncology,Cancer,3413,1,284,34162.0,3413.0,2055.6666666666665,2642.926682217817,1.6602886330468625,HIGH GAP,9.04,48499|Oncology,0.2929973630237328,119.86666666666666,False,1,0.01259731363572103
48499,Texas,Neurology,Neurological Disorders,1482,1,453,553.0,1482.0,637.0,906.5174241117586,2.326530612244898,CRITICAL GAP,12.67,48499|Neurology,0.6747638326585694,1.2180616740088106,False,1,0.03393354014076233
48499,Texas,Psychiatry,Mental Health Disorders,9439,1,42,247.0,9439.0,3104.5,4291.15957060345,3.040425189241424,CRITICAL GAP,16.55,48499|Psychiatry,0.10594342621040363,5.744186046511628,False,1,0.14667431034826567
48499,Texas,Pulmonary,Respiratory Disease,7196,0,0,0.0,0.0,4251.578947368421,5741.879971570142,0.0,NO PROVIDER,100.0,48499|Pulmonary,0.0,0.0,False,1,0.1942794028685208
48499,Texas,Rheumatology,Arthritis,10726,0,0,0.0,0.0,10453.0,13315.598760659872,0.0,NO PROVIDER,100.0,48499|Rheumatology,0.0,0.0,False,1,0.1942794028685208
48501,Texas,Cardiology,Heart Disease,3629,0,0,0.0,0.0,10823.136363636364,15071.056217261126,0.0,NO PROVIDER,100.0,48501|Cardiology,0.0,0.0,False,1,0.1942794028685208
48501,Texas,Endocrinology,Diabetes,2564,0,0,0.0,0.0,18070.0,22988.768286620067,0.0,NO PROVIDER,100.0,48501|Endocrinology,0.0,0.0,False,1,0.1942794028685208
48501,Texas,Oncology,Cancer,286,0,0,0.0,0.0,2055.6666666666665,2642.926682217817,0.0,NO PROVIDER,100.0,48501|Oncology,0.0,0.0,False,1,0.1942794028685208
48501,Texas,Neurology,Neurological Disorders,158,0,0,0.0,0.0,637.0,906.5174241117586,0.0,NO PROVIDER,100.0,48501|Neurology,0.0,0.0,False,1,0.1942794028685208
48501,Texas,Psychiatry,Mental Health Disorders,1050,0,0,0.0,0.0,3104.5,4291.15957060345,0.0,NO PROVIDER,100.0,48501|Psychiatry,0.0,0.0,False,1,0.1942794028685208
48501,Texas,Pulmonary,Respiratory Disease,747,0,0,0.0,0.0,4251.578947368421,5741.879971570142,0.0,NO PROVIDER,100.0,48501|Pulmonary,0.0,0.0,False,1,0.1942794028685208
48501,Texas,Rheumatology,Arthritis,1063,0,0,0.0,0.0,10453.0,13315.598760659872,0.0,NO PROVIDER,100.0,48501|Rheumatology,0.0,0.0,False,1,0.1942794028685208
48503,Texas,Cardiology,Heart Disease,10708,0,0,0.0,0.0,10823.136363636364,15071.056217261126,0.0,NO PROVIDER,100.0,48503|Cardiology,0.0,0.0,False,1,0.1942794028685208
48503,Texas,Endocrinology,Diabetes,6803,0,0,0.0,0.0,18070.0,22988.768286620067,0.0,NO PROVIDER,100.0,48503|Endocrinology,0.0,0.0,False,1,0.1942794028685208
48503,Texas,Oncology,Cancer,1097,1,1437,364512.0,1097.0,2055.6666666666665,2642.926682217817,0.5336468299010865,MODERATE GAP,2.91,48503|Oncology,0.9115770282588879,253.4853963838665,True,-1,-0.0608488365435661
48503,Texas,Neurology,Neurological Disorders,483,0,0,0.0,0.0,637.0,906.5174241117586,0.0,NO PROVIDER,100.0,48503|Neurology,0.0,0.0,False,1,0.1942794028685208
48503,Texas,Psychiatry,Mental Health Disorders,3312,0,0,0.0,0.0,3104.5,4291.15957060345,0.0,NO PROVIDER,100.0,48503|Psychiatry,0.0,0.0,False,1,0.1942794028685208
48503,Texas,Pulmonary,Respiratory Disease,2401,0,0,0.0,0.0,4251.578947368421,5741.879971570142,0.0,NO PROVIDER,100.0,48503|Pulmonary,0.0,0.0,False,1,0.1942794028685208
48503,Texas,Rheumatology,Arthritis,3525,0,0,0.0,0.0,10453.0,13315.598760659872,0.0,NO PROVIDER,100.0,48503|Rheumatology,0.0,0.0,False,1,0.1942794028685208
48505,Texas,Cardiology,Heart Disease,7757,0,0,0.0,0.0,10823.136363636364,15071.056217261126,0.0,NO PROVIDER,100.0,48505|Cardiology,0.0,0.0,False,1,0.1942794028685208
48505,Texas,Endocrinology,Diabetes,6083,0,0,0.0,0.0,18070.0,22988.768286620067,0.0,NO PROVIDER,100.0,48505|Endocrinology,0.0,0.0,False,1,0.1942794028685208
48505,Texas,Oncology,Cancer,429,0,0,0.0,0.0,2055.6666666666665,2642.926682217817,0.0,NO PROVIDER,100.0,48505|Oncology,0.0,0.0,False,1,0.1942794028685208
48505,Texas,Neurology,Neurological Disorders,424,0,0,0.0,0.0,637.0,906.5174241117586,0.0,NO PROVIDER,100.0,48505|Neurology,0.0,0.0,False,1,0.1942794028685208
48505,Texas,Psychiatry,Mental Health Disorders,1932,3,117,647.0,644.0,3104.5,4291.15957060345,0.2074408117249154,LOW GAP,1.13,48505|Psychiatry,1.5527950310559004,5.483050847457627,False,1,0.005326888741283509
48505,Texas,Pulmonary,Respiratory Disease,1593,0,0,0.0,0.0,4251.578947368421,5741.879971570142,0.0,NO PROVIDER,100.0,48505|Pulmonary,0.0,0.0,False,1,0.1942794028685208
48505,Texas,Rheumatology,Arthritis,2163,0,0,0.0,0.0,10453.0,13315.598760659872,0.0,NO PROVIDER,100.0,48505|Rheumatology,0.0,0.0,False,1,0.1942794028685208
48507,Texas,Cardiology,Heart Disease,5621,0,0,0.0,0.0,10823.136363636364,15071.056217261126,0.0,NO PROVIDER,100.0,48507|Cardiology,0.0,0.0,False,1,0.1942794028685208
48507,Texas,Endocrinology,Diabetes,4584,0,0,0.0,0.0,18070.0,22988.768286620067,0.0,NO PROVIDER,100.0,48507|Endocrinology,0.0,0.0,False,1,0.1942794028685208
48507,Texas,Oncology,Cancer,295,0,0,0.0,0.0,2055.6666666666665,2642.926682217817,0.0,NO PROVIDER,100.0,48507|Oncology,0.0,0.0,False,1,0.1942794028685208
48507,Texas,Neurology,Neurological Disorders,312,0,0,0.0,0.0,637.0,906.5174241117586,0.0,NO PROVIDER,100.0,48507|Neurology,0.0,0.0,False,1,0.1942794028685208
48507,Texas,Psychiatry,Mental Health Disorders,1375,0,0,0.0,0.0,3104.5,4291.15957060345,0.0,NO PROVIDER,100.0,48507|Psychiatry,0.0,0.0,False,1,0.1942794028685208
48507,Texas,Pulmonary,Respiratory Disease,1152,0,0,0.0,0.0,4251.578947368421,5741.879971570142,0.0,NO PROVIDER,100.0,48507|Pulmonary,0.0,0.0,False,1,0.1942794028685208
48507,Texas,Rheumatology,Arthritis,1582,0,0,0.0,0.0,10453.0,13315.598760659872,0.0,NO PROVIDER,100.0,48507|Rheumatology,0.0,0.0,False,1,0.1942794028685208
