ESTIMATED_PATIENTS,PROVIDER_COUNT,TOTAL_BENEFICIARIES,TOTAL_SERVICES,PATIENTS_PER_PROVIDER,MEDIAN_PATIENTS_PER_PROVIDER,MEAN_PATIENTS_PER_PROVIDER,REQUIRED_SPECIALTY_Cardiology,REQUIRED_SPECIALTY_Endocrinology,REQUIRED_SPECIALTY_Neurology,REQUIRED_SPECIALTY_Oncology,REQUIRED_SPECIALTY_Psychiatry,REQUIRED_SPECIALTY_Pulmonary,REQUIRED_SPECIALTY_Rheumatology
-0.2797785246917863,-0.26130124511522795,-0.2225361671604216,-0.16284389428132517,-0.37034805961188205,-0.8640164649312321,-0.8936943502411376,0.0,0.0,0.0,1.0,0.0,0.0,0.0
-0.2706102169671887,-0.26130124511522795,-0.2225361671604216,-0.16284389428132517,-0.37034805961188205,-0.8640164649312321,-0.8936943502411376,0.0,0.0,0.0,1.0,0.0,0.0,0.0
-0.2791854905569482,-0.26130124511522795,-0.2225361671604216,-0.16284389428132517,-0.37034805961188205,-0.48757633997091815,-0.4792517157889571,0.0,0.0,0.0,0.0,0.0,1.0,0.0
-0.10228340813473105,-0.26130124511522795,-0.2225361671604216,-0.16284389428132517,-0.37034805961188205,0.6389704336430185,0.7683980612559066,1.0,0.0,0.0,0.0,0.0,0.0,0.0
-0.20434458274037492,-0.26130124511522795,-0.2225361671604216,-0.16284389428132517,-0.37034805961188205,0.5755188193849565,0.5336296265452943,0.0,0.0,0.0,0.0,0.0,0.0,1.0
-0.2153868783310611,-0.26130124511522795,-0.2225361671604216,-0.16284389428132517,-0.37034805961188205,-0.6842174107830546,-0.6732657355858858,0.0,0.0,0.0,0.0,1.0,0.0,0.0
-0.252143134008329,-0.26130124511522795,-0.2225361671604216,-0.16284389428132517,-0.37034805961188205,-0.48757633997091815,-0.4792517157889571,0.0,0.0,0.0,0.0,0.0,1.0,0.0
1.9084818508128596,2.2859134936944905,4.34000960592605,0.02363621105526656,0.169357815205046,0.6389704336430185,0.7683980612559066,1.0,0.0,0.0,0.0,0.0,0.0,0.0
-0.20761813116468147,-0.26130124511522795,-0.2225361671604216,-0.16284389428132517,-0.37034805961188205,-0.48757633997091815,-0.4792517157889571,0.0,0.0,0.0,0.0,0.0,1.0,0.0
-0.1382568587540126,-0.26130124511522795,-0.2225361671604216,-0.16284389428132517,-0.37034805961188205,1.881283378844675,1.8272838018489053,0.0,1.0,0.0,0.0,0.0,0.0,0.0
-0.27543751482477113,-0.26130124511522795,-0.2225361671604216,-0.16284389428132517,-0.37034805961188205,0.5755188193849565,0.5336296265452943,0.0,0.0,0.0,0.0,0.0,0.0,1.0
0.2043033788938905,0.014073321242579479,0.42958880295913526,-0.12239865654455839,0.7391674525167697,0.6389704336430185,0.7683980612559066,1.0,0.0,0.0,0.0,0.0,0.0,0.0
-0.023362425470471397,-0.12361396193632423,0.1283691739039114,0.07084466718337482,0.8112651529980217,0.5755188193849565,0.5336296265452943,0.0,0.0,0.0,0.0,0.0,0.0,1.0
-0.2409229281771914,-0.26130124511522795,-0.2225361671604216,-0.16284389428132517,-0.37034805961188205,0.5755188193849565,0.5336296265452943,0.0,0.0,0.0,0.0,0.0,0.0,1.0
-0.2818422834810231,-0.26130124511522795,-0.2225361671604216,-0.16284389428132517,-0.37034805961188205,-1.1072151855588004,-1.1259153488245126,0.0,0.0,1.0,0.0,0.0,0.0,0.0
0.9804664545700481,0.08291696283203133,0.43774036508562975,0.6603023511635313,1.9319790485897284,1.881283378844675,1.8272838018489053,0.0,1.0,0.0,0.0,0.0,0.0,0.0
-0.24826469076648758,-0.26130124511522795,-0.2225361671604216,-0.16284389428132517,-0.37034805961188205,-0.8640164649312321,-0.8936943502411376,0.0,0.0,0.0,1.0,0.0,0.0,0.0
-0.15443482995239707,-0.12361396193632423,-0.11307233289035312,-0.153801441498188,0.2140000195510086,-0.48757633997091815,-0.4792517157889571,0.0,0.0,0.0,0.0,0.0,1.0,0.0
-0.18867662089795129,0.1517606044214832,-0.17032735258834994,-0.15164138276086528,-0.22757587662489512,-0.6842174107830546,-0.6732657355858858,0.0,0.0,0.0,0.0,1.0,0.0,0.0
-0.26979182986111205,-0.26130124511522795,-0.2225361671604216,-0.16284389428132517,-0.37034805961188205,-1.1072151855588004,-1.1259153488245126,0.0,0.0,1.0,0.0,0.0,0.0,0.0
-0.2589155838281806,-0.26130124511522795,-0.2225361671604216,-0.16284389428132517,-0.37034805961188205,1.881283378844675,1.8272838018489053,0.0,1.0,0.0,0.0,0.0,0.0,0.0
-0.2784857102778392,-0.26130124511522795,-0.2225361671604216,-0.16284389428132517,-0.37034805961188205,-0.48757633997091815,-0.4792517157889571,0.0,0.0,0.0,0.0,0.0,1.0,0.0
-0.27435819269936573,-0.26130124511522795,-0.2225361671604216,-0.16284389428132517,-0.37034805961188205,-0.48757633997091815,-0.4792517157889571,0.0,0.0,0.0,0.0,0.0,1.0,0.0
-0.2772047565465888,-0.26130124511522795,-0.2225361671604216,-0.16284389428132517,-0.37034805961188205,-0.8640164649312321,-0.8936943502411376,0.0,0.0,0.0,1.0,0.0,0.0,0.0
-0.21316893066676645,-0.26130124511522795,-0.2225361671604216,-0.16284389428132517,-0.37034805961188205,-0.48757633997091815,-0.4792517157889571,0.0,0.0,0.0,0.0,0.0,1.0,0.0
-0.26599641139814795,-0.26130124511522795,-0.2225361671604216,-0.16284389428132517,-0.37034805961188205,-0.6842174107830546,-0.6732657355858858,0.0,0.0,0.0,0.0,1.0,0.0,0.0
-0.13118789186674198,-0.26130124511522795,-0.2225361671604216,-0.16284389428132517,-0.37034805961188205,1.881283378844675,1.8272838018489053,0.0,1.0,0.0,0.0,0.0,0.0,0.0
-0.03925574028413355,0.3582915291898388,0.551474065231481,4.170174344960813,-0.12386111858627259,0.5755188193849565,0.5336296265452943,0.0,0.0,0.0,0.0,0.0,0.0,1.0
-0.21150843508921965,-0.26130124511522795,-0.2225361671604216,-0.16284389428132517,-0.37034805961188205,1.881283378844675,1.8272838018489053,0.0,1.0,0.0,0.0,0.0,0.0,0.0
-0.19190272659147076,-0.26130124511522795,-0.2225361671604216,-0.16284389428132517,-0.37034805961188205,0.5755188193849565,0.5336296265452943,0.0,0.0,0.0,0.0,0.0,0.0,1.0
-0.27936340079739963,-0.26130124511522795,-0.2225361671604216,-0.16284389428132517,-0.37034805961188205,-0.8640164649312321,-0.8936943502411376,0.0,0.0,0.0,1.0,0.0,0.0,0.0
0.213329358426127,0.22060424601093506,0.2727682744303847,-0.13121765497555873,0.2754120038761187,-0.48757633997091815,-0.4792517157889571,0.0,0.0,0.0,0.0,0.0,1.0,0.0
-0.14066457734145546,-0.26130124511522795,-0.2225361671604216,-0.16284389428132517,-0.37034805961188205,1.881283378844675,1.8272838018489053,0.0,1.0,0.0,0.0,0.0,0.0,0.0
-0.09572445060342123,-0.1924576035257761,-0.1584881790236794,0.3090072813430812,1.3334059958386328,0.5755188193849565,0.5336296265452943,0.0,0.0,0.0,0.0,0.0,0.0,1.0
0.6680916543854063,-0.054770320346872375,0.3453559943186925,-0.1132121998455997,2.5179196906518047,0.6389704336430185,0.7683980612559066,1.0,0.0,0.0,0.0,0.0,0.0,0.0
-0.1293732074141373,-0.26130124511522795,-0.2225361671604216,-0.16284389428132517,-0.37034805961188205,0.5755188193849565,0.5336296265452943,0.0,0.0,0.0,0.0,0.0,0.0,1.0
-0.2617740083581004,-0.26130124511522795,-0.2225361671604216,-0.16284389428132517,-0.37034805961188205,-1.1072151855588004,-1.1259153488245126,0.0,0.0,1.0,0.0,0.0,0.0,0.0
-0.07155237926741864,-0.1924576035257761,-0.1606231119615708,0.3096677130949523,1.5536985199477653,0.5755188193849565,0.5336296265452943,0.0,0.0,0.0,0.0,0.0,0.0,1.0
-0.2802885340477471,-0.26130124511522795,-0.2225361671604216,-0.16284389428132517,-0.37034805961188205,-0.8640164649312321,-0.8936943502411376,0.0,0.0,0.0,1.0,0.0,0.0,0.0
-0.2465330310927602,-0.26130124511522795,-0.2225361671604216,-0.16284389428132517,-0.37034805961188205,1.881283378844675,1.8272838018489053,0.0,1.0,0.0,0.0,0.0,0.0,0.0
-0.0705442212381938,4.007004533430787,3.580943904099387,4.391572917057988,-0.3391668589273729,-1.1072151855588004,-1.1259153488245126,0.0,0.0,1.0,0.0,0.0,0.0,0.0
-0.24984216156515704,-0.26130124511522795,-0.2225361671604216,-0.16284389428132517,-0.37034805961188205,0.5755188193849565,0.5336296265452943,0.0,0.0,0.0,0.0,0.0,0.0,1.0
-0.21295543837822473,-0.26130124511522795,-0.2225361671604216,-0.16284389428132517,-0.37034805961188205,-0.48757633997091815,-0.4792517157889571,0.0,0.0,0.0,0.0,0.0,1.0,0.0
-0.2685345974952552,-0.26130124511522795,-0.2225361671604216,-0.16284389428132517,-0.37034805961188205,1.881283378844675,1.8272838018489053,0.0,1.0,0.0,0.0,0.0,0.0,0.0
0.4601383046630641,-0.054770320346872375,-0.08493003507269367,-0.11800901993813706,1.8861910636963877,1.881283378844675,1.8272838018489053,0.0,1.0,0.0,0.0,0.0,0.0,0.0
-0.04061971879426127,-0.26130124511522795,-0.2225361671604216,-0.16284389428132517,-0.37034805961188205,0.6389704336430185,0.7683980612559066,1.0,0.0,0.0,0.0,0.0,0.0,0.0
-0.28097645364415935,-0.26130124511522795,-0.2225361671604216,-0.16284389428132517,-0.37034805961188205,0.5755188193849565,0.5336296265452943,0.0,0.0,0.0,0.0,0.0,0.0,1.0
-0.11734647515961981,-0.26130124511522795,-0.2225361671604216,-0.16284389428132517,-0.37034805961188205,-0.48757633997091815,-0.4792517157889571,0.0,0.0,0.0,0.0,0.0,1.0,0.0
-0.16623620923567606,-0.054770320346872375,0.24482006142526083,3.4734685032595163,-0.01663335415238662,-0.8640164649312321,-0.8936943502411376,0.0,0.0,0.0,1.0,0.0,0.0,0.0
0.0667075989287453,-0.1924576035257761,-0.07309086150802314,-0.14391979348147027,2.8137328445503953,0.6389704336430185,0.7683980612559066,1.0,0.0,0.0,0.0,0.0,0.0,0.0
-0.26222471430057737,-0.26130124511522795,-0.2225361671604216,-0.16284389428132517,-0.37034805961188205,-0.6842174107830546,-0.6732657355858858,0.0,0.0,0.0,0.0,1.0,0.0,0.0
-0.2768726574310794,-0.26130124511522795,-0.2225361671604216,-0.16284389428132517,-0.37034805961188205,-1.1072151855588004,-1.1259153488245126,0.0,0.0,1.0,0.0,0.0,0.0,0.0
0.12142092820891208,-0.054770320346872375,-0.21108516322082224,-0.16206428687498112,0.8572224828150316,-0.6842174107830546,-0.6732657355858858,0.0,0.0,0.0,0.0,1.0,0.0,0.0
0.6690998124146311,2.148226210515587,2.521823082092714,12.190090081415304,-0.1225197420784255,-0.8640164649312321,-0.8936943502411376,0.0,0.0,0.0,1.0,0.0,0.0,0.0
-0.24515719189993573,-0.26130124511522795,-0.2225361671604216,-0.16284389428132517,-0.37034805961188205,0.5755188193849565,0.5336296265452943,0.0,0.0,0.0,0.0,0.0,0.0,1.0
0.09077292412047701,-0.26130124511522795,-0.2225361671604216,-0.16284389428132517,-0.37034805961188205,0.6389704336430185,0.7683980612559066,1.0,0.0,0.0,0.0,0.0,0.0,0.0
-0.2808578468171917,-0.26130124511522795,-0.2225361671604216,-0.16284389428132517,-0.37034805961188205,-1.1072151855588004,-1.1259153488245126,0.0,0.0,1.0,0.0,0.0,0.0,0.0
-0.12961042106807255,-0.1924576035257761,-0.1509188713347917,-0.14232085345062448,1.0245857105688623,-0.48757633997091815,-0.4792517157889571,0.0,0.0,0.0,0.0,0.0,1.0,0.0
-0.27565100711331286,-0.26130124511522795,-0.2225361671604216,-0.16284389428132517,-0.37034805961188205,-0.6842174107830546,-0.6732657355858858,0.0,0.0,0.0,0.0,1.0,0.0,0.0
-0.19586419461218954,-0.1924576035257761,-0.2225361671604216,-0.16284389428132517,0.42078098060143587,1.881283378844675,1.8272838018489053,0.0,1.0,0.0,0.0,0.0,0.0,0.0
2.3610855025213278,0.3582915291898388,1.4252438912666732,-0.07315428298587011,2.30675497803122,0.6389704336430185,0.7683980612559066,1.0,0.0,0.0,0.0,0.0,0.0,0.0
-0.24907121718986744,-0.1924576035257761,-0.14354364845843956,-0.15746609287323207,-0.06412199444938313,-0.48757633997091815,-0.4792517157889571,0.0,0.0,0.0,0.0,0.0,1.0,0.0
-0.2694597307456027,-0.26130124511522795,-0.2225361671604216,-0.16284389428132517,-0.37034805961188205,-1.1072151855588004,-1.1259153488245126,0.0,0.0,1.0,0.0,0.0,0.0,0.0
-0.26235518181024176,-0.054770320346872375,-0.1674160804003162,-0.08740570499993035,-0.3086272395597158,-1.1072151855588004,-1.1259153488245126,0.0,0.0,1.0,0.0,0.0,0.0,0.0
-0.2757103105267967,-0.26130124511522795,-0.2225361671604216,-0.16284389428132517,-0.37034805961188205,-0.48757633997091815,-0.4792517157889571,0.0,0.0,0.0,0.0,0.0,1.0,0.0
-0.19649281079511796,-0.12361396193632423,-0.2025454314692566,-0.16140882077537974,0.02235200912633136,-0.6842174107830546,-0.6732657355858858,0.0,0.0,0.0,0.0,1.0,0.0,0.0
0.12337794085387793,0.2894478876003869,0.5330360080406007,-0.09835496825463516,0.09222030170289693,-0.48757633997091815,-0.4792517157889571,0.0,0.0,0.0,0.0,0.0,1.0,0.0
0.5003578796877868,-0.054770320346872375,0.000855452068033748,-0.07500647128247097,2.008371624581907,1.881283378844675,1.8272838018489053,0.0,1.0,0.0,0.0,0.0,0.0,0.0
-0.2659726900327544,-0.26130124511522795,-0.2225361671604216,-0.16284389428132517,-0.37034805961188205,-0.6842174107830546,-0.6732657355858858,0.0,0.0,0.0,0.0,1.0,0.0,0.0
-0.05937145813784325,-0.12361396193632423,-0.1683865044629941,0.15002199262385935,0.6471807312131035,0.5755188193849565,0.5336296265452943,0.0,0.0,0.0,0.0,0.0,0.0,1.0
0.14574718841997258,-0.26130124511522795,-0.2225361671604216,-0.16284389428132517,-0.37034805961188205,0.6389704336430185,0.7683980612559066,1.0,0.0,0.0,0.0,0.0,0.0,0.0
-0.032435847733494935,0.4959788123687425,-0.15363605871028985,-0.1545264267295653,-0.16302663603910658,-0.6842174107830546,-0.6732657355858858,0.0,0.0,0.0,0.0,1.0,0.0,0.0
-0.27026625716898256,-0.26130124511522795,-0.2225361671604216,-0.16284389428132517,-0.37034805961188205,-1.1072151855588004,-1.1259153488245126,0.0,0.0,1.0,0.0,0.0,0.0,0.0
-0.27670660787332474,-0.26130124511522795,-0.2225361671604216,-0.16284389428132517,-0.37034805961188205,-1.1072151855588004,-1.1259153488245126,0.0,0.0,1.0,0.0,0.0,0.0,0.0
-0.2724604834678837,-0.26130124511522795,-0.2225361671604216,-0.16284389428132517,-0.37034805961188205,-1.1072151855588004,-1.1259153488245126,0.0,0.0,1.0,0.0,0.0,0.0,0.0
0.0043085472610762095,0.2894478876003869,0.022592951072018978,-0.14645227613902104,-0.043422279843446474,-0.48757633997091815,-0.4792517157889571,0.0,0.0,0.0,0.0,0.0,1.0,0.0
-0.2241282014785753,-0.26130124511522795,-0.2225361671604216,-0.16284389428132517,-0.37034805961188205,1.881283378844675,1.8272838018489053,0.0,1.0,0.0,0.0,0.0,0.0,0.0
-0.20022892584459825,0.4959788123687425,0.3808735150127041,-0.12458354354322966,-0.302043423378383,-1.1072151855588004,-1.1259153488245126,0.0,0.0,1.0,0.0,0.0,0.0,0.0
0.4429758968008483,0.014073321242579479,-0.08745313763565625,-0.15195421885385685,1.2829538193774268,1.881283378844675,1.8272838018489053,0.0,1.0,0.0,0.0,0.0,0.0,0.0
-0.28198461167338423,-0.26130124511522795,-0.2225361671604216,-0.16284389428132517,-0.37034805961188205,-1.1072151855588004,-1.1259153488245126,0.0,0.0,1.0,0.0,0.0,0.0,0.0
-0.2175218012164784,-0.26130124511522795,-0.2225361671604216,-0.16284389428132517,-0.37034805961188205,0.6389704336430185,0.7683980612559066,1.0,0.0,0.0,0.0,0.0,0.0,0.0
-0.2022808239511382,1.3221025114421647,0.2520011994890774,-0.10492452620745805,-0.338493668512089,-1.1072151855588004,-1.1259153488245126,0.0,0.0,1.0,0.0,0.0,0.0,0.0
1.2108602159546653,0.22060424601093506,-0.04106686743965205,-0.1521975358150725,1.574128003292528,1.881283378844675,1.8272838018489053,0.0,1.0,0.0,0.0,0.0,0.0,0.0
-0.1927804171110312,-0.12361396193632423,-0.21651953797181855,-0.16227780992257854,0.03926848607583051,-0.6842174107830546,-0.6732657355858858,0.0,0.0,0.0,0.0,1.0,0.0,0.0
-0.2256819509118512,-0.26130124511522795,-0.2225361671604216,-0.16284389428132517,-0.37034805961188205,-0.8640164649312321,-0.8936943502411376,0.0,0.0,0.0,1.0,0.0,0.0,0.0
-0.16882183806357035,-0.26130124511522795,-0.2225361671604216,-0.16284389428132517,-0.37034805961188205,0.5755188193849565,0.5336296265452943,0.0,0.0,0.0,0.0,0.0,0.0,1.0
-0.2750105302476877,-0.26130124511522795,-0.2225361671604216,-0.16284389428132517,-0.37034805961188205,-1.1072151855588004,-1.1259153488245126,0.0,0.0,1.0,0.0,0.0,0.0,0.0
0.3574722352398853,0.22060424601093506,0.3820380238879176,0.10281850214802078,0.46307603342177195,-0.48757633997091815,-0.4792517157889571,0.0,0.0,0.0,0.0,0.0,1.0,0.0
-0.2629600766277767,-0.26130124511522795,-0.2225361671604216,-0.16284389428132517,-0.37034805961188205,-0.48757633997091815,-0.4792517157889571,0.0,0.0,0.0,0.0,0.0,1.0,0.0
-0.24037733677314033,-0.26130124511522795,-0.2225361671604216,-0.16284389428132517,-0.37034805961188205,0.5755188193849565,0.5336296265452943,0.0,0.0,0.0,0.0,0.0,0.0,1.0
0.20716180342381035,-0.1924576035257761,-0.034662068625977836,-0.14324446477279007,4.093764282479909,0.6389704336430185,0.7683980612559066,1.0,0.0,0.0,0.0,0.0,0.0,0.0
1.2756669862097774,0.3582915291898388,1.2084511556644275,0.1979653652878843,1.2076463720273403,0.6389704336430185,0.7683980612559066,1.0,0.0,0.0,0.0,0.0,0.0,0.0
-0.26300751935856376,-0.26130124511522795,-0.2225361671604216,-0.16284389428132517,-0.37034805961188205,-1.1072151855588004,-1.1259153488245126,0.0,0.0,1.0,0.0,0.0,0.0,0.0
-0.25630623363489274,-0.26130124511522795,-0.2225361671604216,-0.16284389428132517,-0.37034805961188205,0.5755188193849565,0.5336296265452943,0.0,0.0,0.0,0.0,0.0,0.0,1.0
-0.27314840306429594,-0.26130124511522795,-0.2225361671604216,-0.16284389428132517,-0.37034805961188205,-0.6842174107830546,-0.6732657355858858,0.0,0.0,0.0,0.0,1.0,0.0,0.0
0.15971907263675916,-0.1924576035257761,-0.14121463070801257,-0.15832515071589146,3.6613942646013364,0.6389704336430185,0.7683980612559066,1.0,0.0,0.0,0.0,0.0,0.0,0.0
0.3621690655878034,0.22060424601093506,-0.09948639601286235,-0.14907414053742657,0.4691909808174833,-0.6842174107830546,-0.6732657355858858,0.0,0.0,0.0,0.0,1.0,0.0,0.0
-0.2054713475965674,-0.26130124511522795,-0.2225361671604216,-0.16284389428132517,-0.37034805961188205,0.5755188193849565,0.5336296265452943,0.0,0.0,0.0,0.0,0.0,0.0,1.0
-0.2776317411236723,-0.26130124511522795,-0.2225361671604216,-0.16284389428132517,-0.37034805961188205,-1.1072151855588004,-1.1259153488245126,0.0,0.0,1.0,0.0,0.0,0.0,0.0
0.41455770105940465,-0.1924576035257761,-0.15247154983507635,-0.15887137246555927,5.983869815636089,1.881283378844675,1.8272838018489053,0.0,1.0,0.0,0.0,0.0,0.0,0.0
-0.07396009785486149,0.014073321242579479,0.18931180504008427,-0.12284059959656236,0.1051778906761954,0.6389704336430185,0.7683980612559066,1.0,0.0,0.0,0.0,0.0,0.0,0.0
0.29077961643598804,1.5974770777999723,0.07363725676887715,-0.14425249218354066,-0.176786411515483,-0.6842174107830546,-0.6732657355858858,0.0,0.0,0.0,0.0,1.0,0.0,0.0
1.8616677362087368,7.242655688135025,0.6209564281192196,-0.0023391159675728553,-0.19105928664780267,-0.6842174107830546,-0.6732657355858858,0.0,0.0,0.0,0.0,1.0,0.0,0.0
-0.14644072981477896,0.77135337872655,0.18116024291358981,-0.12746858751192966,-0.287578025855994,-1.1072151855588004,-1.1259153488245126,0.0,0.0,1.0,0.0,0.0,0.0,0.0
-0.27311282101620565,-0.26130124511522795,-0.2225361671604216,-0.16284389428132517,-0.37034805961188205,-0.48757633997091815,-0.4792517157889571,0.0,0.0,0.0,0.0,0.0,1.0,0.0
-0.21779459691850395,-0.1924576035257761,-0.2225361671604216,-0.16284389428132517,0.22091793983706576,-0.8640164649312321,-0.8936943502411376,0.0,0.0,0.0,1.0,0.0,0.0,0.0
0.06477430764917295,-0.26130124511522795,-0.2225361671604216,-0.16284389428132517,-0.37034805961188205,1.881283378844675,1.8272838018489053,0.0,1.0,0.0,0.0,0.0,0.0,0.0
-0.2584648778857036,-0.26130124511522795,-0.2225361671604216,-0.16284389428132517,-0.37034805961188205,-0.6842174107830546,-0.6732657355858858,0.0,0.0,0.0,0.0,1.0,0.0,0.0
1.2319366491068129,0.014073321242579479,-0.00865470374620979,0.8878235725092548,3.0805051455814745,0.5755188193849565,0.5336296265452943,0.0,0.0,0.0,0.0,0.0,0.0,1.0
-0.13467493257959026,-0.26130124511522795,-0.2225361671604216,-0.16284389428132517,-0.37034805961188205,0.5755188193849565,0.5336296265452943,0.0,0.0,0.0,0.0,0.0,0.0,1.0
0.2722769514290381,-0.1924576035257761,-0.1499484472721138,-0.13727575074460177,4.687192132018249,1.881283378844675,1.8272838018489053,0.0,1.0,0.0,0.0,0.0,0.0,0.0
-0.24210899644686767,-0.26130124511522795,-0.2225361671604216,-0.16284389428132517,-0.37034805961188205,0.5755188193849565,0.5336296265452943,0.0,0.0,0.0,0.0,0.0,0.0,1.0
-0.279944574249541,-0.26130124511522795,-0.2225361671604216,-0.16284389428132517,-0.37034805961188205,0.6389704336430185,0.7683980612559066,1.0,0.0,0.0,0.0,0.0,0.0,0.0
-0.2633514791567699,-0.26130124511522795,-0.2225361671604216,-0.16284389428132517,-0.37034805961188205,-0.6842174107830546,-0.6732657355858858,0.0,0.0,0.0,0.0,1.0,0.0,0.0
-0.16078029519516518,-0.054770320346872375,0.06276850726688454,-0.1385072325074892,-5.917013370799255e-05,0.5755188193849565,0.5336296265452943,0.0,0.0,0.0,0.0,0.0,0.0,1.0
-0.20806883710715846,-0.26130124511522795,-0.2225361671604216,-0.16284389428132517,-0.37034805961188205,0.6389704336430185,0.7683980612559066,1.0,0.0,0.0,0.0,0.0,0.0,0.0
2.3453582372654203,5.383877365219824,5.065692719996592,0.35632994747339275,-0.07826761232089208,-0.48757633997091815,-0.4792517157889571,0.0,0.0,0.0,0.0,0.0,1.0,0.0
-0.27783337272951725,-0.26130124511522795,-0.2225361671604216,-0.16284389428132517,-0.37034805961188205,-1.1072151855588004,-1.1259153488245126,0.0,0.0,1.0,0.0,0.0,0.0,0.0
-0.09788309485423206,-0.26130124511522795,-0.2225361671604216,-0.16284389428132517,-0.37034805961188205,1.881283378844675,1.8272838018489053,0.0,1.0,0.0,0.0,0.0,0.0,0.0
-0.2605998007711209,-0.26130124511522795,-0.2225361671604216,-0.16284389428132517,-0.37034805961188205,1.881283378844675,1.8272838018489053,0.0,1.0,0.0,0.0,0.0,0.0,0.0
-0.27919735123964495,-0.26130124511522795,-0.2225361671604216,-0.16284389428132517,-0.37034805961188205,-0.8640164649312321,-0.8936943502411376,0.0,0.0,0.0,1.0,0.0,0.0,0.0
-0.23322534510699233,-0.26130124511522795,-0.2225361671604216,-0.16284389428132517,-0.37034805961188205,-1.1072151855588004,-1.1259153488245126,0.0,0.0,1.0,0.0,0.0,0.0,0.0
-0.27686079674838265,-0.26130124511522795,-0.2225361671604216,-0.16284389428132517,-0.37034805961188205,0.5755188193849565,0.5336296265452943,0.0,0.0,0.0,0.0,0.0,0.0,1.0
0.026843844384925524,-0.054770320346872375,-0.1167599443285292,-0.1587521968110863,0.5699126059347202,-0.48757633997091815,-0.4792517157889571,0.0,0.0,0.0,0.0,0.0,1.0,0.0
-0.24519277394802602,-0.1924576035257761,-0.2225361671604216,-0.16284389428132517,-0.02877574548780983,-0.48757633997091815,-0.4792517157889571,0.0,0.0,0.0,0.0,0.0,1.0,0.0
-0.2760898523730931,-0.26130124511522795,-0.2225361671604216,-0.16284389428132517,-0.37034805961188205,-0.6842174107830546,-0.6732657355858858,0.0,0.0,0.0,0.0,1.0,0.0,0.0
-0.2652254670228584,-0.26130124511522795,-0.2225361671604216,-0.16284389428132517,-0.37034805961188205,1.881283378844675,1.8272838018489053,0.0,1.0,0.0,0.0,0.0,0.0,0.0
-0.23664122172366003,-0.26130124511522795,-0.2225361671604216,-0.16284389428132517,-0.37034805961188205,0.6389704336430185,0.7683980612559066,1.0,0.0,0.0,0.0,0.0,0.0,0.0
-0.21747435848569135,-0.1924576035257761,-0.2204012342225302,-0.1627197529745825,0.22383643745774612,0.6389704336430185,0.7683980612559066,1.0,0.0,0.0,0.0,0.0,0.0,0.0
-0.26877181114919046,-0.26130124511522795,-0.2225361671604216,-0.16284389428132517,-0.37034805961188205,-0.6842174107830546,-0.6732657355858858,0.0,0.0,0.0,0.0,1.0,0.0,0.0
-0.22459076810374903,-0.1924576035257761,-0.15480056758550334,-0.1527238949556615,0.15898093477596026,-1.1072151855588004,-1.1259153488245126,0.0,0.0,1.0,0.0,0.0,0.0,0.0
1.016119666756517,0.08291696283203133,0.48975509484516583,-0.09271398727624755,1.9969642622768777,0.6389704336430185,0.7683980612559066,1.0,0.0,0.0,0.0,0.0,0.0,0.0
-0.2728756073622704,-0.26130124511522795,-0.2225361671604216,-0.16284389428132517,-0.37034805961188205,1.881283378844675,1.8272838018489053,0.0,1.0,0.0,0.0,0.0,0.0,0.0
-0.03644475848500076,-0.1924576035257761,0.1227407143403795,-0.14504203089442416,1.8736523331779091,0.6389704336430185,0.7683980612559066,1.0,0.0,0.0,0.0,0.0,0.0,0.0
0.02659477004829351,-0.26130124511522795,-0.2225361671604216,-0.16284389428132517,-0.37034805961188205,1.881283378844675,1.8272838018489053,0.0,1.0,0.0,0.0,0.0,0.0,0.0
1.379780058921961,7.999935745618995,0.8484238284109222,-0.0678559320140923,-0.24409151053698602,-0.6842174107830546,-0.6732657355858858,0.0,0.0,0.0,0.0,1.0,0.0,0.0
-0.2380882250126651,0.1517606044214832,-0.043007715565007876,-0.15353826192789352,-0.30262810556165065,-1.1072151855588004,-1.1259153488245126,0.0,0.0,1.0,0.0,0.0,0.0,0.0
-0.23826613525311655,-0.26130124511522795,-0.2225361671604216,-0.16284389428132517,-0.37034805961188205,0.5755188193849565,0.5336296265452943,0.0,0.0,0.0,0.0,0.0,0.0,1.0
-0.26484592517656197,-0.12361396193632423,-0.1905121730920505,-0.1532552197485202,-0.2891165425029453,-1.1072151855588004,-1.1259153488245126,0.0,0.0,1.0,0.0,0.0,0.0,0.0
0.26689220148470777,-0.1924576035257761,0.027250986572872955,-0.14289686911391056,4.638118134989032,0.6389704336430185,0.7683980612559066,1.0,0.0,0.0,0.0,0.0,0.0,0.0
-0.09705284706545866,0.014073321242579479,-0.19575246303051122,-0.16003333509667078,0.05256386412559661,-0.6842174107830546,-0.6732657355858858,0.0,0.0,0.0,0.0,1.0,0.0,0.0
0.26242072410802825,-0.12361396193632423,0.013276880070311022,-0.13028907800112347,2.113509600596047,0.6389704336430185,0.7683980612559066,1.0,0.0,0.0,0.0,0.0,0.0,0.0
-0.2651780242920713,-0.26130124511522795,-0.2225361671604216,-0.16284389428132517,-0.37034805961188205,1.881283378844675,1.8272838018489053,0.0,1.0,0.0,0.0,0.0,0.0,0.0
-0.27732336337355645,-0.26130124511522795,-0.2225361671604216,-0.16284389428132517,-0.37034805961188205,-0.6842174107830546,-0.6732657355858858,0.0,0.0,0.0,0.0,1.0,0.0,0.0
-0.1672799493129912,-0.26130124511522795,-0.2225361671604216,-0.16284389428132517,-0.37034805961188205,0.5755188193849565,0.5336296265452943,0.0,0.0,0.0,0.0,0.0,0.0,1.0
-0.20572042193319942,-0.26130124511522795,-0.2225361671604216,-0.16284389428132517,-0.37034805961188205,0.6389704336430185,0.7683980612559066,1.0,0.0,0.0,0.0,0.0,0.0,0.0
-0.25564203540387404,-0.26130124511522795,-0.2225361671604216,-0.16284389428132517,-0.37034805961188205,-0.8640164649312321,-0.8936943502411376,0.0,0.0,0.0,1.0,0.0,0.0,0.0
-0.22392656987273032,-0.26130124511522795,-0.2225361671604216,-0.16284389428132517,-0.37034805961188205,-0.6842174107830546,-0.6732657355858858,0.0,0.0,0.0,0.0,1.0,0.0,0.0
-0.2411126991003396,-0.26130124511522795,-0.2225361671604216,-0.16284389428132517,-0.37034805961188205,-0.6842174107830546,-0.6732657355858858,0.0,0.0,0.0,0.0,1.0,0.0,0.0
-0.2693411239186351,-0.26130124511522795,-0.2225361671604216,-0.16284389428132517,-0.37034805961188205,-0.8640164649312321,-0.8936943502411376,0.0,0.0,0.0,1.0,0.0,0.0,0.0
0.8811095156192661,2.3547571352839425,1.7443193230751706,9.243606097182214,-0.09123899037330703,-0.8640164649312321,-0.8936943502411376,0.0,0.0,0.0,1.0,0.0,0.0,0.0
-0.2814034382212428,-0.26130124511522795,-0.2225361671604216,-0.16284389428132517,-0.37034805961188205,-1.1072151855588004,-1.1259153488245126,0.0,0.0,1.0,0.0,0.0,0.0,0.0
-0.1518136190764125,-0.26130124511522795,-0.2225361671604216,-0.16284389428132517,-0.37034805961188205,-0.6842174107830546,-0.6732657355858858,0.0,0.0,0.0,0.0,1.0,0.0,0.0
0.046141175132558596,0.77135337872655,0.062380337641813374,-0.13621310115888438,-0.17057149285108766,0.5755188193849565,0.5336296265452943,0.0,0.0,0.0,0.0,0.0,0.0,1.0
-0.2415278229947263,-0.054770320346872375,0.008424759756921462,-0.11024770544058439,-0.2453570936101514,-1.1072151855588004,-1.1259153488245126,0.0,0.0,1.0,0.0,0.0,0.0,0.0
0.5744634251771608,3.1120371927679127,0.18329517585148122,-0.10987528152035633,-0.21092926327499026,-0.6842174107830546,-0.6732657355858858,0.0,0.0,0.0,0.0,1.0,0.0,0.0
-0.27846198891244567,-0.26130124511522795,-0.2225361671604216,-0.16284389428132517,-0.37034805961188205,-1.1072151855588004,-1.1259153488245126,0.0,0.0,1.0,0.0,0.0,0.0,0.0
-0.20632531675073432,-0.26130124511522795,-0.2225361671604216,-0.16284389428132517,-0.37034805961188205,0.5755188193849565,0.5336296265452943,0.0,0.0,0.0,0.0,0.0,0.0,1.0
-0.28056132974977266,-0.26130124511522795,-0.2225361671604216,-0.16284389428132517,-0.37034805961188205,-0.8640164649312321,-0.8936943502411376,0.0,0.0,0.0,1.0,0.0,0.0,0.0
2.3789239692972592,0.08291696283203133,0.09421024689764888,0.25850163210788724,4.480951633490171,1.881283378844675,1.8272838018489053,0.0,1.0,0.0,0.0,0.0,0.0,0.0
-0.16285591466709867,-0.26130124511522795,-0.2225361671604216,-0.16284389428132517,-0.37034805961188205,-0.6842174107830546,-0.6732657355858858,0.0,0.0,0.0,0.0,1.0,0.0,0.0
-0.269744387130325,-0.26130124511522795,-0.2225361671604216,-0.16284389428132517,-0.37034805961188205,-0.48757633997091815,-0.4792517157889571,0.0,0.0,0.0,0.0,0.0,1.0,0.0
-0.07620176688454966,-0.26130124511522795,-0.2225361671604216,-0.16284389428132517,-0.37034805961188205,1.881283378844675,1.8272838018489053,0.0,1.0,0.0,0.0,0.0,0.0,0.0
-0.256294372952196,-0.26130124511522795,-0.2225361671604216,-0.16284389428132517,-0.37034805961188205,1.881283378844675,1.8272838018489053,0.0,1.0,0.0,0.0,0.0,0.0,0.0
-0.26858204022604226,-0.26130124511522795,-0.2225361671604216,-0.16284389428132517,-0.37034805961188205,0.5755188193849565,0.5336296265452943,0.0,0.0,0.0,0.0,0.0,0.0,1.0
-0.26788225994693327,-0.26130124511522795,-0.2225361671604216,-0.16284389428132517,-0.37034805961188205,0.5755188193849565,0.5336296265452943,0.0,0.0,0.0,0.0,0.0,0.0,1.0
0.02525451290355931,0.22060424601093506,-0.16469889302481805,-0.15348363975292673,0.03055159767967146,-0.6842174107830546,-0.6732657355858858,0.0,0.0,0.0,0.0,1.0,0.0,0.0
-0.18642309118556635,-0.1924576035257761,-0.1200593861416341,-0.15364254062555738,0.5068226141592719,-0.48757633997091815,-0.4792517157889571,0.0,0.0,0.0,0.0,0.0,1.0,0.0
-0.24289180150485404,-0.26130124511522795,-0.2225361671604216,-0.16284389428132517,-0.37034805961188205,-0.8640164649312321,-0.8936943502411376,0.0,0.0,0.0,1.0,0.0,0.0,0.0
-0.06464946193790269,-0.26130124511522795,-0.2225361671604216,-0.16284389428132517,-0.37034805961188205,0.6389704336430185,0.7683980612559066,1.0,0.0,0.0,0.0,0.0,0.0,0.0
-0.24560789784241271,-0.26130124511522795,-0.2225361671604216,-0.16284389428132517,-0.37034805961188205,-0.8640164649312321,-0.8936943502411376,0.0,0.0,0.0,1.0,0.0,0.0,0.0
0.3989846246785551,0.014073321242579479,0.6438584359984183,-0.11809840167899179,1.1827250446079502,0.6389704336430185,0.7683980612559066,1.0,0.0,0.0,0.0,0.0,0.0,0.0
-0.17545195969106075,-0.26130124511522795,-0.2225361671604216,-0.16284389428132517,-0.37034805961188205,0.6389704336430185,0.7683980612559066,1.0,0.0,0.0,0.0,0.0,0.0,0.0
-0.26726550444670155,-0.26130124511522795,-0.2225361671604216,-0.16284389428132517,-0.37034805961188205,-0.8640164649312321,-0.8936943502411376,0.0,0.0,0.0,1.0,0.0,0.0,0.0
0.6973875406464104,-0.12361396193632423,-0.09871005676272003,-0.08668568542082276,4.095547808803658,1.881283378844675,1.8272838018489053,0.0,1.0,0.0,0.0,0.0,0.0,0.0
-0.1639945402059879,-0.26130124511522795,-0.2225361671604216,-0.16284389428132517,-0.37034805961188205,1.881283378844675,1.8272838018489053,0.0,1.0,0.0,0.0,0.0,0.0,0.0
-0.26739597195636594,-0.26130124511522795,-0.2225361671604216,-0.16284389428132517,-0.37034805961188205,-0.8640164649312321,-0.8936943502411376,0.0,0.0,0.0,1.0,0.0,0.0,0.0
0.4385400014722591,0.08291696283203133,-0.09269342757411697,-0.1287795197111324,0.9442081242452357,1.881283378844675,1.8272838018489053,0.0,1.0,0.0,0.0,0.0,0.0,0.0
-0.27227071254473545,-0.1924576035257761,-0.17556764252681067,-0.15181021493803534,-0.2755509331920051,-0.8640164649312321,-0.8936943502411376,0.0,0.0,0.0,1.0,0.0,0.0,0.0
-0.10237829359630515,-0.26130124511522795,-0.2225361671604216,-0.16284389428132517,-0.37034805961188205,0.6389704336430185,0.7683980612559066,1.0,0.0,0.0,0.0,0.0,0.0,0.0
-0.2793989828454899,-0.26130124511522795,-0.2225361671604216,-0.16284389428132517,-0.37034805961188205,-0.6842174107830546,-0.6732657355858858,0.0,0.0,0.0,0.0,1.0,0.0,0.0
-0.28015806653808273,-0.26130124511522795,-0.2225361671604216,-0.16284389428132517,-0.37034805961188205,-0.8640164649312321,-0.8936943502411376,0.0,0.0,0.0,1.0,0.0,0.0,0.0
-0.11843765796772199,-0.26130124511522795,-0.2225361671604216,-0.16284389428132517,-0.37034805961188205,0.5755188193849565,0.5336296265452943,0.0,0.0,0.0,0.0,0.0,0.0,1.0
-0.2788889734895291,-0.26130124511522795,-0.2225361671604216,-0.16284389428132517,-0.37034805961188205,-1.1072151855588004,-1.1259153488245126,0.0,0.0,1.0,0.0,0.0,0.0,0.0
0.6282634818896767,-0.054770320346872375,-0.13286898376898254,-0.1576249937458627,2.3969281473154513,1.881283378844675,1.8272838018489053,0.0,1.0,0.0,0.0,0.0,0.0,0.0
-0.2596153641072896,-0.26130124511522795,-0.2225361671604216,-0.16284389428132517,-0.37034805961188205,-0.48757633997091815,-0.4792517157889571,0.0,0.0,0.0,0.0,0.0,1.0,0.0
0.20199054576802175,0.5648224539581944,-0.11190782401513963,-0.10926450629118233,-0.0022660587666298564,-0.6842174107830546,-0.6732657355858858,0.0,0.0,0.0,0.0,1.0,0.0,0.0
-0.24131433070618458,-0.26130124511522795,-0.2225361671604216,-0.16284389428132517,-0.37034805961188205,0.5755188193849565,0.5336296265452943,0.0,0.0,0.0,0.0,0.0,0.0,1.0
-0.22861153953795163,-0.26130124511522795,-0.2225361671604216,-0.16284389428132517,-0.37034805961188205,-0.8640164649312321,-0.8936943502411376,0.0,0.0,0.0,1.0,0.0,0.0,0.0
-0.27138116134247825,-0.26130124511522795,-0.2225361671604216,-0.16284389428132517,-0.37034805961188205,-0.8640164649312321,-0.8936943502411376,0.0,0.0,0.0,1.0,0.0,0.0,0.0
-0.21129494280067793,-0.26130124511522795,-0.2225361671604216,-0.16284389428132517,-0.37034805961188205,-0.8640164649312321,-0.8936943502411376,0.0,0.0,0.0,1.0,0.0,0.0,0.0
-0.2437339099763242,-0.26130124511522795,-0.2225361671604216,-0.16284389428132517,-0.37034805961188205,0.5755188193849565,0.5336296265452943,0.0,0.0,0.0,0.0,0.0,0.0,1.0
-0.2750105302476877,-0.26130124511522795,-0.2225361671604216,-0.16284389428132517,-0.37034805961188205,-0.6842174107830546,-0.6732657355858858,0.0,0.0,0.0,0.0,1.0,0.0,0.0
-0.04780729250849952,-0.26130124511522795,-0.2225361671604216,-0.16284389428132517,-0.37034805961188205,1.881283378844675,1.8272838018489053,0.0,1.0,0.0,0.0,0.0,0.0,0.0
0.22272301912196313,-0.26130124511522795,-0.2225361671604216,-0.16284389428132517,-0.37034805961188205,1.881283378844675,1.8272838018489053,0.0,1.0,0.0,0.0,0.0,0.0,0.0
-0.127487358865352,-0.26130124511522795,-0.2225361671604216,-0.16284389428132517,-0.37034805961188205,-0.48757633997091815,-0.4792517157889571,0.0,0.0,0.0,0.0,0.0,1.0,0.0
-0.1507936003644909,-0.26130124511522795,-0.2225361671604216,-0.16284389428132517,-0.37034805961188205,1.881283378844675,1.8272838018489053,0.0,1.0,0.0,0.0,0.0,0.0,0.0
-0.2617621476754036,-0.26130124511522795,-0.2225361671604216,-0.16284389428132517,-0.37034805961188205,0.5755188193849565,0.5336296265452943,0.0,0.0,0.0,0.0,0.0,0.0,1.0
-0.2750342516130812,-0.26130124511522795,-0.2225361671604216,-0.16284389428132517,-0.37034805961188205,-0.8640164649312321,-0.8936943502411376,0.0,0.0,0.0,1.0,0.0,0.0,0.0
-0.175440099008364,-0.1924576035257761,0.06606794907998943,-0.15047942012975377,0.6069162732981613,0.6389704336430185,0.7683980612559066,1.0,0.0,0.0,0.0,0.0,0.0,0.0
-0.25987629912661836,-0.26130124511522795,-0.2225361671604216,-0.16284389428132517,-0.37034805961188205,-0.8640164649312321,-0.8936943502411376,0.0,0.0,0.0,1.0,0.0,0.0,0.0
0.016762264092677146,-0.26130124511522795,-0.2225361671604216,-0.16284389428132517,-0.37034805961188205,0.6389704336430185,0.7683980612559066,1.0,0.0,0.0,0.0,0.0,0.0,0.0
-0.22671383030646958,-0.26130124511522795,-0.2225361671604216,-0.16284389428132517,-0.37034805961188205,-0.48757633997091815,-0.4792517157889571,0.0,0.0,0.0,0.0,0.0,1.0,0.0
2.013116793563701,1.0467279450843574,0.6003834379904478,4.666039414961525,0.7308471742121982,0.5755188193849565,0.5336296265452943,0.0,0.0,0.0,0.0,0.0,0.0,1.0
-0.2785805957394133,-0.26130124511522795,-0.2225361671604216,-0.16284389428132517,-0.37034805961188205,-0.6842174107830546,-0.6732657355858858,0.0,0.0,0.0,0.0,1.0,0.0,0.0
-0.26070654691539175,-0.26130124511522795,-0.2225361671604216,-0.16284389428132517,-0.37034805961188205,-0.8640164649312321,-0.8936943502411376,0.0,0.0,0.0,1.0,0.0,0.0,0.0
-0.20916001991526062,-0.26130124511522795,-0.2225361671604216,-0.16284389428132517,-0.37034805961188205,1.881283378844675,1.8272838018489053,0.0,1.0,0.0,0.0,0.0,0.0,0.0
-0.10904399727188585,0.6336660955476462,2.8286711707114693,-0.012702432254452202,-0.24862758477102778,0.6389704336430185,0.7683980612559066,1.0,0.0,0.0,0.0,0.0,0.0,0.0
-0.27695568220995676,-0.26130124511522795,-0.2225361671604216,-0.16284389428132517,-0.37034805961188205,1.881283378844675,1.8272838018489053,0.0,1.0,0.0,0.0,0.0,0.0,0.0
-0.196540253525905,-0.054770320346872375,0.056751878078281484,1.5367747363327755,-0.10869213712569932,-0.8640164649312321,-0.8936943502411376,0.0,0.0,0.0,1.0,0.0,0.0,0.0
-0.11104845264763877,-0.26130124511522795,-0.2225361671604216,-0.16284389428132517,-0.37034805961188205,1.881283378844675,1.8272838018489053,0.0,1.0,0.0,0.0,0.0,0.0,0.0
-0.2756747284787064,-0.26130124511522795,-0.2225361671604216,-0.16284389428132517,-0.37034805961188205,-1.1072151855588004,-1.1259153488245126,0.0,0.0,1.0,0.0,0.0,0.0,0.0
-0.2752003011708359,-0.26130124511522795,-0.2225361671604216,-0.16284389428132517,-0.37034805961188205,1.881283378844675,1.8272838018489053,0.0,1.0,0.0,0.0,0.0,0.0,0.0
-0.2604337512133662,-0.26130124511522795,-0.2225361671604216,-0.16284389428132517,-0.37034805961188205,-0.6842174107830546,-0.6732657355858858,0.0,0.0,0.0,0.0,1.0,0.0,0.0
-0.2807036579421338,-0.26130124511522795,-0.2225361671604216,-0.16284389428132517,-0.37034805961188205,-0.8640164649312321,-0.8936943502411376,0.0,0.0,0.0,1.0,0.0,0.0,0.0
-0.2567688002600665,-0.26130124511522795,-0.2225361671604216,-0.16284389428132517,-0.37034805961188205,0.6389704336430185,0.7683980612559066,1.0,0.0,0.0,0.0,0.0,0.0,0.0
0.14485763721771536,0.6336660955476462,-0.1245233368299525,-0.14868185400811967,-0.07063248914167007,-0.6842174107830546,-0.6732657355858858,0.0,0.0,0.0,0.0,1.0,0.0,0.0
-0.21679829957197588,-0.1924576035257761,-0.16081719677410639,-0.15898558246776254,0.22999771021251578,-0.48757633997091815,-0.4792517157889571,0.0,0.0,0.0,0.0,0.0,1.0,0.0
-0.1148320104279061,-0.12361396193632423,-0.21496685947153388,-0.16186566078419282,0.3944604557630778,-0.6842174107830546,-0.6732657355858858,0.0,0.0,0.0,0.0,1.0,0.0,0.0
-0.2585597633472777,-0.26130124511522795,-0.2225361671604216,-0.16284389428132517,-0.37034805961188205,0.6389704336430185,0.7683980612559066,1.0,0.0,0.0,0.0,0.0,0.0,0.0
-0.2768489360656859,-0.26130124511522795,-0.2225361671604216,-0.16284389428132517,-0.37034805961188205,-1.1072151855588004,-1.1259153488245126,0.0,0.0,1.0,0.0,0.0,0.0,0.0
-0.26912763163009334,-0.26130124511522795,-0.2225361671604216,-0.16284389428132517,-0.37034805961188205,-1.1072151855588004,-1.1259153488245126,0.0,0.0,1.0,0.0,0.0,0.0,0.0
-0.18989827121571784,-0.26130124511522795,-0.2225361671604216,-0.16284389428132517,-0.37034805961188205,-0.48757633997091815,-0.4792517157889571,0.0,0.0,0.0,0.0,0.0,1.0,0.0
0.22172672177543506,0.014073321242579479,-0.06299845125617287,-0.15143779101780727,0.7788644247832461,-0.48757633997091815,-0.4792517157889571,0.0,0.0,0.0,0.0,0.0,1.0,0.0
-0.13648961703219498,-0.12361396193632423,0.07402542639394831,-0.1394407751341942,0.29577199918229363,0.6389704336430185,0.7683980612559066,1.0,0.0,0.0,0.0,0.0,0.0,0.0
-0.18961361483099554,-0.26130124511522795,-0.2225361671604216,-0.16284389428132517,-0.37034805961188205,1.881283378844675,1.8272838018489053,0.0,1.0,0.0,0.0,0.0,0.0,0.0
-0.07662875146163313,-0.26130124511522795,-0.2225361671604216,-0.16284389428132517,-0.37034805961188205,0.5755188193849565,0.5336296265452943,0.0,0.0,0.0,0.0,0.0,0.0,1.0
-0.2776198804409755,-0.26130124511522795,-0.2225361671604216,-0.16284389428132517,-0.37034805961188205,0.6389704336430185,0.7683980612559066,1.0,0.0,0.0,0.0,0.0,0.0,0.0
-0.2555827319903902,-0.26130124511522795,-0.2225361671604216,-0.16284389428132517,-0.37034805961188205,-0.48757633997091815,-0.4792517157889571,0.0,0.0,0.0,0.0,0.0,1.0,0.0
-0.2740260935838564,-0.26130124511522795,-0.2225361671604216,-0.16284389428132517,-0.37034805961188205,0.5755188193849565,0.5336296265452943,0.0,0.0,0.0,0.0,0.0,0.0,1.0
-0.21815041739940683,-0.26130124511522795,-0.2225361671604216,-0.16284389428132517,-0.37034805961188205,1.881283378844675,1.8272838018489053,0.0,1.0,0.0,0.0,0.0,0.0,0.0
-0.2620586647428227,-0.26130124511522795,-0.2225361671604216,-0.16284389428132517,-0.37034805961188205,0.5755188193849565,0.5336296265452943,0.0,0.0,0.0,0.0,0.0,0.0,1.0
-0.218790894265032,-0.1924576035257761,-0.2225361671604216,-0.16284389428132517,0.21183816946161574,-0.6842174107830546,-0.6732657355858858,0.0,0.0,0.0,0.0,1.0,0.0,0.0
0.22925825528787944,-0.12361396193632423,0.04452453488853979,-0.10057958047146408,1.962396279347486,0.6389704336430185,0.7683980612559066,1.0,0.0,0.0,0.0,0.0,0.0,0.0
0.15623203192391089,-0.1924576035257761,-0.1584881790236794,0.4408850743219703,3.6296150682872614,0.5755188193849565,0.5336296265452943,0.0,0.0,0.0,0.0,0.0,0.0,1.0
-0.19828377388232915,-0.26130124511522795,-0.2225361671604216,-0.16284389428132517,-0.37034805961188205,-0.48757633997091815,-0.4792517157889571,0.0,0.0,0.0,0.0,0.0,1.0,0.0
-0.2776554624890658,-0.26130124511522795,-0.2225361671604216,-0.16284389428132517,-0.37034805961188205,1.881283378844675,1.8272838018489053,0.0,1.0,0.0,0.0,0.0,0.0,0.0
-0.19639792533354386,-0.26130124511522795,-0.2225361671604216,-0.16284389428132517,-0.37034805961188205,0.5755188193849565,0.5336296265452943,0.0,0.0,0.0,0.0,0.0,0.0,1.0
0.2331011164816306,0.014073321242579479,-0.0016676504949288233,-0.15377661323683947,0.8047796027298431,0.6389704336430185,0.7683980612559066,1.0,0.0,0.0,0.0,0.0,0.0,0.0
-0.267241783081308,-0.26130124511522795,-0.2225361671604216,-0.16284389428132517,-0.37034805961188205,1.881283378844675,1.8272838018489053,0.0,1.0,0.0,0.0,0.0,0.0,0.0
-0.09227299193866326,0.014073321242579479,-0.17149186146356343,-0.1486321974854226,0.06345418395091315,-0.6842174107830546,-0.6732657355858858,0.0,0.0,0.0,0.0,1.0,0.0,0.0
-0.2748207593245395,-0.26130124511522795,-0.2225361671604216,-0.16284389428132517,-0.37034805961188205,-0.6842174107830546,-0.6732657355858858,0.0,0.0,0.0,0.0,1.0,0.0,0.0
-0.19153504542787111,-0.1924576035257761,-0.04572490294050603,-0.1506432866546541,0.4602347447328557,0.6389704336430185,0.7683980612559066,1.0,0.0,0.0,0.0,0.0,0.0,0.0
0.13605701065671738,-0.054770320346872375,-0.06416296013138637,-0.1447440917582417,0.9016845329868781,0.5755188193849565,0.5336296265452943,0.0,0.0,0.0,0.0,0.0,0.0,1.0
-0.27013578965931817,-0.26130124511522795,-0.2225361671604216,-0.16284389428132517,-0.37034805961188205,0.6389704336430185,0.7683980612559066,1.0,0.0,0.0,0.0,0.0,0.0,0.0
-0.2691157709473966,-0.26130124511522795,-0.2225361671604216,-0.16284389428132517,-0.37034805961188205,-0.8640164649312321,-0.8936943502411376,0.0,0.0,0.0,1.0,0.0,0.0,0.0
-0.2507198520847175,-0.26130124511522795,-0.2225361671604216,-0.16284389428132517,-0.37034805961188205,-0.48757633997091815,-0.4792517157889571,0.0,0.0,0.0,0.0,0.0,1.0,0.0
-0.18374257689609796,-0.26130124511522795,-0.2225361671604216,-0.16284389428132517,-0.37034805961188205,0.6389704336430185,0.7683980612559066,1.0,0.0,0.0,0.0,0.0,0.0,0.0
-0.26457312947453643,-0.26130124511522795,-0.2225361671604216,-0.16284389428132517,-0.37034805961188205,-0.48757633997091815,-0.4792517157889571,0.0,0.0,0.0,0.0,0.0,1.0,0.0
0.4589640970760846,1.8040080025683278,1.2377579623573005,1.5356202221800686,-0.1450508525458049,-0.8640164649312321,-0.8936943502411376,0.0,0.0,0.0,1.0,0.0,0.0,0.0
-0.19381229650564957,-0.26130124511522795,-0.2225361671604216,-0.16284389428132517,-0.37034805961188205,-0.8640164649312321,-0.8936943502411376,0.0,0.0,0.0,1.0,0.0,0.0,0.0
0.9402112974972351,-0.26130124511522795,-0.2225361671604216,-0.16284389428132517,-0.37034805961188205,0.6389704336430185,0.7683980612559066,1.0,0.0,0.0,0.0,0.0,0.0,0.0
2.7043692418137337,3.2497244759468167,2.95385587479692,0.10196937560990081,0.16342544422444732,-0.48757633997091815,-0.4792517157889571,0.0,0.0,0.0,0.0,0.0,1.0,0.0
-0.23502816887690028,0.014073321242579479,-0.19963415928122288,-0.16160248121389834,-0.26179616199824296,-0.6842174107830546,-0.6732657355858858,0.0,0.0,0.0,0.0,1.0,0.0,0.0
-0.22291841184350547,-0.26130124511522795,-0.2225361671604216,-0.16284389428132517,-0.37034805961188205,-0.48757633997091815,-0.4792517157889571,0.0,0.0,0.0,0.0,0.0,1.0,0.0
-0.2471972293237789,-0.26130124511522795,-0.2225361671604216,-0.16284389428132517,-0.37034805961188205,-0.6842174107830546,-0.6732657355858858,0.0,0.0,0.0,0.0,1.0,0.0,0.0
-0.28141529890393957,-0.26130124511522795,-0.2225361671604216,-0.16284389428132517,-0.37034805961188205,-0.6842174107830546,-0.6732657355858858,0.0,0.0,0.0,0.0,1.0,0.0,0.0
-0.06547970972667609,-0.26130124511522795,-0.2225361671604216,-0.16284389428132517,-0.37034805961188205,0.6389704336430185,0.7683980612559066,1.0,0.0,0.0,0.0,0.0,0.0,0.0
-0.11334942509081075,-0.1924576035257761,-0.18682456165387445,-0.16072852641442983,1.172780534196743,1.881283378844675,1.8272838018489053,0.0,1.0,0.0,0.0,0.0,0.0,0.0
-0.27416842177621753,-0.26130124511522795,-0.2225361671604216,-0.16284389428132517,-0.37034805961188205,-1.1072151855588004,-1.1259153488245126,0.0,0.0,1.0,0.0,0.0,0.0,0.0
-0.04311046216058146,-0.26130124511522795,-0.2225361671604216,-0.16284389428132517,-0.37034805961188205,1.881283378844675,1.8272838018489053,0.0,1.0,0.0,0.0,0.0,0.0,0.0
-0.17330517612294669,0.7025097371370981,0.2904299923711227,0.11171695101533644,-0.29915370363226923,-1.1072151855588004,-1.1259153488245126,0.0,0.0,1.0,0.0,0.0,0.0,0.0
-0.20340758880733067,-0.26130124511522795,-0.2225361671604216,-0.16284389428132517,-0.37034805961188205,-0.8640164649312321,-0.8936943502411376,0.0,0.0,0.0,1.0,0.0,0.0,0.0
-0.27192675274652933,-0.26130124511522795,-0.2225361671604216,-0.16284389428132517,-0.37034805961188205,0.6389704336430185,0.7683980612559066,1.0,0.0,0.0,0.0,0.0,0.0,0.0
-0.25908163338593526,-0.26130124511522795,-0.2225361671604216,-0.16284389428132517,-0.37034805961188205,-0.6842174107830546,-0.6732657355858858,0.0,0.0,0.0,0.0,1.0,0.0,0.0
-0.21600363383129276,-0.26130124511522795,-0.2225361671604216,-0.16284389428132517,-0.37034805961188205,0.6389704336430185,0.7683980612559066,1.0,0.0,0.0,0.0,0.0,0.0,0.0
0.04283204466016178,-0.26130124511522795,-0.2225361671604216,-0.16284389428132517,-0.37034805961188205,0.5755188193849565,0.5336296265452943,0.0,0.0,0.0,0.0,0.0,0.0,1.0
-0.23449443815554596,-0.26130124511522795,-0.2225361671604216,-0.16284389428132517,-0.37034805961188205,-0.48757633997091815,-0.4792517157889571,0.0,0.0,0.0,0.0,0.0,1.0,0.0
-0.27612543442118337,-0.26130124511522795,-0.2225361671604216,-0.16284389428132517,-0.37034805961188205,-0.48757633997091815,-0.4792517157889571,0.0,0.0,0.0,0.0,0.0,1.0,0.0
-0.211591459868097,-0.1924576035257761,-0.18682456165387445,-0.16101653424607285,0.27745031967468914,-0.8640164649312321,-0.8936943502411376,0.0,0.0,0.0,1.0,0.0,0.0,0.0
-0.28139157753854604,-0.26130124511522795,-0.2225361671604216,-0.16284389428132517,-0.37034805961188205,-1.1072151855588004,-1.1259153488245126,0.0,0.0,1.0,0.0,0.0,0.0,0.0
-0.036551504629271626,-0.1924576035257761,-0.2017690922191143,-0.16203449296136288,1.8726795006376822,0.6389704336430185,0.7683980612559066,1.0,0.0,0.0,0.0,0.0,0.0,0.0
-0.022876137479904125,-0.26130124511522795,-0.2225361671604216,-0.16284389428132517,-0.37034805961188205,-0.48757633997091815,-0.4792517157889571,0.0,0.0,0.0,0.0,0.0,1.0,0.0
-0.2707999878903369,-0.26130124511522795,-0.2225361671604216,-0.16284389428132517,-0.37034805961188205,-0.6842174107830546,-0.6732657355858858,0.0,0.0,0.0,0.0,1.0,0.0,0.0
-0.27694382152726,-0.26130124511522795,-0.2225361671604216,-0.16284389428132517,-0.37034805961188205,-0.6842174107830546,-0.6732657355858858,0.0,0.0,0.0,0.0,1.0,0.0,0.0
-0.27362283037216645,-0.26130124511522795,-0.2225361671604216,-0.16284389428132517,-0.37034805961188205,-1.1072151855588004,-1.1259153488245126,0.0,0.0,1.0,0.0,0.0,0.0,0.0
-0.21625270816792477,-0.1924576035257761,-0.21884855572224554,-0.1626551994950763,0.23496996541811938,-0.6842174107830546,-0.6732657355858858,0.0,0.0,0.0,0.0,1.0,0.0,0.0
-0.2798141067398766,-0.26130124511522795,-0.2225361671604216,-0.16284389428132517,-0.37034805961188205,-1.1072151855588004,-1.1259153488245126,0.0,0.0,1.0,0.0,0.0,0.0,0.0
1.8443867215195533,0.014073321242579479,-0.06552155381913544,-0.14723684919763483,4.475898308906215,1.881283378844675,1.8272838018489053,0.0,1.0,0.0,0.0,0.0,0.0,0.0
-0.276493115584783,-0.26130124511522795,-0.2225361671604216,-0.16284389428132517,-0.37034805961188205,-1.1072151855588004,-1.1259153488245126,0.0,0.0,1.0,0.0,0.0,0.0,0.0
-0.14882472703682828,-0.054770320346872375,0.04355411082586188,1.3566258376400608,0.03625991136809209,-0.8640164649312321,-0.8936943502411376,0.0,0.0,0.0,1.0,0.0,0.0,0.0
0.04691211950784818,0.7025097371370981,0.23045778529762773,1.7467870677755106,-0.1557998800259933,-0.8640164649312321,-0.8936943502411376,0.0,0.0,0.0,1.0,0.0,0.0,0.0
-0.06890744702604054,-0.26130124511522795,-0.2225361671604216,-0.16284389428132517,-0.37034805961188205,0.5755188193849565,0.5336296265452943,0.0,0.0,0.0,0.0,0.0,0.0,1.0
-0.27661172241175064,-0.26130124511522795,-0.2225361671604216,-0.16284389428132517,-0.37034805961188205,-0.8640164649312321,-0.8936943502411376,0.0,0.0,0.0,1.0,0.0,0.0,0.0
0.6437772548570425,0.1517606044214832,0.10566125083724826,-0.046012027679649445,1.0368542098261668,1.881283378844675,1.8272838018489053,0.0,1.0,0.0,0.0,0.0,0.0,0.0
-0.2771810351811953,-0.26130124511522795,-0.2225361671604216,-0.16284389428132517,-0.37034805961188205,0.5755188193849565,0.5336296265452943,0.0,0.0,0.0,0.0,0.0,0.0,1.0
0.06993370462226477,1.1155715866738092,0.593784554364238,3.4454622244583666,-0.20967395634298105,-0.8640164649312321,-0.8936943502411376,0.0,0.0,0.0,1.0,0.0,0.0,0.0
-0.09695796160388456,-0.054770320346872375,-0.20312768590686336,-0.1593629720402603,0.1938227520500085,-0.6842174107830546,-0.6732657355858858,0.0,0.0,0.0,0.0,1.0,0.0,0.0
0.21955621684192747,1.0467279450843574,0.009589268632134957,-0.14195836083493585,-0.12944969070332588,-0.6842174107830546,-0.6732657355858858,0.0,0.0,0.0,0.0,1.0,0.0,0.0
-0.2706102169671887,-0.26130124511522795,-0.2225361671604216,-0.16284389428132517,-0.37034805961188205,-0.8640164649312321,-0.8936943502411376,0.0,0.0,0.0,1.0,0.0,0.0,0.0
0.11267960506139789,-0.12361396193632423,0.3830084479505955,-0.12397773396632536,1.431175666131425,0.6389704336430185,0.7683980612559066,1.0,0.0,0.0,0.0,0.0,0.0,0.0
1.6509864294661392,2.974349909589009,4.135638298326081,0.23101178114278703,0.004597240307062342,-0.48757633997091815,-0.4792517157889571,0.0,0.0,0.0,0.0,0.0,1.0,0.0
-0.24229876737001588,-0.26130124511522795,-0.2225361671604216,-0.16284389428132517,-0.37034805961188205,0.5755188193849565,0.5336296265452943,0.0,0.0,0.0,0.0,0.0,0.0,1.0
0.09512579467018896,0.42713517077929064,0.4270657003961727,-0.09342407555081571,-0.026041005124727838,-0.48757633997091815,-0.4792517157889571,0.0,0.0,0.0,0.0,0.0,1.0,0.0
-0.27657614036366035,-0.26130124511522795,-0.2225361671604216,-0.16284389428132517,-0.37034805961188205,-1.1072151855588004,-1.1259153488245126,0.0,0.0,1.0,0.0,0.0,0.0,0.0
0.32336091180399545,0.22060424601093506,0.7137289685112279,0.02012052924831372,0.41866545587110143,0.6389704336430185,0.7683980612559066,1.0,0.0,0.0,0.0,0.0,0.0,0.0
-0.28167623392326835,-0.26130124511522795,-0.2225361671604216,-0.16284389428132517,-0.37034805961188205,-0.8640164649312321,-0.8936943502411376,0.0,0.0,0.0,1.0,0.0,0.0,0.0
2.495087495629354,8.275310311976803,0.5836921441123877,-0.07417720735342982,-0.166193572077318,-0.6842174107830546,-0.6732657355858858,0.0,0.0,0.0,0.0,1.0,0.0,0.0
0.09332297090028101,0.42713517077929064,-0.1377211040823721,-0.15237133364451227,-0.027684011192666443,-0.6842174107830546,-0.6732657355858858,0.0,0.0,0.0,0.0,1.0,0.0,0.0
-0.2031110717399116,-0.26130124511522795,-0.2225361671604216,-0.16284389428132517,-0.37034805961188205,0.5755188193849565,0.5336296265452943,0.0,0.0,0.0,0.0,0.0,0.0,1.0
-0.2629007732142929,-0.1924576035257761,-0.17129777665102786,-0.15711353156208285,-0.190157854660987,-0.8640164649312321,-0.8936943502411376,0.0,0.0,0.0,1.0,0.0,0.0,0.0
-0.24306971174530548,-0.26130124511522795,-0.2225361671604216,-0.16284389428132517,-0.37034805961188205,-0.48757633997091815,-0.4792517157889571,0.0,0.0,0.0,0.0,0.0,1.0,0.0
-0.20006287628684355,-0.26130124511522795,-0.2225361671604216,-0.16284389428132517,-0.37034805961188205,1.881283378844675,1.8272838018489053,0.0,1.0,0.0,0.0,0.0,0.0,0.0
0.5145313955104183,-0.1924576035257761,-0.1565473308983236,-0.15533086239725788,6.89498153581071,1.881283378844675,1.8272838018489053,0.0,1.0,0.0,0.0,0.0,0.0,0.0
-0.27204535957349696,-0.26130124511522795,-0.2225361671604216,-0.16284389428132517,-0.37034805961188205,-0.48757633997091815,-0.4792517157889571,0.0,0.0,0.0,0.0,0.0,1.0,0.0
-0.24029431199426296,-0.1924576035257761,-0.053876465067000494,-0.14250458258460366,0.015866458858152774,-0.48757633997091815,-0.4792517157889571,0.0,0.0,0.0,0.0,0.0,1.0,0.0
-0.034120064676435254,0.014073321242579479,-0.035050238251049,-0.14727160876352277,0.1959485713045782,-0.48757633997091815,-0.4792517157889571,0.0,0.0,0.0,0.0,0.0,1.0,0.0
-0.08238118256956307,-0.1924576035257761,-0.2083679758453241,-0.16153792773439213,1.4550100633669814,-0.6842174107830546,-0.6732657355858858,0.0,0.0,0.0,0.0,1.0,0.0,0.0
0.7570467746111272,0.014073321242579479,0.011724201570026363,-0.10887221976187544,1.9985261989664642,1.881283378844675,1.8272838018489053,0.0,1.0,0.0,0.0,0.0,0.0,0.0
-0.24556045511162566,-0.26130124511522795,-0.2225361671604216,-0.16284389428132517,-0.37034805961188205,-1.1072151855588004,-1.1259153488245126,0.0,0.0,1.0,0.0,0.0,0.0,0.0
-0.2747495952283589,-0.26130124511522795,-0.2225361671604216,-0.16284389428132517,-0.37034805961188205,-0.8640164649312321,-0.8936943502411376,0.0,0.0,0.0,1.0,0.0,0.0,0.0
0.22503585224783187,0.22060424601093506,0.19474617979108058,-0.12363013830744583,0.29065304700633837,-0.48757633997091815,-0.4792517157889571,0.0,0.0,0.0,0.0,0.0,1.0,0.0
-0.07420917219149352,0.014073321242579479,-0.004967092308033725,-0.14984381663923121,0.10461040502772977,-0.48757633997091815,-0.4792517157889571,0.0,0.0,0.0,0.0,0.0,1.0,0.0
-0.28031225541314064,-0.26130124511522795,-0.2225361671604216,-0.16284389428132517,-0.37034805961188205,-0.8640164649312321,-0.8936943502411376,0.0,0.0,0.0,1.0,0.0,0.0,0.0
2.4510725021416673,1.1155715866738092,1.8718330449110483,0.1226215233996139,0.8753531988980731,0.6389704336430185,0.7683980612559066,1.0,0.0,0.0,0.0,0.0,0.0,0.0
-0.2439236808994724,-0.26130124511522795,-0.2225361671604216,-0.16284389428132517,-0.37034805961188205,-0.48757633997091815,-0.4792517157889571,0.0,0.0,0.0,0.0,0.0,1.0,0.0
0.21141978851194818,-0.1924576035257761,-0.20642712771996827,-0.161115847291467,4.132569491584511,0.6389704336430185,0.7683980612559066,1.0,0.0,0.0,0.0,0.0,0.0,0.0
0.11600059621649148,-0.26130124511522795,-0.2225361671604216,-0.16284389428132517,-0.37034805961188205,0.5755188193849565,0.5336296265452943,0.0,0.0,0.0,0.0,0.0,0.0,1.0
1.9915303510555926,0.9090406619054536,1.8211769088392613,0.08142150651785159,0.8488272983012226,0.6389704336430185,0.7683980612559066,1.0,0.0,0.0,0.0,0.0,0.0,0.0
-0.20540018350038683,-0.1924576035257761,-0.2161313683467474,-0.16229767253165736,0.3338746070078428,-0.6842174107830546,-0.6732657355858858,0.0,0.0,0.0,0.0,1.0,0.0,0.0
-0.26941228801481565,-0.1924576035257761,-0.18216652615302045,-0.16149820251623448,-0.24950063961482108,-1.1072151855588004,-1.1259153488245126,0.0,0.0,1.0,0.0,0.0,0.0,0.0
-0.10669558209792682,-0.26130124511522795,-0.2225361671604216,-0.16284389428132517,-0.37034805961188205,-0.48757633997091815,-0.4792517157889571,0.0,0.0,0.0,0.0,0.0,1.0,0.0
-0.05850562830097957,0.08291696283203133,1.5496522561019814,-0.04791387249894738,0.0382416072833689,0.6389704336430185,0.7683980612559066,1.0,0.0,0.0,0.0,0.0,0.0,0.0
-0.16060238495471374,-0.26130124511522795,-0.2225361671604216,-0.16284389428132517,-0.37034805961188205,0.5755188193849565,0.5336296265452943,0.0,0.0,0.0,0.0,0.0,0.0,1.0
-0.2238079630457627,-0.26130124511522795,-0.2225361671604216,-0.16284389428132517,-0.37034805961188205,1.881283378844675,1.8272838018489053,0.0,1.0,0.0,0.0,0.0,0.0,0.0
-0.146239098208934,-0.26130124511522795,-0.2225361671604216,-0.16284389428132517,-0.37034805961188205,-0.48757633997091815,-0.4792517157889571,0.0,0.0,0.0,0.0,0.0,1.0,0.0
-0.13187581146315425,-0.26130124511522795,-0.2225361671604216,-0.16284389428132517,-0.37034805961188205,0.5755188193849565,0.5336296265452943,0.0,0.0,0.0,0.0,0.0,0.0,1.0
-0.2647035969842008,-0.26130124511522795,-0.2225361671604216,-0.16284389428132517,-0.37034805961188205,0.5755188193849565,0.5336296265452943,0.0,0.0,0.0,0.0,0.0,0.0,1.0
-0.15805233817490974,0.014073321242579479,0.06994964533070108,-0.1436069573884787,-0.08641607349624703,-0.8640164649312321,-0.8936943502411376,0.0,0.0,0.0,1.0,0.0,0.0,0.0
-0.24059082906168205,-0.26130124511522795,-0.2225361671604216,-0.16284389428132517,-0.37034805961188205,-0.8640164649312321,-0.8936943502411376,0.0,0.0,0.0,1.0,0.0,0.0,0.0
-0.23842032412817446,-0.26130124511522795,-0.2225361671604216,-0.16284389428132517,-0.37034805961188205,-0.6842174107830546,-0.6732657355858858,0.0,0.0,0.0,0.0,1.0,0.0,0.0
-0.17675663478770468,-0.1924576035257761,-0.18973583384190817,-0.15959635769693653,0.594918005302031,-0.8640164649312321,-0.8936943502411376,0.0,0.0,0.0,1.0,0.0,0.0,0.0
3.0233385815777756,2.0105389273366834,1.429901926767527,0.3401419210741466,0.5426634682170548,1.881283378844675,1.8272838018489053,0.0,1.0,0.0,0.0,0.0,0.0,0.0
-0.0625145390524854,-0.26130124511522795,-0.2225361671604216,-0.16284389428132517,-0.37034805961188205,0.5755188193849565,0.5336296265452943,0.0,0.0,0.0,0.0,0.0,0.0,1.0
-0.27217582708316135,-0.26130124511522795,-0.2225361671604216,-0.16284389428132517,-0.37034805961188205,-1.1072151855588004,-1.1259153488245126,0.0,0.0,1.0,0.0,0.0,0.0,0.0
-0.17375588206542367,-0.26130124511522795,-0.2225361671604216,-0.16284389428132517,-0.37034805961188205,0.6389704336430185,0.7683980612559066,1.0,0.0,0.0,0.0,0.0,0.0,0.0
-0.28056132974977266,-0.26130124511522795,-0.2225361671604216,-0.16284389428132517,-0.37034805961188205,-0.8640164649312321,-0.8936943502411376,0.0,0.0,0.0,1.0,0.0,0.0,0.0
8.69561519584301,2.423600776873394,2.423616166949709,0.86075083633481,1.7276969645144251,1.881283378844675,1.8272838018489053,0.0,1.0,0.0,0.0,0.0,0.0,0.0
-0.2465686131408505,-0.26130124511522795,-0.2225361671604216,-0.16284389428132517,-0.37034805961188205,0.6389704336430185,0.7683980612559066,1.0,0.0,0.0,0.0,0.0,0.0,0.0
-0.243093433110699,-0.26130124511522795,-0.2225361671604216,-0.16284389428132517,-0.37034805961188205,0.5755188193849565,0.5336296265452943,0.0,0.0,0.0,0.0,0.0,0.0,1.0
-0.2522617408352966,-0.26130124511522795,-0.2225361671604216,-0.16284389428132517,-0.37034805961188205,1.881283378844675,1.8272838018489053,0.0,1.0,0.0,0.0,0.0,0.0,0.0
-0.17857131924030936,-0.26130124511522795,-0.2225361671604216,-0.16284389428132517,-0.37034805961188205,0.5755188193849565,0.5336296265452943,0.0,0.0,0.0,0.0,0.0,0.0,1.0
0.2503702704881172,-0.26130124511522795,-0.2225361671604216,-0.16284389428132517,-0.37034805961188205,0.6389704336430185,0.7683980612559066,1.0,0.0,0.0,0.0,0.0,0.0,0.0
-0.18667216552219837,-0.26130124511522795,-0.2225361671604216,-0.16284389428132517,-0.37034805961188205,-0.48757633997091815,-0.4792517157889571,0.0,0.0,0.0,0.0,0.0,1.0,0.0
-0.25744485917378196,-0.1924576035257761,-0.21904264053478112,-0.1627346499313916,-0.14043530260495116,-0.8640164649312321,-0.8936943502411376,0.0,0.0,0.0,1.0,0.0,0.0,0.0
-0.03561451069622737,-0.26130124511522795,-0.2225361671604216,-0.16284389428132517,-0.37034805961188205,0.5755188193849565,0.5336296265452943,0.0,0.0,0.0,0.0,0.0,0.0,1.0
-0.27976666400908956,-0.26130124511522795,-0.2225361671604216,-0.16284389428132517,-0.37034805961188205,-0.6842174107830546,-0.6732657355858858,0.0,0.0,0.0,0.0,1.0,0.0,0.0
-0.12152143546888032,-0.26130124511522795,-0.2225361671604216,-0.16284389428132517,-0.37034805961188205,-0.8640164649312321,-0.8936943502411376,0.0,0.0,0.0,1.0,0.0,0.0,0.0
-0.22921643435548653,-0.26130124511522795,-0.2225361671604216,-0.16284389428132517,-0.37034805961188205,-0.6842174107830546,-0.6732657355858858,0.0,0.0,0.0,0.0,1.0,0.0,0.0
-0.2815339057309072,-0.26130124511522795,-0.2225361671604216,-0.16284389428132517,-0.37034805961188205,-1.1072151855588004,-1.1259153488245126,0.0,0.0,1.0,0.0,0.0,0.0,0.0
-0.26484592517656197,-0.26130124511522795,-0.2225361671604216,-0.16284389428132517,-0.37034805961188205,-1.1072151855588004,-1.1259153488245126,0.0,0.0,1.0,0.0,0.0,0.0,0.0
2.368095165995115,0.5648224539581944,0.8033961519026671,0.007428322046941603,1.642802774465574,1.881283378844675,1.8272838018489053,0.0,1.0,0.0,0.0,0.0,0.0,0.0
-0.11162962609978014,-0.1924576035257761,-0.21574319872167622,-0.16172662252064102,1.1884539473448412,-0.6842174107830546,-0.6732657355858858,0.0,0.0,0.0,0.0,1.0,0.0,0.0
-0.16676993995703038,-0.1924576035257761,-0.14567858139633097,-0.15673117633731537,0.6859318940654705,-0.48757633997091815,-0.4792517157889571,0.0,0.0,0.0,0.0,0.0,1.0,0.0
-0.2779045368256978,-0.26130124511522795,-0.2225361671604216,-0.16284389428132517,-0.37034805961188205,-0.48757633997091815,-0.4792517157889571,0.0,0.0,0.0,0.0,0.0,1.0,0.0
-0.23063971627909804,-0.26130124511522795,-0.2225361671604216,-0.16284389428132517,-0.37034805961188205,-0.48757633997091815,-0.4792517157889571,0.0,0.0,0.0,0.0,0.0,1.0,0.0
-0.0630245484084462,-0.26130124511522795,-0.2225361671604216,-0.16284389428132517,-0.37034805961188205,0.6389704336430185,0.7683980612559066,1.0,0.0,0.0,0.0,0.0,0.0,0.0
-0.23009412487504696,-0.12361396193632423,-0.07347903113309431,-0.1455584587304737,-0.1307610234549181,-0.8640164649312321,-0.8936943502411376,0.0,0.0,0.0,1.0,0.0,0.0,0.0
-0.27400237221846285,-0.26130124511522795,-0.2225361671604216,-0.16284389428132517,-0.37034805961188205,1.881283378844675,1.8272838018489053,0.0,1.0,0.0,0.0,0.0,0.0,0.0
0.4238208942455764,-0.26130124511522795,-0.2225361671604216,-0.16284389428132517,-0.37034805961188205,1.881283378844675,1.8272838018489053,0.0,1.0,0.0,0.0,0.0,0.0,0.0
-0.23348628012632114,-0.26130124511522795,-0.2225361671604216,-0.16284389428132517,-0.37034805961188205,0.6389704336430185,0.7683980612559066,1.0,0.0,0.0,0.0,0.0,0.0,0.0
-0.15919096371379896,-0.26130124511522795,-0.2225361671604216,-0.16284389428132517,-0.37034805961188205,0.5755188193849565,0.5336296265452943,0.0,0.0,0.0,0.0,0.0,0.0,1.0
-0.24515719189993573,-0.26130124511522795,-0.2225361671604216,-0.16284389428132517,-0.37034805961188205,-0.48757633997091815,-0.4792517157889571,0.0,0.0,0.0,0.0,0.0,1.0,0.0
-0.26662502758107637,-0.26130124511522795,-0.2225361671604216,-0.16284389428132517,-0.37034805961188205,1.881283378844675,1.8272838018489053,0.0,1.0,0.0,0.0,0.0,0.0,0.0
-0.28120180661539784,-0.26130124511522795,-0.2225361671604216,-0.16284389428132517,-0.37034805961188205,-0.8640164649312321,-0.8936943502411376,0.0,0.0,0.0,1.0,0.0,0.0,0.0
-0.19725189448771077,-0.26130124511522795,-0.2225361671604216,-0.16284389428132517,-0.37034805961188205,-0.48757633997091815,-0.4792517157889571,0.0,0.0,0.0,0.0,0.0,1.0,0.0
0.1003089130086743,-0.12361396193632423,0.04277777157571955,-0.144331942619856,1.374805425050506,0.6389704336430185,0.7683980612559066,1.0,0.0,0.0,0.0,0.0,0.0,0.0
-0.25500155853824885,-0.26130124511522795,-0.2225361671604216,-0.16284389428132517,-0.37034805961188205,0.5755188193849565,0.5336296265452943,0.0,0.0,0.0,0.0,0.0,0.0,1.0
0.4545282017474953,3.2497244759468167,0.2566592349899314,-0.08476894364471571,-0.2386129691155945,-0.6842174107830546,-0.6732657355858858,0.0,0.0,0.0,0.0,1.0,0.0,0.0
-0.11656367010163346,-0.12361396193632423,0.0742195112064839,-0.1443915304470925,0.3865697029367938,0.6389704336430185,0.7683980612559066,1.0,0.0,0.0,0.0,0.0,0.0,0.0
-0.14334509163092385,-0.26130124511522795,-0.2225361671604216,-0.16284389428132517,-0.37034805961188205,1.881283378844675,1.8272838018489053,0.0,1.0,0.0,0.0,0.0,0.0,0.0
-0.24112455978303637,-0.26130124511522795,-0.2225361671604216,-0.16284389428132517,-0.37034805961188205,-0.6842174107830546,-0.6732657355858858,0.0,0.0,0.0,0.0,1.0,0.0,0.0
-0.27722847791198235,-0.26130124511522795,-0.2225361671604216,-0.16284389428132517,-0.37034805961188205,-1.1072151855588004,-1.1259153488245126,0.0,0.0,1.0,0.0,0.0,0.0,0.0
-0.24014012311920505,-0.26130124511522795,-0.2225361671604216,-0.16284389428132517,-0.37034805961188205,-0.48757633997091815,-0.4792517157889571,0.0,0.0,0.0,0.0,0.0,1.0,0.0
-0.23226462980855456,-0.26130124511522795,-0.2225361671604216,-0.16284389428132517,-0.37034805961188205,-0.6842174107830546,-0.6732657355858858,0.0,0.0,0.0,0.0,1.0,0.0,0.0
-0.2610742280789914,-0.26130124511522795,-0.2225361671604216,-0.16284389428132517,-0.37034805961188205,1.881283378844675,1.8272838018489053,0.0,1.0,0.0,0.0,0.0,0.0,0.0
-0.20925490537683472,-0.054770320346872375,0.4645240692155401,3.5510617856259645,-0.14731719205618515,-0.8640164649312321,-0.8936943502411376,0.0,0.0,0.0,1.0,0.0,0.0,0.0
-0.16652086562039836,-0.12361396193632423,-0.20972656953307317,-0.16247147036109713,0.15892688852372544,-0.6842174107830546,-0.6732657355858858,0.0,0.0,0.0,0.0,1.0,0.0,0.0
-0.2712388331501171,-0.26130124511522795,-0.2225361671604216,-0.16284389428132517,-0.37034805961188205,-0.6842174107830546,-0.6732657355858858,0.0,0.0,0.0,0.0,1.0,0.0,0.0
0.020379772315189802,-0.12361396193632423,-0.174014964026526,-0.16022202988291967,1.0105877312400435,0.5755188193849565,0.5336296265452943,0.0,0.0,0.0,0.0,0.0,0.0,1.0
-0.1866010014260178,-0.1924576035257761,-0.2225361671604216,-0.16284389428132517,0.5052012265922272,-0.6842174107830546,-0.6732657355858858,0.0,0.0,0.0,0.0,1.0,0.0,0.0
0.01100983298474719,-0.1924576035257761,-0.16081719677410639,-0.09800737259575565,2.306130443560951,1.881283378844675,1.8272838018489053,0.0,1.0,0.0,0.0,0.0,0.0,0.0
2.1642100304377623,1.0467279450843574,1.5477114079766257,0.03542963519582164,0.803320353919503,0.6389704336430185,0.7683980612559066,1.0,0.0,0.0,0.0,0.0,0.0,0.0
-0.1750249751139773,-0.12361396193632423,-0.16683382596270946,-0.15886144116101986,0.12017572567135838,-0.8640164649312321,-0.8936943502411376,0.0,0.0,0.0,1.0,0.0,0.0,0.0
-0.2761847378346672,-0.26130124511522795,-0.2225361671604216,-0.16284389428132517,-0.37034805961188205,0.5755188193849565,0.5336296265452943,0.0,0.0,0.0,0.0,0.0,0.0,1.0
-0.2143668596191395,-0.1924576035257761,-0.1495602776470426,-0.14834418965377957,0.2521566736287926,-1.1072151855588004,-1.1259153488245126,0.0,0.0,1.0,0.0,0.0,0.0,0.0
0.15340918944208135,-0.26130124511522795,-0.2225361671604216,-0.16284389428132517,-0.37034805961188205,0.5755188193849565,0.5336296265452943,0.0,0.0,0.0,0.0,0.0,0.0,1.0
-0.2703136998997696,-0.26130124511522795,-0.2225361671604216,-0.16284389428132517,-0.37034805961188205,-1.1072151855588004,-1.1259153488245126,0.0,0.0,1.0,0.0,0.0,0.0,0.0
-0.2652847704363422,-0.26130124511522795,-0.2225361671604216,-0.16284389428132517,-0.37034805961188205,-0.48757633997091815,-0.4792517157889571,0.0,0.0,0.0,0.0,0.0,1.0,0.0
-0.2766828865079312,-0.26130124511522795,-0.2225361671604216,-0.16284389428132517,-0.37034805961188205,-0.6842174107830546,-0.6732657355858858,0.0,0.0,0.0,0.0,1.0,0.0,0.0
0.2874942073289848,-0.26130124511522795,-0.2225361671604216,-0.16284389428132517,-0.37034805961188205,0.6389704336430185,0.7683980612559066,1.0,0.0,0.0,0.0,0.0,0.0,0.0
-0.039836913736274925,-0.054770320346872375,-0.20196317703164987,-0.16090728989613928,0.367347252558609,-0.6842174107830546,-0.6732657355858858,0.0,0.0,0.0,0.0,1.0,0.0,0.0
4.320410980613058,0.4959788123687425,0.15321202990846594,0.03769893828307792,3.4433127235381735,1.881283378844675,1.8272838018489053,0.0,1.0,0.0,0.0,0.0,0.0,0.0
-0.2448132321017296,-0.26130124511522795,-0.2225361671604216,-0.16284389428132517,-0.37034805961188205,-0.6842174107830546,-0.6732657355858858,0.0,0.0,0.0,0.0,1.0,0.0,0.0
-0.2711795297366333,-0.26130124511522795,-0.2225361671604216,-0.16284389428132517,-0.37034805961188205,-0.8640164649312321,-0.8936943502411376,0.0,0.0,0.0,1.0,0.0,0.0,0.0
-0.20108289499876517,-0.26130124511522795,-0.2225361671604216,-0.16284389428132517,-0.37034805961188205,1.881283378844675,1.8272838018489053,0.0,1.0,0.0,0.0,0.0,0.0,0.0
-0.2376968224836719,-0.26130124511522795,-0.2225361671604216,-0.16284389428132517,-0.37034805961188205,1.881283378844675,1.8272838018489053,0.0,1.0,0.0,0.0,0.0,0.0,0.0
-0.26348194666643426,-0.26130124511522795,-0.2225361671604216,-0.16284389428132517,-0.37034805961188205,0.5755188193849565,0.5336296265452943,0.0,0.0,0.0,0.0,0.0,0.0,1.0
-0.17740897233602662,-0.26130124511522795,-0.2225361671604216,-0.16284389428132517,-0.37034805961188205,0.5755188193849565,0.5336296265452943,0.0,0.0,0.0,0.0,0.0,0.0,1.0
-0.1097319168682981,-0.26130124511522795,-0.2225361671604216,-0.16284389428132517,-0.37034805961188205,1.881283378844675,1.8272838018489053,0.0,1.0,0.0,0.0,0.0,0.0,0.0
-0.13055927568381356,-0.12361396193632423,-0.06241619681856612,-0.14847826226506167,0.3227951252997044,-0.48757633997091815,-0.4792517157889571,0.0,0.0,0.0,0.0,0.0,1.0,0.0
-0.15789814929985183,3.1808808343573647,1.4355303863310591,0.43316845069484505,-0.34760539667146917,-1.1072151855588004,-1.1259153488245126,0.0,0.0,1.0,0.0,0.0,0.0,0.0
-0.0387931736589598,-0.26130124511522795,-0.2225361671604216,-0.16284389428132517,-0.37034805961188205,1.881283378844675,1.8272838018489053,0.0,1.0,0.0,0.0,0.0,0.0,0.0
-0.254444106451501,-0.26130124511522795,-0.2225361671604216,-0.16284389428132517,-0.37034805961188205,-0.6842174107830546,-0.6732657355858858,0.0,0.0,0.0,0.0,1.0,0.0,0.0
-0.011845702571914722,-0.1924576035257761,-0.10589119482653658,-0.15142289406099815,2.0978361874479488,0.6389704336430185,0.7683980612559066,1.0,0.0,0.0,0.0,0.0,0.0,0.0
-0.14672538619950126,-0.26130124511522795,-0.2225361671604216,-0.16284389428132517,-0.37034805961188205,-0.6842174107830546,-0.6732657355858858,0.0,0.0,0.0,0.0,1.0,0.0,0.0
-0.23047366672134337,-0.26130124511522795,-0.2225361671604216,-0.16284389428132517,-0.37034805961188205,-0.8640164649312321,-0.8936943502411376,0.0,0.0,0.0,1.0,0.0,0.0,0.0
-0.07603571732679498,-0.26130124511522795,-0.2225361671604216,-0.16284389428132517,-0.37034805961188205,-0.48757633997091815,-0.4792517157889571,0.0,0.0,0.0,0.0,0.0,1.0,0.0
0.1382156549075282,-0.26130124511522795,-0.2225361671604216,-0.16284389428132517,-0.37034805961188205,0.5755188193849565,0.5336296265452943,0.0,0.0,0.0,0.0,0.0,0.0,1.0
-0.11389501649486183,-0.26130124511522795,-0.2225361671604216,-0.16284389428132517,-0.37034805961188205,0.5755188193849565,0.5336296265452943,0.0,0.0,0.0,0.0,0.0,0.0,1.0
-0.2714641861213556,-0.26130124511522795,-0.2225361671604216,-0.16284389428132517,-0.37034805961188205,-1.1072151855588004,-1.1259153488245126,0.0,0.0,1.0,0.0,0.0,0.0,0.0
-0.2634107825702537,-0.26130124511522795,-0.2225361671604216,-0.16284389428132517,-0.37034805961188205,-0.8640164649312321,-0.8936943502411376,0.0,0.0,0.0,1.0,0.0,0.0,0.0
-0.20090498475831373,-0.26130124511522795,-0.2225361671604216,-0.16284389428132517,-0.37034805961188205,0.5755188193849565,0.5336296265452943,0.0,0.0,0.0,0.0,0.0,0.0,1.0
-0.2734805021798053,-0.26130124511522795,-0.2225361671604216,-0.16284389428132517,-0.37034805961188205,-0.48757633997091815,-0.4792517157889571,0.0,0.0,0.0,0.0,0.0,1.0,0.0
-0.2627228629738414,-0.26130124511522795,-0.2225361671604216,-0.16284389428132517,-0.37034805961188205,0.6389704336430185,0.7683980612559066,1.0,0.0,0.0,0.0,0.0,0.0,0.0
-0.2751884404881391,-0.26130124511522795,-0.2225361671604216,-0.16284389428132517,-0.37034805961188205,-0.6842174107830546,-0.6732657355858858,0.0,0.0,0.0,0.0,1.0,0.0,0.0
-0.28204391508686805,-0.26130124511522795,-0.2225361671604216,-0.16284389428132517,-0.37034805961188205,-0.8640164649312321,-0.8936943502411376,0.0,0.0,0.0,1.0,0.0,0.0,0.0
-0.2753544900458938,-0.26130124511522795,-0.2225361671604216,-0.16284389428132517,-0.37034805961188205,-1.1072151855588004,-1.1259153488245126,0.0,0.0,1.0,0.0,0.0,0.0,0.0
-0.2681906376970491,-0.26130124511522795,-0.2225361671604216,-0.16284389428132517,-0.37034805961188205,-0.48757633997091815,-0.4792517157889571,0.0,0.0,0.0,0.0,0.0,1.0,0.0
-0.10457251989520627,-0.1924576035257761,-0.21438460503392714,-0.16234732905435445,1.252768987504279,-0.6842174107830546,-0.6732657355858858,0.0,0.0,0.0,0.0,1.0,0.0,0.0
-0.27288746804496716,-0.26130124511522795,-0.2225361671604216,-0.16284389428132517,-0.37034805961188205,0.5755188193849565,0.5336296265452943,0.0,0.0,0.0,0.0,0.0,0.0,1.0
-0.2766235830944474,-0.26130124511522795,-0.2225361671604216,-0.16284389428132517,-0.37034805961188205,-0.6842174107830546,-0.6732657355858858,0.0,0.0,0.0,0.0,1.0,0.0,0.0
-0.06895488975682759,-0.26130124511522795,-0.2225361671604216,-0.16284389428132517,-0.37034805961188205,0.6389704336430185,0.7683980612559066,1.0,0.0,0.0,0.0,0.0,0.0,0.0
-0.2678348172161462,-0.26130124511522795,-0.2225361671604216,-0.16284389428132517,-0.37034805961188205,1.881283378844675,1.8272838018489053,0.0,1.0,0.0,0.0,0.0,0.0,0.0
-0.2574567198564787,-0.26130124511522795,-0.2225361671604216,-0.16284389428132517,-0.37034805961188205,-0.8640164649312321,-0.8936943502411376,0.0,0.0,0.0,1.0,0.0,0.0,0.0
-0.2668029378215278,-0.26130124511522795,-0.2225361671604216,-0.16284389428132517,-0.37034805961188205,-1.1072151855588004,-1.1259153488245126,0.0,0.0,1.0,0.0,0.0,0.0,0.0
-0.27238931937170313,-0.26130124511522795,-0.2225361671604216,-0.16284389428132517,-0.37034805961188205,-0.6842174107830546,-0.6732657355858858,0.0,0.0,0.0,0.0,1.0,0.0,0.0
-0.2821862432792292,-0.26130124511522795,-0.2225361671604216,-0.16284389428132517,-0.37034805961188205,-0.6842174107830546,-0.6732657355858858,0.0,0.0,0.0,0.0,1.0,0.0,0.0
-0.17533335286409313,0.014073321242579479,-0.1499484472721138,-0.14512644698300917,-0.12578876824931454,-0.6842174107830546,-0.6732657355858858,0.0,0.0,0.0,0.0,1.0,0.0,0.0
-0.19907843962301225,-0.26130124511522795,-0.2225361671604216,-0.16284389428132517,-0.37034805961188205,0.5755188193849565,0.5336296265452943,0.0,0.0,0.0,0.0,0.0,0.0,1.0
-0.26529663111903895,-0.26130124511522795,-0.2225361671604216,-0.16284389428132517,-0.37034805961188205,-0.8640164649312321,-0.8936943502411376,0.0,0.0,0.0,1.0,0.0,0.0,0.0
-0.22424680830554292,-0.26130124511522795,-0.2225361671604216,-0.16284389428132517,-0.37034805961188205,-0.48757633997091815,-0.4792517157889571,0.0,0.0,0.0,0.0,0.0,1.0,0.0
-0.16085145929134576,-0.26130124511522795,-0.2225361671604216,-0.16284389428132517,-0.37034805961188205,-0.6842174107830546,-0.6732657355858858,0.0,0.0,0.0,0.0,1.0,0.0,0.0
0.07433401790276377,0.08291696283203133,0.1933875861033315,-0.12116220912940126,0.2803688172953695,-0.48757633997091815,-0.4792517157889571,0.0,0.0,0.0,0.0,0.0,1.0,0.0
-0.11302918665799815,-0.054770320346872375,-0.2136082657837848,-0.16181600426149576,0.1450009708645531,-0.6842174107830546,-0.6732657355858858,0.0,0.0,0.0,0.0,1.0,0.0,0.0
-0.22830316178783577,-0.26130124511522795,-0.2225361671604216,-0.16284389428132517,-0.37034805961188205,1.881283378844675,1.8272838018489053,0.0,1.0,0.0,0.0,0.0,0.0,0.0
-0.28258950649091913,-0.26130124511522795,-0.2225361671604216,-0.16284389428132517,-0.37034805961188205,-1.1072151855588004,-1.1259153488245126,0.0,0.0,1.0,0.0,0.0,0.0,0.0
-0.2617384263100101,-0.12361396193632423,-0.18119610209034256,-0.16026672075334705,-0.274956424417422,-1.1072151855588004,-1.1259153488245126,0.0,0.0,1.0,0.0,0.0,0.0,0.0
0.38770511543393366,0.08291696283203133,0.009783353444670538,0.5821578813951459,0.8515512294138577,0.5755188193849565,0.5336296265452943,0.0,0.0,0.0,0.0,0.0,0.0,1.0
-0.2407331572540432,-0.12361396193632423,-0.06746240194449125,-0.1441333165290677,-0.17924051170955305,-0.8640164649312321,-0.8936943502411376,0.0,0.0,0.0,1.0,0.0,0.0,0.0
5.986872481556322,9.789870426944743,8.742047239045593,1.2695233311771232,0.02100529497817874,-0.48757633997091815,-0.4792517157889571,0.0,0.0,0.0,0.0,0.0,1.0,0.0
-0.07176587155596037,-0.1924576035257761,-0.2225361671604216,-0.16284389428132517,1.5517528548673118,-0.6842174107830546,-0.6732657355858858,0.0,0.0,0.0,0.0,1.0,0.0,0.0
-0.18331559231901448,-0.26130124511522795,-0.2225361671604216,-0.16284389428132517,-0.37034805961188205,0.6389704336430185,0.7683980612559066,1.0,0.0,0.0,0.0,0.0,0.0,0.0
0.1656612746678373,-0.1924576035257761,-0.16605748671256712,-0.158230803322767,3.715548609340628,0.5755188193849565,0.5336296265452943,0.0,0.0,0.0,0.0,0.0,0.0,1.0
-0.27406167563194667,-0.26130124511522795,-0.2225361671604216,-0.16284389428132517,-0.37034805961188205,-1.1072151855588004,-1.1259153488245126,0.0,0.0,1.0,0.0,0.0,0.0,0.0
-0.2725909509775481,-0.26130124511522795,-0.2225361671604216,-0.16284389428132517,-0.37034805961188205,-1.1072151855588004,-1.1259153488245126,0.0,0.0,1.0,0.0,0.0,0.0,0.0
-0.26982741190920234,-0.26130124511522795,-0.2225361671604216,-0.16284389428132517,-0.37034805961188205,0.6389704336430185,0.7683980612559066,1.0,0.0,0.0,0.0,0.0,0.0,0.0
5.2686844229019405,3.938160891841335,7.784238689182494,0.45294664368508963,0.45903509513406954,0.6389704336430185,0.7683980612559066,1.0,0.0,0.0,0.0,0.0,0.0,0.0
-0.27951758967245754,-0.26130124511522795,-0.2225361671604216,-0.16284389428132517,-0.37034805961188205,-1.1072151855588004,-1.1259153488245126,0.0,0.0,1.0,0.0,0.0,0.0,0.0
-0.05359530566451977,0.014073321242579479,-0.19672288709318914,-0.1472914713726016,0.1515765982197897,-0.6842174107830546,-0.6732657355858858,0.0,0.0,0.0,0.0,1.0,0.0,0.0
-0.27473773454566214,-0.26130124511522795,-0.2225361671604216,-0.16284389428132517,-0.37034805961188205,-0.8640164649312321,-0.8936943502411376,0.0,0.0,0.0,1.0,0.0,0.0,0.0
-0.24450485435161376,-0.054770320346872375,0.06587386426745385,-0.1248814826794121,-0.2544008331507782,1.881283378844675,1.8272838018489053,0.0,1.0,0.0,0.0,0.0,0.0,0.0
-0.23963011376324425,-0.26130124511522795,-0.2225361671604216,-0.16284389428132517,-0.37034805961188205,0.6389704336430185,0.7683980612559066,1.0,0.0,0.0,0.0,0.0,0.0,0.0
-0.2743107499685787,-0.26130124511522795,-0.2225361671604216,-0.16284389428132517,-0.37034805961188205,-1.1072151855588004,-1.1259153488245126,0.0,0.0,1.0,0.0,0.0,0.0,0.0
0.6473235989833745,1.1844152282632612,1.6410662028062408,0.47810760373569705,0.033248763029294914,-0.48757633997091815,-0.4792517157889571,0.0,0.0,0.0,0.0,0.0,1.0,0.0
-0.17495381101779672,-0.26130124511522795,-0.2225361671604216,-0.16284389428132517,-0.37034805961188205,-0.6842174107830546,-0.6732657355858858,0.0,0.0,0.0,0.0,1.0,0.0,0.0
-0.2702899785343761,-0.26130124511522795,-0.2225361671604216,-0.16284389428132517,-0.37034805961188205,-0.8640164649312321,-0.8936943502411376,0.0,0.0,0.0,1.0,0.0,0.0,0.0
2.4702275046969393,1.1844152282632612,0.8365846548462517,3.034405529571988,0.8243469196699073,0.5755188193849565,0.5336296265452943,0.0,0.0,0.0,0.0,0.0,0.0,1.0
-0.2789364162203162,-0.26130124511522795,-0.2225361671604216,-0.16284389428132517,-0.37034805961188205,-0.48757633997091815,-0.4792517157889571,0.0,0.0,0.0,0.0,0.0,1.0,0.0
-0.15648672805893704,-0.26130124511522795,-0.2225361671604216,-0.16284389428132517,-0.37034805961188205,1.881283378844675,1.8272838018489053,0.0,1.0,0.0,0.0,0.0,0.0,0.0
0.02143537307520169,-0.12361396193632423,0.1361325664053347,-0.1276970075163362,1.0153978476889427,0.6389704336430185,0.7683980612559066,1.0,0.0,0.0,0.0,0.0,0.0,0.0
-0.2781654718450266,-0.26130124511522795,-0.2225361671604216,-0.16284389428132517,-0.37034805961188205,-1.1072151855588004,-1.1259153488245126,0.0,0.0,1.0,0.0,0.0,0.0,0.0
-0.28052574770168237,-0.26130124511522795,-0.2225361671604216,-0.16284389428132517,-0.37034805961188205,-0.48757633997091815,-0.4792517157889571,0.0,0.0,0.0,0.0,0.0,1.0,0.0
-0.1860554100219667,-0.26130124511522795,-0.2225361671604216,-0.16284389428132517,-0.37034805961188205,-0.8640164649312321,-0.8936943502411376,0.0,0.0,0.0,1.0,0.0,0.0,0.0
0.00541159075187515,-0.1924576035257761,-0.1984696504060094,-0.10699023755165633,2.2551107814512794,0.5755188193849565,0.5336296265452943,0.0,0.0,0.0,0.0,0.0,0.0,1.0
1.2773867852008078,1.7351643609788758,1.626121672241001,0.020895171002388073,0.1199148127295351,-0.48757633997091815,-0.4792517157889571,0.0,0.0,0.0,0.0,0.0,1.0,0.0
-0.2346723483959974,-0.26130124511522795,-0.2225361671604216,-0.16284389428132517,-0.37034805961188205,0.6389704336430185,0.7683980612559066,1.0,0.0,0.0,0.0,0.0,0.0,0.0
-0.2641342842147562,-0.26130124511522795,-0.2225361671604216,-0.16284389428132517,-0.37034805961188205,-0.48757633997091815,-0.4792517157889571,0.0,0.0,0.0,0.0,0.0,1.0,0.0
-0.2749986695649909,-0.26130124511522795,-0.2225361671604216,-0.16284389428132517,-0.37034805961188205,-0.8640164649312321,-0.8936943502411376,0.0,0.0,0.0,1.0,0.0,0.0,0.0
0.9498658932124,6.003470139524891,3.684585193993388,17.132493167195936,-0.2469111708264274,-0.8640164649312321,-0.8936943502411376,0.0,0.0,0.0,1.0,0.0,0.0,0.0
-0.21392801435935926,-0.1924576035257761,-0.1683865044629941,-0.15804210853651812,0.2561560962941694,-0.48757633997091815,-0.4792517157889571,0.0,0.0,0.0,0.0,0.0,1.0,0.0
-0.01892653014188211,-0.1924576035257761,-0.15266563464761193,-0.15770940983444773,2.033304962279572,-0.48757633997091815,-0.4792517157889571,0.0,0.0,0.0,0.0,0.0,1.0,0.0
-0.2718081459195617,-0.26130124511522795,-0.2225361671604216,-0.16284389428132517,-0.37034805961188205,-1.1072151855588004,-1.1259153488245126,0.0,0.0,1.0,0.0,0.0,0.0,0.0
-0.21894508314008992,-0.054770320346872375,0.05811047176603056,1.6877504279409594,-0.17675438410675126,-0.8640164649312321,-0.8936943502411376,0.0,0.0,0.0,1.0,0.0,0.0,0.0
-0.05498300554004102,0.08291696283203133,-0.17925525396498673,-0.15731215765287113,0.04466230204886571,-0.6842174107830546,-0.6732657355858858,0.0,0.0,0.0,0.0,1.0,0.0,0.0
-0.21040539159842073,0.3582915291898388,0.3412802132554453,-0.09726749040756924,-0.29716943408593366,-0.8640164649312321,-0.8936943502411376,0.0,0.0,0.0,1.0,0.0,0.0,0.0
-0.25098078710404625,-0.26130124511522795,-0.2225361671604216,-0.16284389428132517,-0.37034805961188205,-0.6842174107830546,-0.6732657355858858,0.0,0.0,0.0,0.0,1.0,0.0,0.0
-0.25791928648165247,-0.26130124511522795,-0.2225361671604216,-0.16284389428132517,-0.37034805961188205,1.881283378844675,1.8272838018489053,0.0,1.0,0.0,0.0,0.0,0.0,0.0
-0.11279197300406289,-0.054770320346872375,-0.12316474314220341,-0.15448670151140761,0.14572158756101733,-0.48757633997091815,-0.4792517157889571,0.0,0.0,0.0,0.0,0.0,1.0,0.0
-0.1681695005152484,-0.26130124511522795,-0.2225361671604216,-0.16284389428132517,-0.37034805961188205,1.881283378844675,1.8272838018489053,0.0,1.0,0.0,0.0,0.0,0.0,0.0
-0.25772951555850426,-0.26130124511522795,-0.2225361671604216,-0.16284389428132517,-0.37034805961188205,-0.6842174107830546,-0.6732657355858858,0.0,0.0,0.0,0.0,1.0,0.0,0.0
-0.2643833585513882,-0.26130124511522795,-0.2225361671604216,-0.16284389428132517,-0.37034805961188205,-1.1072151855588004,-1.1259153488245126,0.0,0.0,1.0,0.0,0.0,0.0,0.0
-0.2697799691784153,-0.26130124511522795,-0.2225361671604216,-0.16284389428132517,-0.37034805961188205,-1.1072151855588004,-1.1259153488245126,0.0,0.0,1.0,0.0,0.0,0.0,0.0
0.28592859721301206,-0.1924576035257761,-0.18895949459176584,-0.1290426992814269,4.811606604662809,0.5755188193849565,0.5336296265452943,0.0,0.0,0.0,0.0,0.0,0.0,1.0
-0.2810594784230367,-0.26130124511522795,-0.2225361671604216,-0.16284389428132517,-0.37034805961188205,-1.1072151855588004,-1.1259153488245126,0.0,0.0,1.0,0.0,0.0,0.0,0.0
-0.2794108435281867,-0.26130124511522795,-0.2225361671604216,-0.16284389428132517,-0.37034805961188205,-0.48757633997091815,-0.4792517157889571,0.0,0.0,0.0,0.0,0.0,1.0,0.0
-0.13813825192704499,-0.26130124511522795,-0.2225361671604216,-0.16284389428132517,-0.37034805961188205,0.5755188193849565,0.5336296265452943,0.0,0.0,0.0,0.0,0.0,0.0,1.0
-0.25937815045335433,-0.26130124511522795,-0.2225361671604216,-0.16284389428132517,-0.37034805961188205,1.881283378844675,1.8272838018489053,0.0,1.0,0.0,0.0,0.0,0.0,0.0
-0.17707687322051727,-0.26130124511522795,-0.2225361671604216,-0.16284389428132517,-0.37034805961188205,-0.48757633997091815,-0.4792517157889571,0.0,0.0,0.0,0.0,0.0,1.0,0.0
-0.22929945913436386,-0.26130124511522795,-0.2225361671604216,-0.16284389428132517,-0.37034805961188205,0.6389704336430185,0.7683980612559066,1.0,0.0,0.0,0.0,0.0,0.0,0.0
1.4468759409375482,2.0793825689261354,8.767860519112826,0.4764639728344239,0.09324797529318553,0.6389704336430185,0.7683980612559066,1.0,0.0,0.0,0.0,0.0,0.0,0.0
-0.1848456203868969,-0.26130124511522795,-0.2225361671604216,-0.16284389428132517,-0.37034805961188205,0.5755188193849565,0.5336296265452943,0.0,0.0,0.0,0.0,0.0,0.0,1.0
0.47186851985016254,0.014073321242579479,0.291206331621265,-0.12142538869969575,1.3487821545994394,0.6389704336430185,0.7683980612559066,1.0,0.0,0.0,0.0,0.0,0.0,0.0
-0.2272119789797336,-0.12361396193632423,-0.06241619681856612,-0.14994809533689507,-0.11762778416185647,-1.1072151855588004,-1.1259153488245126,0.0,0.0,1.0,0.0,0.0,0.0,0.0
0.0731123675849972,7.380342971313929,0.36282362744689495,-0.09442713730929661,-0.34113679063372093,-0.6842174107830546,-0.6732657355858858,0.0,0.0,0.0,0.0,1.0,0.0,0.0
-0.23944034284009605,-0.26130124511522795,-0.2225361671604216,-0.16284389428132517,-0.37034805961188205,0.5755188193849565,0.5336296265452943,0.0,0.0,0.0,0.0,0.0,0.0,1.0
0.3500948906024988,-0.054770320346872375,-0.15441239796043219,-0.15860322724299505,1.5518969782066045,0.6389704336430185,0.7683980612559066,1.0,0.0,0.0,0.0,0.0,0.0,0.0
-0.2818067014329328,-0.26130124511522795,-0.2225361671604216,-0.16284389428132517,-0.37034805961188205,-0.48757633997091815,-0.4792517157889571,0.0,0.0,0.0,0.0,0.0,1.0,0.0
-0.27153535021753616,-0.26130124511522795,-0.2225361671604216,-0.16284389428132517,-0.37034805961188205,-1.1072151855588004,-1.1259153488245126,0.0,0.0,1.0,0.0,0.0,0.0,0.0
-0.15275061300945675,-0.26130124511522795,-0.2225361671604216,-0.16284389428132517,-0.37034805961188205,0.6389704336430185,0.7683980612559066,1.0,0.0,0.0,0.0,0.0,0.0,0.0
-0.28088156818258525,-0.26130124511522795,-0.2225361671604216,-0.16284389428132517,-0.37034805961188205,-1.1072151855588004,-1.1259153488245126,0.0,0.0,1.0,0.0,0.0,0.0,0.0
-0.2080569764244617,-0.26130124511522795,-0.2225361671604216,-0.16284389428132517,-0.37034805961188205,1.881283378844675,1.8272838018489053,0.0,1.0,0.0,0.0,0.0,0.0,0.0
-0.24934401289189298,-0.26130124511522795,-0.2225361671604216,-0.16284389428132517,-0.37034805961188205,-0.8640164649312321,-0.8936943502411376,0.0,0.0,0.0,1.0,0.0,0.0,0.0
-0.146938878488043,-0.1924576035257761,-0.13286898376898254,-0.06183259581093723,0.8666625615387138,0.5755188193849565,0.5336296265452943,0.0,0.0,0.0,0.0,0.0,0.0,1.0
-0.27166581772720055,-0.26130124511522795,-0.2225361671604216,-0.16284389428132517,-0.37034805961188205,1.881283378844675,1.8272838018489053,0.0,1.0,0.0,0.0,0.0,0.0,0.0
-0.27555612165173876,-0.26130124511522795,-0.2225361671604216,-0.16284389428132517,-0.37034805961188205,-1.1072151855588004,-1.1259153488245126,0.0,0.0,1.0,0.0,0.0,0.0,0.0
-0.26231959976215147,-0.26130124511522795,-0.2225361671604216,-0.16284389428132517,-0.37034805961188205,-0.48757633997091815,-0.4792517157889571,0.0,0.0,0.0,0.0,0.0,1.0,0.0
-0.08941456740874341,-0.26130124511522795,-0.2225361671604216,-0.16284389428132517,-0.37034805961188205,0.6389704336430185,0.7683980612559066,1.0,0.0,0.0,0.0,0.0,0.0,0.0
-0.2801699272207795,-0.26130124511522795,-0.2225361671604216,-0.16284389428132517,-0.37034805961188205,-1.1072151855588004,-1.1259153488245126,0.0,0.0,1.0,0.0,0.0,0.0,0.0
-0.27020695375549875,-0.26130124511522795,-0.2225361671604216,-0.16284389428132517,-0.37034805961188205,-0.48757633997091815,-0.4792517157889571,0.0,0.0,0.0,0.0,0.0,1.0,0.0
-0.2568992677697309,-0.054770320346872375,-0.174014964026526,-0.16052493467137183,-0.2920530555410372,-1.1072151855588004,-1.1259153488245126,0.0,0.0,1.0,0.0,0.0,0.0,0.0
-0.14900263727727972,-0.26130124511522795,-0.2225361671604216,-0.16284389428132517,-0.37034805961188205,1.881283378844675,1.8272838018489053,0.0,1.0,0.0,0.0,0.0,0.0,0.0
-0.25144335372922,-0.26130124511522795,-0.2225361671604216,-0.16284389428132517,-0.37034805961188205,-0.48757633997091815,-0.4792517157889571,0.0,0.0,0.0,0.0,0.0,1.0,0.0
-0.2510875332483171,-0.26130124511522795,-0.2225361671604216,-0.16284389428132517,-0.37034805961188205,0.5755188193849565,0.5336296265452943,0.0,0.0,0.0,0.0,0.0,0.0,1.0
1.2949287349093201,0.2894478876003869,1.6432011357441323,0.04746637629759238,1.4268384543895805,0.6389704336430185,0.7683980612559066,1.0,0.0,0.0,0.0,0.0,0.0,0.0
-0.23764937975288486,-0.26130124511522795,-0.2225361671604216,-0.16284389428132517,-0.37034805961188205,-0.48757633997091815,-0.4792517157889571,0.0,0.0,0.0,0.0,0.0,1.0,0.0
0.727157854215285,0.014073321242579479,0.2818902606195571,-0.09852380043180521,1.930427921150589,0.6389704336430185,0.7683980612559066,1.0,0.0,0.0,0.0,0.0,0.0,0.0
-0.25222615878720633,-0.26130124511522795,-0.2225361671604216,-0.16284389428132517,-0.37034805961188205,0.6389704336430185,0.7683980612559066,1.0,0.0,0.0,0.0,0.0,0.0,0.0
-0.27849757096053596,-0.26130124511522795,-0.2225361671604216,-0.16284389428132517,-0.37034805961188205,-0.8640164649312321,-0.8936943502411376,0.0,0.0,0.0,1.0,0.0,0.0,0.0
-0.24394740226486591,-0.26130124511522795,-0.2225361671604216,-0.16284389428132517,-0.37034805961188205,0.5755188193849565,0.5336296265452943,0.0,0.0,0.0,0.0,0.0,0.0,1.0
0.02474450354759851,-0.1924576035257761,-0.00865470374620979,0.05118068419533351,2.431301563736798,1.881283378844675,1.8272838018489053,0.0,1.0,0.0,0.0,0.0,0.0,0.0
0.08656238176312621,-0.1924576035257761,-0.1188948772664206,-0.14915855662601157,2.994679697032578,-0.48757633997091815,-0.4792517157889571,0.0,0.0,0.0,0.0,0.0,1.0,0.0
4.182376355388133,12.750147015291173,1.8592175320962354,0.08819465621373249,-0.155044948248745,-0.6842174107830546,-0.6732657355858858,0.0,0.0,0.0,0.0,1.0,0.0,0.0
0.5535767629481614,0.1517606044214832,0.25995867680303625,-0.12411677222987716,0.8998469604108942,-0.48757633997091815,-0.4792517157889571,0.0,0.0,0.0,0.0,0.0,1.0,0.0
-0.2603744477998824,-0.1924576035257761,-0.1773144058396309,-0.15993898770354636,-0.16713415120895303,-0.8640164649312321,-0.8936943502411376,0.0,0.0,0.0,1.0,0.0,0.0,0.0
-0.24261900580282847,-0.1924576035257761,-0.2192367253473167,-0.16264030253826717,-0.005319672017897274,-0.6842174107830546,-0.6732657355858858,0.0,0.0,0.0,0.0,1.0,0.0,0.0
-0.2755679823344355,-0.26130124511522795,-0.2225361671604216,-0.16284389428132517,-0.37034805961188205,-0.48757633997091815,-0.4792517157889571,0.0,0.0,0.0,0.0,0.0,1.0,0.0
-0.27591194213264164,-0.26130124511522795,-0.2225361671604216,-0.16284389428132517,-0.37034805961188205,-0.48757633997091815,-0.4792517157889571,0.0,0.0,0.0,0.0,0.0,1.0,0.0
-0.2743700533820625,-0.26130124511522795,-0.2225361671604216,-0.16284389428132517,-0.37034805961188205,-1.1072151855588004,-1.1259153488245126,0.0,0.0,1.0,0.0,0.0,0.0,0.0
-0.1596535303389727,-0.26130124511522795,-0.2225361671604216,-0.16284389428132517,-0.37034805961188205,0.6389704336430185,0.7683980612559066,1.0,0.0,0.0,0.0,0.0,0.0,0.0
-0.25047077774808546,-0.26130124511522795,-0.2225361671604216,-0.16284389428132517,-0.37034805961188205,1.881283378844675,1.8272838018489053,0.0,1.0,0.0,0.0,0.0,0.0,0.0
-0.2618333117715842,-0.26130124511522795,-0.2225361671604216,-0.16284389428132517,-0.37034805961188205,-0.8640164649312321,-0.8936943502411376,0.0,0.0,0.0,1.0,0.0,0.0,0.0
-0.2801106238072957,-0.26130124511522795,-0.2225361671604216,-0.16284389428132517,-0.37034805961188205,-1.1072151855588004,-1.1259153488245126,0.0,0.0,1.0,0.0,0.0,0.0,0.0
-0.22634614914286993,0.1517606044214832,0.2143487458571744,0.6583806437351546,-0.2847928423241595,-1.1072151855588004,-1.1259153488245126,0.0,0.0,1.0,0.0,0.0,0.0,0.0
0.45302189504500645,4.144691816609691,0.41755554458192917,-0.08785757935647372,-0.26558615543620984,-0.6842174107830546,-0.6732657355858858,0.0,0.0,0.0,0.0,1.0,0.0,0.0
-0.2669689873792825,-0.26130124511522795,-0.2225361671604216,-0.16284389428132517,-0.37034805961188205,-1.1072151855588004,-1.1259153488245126,0.0,0.0,1.0,0.0,0.0,0.0,0.0
-0.2670045694273728,-0.26130124511522795,-0.2225361671604216,-0.16284389428132517,-0.37034805961188205,-1.1072151855588004,-1.1259153488245126,0.0,0.0,1.0,0.0,0.0,0.0,0.0
4.590621053810708,2.148226210515587,2.365972977626641,0.0818932434834738,0.8985899990017758,1.881283378844675,1.8272838018489053,0.0,1.0,0.0,0.0,0.0,0.0,0.0
-0.2648696465419555,-0.26130124511522795,-0.2225361671604216,-0.16284389428132517,-0.37034805961188205,-0.6842174107830546,-0.6732657355858858,0.0,0.0,0.0,0.0,1.0,0.0,0.0
-0.17144304893955492,-0.26130124511522795,-0.2225361671604216,-0.16284389428132517,-0.37034805961188205,1.881283378844675,1.8272838018489053,0.0,1.0,0.0,0.0,0.0,0.0,0.0
-0.19710956629534962,-0.26130124511522795,-0.2225361671604216,-0.16284389428132517,-0.37034805961188205,1.881283378844675,1.8272838018489053,0.0,1.0,0.0,0.0,0.0,0.0,0.0
-0.2594493145495349,-0.26130124511522795,-0.2225361671604216,-0.16284389428132517,-0.37034805961188205,0.6389704336430185,0.7683980612559066,1.0,0.0,0.0,0.0,0.0,0.0,0.0
-0.12283797124822099,0.08291696283203133,-0.17556764252681067,-0.15804707418878783,-0.07901714156529997,-0.6842174107830546,-0.6732657355858858,0.0,0.0,0.0,0.0,1.0,0.0,0.0
-0.25273616814316713,-0.26130124511522795,-0.2225361671604216,-0.16284389428132517,-0.37034805961188205,-0.6842174107830546,-0.6732657355858858,0.0,0.0,0.0,0.0,1.0,0.0,0.0
-0.2777266265852464,-0.26130124511522795,-0.2225361671604216,-0.16284389428132517,-0.37034805961188205,-1.1072151855588004,-1.1259153488245126,0.0,0.0,1.0,0.0,0.0,0.0,0.0
-0.16642598015882426,-0.26130124511522795,-0.2225361671604216,-0.16284389428132517,-0.37034805961188205,0.6389704336430185,0.7683980612559066,1.0,0.0,0.0,0.0,0.0,0.0,0.0
-0.225492179988703,-0.26130124511522795,-0.2225361671604216,-0.16284389428132517,-0.37034805961188205,-0.48757633997091815,-0.4792517157889571,0.0,0.0,0.0,0.0,0.0,1.0,0.0
-0.22379610236306594,0.8401970203160017,0.3445796550685502,-0.06808931767076855,-0.3368123601001753,-1.1072151855588004,-1.1259153488245126,0.0,0.0,1.0,0.0,0.0,0.0,0.0
0.8659041204020161,0.5648224539581944,1.506565427719082,-0.04696543291543327,0.5019494437494321,0.6389704336430185,0.7683980612559066,1.0,0.0,0.0,0.0,0.0,0.0,0.0
-0.27836710345087157,-0.26130124511522795,-0.2225361671604216,-0.16284389428132517,-0.37034805961188205,0.5755188193849565,0.5336296265452943,0.0,0.0,0.0,0.0,0.0,0.0,1.0
0.18270507570308545,-0.054770320346872375,0.11517140665149178,2.363997782291062,1.0433938063465802,0.5755188193849565,0.5336296265452943,0.0,0.0,0.0,0.0,0.0,0.0,1.0
-0.1961962937276989,-0.26130124511522795,-0.2225361671604216,-0.16284389428132517,-0.37034805961188205,1.881283378844675,1.8272838018489053,0.0,1.0,0.0,0.0,0.0,0.0,0.0
-0.26916321367818363,-0.26130124511522795,-0.2225361671604216,-0.16284389428132517,-0.37034805961188205,0.5755188193849565,0.5336296265452943,0.0,0.0,0.0,0.0,0.0,0.0,1.0
-0.1170974008229878,-0.26130124511522795,-0.2225361671604216,-0.16284389428132517,-0.37034805961188205,1.881283378844675,1.8272838018489053,0.0,1.0,0.0,0.0,0.0,0.0,0.0
-0.21124750006989088,-0.1924576035257761,-0.13849744333251443,-0.14854778139683758,0.2805850023043088,-0.48757633997091815,-0.4792517157889571,0.0,0.0,0.0,0.0,0.0,1.0,0.0
-0.26102678534820434,-0.26130124511522795,-0.2225361671604216,-0.16284389428132517,-0.37034805961188205,-1.1072151855588004,-1.1259153488245126,0.0,0.0,1.0,0.0,0.0,0.0,0.0
-0.2806799365767403,-0.26130124511522795,-0.2225361671604216,-0.16284389428132517,-0.37034805961188205,-0.8640164649312321,-0.8936943502411376,0.0,0.0,0.0,1.0,0.0,0.0,0.0
-0.2505182204788725,-0.1924576035257761,-0.2225361671604216,-0.16284389428132517,-0.07730927999467958,-0.48757633997091815,-0.4792517157889571,0.0,0.0,0.0,0.0,0.0,1.0,0.0
0.29922442251608317,4.901971874093662,4.193669657274221,1.7996191250990625,-0.2996397081214133,-1.1072151855588004,-1.1259153488245126,0.0,0.0,1.0,0.0,0.0,0.0,0.0
-0.20670485859703072,-0.26130124511522795,-0.2225361671604216,-0.16284389428132517,-0.37034805961188205,1.881283378844675,1.8272838018489053,0.0,1.0,0.0,0.0,0.0,0.0,0.0
-0.27084743062112393,-0.26130124511522795,-0.2225361671604216,-0.16284389428132517,-0.37034805961188205,-0.6842174107830546,-0.6732657355858858,0.0,0.0,0.0,0.0,1.0,0.0,0.0
-0.2207360462273011,-0.26130124511522795,-0.2225361671604216,-0.16284389428132517,-0.37034805961188205,1.881283378844675,1.8272838018489053,0.0,1.0,0.0,0.0,0.0,0.0,0.0
-0.2482291087183973,-0.26130124511522795,-0.2225361671604216,-0.16284389428132517,-0.37034805961188205,0.6389704336430185,0.7683980612559066,1.0,0.0,0.0,0.0,0.0,0.0,0.0
-0.19536604593892548,0.014073321242579479,-0.20429219478207686,-0.1608477020689028,-0.17143082826162134,-0.6842174107830546,-0.6732657355858858,0.0,0.0,0.0,0.0,1.0,0.0,0.0
-0.2692699598224545,-0.26130124511522795,-0.2225361671604216,-0.16284389428132517,-0.37034805961188205,-1.1072151855588004,-1.1259153488245126,0.0,0.0,1.0,0.0,0.0,0.0,0.0
-0.2608725964731464,-0.1924576035257761,-0.21554911390914064,-0.161031431202882,-0.17167403639667803,-0.6842174107830546,-0.6732657355858858,0.0,0.0,0.0,0.0,1.0,0.0,0.0
0.11689014741874869,-0.054770320346872375,-0.209338399908002,-0.16187062643646252,0.8434587039125638,-0.6842174107830546,-0.6732657355858858,0.0,0.0,0.0,0.0,1.0,0.0,0.0
1.4776781339010414,0.77135337872655,4.757291952877552,0.19727513962239496,0.6991840351134487,0.6389704336430185,0.7683980612559066,1.0,0.0,0.0,0.0,0.0,0.0,0.0
-0.10536718563588938,-0.26130124511522795,-0.2225361671604216,-0.16284389428132517,-0.37034805961188205,0.6389704336430185,0.7683980612559066,1.0,0.0,0.0,0.0,0.0,0.0,0.0
0.022111431988917168,5.934626497935439,3.2492529594760766,0.8416827316191337,-0.3394852475301441,-1.1072151855588004,-1.1259153488245126,0.0,0.0,1.0,0.0,0.0,0.0,0.0
-0.27337375603553443,-0.26130124511522795,-0.2225361671604216,-0.16284389428132517,-0.37034805961188205,-0.48757633997091815,-0.4792517157889571,0.0,0.0,0.0,0.0,0.0,1.0,0.0
-0.269993461466957,-0.26130124511522795,-0.2225361671604216,-0.16284389428132517,-0.37034805961188205,-1.1072151855588004,-1.1259153488245126,0.0,0.0,1.0,0.0,0.0,0.0,0.0
-0.24769537799704297,-0.26130124511522795,-0.2225361671604216,-0.16284389428132517,-0.37034805961188205,-0.8640164649312321,-0.8936943502411376,0.0,0.0,0.0,1.0,0.0,0.0,0.0
-0.03396587580137734,-0.12361396193632423,-0.1342275774567316,-0.10371290705364945,0.7629478035000912,-0.48757633997091815,-0.4792517157889571,0.0,0.0,0.0,0.0,0.0,1.0,0.0
-0.23254928619327686,-0.26130124511522795,-0.2225361671604216,-0.16284389428132517,-0.37034805961188205,-0.8640164649312321,-0.8936943502411376,0.0,0.0,0.0,1.0,0.0,0.0,0.0
1.1162831321306788,-0.12361396193632423,-0.04727758144079069,-0.1242111196230016,6.004353345233086,1.881283378844675,1.8272838018489053,0.0,1.0,0.0,0.0,0.0,0.0,0.0
-0.09736122481557449,-0.1924576035257761,-0.21962489497238788,-0.16226787861803912,1.318489230221822,-0.6842174107830546,-0.6732657355858858,0.0,0.0,0.0,0.0,1.0,0.0,0.0
0.057693480079205564,-0.26130124511522795,-0.2225361671604216,-0.16284389428132517,-0.37034805961188205,0.6389704336430185,0.7683980612559066,1.0,0.0,0.0,0.0,0.0,0.0,0.0
-0.2529733817971024,-0.26130124511522795,-0.2225361671604216,-0.16284389428132517,-0.37034805961188205,-0.6842174107830546,-0.6732657355858858,0.0,0.0,0.0,0.0,1.0,0.0,0.0
-0.26054049735763707,-0.26130124511522795,-0.2225361671604216,-0.16284389428132517,-0.37034805961188205,0.6389704336430185,0.7683980612559066,1.0,0.0,0.0,0.0,0.0,0.0,0.0
0.010914947523173088,0.4959788123687425,-0.1342275774567316,-0.15431290368196787,-0.12711044478123878,-0.6842174107830546,-0.6732657355858858,0.0,0.0,0.0,0.0,1.0,0.0,0.0
0.9780705966653019,0.08291696283203133,0.8821945857921135,-0.08544923800566563,1.927612111409155,0.6389704336430185,0.7683980612559066,1.0,0.0,0.0,0.0,0.0,0.0,0.0
-0.2500793752190923,-0.26130124511522795,-0.2225361671604216,-0.16284389428132517,-0.37034805961188205,-1.1072151855588004,-1.1259153488245126,0.0,0.0,1.0,0.0,0.0,0.0,0.0
-0.009224491695930143,-0.26130124511522795,-0.2225361671604216,-0.16284389428132517,-0.37034805961188205,0.6389704336430185,0.7683980612559066,1.0,0.0,0.0,0.0,0.0,0.0,0.0
-0.2524633724411416,-0.26130124511522795,-0.2225361671604216,-0.16284389428132517,-0.37034805961188205,-0.48757633997091815,-0.4792517157889571,0.0,0.0,0.0,0.0,0.0,1.0,0.0
-0.25809719672210396,-0.054770320346872375,-0.088035392073263,-0.15441718237963173,-0.2956921698581819,-0.8640164649312321,-0.8936943502411376,0.0,0.0,0.0,1.0,0.0,0.0,0.0
-0.24881028217053866,-0.054770320346872375,-0.08764722244819183,-0.10103642048027715,-0.26748002619160505,-1.1072151855588004,-1.1259153488245126,0.0,0.0,1.0,0.0,0.0,0.0,0.0
-0.18778706969569406,-0.26130124511522795,-0.2225361671604216,-0.16284389428132517,-0.37034805961188205,-0.8640164649312321,-0.8936943502411376,0.0,0.0,0.0,1.0,0.0,0.0,0.0
-0.2746547097667848,-0.26130124511522795,-0.2225361671604216,-0.16284389428132517,-0.37034805961188205,-0.6842174107830546,-0.6732657355858858,0.0,0.0,0.0,0.0,1.0,0.0,0.0
-0.2694241486975124,-0.26130124511522795,-0.2225361671604216,-0.16284389428132517,-0.37034805961188205,0.5755188193849565,0.5336296265452943,0.0,0.0,0.0,0.0,0.0,0.0,1.0
-0.026778302087139084,-0.26130124511522795,-0.2225361671604216,-0.16284389428132517,-0.37034805961188205,1.881283378844675,1.8272838018489053,0.0,1.0,0.0,0.0,0.0,0.0,0.0
-0.281344134807759,-0.26130124511522795,-0.2225361671604216,-0.16284389428132517,-0.37034805961188205,-1.1072151855588004,-1.1259153488245126,0.0,0.0,1.0,0.0,0.0,0.0,0.0
-0.23594144144455104,-0.26130124511522795,-0.2225361671604216,-0.16284389428132517,-0.37034805961188205,1.881283378844675,1.8272838018489053,0.0,1.0,0.0,0.0,0.0,0.0,0.0
-0.1375333571095101,-0.26130124511522795,-0.2225361671604216,-0.16284389428132517,-0.37034805961188205,0.5755188193849565,0.5336296265452943,0.0,0.0,0.0,0.0,0.0,0.0,1.0
-0.27760801975827876,-0.26130124511522795,-0.2225361671604216,-0.16284389428132517,-0.37034805961188205,-1.1072151855588004,-1.1259153488245126,0.0,0.0,1.0,0.0,0.0,0.0,0.0
-0.20198430688371913,-0.26130124511522795,-0.2225361671604216,-0.16284389428132517,-0.37034805961188205,1.881283378844675,1.8272838018489053,0.0,1.0,0.0,0.0,0.0,0.0,0.0
-0.16372174450396235,-0.26130124511522795,-0.2225361671604216,-0.16284389428132517,-0.37034805961188205,0.5755188193849565,0.5336296265452943,0.0,0.0,0.0,0.0,0.0,0.0,1.0
-0.13119975254943875,1.1844152282632612,0.4559843374639745,0.355952557900895,-0.3046123751079862,-1.1072151855588004,-1.1259153488245126,0.0,0.0,1.0,0.0,0.0,0.0,0.0
0.0448009179878244,-0.12361396193632423,-0.11016106070231939,-0.15397523932762777,1.1218689645915412,1.881283378844675,1.8272838018489053,0.0,1.0,0.0,0.0,0.0,0.0,0.0
-0.26131144173292664,-0.1924576035257761,-0.1264641849553083,-0.15215284494464515,-0.1756734590620548,0.5755188193849565,0.5336296265452943,0.0,0.0,0.0,0.0,0.0,0.0,1.0
-0.2808697074998885,-0.26130124511522795,-0.2225361671604216,-0.16284389428132517,-0.37034805961188205,-1.1072151855588004,-1.1259153488245126,0.0,0.0,1.0,0.0,0.0,0.0,0.0
-0.25921210089559965,-0.26130124511522795,-0.2225361671604216,-0.16284389428132517,-0.37034805961188205,-0.48757633997091815,-0.4792517157889571,0.0,0.0,0.0,0.0,0.0,1.0,0.0
-0.2473632788815336,-0.1924576035257761,-0.21904264053478112,-0.16261547427691864,-0.04855667380575452,-0.6842174107830546,-0.6732657355858858,0.0,0.0,0.0,0.0,1.0,0.0,0.0
-0.21257589653192832,-0.26130124511522795,-0.2225361671604216,-0.16284389428132517,-0.37034805961188205,-0.6842174107830546,-0.6732657355858858,0.0,0.0,0.0,0.0,1.0,0.0,0.0
-0.24901191377638363,-0.26130124511522795,-0.2225361671604216,-0.16284389428132517,-0.37034805961188205,-0.8640164649312321,-0.8936943502411376,0.0,0.0,0.0,1.0,0.0,0.0,0.0
-0.2247568176615037,0.8401970203160017,-0.10938472145217706,-0.150102030557256,-0.33735957840405284,-0.6842174107830546,-0.6732657355858858,0.0,0.0,0.0,0.0,1.0,0.0,0.0
-0.27574589257488696,-0.26130124511522795,-0.2225361671604216,-0.16284389428132517,-0.37034805961188205,-0.8640164649312321,-0.8936943502411376,0.0,0.0,0.0,1.0,0.0,0.0,0.0
6.0607526740744575,3.2497244759468167,8.226557976951087,0.5791139365538153,0.7631989596134177,0.6389704336430185,0.7683980612559066,1.0,0.0,0.0,0.0,0.0,0.0,0.0
-0.0936606918141845,-0.12361396193632423,-0.03116854200033735,-0.1552762402222911,0.4909330160022343,0.6389704336430185,0.7683980612559066,1.0,0.0,0.0,0.0,0.0,0.0,0.0
-0.11460665745666761,-0.12361396193632423,0.1712619174742751,-0.14374102999976082,0.3954873345555394,0.6389704336430185,0.7683980612559066,1.0,0.0,0.0,0.0,0.0,0.0,0.0
-0.1859249425123023,-0.26130124511522795,-0.2225361671604216,-0.16284389428132517,-0.37034805961188205,0.6389704336430185,0.7683980612559066,1.0,0.0,0.0,0.0,0.0,0.0,0.0
-0.2403536154077468,-0.26130124511522795,-0.2225361671604216,-0.16284389428132517,-0.37034805961188205,1.881283378844675,1.8272838018489053,0.0,1.0,0.0,0.0,0.0,0.0,0.0
3.851083766302154,8.619528519924062,0.6098935938046913,-0.013536661835763044,-0.07830892617942598,-0.6842174107830546,-0.6732657355858858,0.0,0.0,0.0,0.0,1.0,0.0,0.0
-0.27932781874930934,-0.26130124511522795,-0.2225361671604216,-0.16284389428132517,-0.37034805961188205,-1.1072151855588004,-1.1259153488245126,0.0,0.0,1.0,0.0,0.0,0.0,0.0
-0.27400237221846285,-0.26130124511522795,-0.2225361671604216,-0.16284389428132517,-0.37034805961188205,-0.48757633997091815,-0.4792517157889571,0.0,0.0,0.0,0.0,0.0,1.0,0.0
0.00969329720540652,-0.1924576035257761,-0.10045682007554027,0.017180863104646938,2.2941321755648207,1.881283378844675,1.8272838018489053,0.0,1.0,0.0,0.0,0.0,0.0,0.0
-0.23219346571237398,-0.26130124511522795,-0.2225361671604216,-0.16284389428132517,-0.37034805961188205,0.5755188193849565,0.5336296265452943,0.0,0.0,0.0,0.0,0.0,0.0,1.0
0.012006130331275266,-0.12361396193632423,-0.19128851234219282,-0.1602567894488076,0.9724310771622595,1.881283378844675,1.8272838018489053,0.0,1.0,0.0,0.0,0.0,0.0,0.0
-0.2777503479506399,-0.26130124511522795,-0.2225361671604216,-0.16284389428132517,-0.37034805961188205,-1.1072151855588004,-1.1259153488245126,0.0,0.0,1.0,0.0,0.0,0.0,0.0
1.6718256489643515,1.1844152282632612,3.757949253131838,0.06265134093835761,0.477858970223525,0.6389704336430185,0.7683980612559066,1.0,0.0,0.0,0.0,0.0,0.0,0.0
-0.2646087115226267,-0.26130124511522795,-0.2225361671604216,-0.16284389428132517,-0.37034805961188205,0.6389704336430185,0.7683980612559066,1.0,0.0,0.0,0.0,0.0,0.0,0.0
-0.26197563996394535,-0.1924576035257761,-0.21865447090970996,-0.16262540558145805,-0.18172663931235483,0.5755188193849565,0.5336296265452943,0.0,0.0,0.0,0.0,0.0,0.0,1.0
0.4656535221170588,0.014073321242579479,0.45850744002693705,-0.12073516303420642,1.3346220365139163,0.6389704336430185,0.7683980612559066,1.0,0.0,0.0,0.0,0.0,0.0,0.0
-0.11977791511245618,0.08291696283203133,-0.03679700156386924,-0.14603019569609593,-0.07343956833466635,-0.8640164649312321,-0.8936943502411376,0.0,0.0,0.0,1.0,0.0,0.0,0.0
-0.23589399871376399,-0.1924576035257761,-0.2128319265336425,-0.16235229470662416,0.05596877801639037,-0.8640164649312321,-0.8936943502411376,0.0,0.0,0.0,1.0,0.0,0.0,0.0
0.1957043839387375,-0.26130124511522795,-0.2225361671604216,-0.16284389428132517,-0.37034805961188205,1.881283378844675,1.8272838018489053,0.0,1.0,0.0,0.0,0.0,0.0,0.0
-0.23875242324368381,-0.26130124511522795,-0.2225361671604216,-0.16284389428132517,-0.37034805961188205,-0.48757633997091815,-0.4792517157889571,0.0,0.0,0.0,0.0,0.0,1.0,0.0
0.96961392990251,0.22060424601093506,-0.08143650844705319,-0.15409938063437045,1.2600420688764506,1.881283378844675,1.8272838018489053,0.0,1.0,0.0,0.0,0.0,0.0,0.0
-0.27593566349803517,-0.26130124511522795,-0.2225361671604216,-0.16284389428132517,-0.37034805961188205,-1.1072151855588004,-1.1259153488245126,0.0,0.0,1.0,0.0,0.0,0.0,0.0
-0.12054885948774577,-0.26130124511522795,-0.2225361671604216,-0.16284389428132517,-0.37034805961188205,1.881283378844675,1.8272838018489053,0.0,1.0,0.0,0.0,0.0,0.0,0.0
-0.2604100298479727,-0.26130124511522795,-0.2225361671604216,-0.16284389428132517,-0.37034805961188205,-1.1072151855588004,-1.1259153488245126,0.0,0.0,1.0,0.0,0.0,0.0,0.0
-0.09280672266001758,-0.1924576035257761,-0.2124437569085713,-0.16209904644086906,1.359996751938165,0.5755188193849565,0.5336296265452943,0.0,0.0,0.0,0.0,0.0,0.0,1.0
-0.130737185924265,-0.26130124511522795,-0.2225361671604216,-0.16284389428132517,-0.37034805961188205,1.881283378844675,1.8272838018489053,0.0,1.0,0.0,0.0,0.0,0.0,0.0
-0.23152926748135527,-0.26130124511522795,-0.2225361671604216,-0.16284389428132517,-0.37034805961188205,-0.48757633997091815,-0.4792517157889571,0.0,0.0,0.0,0.0,0.0,1.0,0.0
-0.2771098710850147,-0.26130124511522795,-0.2225361671604216,-0.16284389428132517,-0.37034805961188205,-1.1072151855588004,-1.1259153488245126,0.0,0.0,1.0,0.0,0.0,0.0,0.0
-0.2823997355677709,-0.26130124511522795,-0.2225361671604216,-0.16284389428132517,-0.37034805961188205,-1.1072151855588004,-1.1259153488245126,0.0,0.0,1.0,0.0,0.0,0.0,0.0
-0.2538036295858758,-0.1924576035257761,-0.20351585553193452,-0.16046534684413533,-0.10725090373277073,-0.48757633997091815,-0.4792517157889571,0.0,0.0,0.0,0.0,0.0,1.0,0.0
-0.257693933510414,-0.26130124511522795,-0.2225361671604216,-0.16284389428132517,-0.37034805961188205,-1.1072151855588004,-1.1259153488245126,0.0,0.0,1.0,0.0,0.0,0.0,0.0
-0.27986154947066366,-0.26130124511522795,-0.2225361671604216,-0.16284389428132517,-0.37034805961188205,-0.8640164649312321,-0.8936943502411376,0.0,0.0,0.0,1.0,0.0,0.0,0.0
-0.24266644853361552,-0.26130124511522795,-0.2225361671604216,-0.16284389428132517,-0.37034805961188205,-0.48757633997091815,-0.4792517157889571,0.0,0.0,0.0,0.0,0.0,1.0,0.0
-0.18172626083764828,-0.26130124511522795,-0.2225361671604216,-0.16284389428132517,-0.37034805961188205,0.5755188193849565,0.5336296265452943,0.0,0.0,0.0,0.0,0.0,0.0,1.0
-0.26690968396579867,-0.26130124511522795,-0.2225361671604216,-0.16284389428132517,-0.37034805961188205,1.881283378844675,1.8272838018489053,0.0,1.0,0.0,0.0,0.0,0.0,0.0
0.19186152274498633,0.9090406619054536,-0.07755481219634154,-0.15090150057267887,-0.11595552953388492,-0.6842174107830546,-0.6732657355858858,0.0,0.0,0.0,0.0,1.0,0.0,0.0
-0.21393987504205603,-0.26130124511522795,-0.2225361671604216,-0.16284389428132517,-0.37034805961188205,-0.6842174107830546,-0.6732657355858858,0.0,0.0,0.0,0.0,1.0,0.0,0.0
-0.23903707962840612,-0.26130124511522795,-0.2225361671604216,-0.16284389428132517,-0.37034805961188205,-0.6842174107830546,-0.6732657355858858,0.0,0.0,0.0,0.0,1.0,0.0,0.0
-0.18954245073481496,-0.12361396193632423,-0.07386720075816548,-0.15169103928356237,0.0540231129359368,1.881283378844675,1.8272838018489053,0.0,1.0,0.0,0.0,0.0,0.0,0.0
-0.1297527492604337,-0.26130124511522795,-0.2225361671604216,-0.16284389428132517,-0.37034805961188205,1.881283378844675,1.8272838018489053,0.0,1.0,0.0,0.0,0.0,0.0,0.0
1.3053779963651682,0.014073321242579479,0.11439506740134946,-0.1130731615820479,3.247832342500482,1.881283378844675,1.8272838018489053,0.0,1.0,0.0,0.0,0.0,0.0,0.0
-0.27591194213264164,-0.26130124511522795,-0.2225361671604216,-0.16284389428132517,-0.37034805961188205,0.5755188193849565,0.5336296265452943,0.0,0.0,0.0,0.0,0.0,0.0,1.0
-0.2779757009218784,-0.26130124511522795,-0.2225361671604216,-0.16284389428132517,-0.37034805961188205,-1.1072151855588004,-1.1259153488245126,0.0,0.0,1.0,0.0,0.0,0.0,0.0
-0.2729349107757542,-0.26130124511522795,-0.2225361671604216,-0.16284389428132517,-0.37034805961188205,0.5755188193849565,0.5336296265452943,0.0,0.0,0.0,0.0,0.0,0.0,1.0
-0.11759554949625182,-0.12361396193632423,-0.004773007495498142,-0.13935139339333946,0.38186767899236435,0.6389704336430185,0.7683980612559066,1.0,0.0,0.0,0.0,0.0,0.0,0.0
-0.03140396833887658,-0.26130124511522795,-0.2225361671604216,-0.16284389428132517,-0.37034805961188205,0.5755188193849565,0.5336296265452943,0.0,0.0,0.0,0.0,0.0,0.0,1.0
-0.28082226476910144,-0.26130124511522795,-0.2225361671604216,-0.16284389428132517,-0.37034805961188205,-1.1072151855588004,-1.1259153488245126,0.0,0.0,1.0,0.0,0.0,0.0,0.0
-0.11650436668814965,-0.26130124511522795,-0.2225361671604216,-0.16284389428132517,-0.37034805961188205,1.881283378844675,1.8272838018489053,0.0,1.0,0.0,0.0,0.0,0.0,0.0
-0.22937062323054444,-0.1924576035257761,-0.2225361671604216,-0.16284389428132517,0.11541965547469409,-0.6842174107830546,-0.6732657355858858,0.0,0.0,0.0,0.0,1.0,0.0,0.0
-0.24814608393951995,-0.26130124511522795,-0.2225361671604216,-0.16284389428132517,-0.37034805961188205,1.881283378844675,1.8272838018489053,0.0,1.0,0.0,0.0,0.0,0.0,0.0
-0.05991704954189434,0.014073321242579479,0.5058641342856192,-0.11567516337137458,0.13717327199920976,0.6389704336430185,0.7683980612559066,1.0,0.0,0.0,0.0,0.0,0.0,0.0
0.37522767723693917,2.2170698521050385,-0.007490194870996295,-0.1464125509208634,-0.20379852821114222,-0.6842174107830546,-0.6732657355858858,0.0,0.0,0.0,0.0,1.0,0.0,0.0
-0.21294357769552796,-0.26130124511522795,-0.2225361671604216,-0.16284389428132517,-0.37034805961188205,0.6389704336430185,0.7683980612559066,1.0,0.0,0.0,0.0,0.0,0.0,0.0
-0.23506375092499057,-0.26130124511522795,-0.2225361671604216,-0.16284389428132517,-0.37034805961188205,-0.48757633997091815,-0.4792517157889571,0.0,0.0,0.0,0.0,0.0,1.0,0.0
-0.12817527846176424,-0.26130124511522795,-0.2225361671604216,-0.16284389428132517,-0.37034805961188205,0.6389704336430185,0.7683980612559066,1.0,0.0,0.0,0.0,0.0,0.0,0.0
-0.2694597307456027,-0.26130124511522795,-0.2225361671604216,-0.16284389428132517,-0.37034805961188205,-0.48757633997091815,-0.4792517157889571,0.0,0.0,0.0,0.0,0.0,1.0,0.0
-0.2773352240562532,-0.26130124511522795,-0.2225361671604216,-0.16284389428132517,-0.37034805961188205,-0.8640164649312321,-0.8936943502411376,0.0,0.0,0.0,1.0,0.0,0.0,0.0
-0.11142799449393517,-0.1924576035257761,-0.08667679838551391,-0.1461344743937598,1.1902915199208253,-0.48757633997091815,-0.4792517157889571,0.0,0.0,0.0,0.0,0.0,1.0,0.0
-0.18925779435009266,-0.26130124511522795,-0.2225361671604216,-0.16284389428132517,-0.37034805961188205,0.5755188193849565,0.5336296265452943,0.0,0.0,0.0,0.0,0.0,0.0,1.0
-0.20411922976913643,0.014073321242579479,0.24326738292497618,-0.13073102105312742,-0.19137389533627047,0.6389704336430185,0.7683980612559066,1.0,0.0,0.0,0.0,0.0,0.0,0.0
0.17734404712414867,0.1517606044214832,-0.15247154983507635,-0.1572823637392529,0.32837990469730266,-0.6842174107830546,-0.6732657355858858,0.0,0.0,0.0,0.0,1.0,0.0,0.0
-0.26966136235144766,-0.1924576035257761,0.056363708453210315,1.647195945854259,-0.2517705822086836,-0.8640164649312321,-0.8936943502411376,0.0,0.0,0.0,1.0,0.0,0.0,0.0
-0.0038990451650836467,-0.26130124511522795,-0.2225361671604216,-0.16284389428132517,-0.37034805961188205,0.6389704336430185,0.7683980612559066,1.0,0.0,0.0,0.0,0.0,0.0,0.0
-0.2124572897049607,-0.26130124511522795,-0.2225361671604216,-0.16284389428132517,-0.37034805961188205,1.881283378844675,1.8272838018489053,0.0,1.0,0.0,0.0,0.0,0.0,0.0
-0.2694360093802092,-0.26130124511522795,-0.2225361671604216,-0.16284389428132517,-0.37034805961188205,-1.1072151855588004,-1.1259153488245126,0.0,0.0,1.0,0.0,0.0,0.0,0.0
-0.23224090844316103,0.42713517077929064,0.25025443617625714,-0.09461086644327578,-0.32438712671138986,-1.1072151855588004,-1.1259153488245126,0.0,0.0,1.0,0.0,0.0,0.0,0.0
-0.2746309884013913,-0.26130124511522795,-0.2225361671604216,-0.16284389428132517,-0.37034805961188205,-0.8640164649312321,-0.8936943502411376,0.0,0.0,0.0,1.0,0.0,0.0,0.0
0.09505463057400838,-0.26130124511522795,-0.2225361671604216,-0.16284389428132517,-0.37034805961188205,1.881283378844675,1.8272838018489053,0.0,1.0,0.0,0.0,0.0,0.0,0.0
-0.26260425614687377,-0.26130124511522795,-0.2225361671604216,-0.16284389428132517,-0.37034805961188205,-0.8640164649312321,-0.8936943502411376,0.0,0.0,0.0,1.0,0.0,0.0,0.0
0.6737136179836718,0.22060424601093506,1.0987932365818236,-0.10203948223875806,0.8748003829466425,0.6389704336430185,0.7683980612559066,1.0,0.0,0.0,0.0,0.0,0.0,0.0
-0.2559622738366866,-0.26130124511522795,-0.2225361671604216,-0.16284389428132517,-0.37034805961188205,-0.6842174107830546,-0.6732657355858858,0.0,0.0,0.0,0.0,1.0,0.0,0.0
-0.2676806283410883,-0.26130124511522795,-0.2225361671604216,-0.16284389428132517,-0.37034805961188205,-0.48757633997091815,-0.4792517157889571,0.0,0.0,0.0,0.0,0.0,1.0,0.0
-0.2673366685428821,-0.26130124511522795,-0.2225361671604216,-0.16284389428132517,-0.37034805961188205,-0.8640164649312321,-0.8936943502411376,0.0,0.0,0.0,1.0,0.0,0.0,0.0
-0.26469173630150405,-0.054770320346872375,0.11323055852613596,-0.11429471204039592,-0.31572531401988907,-1.1072151855588004,-1.1259153488245126,0.0,0.0,1.0,0.0,0.0,0.0,0.0
-0.2395826710324572,-0.1924576035257761,-0.17032735258834994,-0.16065900728265392,0.02235200912633136,-0.8640164649312321,-0.8936943502411376,0.0,0.0,0.0,1.0,0.0,0.0,0.0
-0.11607738211106619,-0.26130124511522795,-0.2225361671604216,-0.16284389428132517,-0.37034805961188205,0.6389704336430185,0.7683980612559066,1.0,0.0,0.0,0.0,0.0,0.0,0.0
-0.28151018436551367,-0.26130124511522795,-0.2225361671604216,-0.16284389428132517,-0.37034805961188205,-0.6842174107830546,-0.6732657355858858,0.0,0.0,0.0,0.0,1.0,0.0,0.0
0.0947581135065893,-0.26130124511522795,-0.2225361671604216,-0.16284389428132517,-0.37034805961188205,0.5755188193849565,0.5336296265452943,0.0,0.0,0.0,0.0,0.0,0.0,1.0
-0.14498186584307712,-0.26130124511522795,-0.2225361671604216,-0.16284389428132517,-0.37034805961188205,0.6389704336430185,0.7683980612559066,1.0,0.0,0.0,0.0,0.0,0.0,0.0
-0.21474640146543592,-0.26130124511522795,-0.2225361671604216,-0.16284389428132517,-0.37034805961188205,0.5755188193849565,0.5336296265452943,0.0,0.0,0.0,0.0,0.0,0.0,1.0
-0.269495312793693,-0.26130124511522795,-0.2225361671604216,-0.16284389428132517,-0.37034805961188205,-0.8640164649312321,-0.8936943502411376,0.0,0.0,0.0,1.0,0.0,0.0,0.0
-0.2696139196206606,-0.26130124511522795,-0.2225361671604216,-0.16284389428132517,-0.37034805961188205,0.5755188193849565,0.5336296265452943,0.0,0.0,0.0,0.0,0.0,0.0,1.0
-0.27365841242025674,-0.26130124511522795,-0.2225361671604216,-0.16284389428132517,-0.37034805961188205,-0.48757633997091815,-0.4792517157889571,0.0,0.0,0.0,0.0,0.0,1.0,0.0
-0.194440912688578,-0.1924576035257761,0.00027319763042700084,-0.14828460182654307,0.43375208113779307,-0.48757633997091815,-0.4792517157889571,0.0,0.0,0.0,0.0,0.0,1.0,0.0
0.06875949703528525,0.1517606044214832,-0.15033661689718494,-0.15014672142768334,0.16344875829403882,-0.6842174107830546,-0.6732657355858858,0.0,0.0,0.0,0.0,1.0,0.0,0.0
-0.17653128181646618,0.014073321242579479,-0.19264710602994192,-0.1599588503126252,-0.128518103987173,-0.6842174107830546,-0.6732657355858858,0.0,0.0,0.0,0.0,1.0,0.0,0.0
-0.2671587583024307,-0.26130124511522795,-0.2225361671604216,-0.16284389428132517,-0.37034805961188205,0.5755188193849565,0.5336296265452943,0.0,0.0,0.0,0.0,0.0,0.0,1.0
-0.2505775238923563,-0.26130124511522795,-0.2225361671604216,-0.16284389428132517,-0.37034805961188205,1.881283378844675,1.8272838018489053,0.0,1.0,0.0,0.0,0.0,0.0,0.0
-0.15435180517351973,-0.26130124511522795,-0.2225361671604216,-0.16284389428132517,-0.37034805961188205,1.881283378844675,1.8272838018489053,0.0,1.0,0.0,0.0,0.0,0.0,0.0
-0.2772166172292856,-0.26130124511522795,-0.2225361671604216,-0.16284389428132517,-0.37034805961188205,-0.8640164649312321,-0.8936943502411376,0.0,0.0,0.0,1.0,0.0,0.0,0.0
-0.2771217317677115,-0.26130124511522795,-0.2225361671604216,-0.16284389428132517,-0.37034805961188205,-1.1072151855588004,-1.1259153488245126,0.0,0.0,1.0,0.0,0.0,0.0,0.0
-0.004800457050037619,-0.26130124511522795,-0.2225361671604216,-0.16284389428132517,-0.37034805961188205,1.881283378844675,1.8272838018489053,0.0,1.0,0.0,0.0,0.0,0.0,0.0
-0.2230014366223828,-0.26130124511522795,-0.2225361671604216,-0.16284389428132517,-0.37034805961188205,-0.8640164649312321,-0.8936943502411376,0.0,0.0,0.0,1.0,0.0,0.0,0.0
-0.13353630704070102,-0.26130124511522795,-0.2225361671604216,-0.16284389428132517,-0.37034805961188205,0.6389704336430185,0.7683980612559066,1.0,0.0,0.0,0.0,0.0,0.0,0.0
-0.261192834905959,-0.26130124511522795,-0.2225361671604216,-0.16284389428132517,-0.37034805961188205,1.881283378844675,1.8272838018489053,0.0,1.0,0.0,0.0,0.0,0.0,0.0
-0.2381238070607554,-0.26130124511522795,-0.2225361671604216,-0.16284389428132517,-0.37034805961188205,0.5755188193849565,0.5336296265452943,0.0,0.0,0.0,0.0,0.0,0.0,1.0
-0.2715472109002329,-0.26130124511522795,-0.2225361671604216,-0.16284389428132517,-0.37034805961188205,-1.1072151855588004,-1.1259153488245126,0.0,0.0,1.0,0.0,0.0,0.0,0.0
-0.25177545284472935,-0.26130124511522795,-0.2225361671604216,-0.16284389428132517,-0.37034805961188205,1.881283378844675,1.8272838018489053,0.0,1.0,0.0,0.0,0.0,0.0,0.0
-0.13960897658144358,0.6336660955476462,0.5070286431608326,0.06443897575545228,-0.2700548450801255,-1.1072151855588004,-1.1259153488245126,0.0,0.0,1.0,0.0,0.0,0.0,0.0
-0.2772047565465888,-0.26130124511522795,-0.2225361671604216,-0.16284389428132517,-0.37034805961188205,-1.1072151855588004,-1.1259153488245126,0.0,0.0,1.0,0.0,0.0,0.0,0.0
-0.2627465843392349,-0.26130124511522795,-0.2225361671604216,-0.16284389428132517,-0.37034805961188205,-1.1072151855588004,-1.1259153488245126,0.0,0.0,1.0,0.0,0.0,0.0,0.0
-0.277145453133105,-0.26130124511522795,-0.2225361671604216,-0.16284389428132517,-0.37034805961188205,0.6389704336430185,0.7683980612559066,1.0,0.0,0.0,0.0,0.0,0.0,0.0
0.18373695509770382,-0.26130124511522795,-0.2225361671604216,-0.16284389428132517,-0.37034805961188205,0.6389704336430185,0.7683980612559066,1.0,0.0,0.0,0.0,0.0,0.0,0.0
-0.2784264068643554,-0.26130124511522795,-0.2225361671604216,-0.16284389428132517,-0.37034805961188205,-0.8640164649312321,-0.8936943502411376,0.0,0.0,0.0,1.0,0.0,0.0,0.0
-0.2703136998997696,-0.26130124511522795,-0.2225361671604216,-0.16284389428132517,-0.37034805961188205,-0.6842174107830546,-0.6732657355858858,0.0,0.0,0.0,0.0,1.0,0.0,0.0
-0.05726025661781947,0.22060424601093506,0.29916380893522393,4.001257751702177,-0.07687690997680102,-0.8640164649312321,-0.8936943502411376,0.0,0.0,0.0,1.0,0.0,0.0,0.0
-0.15745930404007158,-0.054770320346872375,-0.21186150247096458,-0.1609867403324546,0.010029463616792049,-0.6842174107830546,-0.6732657355858858,0.0,0.0,0.0,0.0,1.0,0.0,0.0
0.26996411830316935,1.1844152282632612,0.28732463537055336,-0.12880434797248094,-0.13051652850433204,1.881283378844675,1.8272838018489053,0.0,1.0,0.0,0.0,0.0,0.0,0.0
-0.16889300215975092,-0.26130124511522795,-0.2225361671604216,-0.16284389428132517,-0.37034805961188205,1.881283378844675,1.8272838018489053,0.0,1.0,0.0,0.0,0.0,0.0,0.0
-0.2786992025663809,-0.26130124511522795,-0.2225361671604216,-0.16284389428132517,-0.37034805961188205,-0.8640164649312321,-0.8936943502411376,0.0,0.0,0.0,1.0,0.0,0.0,0.0
-0.261892615185068,-0.26130124511522795,-0.2225361671604216,-0.16284389428132517,-0.37034805961188205,-1.1072151855588004,-1.1259153488245126,0.0,0.0,1.0,0.0,0.0,0.0,0.0
0.46173949682712706,-0.054770320346872375,-0.21108516322082224,-0.16177627904333808,1.8910552263975215,-0.6842174107830546,-0.6732657355858858,0.0,0.0,0.0,0.0,1.0,0.0,0.0
-0.25446782781689453,-0.26130124511522795,-0.2225361671604216,-0.16284389428132517,-0.37034805961188205,0.5755188193849565,0.5336296265452943,0.0,0.0,0.0,0.0,0.0,0.0,1.0
-0.26399195602239506,-0.26130124511522795,-0.2225361671604216,-0.16284389428132517,-0.37034805961188205,-1.1072151855588004,-1.1259153488245126,0.0,0.0,1.0,0.0,0.0,0.0,0.0
-0.27897199826840646,-0.26130124511522795,-0.2225361671604216,-0.16284389428132517,-0.37034805961188205,-1.1072151855588004,-1.1259153488245126,0.0,0.0,1.0,0.0,0.0,0.0,0.0
-0.1317927866842769,-0.26130124511522795,-0.2225361671604216,-0.16284389428132517,-0.37034805961188205,0.6389704336430185,0.7683980612559066,1.0,0.0,0.0,0.0,0.0,0.0,0.0
0.03534795387850445,0.1517606044214832,0.08916404177172374,0.5208420071687989,0.11269932744554137,0.5755188193849565,0.5336296265452943,0.0,0.0,0.0,0.0,0.0,0.0,1.0
-0.2713337186116912,-0.26130124511522795,-0.2225361671604216,-0.16284389428132517,-0.37034805961188205,-1.1072151855588004,-1.1259153488245126,0.0,0.0,1.0,0.0,0.0,0.0,0.0
-0.21800808920704567,-0.26130124511522795,-0.2225361671604216,-0.16284389428132517,-0.37034805961188205,1.881283378844675,1.8272838018489053,0.0,1.0,0.0,0.0,0.0,0.0,0.0
-0.25338850569148913,-0.26130124511522795,-0.2225361671604216,-0.16284389428132517,-0.37034805961188205,-0.8640164649312321,-0.8936943502411376,0.0,0.0,0.0,1.0,0.0,0.0,0.0
1.107624833762042,0.5648224539581944,0.31740778131356867,6.239992283586141,0.6855265471737093,0.5755188193849565,0.5336296265452943,0.0,0.0,0.0,0.0,0.0,0.0,1.0
-0.27834338208547804,-0.26130124511522795,-0.2225361671604216,-0.16284389428132517,-0.37034805961188205,-1.1072151855588004,-1.1259153488245126,0.0,0.0,1.0,0.0,0.0,0.0,0.0
-0.18668402620489513,-0.1924576035257761,-0.1749853880892039,-0.16101156859380314,0.5044445790609396,0.6389704336430185,0.7683980612559066,1.0,0.0,0.0,0.0,0.0,0.0,0.0
-0.24403042704374325,3.7316299670729793,1.0250410078183023,0.060049339149030934,-0.3642762427228804,-1.1072151855588004,-1.1259153488245126,0.0,0.0,1.0,0.0,0.0,0.0,0.0
-0.04091623586168034,0.7025097371370981,-0.07095592857013175,-0.14772844877233585,-0.21297309399725814,-0.6842174107830546,-0.6732657355858858,0.0,0.0,0.0,0.0,1.0,0.0,0.0
-0.27989713151875395,-0.12361396193632423,-0.1542183131478966,-0.15711353156208285,-0.3577012365889338,-1.1072151855588004,-1.1259153488245126,0.0,0.0,1.0,0.0,0.0,0.0,0.0
-0.2804901656535921,-0.26130124511522795,-0.2225361671604216,-0.16284389428132517,-0.37034805961188205,-1.1072151855588004,-1.1259153488245126,0.0,0.0,1.0,0.0,0.0,0.0,0.0
-0.21194728034899987,-0.26130124511522795,-0.2225361671604216,-0.16284389428132517,-0.37034805961188205,0.5755188193849565,0.5336296265452943,0.0,0.0,0.0,0.0,0.0,0.0,1.0
1.0146963848329056,-0.1924576035257761,-0.15907043346128616,-0.15531099978817905,11.45324244929556,0.6389704336430185,0.7683980612559066,1.0,0.0,0.0,0.0,0.0,0.0,0.0
0.00812768708943383,-0.26130124511522795,-0.2225361671604216,-0.16284389428132517,-0.37034805961188205,0.6389704336430185,0.7683980612559066,1.0,0.0,0.0,0.0,0.0,0.0,0.0
-0.2781061684315428,-0.26130124511522795,-0.2225361671604216,-0.16284389428132517,-0.37034805961188205,0.5755188193849565,0.5336296265452943,0.0,0.0,0.0,0.0,0.0,0.0,1.0
0.7485189437521548,0.8401970203160017,-0.004190753057891395,-0.11713506513866856,0.2170130981130999,-0.6842174107830546,-0.6732657355858858,0.0,0.0,0.0,0.0,1.0,0.0,0.0
0.02389053439343159,0.014073321242579479,0.26131727049078535,-0.004017506434733957,0.32811868114483433,-0.48757633997091815,-0.4792517157889571,0.0,0.0,0.0,0.0,0.0,1.0,0.0
-0.22392656987273032,-0.26130124511522795,-0.2225361671604216,-0.16284389428132517,-0.37034805961188205,1.881283378844675,1.8272838018489053,0.0,1.0,0.0,0.0,0.0,0.0,0.0
-0.2784501282297489,-0.26130124511522795,-0.2225361671604216,-0.16284389428132517,-0.37034805961188205,-1.1072151855588004,-1.1259153488245126,0.0,0.0,1.0,0.0,0.0,0.0,0.0
0.9845583901004312,0.014073321242579479,0.4357995169602739,-0.12255259176491932,2.5168838041506376,0.6389704336430185,0.7683980612559066,1.0,0.0,0.0,0.0,0.0,0.0,0.0
-0.2800038776630248,-0.26130124511522795,-0.2225361671604216,-0.16284389428132517,-0.37034805961188205,-0.8640164649312321,-0.8936943502411376,0.0,0.0,0.0,1.0,0.0,0.0,0.0
-0.10910330068536966,-0.26130124511522795,-0.2225361671604216,-0.16284389428132517,-0.37034805961188205,-0.6842174107830546,-0.6732657355858858,0.0,0.0,0.0,0.0,1.0,0.0,0.0
-0.23775612589715572,-0.26130124511522795,-0.2225361671604216,-0.16284389428132517,-0.37034805961188205,-0.8640164649312321,-0.8936943502411376,0.0,0.0,0.0,1.0,0.0,0.0,0.0
1.4730761890146973,0.08291696283203133,-0.03446798381344225,-0.10474079707347889,2.829860246217266,1.881283378844675,1.8272838018489053,0.0,1.0,0.0,0.0,0.0,0.0,0.0
0.21047093389620716,-0.12361396193632423,-0.01428316330974168,-0.14824487660838542,1.8767870158075286,0.6389704336430185,0.7683980612559066,1.0,0.0,0.0,0.0,0.0,0.0,0.0
-0.20614740651028288,0.014073321242579479,-0.09618695419975745,-0.1439396560905491,-0.19599484990234772,-1.1072151855588004,-1.1259153488245126,0.0,0.0,1.0,0.0,0.0,0.0,0.0
-0.2599000204920119,-0.054770320346872375,0.02181661182187665,-0.1490940031465054,-0.3011688567513105,-1.1072151855588004,-1.1259153488245126,0.0,0.0,1.0,0.0,0.0,0.0,0.0
-0.2793159580666126,-0.26130124511522795,-0.2225361671604216,-0.16284389428132517,-0.37034805961188205,-0.8640164649312321,-0.8936943502411376,0.0,0.0,0.0,1.0,0.0,0.0,0.0
0.1495900496137237,1.1844152282632612,0.546816029730627,1.6927756680379034,-0.18275609173587526,-0.8640164649312321,-0.8936943502411376,0.0,0.0,0.0,1.0,0.0,0.0,0.0
-0.21494803307128088,-0.26130124511522795,-0.2225361671604216,-0.16284389428132517,-0.37034805961188205,1.881283378844675,1.8272838018489053,0.0,1.0,0.0,0.0,0.0,0.0,0.0
-0.23061599491370452,-0.26130124511522795,-0.2225361671604216,-0.16284389428132517,-0.37034805961188205,0.5755188193849565,0.5336296265452943,0.0,0.0,0.0,0.0,0.0,0.0,1.0
-0.005156277530940503,-0.12361396193632423,-0.1596526878988929,-0.15424338455019196,0.8942261501784727,0.6389704336430185,0.7683980612559066,1.0,0.0,0.0,0.0,0.0,0.0,0.0
-0.2800631810765086,-0.26130124511522795,-0.2225361671604216,-0.16284389428132517,-0.37034805961188205,-0.48757633997091815,-0.4792517157889571,0.0,0.0,0.0,0.0,0.0,1.0,0.0
0.06317311548510998,0.9778843034949055,-0.15790592458607267,-0.15430793802969817,-0.19524420751019744,-0.6842174107830546,-0.6732657355858858,0.0,0.0,0.0,0.0,1.0,0.0,0.0
-0.2578481223854719,-0.26130124511522795,-0.2225361671604216,-0.16284389428132517,-0.37034805961188205,-0.6842174107830546,-0.6732657355858858,0.0,0.0,0.0,0.0,1.0,0.0,0.0
-0.15025986964313656,-0.26130124511522795,-0.2225361671604216,-0.16284389428132517,-0.37034805961188205,0.5755188193849565,0.5336296265452943,0.0,0.0,0.0,0.0,0.0,0.0,1.0
-0.242844358774067,0.08291696283203133,0.15864640465946225,-0.13054232626687853,-0.2977531336100698,-1.1072151855588004,-1.1259153488245126,0.0,0.0,1.0,0.0,0.0,0.0,0.0
0.4003248818232893,2.492444418462846,0.06432118576716919,-0.11351510463405186,-0.21473538786477211,-0.6842174107830546,-0.6732657355858858,0.0,0.0,0.0,0.0,1.0,0.0,0.0
-0.2569585711832147,-0.26130124511522795,-0.2225361671604216,-0.16284389428132517,-0.37034805961188205,-1.1072151855588004,-1.1259153488245126,0.0,0.0,1.0,0.0,0.0,0.0,0.0
-0.08248792871383395,-0.054770320346872375,0.23239863342298356,-0.1108634463220281,0.2377803705343301,-0.48757633997091815,-0.4792517157889571,0.0,0.0,0.0,0.0,0.0,1.0,0.0
-0.17163281986270312,0.014073321242579479,0.17223234153695302,-0.05472178176071623,-0.11735755290068237,-0.48757633997091815,-0.4792517157889571,0.0,0.0,0.0,0.0,0.0,1.0,0.0
-0.2548355089804942,-0.26130124511522795,-0.2225361671604216,-0.16284389428132517,-0.37034805961188205,1.881283378844675,1.8272838018489053,0.0,1.0,0.0,0.0,0.0,0.0,0.0
-0.1897203609752664,-0.26130124511522795,-0.2225361671604216,-0.16284389428132517,-0.37034805961188205,0.5755188193849565,0.5336296265452943,0.0,0.0,0.0,0.0,0.0,0.0,1.0
-0.2619044758677648,-0.26130124511522795,-0.2225361671604216,-0.16284389428132517,-0.37034805961188205,-1.1072151855588004,-1.1259153488245126,0.0,0.0,1.0,0.0,0.0,0.0,0.0
-0.21938392839987017,-0.26130124511522795,-0.2225361671604216,-0.16284389428132517,-0.37034805961188205,0.5755188193849565,0.5336296265452943,0.0,0.0,0.0,0.0,0.0,0.0,1.0
-0.03196142042562443,-0.26130124511522795,-0.2225361671604216,-0.16284389428132517,-0.37034805961188205,0.5755188193849565,0.5336296265452943,0.0,0.0,0.0,0.0,0.0,0.0,1.0
-0.2147226801000424,-0.12361396193632423,-0.13189855970630462,-0.15636371806935703,-0.06071708055858937,0.5755188193849565,0.5336296265452943,0.0,0.0,0.0,0.0,0.0,0.0,1.0
-0.2754137934593776,-0.26130124511522795,-0.2225361671604216,-0.16284389428132517,-0.37034805961188205,-0.6842174107830546,-0.6732657355858858,0.0,0.0,0.0,0.0,1.0,0.0,0.0
-0.27438191406475926,-0.26130124511522795,-0.2225361671604216,-0.16284389428132517,-0.37034805961188205,-0.8640164649312321,-0.8936943502411376,0.0,0.0,0.0,1.0,0.0,0.0,0.0
-0.27792825819109135,-0.26130124511522795,-0.2225361671604216,-0.16284389428132517,-0.37034805961188205,0.5755188193849565,0.5336296265452943,0.0,0.0,0.0,0.0,0.0,0.0,1.0
-0.12800922890400956,-0.26130124511522795,-0.2225361671604216,-0.16284389428132517,-0.37034805961188205,0.5755188193849565,0.5336296265452943,0.0,0.0,0.0,0.0,0.0,0.0,1.0
-0.2600304880016763,-0.26130124511522795,-0.2225361671604216,-0.16284389428132517,-0.37034805961188205,-1.1072151855588004,-1.1259153488245126,0.0,0.0,1.0,0.0,0.0,0.0,0.0
-0.2653796558979163,-0.26130124511522795,-0.2225361671604216,-0.16284389428132517,-0.37034805961188205,-1.1072151855588004,-1.1259153488245126,0.0,0.0,1.0,0.0,0.0,0.0,0.0
-0.2392031291861608,-0.26130124511522795,-0.2225361671604216,-0.16284389428132517,-0.37034805961188205,-0.6842174107830546,-0.6732657355858858,0.0,0.0,0.0,0.0,1.0,0.0,0.0
-0.06431736282239334,-0.26130124511522795,-0.2225361671604216,-0.16284389428132517,-0.37034805961188205,0.5755188193849565,0.5336296265452943,0.0,0.0,0.0,0.0,0.0,0.0,1.0
-0.09393348751621004,0.1517606044214832,0.18969997466515542,-0.14106454342638852,-0.08366872234097694,0.6389704336430185,0.7683980612559066,1.0,0.0,0.0,0.0,0.0,0.0,0.0
-0.20907699513638328,0.6336660955476462,0.3775740731995992,-0.13486740939379369,-0.3187546757477178,-1.1072151855588004,-1.1259153488245126,0.0,0.0,1.0,0.0,0.0,0.0,0.0
-0.24755304980468182,-0.26130124511522795,-0.2225361671604216,-0.16284389428132517,-0.37034805961188205,0.6389704336430185,0.7683980612559066,1.0,0.0,0.0,0.0,0.0,0.0,0.0
-0.26159609811764895,-0.26130124511522795,-0.2225361671604216,-0.16284389428132517,-0.37034805961188205,0.5755188193849565,0.5336296265452943,0.0,0.0,0.0,0.0,0.0,0.0,1.0
-0.052717615144959325,0.42713517077929064,-0.11947713170402735,-0.14484837045590557,-0.160778311946138,-0.6842174107830546,-0.6732657355858858,0.0,0.0,0.0,0.0,1.0,0.0,0.0
-0.20969375063661497,-0.26130124511522795,-0.2225361671604216,-0.16284389428132517,-0.37034805961188205,1.881283378844675,1.8272838018489053,0.0,1.0,0.0,0.0,0.0,0.0,0.0
-0.2580023112605298,-0.26130124511522795,-0.2225361671604216,-0.16284389428132517,-0.37034805961188205,0.6389704336430185,0.7683980612559066,1.0,0.0,0.0,0.0,0.0,0.0,0.0
-0.2796006144513349,-0.26130124511522795,-0.2225361671604216,-0.16284389428132517,-0.37034805961188205,-0.8640164649312321,-0.8936943502411376,0.0,0.0,0.0,1.0,0.0,0.0,0.0
-0.2072623106837786,0.014073321242579479,-0.06610380825674218,0.011808027348823531,-0.19853502375738435,-0.8640164649312321,-0.8936943502411376,0.0,0.0,0.0,1.0,0.0,0.0,0.0
0.7189977045199122,-0.12361396193632423,0.31080889768735886,-0.04956246905249024,4.194020080375503,0.6389704336430185,0.7683980612559066,1.0,0.0,0.0,0.0,0.0,0.0,0.0
-0.28063249384595323,-0.26130124511522795,-0.2225361671604216,-0.16284389428132517,-0.37034805961188205,-1.1072151855588004,-1.1259153488245126,0.0,0.0,1.0,0.0,0.0,0.0,0.0
-0.2340674535784625,-0.26130124511522795,-0.2225361671604216,-0.16284389428132517,-0.37034805961188205,0.5755188193849565,0.5336296265452943,0.0,0.0,0.0,0.0,0.0,0.0,1.0
-0.08781337524468044,0.3582915291898388,0.01774083075862942,-0.149575671416667,-0.17303119784168577,-0.8640164649312321,-0.8936943502411376,0.0,0.0,0.0,1.0,0.0,0.0,0.0
-0.27476145591105566,-0.26130124511522795,-0.2225361671604216,-0.16284389428132517,-0.37034805961188205,0.6389704336430185,0.7683980612559066,1.0,0.0,0.0,0.0,0.0,0.0,0.0
-0.2554641251634226,-0.26130124511522795,-0.2225361671604216,-0.16284389428132517,-0.37034805961188205,-0.8640164649312321,-0.8936943502411376,0.0,0.0,0.0,1.0,0.0,0.0,0.0
0.8375452280740563,3.525099042304624,1.157600934780105,-0.02067726979960229,-0.18472768030008474,-0.8640164649312321,-0.8936943502411376,0.0,0.0,0.0,1.0,0.0,0.0,0.0
0.4833140786525386,-0.12361396193632423,0.5860211618628147,-0.09016164200961795,3.1200670022173638,0.6389704336430185,0.7683980612559066,1.0,0.0,0.0,0.0,0.0,0.0,0.0
-0.2787110632490777,-0.26130124511522795,-0.2225361671604216,-0.16284389428132517,-0.37034805961188205,-0.8640164649312321,-0.8936943502411376,0.0,0.0,0.0,1.0,0.0,0.0,0.0
-0.2699104366880797,-0.26130124511522795,-0.2225361671604216,-0.16284389428132517,-0.37034805961188205,-0.8640164649312321,-0.8936943502411376,0.0,0.0,0.0,1.0,0.0,0.0,0.0
-0.261394466511804,-0.26130124511522795,-0.2225361671604216,-0.16284389428132517,-0.37034805961188205,-0.8640164649312321,-0.8936943502411376,0.0,0.0,0.0,1.0,0.0,0.0,0.0
-0.25184661694090993,-0.26130124511522795,-0.2225361671604216,-0.16284389428132517,-0.37034805961188205,-0.8640164649312321,-0.8936943502411376,0.0,0.0,0.0,1.0,0.0,0.0,0.0
-0.18708728941658506,0.014073321242579479,-0.2081738910327885,-0.16106619076876993,-0.1525686862316686,-0.6842174107830546,-0.6732657355858858,0.0,0.0,0.0,0.0,1.0,0.0,0.0
-0.26070654691539175,-0.26130124511522795,-0.2225361671604216,-0.16284389428132517,-0.37034805961188205,0.6389704336430185,0.7683980612559066,1.0,0.0,0.0,0.0,0.0,0.0,0.0
-0.2541238680186884,-0.26130124511522795,-0.2225361671604216,-0.16284389428132517,-0.37034805961188205,-0.48757633997091815,-0.4792517157889571,0.0,0.0,0.0,0.0,0.0,1.0,0.0
-0.27045602809213076,-0.26130124511522795,-0.2225361671604216,-0.16284389428132517,-0.37034805961188205,0.5755188193849565,0.5336296265452943,0.0,0.0,0.0,0.0,0.0,0.0,1.0
-0.22293027252620223,-0.26130124511522795,-0.2225361671604216,-0.16284389428132517,-0.37034805961188205,0.5755188193849565,0.5336296265452943,0.0,0.0,0.0,0.0,0.0,0.0,1.0
-0.2584292958376133,-0.26130124511522795,-0.2225361671604216,-0.16284389428132517,-0.37034805961188205,-0.6842174107830546,-0.6732657355858858,0.0,0.0,0.0,0.0,1.0,0.0,0.0
-0.19286344188990853,-0.1924576035257761,-0.21341418097124923,-0.1619947677432052,0.44812838423225565,-0.6842174107830546,-0.6732657355858858,0.0,0.0,0.0,0.0,1.0,0.0,0.0
-0.26692154464849543,-0.26130124511522795,-0.2225361671604216,-0.16284389428132517,-0.37034805961188205,1.881283378844675,1.8272838018489053,0.0,1.0,0.0,0.0,0.0,0.0,0.0
-0.05576581059802736,-0.1924576035257761,-0.009625127808887702,-0.1282382636137343,1.6975696433968603,0.6389704336430185,0.7683980612559066,1.0,0.0,0.0,0.0,0.0,0.0,0.0
0.4784156166987756,-0.1924576035257761,-0.14742534470915122,-0.1571036002575434,6.565839859700647,1.881283378844675,1.8272838018489053,0.0,1.0,0.0,0.0,0.0,0.0,0.0
-0.16214427370529289,-0.1924576035257761,-0.054264634692071656,-0.15040990099797785,0.7280879708086313,-0.48757633997091815,-0.4792517157889571,0.0,0.0,0.0,0.0,0.0,1.0,0.0
-0.25079101618089805,-0.12361396193632423,-0.0769725577587348,-0.15430297237742846,-0.22507173360468172,-0.8640164649312321,-0.8936943502411376,0.0,0.0,0.0,1.0,0.0,0.0,0.0
-0.25554714994229993,-0.26130124511522795,-0.2225361671604216,-0.16284389428132517,-0.37034805961188205,0.5755188193849565,0.5336296265452943,0.0,0.0,0.0,0.0,0.0,0.0,1.0
-0.2598644384439216,-0.26130124511522795,-0.2225361671604216,-0.16284389428132517,-0.37034805961188205,-0.48757633997091815,-0.4792517157889571,0.0,0.0,0.0,0.0,0.0,1.0,0.0
-0.23077018378876243,-0.26130124511522795,-0.2225361671604216,-0.16284389428132517,-0.37034805961188205,0.6389704336430185,0.7683980612559066,1.0,0.0,0.0,0.0,0.0,0.0,0.0
-0.2102512027233628,-0.1924576035257761,-0.2103088239706799,-0.16250126427471537,0.28966477267975876,-0.8640164649312321,-0.8936943502411376,0.0,0.0,0.0,1.0,0.0,0.0,0.0
-0.17902202518278637,-0.26130124511522795,-0.2225361671604216,-0.16284389428132517,-0.37034805961188205,1.881283378844675,1.8272838018489053,0.0,1.0,0.0,0.0,0.0,0.0,0.0
-0.22087837441966227,-0.26130124511522795,-0.2225361671604216,-0.16284389428132517,-0.37034805961188205,-0.6842174107830546,-0.6732657355858858,0.0,0.0,0.0,0.0,1.0,0.0,0.0
0.18231367317409228,-0.12361396193632423,0.01871125482130733,-0.05288449042092449,1.7484812130020624,1.881283378844675,1.8272838018489053,0.0,1.0,0.0,0.0,0.0,0.0,0.0
-0.28056132974977266,-0.26130124511522795,-0.2225361671604216,-0.16284389428132517,-0.37034805961188205,-1.1072151855588004,-1.1259153488245126,0.0,0.0,1.0,0.0,0.0,0.0,0.0
3.69223364294441,0.42713517077929064,0.2640344578662835,-0.09680071909421675,3.252188470430609,1.881283378844675,1.8272838018489053,0.0,1.0,0.0,0.0,0.0,0.0,0.0
-0.25611646271174454,-0.26130124511522795,-0.2225361671604216,-0.16284389428132517,-0.37034805961188205,0.5755188193849565,0.5336296265452943,0.0,0.0,0.0,0.0,0.0,0.0,1.0
-0.25522691150948734,-0.26130124511522795,-0.2225361671604216,-0.16284389428132517,-0.37034805961188205,-0.8640164649312321,-0.8936943502411376,0.0,0.0,0.0,1.0,0.0,0.0,0.0
4.110607364390021,5.452721006809276,0.47189929209189224,-0.06855608898412105,0.11204013681085402,-0.6842174107830546,-0.6732657355858858,0.0,0.0,0.0,0.0,1.0,0.0,0.0
-0.24607046446758646,-0.26130124511522795,-0.2225361671604216,-0.16284389428132517,-0.37034805961188205,-0.8640164649312321,-0.8936943502411376,0.0,0.0,0.0,1.0,0.0,0.0,0.0
-0.08440935931070952,-0.054770320346872375,-0.1299577115809488,-0.1546058771658806,0.23194337529296935,-0.6842174107830546,-0.6732657355858858,0.0,0.0,0.0,0.0,1.0,0.0,0.0
-0.21210146922405781,-0.26130124511522795,-0.2225361671604216,-0.16284389428132517,-0.37034805961188205,1.881283378844675,1.8272838018489053,0.0,1.0,0.0,0.0,0.0,0.0,0.0
-0.24189550415832595,-0.26130124511522795,-0.2225361671604216,-0.16284389428132517,-0.37034805961188205,0.6389704336430185,0.7683980612559066,1.0,0.0,0.0,0.0,0.0,0.0,0.0
0.22929383733596972,-0.1924576035257761,-0.18973583384190817,-0.16094701511429696,4.295464895820263,1.881283378844675,1.8272838018489053,0.0,1.0,0.0,0.0,0.0,0.0,0.0
-0.2765642796809636,-0.26130124511522795,-0.2225361671604216,-0.16284389428132517,-0.37034805961188205,-0.48757633997091815,-0.4792517157889571,0.0,0.0,0.0,0.0,0.0,1.0,0.0
-0.21342986568609523,-0.1924576035257761,-0.13345123820658927,-0.0007699698503453165,0.26069598148189443,0.5755188193849565,0.5336296265452943,0.0,0.0,0.0,0.0,0.0,0.0,1.0
-0.19919704644997988,-0.26130124511522795,-0.2225361671604216,-0.16284389428132517,-0.37034805961188205,0.5755188193849565,0.5336296265452943,0.0,0.0,0.0,0.0,0.0,0.0,1.0
0.0413257379576729,-0.1924576035257761,-0.17090960702595667,-0.159978712921704,2.5824148849853588,1.881283378844675,1.8272838018489053,0.0,1.0,0.0,0.0,0.0,0.0,0.0
-0.22174420425652597,-0.26130124511522795,-0.2225361671604216,-0.16284389428132517,-0.37034805961188205,0.5755188193849565,0.5336296265452943,0.0,0.0,0.0,0.0,0.0,0.0,1.0
-0.17648383908567913,-0.26130124511522795,-0.2225361671604216,-0.16284389428132517,-0.37034805961188205,-0.48757633997091815,-0.4792517157889571,0.0,0.0,0.0,0.0,0.0,1.0,0.0
-0.10198689106731199,-0.26130124511522795,-0.2225361671604216,-0.16284389428132517,-0.37034805961188205,0.5755188193849565,0.5336296265452943,0.0,0.0,0.0,0.0,0.0,0.0,1.0
-0.2663047891482638,-0.26130124511522795,-0.2225361671604216,-0.16284389428132517,-0.37034805961188205,1.881283378844675,1.8272838018489053,0.0,1.0,0.0,0.0,0.0,0.0,0.0
-0.28245903898125474,-0.26130124511522795,-0.2225361671604216,-0.16284389428132517,-0.37034805961188205,-1.1072151855588004,-1.1259153488245126,0.0,0.0,1.0,0.0,0.0,0.0,0.0
-0.23721053449310464,-0.26130124511522795,-0.2225361671604216,-0.16284389428132517,-0.37034805961188205,-0.48757633997091815,-0.4792517157889571,0.0,0.0,0.0,0.0,0.0,1.0,0.0
-0.22065302144842378,-0.26130124511522795,-0.2225361671604216,-0.16284389428132517,-0.37034805961188205,1.881283378844675,1.8272838018489053,0.0,1.0,0.0,0.0,0.0,0.0,0.0
-0.25145521441191676,-0.26130124511522795,-0.2225361671604216,-0.16284389428132517,-0.37034805961188205,0.5755188193849565,0.5336296265452943,0.0,0.0,0.0,0.0,0.0,0.0,1.0
0.8125666303146739,0.2894478876003869,0.4913077733454505,-0.1124623863528739,0.877336696355091,0.6389704336430185,0.7683980612559066,1.0,0.0,0.0,0.0,0.0,0.0,0.0
1.6265652837935045,1.5286334362105203,0.20697352298082228,-0.0950279812339312,0.29887757998378683,-0.6842174107830546,-0.6732657355858858,0.0,0.0,0.0,0.0,1.0,0.0,0.0
-0.206491366308489,-0.054770320346872375,0.1427314500315445,1.5882437221082928,-0.13892200754237616,-0.8640164649312321,-0.8936943502411376,0.0,0.0,0.0,1.0,0.0,0.0,0.0
-0.24977099746897644,-0.26130124511522795,-0.2225361671604216,-0.16284389428132517,-0.37034805961188205,0.6389704336430185,0.7683980612559066,1.0,0.0,0.0,0.0,0.0,0.0,0.0
-0.007421667926022198,-0.12361396193632423,0.0068720812566368025,0.571516488581163,0.8839033160016219,0.5755188193849565,0.5336296265452943,0.0,0.0,0.0,0.0,0.0,0.0,1.0
-0.2804190015574115,-0.26130124511522795,-0.2225361671604216,-0.16284389428132517,-0.37034805961188205,-0.8640164649312321,-0.8936943502411376,0.0,0.0,0.0,1.0,0.0,0.0,0.0
-0.267194340350521,-0.26130124511522795,-0.2225361671604216,-0.16284389428132517,-0.37034805961188205,-0.48757633997091815,-0.4792517157889571,0.0,0.0,0.0,0.0,0.0,1.0,0.0
-0.23394884675149488,-0.054770320346872375,-0.03369164456329992,-0.14897979314430213,-0.22233339015811743,-0.48757633997091815,-0.4792517157889571,0.0,0.0,0.0,0.0,0.0,1.0,0.0
-0.1973705013146784,-0.1924576035257761,-0.18197244134048488,-0.1598992624853887,0.4070532325337912,-0.8640164649312321,-0.8936943502411376,0.0,0.0,0.0,1.0,0.0,0.0,0.0
-0.26628106778287025,-0.26130124511522795,-0.2225361671604216,-0.16284389428132517,-0.37034805961188205,-0.6842174107830546,-0.6732657355858858,0.0,0.0,0.0,0.0,1.0,0.0,0.0
-0.1473184203343394,-0.26130124511522795,-0.2225361671604216,-0.16284389428132517,-0.37034805961188205,-0.48757633997091815,-0.4792517157889571,0.0,0.0,0.0,0.0,0.0,1.0,0.0
-0.2694004273321189,-0.26130124511522795,-0.2225361671604216,-0.16284389428132517,-0.37034805961188205,-0.48757633997091815,-0.4792517157889571,0.0,0.0,0.0,0.0,0.0,1.0,0.0
-0.21224379741641897,-0.054770320346872375,0.2341453967358038,-0.13267259109058302,-0.15639696243163514,-0.48757633997091815,-0.4792517157889571,0.0,0.0,0.0,0.0,0.0,1.0,0.0
-0.282447178298558,-0.26130124511522795,-0.2225361671604216,-0.16284389428132517,-0.37034805961188205,-1.1072151855588004,-1.1259153488245126,0.0,0.0,1.0,0.0,0.0,0.0,0.0
0.28348529657747895,0.014073321242579479,0.19183490760304683,0.08394902352313266,0.9195738424766041,1.881283378844675,1.8272838018489053,0.0,1.0,0.0,0.0,0.0,0.0,0.0
-0.2749393661515071,-0.26130124511522795,-0.2225361671604216,-0.16284389428132517,-0.37034805961188205,-0.48757633997091815,-0.4792517157889571,0.0,0.0,0.0,0.0,0.0,1.0,0.0
-0.22798292335502318,-0.26130124511522795,-0.2225361671604216,-0.16284389428132517,-0.37034805961188205,0.5755188193849565,0.5336296265452943,0.0,0.0,0.0,0.0,0.0,0.0,1.0
-0.17006720974673045,-0.26130124511522795,-0.2225361671604216,-0.16284389428132517,-0.37034805961188205,1.881283378844675,1.8272838018489053,0.0,1.0,0.0,0.0,0.0,0.0,0.0
0.132226010145663,-0.26130124511522795,-0.2225361671604216,-0.16284389428132517,-0.37034805961188205,1.881283378844675,1.8272838018489053,0.0,1.0,0.0,0.0,0.0,0.0,0.0
0.12097022226643508,0.014073321242579479,-0.027092760937090118,1.809220213762542,0.5493029684158416,0.5755188193849565,0.5336296265452943,0.0,0.0,0.0,0.0,0.0,0.0,1.0
-0.2457739474001674,-0.26130124511522795,-0.2225361671604216,-0.16284389428132517,-0.37034805961188205,-0.6842174107830546,-0.6732657355858858,0.0,0.0,0.0,0.0,1.0,0.0,0.0
-0.1409017909953907,-0.1924576035257761,-0.03330347493822876,-0.14329412129548713,0.9216816463137621,0.6389704336430185,0.7683980612559066,1.0,0.0,0.0,0.0,0.0,0.0,0.0
-0.27830780003738775,-0.26130124511522795,-0.2225361671604216,-0.16284389428132517,-0.37034805961188205,-1.1072151855588004,-1.1259153488245126,0.0,0.0,1.0,0.0,0.0,0.0,0.0
-0.26941228801481565,-0.26130124511522795,-0.2225361671604216,-0.16284389428132517,-0.37034805961188205,-0.48757633997091815,-0.4792517157889571,0.0,0.0,0.0,0.0,0.0,1.0,0.0
-0.226642666210289,-0.1924576035257761,-0.1643107233997469,0.36786019204365333,0.140280931502712,-0.8640164649312321,-0.8936943502411376,0.0,0.0,0.0,1.0,0.0,0.0,0.0
-0.2700290435150473,-0.26130124511522795,-0.2225361671604216,-0.16284389428132517,-0.37034805961188205,-1.1072151855588004,-1.1259153488245126,0.0,0.0,1.0,0.0,0.0,0.0,0.0
-0.13765196393647772,-0.26130124511522795,-0.2225361671604216,-0.16284389428132517,-0.37034805961188205,0.5755188193849565,0.5336296265452943,0.0,0.0,0.0,0.0,0.0,0.0,1.0
-0.18909174479233798,-0.26130124511522795,-0.2225361671604216,-0.16284389428132517,-0.37034805961188205,-0.6842174107830546,-0.6732657355858858,0.0,0.0,0.0,0.0,1.0,0.0,0.0
-0.1512087242588776,0.1517606044214832,-0.21457868984646272,-0.16217849687718439,-0.17066517302162804,-0.6842174107830546,-0.6732657355858858,0.0,0.0,0.0,0.0,1.0,0.0,0.0
-0.2723655980063096,-0.054770320346872375,-0.1419909699581549,-0.14295149128887732,-0.3390372641505088,-1.1072151855588004,-1.1259153488245126,0.0,0.0,1.0,0.0,0.0,0.0,0.0
-0.246343260169612,-0.26130124511522795,-0.2225361671604216,-0.16284389428132517,-0.37034805961188205,-1.1072151855588004,-1.1259153488245126,0.0,0.0,1.0,0.0,0.0,0.0,0.0
-0.27936340079739963,-0.26130124511522795,-0.2225361671604216,-0.16284389428132517,-0.37034805961188205,-0.48757633997091815,-0.4792517157889571,0.0,0.0,0.0,0.0,0.0,1.0,0.0
-0.26954275552448004,-0.26130124511522795,-0.2225361671604216,-0.16284389428132517,-0.37034805961188205,1.881283378844675,1.8272838018489053,0.0,1.0,0.0,0.0,0.0,0.0,0.0
0.8305474252829663,-0.26130124511522795,-0.2225361671604216,-0.16284389428132517,-0.37034805961188205,0.6389704336430185,0.7683980612559066,1.0,0.0,0.0,0.0,0.0,0.0,0.0
-0.2567688002600665,-0.1924576035257761,-0.1619817056493199,-0.16048024380094447,-0.1342740298501815,-1.1072151855588004,-1.1259153488245126,0.0,0.0,1.0,0.0,0.0,0.0,0.0
-0.22612079617163142,-0.12361396193632423,-0.15150112577239844,-0.15720787895520727,-0.11265552895625289,-0.8640164649312321,-0.8936943502411376,0.0,0.0,0.0,1.0,0.0,0.0,0.0
-0.27476145591105566,-0.26130124511522795,-0.2225361671604216,-0.16284389428132517,-0.37034805961188205,-0.6842174107830546,-0.6732657355858858,0.0,0.0,0.0,0.0,1.0,0.0,0.0
-0.10855770928131858,-0.26130124511522795,-0.2225361671604216,-0.16284389428132517,-0.37034805961188205,1.881283378844675,1.8272838018489053,0.0,1.0,0.0,0.0,0.0,0.0,0.0
-0.05675024726185868,-0.26130124511522795,-0.2225361671604216,-0.16284389428132517,-0.37034805961188205,0.6389704336430185,0.7683980612559066,1.0,0.0,0.0,0.0,0.0,0.0,0.0
-0.21838763105334208,-0.26130124511522795,-0.2225361671604216,-0.16284389428132517,-0.37034805961188205,-0.48757633997091815,-0.4792517157889571,0.0,0.0,0.0,0.0,0.0,1.0,0.0
-0.2818304227983263,-0.26130124511522795,-0.2225361671604216,-0.16284389428132517,-0.37034805961188205,-1.1072151855588004,-1.1259153488245126,0.0,0.0,1.0,0.0,0.0,0.0,0.0
-0.2698155512265056,0.08291696283203133,0.08605868477115443,-0.09010205418238146,-0.3469136046428634,-1.1072151855588004,-1.1259153488245126,0.0,0.0,1.0,0.0,0.0,0.0,0.0
-0.2714286040732653,-0.26130124511522795,-0.2225361671604216,-0.16284389428132517,-0.37034805961188205,0.5755188193849565,0.5336296265452943,0.0,0.0,0.0,0.0,0.0,0.0,1.0
-0.27286374667957364,-0.26130124511522795,-0.2225361671604216,-0.16284389428132517,-0.37034805961188205,-0.8640164649312321,-0.8936943502411376,0.0,0.0,0.0,1.0,0.0,0.0,0.0
-0.23751891224322047,-0.1924576035257761,-0.09055849463622556,0.8074197309581526,0.04116010490404926,-0.8640164649312321,-0.8936943502411376,0.0,0.0,0.0,1.0,0.0,0.0,0.0
-0.03595847049443349,-0.1924576035257761,-0.19012400346697933,-0.16091722120067872,1.8780841258611645,-0.6842174107830546,-0.6732657355858858,0.0,0.0,0.0,0.0,1.0,0.0,0.0
-0.2801106238072957,-0.26130124511522795,-0.2225361671604216,-0.16284389428132517,-0.37034805961188205,-0.8640164649312321,-0.8936943502411376,0.0,0.0,0.0,1.0,0.0,0.0,0.0
-0.28167623392326835,-0.26130124511522795,-0.2225361671604216,-0.16284389428132517,-0.37034805961188205,-1.1072151855588004,-1.1259153488245126,0.0,0.0,1.0,0.0,0.0,0.0,0.0
-0.11847324001581228,-0.1924576035257761,-0.1631462145245334,-0.15907496420861728,1.1260845722658572,-0.48757633997091815,-0.4792517157889571,0.0,0.0,0.0,0.0,0.0,1.0,0.0
-0.20985980019436964,-0.054770320346872375,-0.04339588519007904,-0.13955995078866718,-0.14915476463216906,-1.1072151855588004,-1.1259153488245126,0.0,0.0,1.0,0.0,0.0,0.0,0.0
-0.21239798629147688,-0.1924576035257761,-0.20157500740657872,-0.15865288376569214,0.2701000293707534,0.5755188193849565,0.5336296265452943,0.0,0.0,0.0,0.0,0.0,0.0,1.0
-0.18643495186826312,-0.26130124511522795,-0.2225361671604216,-0.16284389428132517,-0.37034805961188205,-0.6842174107830546,-0.6732657355858858,0.0,0.0,0.0,0.0,1.0,0.0,0.0
-0.27204535957349696,-0.26130124511522795,-0.2225361671604216,-0.16284389428132517,-0.37034805961188205,-1.1072151855588004,-1.1259153488245126,0.0,0.0,1.0,0.0,0.0,0.0,0.0
-0.27562728574791934,-0.26130124511522795,-0.2225361671604216,-0.16284389428132517,-0.37034805961188205,1.881283378844675,1.8272838018489053,0.0,1.0,0.0,0.0,0.0,0.0,0.0
-0.22602591071005732,-0.12361396193632423,-0.15480056758550334,-0.14479871393320848,-0.11222315893837431,-1.1072151855588004,-1.1259153488245126,0.0,0.0,1.0,0.0,0.0,0.0,0.0
-0.2263224277774764,-0.1924576035257761,-0.17226820071370577,-0.15950697595608182,0.14319942912339237,-0.8640164649312321,-0.8936943502411376,0.0,0.0,0.0,1.0,0.0,0.0,0.0
3.9628351186710535,1.7351643609788758,1.2057339682889294,0.07724042730675795,0.9638414503846632,1.881283378844675,1.8272838018489053,0.0,1.0,0.0,0.0,0.0,0.0,0.0
1.3875843881364311,0.77135337872655,2.4424423937656607,0.04350378578636587,0.6444459908500215,0.6389704336430185,0.7683980612559066,1.0,0.0,0.0,0.0,0.0,0.0,0.0
-0.011264529119773345,0.42713517077929064,0.0047371483187453964,-0.12232417176051279,-0.12299998163399771,-0.6842174107830546,-0.6732657355858858,0.0,0.0,0.0,0.0,1.0,0.0,0.0
-0.18151276854910656,-0.26130124511522795,-0.2225361671604216,-0.16284389428132517,-0.37034805961188205,-0.6842174107830546,-0.6732657355858858,0.0,0.0,0.0,0.0,1.0,0.0,0.0
0.48821254060630165,-0.1924576035257761,-0.15945860308635731,-0.1580321772319787,6.655124268392572,1.881283378844675,1.8272838018489053,0.0,1.0,0.0,0.0,0.0,0.0,0.0
-0.1986514550459288,-0.26130124511522795,-0.2225361671604216,-0.16284389428132517,-0.37034805961188205,1.881283378844675,1.8272838018489053,0.0,1.0,0.0,0.0,0.0,0.0,0.0
-0.2757103105267967,-0.26130124511522795,-0.2225361671604216,-0.16284389428132517,-0.37034805961188205,-1.1072151855588004,-1.1259153488245126,0.0,0.0,1.0,0.0,0.0,0.0,0.0
-0.1321486071651798,-0.26130124511522795,-0.2225361671604216,-0.16284389428132517,-0.37034805961188205,-0.48757633997091815,-0.4792517157889571,0.0,0.0,0.0,0.0,0.0,1.0,0.0
-0.007789349089621844,-0.26130124511522795,-0.2225361671604216,-0.16284389428132517,-0.37034805961188205,1.881283378844675,1.8272838018489053,0.0,1.0,0.0,0.0,0.0,0.0,0.0
-0.1408780696299972,-0.26130124511522795,-0.2225361671604216,-0.16284389428132517,-0.37034805961188205,1.881283378844675,1.8272838018489053,0.0,1.0,0.0,0.0,0.0,0.0,0.0
-0.19225854707237364,-0.26130124511522795,-0.2225361671604216,-0.16284389428132517,-0.37034805961188205,-0.48757633997091815,-0.4792517157889571,0.0,0.0,0.0,0.0,0.0,1.0,0.0
-0.21962114205380542,0.42713517077929064,0.1990160456668634,0.2806285786217034,-0.3128860842358198,-1.1072151855588004,-1.1259153488245126,0.0,0.0,1.0,0.0,0.0,0.0,0.0
0.23451253772254535,-0.054770320346872375,-0.06552155381913544,0.501883146803056,1.2007764928543807,0.5755188193849565,0.5336296265452943,0.0,0.0,0.0,0.0,0.0,0.0,1.0
-0.2606591041846047,-0.26130124511522795,-0.2225361671604216,-0.16284389428132517,-0.37034805961188205,-1.1072151855588004,-1.1259153488245126,0.0,0.0,1.0,0.0,0.0,0.0,0.0
0.504497257948957,-0.26130124511522795,-0.2225361671604216,-0.16284389428132517,-0.37034805961188205,0.6389704336430185,0.7683980612559066,1.0,0.0,0.0,0.0,0.0,0.0,0.0
-0.25367316207621143,-0.26130124511522795,-0.2225361671604216,-0.16284389428132517,-0.37034805961188205,-0.6842174107830546,-0.6732657355858858,0.0,0.0,0.0,0.0,1.0,0.0,0.0
-0.19362252558250137,-0.26130124511522795,-0.2225361671604216,-0.16284389428132517,-0.37034805961188205,0.5755188193849565,0.5336296265452943,0.0,0.0,0.0,0.0,0.0,0.0,1.0
-0.2298569112211117,-0.26130124511522795,-0.2225361671604216,-0.16284389428132517,-0.37034805961188205,-0.6842174107830546,-0.6732657355858858,0.0,0.0,0.0,0.0,1.0,0.0,0.0
-0.04628912512331389,-0.1924576035257761,-0.1695510133382076,-0.15912958638358404,1.7839355544681053,1.881283378844675,1.8272838018489053,0.0,1.0,0.0,0.0,0.0,0.0,0.0
-0.04121275292909941,1.253258869852713,0.4736460554047125,-0.0334340304804806,-0.2703231866122005,-1.1072151855588004,-1.1259153488245126,0.0,0.0,1.0,0.0,0.0,0.0,0.0
-0.2362379585119701,-0.26130124511522795,-0.2225361671604216,-0.16284389428132517,-0.37034805961188205,-0.8640164649312321,-0.8936943502411376,0.0,0.0,0.0,1.0,0.0,0.0,0.0
1.0700501909786975,1.1844152282632612,0.017352661133558253,-0.10934892237976734,0.21670233216274967,-0.6842174107830546,-0.6732657355858858,0.0,0.0,0.0,0.0,1.0,0.0,0.0
-0.25133660758494913,-0.26130124511522795,-0.2225361671604216,-0.16284389428132517,-0.37034805961188205,-1.1072151855588004,-1.1259153488245126,0.0,0.0,1.0,0.0,0.0,0.0,0.0
-0.1051418326646509,-0.26130124511522795,-0.2225361671604216,-0.16284389428132517,-0.37034805961188205,0.5755188193849565,0.5336296265452943,0.0,0.0,0.0,0.0,0.0,0.0,1.0
-0.044260948382167445,-0.054770320346872375,-0.2225361671604216,-0.16284389428132517,0.35390775116955,-0.6842174107830546,-0.6732657355858858,0.0,0.0,0.0,0.0,1.0,0.0,0.0
-0.27125069383281386,-0.26130124511522795,-0.2225361671604216,-0.16284389428132517,-0.37034805961188205,-0.8640164649312321,-0.8936943502411376,0.0,0.0,0.0,1.0,0.0,0.0,0.0
-0.06948862047818193,-0.12361396193632423,-0.09346976682425931,-0.15650772198517854,0.6010792780568006,-0.48757633997091815,-0.4792517157889571,0.0,0.0,0.0,0.0,0.0,1.0,0.0
0.06305450865814234,-0.12361396193632423,0.4536553197135475,-0.131247448889177,1.2050461467809315,0.6389704336430185,0.7683980612559066,1.0,0.0,0.0,0.0,0.0,0.0,0.0
0.1300199231640651,-0.1924576035257761,-0.11074331513992614,-0.1566120006828424,3.3907306334093503,1.881283378844675,1.8272838018489053,0.0,1.0,0.0,0.0,0.0,0.0,0.0
-0.26966136235144766,-0.26130124511522795,-0.2225361671604216,-0.16284389428132517,-0.37034805961188205,0.5755188193849565,0.5336296265452943,0.0,0.0,0.0,0.0,0.0,0.0,1.0
-0.009485426715258925,-0.26130124511522795,-0.2225361671604216,-0.16284389428132517,-0.37034805961188205,0.6389704336430185,0.7683980612559066,1.0,0.0,0.0,0.0,0.0,0.0,0.0
-0.1944053306404877,-0.26130124511522795,-0.2225361671604216,-0.16284389428132517,-0.37034805961188205,-0.48757633997091815,-0.4792517157889571,0.0,0.0,0.0,0.0,0.0,1.0,0.0
0.1463165011894172,0.7025097371370981,0.5295424814149602,4.4371476735893625,-0.09109107431455908,-0.8640164649312321,-0.8936943502411376,0.0,0.0,0.0,1.0,0.0,0.0,0.0
-0.21740319438951078,-0.1924576035257761,-0.21904264053478112,-0.16228774122711795,0.224484992484564,-0.6842174107830546,-0.6732657355858858,0.0,0.0,0.0,0.0,1.0,0.0,0.0
-0.2135010297822758,-0.26130124511522795,-0.2225361671604216,-0.16284389428132517,-0.37034805961188205,-0.48757633997091815,-0.4792517157889571,0.0,0.0,0.0,0.0,0.0,1.0,0.0
-0.16222729848417022,-0.26130124511522795,-0.2225361671604216,-0.16284389428132517,-0.37034805961188205,1.881283378844675,1.8272838018489053,0.0,1.0,0.0,0.0,0.0,0.0,0.0
-0.22980946849032466,-0.1924576035257761,-0.19012400346697933,-0.16027665205788647,0.11142023280931729,-0.8640164649312321,-0.8936943502411376,0.0,0.0,0.0,1.0,0.0,0.0,0.0
-0.27407353631464343,-0.26130124511522795,-0.2225361671604216,-0.16284389428132517,-0.37034805961188205,-0.48757633997091815,-0.4792517157889571,0.0,0.0,0.0,0.0,0.0,1.0,0.0
0.25175797036363845,0.014073321242579479,0.008812929381992627,-0.13646138377236977,0.8472869801125302,1.881283378844675,1.8272838018489053,0.0,1.0,0.0,0.0,0.0,0.0,0.0
-0.18214138473203498,1.1155715866738092,0.5116866786616866,0.018372619649376715,-0.3245384562176473,-1.1072151855588004,-1.1259153488245126,0.0,0.0,1.0,0.0,0.0,0.0,0.0
-0.20123708387382308,-0.26130124511522795,-0.2225361671604216,-0.16284389428132517,-0.37034805961188205,0.6389704336430185,0.7683980612559066,1.0,0.0,0.0,0.0,0.0,0.0,0.0
0.017841586218082562,-0.1924576035257761,-0.13966195220772792,-0.15833011636816116,2.3683917261354654,0.6389704336430185,0.7683980612559066,1.0,0.0,0.0,0.0,0.0,0.0,0.0
0.39897276399585835,0.1517606044214832,0.3434151461933367,4.949722163477639,0.6650159944505946,0.5755188193849565,0.5336296265452943,0.0,0.0,0.0,0.0,0.0,0.0,1.0
-0.013529919514855038,-0.1924576035257761,-0.1687746740880653,-0.15916434594947199,2.0824870518132594,1.881283378844675,1.8272838018489053,0.0,1.0,0.0,0.0,0.0,0.0,0.0
-0.10706326326152646,-0.054770320346872375,-0.161011281586642,-0.1555443854448553,0.16312448078062988,-0.6842174107830546,-0.6732657355858858,0.0,0.0,0.0,0.0,1.0,0.0,0.0
-0.2784145461816586,-0.26130124511522795,-0.2225361671604216,-0.16284389428132517,-0.37034805961188205,-0.48757633997091815,-0.4792517157889571,0.0,0.0,0.0,0.0,0.0,1.0,0.0
-0.254693180788133,-0.26130124511522795,-0.2225361671604216,-0.16284389428132517,-0.37034805961188205,-0.8640164649312321,-0.8936943502411376,0.0,0.0,0.0,1.0,0.0,0.0,0.0
0.13236833833802414,-0.1924576035257761,-0.1553828220231101,-0.0691867268223739,3.4121329492943393,0.5755188193849565,0.5336296265452943,0.0,0.0,0.0,0.0,0.0,0.0,1.0
0.16230470146465345,-0.054770320346872375,0.20309182673011061,-0.14090564255375787,0.9814207704506515,0.6389704336430185,0.7683980612559066,1.0,0.0,0.0,0.0,0.0,0.0,0.0
-0.18746683126288147,-0.26130124511522795,-0.2225361671604216,-0.16284389428132517,-0.37034805961188205,1.881283378844675,1.8272838018489053,0.0,1.0,0.0,0.0,0.0,0.0,0.0
-0.2797785246917863,-0.26130124511522795,-0.2225361671604216,-0.16284389428132517,-0.37034805961188205,1.881283378844675,1.8272838018489053,0.0,1.0,0.0,0.0,0.0,0.0,0.0
-0.25272430746047037,-0.26130124511522795,-0.2225361671604216,-0.16284389428132517,-0.37034805961188205,-0.6842174107830546,-0.6732657355858858,0.0,0.0,0.0,0.0,1.0,0.0,0.0
-0.2580023112605298,-0.26130124511522795,-0.2225361671604216,-0.16284389428132517,-0.37034805961188205,0.5755188193849565,0.5336296265452943,0.0,0.0,0.0,0.0,0.0,0.0,1.0
-0.1772547834609687,-0.26130124511522795,-0.2225361671604216,-0.16284389428132517,-0.37034805961188205,0.6389704336430185,0.7683980612559066,1.0,0.0,0.0,0.0,0.0,0.0,0.0
-0.28210321850035186,-0.26130124511522795,-0.2225361671604216,-0.16284389428132517,-0.37034805961188205,0.5755188193849565,0.5336296265452943,0.0,0.0,0.0,0.0,0.0,0.0,1.0
-0.2737888799299211,-0.26130124511522795,-0.2225361671604216,-0.16284389428132517,-0.37034805961188205,0.6389704336430185,0.7683980612559066,1.0,0.0,0.0,0.0,0.0,0.0,0.0
0.4136562891744507,0.08291696283203133,0.20619718373067994,2.0041319966530966,0.8988525093697735,0.5755188193849565,0.5336296265452943,0.0,0.0,0.0,0.0,0.0,0.0,1.0
-0.2733856167182312,-0.26130124511522795,-0.2225361671604216,-0.16284389428132517,-0.37034805961188205,-1.1072151855588004,-1.1259153488245126,0.0,0.0,1.0,0.0,0.0,0.0,0.0
-0.2530326852105862,-0.26130124511522795,-0.2225361671604216,-0.16284389428132517,-0.37034805961188205,0.5755188193849565,0.5336296265452943,0.0,0.0,0.0,0.0,0.0,0.0,1.0
3.8136751730765646,2.0105389273366834,1.778090080456362,12.204744714393666,0.760928438984772,0.5755188193849565,0.5336296265452943,0.0,0.0,0.0,0.0,0.0,0.0,1.0
-0.18912732684042827,-0.26130124511522795,-0.2225361671604216,-0.16284389428132517,-0.37034805961188205,-0.6842174107830546,-0.6732657355858858,0.0,0.0,0.0,0.0,1.0,0.0,0.0
-0.2760542703250028,-0.26130124511522795,-0.2225361671604216,-0.16284389428132517,-0.37034805961188205,-0.8640164649312321,-0.8936943502411376,0.0,0.0,0.0,1.0,0.0,0.0,0.0
-0.2721995484485549,-0.26130124511522795,-0.2225361671604216,-0.16284389428132517,-0.37034805961188205,-1.1072151855588004,-1.1259153488245126,0.0,0.0,1.0,0.0,0.0,0.0,0.0
-0.17440821961374564,-0.26130124511522795,-0.2225361671604216,-0.16284389428132517,-0.37034805961188205,0.5755188193849565,0.5336296265452943,0.0,0.0,0.0,0.0,0.0,0.0,1.0
-0.1524778173074312,-0.26130124511522795,-0.2225361671604216,-0.16284389428132517,-0.37034805961188205,-0.6842174107830546,-0.6732657355858858,0.0,0.0,0.0,0.0,1.0,0.0,0.0
-0.28207949713495833,-0.26130124511522795,-0.2225361671604216,-0.16284389428132517,-0.37034805961188205,-1.1072151855588004,-1.1259153488245126,0.0,0.0,1.0,0.0,0.0,0.0,0.0
-0.0938504627373327,-0.1924576035257761,-0.18333103502823395,-0.160505072062293,1.3504846115448363,0.5755188193849565,0.5336296265452943,0.0,0.0,0.0,0.0,0.0,0.0,1.0
-0.2812492493461849,-0.26130124511522795,-0.2225361671604216,-0.16284389428132517,-0.37034805961188205,-0.8640164649312321,-0.8936943502411376,0.0,0.0,0.0,1.0,0.0,0.0,0.0
-0.2731365423815992,-0.26130124511522795,-0.2225361671604216,-0.16284389428132517,-0.37034805961188205,0.5755188193849565,0.5336296265452943,0.0,0.0,0.0,0.0,0.0,0.0,1.0
-0.24914238128604801,-0.26130124511522795,-0.2225361671604216,-0.16284389428132517,-0.37034805961188205,-0.6842174107830546,-0.6732657355858858,0.0,0.0,0.0,0.0,1.0,0.0,0.0
-0.14829099631547396,-0.26130124511522795,-0.2225361671604216,-0.16284389428132517,-0.37034805961188205,-0.8640164649312321,-0.8936943502411376,0.0,0.0,0.0,1.0,0.0,0.0,0.0
-0.1385177937733414,-0.26130124511522795,-0.2225361671604216,-0.16284389428132517,-0.37034805961188205,1.881283378844675,1.8272838018489053,0.0,1.0,0.0,0.0,0.0,0.0,0.0
-0.26618618232129615,-0.26130124511522795,-0.2225361671604216,-0.16284389428132517,-0.37034805961188205,-1.1072151855588004,-1.1259153488245126,0.0,0.0,1.0,0.0,0.0,0.0,0.0
-0.2782010538931169,-0.26130124511522795,-0.2225361671604216,-0.16284389428132517,-0.37034805961188205,1.881283378844675,1.8272838018489053,0.0,1.0,0.0,0.0,0.0,0.0,0.0
-0.28116622456730755,-0.26130124511522795,-0.2225361671604216,-0.16284389428132517,-0.37034805961188205,-0.6842174107830546,-0.6732657355858858,0.0,0.0,0.0,0.0,1.0,0.0,0.0
-0.23169531703910995,0.2894478876003869,0.1997923849170057,-0.13733037291956857,-0.3122753615855663,-1.1072151855588004,-1.1259153488245126,0.0,0.0,1.0,0.0,0.0,0.0,0.0
-0.1823548770205767,-0.1924576035257761,-0.17653806658948856,-0.15706387503938576,0.5438983431923594,-0.48757633997091815,-0.4792517157889571,0.0,0.0,0.0,0.0,0.0,1.0,0.0
-0.2485730685166034,-0.26130124511522795,-0.2225361671604216,-0.16284389428132517,-0.37034805961188205,0.6389704336430185,0.7683980612559066,1.0,0.0,0.0,0.0,0.0,0.0,0.0
-0.17829852353828382,-0.26130124511522795,-0.2225361671604216,-0.16284389428132517,-0.37034805961188205,-0.48757633997091815,-0.4792517157889571,0.0,0.0,0.0,0.0,0.0,1.0,0.0
-0.2746902918148751,-0.26130124511522795,-0.2225361671604216,-0.16284389428132517,-0.37034805961188205,-0.8640164649312321,-0.8936943502411376,0.0,0.0,0.0,1.0,0.0,0.0,0.0
0.4998834523799162,2.148226210515587,0.4105684913306482,-0.09796268172532828,-0.16658133525752256,0.5755188193849565,0.5336296265452943,0.0,0.0,0.0,0.0,0.0,0.0,1.0
2.260518773935476,0.5648224539581944,0.8705494970399786,0.010551717324587559,1.561102856503936,0.6389704336430185,0.7683980612559066,1.0,0.0,0.0,0.0,0.0,0.0,0.0
-0.24514533121723897,-0.26130124511522795,-0.2225361671604216,-0.16284389428132517,-0.37034805961188205,1.881283378844675,1.8272838018489053,0.0,1.0,0.0,0.0,0.0,0.0,0.0
-0.2716776784098973,-0.26130124511522795,-0.2225361671604216,-0.16284389428132517,-0.37034805961188205,-0.8640164649312321,-0.8936943502411376,0.0,0.0,0.0,1.0,0.0,0.0,0.0
0.05908117995472681,0.3582915291898388,0.15204752103325245,-0.1339437980716281,-0.024283901413182377,-0.8640164649312321,-0.8936943502411376,0.0,0.0,0.0,1.0,0.0,0.0,0.0
-0.2725197868813675,-0.26130124511522795,-0.2225361671604216,-0.16284389428132517,-0.37034805961188205,-1.1072151855588004,-1.1259153488245126,0.0,0.0,1.0,0.0,0.0,0.0,0.0
-0.17274772403619884,-0.26130124511522795,-0.2225361671604216,-0.16284389428132517,-0.37034805961188205,0.5755188193849565,0.5336296265452943,0.0,0.0,0.0,0.0,0.0,0.0,1.0
-0.24514533121723897,-0.26130124511522795,-0.2225361671604216,-0.16284389428132517,-0.37034805961188205,0.5755188193849565,0.5336296265452943,0.0,0.0,0.0,0.0,0.0,0.0,1.0
-0.24703117976602423,-0.26130124511522795,-0.2225361671604216,-0.16284389428132517,-0.37034805961188205,0.5755188193849565,0.5336296265452943,0.0,0.0,0.0,0.0,0.0,0.0,1.0
-0.24528765940960012,-0.26130124511522795,-0.2225361671604216,-0.16284389428132517,-0.37034805961188205,-1.1072151855588004,-1.1259153488245126,0.0,0.0,1.0,0.0,0.0,0.0,0.0
-0.22377238099767238,-0.26130124511522795,-0.2225361671604216,-0.16284389428132517,-0.37034805961188205,1.881283378844675,1.8272838018489053,0.0,1.0,0.0,0.0,0.0,0.0,0.0
-0.2189806651881802,-0.26130124511522795,-0.2225361671604216,-0.16284389428132517,-0.37034805961188205,1.881283378844675,1.8272838018489053,0.0,1.0,0.0,0.0,0.0,0.0,0.0
-0.2048308707309422,-0.26130124511522795,-0.2225361671604216,-0.16284389428132517,-0.37034805961188205,0.6389704336430185,0.7683980612559066,1.0,0.0,0.0,0.0,0.0,0.0,0.0
0.10648832869368771,0.7025097371370981,1.2921017098672636,-0.020965277631245317,-0.1170178336009206,-0.48757633997091815,-0.4792517157889571,0.0,0.0,0.0,0.0,0.0,1.0,0.0
-0.2786398991528971,-0.26130124511522795,-0.2225361671604216,-0.16284389428132517,-0.37034805961188205,-0.48757633997091815,-0.4792517157889571,0.0,0.0,0.0,0.0,0.0,1.0,0.0
-0.2648103431284717,-0.26130124511522795,-0.2225361671604216,-0.16284389428132517,-0.37034805961188205,-0.6842174107830546,-0.6732657355858858,0.0,0.0,0.0,0.0,1.0,0.0,0.0
-0.11765485290973564,-0.26130124511522795,-0.2225361671604216,-0.16284389428132517,-0.37034805961188205,0.6389704336430185,0.7683980612559066,1.0,0.0,0.0,0.0,0.0,0.0,0.0
-0.24440996889003966,-0.26130124511522795,-0.2225361671604216,-0.16284389428132517,-0.37034805961188205,0.5755188193849565,0.5336296265452943,0.0,0.0,0.0,0.0,0.0,0.0,1.0
-0.25094520505595597,-0.26130124511522795,-0.2225361671604216,-0.16284389428132517,-0.37034805961188205,1.881283378844675,1.8272838018489053,0.0,1.0,0.0,0.0,0.0,0.0,0.0
-0.21307404520519235,-0.26130124511522795,-0.2225361671604216,-0.16284389428132517,-0.37034805961188205,0.6389704336430185,0.7683980612559066,1.0,0.0,0.0,0.0,0.0,0.0,0.0
-0.23673610718523413,0.014073321242579479,-0.19264710602994192,-0.16019223596930143,-0.2656874921591501,-0.6842174107830546,-0.6732657355858858,0.0,0.0,0.0,0.0,1.0,0.0,0.0
-0.26935298460133184,-0.26130124511522795,-0.2225361671604216,-0.16284389428132517,-0.37034805961188205,-1.1072151855588004,-1.1259153488245126,0.0,0.0,1.0,0.0,0.0,0.0,0.0
0.19180221933150252,-0.26130124511522795,-0.2225361671604216,-0.16284389428132517,-0.37034805961188205,-0.48757633997091815,-0.4792517157889571,0.0,0.0,0.0,0.0,0.0,1.0,0.0
-0.2399977949268439,-0.26130124511522795,-0.2225361671604216,-0.16284389428132517,-0.37034805961188205,0.5755188193849565,0.5336296265452943,0.0,0.0,0.0,0.0,0.0,0.0,1.0
-0.2297027223460538,-0.26130124511522795,-0.2225361671604216,-0.16284389428132517,-0.37034805961188205,-0.8640164649312321,-0.8936943502411376,0.0,0.0,0.0,1.0,0.0,0.0,0.0
-0.21648992182186003,-0.26130124511522795,-0.2225361671604216,-0.16284389428132517,-0.37034805961188205,1.881283378844675,1.8272838018489053,0.0,1.0,0.0,0.0,0.0,0.0,0.0
0.1173645747266192,-0.26130124511522795,-0.2225361671604216,-0.16284389428132517,-0.37034805961188205,0.6389704336430185,0.7683980612559066,1.0,0.0,0.0,0.0,0.0,0.0,0.0
-0.28129669207697194,-0.26130124511522795,-0.2225361671604216,-0.16284389428132517,-0.37034805961188205,0.5755188193849565,0.5336296265452943,0.0,0.0,0.0,0.0,0.0,0.0,1.0
-0.2699697401015635,-0.26130124511522795,-0.2225361671604216,-0.16284389428132517,-0.37034805961188205,-1.1072151855588004,-1.1259153488245126,0.0,0.0,1.0,0.0,0.0,0.0,0.0
-0.25309198862407,-0.26130124511522795,-0.2225361671604216,-0.16284389428132517,-0.37034805961188205,-0.48757633997091815,-0.4792517157889571,0.0,0.0,0.0,0.0,0.0,1.0,0.0
-0.25117055802719446,-0.26130124511522795,-0.2225361671604216,-0.16284389428132517,-0.37034805961188205,-0.6842174107830546,-0.6732657355858858,0.0,0.0,0.0,0.0,1.0,0.0,0.0
-0.24298668696642814,-0.12361396193632423,-0.08997624019861881,-0.1547300184726233,-0.18950929963416915,-0.48757633997091815,-0.4792517157889571,0.0,0.0,0.0,0.0,0.0,1.0,0.0
-0.20401248362486557,-0.26130124511522795,-0.2225361671604216,-0.16284389428132517,-0.37034805961188205,-0.48757633997091815,-0.4792517157889571,0.0,0.0,0.0,0.0,0.0,1.0,0.0
-0.2800394597111151,-0.26130124511522795,-0.2225361671604216,-0.16284389428132517,-0.37034805961188205,-0.6842174107830546,-0.6732657355858858,0.0,0.0,0.0,0.0,1.0,0.0,0.0
-0.2777147659025496,-0.26130124511522795,-0.2225361671604216,-0.16284389428132517,-0.37034805961188205,-0.8640164649312321,-0.8936943502411376,0.0,0.0,0.0,1.0,0.0,0.0,0.0
-0.13882617152345725,0.1517606044214832,0.14991258809536104,0.6834224281312891,-0.15185707724391012,-0.8640164649312321,-0.8936943502411376,0.0,0.0,0.0,1.0,0.0,0.0,0.0
-0.22738988922018505,-0.1924576035257761,-0.2202071494099946,-0.1623225007930059,0.13347110372112447,0.5755188193849565,0.5336296265452943,0.0,0.0,0.0,0.0,0.0,0.0,1.0
-0.2387287018782903,-0.1924576035257761,-0.11190782401513963,-0.15795272679566338,0.030134669448145666,-1.1072151855588004,-1.1259153488245126,0.0,0.0,1.0,0.0,0.0,0.0,0.0
-0.2741091183627337,-0.26130124511522795,-0.2225361671604216,-0.16284389428132517,-0.37034805961188205,0.5755188193849565,0.5336296265452943,0.0,0.0,0.0,0.0,0.0,0.0,1.0
-0.27173698182338113,-0.26130124511522795,-0.2225361671604216,-0.16284389428132517,-0.37034805961188205,0.5755188193849565,0.5336296265452943,0.0,0.0,0.0,0.0,0.0,0.0,1.0
-0.2727214184872125,-0.26130124511522795,-0.2225361671604216,-0.16284389428132517,-0.37034805961188205,-0.6842174107830546,-0.6732657355858858,0.0,0.0,0.0,0.0,1.0,0.0,0.0
-0.10669558209792682,1.8728516441577796,0.7038306430719132,0.5058109777483947,-0.3186135922307177,-1.1072151855588004,-1.1259153488245126,0.0,0.0,1.0,0.0,0.0,0.0,0.0
-0.0800802101263911,0.2894478876003869,0.31624327243835515,-0.12942505450619438,-0.13955705100613533,-0.48757633997091815,-0.4792517157889571,0.0,0.0,0.0,0.0,0.0,1.0,0.0
-0.10545021041476672,-0.12361396193632423,-0.21341418097124923,-0.16187559208873223,0.4372110412808216,-0.6842174107830546,-0.6732657355858858,0.0,0.0,0.0,0.0,1.0,0.0,0.0
0.4731257522160194,9.376808577408031,5.262300635095137,4.469002332899535,-0.3211482120238887,-1.1072151855588004,-1.1259153488245126,0.0,0.0,1.0,0.0,0.0,0.0,0.0
-0.2487035360262678,-0.26130124511522795,-0.2225361671604216,-0.16284389428132517,-0.37034805961188205,-0.48757633997091815,-0.4792517157889571,0.0,0.0,0.0,0.0,0.0,1.0,0.0
-0.2552387721921841,-0.26130124511522795,-0.2225361671604216,-0.16284389428132517,-0.37034805961188205,-0.48757633997091815,-0.4792517157889571,0.0,0.0,0.0,0.0,0.0,1.0,0.0
0.0060757889828938665,-0.12361396193632423,-0.15829409421114382,-0.1439992439177856,0.9454079510448488,-0.48757633997091815,-0.4792517157889571,0.0,0.0,0.0,0.0,0.0,1.0,0.0
-0.2759238028153384,-0.26130124511522795,-0.2225361671604216,-0.16284389428132517,-0.37034805961188205,1.881283378844675,1.8272838018489053,0.0,1.0,0.0,0.0,0.0,0.0,0.0
0.5014016197651019,1.253258869852713,1.5832289286706371,0.023874562364212516,-0.045544823567577636,-0.48757633997091815,-0.4792517157889571,0.0,0.0,0.0,0.0,0.0,1.0,0.0
-0.22217118883360942,-0.26130124511522795,-0.2225361671604216,-0.16284389428132517,-0.37034805961188205,-0.48757633997091815,-0.4792517157889571,0.0,0.0,0.0,0.0,0.0,1.0,0.0
-0.2740853969973402,-0.26130124511522795,-0.2225361671604216,-0.16284389428132517,-0.37034805961188205,-1.1072151855588004,-1.1259153488245126,0.0,0.0,1.0,0.0,0.0,0.0,0.0
-0.08583264123432105,-0.26130124511522795,-0.2225361671604216,-0.16284389428132517,-0.37034805961188205,0.6389704336430185,0.7683980612559066,1.0,0.0,0.0,0.0,0.0,0.0,0.0
-0.28207949713495833,-0.26130124511522795,-0.2225361671604216,-0.16284389428132517,-0.37034805961188205,-0.8640164649312321,-0.8936943502411376,0.0,0.0,0.0,1.0,0.0,0.0,0.0
-0.2707881272076401,-0.26130124511522795,-0.2225361671604216,-0.16284389428132517,-0.37034805961188205,-0.8640164649312321,-0.8936943502411376,0.0,0.0,0.0,1.0,0.0,0.0,0.0
-0.2594493145495349,-0.1924576035257761,-0.2225361671604216,-0.16284389428132517,-0.15870293586032086,-0.6842174107830546,-0.6732657355858858,0.0,0.0,0.0,0.0,1.0,0.0,0.0
-0.15985516194481766,-0.26130124511522795,-0.2225361671604216,-0.16284389428132517,-0.37034805961188205,1.881283378844675,1.8272838018489053,0.0,1.0,0.0,0.0,0.0,0.0,0.0
-0.2737651585645276,-0.12361396193632423,-0.07619621850859247,-0.1389044846890658,-0.3297593241835311,-1.1072151855588004,-1.1259153488245126,0.0,0.0,1.0,0.0,0.0,0.0,0.0
-0.25219057673911605,-0.26130124511522795,-0.2225361671604216,-0.16284389428132517,-0.37034805961188205,1.881283378844675,1.8272838018489053,0.0,1.0,0.0,0.0,0.0,0.0,0.0
-0.23219346571237398,-0.1924576035257761,-0.20079866815643638,-0.16039086206008973,0.08969363941091903,-0.6842174107830546,-0.6732657355858858,0.0,0.0,0.0,0.0,1.0,0.0,0.0
-0.24365088519744685,-0.26130124511522795,-0.2225361671604216,-0.16284389428132517,-0.37034805961188205,0.6389704336430185,0.7683980612559066,1.0,0.0,0.0,0.0,0.0,0.0,0.0
-0.2548592303458877,-0.26130124511522795,-0.2225361671604216,-0.16284389428132517,-0.37034805961188205,-0.48757633997091815,-0.4792517157889571,0.0,0.0,0.0,0.0,0.0,1.0,0.0
-0.22051069325606262,-0.26130124511522795,-0.2225361671604216,-0.16284389428132517,-0.37034805961188205,-0.48757633997091815,-0.4792517157889571,0.0,0.0,0.0,0.0,0.0,1.0,0.0
-0.26319729028171196,-0.26130124511522795,-0.2225361671604216,-0.16284389428132517,-0.37034805961188205,1.881283378844675,1.8272838018489053,0.0,1.0,0.0,0.0,0.0,0.0,0.0
-0.27339747740092796,-0.26130124511522795,-0.2225361671604216,-0.16284389428132517,-0.37034805961188205,-0.8640164649312321,-0.8936943502411376,0.0,0.0,0.0,1.0,0.0,0.0,0.0
0.4075717589510114,0.4959788123687425,-0.1165658595159936,-0.15066811491600263,0.20152024858042258,-0.6842174107830546,-0.6732657355858858,0.0,0.0,0.0,0.0,1.0,0.0,0.0
-0.21337056227261142,-0.1924576035257761,-0.13286898376898254,-0.15791300157750573,0.2612364440042426,-1.1072151855588004,-1.1259153488245126,0.0,0.0,1.0,0.0,0.0,0.0,0.0
-0.23034319921167898,-0.26130124511522795,-0.2225361671604216,-0.16284389428132517,-0.37034805961188205,0.5755188193849565,0.5336296265452943,0.0,0.0,0.0,0.0,0.0,0.0,1.0
-0.03127350082921219,-0.26130124511522795,-0.2225361671604216,-0.16284389428132517,-0.37034805961188205,0.6389704336430185,0.7683980612559066,1.0,0.0,0.0,0.0,0.0,0.0,0.0
-0.2731602637469927,-0.26130124511522795,-0.2225361671604216,-0.16284389428132517,-0.37034805961188205,-0.48757633997091815,-0.4792517157889571,0.0,0.0,0.0,0.0,0.0,1.0,0.0
-0.26437149786869146,-0.26130124511522795,-0.2225361671604216,-0.16284389428132517,-0.37034805961188205,0.5755188193849565,0.5336296265452943,0.0,0.0,0.0,0.0,0.0,0.0,1.0
-0.2712151117847236,-0.1924576035257761,-0.2225361671604216,-0.16284389428132517,-0.26593070029420685,-1.1072151855588004,-1.1259153488245126,0.0,0.0,1.0,0.0,0.0,0.0,0.0
-0.09195275350585067,-0.1924576035257761,-0.2091443150954664,-0.16196000817731726,1.3677794122599793,1.881283378844675,1.8272838018489053,0.0,1.0,0.0,0.0,0.0,0.0,0.0
-0.22798292335502318,-0.26130124511522795,-0.2225361671604216,-0.16284389428132517,-0.37034805961188205,-0.8640164649312321,-0.8936943502411376,0.0,0.0,0.0,1.0,0.0,0.0,0.0
-0.2443981082073429,-0.26130124511522795,-0.2225361671604216,-0.16284389428132517,-0.37034805961188205,-0.48757633997091815,-0.4792517157889571,0.0,0.0,0.0,0.0,0.0,1.0,0.0
-0.2814034382212428,-0.26130124511522795,-0.2225361671604216,-0.16284389428132517,-0.37034805961188205,-1.1072151855588004,-1.1259153488245126,0.0,0.0,1.0,0.0,0.0,0.0,0.0
-0.26254495273338996,-0.26130124511522795,-0.2225361671604216,-0.16284389428132517,-0.37034805961188205,-0.6842174107830546,-0.6732657355858858,0.0,0.0,0.0,0.0,1.0,0.0,0.0
-0.23434024928048805,-0.26130124511522795,-0.2225361671604216,-0.16284389428132517,-0.37034805961188205,-0.48757633997091815,-0.4792517157889571,0.0,0.0,0.0,0.0,0.0,1.0,0.0
-0.18362397006913034,-0.26130124511522795,-0.2225361671604216,-0.16284389428132517,-0.37034805961188205,-0.6842174107830546,-0.6732657355858858,0.0,0.0,0.0,0.0,1.0,0.0,0.0
-0.02790506694333155,-0.054770320346872375,0.0022140457557828248,-0.13606413159079317,0.4035942723907626,0.6389704336430185,0.7683980612559066,1.0,0.0,0.0,0.0,0.0,0.0,0.0
6.033935670497076,1.3221025114421647,2.271259589109277,0.0939101219761657,2.132543280730919,0.6389704336430185,0.7683980612559066,1.0,0.0,0.0,0.0,0.0,0.0,0.0
0.03218115159846879,-0.26130124511522795,-0.2225361671604216,-0.16284389428132517,-0.37034805961188205,1.881283378844675,1.8272838018489053,0.0,1.0,0.0,0.0,0.0,0.0,0.0
0.25112935418071003,-0.12361396193632423,-0.17013326777581436,-0.15215781059691486,2.062057568468497,0.5755188193849565,0.5336296265452943,0.0,0.0,0.0,0.0,0.0,0.0,1.0
-0.22378424168036914,-0.26130124511522795,-0.2225361671604216,-0.16284389428132517,-0.37034805961188205,1.881283378844675,1.8272838018489053,0.0,1.0,0.0,0.0,0.0,0.0,0.0
-0.12604035557634694,-0.26130124511522795,-0.2225361671604216,-0.16284389428132517,-0.37034805961188205,1.881283378844675,1.8272838018489053,0.0,1.0,0.0,0.0,0.0,0.0,0.0
-0.19984938399830182,-0.26130124511522795,-0.2225361671604216,-0.16284389428132517,-0.37034805961188205,0.6389704336430185,0.7683980612559066,1.0,0.0,0.0,0.0,0.0,0.0,0.0
0.07729918857695448,-0.26130124511522795,-0.2225361671604216,-0.16284389428132517,-0.37034805961188205,0.6389704336430185,0.7683980612559066,1.0,0.0,0.0,0.0,0.0,0.0,0.0
-0.2814627416347266,-0.26130124511522795,-0.2225361671604216,-0.16284389428132517,-0.37034805961188205,-0.8640164649312321,-0.8936943502411376,0.0,0.0,0.0,1.0,0.0,0.0,0.0
-0.2696139196206606,-0.26130124511522795,-0.2225361671604216,-0.16284389428132517,-0.37034805961188205,-0.48757633997091815,-0.4792517157889571,0.0,0.0,0.0,0.0,0.0,1.0,0.0
-0.1384229083117673,-0.26130124511522795,-0.2225361671604216,-0.16284389428132517,-0.37034805961188205,0.6389704336430185,0.7683980612559066,1.0,0.0,0.0,0.0,0.0,0.0,0.0
0.2468002049963916,0.1517606044214832,-0.11947713170402735,-0.15125406188382812,0.43387818905967435,-0.6842174107830546,-0.6732657355858858,0.0,0.0,0.0,0.0,1.0,0.0,0.0
0.11748318155358682,-0.054770320346872375,0.3690343414480336,-0.11996052128013207,0.8452602456537245,0.6389704336430185,0.7683980612559066,1.0,0.0,0.0,0.0,0.0,0.0,0.0
-0.239392900109309,-0.12361396193632423,-0.11617768989092245,-0.15664676024873034,-0.1731332852070182,-1.1072151855588004,-1.1259153488245126,0.0,0.0,1.0,0.0,0.0,0.0,0.0
0.11294054008072668,-0.26130124511522795,-0.2225361671604216,-0.16284389428132517,-0.37034805961188205,0.5755188193849565,0.5336296265452943,0.0,0.0,0.0,0.0,0.0,0.0,1.0
-0.1710042036797747,-0.26130124511522795,-0.2225361671604216,-0.16284389428132517,-0.37034805961188205,-0.6842174107830546,-0.6732657355858858,0.0,0.0,0.0,0.0,1.0,0.0,0.0
-0.18979152507144698,-0.26130124511522795,-0.2225361671604216,-0.16284389428132517,-0.37034805961188205,0.5755188193849565,0.5336296265452943,0.0,0.0,0.0,0.0,0.0,0.0,1.0
-0.17950831317335364,-0.26130124511522795,-0.2225361671604216,-0.16284389428132517,-0.37034805961188205,1.881283378844675,1.8272838018489053,0.0,1.0,0.0,0.0,0.0,0.0,0.0
-0.18269883681878282,-0.26130124511522795,-0.2225361671604216,-0.16284389428132517,-0.37034805961188205,0.5755188193849565,0.5336296265452943,0.0,0.0,0.0,0.0,0.0,0.0,1.0
-0.26976810849571853,-0.26130124511522795,-0.2225361671604216,-0.16284389428132517,-0.37034805961188205,-0.6842174107830546,-0.6732657355858858,0.0,0.0,0.0,0.0,1.0,0.0,0.0
-0.14997521325841426,-0.054770320346872375,-0.17440313365159718,0.19908263704856846,0.03276492039024033,-0.8640164649312321,-0.8936943502411376,0.0,0.0,0.0,1.0,0.0,0.0,0.0
-0.2678348172161462,-0.26130124511522795,-0.2225361671604216,-0.16284389428132517,-0.37034805961188205,-0.48757633997091815,-0.4792517157889571,0.0,0.0,0.0,0.0,0.0,1.0,0.0
-0.16361499835969148,-0.26130124511522795,-0.2225361671604216,-0.16284389428132517,-0.37034805961188205,0.5755188193849565,0.5336296265452943,0.0,0.0,0.0,0.0,0.0,0.0,1.0
0.1963330001216659,0.08291696283203133,0.21687184842013696,-0.0659044306720973,0.5027367174903192,0.6389704336430185,0.7683980612559066,1.0,0.0,0.0,0.0,0.0,0.0,0.0
-0.27013578965931817,-0.26130124511522795,-0.2225361671604216,-0.16284389428132517,-0.37034805961188205,-0.48757633997091815,-0.4792517157889571,0.0,0.0,0.0,0.0,0.0,1.0,0.0
-0.15454157609666794,-0.26130124511522795,-0.2225361671604216,-0.16284389428132517,-0.37034805961188205,-0.48757633997091815,-0.4792517157889571,0.0,0.0,0.0,0.0,0.0,1.0,0.0
-0.11100100991685172,5.177346440451469,1.5422770332256293,0.10091169167645314,-0.3505438708815832,-1.1072151855588004,-1.1259153488245126,0.0,0.0,1.0,0.0,0.0,0.0,0.0
-0.1948204545348744,-0.054770320346872375,-0.14334956364590398,-0.15830528810681263,-0.10346766607633322,-0.8640164649312321,-0.8936943502411376,0.0,0.0,0.0,1.0,0.0,0.0,0.0
-0.2530682672586765,-0.1924576035257761,-0.2225361671604216,-0.16284389428132517,-0.10054916845565286,-1.1072151855588004,-1.1259153488245126,0.0,0.0,1.0,0.0,0.0,0.0,0.0
-0.2569822925486082,-0.26130124511522795,-0.2225361671604216,-0.16284389428132517,-0.37034805961188205,-0.8640164649312321,-0.8936943502411376,0.0,0.0,0.0,1.0,0.0,0.0,0.0
0.03973640647630669,-0.054770320346872375,-0.006325685995782801,-0.144009175222325,0.6090781233875542,0.6389704336430185,0.7683980612559066,1.0,0.0,0.0,0.0,0.0,0.0,0.0
-0.1273924734037779,-0.26130124511522795,-0.2225361671604216,-0.16284389428132517,-0.37034805961188205,1.881283378844675,1.8272838018489053,0.0,1.0,0.0,0.0,0.0,0.0,0.0
1.5707014682917517,-0.26130124511522795,-0.2225361671604216,-0.16284389428132517,-0.37034805961188205,0.6389704336430185,0.7683980612559066,1.0,0.0,0.0,0.0,0.0,0.0,0.0
-0.13946664838908243,-0.26130124511522795,-0.2225361671604216,-0.16284389428132517,-0.37034805961188205,1.881283378844675,1.8272838018489053,0.0,1.0,0.0,0.0,0.0,0.0,0.0
0.21534567448457667,-0.26130124511522795,-0.2225361671604216,-0.16284389428132517,-0.37034805961188205,0.6389704336430185,0.7683980612559066,1.0,0.0,0.0,0.0,0.0,0.0,0.0
-0.19356322216901756,-0.26130124511522795,-0.2225361671604216,-0.16284389428132517,-0.37034805961188205,0.5755188193849565,0.5336296265452943,0.0,0.0,0.0,0.0,0.0,0.0,1.0
-0.061577545119441135,-0.26130124511522795,-0.2225361671604216,-0.16284389428132517,-0.37034805961188205,1.881283378844675,1.8272838018489053,0.0,1.0,0.0,0.0,0.0,0.0,0.0
-0.2747140131802686,-0.26130124511522795,-0.2225361671604216,-0.16284389428132517,-0.37034805961188205,1.881283378844675,1.8272838018489053,0.0,1.0,0.0,0.0,0.0,0.0,0.0
-0.24980657951706672,-0.1924576035257761,-0.017194435497775416,0.8792528566917398,-0.070823729726501,-0.8640164649312321,-0.8936943502411376,0.0,0.0,0.0,1.0,0.0,0.0,0.0
-0.28132041344236547,-0.26130124511522795,-0.2225361671604216,-0.16284389428132517,-0.37034805961188205,-1.1072151855588004,-1.1259153488245126,0.0,0.0,1.0,0.0,0.0,0.0,0.0
-0.1157571436782536,-0.26130124511522795,-0.2225361671604216,-0.16284389428132517,-0.37034805961188205,0.5755188193849565,0.5336296265452943,0.0,0.0,0.0,0.0,0.0,0.0,1.0
0.19545530960210547,-0.054770320346872375,-0.022822895061307306,0.15136271873668034,1.082126953781536,0.5755188193849565,0.5336296265452943,0.0,0.0,0.0,0.0,0.0,0.0,1.0
-0.2511824187098912,-0.26130124511522795,-0.2225361671604216,-0.16284389428132517,-0.37034805961188205,-0.48757633997091815,-0.4792517157889571,0.0,0.0,0.0,0.0,0.0,1.0,0.0
-0.28179484075023603,-0.26130124511522795,-0.2225361671604216,-0.16284389428132517,-0.37034805961188205,-0.48757633997091815,-0.4792517157889571,0.0,0.0,0.0,0.0,0.0,1.0,0.0
-0.2362735405600604,-0.26130124511522795,-0.2225361671604216,-0.16284389428132517,-0.37034805961188205,0.6389704336430185,0.7683980612559066,1.0,0.0,0.0,0.0,0.0,0.0,0.0
-0.19409695289037188,-0.26130124511522795,-0.2225361671604216,-0.16284389428132517,-0.37034805961188205,1.881283378844675,1.8272838018489053,0.0,1.0,0.0,0.0,0.0,0.0,0.0
2.2676826262843206,0.4959788123687425,0.18737095691472844,-0.032570006985551514,1.7426245645780705,1.881283378844675,1.8272838018489053,0.0,1.0,0.0,0.0,0.0,0.0,0.0
-0.18957803278290525,-0.26130124511522795,-0.2225361671604216,-0.16284389428132517,-0.37034805961188205,-0.6842174107830546,-0.6732657355858858,0.0,0.0,0.0,0.0,1.0,0.0,0.0
-0.08981783062043336,-0.1924576035257761,-0.2060389580948971,-0.16080301119847543,1.387236063064515,0.5755188193849565,0.5336296265452943,0.0,0.0,0.0,0.0,0.0,0.0,1.0
0.828210870791704,0.2894478876003869,0.43676994102295186,0.1314752813965022,0.8951584480295235,1.881283378844675,1.8272838018489053,0.0,1.0,0.0,0.0,0.0,0.0,0.0
0.07334958123893245,-0.1924576035257761,-0.18080793246527138,-0.1583599102817794,2.8742646470533955,1.881283378844675,1.8272838018489053,0.0,1.0,0.0,0.0,0.0,0.0,0.0
-0.22221863156439647,-0.26130124511522795,-0.2225361671604216,-0.16284389428132517,-0.37034805961188205,1.881283378844675,1.8272838018489053,0.0,1.0,0.0,0.0,0.0,0.0,0.0
7.0563502403234235,4.420066382967499,11.343171896647469,1.2618017418977283,0.6132444535965975,0.6389704336430185,0.7683980612559066,1.0,0.0,0.0,0.0,0.0,0.0,0.0
2.0161531283340723,0.4959788123687425,0.2461786551130099,2.6474138752802925,1.5342320425519143,0.5755188193849565,0.5336296265452943,0.0,0.0,0.0,0.0,0.0,0.0,1.0
-0.2392031291861608,-0.26130124511522795,-0.2225361671604216,-0.16284389428132517,-0.37034805961188205,-0.48757633997091815,-0.4792517157889571,0.0,0.0,0.0,0.0,0.0,1.0,0.0
0.280531986585985,-0.1924576035257761,-0.12937545714334206,-0.15774416940033567,4.762424515129121,-0.48757633997091815,-0.4792517157889571,0.0,0.0,0.0,0.0,0.0,1.0,0.0
1.4075221957496893,0.9778843034949055,2.2008068021588603,-0.03334961439189558,0.4854082879960081,0.6389704336430185,0.7683980612559066,1.0,0.0,0.0,0.0,0.0,0.0,0.0
-0.2819253082599004,-0.26130124511522795,-0.2225361671604216,-0.16284389428132517,-0.37034805961188205,-1.1072151855588004,-1.1259153488245126,0.0,0.0,1.0,0.0,0.0,0.0,0.0
-0.14086620894730043,-0.26130124511522795,-0.2225361671604216,-0.16284389428132517,-0.37034805961188205,0.6389704336430185,0.7683980612559066,1.0,0.0,0.0,0.0,0.0,0.0,0.0
-0.0959260822092662,-0.26130124511522795,-0.2225361671604216,-0.16284389428132517,-0.37034805961188205,0.6389704336430185,0.7683980612559066,1.0,0.0,0.0,0.0,0.0,0.0,0.0
-0.1550634461353255,-0.26130124511522795,-0.2225361671604216,-0.16284389428132517,-0.37034805961188205,1.881283378844675,1.8272838018489053,0.0,1.0,0.0,0.0,0.0,0.0,0.0
-0.03587544571555615,-0.26130124511522795,-0.2225361671604216,-0.16284389428132517,-0.37034805961188205,0.5755188193849565,0.5336296265452943,0.0,0.0,0.0,0.0,0.0,0.0,1.0
-0.26004234868437304,-0.26130124511522795,-0.2225361671604216,-0.16284389428132517,-0.37034805961188205,0.5755188193849565,0.5336296265452943,0.0,0.0,0.0,0.0,0.0,0.0,1.0
-0.23417419972273337,-0.1924576035257761,-0.19982824409375846,-0.1611804007709732,0.07164219116448863,-0.8640164649312321,-0.8936943502411376,0.0,0.0,0.0,1.0,0.0,0.0,0.0
-0.2798496887879669,-0.26130124511522795,-0.2225361671604216,-0.16284389428132517,-0.37034805961188205,-1.1072151855588004,-1.1259153488245126,0.0,0.0,1.0,0.0,0.0,0.0,0.0
-0.16712576043793329,0.08291696283203133,-0.2029336010943278,-0.16081294250301487,-0.1597406239032294,-0.6842174107830546,-0.6732657355858858,0.0,0.0,0.0,0.0,1.0,0.0,0.0
-0.1170974008229878,-0.26130124511522795,-0.2225361671604216,-0.16284389428132517,-0.37034805961188205,0.6389704336430185,0.7683980612559066,1.0,0.0,0.0,0.0,0.0,0.0,0.0
-0.24894074968020305,-0.26130124511522795,-0.2225361671604216,-0.16284389428132517,-0.37034805961188205,0.5755188193849565,0.5336296265452943,0.0,0.0,0.0,0.0,0.0,0.0,1.0
-0.26061166145381764,-0.26130124511522795,-0.2225361671604216,-0.16284389428132517,-0.37034805961188205,-0.6842174107830546,-0.6732657355858858,0.0,0.0,0.0,0.0,1.0,0.0,0.0
-0.13595588631084063,-0.26130124511522795,-0.2225361671604216,-0.16284389428132517,-0.37034805961188205,1.881283378844675,1.8272838018489053,0.0,1.0,0.0,0.0,0.0,0.0,0.0
-0.10585347362645665,-0.26130124511522795,-0.2225361671604216,-0.16284389428132517,-0.37034805961188205,0.6389704336430185,0.7683980612559066,1.0,0.0,0.0,0.0,0.0,0.0,0.0
-0.06941745638200135,-0.26130124511522795,-0.2225361671604216,-0.16284389428132517,-0.37034805961188205,1.881283378844675,1.8272838018489053,0.0,1.0,0.0,0.0,0.0,0.0,0.0
1.2060210574143861,1.1155715866738092,-0.01350682405959935,-0.1366848381245066,0.3080134753134807,-0.6842174107830546,-0.6732657355858858,0.0,0.0,0.0,0.0,1.0,0.0,0.0
-0.05812608645468316,-0.26130124511522795,-0.2225361671604216,-0.16284389428132517,-0.37034805961188205,-0.48757633997091815,-0.4792517157889571,0.0,0.0,0.0,0.0,0.0,1.0,0.0
-0.22857595748986134,-0.26130124511522795,-0.2225361671604216,-0.16284389428132517,-0.37034805961188205,0.5755188193849565,0.5336296265452943,0.0,0.0,0.0,0.0,0.0,0.0,1.0
0.09204201716903063,-0.26130124511522795,-0.2225361671604216,-0.16284389428132517,-0.37034805961188205,0.6389704336430185,0.7683980612559066,1.0,0.0,0.0,0.0,0.0,0.0,0.0
-0.2266070841621987,-0.26130124511522795,-0.2225361671604216,-0.16284389428132517,-0.37034805961188205,1.881283378844675,1.8272838018489053,0.0,1.0,0.0,0.0,0.0,0.0,0.0
-0.1716684019107934,-0.26130124511522795,-0.2225361671604216,-0.16284389428132517,-0.37034805961188205,1.881283378844675,1.8272838018489053,0.0,1.0,0.0,0.0,0.0,0.0,0.0
-0.2540645646052046,-0.1924576035257761,-0.1982755655934738,-0.15961622030601538,-0.10962893883110288,-0.8640164649312321,-0.8936943502411376,0.0,0.0,0.0,1.0,0.0,0.0,0.0
-0.27163023567911027,-0.26130124511522795,-0.2225361671604216,-0.16284389428132517,-0.37034805961188205,-0.6842174107830546,-0.6732657355858858,0.0,0.0,0.0,0.0,1.0,0.0,0.0
-0.16857276372693833,-0.26130124511522795,-0.2225361671604216,-0.16284389428132517,-0.37034805961188205,-0.6842174107830546,-0.6732657355858858,0.0,0.0,0.0,0.0,1.0,0.0,0.0
0.10587157319345605,-0.26130124511522795,-0.2225361671604216,-0.16284389428132517,-0.37034805961188205,1.881283378844675,1.8272838018489053,0.0,1.0,0.0,0.0,0.0,0.0,0.0
0.0996684361430491,-0.26130124511522795,-0.2225361671604216,-0.16284389428132517,-0.37034805961188205,0.6389704336430185,0.7683980612559066,1.0,0.0,0.0,0.0,0.0,0.0,0.0
-0.20917188059795738,-0.26130124511522795,-0.2225361671604216,-0.16284389428132517,-0.37034805961188205,-0.48757633997091815,-0.4792517157889571,0.0,0.0,0.0,0.0,0.0,1.0,0.0
-0.22191025381428064,-0.054770320346872375,-0.1796434235900579,-0.14515624089662743,-0.18576209281255485,-0.6842174107830546,-0.6732657355858858,0.0,0.0,0.0,0.0,1.0,0.0,0.0
-0.2547999269324039,-0.26130124511522795,-0.2225361671604216,-0.16284389428132517,-0.37034805961188205,-0.6842174107830546,-0.6732657355858858,0.0,0.0,0.0,0.0,1.0,0.0,0.0
-0.2537561868550888,-0.1924576035257761,-0.13170447489376905,1.4717147602950693,-0.10681853371489215,-0.8640164649312321,-0.8936943502411376,0.0,0.0,0.0,1.0,0.0,0.0,0.0
-0.1740286777674492,-0.26130124511522795,-0.2225361671604216,-0.16284389428132517,-0.37034805961188205,1.881283378844675,1.8272838018489053,0.0,1.0,0.0,0.0,0.0,0.0,0.0
-0.10184456287495083,0.014073321242579479,-0.2060389580948971,-0.15880681898605306,0.041646521174162655,-0.6842174107830546,-0.6732657355858858,0.0,0.0,0.0,0.0,1.0,0.0,0.0
-0.08144418863651882,1.3909461530316167,0.28130800618195034,-0.11257659635507716,-0.2939356666605502,-0.8640164649312321,-0.8936943502411376,0.0,0.0,0.0,1.0,0.0,0.0,0.0
1.3998483340448837,-0.054770320346872375,-0.04281363075247229,-0.1321313349931849,4.740878075904838,1.881283378844675,1.8272838018489053,0.0,1.0,0.0,0.0,0.0,0.0,0.0
-0.2754493755074679,-0.054770320346872375,0.22677017385945167,-0.10504370186193103,-0.3484052812045445,-1.1072151855588004,-1.1259153488245126,0.0,0.0,1.0,0.0,0.0,0.0,0.0
-0.28226926805810654,-0.26130124511522795,-0.2225361671604216,-0.16284389428132517,-0.37034805961188205,-0.48757633997091815,-0.4792517157889571,0.0,0.0,0.0,0.0,0.0,1.0,0.0
-0.2713099972462977,-0.26130124511522795,-0.2225361671604216,-0.16284389428132517,-0.37034805961188205,-0.8640164649312321,-0.8936943502411376,0.0,0.0,0.0,1.0,0.0,0.0,0.0
-0.2775368556620982,-0.26130124511522795,-0.2225361671604216,-0.16284389428132517,-0.37034805961188205,-0.48757633997091815,-0.4792517157889571,0.0,0.0,0.0,0.0,0.0,1.0,0.0
-0.2667792164561343,-0.26130124511522795,-0.2225361671604216,-0.16284389428132517,-0.37034805961188205,-0.8640164649312321,-0.8936943502411376,0.0,0.0,0.0,1.0,0.0,0.0,0.0
-0.28059691179786295,-0.26130124511522795,-0.2225361671604216,-0.16284389428132517,-0.37034805961188205,-0.48757633997091815,-0.4792517157889571,0.0,0.0,0.0,0.0,0.0,1.0,0.0
-0.27944642557627697,-0.26130124511522795,-0.2225361671604216,-0.16284389428132517,-0.37034805961188205,-1.1072151855588004,-1.1259153488245126,0.0,0.0,1.0,0.0,0.0,0.0,0.0
-0.012343851245178759,1.1844152282632612,0.30964438881214534,-0.05313823525190653,-0.25303166142749606,-1.1072151855588004,-1.1259153488245126,0.0,0.0,1.0,0.0,0.0,0.0,0.0
-0.2557725029135384,-0.26130124511522795,-0.2225361671604216,-0.16284389428132517,-0.37034805961188205,-0.48757633997091815,-0.4792517157889571,0.0,0.0,0.0,0.0,0.0,1.0,0.0
-0.2733144526220506,-0.26130124511522795,-0.2225361671604216,-0.16284389428132517,-0.37034805961188205,0.6389704336430185,0.7683980612559066,1.0,0.0,0.0,0.0,0.0,0.0,0.0
-0.08227443642529221,-0.26130124511522795,-0.2225361671604216,-0.16284389428132517,-0.37034805961188205,1.881283378844675,1.8272838018489053,0.0,1.0,0.0,0.0,0.0,0.0,0.0
-0.2081162798379455,-0.26130124511522795,-0.2225361671604216,-0.16284389428132517,-0.37034805961188205,-0.48757633997091815,-0.4792517157889571,0.0,0.0,0.0,0.0,0.0,1.0,0.0
-0.06812464196805419,-0.12361396193632423,-0.19381161490515542,-0.16085266772117252,0.6072945970638052,-0.6842174107830546,-0.6732657355858858,0.0,0.0,0.0,0.0,1.0,0.0,0.0
-0.17179886942045783,0.42713517077929064,-0.19672288709318914,-0.16067886989173275,-0.2693031864336597,-0.6842174107830546,-0.6732657355858858,0.0,0.0,0.0,0.0,1.0,0.0,0.0
-0.1425622865729375,-0.12361396193632423,0.5924259606764889,0.03577226520243145,0.268100318038065,0.6389704336430185,0.7683980612559066,1.0,0.0,0.0,0.0,0.0,0.0,0.0
-0.25965094615537987,-0.26130124511522795,-0.2225361671604216,-0.16284389428132517,-0.37034805961188205,-0.8640164649312321,-0.8936943502411376,0.0,0.0,0.0,1.0,0.0,0.0,0.0
-0.17255795311305064,-0.26130124511522795,-0.2225361671604216,-0.16284389428132517,-0.37034805961188205,0.5755188193849565,0.5336296265452943,0.0,0.0,0.0,0.0,0.0,0.0,1.0
-0.24034175472505,-0.26130124511522795,-0.2225361671604216,-0.16284389428132517,-0.37034805961188205,0.5755188193849565,0.5336296265452943,0.0,0.0,0.0,0.0,0.0,0.0,1.0
-0.23428094586700424,-0.26130124511522795,-0.2225361671604216,-0.16284389428132517,-0.37034805961188205,0.5755188193849565,0.5336296265452943,0.0,0.0,0.0,0.0,0.0,0.0,1.0
-0.24815794462221671,-0.26130124511522795,-0.2225361671604216,-0.16284389428132517,-0.37034805961188205,0.5755188193849565,0.5336296265452943,0.0,0.0,0.0,0.0,0.0,0.0,1.0
-0.2258361397869091,-0.26130124511522795,-0.2225361671604216,-0.16284389428132517,-0.37034805961188205,-0.6842174107830546,-0.6732657355858858,0.0,0.0,0.0,0.0,1.0,0.0,0.0
0.6670597749907878,6.9672811217772175,0.29916380893522393,-0.10464148402808474,-0.28791568625090874,-0.6842174107830546,-0.6732657355858858,0.0,0.0,0.0,0.0,1.0,0.0,0.0
0.6944698127030067,-0.12361396193632423,-0.13597434076955184,-0.15428807542061934,4.082252430753892,1.881283378844675,1.8272838018489053,0.0,1.0,0.0,0.0,0.0,0.0,0.0
-0.227342446489398,-0.26130124511522795,-0.2225361671604216,-0.16284389428132517,-0.37034805961188205,0.5755188193849565,0.5336296265452943,0.0,0.0,0.0,0.0,0.0,0.0,1.0
4.263776220736016,2.63013170164175,1.0918061833305426,5.0934827623379375,0.6161787714787862,0.5755188193849565,0.5336296265452943,0.0,0.0,0.0,0.0,0.0,0.0,1.0
-0.2400570983403277,-0.1924576035257761,-0.2225361671604216,-0.16284389428132517,0.01802830894754564,-0.6842174107830546,-0.6732657355858858,0.0,0.0,0.0,0.0,1.0,0.0,0.0
-0.25455085259577187,-0.1924576035257761,-0.18663047684133885,-0.16080797685074516,-0.11406073151435825,-1.1072151855588004,-1.1259153488245126,0.0,0.0,1.0,0.0,0.0,0.0,0.0
-0.2137263827535143,-0.26130124511522795,-0.2225361671604216,-0.16284389428132517,-0.37034805961188205,0.6389704336430185,0.7683980612559066,1.0,0.0,0.0,0.0,0.0,0.0,0.0
-0.26631664983096054,-0.26130124511522795,-0.2225361671604216,-0.16284389428132517,-0.37034805961188205,-0.8640164649312321,-0.8936943502411376,0.0,0.0,0.0,1.0,0.0,0.0,0.0
-0.13265861652114058,-0.1924576035257761,-0.05542914356728515,-0.1521081540742178,0.9968059369201641,0.6389704336430185,0.7683980612559066,1.0,0.0,0.0,0.0,0.0,0.0,0.0
-0.2629600766277767,-0.26130124511522795,-0.2225361671604216,-0.16284389428132517,-0.37034805961188205,-0.6842174107830546,-0.6732657355858858,0.0,0.0,0.0,0.0,1.0,0.0,0.0
0.4386348869338332,2.0105389273366834,0.1590345742845334,-0.11386766594520109,-0.17114667599608369,-0.6842174107830546,-0.6732657355858858,0.0,0.0,0.0,0.0,1.0,0.0,0.0
-0.24250039897586084,-0.26130124511522795,-0.2225361671604216,-0.16284389428132517,-0.37034805961188205,-0.8640164649312321,-0.8936943502411376,0.0,0.0,0.0,1.0,0.0,0.0,0.0
-0.27692010016186647,-0.26130124511522795,-0.2225361671604216,-0.16284389428132517,-0.37034805961188205,-1.1072151855588004,-1.1259153488245126,0.0,0.0,1.0,0.0,0.0,0.0,0.0
-0.23254928619327686,-0.26130124511522795,-0.2225361671604216,-0.16284389428132517,-0.37034805961188205,-0.6842174107830546,-0.6732657355858858,0.0,0.0,0.0,0.0,1.0,0.0,0.0
1.1840194910118913,0.7025097371370981,0.25918233755289394,1.3019614546289868,0.5844175905821228,0.5755188193849565,0.5336296265452943,0.0,0.0,0.0,0.0,0.0,0.0,1.0
-0.2815694877789975,-0.26130124511522795,-0.2225361671604216,-0.16284389428132517,-0.37034805961188205,-0.8640164649312321,-0.8936943502411376,0.0,0.0,0.0,1.0,0.0,0.0,0.0
-0.140237592764372,-0.26130124511522795,-0.2225361671604216,-0.16284389428132517,-0.37034805961188205,-0.48757633997091815,-0.4792517157889571,0.0,0.0,0.0,0.0,0.0,1.0,0.0
0.18188668859700882,0.3582915291898388,0.6741356667539691,-0.11510907901262793,0.10007051984000476,0.6389704336430185,0.7683980612559066,1.0,0.0,0.0,0.0,0.0,0.0,0.0
-0.270444167409434,-0.26130124511522795,-0.2225361671604216,-0.16284389428132517,-0.37034805961188205,-0.6842174107830546,-0.6732657355858858,0.0,0.0,0.0,0.0,1.0,0.0,0.0
-0.10496392242419945,-0.054770320346872375,-0.1949761237803689,-0.1597006363946004,0.16950193854433881,-0.6842174107830546,-0.6732657355858858,0.0,0.0,0.0,0.0,1.0,0.0,0.0
-0.2464025635830958,-0.26130124511522795,-0.2225361671604216,-0.16284389428132517,-0.37034805961188205,-0.48757633997091815,-0.4792517157889571,0.0,0.0,0.0,0.0,0.0,1.0,0.0
-0.2795887537686381,-0.26130124511522795,-0.2225361671604216,-0.16284389428132517,-0.37034805961188205,-1.1072151855588004,-1.1259153488245126,0.0,0.0,1.0,0.0,0.0,0.0,0.0
-0.27473773454566214,-0.26130124511522795,-0.2225361671604216,-0.16284389428132517,-0.37034805961188205,-0.48757633997091815,-0.4792517157889571,0.0,0.0,0.0,0.0,0.0,1.0,0.0
-0.2808341254517982,-0.26130124511522795,-0.2225361671604216,-0.16284389428132517,-0.37034805961188205,0.5755188193849565,0.5336296265452943,0.0,0.0,0.0,0.0,0.0,0.0,1.0
0.8777766637814758,-0.26130124511522795,-0.2225361671604216,-0.16284389428132517,-0.37034805961188205,1.881283378844675,1.8272838018489053,0.0,1.0,0.0,0.0,0.0,0.0,0.0
0.5099413113067711,0.42713517077929064,3.8784759217164346,0.32750930170001097,0.35200172000740193,0.6389704336430185,0.7683980612559066,1.0,0.0,0.0,0.0,0.0,0.0,0.0
0.28592859721301206,-0.12361396193632423,-0.1683865044629941,-0.1565474472033362,2.2206292725254633,1.881283378844675,1.8272838018489053,0.0,1.0,0.0,0.0,0.0,0.0,0.0
-0.28014620585538597,-0.26130124511522795,-0.2225361671604216,-0.16284389428132517,-0.37034805961188205,-0.8640164649312321,-0.8936943502411376,0.0,0.0,0.0,1.0,0.0,0.0,0.0
-0.2806799365767403,-0.26130124511522795,-0.2225361671604216,-0.16284389428132517,-0.37034805961188205,-0.8640164649312321,-0.8936943502411376,0.0,0.0,0.0,1.0,0.0,0.0,0.0
-0.26899716412042896,-0.26130124511522795,-0.2225361671604216,-0.16284389428132517,-0.37034805961188205,0.5755188193849565,0.5336296265452943,0.0,0.0,0.0,0.0,0.0,0.0,1.0
-0.2814390202693331,-0.26130124511522795,-0.2225361671604216,-0.16284389428132517,-0.37034805961188205,-0.8640164649312321,-0.8936943502411376,0.0,0.0,0.0,1.0,0.0,0.0,0.0
0.6964742680787597,1.8040080025683278,3.4831251585814536,0.026878781987385494,-0.07289910581231814,0.6389704336430185,0.7683980612559066,1.0,0.0,0.0,0.0,0.0,0.0,0.0
-0.0991166058546954,0.3582915291898388,0.5456515208554136,5.541210799236106,-0.18447699303719353,-0.8640164649312321,-0.8936943502411376,0.0,0.0,0.0,1.0,0.0,0.0,0.0
1.6756566494754057,-0.054770320346872375,0.11982944215234577,-0.11766638993152724,5.578739108883866,1.881283378844675,1.8272838018489053,0.0,1.0,0.0,0.0,0.0,0.0,0.0
0.2408461422826167,-0.054770320346872375,-0.009236958183816537,0.6474462774372588,1.2200169586499772,0.5755188193849565,0.5336296265452943,0.0,0.0,0.0,0.0,0.0,0.0,1.0
-0.27007648624583436,-0.26130124511522795,-0.2225361671604216,-0.16284389428132517,-0.37034805961188205,-0.6842174107830546,-0.6732657355858858,0.0,0.0,0.0,0.0,1.0,0.0,0.0
-0.25966280683807663,-0.26130124511522795,-0.2225361671604216,-0.16284389428132517,-0.37034805961188205,0.6389704336430185,0.7683980612559066,1.0,0.0,0.0,0.0,0.0,0.0,0.0
-0.22198141791046122,-0.26130124511522795,-0.2225361671604216,-0.16284389428132517,-0.37034805961188205,0.5755188193849565,0.5336296265452943,0.0,0.0,0.0,0.0,0.0,0.0,1.0
-0.04099926064055768,-0.12361396193632423,-0.01894119881059566,-0.15262458191026734,0.7308983759248421,1.881283378844675,1.8272838018489053,0.0,1.0,0.0,0.0,0.0,0.0,0.0
0.016074344496264905,5.934626497935439,3.108541470387779,1.020972572469189,-0.34009657069431126,-1.1072151855588004,-1.1259153488245126,0.0,0.0,1.0,0.0,0.0,0.0,0.0
1.9777719591273477,12.543616090522816,5.75469380449791,21.5385511856732,-0.2595921790778068,-0.8640164649312321,-0.8936943502411376,0.0,0.0,0.0,1.0,0.0,0.0,0.0
-0.18782265174378435,-0.26130124511522795,-0.2225361671604216,-0.16284389428132517,-0.37034805961188205,1.881283378844675,1.8272838018489053,0.0,1.0,0.0,0.0,0.0,0.0,0.0
-0.16749344160153293,-0.26130124511522795,-0.2225361671604216,-0.16284389428132517,-0.37034805961188205,-0.6842174107830546,-0.6732657355858858,0.0,0.0,0.0,0.0,1.0,0.0,0.0
-0.15258456345170207,-0.26130124511522795,-0.2225361671604216,-0.16284389428132517,-0.37034805961188205,1.881283378844675,1.8272838018489053,0.0,1.0,0.0,0.0,0.0,0.0,0.0
0.08103530362643475,-0.054770320346872375,0.3756332250742434,0.05487512948399582,0.7345374902419866,0.6389704336430185,0.7683980612559066,1.0,0.0,0.0,0.0,0.0,0.0,0.0
-0.25105195120022683,-0.26130124511522795,-0.2225361671604216,-0.16284389428132517,-0.37034805961188205,-0.48757633997091815,-0.4792517157889571,0.0,0.0,0.0,0.0,0.0,1.0,0.0
0.13415930142523533,0.014073321242579479,-0.11598360507838686,-0.15032548490939282,0.5793526846584024,-0.6842174107830546,-0.6732657355858858,0.0,0.0,0.0,0.0,1.0,0.0,0.0
-0.28065621521134676,-0.26130124511522795,-0.2225361671604216,-0.16284389428132517,-0.37034805961188205,-1.1072151855588004,-1.1259153488245126,0.0,0.0,1.0,0.0,0.0,0.0,0.0
-0.23473165180948122,-0.26130124511522795,-0.2225361671604216,-0.16284389428132517,-0.37034805961188205,1.881283378844675,1.8272838018489053,0.0,1.0,0.0,0.0,0.0,0.0,0.0
4.182317051974649,0.77135337872655,0.2640344578662835,0.25005009194484523,2.342435112728822,0.5755188193849565,0.5336296265452943,0.0,0.0,0.0,0.0,0.0,0.0,1.0
-0.2266782482583793,-0.26130124511522795,-0.2225361671604216,-0.16284389428132517,-0.37034805961188205,0.5755188193849565,0.5336296265452943,0.0,0.0,0.0,0.0,0.0,0.0,1.0
-0.2534240877395794,-0.26130124511522795,-0.2225361671604216,-0.16284389428132517,-0.37034805961188205,-0.8640164649312321,-0.8936943502411376,0.0,0.0,0.0,1.0,0.0,0.0,0.0
-0.28229298942350006,-0.26130124511522795,-0.2225361671604216,-0.16284389428132517,-0.37034805961188205,-0.8640164649312321,-0.8936943502411376,0.0,0.0,0.0,1.0,0.0,0.0,0.0
0.1644870670808578,-0.26130124511522795,-0.2225361671604216,-0.16284389428132517,-0.37034805961188205,0.5755188193849565,0.5336296265452943,0.0,0.0,0.0,0.0,0.0,0.0,1.0
-0.23970127785942483,-0.26130124511522795,-0.2225361671604216,-0.16284389428132517,-0.37034805961188205,0.6389704336430185,0.7683980612559066,1.0,0.0,0.0,0.0,0.0,0.0,0.0
-0.2746191277186945,-0.26130124511522795,-0.2225361671604216,-0.16284389428132517,-0.37034805961188205,-0.8640164649312321,-0.8936943502411376,0.0,0.0,0.0,1.0,0.0,0.0,0.0
-0.2693648452840286,-0.26130124511522795,-0.2225361671604216,-0.16284389428132517,-0.37034805961188205,0.5755188193849565,0.5336296265452943,0.0,0.0,0.0,0.0,0.0,0.0,1.0
-0.25183475625821317,-0.26130124511522795,-0.2225361671604216,-0.16284389428132517,-0.37034805961188205,-0.6842174107830546,-0.6732657355858858,0.0,0.0,0.0,0.0,1.0,0.0,0.0
-0.14774540491142285,0.014073321242579479,0.1293395979665893,0.6717879048633646,-0.06293297690021706,-0.8640164649312321,-0.8936943502411376,0.0,0.0,0.0,1.0,0.0,0.0,0.0
0.2505600414112654,-0.26130124511522795,-0.2225361671604216,-0.16284389428132517,-0.37034805961188205,0.5755188193849565,0.5336296265452943,0.0,0.0,0.0,0.0,0.0,0.0,1.0
-0.2796006144513349,-0.26130124511522795,-0.2225361671604216,-0.16284389428132517,-0.37034805961188205,-1.1072151855588004,-1.1259153488245126,0.0,0.0,1.0,0.0,0.0,0.0,0.0
-0.27094231608269803,-0.26130124511522795,-0.2225361671604216,-0.16284389428132517,-0.37034805961188205,-0.8640164649312321,-0.8936943502411376,0.0,0.0,0.0,1.0,0.0,0.0,0.0
0.8023664431954579,1.253258869852713,1.1234420077738425,-0.017623393653732236,0.07913005374684023,-0.48757633997091815,-0.4792517157889571,0.0,0.0,0.0,0.0,0.0,1.0,0.0
-0.27846198891244567,-0.26130124511522795,-0.2225361671604216,-0.16284389428132517,-0.37034805961188205,0.6389704336430185,0.7683980612559066,1.0,0.0,0.0,0.0,0.0,0.0,0.0
-0.24499114234218103,-0.26130124511522795,-0.2225361671604216,-0.16284389428132517,-0.37034805961188205,-0.8640164649312321,-0.8936943502411376,0.0,0.0,0.0,1.0,0.0,0.0,0.0
-0.27830780003738775,-0.26130124511522795,-0.2225361671604216,-0.16284389428132517,-0.37034805961188205,-1.1072151855588004,-1.1259153488245126,0.0,0.0,1.0,0.0,0.0,0.0,0.0
-0.02408592711497393,0.42713517077929064,0.07926571633240904,-0.13794611380101227,-0.13468478136716616,-0.8640164649312321,-0.8936943502411376,0.0,0.0,0.0,1.0,0.0,0.0,0.0
-0.274144700410824,-0.1924576035257761,-0.21127924803335782,-0.16208414948405994,-0.2926295488982087,-1.1072151855588004,-1.1259153488245126,0.0,0.0,1.0,0.0,0.0,0.0,0.0
-0.27435819269936573,-0.26130124511522795,-0.2225361671604216,-0.16284389428132517,-0.37034805961188205,-1.1072151855588004,-1.1259153488245126,0.0,0.0,1.0,0.0,0.0,0.0,0.0
0.4696980149166549,-0.1924576035257761,-0.06765648675702685,-0.1472964370248713,6.486391868915459,1.881283378844675,1.8272838018489053,0.0,1.0,0.0,0.0,0.0,0.0,0.0
-0.2768133540175956,-0.26130124511522795,-0.2225361671604216,-0.16284389428132517,-0.37034805961188205,0.5755188193849565,0.5336296265452943,0.0,0.0,0.0,0.0,0.0,0.0,1.0
0.09774700554617353,-0.26130124511522795,-0.2225361671604216,-0.16284389428132517,-0.37034805961188205,0.6389704336430185,0.7683980612559066,1.0,0.0,0.0,0.0,0.0,0.0,0.0
-0.01853512761288894,2.63013170164175,2.120649774581665,0.32281676030513745,-0.3130332959323832,-1.1072151855588004,-1.1259153488245126,0.0,0.0,1.0,0.0,0.0,0.0,0.0
-0.2229065511608087,-0.26130124511522795,-0.2225361671604216,-0.16284389428132517,-0.37034805961188205,-0.48757633997091815,-0.4792517157889571,0.0,0.0,0.0,0.0,0.0,1.0,0.0
0.07276840778679108,-0.054770320346872375,-0.06066943350574588,-0.14792707486312415,0.7094239983702063,0.5755188193849565,0.5336296265452943,0.0,0.0,0.0,0.0,0.0,0.0,1.0
-0.2768133540175956,-0.26130124511522795,-0.2225361671604216,-0.16284389428132517,-0.37034805961188205,-0.8640164649312321,-0.8936943502411376,0.0,0.0,0.0,1.0,0.0,0.0,0.0
-0.13718939731130397,-0.26130124511522795,-0.2225361671604216,-0.16284389428132517,-0.37034805961188205,1.881283378844675,1.8272838018489053,0.0,1.0,0.0,0.0,0.0,0.0,0.0
0.757960047178778,0.9778843034949055,1.1145141063972057,0.052610792049009245,0.15653083800798165,-0.48757633997091815,-0.4792517157889571,0.0,0.0,0.0,0.0,0.0,1.0,0.0
-0.23048552740404013,0.014073321242579479,-0.027675015374696865,-0.15126895884063724,-0.2514463046952746,-1.1072151855588004,-1.1259153488245126,0.0,0.0,1.0,0.0,0.0,0.0,0.0
-0.2374121660989496,-0.26130124511522795,-0.2225361671604216,-0.16284389428132517,-0.37034805961188205,0.5755188193849565,0.5336296265452943,0.0,0.0,0.0,0.0,0.0,0.0,1.0
0.1681520180341575,1.0467279450843574,1.149643457466146,-0.06983226161743585,-0.15410615988076976,-0.48757633997091815,-0.4792517157889571,0.0,0.0,0.0,0.0,0.0,1.0,0.0
-0.22759152082603,-0.26130124511522795,-0.2225361671604216,-0.16284389428132517,-0.37034805961188205,-0.48757633997091815,-0.4792517157889571,0.0,0.0,0.0,0.0,0.0,1.0,0.0
-0.2800038776630248,-0.26130124511522795,-0.2225361671604216,-0.16284389428132517,-0.37034805961188205,-0.8640164649312321,-0.8936943502411376,0.0,0.0,0.0,1.0,0.0,0.0,0.0
-0.25841743515491655,-0.26130124511522795,-0.2225361671604216,-0.16284389428132517,-0.37034805961188205,-0.8640164649312321,-0.8936943502411376,0.0,0.0,0.0,1.0,0.0,0.0,0.0
-0.28025295199965683,-0.26130124511522795,-0.2225361671604216,-0.16284389428132517,-0.37034805961188205,-1.1072151855588004,-1.1259153488245126,0.0,0.0,1.0,0.0,0.0,0.0,0.0
-0.20264850511473786,-0.26130124511522795,-0.2225361671604216,-0.16284389428132517,-0.37034805961188205,0.5755188193849565,0.5336296265452943,0.0,0.0,0.0,0.0,0.0,0.0,1.0
-0.22062930008303025,-0.12361396193632423,-0.10822021257696357,0.14786689953880633,-0.08763211417153051,0.5755188193849565,0.5336296265452943,0.0,0.0,0.0,0.0,0.0,0.0,1.0
0.07854456026011457,0.1517606044214832,0.27839673399391657,-0.13634220811789677,0.17831147765861474,-0.48757633997091815,-0.4792517157889571,0.0,0.0,0.0,0.0,0.0,1.0,0.0
0.3987592717073166,-0.054770320346872375,0.4610305425898996,-0.10192527223655479,1.6997314934862533,0.6389704336430185,0.7683980612559066,1.0,0.0,0.0,0.0,0.0,0.0,0.0
-0.2774301095178273,-0.26130124511522795,-0.2225361671604216,-0.16284389428132517,-0.37034805961188205,-1.1072151855588004,-1.1259153488245126,0.0,0.0,1.0,0.0,0.0,0.0,0.0
5.2573337495611385,1.0467279450843574,1.0118432405658826,-0.057879936604250136,2.286963935794729,0.6389704336430185,0.7683980612559066,1.0,0.0,0.0,0.0,0.0,0.0,0.0
-0.17117025323752938,-0.26130124511522795,-0.2225361671604216,-0.16284389428132517,-0.37034805961188205,-0.48757633997091815,-0.4792517157889571,0.0,0.0,0.0,0.0,0.0,1.0,0.0
-0.23195625205843873,-0.26130124511522795,-0.2225361671604216,-0.16284389428132517,-0.37034805961188205,1.881283378844675,1.8272838018489053,0.0,1.0,0.0,0.0,0.0,0.0,0.0
-0.2352772432135323,-0.26130124511522795,-0.2225361671604216,-0.16284389428132517,-0.37034805961188205,-0.8640164649312321,-0.8936943502411376,0.0,0.0,0.0,1.0,0.0,0.0,0.0
-0.2748800627380233,-0.1924576035257761,-0.2025454314692566,-0.16093708380975755,-0.29933128417532656,-0.6842174107830546,-0.6732657355858858,0.0,0.0,0.0,0.0,1.0,0.0,0.0
-0.2548236482977974,-0.26130124511522795,-0.2225361671604216,-0.16284389428132517,-0.37034805961188205,-0.8640164649312321,-0.8936943502411376,0.0,0.0,0.0,1.0,0.0,0.0,0.0
-0.28171181597135864,-0.26130124511522795,-0.2225361671604216,-0.16284389428132517,-0.37034805961188205,-0.8640164649312321,-0.8936943502411376,0.0,0.0,0.0,1.0,0.0,0.0,0.0
0.08822287734067301,0.08291696283203133,-0.2225361671604216,-0.16284389428132517,0.3056840818421599,-0.6842174107830546,-0.6732657355858858,0.0,0.0,0.0,0.0,1.0,0.0,0.0
-0.2797785246917863,-0.26130124511522795,-0.2225361671604216,-0.16284389428132517,-0.37034805961188205,-1.1072151855588004,-1.1259153488245126,0.0,0.0,1.0,0.0,0.0,0.0,0.0
-0.20511552711566453,-0.1924576035257761,-0.21787813165956763,-0.1622430503566906,0.3364688271151143,-0.6842174107830546,-0.6732657355858858,0.0,0.0,0.0,0.0,1.0,0.0,0.0
-0.26300751935856376,-0.26130124511522795,-0.2225361671604216,-0.16284389428132517,-0.37034805961188205,-0.8640164649312321,-0.8936943502411376,0.0,0.0,0.0,1.0,0.0,0.0,0.0
-0.204641099807794,-0.1924576035257761,-0.12627010014277273,-0.1574809898300412,0.34079252729389997,-0.48757633997091815,-0.4792517157889571,0.0,0.0,0.0,0.0,0.0,1.0,0.0
-0.2791736298742514,-0.26130124511522795,-0.2225361671604216,-0.16284389428132517,-0.37034805961188205,-1.1072151855588004,-1.1259153488245126,0.0,0.0,1.0,0.0,0.0,0.0,0.0
-0.2524870938065351,-0.054770320346872375,0.07363725676887715,-0.12239369089228869,-0.2786495849868015,-1.1072151855588004,-1.1259153488245126,0.0,0.0,1.0,0.0,0.0,0.0,0.0
-0.24875097875705485,-0.1924576035257761,-0.008848788558745373,-0.14102481820823087,-0.06120349682870276,-0.48757633997091815,-0.4792517157889571,0.0,0.0,0.0,0.0,0.0,1.0,0.0
0.10774556105954457,-0.26130124511522795,-0.2225361671604216,-0.16284389428132517,-0.37034805961188205,0.6389704336430185,0.7683980612559066,1.0,0.0,0.0,0.0,0.0,0.0,0.0
-0.2781654718450266,-0.26130124511522795,-0.2225361671604216,-0.16284389428132517,-0.37034805961188205,-1.1072151855588004,-1.1259153488245126,0.0,0.0,1.0,0.0,0.0,0.0,0.0
-0.28014620585538597,-0.26130124511522795,-0.2225361671604216,-0.16284389428132517,-0.37034805961188205,-0.6842174107830546,-0.6732657355858858,0.0,0.0,0.0,0.0,1.0,0.0,0.0
-0.09683935477691694,-0.26130124511522795,-0.2225361671604216,-0.16284389428132517,-0.37034805961188205,0.6389704336430185,0.7683980612559066,1.0,0.0,0.0,0.0,0.0,0.0,0.0
-0.25876139495312267,-0.26130124511522795,-0.2225361671604216,-0.16284389428132517,-0.37034805961188205,0.6389704336430185,0.7683980612559066,1.0,0.0,0.0,0.0,0.0,0.0,0.0
-0.27976666400908956,-0.26130124511522795,-0.2225361671604216,-0.16284389428132517,-0.37034805961188205,-0.8640164649312321,-0.8936943502411376,0.0,0.0,0.0,1.0,0.0,0.0,0.0
-0.26288891253159613,-0.26130124511522795,-0.2225361671604216,-0.16284389428132517,-0.37034805961188205,-0.48757633997091815,-0.4792517157889571,0.0,0.0,0.0,0.0,0.0,1.0,0.0
0.5492238923984495,0.014073321242579479,-0.00943104299635212,-0.06420617759585737,1.5250269831371925,1.881283378844675,1.8272838018489053,0.0,1.0,0.0,0.0,0.0,0.0,0.0
-0.28063249384595323,-0.26130124511522795,-0.2225361671604216,-0.16284389428132517,-0.37034805961188205,-0.8640164649312321,-0.8936943502411376,0.0,0.0,0.0,1.0,0.0,0.0,0.0
-0.07152865790202512,-0.26130124511522795,-0.2225361671604216,-0.16284389428132517,-0.37034805961188205,1.881283378844675,1.8272838018489053,0.0,1.0,0.0,0.0,0.0,0.0,0.0
-0.21957369932301837,-0.26130124511522795,-0.2225361671604216,-0.16284389428132517,-0.37034805961188205,0.5755188193849565,0.5336296265452943,0.0,0.0,0.0,0.0,0.0,0.0,1.0
-0.24660419518894078,-0.26130124511522795,-0.2225361671604216,-0.16284389428132517,-0.37034805961188205,-0.48757633997091815,-0.4792517157889571,0.0,0.0,0.0,0.0,0.0,1.0,0.0
-0.24815794462221671,0.6336660955476462,0.5126571027243646,0.1595908045475855,-0.34615196822675426,-1.1072151855588004,-1.1259153488245126,0.0,0.0,1.0,0.0,0.0,0.0,0.0
-0.280395280192018,-0.26130124511522795,-0.2225361671604216,-0.16284389428132517,-0.37034805961188205,-0.6842174107830546,-0.6732657355858858,0.0,0.0,0.0,0.0,1.0,0.0,0.0
-0.05374949453957769,-0.26130124511522795,-0.2225361671604216,-0.16284389428132517,-0.37034805961188205,1.881283378844675,1.8272838018489053,0.0,1.0,0.0,0.0,0.0,0.0,0.0
-0.2549185337593715,-0.054770320346872375,0.06432118576716919,1.2329066113403009,-0.28603590612556046,0.5755188193849565,0.5336296265452943,0.0,0.0,0.0,0.0,0.0,0.0,1.0
-0.22631056709477965,-0.26130124511522795,-0.2225361671604216,-0.16284389428132517,-0.37034805961188205,1.881283378844675,1.8272838018489053,0.0,1.0,0.0,0.0,0.0,0.0,0.0
-0.2757577532575837,-0.26130124511522795,-0.2225361671604216,-0.16284389428132517,-0.37034805961188205,-0.8640164649312321,-0.8936943502411376,0.0,0.0,0.0,1.0,0.0,0.0,0.0
-0.28033597677853417,-0.26130124511522795,-0.2225361671604216,-0.16284389428132517,-0.37034805961188205,-0.48757633997091815,-0.4792517157889571,0.0,0.0,0.0,0.0,0.0,1.0,0.0
0.004782974568946722,-0.26130124511522795,-0.2225361671604216,-0.16284389428132517,-0.37034805961188205,0.6389704336430185,0.7683980612559066,1.0,0.0,0.0,0.0,0.0,0.0,0.0
-0.1803741430102173,-0.1924576035257761,-0.194005699717691,-0.1552166523950546,0.5619497914387899,-0.6842174107830546,-0.6732657355858858,0.0,0.0,0.0,0.0,1.0,0.0,0.0
-0.27613729510388013,-0.26130124511522795,-0.2225361671604216,-0.16284389428132517,-0.37034805961188205,0.5755188193849565,0.5336296265452943,0.0,0.0,0.0,0.0,0.0,0.0,1.0
-0.2378272899933363,-0.26130124511522795,-0.2225361671604216,-0.16284389428132517,-0.37034805961188205,0.5755188193849565,0.5336296265452943,0.0,0.0,0.0,0.0,0.0,0.0,1.0
-0.23157671021214232,-0.26130124511522795,-0.2225361671604216,-0.16284389428132517,-0.37034805961188205,-1.1072151855588004,-1.1259153488245126,0.0,0.0,1.0,0.0,0.0,0.0,0.0
-0.2390726616764964,-0.26130124511522795,-0.2225361671604216,-0.16284389428132517,-0.37034805961188205,-0.48757633997091815,-0.4792517157889571,0.0,0.0,0.0,0.0,0.0,1.0,0.0
-0.2635412500799181,-0.26130124511522795,-0.2225361671604216,-0.16284389428132517,-0.37034805961188205,0.5755188193849565,0.5336296265452943,0.0,0.0,0.0,0.0,0.0,0.0,1.0
-0.17484706487352586,-0.26130124511522795,-0.2225361671604216,-0.16284389428132517,-0.37034805961188205,0.6389704336430185,0.7683980612559066,1.0,0.0,0.0,0.0,0.0,0.0,0.0
-0.24253598102395113,0.08291696283203133,-0.11928304689149176,-0.10994480065213223,-0.29719105258682765,-1.1072151855588004,-1.1259153488245126,0.0,0.0,1.0,0.0,0.0,0.0,0.0
-0.15726953311692338,-0.26130124511522795,-0.2225361671604216,-0.16284389428132517,-0.37034805961188205,0.6389704336430185,0.7683980612559066,1.0,0.0,0.0,0.0,0.0,0.0,0.0
-0.247292114785353,-0.1924576035257761,-0.2225361671604216,-0.16284389428132517,-0.047908118778936665,-0.8640164649312321,-0.8936943502411376,0.0,0.0,0.0,1.0,0.0,0.0,0.0
-0.20188942142214503,-0.1924576035257761,-0.209338399908002,-0.1609817746801849,0.36586998833085715,-0.6842174107830546,-0.6732657355858858,0.0,0.0,0.0,0.0,1.0,0.0,0.0
-0.2754849575555582,-0.26130124511522795,-0.2225361671604216,-0.16284389428132517,-0.37034805961188205,-1.1072151855588004,-1.1259153488245126,0.0,0.0,1.0,0.0,0.0,0.0,0.0
-0.22725942171052066,-0.26130124511522795,-0.2225361671604216,-0.16284389428132517,-0.37034805961188205,1.881283378844675,1.8272838018489053,0.0,1.0,0.0,0.0,0.0,0.0,0.0
-0.267846677898843,-0.26130124511522795,-0.2225361671604216,-0.16284389428132517,-0.37034805961188205,1.881283378844675,1.8272838018489053,0.0,1.0,0.0,0.0,0.0,0.0,0.0
-0.04270719894889152,-0.26130124511522795,-0.2225361671604216,-0.16284389428132517,-0.37034805961188205,0.5755188193849565,0.5336296265452943,0.0,0.0,0.0,0.0,0.0,0.0,1.0
0.607400541026071,1.3221025114421647,0.5532208285443013,0.6116488902249382,-0.017665715897973486,-0.48757633997091815,-0.4792517157889571,0.0,0.0,0.0,0.0,0.0,1.0,0.0
-0.045779115767353086,-0.12361396193632423,0.10585533564978383,-0.13417718372830437,0.7091177362742089,0.6389704336430185,0.7683980612559066,1.0,0.0,0.0,0.0,0.0,0.0,0.0
0.13074342480856763,0.4959788123687425,0.6011597772405901,-0.08883581285360607,-0.02783239272152933,-0.48757633997091815,-0.4792517157889571,0.0,0.0,0.0,0.0,0.0,1.0,0.0
-0.24338995017811807,-0.26130124511522795,-0.2225361671604216,-0.16284389428132517,-0.37034805961188205,-0.6842174107830546,-0.6732657355858858,0.0,0.0,0.0,0.0,1.0,0.0,0.0
-0.19066921559100744,-0.26130124511522795,-0.2225361671604216,-0.16284389428132517,-0.37034805961188205,0.6389704336430185,0.7683980612559066,1.0,0.0,0.0,0.0,0.0,0.0,0.0
-0.2296078368844797,-0.26130124511522795,-0.2225361671604216,-0.16284389428132517,-0.37034805961188205,-0.48757633997091815,-0.4792517157889571,0.0,0.0,0.0,0.0,0.0,1.0,0.0
-0.19720445175692372,-0.1924576035257761,-0.17265637033877693,-0.15726250113017406,0.4085665275963662,-0.48757633997091815,-0.4792517157889571,0.0,0.0,0.0,0.0,0.0,1.0,0.0
-0.27371771583374055,-0.26130124511522795,-0.2225361671604216,-0.16284389428132517,-0.37034805961188205,-1.1072151855588004,-1.1259153488245126,0.0,0.0,1.0,0.0,0.0,0.0,0.0
-0.24113642046573314,-0.26130124511522795,-0.2225361671604216,-0.16284389428132517,-0.37034805961188205,1.881283378844675,1.8272838018489053,0.0,1.0,0.0,0.0,0.0,0.0,0.0
-0.26159609811764895,-0.12361396193632423,-0.1829428654031628,-0.16052990032364153,-0.27430786939060414,-0.8640164649312321,-0.8936943502411376,0.0,0.0,0.0,1.0,0.0,0.0,0.0
-0.24937959493998327,-0.26130124511522795,-0.2225361671604216,-0.16284389428132517,-0.37034805961188205,0.5755188193849565,0.5336296265452943,0.0,0.0,0.0,0.0,0.0,0.0,1.0
0.43291803787399347,-0.1924576035257761,-0.1577118397735371,-0.15702414982122812,6.151197012555096,1.881283378844675,1.8272838018489053,0.0,1.0,0.0,0.0,0.0,0.0,0.0
-0.21426011347486862,0.5648224539581944,0.3245889193773852,-0.1094581667297009,-0.318391595796807,-1.1072151855588004,-1.1259153488245126,0.0,0.0,1.0,0.0,0.0,0.0,0.0
-0.22561078681567062,-0.1924576035257761,-0.16702791077524504,-0.15847412028398267,0.14968497939157094,-0.8640164649312321,-0.8936943502411376,0.0,0.0,0.0,1.0,0.0,0.0,0.0
-0.26112167080977844,-0.26130124511522795,-0.2225361671604216,-0.16284389428132517,-0.37034805961188205,-0.6842174107830546,-0.6732657355858858,0.0,0.0,0.0,0.0,1.0,0.0,0.0
-0.2594848965976252,-0.26130124511522795,-0.2225361671604216,-0.16284389428132517,-0.37034805961188205,-0.48757633997091815,-0.4792517157889571,0.0,0.0,0.0,0.0,0.0,1.0,0.0
-0.27735894542164674,-0.26130124511522795,-0.2225361671604216,-0.16284389428132517,-0.37034805961188205,-0.8640164649312321,-0.8936943502411376,0.0,0.0,0.0,1.0,0.0,0.0,0.0
-0.27938712216279316,-0.26130124511522795,-0.2225361671604216,-0.16284389428132517,-0.37034805961188205,-1.1072151855588004,-1.1259153488245126,0.0,0.0,1.0,0.0,0.0,0.0,0.0
-0.25270058609507684,-0.26130124511522795,-0.2225361671604216,-0.16284389428132517,-0.37034805961188205,-0.6842174107830546,-0.6732657355858858,0.0,0.0,0.0,0.0,1.0,0.0,0.0
-0.1613733293300033,-0.12361396193632423,-0.20759163659518176,-0.15784844809799953,0.182382961993638,-0.6842174107830546,-0.6732657355858858,0.0,0.0,0.0,0.0,1.0,0.0,0.0
-0.2534596697876697,-0.26130124511522795,-0.2225361671604216,-0.16284389428132517,-0.37034805961188205,0.5755188193849565,0.5336296265452943,0.0,0.0,0.0,0.0,0.0,0.0,1.0
-0.13765196393647772,-0.26130124511522795,-0.2225361671604216,-0.16284389428132517,-0.37034805961188205,0.6389704336430185,0.7683980612559066,1.0,0.0,0.0,0.0,0.0,0.0,0.0
-0.27686079674838265,-0.26130124511522795,-0.2225361671604216,-0.16284389428132517,-0.37034805961188205,-0.48757633997091815,-0.4792517157889571,0.0,0.0,0.0,0.0,0.0,1.0,0.0
0.5930253935975945,0.42713517077929064,2.6343922733633516,0.11420970845472955,0.42772051938838695,0.6389704336430185,0.7683980612559066,1.0,0.0,0.0,0.0,0.0,0.0,0.0
-0.2755086789209517,-0.26130124511522795,-0.2225361671604216,-0.16284389428132517,-0.37034805961188205,1.881283378844675,1.8272838018489053,0.0,1.0,0.0,0.0,0.0,0.0,0.0
-0.2690208854858225,-0.12361396193632423,-0.11171373920260405,-0.1533197732280264,-0.30814082328960246,-0.8640164649312321,-0.8936943502411376,0.0,0.0,0.0,1.0,0.0,0.0,0.0
-0.1449225624295933,-0.26130124511522795,-0.2225361671604216,-0.16284389428132517,-0.37034805961188205,0.5755188193849565,0.5336296265452943,0.0,0.0,0.0,0.0,0.0,0.0,1.0
-0.26751457878333357,-0.26130124511522795,-0.2225361671604216,-0.16284389428132517,-0.37034805961188205,-0.48757633997091815,-0.4792517157889571,0.0,0.0,0.0,0.0,0.0,1.0,0.0
-0.21059516252156893,-0.26130124511522795,-0.2225361671604216,-0.16284389428132517,-0.37034805961188205,0.5755188193849565,0.5336296265452943,0.0,0.0,0.0,0.0,0.0,0.0,1.0
-0.1966351389874791,-0.26130124511522795,-0.2225361671604216,-0.16284389428132517,-0.37034805961188205,-0.8640164649312321,-0.8936943502411376,0.0,0.0,0.0,1.0,0.0,0.0,0.0
-0.24505044575566484,-0.26130124511522795,-0.2225361671604216,-0.16284389428132517,-0.37034805961188205,-0.48757633997091815,-0.4792517157889571,0.0,0.0,0.0,0.0,0.0,1.0,0.0
0.0507312593362058,-0.054770320346872375,0.20250957229250388,-0.14241023519147922,0.642478707268674,0.6389704336430185,0.7683980612559066,1.0,0.0,0.0,0.0,0.0,0.0,0.0
-0.2422276032738353,-0.26130124511522795,-0.2225361671604216,-0.16284389428132517,-0.37034805961188205,-0.48757633997091815,-0.4792517157889571,0.0,0.0,0.0,0.0,0.0,1.0,0.0
0.29786044400595546,0.08291696283203133,-0.0791074906966262,0.2890006683484301,0.6877910851423484,0.5755188193849565,0.5336296265452943,0.0,0.0,0.0,0.0,0.0,0.0,1.0
-0.11142799449393517,-0.26130124511522795,-0.2225361671604216,-0.16284389428132517,-0.37034805961188205,1.881283378844675,1.8272838018489053,0.0,1.0,0.0,0.0,0.0,0.0,0.0
-0.0875405795426549,0.014073321242579479,0.23123412454777006,-0.13510576070273964,0.07423641127176006,0.6389704336430185,0.7683980612559066,1.0,0.0,0.0,0.0,0.0,0.0,0.0
10.92646728291173,5.039659157272565,3.3264987148652385,0.30255689904473126,0.956335822486978,1.881283378844675,1.8272838018489053,0.0,1.0,0.0,0.0,0.0,0.0,0.0
-0.2737651585645276,-0.26130124511522795,-0.2225361671604216,-0.16284389428132517,-0.37034805961188205,-0.8640164649312321,-0.8936943502411376,0.0,0.0,0.0,1.0,0.0,0.0,0.0
-0.2638259064646404,-0.26130124511522795,-0.2225361671604216,-0.16284389428132517,-0.37034805961188205,-0.6842174107830546,-0.6732657355858858,0.0,0.0,0.0,0.0,1.0,0.0,0.0
0.1510607742681223,-0.054770320346872375,0.05888681101617289,-0.12672870532374325,0.9472635390382442,0.6389704336430185,0.7683980612559066,1.0,0.0,0.0,0.0,0.0,0.0,0.0
-0.27355166627598587,-0.26130124511522795,-0.2225361671604216,-0.16284389428132517,-0.37034805961188205,-1.1072151855588004,-1.1259153488245126,0.0,0.0,1.0,0.0,0.0,0.0,0.0
-0.2784857102778392,-0.26130124511522795,-0.2225361671604216,-0.16284389428132517,-0.37034805961188205,-0.6842174107830546,-0.6732657355858858,0.0,0.0,0.0,0.0,1.0,0.0,0.0
-0.2125521751665348,-0.26130124511522795,-0.2225361671604216,-0.16284389428132517,-0.37034805961188205,1.881283378844675,1.8272838018489053,0.0,1.0,0.0,0.0,0.0,0.0,0.0
-0.26899716412042896,-0.26130124511522795,-0.2225361671604216,-0.16284389428132517,-0.37034805961188205,-1.1072151855588004,-1.1259153488245126,0.0,0.0,1.0,0.0,0.0,0.0,0.0
-0.26631664983096054,-0.26130124511522795,-0.2225361671604216,-0.16284389428132517,-0.37034805961188205,-1.1072151855588004,-1.1259153488245126,0.0,0.0,1.0,0.0,0.0,0.0,0.0
-0.20034753267156588,-0.26130124511522795,-0.2225361671604216,-0.16284389428132517,-0.37034805961188205,0.5755188193849565,0.5336296265452943,0.0,0.0,0.0,0.0,0.0,0.0,1.0
-0.26348194666643426,-0.26130124511522795,-0.2225361671604216,-0.16284389428132517,-0.37034805961188205,0.6389704336430185,0.7683980612559066,1.0,0.0,0.0,0.0,0.0,0.0,0.0
-0.0688244222471632,0.08291696283203133,-0.03194488125047968,-0.14348778173400573,0.019433511505650997,-0.48757633997091815,-0.4792517157889571,0.0,0.0,0.0,0.0,0.0,1.0,0.0
-0.10732419828085525,2.492444418462846,1.2833678933031625,2.101076425914594,-0.330397069959902,-1.1072151855588004,-1.1259153488245126,0.0,0.0,1.0,0.0,0.0,0.0,0.0
-0.2803596981439277,-0.26130124511522795,-0.2225361671604216,-0.16284389428132517,-0.37034805961188205,-0.8640164649312321,-0.8936943502411376,0.0,0.0,0.0,1.0,0.0,0.0,0.0
-0.1903252557928013,-0.26130124511522795,-0.2225361671604216,-0.16284389428132517,-0.37034805961188205,0.6389704336430185,0.7683980612559066,1.0,0.0,0.0,0.0,0.0,0.0,0.0
1.12217789143097,2.3547571352839425,0.16699205159849229,-0.07034372380121572,-0.033423723180004486,-0.6842174107830546,-0.6732657355858858,0.0,0.0,0.0,0.0,1.0,0.0,0.0
-0.021559601700563452,-0.1924576035257761,-0.21787813165956763,-0.16266016514734602,2.009308426287311,1.881283378844675,1.8272838018489053,0.0,1.0,0.0,0.0,0.0,0.0,0.0
-0.16430291795610372,-0.26130124511522795,-0.2225361671604216,-0.16284389428132517,-0.37034805961188205,1.881283378844675,1.8272838018489053,0.0,1.0,0.0,0.0,0.0,0.0,0.0
-0.25126544348876856,-0.1924576035257761,-0.21826630128463878,-0.1627296842791219,-0.0841191077762671,-0.6842174107830546,-0.6732657355858858,0.0,0.0,0.0,0.0,1.0,0.0,0.0
-0.2471023438622048,-0.26130124511522795,-0.2225361671604216,-0.16284389428132517,-0.37034805961188205,-0.8640164649312321,-0.8936943502411376,0.0,0.0,0.0,1.0,0.0,0.0,0.0
-0.271143947688543,-0.26130124511522795,-0.2225361671604216,-0.16284389428132517,-0.37034805961188205,1.881283378844675,1.8272838018489053,0.0,1.0,0.0,0.0,0.0,0.0,0.0
0.15595923622188534,-0.1924576035257761,-0.17925525396498673,-0.15825066593184584,3.6271289406844596,1.881283378844675,1.8272838018489053,0.0,1.0,0.0,0.0,0.0,0.0,0.0
-0.2502691461422405,-0.1924576035257761,-0.19458795415529773,-0.16090232424386958,-0.07503933740081709,-0.8640164649312321,-0.8936943502411376,0.0,0.0,0.0,1.0,0.0,0.0,0.0
-0.28158134846169425,-0.26130124511522795,-0.2225361671604216,-0.16284389428132517,-0.37034805961188205,-1.1072151855588004,-1.1259153488245126,0.0,0.0,1.0,0.0,0.0,0.0,0.0
-0.26329217574328606,-0.26130124511522795,-0.2225361671604216,-0.16284389428132517,-0.37034805961188205,-0.6842174107830546,-0.6732657355858858,0.0,0.0,0.0,0.0,1.0,0.0,0.0
0.44909600907237796,0.2894478876003869,0.8330911282206112,-0.05915610923756494,0.46327484642106437,0.6389704336430185,0.7683980612559066,1.0,0.0,0.0,0.0,0.0,0.0,0.0
-0.2275322174125462,-0.26130124511522795,-0.2225361671604216,-0.16284389428132517,-0.37034805961188205,0.5755188193849565,0.5336296265452943,0.0,0.0,0.0,0.0,0.0,0.0,1.0
-0.27221140913125164,-0.26130124511522795,-0.2225361671604216,-0.16284389428132517,-0.37034805961188205,-1.1072151855588004,-1.1259153488245126,0.0,0.0,1.0,0.0,0.0,0.0,0.0
-0.26887855729346133,-0.26130124511522795,-0.2225361671604216,-0.16284389428132517,-0.37034805961188205,0.5755188193849565,0.5336296265452943,0.0,0.0,0.0,0.0,0.0,0.0,1.0
-0.019602589055597593,-0.26130124511522795,-0.2225361671604216,-0.16284389428132517,-0.37034805961188205,0.5755188193849565,0.5336296265452943,0.0,0.0,0.0,0.0,0.0,0.0,1.0
-0.27071696311145954,-0.26130124511522795,-0.2225361671604216,-0.16284389428132517,-0.37034805961188205,0.5755188193849565,0.5336296265452943,0.0,0.0,0.0,0.0,0.0,0.0,1.0
-0.24031803335965649,-0.26130124511522795,-0.2225361671604216,-0.16284389428132517,-0.37034805961188205,1.881283378844675,1.8272838018489053,0.0,1.0,0.0,0.0,0.0,0.0,0.0
0.08534073144535964,-0.054770320346872375,0.1107074559631734,-0.12888876406106597,0.7476166832828134,-0.48757633997091815,-0.4792517157889571,0.0,0.0,0.0,0.0,0.0,1.0,0.0
0.32594654063188977,-0.12361396193632423,-0.013118654434528185,-0.05742806224770676,2.4029813275657514,1.881283378844675,1.8272838018489053,0.0,1.0,0.0,0.0,0.0,0.0,0.0
-0.2452639380442066,-0.26130124511522795,-0.2225361671604216,-0.16284389428132517,-0.37034805961188205,-0.6842174107830546,-0.6732657355858858,0.0,0.0,0.0,0.0,1.0,0.0,0.0
-0.02675458072174556,-0.1924576035257761,0.050735248889678425,-0.10540619447761967,1.9619639093296075,0.6389704336430185,0.7683980612559066,1.0,0.0,0.0,0.0,0.0,0.0,0.0
-0.2801699272207795,-0.26130124511522795,-0.2225361671604216,-0.16284389428132517,-0.37034805961188205,-0.48757633997091815,-0.4792517157889571,0.0,0.0,0.0,0.0,0.0,1.0,0.0
0.1871528317143715,1.8040080025683278,0.6473519626240588,3.770960730737687,-0.2276227167101653,-0.8640164649312321,-0.8936943502411376,0.0,0.0,0.0,1.0,0.0,0.0,0.0
-0.08138488522303501,-0.26130124511522795,-0.2225361671604216,-0.16284389428132517,-0.37034805961188205,1.881283378844675,1.8272838018489053,0.0,1.0,0.0,0.0,0.0,0.0,0.0
-0.24132619138888134,-0.26130124511522795,-0.2225361671604216,-0.16284389428132517,-0.37034805961188205,1.881283378844675,1.8272838018489053,0.0,1.0,0.0,0.0,0.0,0.0,0.0
-0.2647035969842008,-0.26130124511522795,-0.2225361671604216,-0.16284389428132517,-0.37034805961188205,-0.8640164649312321,-0.8936943502411376,0.0,0.0,0.0,1.0,0.0,0.0,0.0
-0.1676594911592876,-0.1924576035257761,-0.056011398004891896,-0.15426324715927078,0.6778249562302473,0.6389704336430185,0.7683980612559066,1.0,0.0,0.0,0.0,0.0,0.0,0.0
-0.2779994222872719,-0.26130124511522795,-0.2225361671604216,-0.16284389428132517,-0.37034805961188205,1.881283378844675,1.8272838018489053,0.0,1.0,0.0,0.0,0.0,0.0,0.0
-0.18875964567682862,-0.26130124511522795,-0.2225361671604216,-0.16284389428132517,-0.37034805961188205,0.6389704336430185,0.7683980612559066,1.0,0.0,0.0,0.0,0.0,0.0,0.0
-0.2728163039487866,-0.26130124511522795,-0.2225361671604216,-0.16284389428132517,-0.37034805961188205,-0.48757633997091815,-0.4792517157889571,0.0,0.0,0.0,0.0,0.0,1.0,0.0
0.025740800894126586,-0.26130124511522795,-0.2225361671604216,-0.16284389428132517,-0.37034805961188205,0.6389704336430185,0.7683980612559066,1.0,0.0,0.0,0.0,0.0,0.0,0.0
-0.24443369025543318,-0.26130124511522795,-0.2225361671604216,-0.16284389428132517,-0.37034805961188205,-1.1072151855588004,-1.1259153488245126,0.0,0.0,1.0,0.0,0.0,0.0,0.0
-0.27980224605717985,-0.26130124511522795,-0.2225361671604216,-0.16284389428132517,-0.37034805961188205,-0.48757633997091815,-0.4792517157889571,0.0,0.0,0.0,0.0,0.0,1.0,0.0
0.8939546349798602,-0.1924576035257761,-0.19982824409375846,-0.1508518440499818,10.352860753794593,1.881283378844675,1.8272838018489053,0.0,1.0,0.0,0.0,0.0,0.0,0.0
-0.19139271723550996,-0.26130124511522795,-0.2225361671604216,-0.16284389428132517,-0.37034805961188205,0.6389704336430185,0.7683980612559066,1.0,0.0,0.0,0.0,0.0,0.0,0.0
-0.1340581770793586,-0.26130124511522795,-0.2225361671604216,-0.16284389428132517,-0.37034805961188205,-0.6842174107830546,-0.6732657355858858,0.0,0.0,0.0,0.0,1.0,0.0,0.0
-0.16484850936015483,-0.26130124511522795,-0.2225361671604216,-0.16284389428132517,-0.37034805961188205,0.6389704336430185,0.7683980612559066,1.0,0.0,0.0,0.0,0.0,0.0,0.0
-0.06183848013876991,1.8728516441577796,1.2006877631630042,0.21061784727109875,-0.30542630668542126,-1.1072151855588004,-1.1259153488245126,0.0,0.0,1.0,0.0,0.0,0.0,0.0
-0.24645000631388286,-0.26130124511522795,-0.2225361671604216,-0.16284389428132517,-0.37034805961188205,0.5755188193849565,0.5336296265452943,0.0,0.0,0.0,0.0,0.0,0.0,1.0
-0.034167507407222304,-0.1924576035257761,-0.09987456563793352,-0.1536028154073997,1.8944060940360805,1.881283378844675,1.8272838018489053,0.0,1.0,0.0,0.0,0.0,0.0,0.0
0.07903084825068184,-0.26130124511522795,-0.2225361671604216,-0.16284389428132517,-0.37034805961188205,0.6389704336430185,0.7683980612559066,1.0,0.0,0.0,0.0,0.0,0.0,0.0
1.6311672286798484,0.1517606044214832,0.006095742006494473,0.35690596313667877,2.536619693925053,0.5755188193849565,0.5336296265452943,0.0,0.0,0.0,0.0,0.0,0.0,1.0
-0.25691112845242764,-0.26130124511522795,-0.2225361671604216,-0.16284389428132517,-0.37034805961188205,-0.6842174107830546,-0.6732657355858858,0.0,0.0,0.0,0.0,1.0,0.0,0.0
-0.1730798231517082,-0.26130124511522795,-0.2225361671604216,-0.16284389428132517,-0.37034805961188205,-0.48757633997091815,-0.4792517157889571,0.0,0.0,0.0,0.0,0.0,1.0,0.0
21.21292900806399,9.239121294229127,4.817264159951047,1.3618546694800626,1.0492206189607085,1.881283378844675,1.8272838018489053,0.0,1.0,0.0,0.0,0.0,0.0,0.0
-0.2690090248031257,-0.1924576035257761,-0.10511485557639424,-0.148761304444435,-0.2458254944628532,-1.1072151855588004,-1.1259153488245126,0.0,0.0,1.0,0.0,0.0,0.0,0.0
-0.14867053816177037,-0.26130124511522795,-0.2225361671604216,-0.16284389428132517,-0.37034805961188205,-0.48757633997091815,-0.4792517157889571,0.0,0.0,0.0,0.0,0.0,1.0,0.0
-0.26675549509074076,-0.1924576035257761,-0.18488371352851862,-0.15993898770354636,-0.22528791861362102,-1.1072151855588004,-1.1259153488245126,0.0,0.0,1.0,0.0,0.0,0.0,0.0
0.2192003963610246,-0.26130124511522795,-0.2225361671604216,-0.16284389428132517,-0.37034805961188205,1.881283378844675,1.8272838018489053,0.0,1.0,0.0,0.0,0.0,0.0,0.0
-0.2715590715829297,-0.26130124511522795,-0.2225361671604216,-0.16284389428132517,-0.37034805961188205,-1.1072151855588004,-1.1259153488245126,0.0,0.0,1.0,0.0,0.0,0.0,0.0
-0.2607895716942691,-0.26130124511522795,-0.2225361671604216,-0.16284389428132517,-0.37034805961188205,-0.48757633997091815,-0.4792517157889571,0.0,0.0,0.0,0.0,0.0,1.0,0.0
-0.21805553193783273,-0.1924576035257761,-0.2225361671604216,-0.16284389428132517,0.2185399047387336,-0.6842174107830546,-0.6732657355858858,0.0,0.0,0.0,0.0,1.0,0.0,0.0
-0.2493084308438027,-0.26130124511522795,-0.2225361671604216,-0.16284389428132517,-0.37034805961188205,0.5755188193849565,0.5336296265452943,0.0,0.0,0.0,0.0,0.0,0.0,1.0
4.14003371816069,0.9778843034949055,0.8672500552268737,0.18581937983618,1.8688962629812447,1.881283378844675,1.8272838018489053,0.0,1.0,0.0,0.0,0.0,0.0,0.0
0.027863863096847127,-0.26130124511522795,-0.2225361671604216,-0.16284389428132517,-0.37034805961188205,0.6389704336430185,0.7683980612559066,1.0,0.0,0.0,0.0,0.0,0.0,0.0
0.07606567757649113,-0.1924576035257761,-0.09657512382482862,-0.15178042102441708,2.8990178305769434,0.6389704336430185,0.7683980612559066,1.0,0.0,0.0,0.0,0.0,0.0,0.0
-0.2781891932104201,-0.26130124511522795,-0.2225361671604216,-0.16284389428132517,-0.37034805961188205,-0.8640164649312321,-0.8936943502411376,0.0,0.0,0.0,1.0,0.0,0.0,0.0
-0.27407353631464343,-0.26130124511522795,-0.2225361671604216,-0.16284389428132517,-0.37034805961188205,-1.1072151855588004,-1.1259153488245126,0.0,0.0,1.0,0.0,0.0,0.0,0.0
-0.28110692115382374,-0.26130124511522795,-0.2225361671604216,-0.16284389428132517,-0.37034805961188205,-0.8640164649312321,-0.8936943502411376,0.0,0.0,0.0,1.0,0.0,0.0,0.0
-0.11780904178479355,0.08291696283203133,-0.05659365244249864,-0.15110012666346717,-0.06985089718627421,-0.8640164649312321,-0.8936943502411376,0.0,0.0,0.0,1.0,0.0,0.0,0.0
-0.015392046698246798,-0.26130124511522795,-0.2225361671604216,-0.16284389428132517,-0.37034805961188205,1.881283378844675,1.8272838018489053,0.0,1.0,0.0,0.0,0.0,0.0,0.0
-0.27529518663241,-0.26130124511522795,-0.2225361671604216,-0.16284389428132517,-0.37034805961188205,0.5755188193849565,0.5336296265452943,0.0,0.0,0.0,0.0,0.0,0.0,1.0
-0.27318398511238623,-0.26130124511522795,-0.2225361671604216,-0.16284389428132517,-0.37034805961188205,-1.1072151855588004,-1.1259153488245126,0.0,0.0,1.0,0.0,0.0,0.0,0.0
-0.18470329219453574,-0.1924576035257761,-0.2225361671604216,-0.16284389428132517,0.5224960273073701,-0.6842174107830546,-0.6732657355858858,0.0,0.0,0.0,0.0,1.0,0.0,0.0
-0.08429075248374189,-0.26130124511522795,-0.2225361671604216,-0.16284389428132517,-0.37034805961188205,0.6389704336430185,0.7683980612559066,1.0,0.0,0.0,0.0,0.0,0.0,0.0
-0.24655675245815373,-0.26130124511522795,-0.2225361671604216,-0.16284389428132517,-0.37034805961188205,-0.8640164649312321,-0.8936943502411376,0.0,0.0,0.0,1.0,0.0,0.0,0.0
-0.23912010440728346,-0.26130124511522795,-0.2225361671604216,-0.16284389428132517,-0.37034805961188205,0.5755188193849565,0.5336296265452943,0.0,0.0,0.0,0.0,0.0,0.0,1.0
-0.2591883795302061,-0.1924576035257761,-0.1982755655934738,-0.16134923294814327,-0.1563249007619887,-0.8640164649312321,-0.8936943502411376,0.0,0.0,0.0,1.0,0.0,0.0,0.0
-0.2328220818953024,-0.26130124511522795,-0.2225361671604216,-0.16284389428132517,-0.37034805961188205,-0.6842174107830546,-0.6732657355858858,0.0,0.0,0.0,0.0,1.0,0.0,0.0
-0.07971252896279145,-0.1924576035257761,-0.20972656953307317,-0.16113074424827611,1.479330876872651,-0.8640164649312321,-0.8936943502411376,0.0,0.0,0.0,1.0,0.0,0.0,0.0
-0.24997262907482143,-0.1924576035257761,-0.2225361671604216,-0.16284389428132517,-0.072337024789076,-0.48757633997091815,-0.4792517157889571,0.0,0.0,0.0,0.0,0.0,1.0,0.0
-0.27023067512089227,-0.26130124511522795,-0.2225361671604216,-0.16284389428132517,-0.37034805961188205,-0.6842174107830546,-0.6732657355858858,0.0,0.0,0.0,0.0,1.0,0.0,0.0
-0.22272864092035727,-0.26130124511522795,-0.2225361671604216,-0.16284389428132517,-0.37034805961188205,1.881283378844675,1.8272838018489053,0.0,1.0,0.0,0.0,0.0,0.0,0.0
-0.2501742606806664,-0.26130124511522795,-0.2225361671604216,-0.16284389428132517,-0.37034805961188205,-0.8640164649312321,-0.8936943502411376,0.0,0.0,0.0,1.0,0.0,0.0,0.0
-0.2509096230078657,-0.12361396193632423,-0.18701864646641003,-0.16101653424607285,-0.22561219612702993,-0.8640164649312321,-0.8936943502411376,0.0,0.0,0.0,1.0,0.0,0.0,0.0
0.10339269050983263,0.08291696283203133,0.5939786391767736,-0.11378324985661606,0.3333341444854946,0.6389704336430185,0.7683980612559066,1.0,0.0,0.0,0.0,0.0,0.0,0.0
-0.1377824314461421,-0.1924576035257761,-0.2083679758453241,-0.16123998859820968,0.9501099749892783,-0.6842174107830546,-0.6732657355858858,0.0,0.0,0.0,0.0,1.0,0.0,0.0
-0.04288510918934296,-0.26130124511522795,-0.2225361671604216,-0.16284389428132517,-0.37034805961188205,0.6389704336430185,0.7683980612559066,1.0,0.0,0.0,0.0,0.0,0.0,0.0
1.1442980646604326,0.08291696283203133,0.16330444016031623,-0.11513887292624618,2.2305954014375646,0.6389704336430185,0.7683980612559066,1.0,0.0,0.0,0.0,0.0,0.0,0.0
-0.2812492493461849,-0.26130124511522795,-0.2225361671604216,-0.16284389428132517,-0.37034805961188205,-0.48757633997091815,-0.4792517157889571,0.0,0.0,0.0,0.0,0.0,1.0,0.0
-0.24934401289189298,-0.26130124511522795,-0.2225361671604216,-0.16284389428132517,-0.37034805961188205,-0.48757633997091815,-0.4792517157889571,0.0,0.0,0.0,0.0,0.0,1.0,0.0
-0.2733263133047474,0.08291696283203133,0.4658826629032892,1.002336479500977,-0.3533126809074663,-1.1072151855588004,-1.1259153488245126,0.0,0.0,1.0,0.0,0.0,0.0,0.0
-0.2490474958244739,-0.26130124511522795,-0.2225361671604216,-0.16284389428132517,-0.37034805961188205,0.5755188193849565,0.5336296265452943,0.0,0.0,0.0,0.0,0.0,0.0,1.0
-0.2519770844505743,0.014073321242579479,0.13341537902983652,-0.1293058788517214,-0.300412209220023,-0.48757633997091815,-0.4792517157889571,0.0,0.0,0.0,0.0,0.0,1.0,0.0
-0.1771954800474849,0.1517606044214832,0.3172136965010331,1.7976055531036963,-0.21013695257045936,-0.8640164649312321,-0.8936943502411376,0.0,0.0,0.0,1.0,0.0,0.0,0.0
0.051039637086321636,-0.1924576035257761,-0.1862423072162677,-0.1608328051120937,2.670942646145997,1.881283378844675,1.8272838018489053,0.0,1.0,0.0,0.0,0.0,0.0,0.0
-0.20803325505906817,-0.26130124511522795,-0.2225361671604216,-0.16284389428132517,-0.37034805961188205,-0.8640164649312321,-0.8936943502411376,0.0,0.0,0.0,1.0,0.0,0.0,0.0
-0.20926676605953148,-0.26130124511522795,-0.2225361671604216,-0.16284389428132517,-0.37034805961188205,0.5755188193849565,0.5336296265452943,0.0,0.0,0.0,0.0,0.0,0.0,1.0
-0.24964052995931205,-0.26130124511522795,-0.2225361671604216,-0.16284389428132517,-0.37034805961188205,0.5755188193849565,0.5336296265452943,0.0,0.0,0.0,0.0,0.0,0.0,1.0
-0.2753900720939841,-0.26130124511522795,-0.2225361671604216,-0.16284389428132517,-0.37034805961188205,-0.48757633997091815,-0.4792517157889571,0.0,0.0,0.0,0.0,0.0,1.0,0.0
-0.25196522376787756,-0.12361396193632423,-0.07173226782027407,-0.15455622064318353,-0.23042231257592907,-0.48757633997091815,-0.4792517157889571,0.0,0.0,0.0,0.0,0.0,1.0,0.0
-0.11542504456274423,-0.26130124511522795,-0.2225361671604216,-0.16284389428132517,-0.37034805961188205,0.5755188193849565,0.5336296265452943,0.0,0.0,0.0,0.0,0.0,0.0,1.0
-0.2657591977442127,-0.26130124511522795,-0.2225361671604216,-0.16284389428132517,-0.37034805961188205,-0.8640164649312321,-0.8936943502411376,0.0,0.0,0.0,1.0,0.0,0.0,0.0
-0.07589338913443383,-0.26130124511522795,-0.2225361671604216,-0.16284389428132517,-0.37034805961188205,0.5755188193849565,0.5336296265452943,0.0,0.0,0.0,0.0,0.0,0.0,1.0
0.01625225473671635,-0.1924576035257761,-0.2225361671604216,-0.16284389428132517,2.3539073305365332,1.881283378844675,1.8272838018489053,0.0,1.0,0.0,0.0,0.0,0.0,0.0
-0.2573381130295111,-0.1924576035257761,-0.18798907052908795,-0.16121019468459144,-0.13946247006472437,-0.8640164649312321,-0.8936943502411376,0.0,0.0,0.0,1.0,0.0,0.0,0.0
-0.2792803760185223,-0.26130124511522795,-0.2225361671604216,-0.16284389428132517,-0.37034805961188205,-1.1072151855588004,-1.1259153488245126,0.0,0.0,1.0,0.0,0.0,0.0,0.0
-0.24189550415832595,-0.26130124511522795,-0.2225361671604216,-0.16284389428132517,-0.37034805961188205,-0.48757633997091815,-0.4792517157889571,0.0,0.0,0.0,0.0,0.0,1.0,0.0
-0.22731872512400447,-0.1924576035257761,-0.2124437569085713,-0.16163227512751657,0.13411965874794235,-1.1072151855588004,-1.1259153488245126,0.0,0.0,1.0,0.0,0.0,0.0,0.0
-0.27004090419774407,-0.26130124511522795,-0.2225361671604216,-0.16284389428132517,-0.37034805961188205,-0.8640164649312321,-0.8936943502411376,0.0,0.0,0.0,1.0,0.0,0.0,0.0
-0.19289902393799882,-0.26130124511522795,-0.2225361671604216,-0.16284389428132517,-0.37034805961188205,0.5755188193849565,0.5336296265452943,0.0,0.0,0.0,0.0,0.0,0.0,1.0
-0.15842001933850938,-0.26130124511522795,-0.2225361671604216,-0.16284389428132517,-0.37034805961188205,0.5755188193849565,0.5336296265452943,0.0,0.0,0.0,0.0,0.0,0.0,1.0
-0.27559170369982905,-0.26130124511522795,-0.2225361671604216,-0.16284389428132517,-0.37034805961188205,0.6389704336430185,0.7683980612559066,1.0,0.0,0.0,0.0,0.0,0.0,0.0
0.36105416141430763,0.08291696283203133,1.2206784988541692,-0.04915528556637423,0.8029744579052,0.6389704336430185,0.7683980612559066,1.0,0.0,0.0,0.0,0.0,0.0,0.0
-0.28185414416371984,-0.1924576035257761,-0.17925525396498673,-0.1613690955572221,-0.36288967680347667,-1.1072151855588004,-1.1259153488245126,0.0,0.0,1.0,0.0,0.0,0.0,0.0
-0.24489625688060693,-0.1924576035257761,-0.2225361671604216,-0.16284389428132517,-0.026073432876068753,-0.6842174107830546,-0.6732657355858858,0.0,0.0,0.0,0.0,1.0,0.0,0.0
-0.1597484158005468,-0.26130124511522795,-0.2225361671604216,-0.16284389428132517,-0.37034805961188205,1.881283378844675,1.8272838018489053,0.0,1.0,0.0,0.0,0.0,0.0,0.0
-0.2788296700760453,-0.26130124511522795,-0.2225361671604216,-0.16284389428132517,-0.37034805961188205,-0.8640164649312321,-0.8936943502411376,0.0,0.0,0.0,1.0,0.0,0.0,0.0
-0.218790894265032,-0.26130124511522795,-0.2225361671604216,-0.16284389428132517,-0.37034805961188205,1.881283378844675,1.8272838018489053,0.0,1.0,0.0,0.0,0.0,0.0,0.0
-0.2814034382212428,-0.26130124511522795,-0.2225361671604216,-0.16284389428132517,-0.37034805961188205,-0.8640164649312321,-0.8936943502411376,0.0,0.0,0.0,1.0,0.0,0.0,0.0
-0.1845253819540843,-0.26130124511522795,-0.2225361671604216,-0.16284389428132517,-0.37034805961188205,1.881283378844675,1.8272838018489053,0.0,1.0,0.0,0.0,0.0,0.0,0.0
-0.276694747190628,-0.26130124511522795,-0.2225361671604216,-0.16284389428132517,-0.37034805961188205,-0.8640164649312321,-0.8936943502411376,0.0,0.0,0.0,1.0,0.0,0.0,0.0
-0.20888722421323508,-0.26130124511522795,-0.2225361671604216,-0.16284389428132517,-0.37034805961188205,0.5755188193849565,0.5336296265452943,0.0,0.0,0.0,0.0,0.0,0.0,1.0
-0.271843727967652,-0.26130124511522795,-0.2225361671604216,-0.16284389428132517,-0.37034805961188205,0.5755188193849565,0.5336296265452943,0.0,0.0,0.0,0.0,0.0,0.0,1.0
-0.07244193046967586,-0.26130124511522795,-0.2225361671604216,-0.16284389428132517,-0.37034805961188205,0.6389704336430185,0.7683980612559066,1.0,0.0,0.0,0.0,0.0,0.0,0.0
-0.19898355416143815,0.4959788123687425,0.6712243945659354,1.3953529596915089,-0.3010116312902637,-1.1072151855588004,-1.1259153488245126,0.0,0.0,1.0,0.0,0.0,0.0,0.0
-0.2420022503025968,-0.26130124511522795,-0.2225361671604216,-0.16284389428132517,-0.37034805961188205,-0.6842174107830546,-0.6732657355858858,0.0,0.0,0.0,0.0,1.0,0.0,0.0
-0.28210321850035186,-0.26130124511522795,-0.2225361671604216,-0.16284389428132517,-0.37034805961188205,-1.1072151855588004,-1.1259153488245126,0.0,0.0,1.0,0.0,0.0,0.0,0.0
-0.2821150791830486,-0.26130124511522795,-0.2225361671604216,-0.16284389428132517,-0.37034805961188205,-1.1072151855588004,-1.1259153488245126,0.0,0.0,1.0,0.0,0.0,0.0,0.0
-0.25729067029872404,-0.1924576035257761,-0.2147727746589983,-0.16233739774981504,-0.1390301000468458,-0.8640164649312321,-0.8936943502411376,0.0,0.0,0.0,1.0,0.0,0.0,0.0
-0.10739536237703583,-0.1924576035257761,-0.20875614547039525,-0.16227284427030883,1.227042971440504,0.5755188193849565,0.5336296265452943,0.0,0.0,0.0,0.0,0.0,0.0,1.0
-0.2624975100026029,-0.1924576035257761,-0.06105760313081704,-0.13015003973757167,-0.18648270950901913,-1.1072151855588004,-1.1259153488245126,0.0,0.0,1.0,0.0,0.0,0.0,0.0
-0.27068138106336925,-0.26130124511522795,-0.2225361671604216,-0.16284389428132517,-0.37034805961188205,1.881283378844675,1.8272838018489053,0.0,1.0,0.0,0.0,0.0,0.0,0.0
-0.027798320799060684,-0.26130124511522795,-0.2225361671604216,-0.16284389428132517,-0.37034805961188205,-0.48757633997091815,-0.4792517157889571,0.0,0.0,0.0,0.0,0.0,1.0,0.0
-0.2581090574048007,-0.26130124511522795,-0.2225361671604216,-0.16284389428132517,-0.37034805961188205,-0.48757633997091815,-0.4792517157889571,0.0,0.0,0.0,0.0,0.0,1.0,0.0
-0.19824819183423886,-0.26130124511522795,-0.2225361671604216,-0.16284389428132517,-0.37034805961188205,1.881283378844675,1.8272838018489053,0.0,1.0,0.0,0.0,0.0,0.0,0.0
-0.24019942653268886,-0.26130124511522795,-0.2225361671604216,-0.16284389428132517,-0.37034805961188205,-0.6842174107830546,-0.6732657355858858,0.0,0.0,0.0,0.0,1.0,0.0,0.0
-0.05548115421330505,-0.1924576035257761,-0.21496685947153388,-0.16217849687718439,1.7001638635041318,-0.6842174107830546,-0.6732657355858858,0.0,0.0,0.0,0.0,1.0,0.0,0.0
-0.2587851163185162,-0.26130124511522795,-0.2225361671604216,-0.16284389428132517,-0.37034805961188205,-0.48757633997091815,-0.4792517157889571,0.0,0.0,0.0,0.0,0.0,1.0,0.0
-0.2154224603791514,-0.26130124511522795,-0.2225361671604216,-0.16284389428132517,-0.37034805961188205,-0.48757633997091815,-0.4792517157889571,0.0,0.0,0.0,0.0,0.0,1.0,0.0
0.4339380565859151,-0.12361396193632423,0.021428442196805484,-0.1492429727145966,2.8950724541638015,0.6389704336430185,0.7683980612559066,1.0,0.0,0.0,0.0,0.0,0.0,0.0
-0.1065413932228689,-0.1924576035257761,-0.008072449308603043,-0.15221243277188162,1.2348256317623183,0.5755188193849565,0.5336296265452943,0.0,0.0,0.0,0.0,0.0,0.0,1.0
-0.27955317172054783,-0.26130124511522795,-0.2225361671604216,-0.16284389428132517,-0.37034805961188205,-1.1072151855588004,-1.1259153488245126,0.0,0.0,1.0,0.0,0.0,0.0,0.0
-0.26144190924259103,-0.26130124511522795,-0.2225361671604216,-0.16284389428132517,-0.37034805961188205,-0.8640164649312321,-0.8936943502411376,0.0,0.0,0.0,1.0,0.0,0.0,0.0
-0.26013723414594714,-0.26130124511522795,-0.2225361671604216,-0.16284389428132517,-0.37034805961188205,-0.8640164649312321,-0.8936943502411376,0.0,0.0,0.0,1.0,0.0,0.0,0.0
-0.09425372594902263,0.22060424601093506,-0.16023494233649965,-0.1560707445854443,-0.12503984161120335,-0.6842174107830546,-0.6732657355858858,0.0,0.0,0.0,0.0,1.0,0.0,0.0
-0.2503047281903308,-0.26130124511522795,-0.2225361671604216,-0.16284389428132517,-0.37034805961188205,-0.6842174107830546,-0.6732657355858858,0.0,0.0,0.0,0.0,1.0,0.0,0.0
-0.2384084634454777,-0.1924576035257761,-0.20021641371882962,-0.10285384921099007,0.03305316706882603,-0.8640164649312321,-0.8936943502411376,0.0,0.0,0.0,1.0,0.0,0.0,0.0
-0.2650001140516199,-0.26130124511522795,-0.2225361671604216,-0.16284389428132517,-0.37034805961188205,0.5755188193849565,0.5336296265452943,0.0,0.0,0.0,0.0,0.0,0.0,1.0
-0.250043793171002,-0.1924576035257761,-0.1907062579045861,-0.01817458105566976,-0.07298557981589386,-0.8640164649312321,-0.8936943502411376,0.0,0.0,0.0,1.0,0.0,0.0,0.0
-0.2520126664986646,-0.26130124511522795,-0.2225361671604216,-0.16284389428132517,-0.37034805961188205,-0.6842174107830546,-0.6732657355858858,0.0,0.0,0.0,0.0,1.0,0.0,0.0
-0.2794701469416705,-0.26130124511522795,-0.2225361671604216,-0.16284389428132517,-0.37034805961188205,-0.8640164649312321,-0.8936943502411376,0.0,0.0,0.0,1.0,0.0,0.0,0.0
0.022040267892736592,0.3582915291898388,0.37019885032324706,2.5871392983349035,-0.06179200046414854,-0.8640164649312321,-0.8936943502411376,0.0,0.0,0.0,1.0,0.0,0.0,0.0
-0.26861762227413255,-0.26130124511522795,-0.2225361671604216,-0.16284389428132517,-0.37034805961188205,-0.48757633997091815,-0.4792517157889571,0.0,0.0,0.0,0.0,0.0,1.0,0.0
0.415992843665713,1.1155715866738092,0.1504948425329678,0.09099528409384745,-0.051983206197442185,0.5755188193849565,0.5336296265452943,0.0,0.0,0.0,0.0,0.0,0.0,1.0
0.05200035238475942,0.8401970203160017,-0.06979141969491826,-0.13483761548017545,-0.17972017219813707,-0.6842174107830546,-0.6732657355858858,0.0,0.0,0.0,0.0,1.0,0.0,0.0
-0.23420978177082366,-0.26130124511522795,-0.2225361671604216,-0.16284389428132517,-0.37034805961188205,-0.6842174107830546,-0.6732657355858858,0.0,0.0,0.0,0.0,1.0,0.0,0.0
-0.2206174394003335,-0.26130124511522795,-0.2225361671604216,-0.16284389428132517,-0.37034805961188205,0.5755188193849565,0.5336296265452943,0.0,0.0,0.0,0.0,0.0,0.0,1.0
-0.2811187818365205,-0.26130124511522795,-0.2225361671604216,-0.16284389428132517,-0.37034805961188205,-0.8640164649312321,-0.8936943502411376,0.0,0.0,0.0,1.0,0.0,0.0,0.0
-0.2676213249276045,-0.26130124511522795,-0.2225361671604216,-0.16284389428132517,-0.37034805961188205,-0.8640164649312321,-0.8936943502411376,0.0,0.0,0.0,1.0,0.0,0.0,0.0
-0.2679297026777203,-0.26130124511522795,-0.2225361671604216,-0.16284389428132517,-0.37034805961188205,-1.1072151855588004,-1.1259153488245126,0.0,0.0,1.0,0.0,0.0,0.0,0.0
-0.2766591651425377,-0.26130124511522795,-0.2225361671604216,-0.16284389428132517,-0.37034805961188205,-0.6842174107830546,-0.6732657355858858,0.0,0.0,0.0,0.0,1.0,0.0,0.0
0.4000758074866573,-0.12361396193632423,-0.12956954195587764,-0.14617419961191744,2.7407704040333862,0.6389704336430185,0.7683980612559066,1.0,0.0,0.0,0.0,0.0,0.0,0.0
-0.24008081970572123,-0.26130124511522795,-0.2225361671604216,-0.16284389428132517,-0.37034805961188205,0.6389704336430185,0.7683980612559066,1.0,0.0,0.0,0.0,0.0,0.0,0.0
-0.24261900580282847,-0.26130124511522795,-0.2225361671604216,-0.16284389428132517,-0.37034805961188205,-0.48757633997091815,-0.4792517157889571,0.0,0.0,0.0,0.0,0.0,1.0,0.0
-0.24197852893720329,-0.26130124511522795,-0.2225361671604216,-0.16284389428132517,-0.37034805961188205,-0.48757633997091815,-0.4792517157889571,0.0,0.0,0.0,0.0,0.0,1.0,0.0
0.01147239960992094,-0.26130124511522795,-0.2225361671604216,-0.16284389428132517,-0.37034805961188205,1.881283378844675,1.8272838018489053,0.0,1.0,0.0,0.0,0.0,0.0,0.0
-0.18167881810686123,-0.26130124511522795,-0.2225361671604216,-0.16284389428132517,-0.37034805961188205,0.5755188193849565,0.5336296265452943,0.0,0.0,0.0,0.0,0.0,0.0,1.0
-0.2330118528184506,-0.26130124511522795,-0.2225361671604216,-0.16284389428132517,-0.37034805961188205,0.5755188193849565,0.5336296265452943,0.0,0.0,0.0,0.0,0.0,0.0,1.0
-0.19062177286022036,-0.26130124511522795,-0.2225361671604216,-0.16284389428132517,-0.37034805961188205,0.6389704336430185,0.7683980612559066,1.0,0.0,0.0,0.0,0.0,0.0,0.0
0.009539108330348604,-0.26130124511522795,-0.2225361671604216,-0.16284389428132517,-0.37034805961188205,1.881283378844675,1.8272838018489053,0.0,1.0,0.0,0.0,0.0,0.0,0.0
-0.1525133993555215,-0.26130124511522795,-0.2225361671604216,-0.16284389428132517,-0.37034805961188205,0.5755188193849565,0.5336296265452943,0.0,0.0,0.0,0.0,0.0,0.0,1.0
-0.27629148397893805,-0.26130124511522795,-0.2225361671604216,-0.16284389428132517,-0.37034805961188205,-1.1072151855588004,-1.1259153488245126,0.0,0.0,1.0,0.0,0.0,0.0,0.0
-0.2517873135274261,-0.26130124511522795,-0.2225361671604216,-0.16284389428132517,-0.37034805961188205,1.881283378844675,1.8272838018489053,0.0,1.0,0.0,0.0,0.0,0.0,0.0
-0.27745383088322084,-0.26130124511522795,-0.2225361671604216,-0.16284389428132517,-0.37034805961188205,0.5755188193849565,0.5336296265452943,0.0,0.0,0.0,0.0,0.0,0.0,1.0
0.3237285929675951,-0.26130124511522795,-0.2225361671604216,-0.16284389428132517,-0.37034805961188205,0.6389704336430185,0.7683980612559066,1.0,0.0,0.0,0.0,0.0,0.0,0.0
-0.27432261065127544,-0.26130124511522795,-0.2225361671604216,-0.16284389428132517,-0.37034805961188205,-0.8640164649312321,-0.8936943502411376,0.0,0.0,0.0,1.0,0.0,0.0,0.0
-0.1938953212845269,-0.26130124511522795,-0.2225361671604216,-0.16284389428132517,-0.37034805961188205,1.881283378844675,1.8272838018489053,0.0,1.0,0.0,0.0,0.0,0.0,0.0
-0.2533173415953085,-0.26130124511522795,-0.2225361671604216,-0.16284389428132517,-0.37034805961188205,-1.1072151855588004,-1.1259153488245126,0.0,0.0,1.0,0.0,0.0,0.0,0.0
12.349595017648209,11.442117825091588,15.606827058429143,1.060394885838396,0.3068540242434784,0.6389704336430185,0.7683980612559066,1.0,0.0,0.0,0.0,0.0,0.0,0.0
-0.2514077716811297,-0.26130124511522795,-0.2225361671604216,-0.16284389428132517,-0.37034805961188205,-0.6842174107830546,-0.6732657355858858,0.0,0.0,0.0,0.0,1.0,0.0,0.0
-0.26220099293518384,-0.26130124511522795,-0.2225361671604216,-0.16284389428132517,-0.37034805961188205,-0.8640164649312321,-0.8936943502411376,0.0,0.0,0.0,1.0,0.0,0.0,0.0
-0.1310574243570776,-0.26130124511522795,-0.2225361671604216,-0.16284389428132517,-0.37034805961188205,0.5755188193849565,0.5336296265452943,0.0,0.0,0.0,0.0,0.0,0.0,1.0
-0.2798734101533604,-0.26130124511522795,-0.2225361671604216,-0.16284389428132517,-0.37034805961188205,-1.1072151855588004,-1.1259153488245126,0.0,0.0,1.0,0.0,0.0,0.0,0.0
-0.26817877701435233,-0.26130124511522795,-0.2225361671604216,-0.16284389428132517,-0.37034805961188205,1.881283378844675,1.8272838018489053,0.0,1.0,0.0,0.0,0.0,0.0,0.0
-0.1707788507085362,-0.12361396193632423,-0.09793371751257769,-0.1525352001694126,0.1395242839714245,-0.48757633997091815,-0.4792517157889571,0.0,0.0,0.0,0.0,0.0,1.0,0.0
-0.22276422296844756,-0.26130124511522795,-0.2225361671604216,-0.16284389428132517,-0.37034805961188205,0.5755188193849565,0.5336296265452943,0.0,0.0,0.0,0.0,0.0,0.0,1.0
-0.16157496093584828,-0.1924576035257761,-0.207009382157575,-0.1478327274699997,0.7332764110231742,0.5755188193849565,0.5336296265452943,0.0,0.0,0.0,0.0,0.0,0.0,1.0
-0.2709185947173045,-0.26130124511522795,-0.2225361671604216,-0.16284389428132517,-0.37034805961188205,-0.48757633997091815,-0.4792517157889571,0.0,0.0,0.0,0.0,0.0,1.0,0.0
-0.25956792137650253,-0.26130124511522795,-0.2225361671604216,-0.16284389428132517,-0.37034805961188205,-0.48757633997091815,-0.4792517157889571,0.0,0.0,0.0,0.0,0.0,1.0,0.0
-0.27603054895960927,-0.26130124511522795,-0.2225361671604216,-0.16284389428132517,-0.37034805961188205,-0.6842174107830546,-0.6732657355858858,0.0,0.0,0.0,0.0,1.0,0.0,0.0
1.759594700920396,0.6336660955476462,2.548994955847695,0.10015194687918791,1.0613621065126495,0.6389704336430185,0.7683980612559066,1.0,0.0,0.0,0.0,0.0,0.0,0.0
-0.2770624283542277,-0.26130124511522795,-0.2225361671604216,-0.16284389428132517,-0.37034805961188205,-0.48757633997091815,-0.4792517157889571,0.0,0.0,0.0,0.0,0.0,1.0,0.0
-0.18671960825298542,-0.26130124511522795,-0.2225361671604216,-0.16284389428132517,-0.37034805961188205,1.881283378844675,1.8272838018489053,0.0,1.0,0.0,0.0,0.0,0.0,0.0
0.8314962798987073,-0.12361396193632423,0.31857229018878214,-0.0979775786821374,4.706648782822786,0.6389704336430185,0.7683980612559066,1.0,0.0,0.0,0.0,0.0,0.0,0.0
-0.19447649473666828,-0.26130124511522795,-0.2225361671604216,-0.16284389428132517,-0.37034805961188205,0.5755188193849565,0.5336296265452943,0.0,0.0,0.0,0.0,0.0,0.0,1.0
-0.2682499411105329,-0.26130124511522795,-0.2225361671604216,-0.16284389428132517,-0.37034805961188205,-1.1072151855588004,-1.1259153488245126,0.0,0.0,1.0,0.0,0.0,0.0,0.0
1.2225192670455833,0.5648224539581944,0.1260401561534844,-0.14183918518046287,0.7727842214068288,1.881283378844675,1.8272838018489053,0.0,1.0,0.0,0.0,0.0,0.0,0.0
-0.16837113212109336,-0.26130124511522795,-0.2225361671604216,-0.16284389428132517,-0.37034805961188205,1.881283378844675,1.8272838018489053,0.0,1.0,0.0,0.0,0.0,0.0,0.0
-0.17810875261513562,-0.26130124511522795,-0.2225361671604216,-0.16284389428132517,-0.37034805961188205,0.6389704336430185,0.7683980612559066,1.0,0.0,0.0,0.0,0.0,0.0,0.0
0.4775497868619119,-0.12361396193632423,-0.08764722244819183,-0.1519244249402386,3.0938005236312405,1.881283378844675,1.8272838018489053,0.0,1.0,0.0,0.0,0.0,0.0,0.0
-0.15129174903775494,-0.26130124511522795,-0.2225361671604216,-0.16284389428132517,-0.37034805961188205,0.5755188193849565,0.5336296265452943,0.0,0.0,0.0,0.0,0.0,0.0,1.0
0.1671319993222359,-0.12361396193632423,0.11847084846459668,-0.11092303414926459,1.6793020101414906,0.6389704336430185,0.7683980612559066,1.0,0.0,0.0,0.0,0.0,0.0,0.0
-0.2699104366880797,-0.26130124511522795,-0.2225361671604216,-0.16284389428132517,-0.37034805961188205,-0.6842174107830546,-0.6732657355858858,0.0,0.0,0.0,0.0,1.0,0.0,0.0
-0.031154894002244558,-0.1924576035257761,-0.059116755005461215,-0.1487017166171985,1.9218615901713698,-0.48757633997091815,-0.4792517157889571,0.0,0.0,0.0,0.0,0.0,1.0,0.0
-0.16496711618712245,-0.26130124511522795,-0.2225361671604216,-0.16284389428132517,-0.37034805961188205,-0.48757633997091815,-0.4792517157889571,0.0,0.0,0.0,0.0,0.0,1.0,0.0
2.6250805779858744,1.5974770777999723,2.885149851159324,0.1157093354401812,0.6111278775463861,0.6389704336430185,0.7683980612559066,1.0,0.0,0.0,0.0,0.0,0.0,0.0
-0.27955317172054783,-0.26130124511522795,-0.2225361671604216,-0.16284389428132517,-0.37034805961188205,0.5755188193849565,0.5336296265452943,0.0,0.0,0.0,0.0,0.0,0.0,1.0
1.0048520181945924,3.1120371927679127,-0.10705570370175008,-0.14865206009450144,-0.13088124879152208,-0.6842174107830546,-0.6732657355858858,0.0,0.0,0.0,0.0,1.0,0.0,0.0
-0.2736109696894697,-0.26130124511522795,-0.2225361671604216,-0.16284389428132517,-0.37034805961188205,-1.1072151855588004,-1.1259153488245126,0.0,0.0,1.0,0.0,0.0,0.0,0.0
-0.2581565001355878,-0.26130124511522795,-0.2225361671604216,-0.16284389428132517,-0.37034805961188205,1.881283378844675,1.8272838018489053,0.0,1.0,0.0,0.0,0.0,0.0,0.0
0.12512146121030207,-0.1924576035257761,-0.05096519287896675,-0.1516612453699441,3.3460884290633874,0.6389704336430185,0.7683980612559066,1.0,0.0,0.0,0.0,0.0,0.0,0.0
-0.2567688002600665,-0.26130124511522795,-0.2225361671604216,-0.16284389428132517,-0.37034805961188205,-0.8640164649312321,-0.8936943502411376,0.0,0.0,0.0,1.0,0.0,0.0,0.0
-0.2608725964731464,0.42713517077929064,0.03928424495007907,-0.1301798336511899,-0.35048065729036165,-1.1072151855588004,-1.1259153488245126,0.0,0.0,1.0,0.0,0.0,0.0,0.0
-0.193741132409469,-0.1924576035257761,-0.12374699757981016,-0.1562296454580749,0.440129538901502,-0.48757633997091815,-0.4792517157889571,0.0,0.0,0.0,0.0,0.0,1.0,0.0
-0.25662647206770534,-0.26130124511522795,-0.2225361671604216,-0.16284389428132517,-0.37034805961188205,0.5755188193849565,0.5336296265452943,0.0,0.0,0.0,0.0,0.0,0.0,1.0
-0.24011640175381152,-0.26130124511522795,-0.2225361671604216,-0.16284389428132517,-0.37034805961188205,1.881283378844675,1.8272838018489053,0.0,1.0,0.0,0.0,0.0,0.0,0.0
-0.2809645929614626,-0.26130124511522795,-0.2225361671604216,-0.16284389428132517,-0.37034805961188205,0.6389704336430185,0.7683980612559066,1.0,0.0,0.0,0.0,0.0,0.0,0.0
-0.20917188059795738,-0.26130124511522795,-0.2225361671604216,-0.16284389428132517,-0.37034805961188205,-0.48757633997091815,-0.4792517157889571,0.0,0.0,0.0,0.0,0.0,1.0,0.0
-0.23060413423100776,-0.26130124511522795,-0.2225361671604216,-0.16284389428132517,-0.37034805961188205,-0.48757633997091815,-0.4792517157889571,0.0,0.0,0.0,0.0,0.0,1.0,0.0
-0.25418317143217223,-0.26130124511522795,-0.2225361671604216,-0.16284389428132517,-0.37034805961188205,0.6389704336430185,0.7683980612559066,1.0,0.0,0.0,0.0,0.0,0.0,0.0
-0.25266500404698655,-0.26130124511522795,-0.2225361671604216,-0.16284389428132517,-0.37034805961188205,0.6389704336430185,0.7683980612559066,1.0,0.0,0.0,0.0,0.0,0.0,0.0
-0.12245842940192457,-0.26130124511522795,-0.2225361671604216,-0.16284389428132517,-0.37034805961188205,1.881283378844675,1.8272838018489053,0.0,1.0,0.0,0.0,0.0,0.0,0.0
-0.22612079617163142,-0.26130124511522795,-0.2225361671604216,-0.16284389428132517,-0.37034805961188205,-0.6842174107830546,-0.6732657355858858,0.0,0.0,0.0,0.0,1.0,0.0,0.0
-0.08857245893727327,-0.26130124511522795,-0.2225361671604216,-0.16284389428132517,-0.37034805961188205,0.5755188193849565,0.5336296265452943,0.0,0.0,0.0,0.0,0.0,0.0,1.0
0.0631019513889294,-0.26130124511522795,-0.2225361671604216,-0.16284389428132517,-0.37034805961188205,1.881283378844675,1.8272838018489053,0.0,1.0,0.0,0.0,0.0,0.0,0.0
-0.06750788646782253,0.014073321242579479,-0.1398560370202635,1.2719142927449874,0.11987847128406687,-0.8640164649312321,-0.8936943502411376,0.0,0.0,0.0,1.0,0.0,0.0,0.0
-0.27511727639195854,-0.26130124511522795,-0.2225361671604216,-0.16284389428132517,-0.37034805961188205,-0.6842174107830546,-0.6732657355858858,0.0,0.0,0.0,0.0,1.0,0.0,0.0
0.09618139543020084,-0.26130124511522795,-0.2225361671604216,-0.16284389428132517,-0.37034805961188205,1.881283378844675,1.8272838018489053,0.0,1.0,0.0,0.0,0.0,0.0,0.0
-0.10432344555857426,-0.1924576035257761,-0.12238840389206108,-0.15421359063657372,1.2550389300981415,-0.48757633997091815,-0.4792517157889571,0.0,0.0,0.0,0.0,0.0,1.0,0.0
-0.2570771780101823,-0.1924576035257761,-0.2225361671604216,-0.16284389428132517,-0.13708443496639222,-0.6842174107830546,-0.6732657355858858,0.0,0.0,0.0,0.0,1.0,0.0,0.0
-0.26478662176307816,-0.26130124511522795,-0.2225361671604216,-0.16284389428132517,-0.37034805961188205,-1.1072151855588004,-1.1259153488245126,0.0,0.0,1.0,0.0,0.0,0.0,0.0
-0.02056330435403538,-0.12361396193632423,-0.10860838220203473,1.052673296559001,0.8240200685254395,0.5755188193849565,0.5336296265452943,0.0,0.0,0.0,0.0,0.0,0.0,1.0
0.271031579745878,-0.054770320346872375,-0.18604822240373212,-0.15857343332937682,1.3117154332750578,-0.6842174107830546,-0.6732657355858858,0.0,0.0,0.0,0.0,1.0,0.0,0.0
-0.25395781846093374,-0.1924576035257761,-0.2106969935957511,-0.16213380600675703,-0.10865610629087609,-0.8640164649312321,-0.8936943502411376,0.0,0.0,0.0,1.0,0.0,0.0,0.0
-0.23309487759732794,-0.12361396193632423,-0.13151039008123344,-0.1274983814255479,-0.14443472527032797,1.881283378844675,1.8272838018489053,0.0,1.0,0.0,0.0,0.0,0.0,0.0
-0.28198461167338423,-0.26130124511522795,-0.2225361671604216,-0.16284389428132517,-0.37034805961188205,-0.6842174107830546,-0.6732657355858858,0.0,0.0,0.0,0.0,1.0,0.0,0.0
-0.18794125857075197,-0.26130124511522795,-0.2225361671604216,-0.16284389428132517,-0.37034805961188205,1.881283378844675,1.8272838018489053,0.0,1.0,0.0,0.0,0.0,0.0,0.0
-0.22078348895808816,-0.26130124511522795,-0.2225361671604216,-0.16284389428132517,-0.37034805961188205,0.5755188193849565,0.5336296265452943,0.0,0.0,0.0,0.0,0.0,0.0,1.0
-0.2798734101533604,-0.26130124511522795,-0.2225361671604216,-0.16284389428132517,-0.37034805961188205,-0.8640164649312321,-0.8936943502411376,0.0,0.0,0.0,1.0,0.0,0.0,0.0
-0.1809197344142684,-0.26130124511522795,-0.2225361671604216,-0.16284389428132517,-0.37034805961188205,0.5755188193849565,0.5336296265452943,0.0,0.0,0.0,0.0,0.0,0.0,1.0
0.0017585004812722081,0.08291696283203133,-0.2083679758453241,-0.15952683856516064,0.1480852103254202,-0.6842174107830546,-0.6732657355858858,0.0,0.0,0.0,0.0,1.0,0.0,0.0
-0.26552198409027744,-0.26130124511522795,-0.2225361671604216,-0.16284389428132517,-0.37034805961188205,-0.48757633997091815,-0.4792517157889571,0.0,0.0,0.0,0.0,0.0,1.0,0.0
0.3108004488281237,0.7025097371370981,0.8581280690377013,7.079458145215391,0.015982272255798808,-0.8640164649312321,-0.8936943502411376,0.0,0.0,0.0,1.0,0.0,0.0,0.0
6.903679532650693,5.521564648398728,10.993431064458349,1.068950704699102,0.4093296092053007,0.6389704336430185,0.7683980612559066,1.0,0.0,0.0,0.0,0.0,0.0,0.0
-0.2403891974558371,-0.26130124511522795,-0.2225361671604216,-0.16284389428132517,-0.37034805961188205,0.5755188193849565,0.5336296265452943,0.0,0.0,0.0,0.0,0.0,0.0,1.0
-0.2128368315512571,-0.12361396193632423,-0.13830335851997885,-0.1548144345612083,-0.05212372645325274,-0.8640164649312321,-0.8936943502411376,0.0,0.0,0.0,1.0,0.0,0.0,0.0
-0.18080112758730077,0.9090406619054536,0.5126571027243646,-0.11955333779401606,-0.31573591132424883,-1.1072151855588004,-1.1259153488245126,0.0,0.0,1.0,0.0,0.0,0.0,0.0
-0.024987338999927902,-0.26130124511522795,-0.2225361671604216,-0.16284389428132517,-0.37034805961188205,1.881283378844675,1.8272838018489053,0.0,1.0,0.0,0.0,0.0,0.0,0.0
-0.15556159480858955,-0.26130124511522795,-0.2225361671604216,-0.16284389428132517,-0.37034805961188205,0.5755188193849565,0.5336296265452943,0.0,0.0,0.0,0.0,0.0,0.0,1.0
-0.2507672948155045,-0.26130124511522795,-0.2225361671604216,-0.16284389428132517,-0.37034805961188205,0.5755188193849565,0.5336296265452943,0.0,0.0,0.0,0.0,0.0,0.0,1.0
-0.2508977623251689,0.5648224539581944,0.5809749567368896,0.23404082902730855,-0.34621640798903425,-1.1072151855588004,-1.1259153488245126,0.0,0.0,1.0,0.0,0.0,0.0,0.0
-0.2765524189982668,-0.26130124511522795,-0.2225361671604216,-0.16284389428132517,-0.37034805961188205,-1.1072151855588004,-1.1259153488245126,0.0,0.0,1.0,0.0,0.0,0.0,0.0
-0.2408636247637076,-0.26130124511522795,-0.2225361671604216,-0.16284389428132517,-0.37034805961188205,0.5755188193849565,0.5336296265452943,0.0,0.0,0.0,0.0,0.0,0.0,1.0
-0.019021415603456215,-0.1924576035257761,-0.13907969777012116,-0.12820350404784636,2.0324402222438147,-0.48757633997091815,-0.4792517157889571,0.0,0.0,0.0,0.0,0.0,1.0,0.0
-0.24786142755479765,-0.26130124511522795,-0.2225361671604216,-0.16284389428132517,-0.37034805961188205,0.5755188193849565,0.5336296265452943,0.0,0.0,0.0,0.0,0.0,0.0,1.0
-0.05507789100161512,-0.054770320346872375,0.3705870199483182,-0.05284476520276683,0.32104762981077845,-0.48757633997091815,-0.4792517157889571,0.0,0.0,0.0,0.0,0.0,1.0,0.0
1.4472792041492382,0.22060424601093506,0.7801059743983971,-0.07059200641470108,1.881929130663013,0.6389704336430185,0.7683980612559066,1.0,0.0,0.0,0.0,0.0,0.0,0.0
-0.2344825774728492,-0.26130124511522795,-0.2225361671604216,-0.16284389428132517,-0.37034805961188205,0.5755188193849565,0.5336296265452943,0.0,0.0,0.0,0.0,0.0,0.0,1.0
0.09759281667111562,-0.1924576035257761,-0.2128319265336425,-0.16236719166343327,3.095205726189346,-0.6842174107830546,-0.6732657355858858,0.0,0.0,0.0,0.0,1.0,0.0,0.0
-0.2742395858723981,-0.26130124511522795,-0.2225361671604216,-0.16284389428132517,-0.37034805961188205,-0.6842174107830546,-0.6732657355858858,0.0,0.0,0.0,0.0,1.0,0.0,0.0
-0.08018695627066197,-0.12361396193632423,-0.17207411590117017,-0.16015251075114376,0.5523295585409916,-0.48757633997091815,-0.4792517157889571,0.0,0.0,0.0,0.0,0.0,1.0,0.0
-0.27758429839288523,-0.26130124511522795,-0.2225361671604216,-0.16284389428132517,-0.37034805961188205,0.6389704336430185,0.7683980612559066,1.0,0.0,0.0,0.0,0.0,0.0,0.0
-0.2591646581648126,-0.26130124511522795,-0.2225361671604216,-0.16284389428132517,-0.37034805961188205,0.5755188193849565,0.5336296265452943,0.0,0.0,0.0,0.0,0.0,0.0,1.0
-0.2812848313942752,-0.26130124511522795,-0.2225361671604216,-0.16284389428132517,-0.37034805961188205,-0.8640164649312321,-0.8936943502411376,0.0,0.0,0.0,1.0,0.0,0.0,0.0
-0.2645256867437494,-0.26130124511522795,-0.2225361671604216,-0.16284389428132517,-0.37034805961188205,0.6389704336430185,0.7683980612559066,1.0,0.0,0.0,0.0,0.0,0.0,0.0
0.032762325050610164,-0.26130124511522795,-0.2225361671604216,-0.16284389428132517,-0.37034805961188205,1.881283378844675,1.8272838018489053,0.0,1.0,0.0,0.0,0.0,0.0,0.0
-0.25838185310682626,-0.26130124511522795,-0.2225361671604216,-0.16284389428132517,-0.37034805961188205,-1.1072151855588004,-1.1259153488245126,0.0,0.0,1.0,0.0,0.0,0.0,0.0
-0.25211941264293547,-0.26130124511522795,-0.2225361671604216,-0.16284389428132517,-0.37034805961188205,-0.6842174107830546,-0.6732657355858858,0.0,0.0,0.0,0.0,1.0,0.0,0.0
-0.2698748546399894,-0.26130124511522795,-0.2225361671604216,-0.16284389428132517,-0.37034805961188205,0.5755188193849565,0.5336296265452943,0.0,0.0,0.0,0.0,0.0,0.0,1.0
-0.22367749553609828,-0.26130124511522795,-0.2225361671604216,-0.16284389428132517,-0.37034805961188205,-0.6842174107830546,-0.6732657355858858,0.0,0.0,0.0,0.0,1.0,0.0,0.0
0.43799441006820794,-0.1924576035257761,-0.11054923032739056,-0.15538051891995497,6.1974606044681035,1.881283378844675,1.8272838018489053,0.0,1.0,0.0,0.0,0.0,0.0,0.0
0.39279334831084495,1.3221025114421647,1.8599938713463777,10.858570287902344,-0.10270161919683098,-0.8640164649312321,-0.8936943502411376,0.0,0.0,0.0,1.0,0.0,0.0,0.0
-0.28024109131696007,-0.26130124511522795,-0.2225361671604216,-0.16284389428132517,-0.37034805961188205,0.5755188193849565,0.5336296265452943,0.0,0.0,0.0,0.0,0.0,0.0,1.0
-0.2533173415953085,-0.26130124511522795,-0.2225361671604216,-0.16284389428132517,-0.37034805961188205,0.5755188193849565,0.5336296265452943,0.0,0.0,0.0,0.0,0.0,0.0,1.0
-0.2652729097536454,-0.26130124511522795,-0.2225361671604216,-0.16284389428132517,-0.37034805961188205,0.6389704336430185,0.7683980612559066,1.0,0.0,0.0,0.0,0.0,0.0,0.0
-0.25816836081828454,-0.26130124511522795,-0.2225361671604216,-0.16284389428132517,-0.37034805961188205,1.881283378844675,1.8272838018489053,0.0,1.0,0.0,0.0,0.0,0.0,0.0
-0.234292806549701,-0.1924576035257761,-0.09735146307497095,-0.14422269826992243,0.07056126611979219,-1.1072151855588004,-1.1259153488245126,0.0,0.0,1.0,0.0,0.0,0.0,0.0
-0.2780705863834525,-0.26130124511522795,-0.2225361671604216,-0.16284389428132517,-0.37034805961188205,-1.1072151855588004,-1.1259153488245126,0.0,0.0,1.0,0.0,0.0,0.0,0.0
-0.26235518181024176,-0.26130124511522795,-0.2225361671604216,-0.16284389428132517,-0.37034805961188205,-0.6842174107830546,-0.6732657355858858,0.0,0.0,0.0,0.0,1.0,0.0,0.0
-0.14770982286333256,-0.26130124511522795,-0.2225361671604216,-0.16284389428132517,-0.37034805961188205,0.6389704336430185,0.7683980612559066,1.0,0.0,0.0,0.0,0.0,0.0,0.0
-0.03607707732140112,4.075848175020239,3.784344787636677,2.737673046891083,-0.3346758173828606,-1.1072151855588004,-1.1259153488245126,0.0,0.0,1.0,0.0,0.0,0.0,0.0
-0.22378424168036914,-0.054770320346872375,-0.02088204693595148,-0.14388999956785203,-0.19145496471462273,-1.1072151855588004,-1.1259153488245126,0.0,0.0,1.0,0.0,0.0,0.0,0.0
0.2929619820521924,-0.054770320346872375,0.8565753905374167,-0.11294405462303551,1.378336446863181,0.6389704336430185,0.7683980612559066,1.0,0.0,0.0,0.0,0.0,0.0,0.0
-0.17107536777595528,-0.26130124511522795,-0.2225361671604216,-0.16284389428132517,-0.37034805961188205,1.881283378844675,1.8272838018489053,0.0,1.0,0.0,0.0,0.0,0.0,0.0
0.13383906299242274,-0.26130124511522795,-0.2225361671604216,-0.16284389428132517,-0.37034805961188205,1.881283378844675,1.8272838018489053,0.0,1.0,0.0,0.0,0.0,0.0,0.0
-0.27694382152726,-0.26130124511522795,-0.2225361671604216,-0.16284389428132517,-0.37034805961188205,-1.1072151855588004,-1.1259153488245126,0.0,0.0,1.0,0.0,0.0,0.0,0.0
0.14204665541858258,-0.1924576035257761,-0.1707155222134211,0.27480883416160634,3.5003364329415683,0.5755188193849565,0.5336296265452943,0.0,0.0,0.0,0.0,0.0,0.0,1.0
-0.2785805957394133,-0.26130124511522795,-0.2225361671604216,-0.16284389428132517,-0.37034805961188205,0.5755188193849565,0.5336296265452943,0.0,0.0,0.0,0.0,0.0,0.0,1.0
-0.27745383088322084,-0.26130124511522795,-0.2225361671604216,-0.16284389428132517,-0.37034805961188205,-0.6842174107830546,-0.6732657355858858,0.0,0.0,0.0,0.0,1.0,0.0,0.0
-0.21792506442816834,-0.12361396193632423,-0.211667417658429,-0.16256581775422158,-0.07530956866199119,-0.8640164649312321,-0.8936943502411376,0.0,0.0,0.0,1.0,0.0,0.0,0.0
-0.2097767754154923,-0.26130124511522795,-0.2225361671604216,-0.16284389428132517,-0.37034805961188205,1.881283378844675,1.8272838018489053,0.0,1.0,0.0,0.0,0.0,0.0,0.0
1.5923709355787374,1.3221025114421647,3.9863870774862185,0.045067966251323706,0.37261872034904886,0.6389704336430185,0.7683980612559066,1.0,0.0,0.0,0.0,0.0,0.0,0.0
-0.27821291457581365,-0.26130124511522795,-0.2225361671604216,-0.16284389428132517,-0.37034805961188205,-0.48757633997091815,-0.4792517157889571,0.0,0.0,0.0,0.0,0.0,1.0,0.0
-0.24079246066752702,-0.26130124511522795,-0.2225361671604216,-0.16284389428132517,-0.37034805961188205,0.5755188193849565,0.5336296265452943,0.0,0.0,0.0,0.0,0.0,0.0,1.0
-0.22997551804807934,0.2894478876003869,0.07499585045662623,-0.1463479974413572,-0.31031618494205404,-1.1072151855588004,-1.1259153488245126,0.0,0.0,1.0,0.0,0.0,0.0,0.0
-0.25905791202054174,-0.26130124511522795,-0.2225361671604216,-0.16284389428132517,-0.37034805961188205,-0.48757633997091815,-0.4792517157889571,0.0,0.0,0.0,0.0,0.0,1.0,0.0
-0.2656050088691548,-0.26130124511522795,-0.2225361671604216,-0.16284389428132517,-0.37034805961188205,-0.8640164649312321,-0.8936943502411376,0.0,0.0,0.0,1.0,0.0,0.0,0.0
-0.2695190341590865,-0.26130124511522795,-0.2225361671604216,-0.16284389428132517,-0.37034805961188205,1.881283378844675,1.8272838018489053,0.0,1.0,0.0,0.0,0.0,0.0,0.0
-0.24833585486266815,-0.26130124511522795,-0.2225361671604216,-0.16284389428132517,-0.37034805961188205,-0.48757633997091815,-0.4792517157889571,0.0,0.0,0.0,0.0,0.0,1.0,0.0
-0.2088160601170545,-0.26130124511522795,-0.2225361671604216,-0.16284389428132517,-0.37034805961188205,0.5755188193849565,0.5336296265452943,0.0,0.0,0.0,0.0,0.0,0.0,1.0
-0.014111092966996416,1.3909461530316167,0.20677943816828667,-0.12070040346831847,-0.2683672854991267,-0.8640164649312321,-0.8936943502411376,0.0,0.0,0.0,1.0,0.0,0.0,0.0
0.2002588860942944,-0.26130124511522795,-0.2225361671604216,-0.16284389428132517,-0.37034805961188205,1.881283378844675,1.8272838018489053,0.0,1.0,0.0,0.0,0.0,0.0,0.0
-0.24969983337279586,-0.26130124511522795,-0.2225361671604216,-0.16284389428132517,-0.37034805961188205,0.5755188193849565,0.5336296265452943,0.0,0.0,0.0,0.0,0.0,0.0,1.0
-0.221091866708204,-0.26130124511522795,-0.2225361671604216,-0.16284389428132517,-0.37034805961188205,0.5755188193849565,0.5336296265452943,0.0,0.0,0.0,0.0,0.0,0.0,1.0
-0.0017285402315760545,-0.26130124511522795,-0.2225361671604216,-0.16284389428132517,-0.37034805961188205,0.5755188193849565,0.5336296265452943,0.0,0.0,0.0,0.0,0.0,0.0,1.0
-0.2755086789209517,-0.26130124511522795,-0.2225361671604216,-0.16284389428132517,-0.37034805961188205,-0.48757633997091815,-0.4792517157889571,0.0,0.0,0.0,0.0,0.0,1.0,0.0
-0.2566027507023118,-0.26130124511522795,-0.2225361671604216,-0.16284389428132517,-0.37034805961188205,1.881283378844675,1.8272838018489053,0.0,1.0,0.0,0.0,0.0,0.0,0.0
-0.23133949655820707,-0.26130124511522795,-0.2225361671604216,-0.16284389428132517,-0.37034805961188205,0.6389704336430185,0.7683980612559066,1.0,0.0,0.0,0.0,0.0,0.0,0.0
-0.26280588775271874,-0.26130124511522795,-0.2225361671604216,-0.16284389428132517,-0.37034805961188205,-0.6842174107830546,-0.6732657355858858,0.0,0.0,0.0,0.0,1.0,0.0,0.0
0.15759601043403862,0.08291696283203133,0.7482760651425616,-0.03835002622749093,0.4321306935707484,0.6389704336430185,0.7683980612559066,1.0,0.0,0.0,0.0,0.0,0.0,0.0
-0.26226029634866765,-0.26130124511522795,-0.2225361671604216,-0.16284389428132517,-0.37034805961188205,-0.6842174107830546,-0.6732657355858858,0.0,0.0,0.0,0.0,1.0,0.0,0.0
-0.2756984498440999,-0.26130124511522795,-0.2225361671604216,-0.16284389428132517,-0.37034805961188205,0.5755188193849565,0.5336296265452943,0.0,0.0,0.0,0.0,0.0,0.0,1.0
-0.1707195472950524,-0.1924576035257761,-0.21438460503392714,-0.16161737817070745,0.6499370900770793,-0.6842174107830546,-0.6732657355858858,0.0,0.0,0.0,0.0,1.0,0.0,0.0
-0.2601253734632504,-0.26130124511522795,-0.2225361671604216,-0.16284389428132517,-0.37034805961188205,-0.6842174107830546,-0.6732657355858858,0.0,0.0,0.0,0.0,1.0,0.0,0.0
-0.07104236991145785,-0.26130124511522795,-0.2225361671604216,-0.16284389428132517,-0.37034805961188205,0.6389704336430185,0.7683980612559066,1.0,0.0,0.0,0.0,0.0,0.0,0.0
-0.26593710798466413,-0.1924576035257761,-0.09308159719918814,0.8568279710417411,-0.21782953580521563,-0.8640164649312321,-0.8936943502411376,0.0,0.0,0.0,1.0,0.0,0.0,0.0
0.6050046831213249,0.22060424601093506,0.9932110985624667,-0.0926097085785837,0.7853461146048366,0.6389704336430185,0.7683980612559066,1.0,0.0,0.0,0.0,0.0,0.0,0.0
-0.14271647544799543,-0.12361396193632423,-0.21108516322082224,-0.1592388307335176,0.2673977167590123,-0.6842174107830546,-0.6732657355858858,0.0,0.0,0.0,0.0,1.0,0.0,0.0
0.5892062537692369,0.08291696283203133,-0.006325685995782801,-0.14092053951056702,1.218827941100811,1.881283378844675,1.8272838018489053,0.0,1.0,0.0,0.0,0.0,0.0,0.0
-0.2816050698270878,-0.26130124511522795,-0.2225361671604216,-0.16284389428132517,-0.37034805961188205,-0.8640164649312321,-0.8936943502411376,0.0,0.0,0.0,1.0,0.0,0.0,0.0
-0.27508169434386825,-0.26130124511522795,-0.2225361671604216,-0.16284389428132517,-0.37034805961188205,-0.8640164649312321,-0.8936943502411376,0.0,0.0,0.0,1.0,0.0,0.0,0.0
-0.2698155512265056,-0.12361396193632423,-0.10569711001400099,-0.15441718237963173,-0.3117619221893355,-0.8640164649312321,-0.8936943502411376,0.0,0.0,0.0,1.0,0.0,0.0,0.0
0.37319950049579276,-0.26130124511522795,-0.2225361671604216,-0.16284389428132517,-0.37034805961188205,0.6389704336430185,0.7683980612559066,1.0,0.0,0.0,0.0,0.0,0.0,0.0
0.3900535306078927,0.8401970203160017,0.9371205877396834,2.815042874905394,0.012833112951473416,-0.8640164649312321,-0.8936943502411376,0.0,0.0,0.0,1.0,0.0,0.0,0.0
-0.2089465276267189,-0.26130124511522795,-0.2225361671604216,-0.16284389428132517,-0.37034805961188205,-0.6842174107830546,-0.6732657355858858,0.0,0.0,0.0,0.0,1.0,0.0,0.0
0.19233595005285684,0.1517606044214832,-0.12782277864305738,-0.148964896187493,0.3511513923055741,1.881283378844675,1.8272838018489053,0.0,1.0,0.0,0.0,0.0,0.0,0.0
0.2276452024411197,1.666320719389424,1.2748281615515968,-0.06290517670119403,-0.20424848470792262,-0.48757633997091815,-0.4792517157889571,0.0,0.0,0.0,0.0,0.0,1.0,0.0
-0.2720334988908002,-0.26130124511522795,-0.2225361671604216,-0.16284389428132517,-0.37034805961188205,-0.48757633997091815,-0.4792517157889571,0.0,0.0,0.0,0.0,0.0,1.0,0.0
-0.16012795764684323,-0.1924576035257761,-0.1874068160914812,0.14405824424794075,0.7464636965684707,-0.8640164649312321,-0.8936943502411376,0.0,0.0,0.0,1.0,0.0,0.0,0.0
-0.26402753807048535,-0.26130124511522795,-0.2225361671604216,-0.16284389428132517,-0.37034805961188205,1.881283378844675,1.8272838018489053,0.0,1.0,0.0,0.0,0.0,0.0,0.0
0.02347541049904489,-0.1924576035257761,0.00745433569424355,-0.039084942763407626,2.4197356657585463,1.881283378844675,1.8272838018489053,0.0,1.0,0.0,0.0,0.0,0.0,0.0
-0.26361241417609865,-0.054770320346872375,0.06470935539224036,-0.10588289709551159,-0.31244650805097657,-1.1072151855588004,-1.1259153488245126,0.0,0.0,1.0,0.0,0.0,0.0,0.0
-0.1554548486643187,-0.26130124511522795,-0.2225361671604216,-0.16284389428132517,-0.37034805961188205,0.5755188193849565,0.5336296265452943,0.0,0.0,0.0,0.0,0.0,0.0,1.0
0.15696739425111017,-0.26130124511522795,-0.2225361671604216,-0.16284389428132517,-0.37034805961188205,1.881283378844675,1.8272838018489053,0.0,1.0,0.0,0.0,0.0,0.0,0.0
-0.2612046955886558,-0.26130124511522795,-0.2225361671604216,-0.16284389428132517,-0.37034805961188205,0.6389704336430185,0.7683980612559066,1.0,0.0,0.0,0.0,0.0,0.0,0.0
-0.26118097422326225,-0.26130124511522795,-0.2225361671604216,-0.16284389428132517,-0.37034805961188205,-1.1072151855588004,-1.1259153488245126,0.0,0.0,1.0,0.0,0.0,0.0,0.0
-0.15443482995239707,-0.1924576035257761,-0.1631462145245334,-0.15406958672075222,0.7983480987138993,-0.48757633997091815,-0.4792517157889571,0.0,0.0,0.0,0.0,0.0,1.0,0.0
-0.27830780003738775,-0.26130124511522795,-0.2225361671604216,-0.16284389428132517,-0.37034805961188205,-0.8640164649312321,-0.8936943502411376,0.0,0.0,0.0,1.0,0.0,0.0,0.0
-0.19942239942121837,-0.26130124511522795,-0.2225361671604216,-0.16284389428132517,-0.37034805961188205,0.6389704336430185,0.7683980612559066,1.0,0.0,0.0,0.0,0.0,0.0,0.0
-0.12880389464469266,0.1517606044214832,1.6946336110660616,-0.05562056482153327,-0.13663404953110206,0.6389704336430185,0.7683980612559066,1.0,0.0,0.0,0.0,0.0,0.0,0.0
-0.18361210938643358,-0.26130124511522795,-0.2225361671604216,-0.16284389428132517,-0.37034805961188205,-0.48757633997091815,-0.4792517157889571,0.0,0.0,0.0,0.0,0.0,1.0,0.0
-0.09789495553692883,0.014073321242579479,-0.18449554390344744,-0.15810169636375462,0.05064522217126045,-0.6842174107830546,-0.6732657355858858,0.0,0.0,0.0,0.0,1.0,0.0,0.0
-0.2569229891351244,0.014073321242579479,-0.10550302520146541,-0.1556784580561374,-0.3116808528109833,-1.1072151855588004,-1.1259153488245126,0.0,0.0,1.0,0.0,0.0,0.0,0.0
-0.28142715958663633,-0.26130124511522795,-0.2225361671604216,-0.16284389428132517,-0.37034805961188205,-1.1072151855588004,-1.1259153488245126,0.0,0.0,1.0,0.0,0.0,0.0,0.0
-0.27227071254473545,-0.26130124511522795,-0.2225361671604216,-0.16284389428132517,-0.37034805961188205,-0.8640164649312321,-0.8936943502411376,0.0,0.0,0.0,1.0,0.0,0.0,0.0
-0.07933298711649504,-0.1924576035257761,-0.2225361671604216,-0.16284389428132517,1.4827898370156796,0.6389704336430185,0.7683980612559066,1.0,0.0,0.0,0.0,0.0,0.0,0.0
-0.2816643732405716,-0.26130124511522795,-0.2225361671604216,-0.16284389428132517,-0.37034805961188205,-1.1072151855588004,-1.1259153488245126,0.0,0.0,1.0,0.0,0.0,0.0,0.0
-0.28114250320191403,-0.26130124511522795,-0.2225361671604216,-0.16284389428132517,-0.37034805961188205,0.5755188193849565,0.5336296265452943,0.0,0.0,0.0,0.0,0.0,0.0,1.0
-0.1901947882831369,-0.26130124511522795,-0.2225361671604216,-0.16284389428132517,-0.37034805961188205,1.881283378844675,1.8272838018489053,0.0,1.0,0.0,0.0,0.0,0.0,0.0
0.019086957901242655,-0.12361396193632423,0.08178881889537161,-0.14316997998874445,1.004696689746448,0.6389704336430185,0.7683980612559066,1.0,0.0,0.0,0.0,0.0,0.0,0.0
-0.22824385837435196,-0.26130124511522795,-0.2225361671604216,-0.16284389428132517,-0.37034805961188205,0.5755188193849565,0.5336296265452943,0.0,0.0,0.0,0.0,0.0,0.0,1.0
-0.16790856549591962,-0.1924576035257761,-0.2083679758453241,-0.15968077378552156,0.6755550136363847,-0.6842174107830546,-0.6732657355858858,0.0,0.0,0.0,0.0,1.0,0.0,0.0
0.2387349407625929,1.3221025114421647,-0.046889411815719526,-0.13869592729373809,-0.16374568617753507,-0.6842174107830546,-0.6732657355858858,0.0,0.0,0.0,0.0,1.0,0.0,0.0
-0.2433187860819375,-0.26130124511522795,-0.2225361671604216,-0.16284389428132517,-0.37034805961188205,1.881283378844675,1.8272838018489053,0.0,1.0,0.0,0.0,0.0,0.0,0.0
-0.282494621029345,-0.26130124511522795,-0.2225361671604216,-0.16284389428132517,-0.37034805961188205,-1.1072151855588004,-1.1259153488245126,0.0,0.0,1.0,0.0,0.0,0.0,0.0
0.020700010748002397,0.1517606044214832,0.07033781495577225,-0.10047530177380022,0.09045028694220653,-0.48757633997091815,-0.4792517157889571,0.0,0.0,0.0,0.0,0.0,1.0,0.0
-0.2764693942193895,-0.26130124511522795,-0.2225361671604216,-0.16284389428132517,-0.37034805961188205,-1.1072151855588004,-1.1259153488245126,0.0,0.0,1.0,0.0,0.0,0.0,0.0
-0.28103575705764317,-0.26130124511522795,-0.2225361671604216,-0.16284389428132517,-0.37034805961188205,-1.1072151855588004,-1.1259153488245126,0.0,0.0,1.0,0.0,0.0,0.0,0.0
-0.265094999513194,-0.26130124511522795,-0.2225361671604216,-0.16284389428132517,-0.37034805961188205,-0.48757633997091815,-0.4792517157889571,0.0,0.0,0.0,0.0,0.0,1.0,0.0
-0.28181856211562956,-0.26130124511522795,-0.2225361671604216,-0.16284389428132517,-0.37034805961188205,-0.8640164649312321,-0.8936943502411376,0.0,0.0,0.0,1.0,0.0,0.0,0.0
-0.2721521057177678,-0.26130124511522795,-0.2225361671604216,-0.16284389428132517,-0.37034805961188205,0.5755188193849565,0.5336296265452943,0.0,0.0,0.0,0.0,0.0,0.0,1.0
-0.17411170254632657,-0.12361396193632423,-0.213996435408856,-0.16231753514073619,0.12433728709343964,-0.6842174107830546,-0.6732657355858858,0.0,0.0,0.0,0.0,1.0,0.0,0.0
-0.16605829899522462,-0.26130124511522795,-0.2225361671604216,-0.16284389428132517,-0.37034805961188205,1.881283378844675,1.8272838018489053,0.0,1.0,0.0,0.0,0.0,0.0,0.0
-0.2778215120468205,-0.26130124511522795,-0.2225361671604216,-0.16284389428132517,-0.37034805961188205,-0.48757633997091815,-0.4792517157889571,0.0,0.0,0.0,0.0,0.0,1.0,0.0
-0.25085031959438187,-0.26130124511522795,-0.2225361671604216,-0.16284389428132517,-0.37034805961188205,-0.48757633997091815,-0.4792517157889571,0.0,0.0,0.0,0.0,0.0,1.0,0.0
-0.2651305815612843,-0.26130124511522795,-0.2225361671604216,-0.16284389428132517,-0.37034805961188205,-1.1072151855588004,-1.1259153488245126,0.0,0.0,1.0,0.0,0.0,0.0,0.0
-0.26924623845706097,-0.26130124511522795,-0.2225361671604216,-0.16284389428132517,-0.37034805961188205,-0.8640164649312321,-0.8936943502411376,0.0,0.0,0.0,1.0,0.0,0.0,0.0
-0.24748188570850124,-0.26130124511522795,-0.2225361671604216,-0.16284389428132517,-0.37034805961188205,-0.6842174107830546,-0.6732657355858858,0.0,0.0,0.0,0.0,1.0,0.0,0.0
-0.26564059091724507,-0.26130124511522795,-0.2225361671604216,-0.16284389428132517,-0.37034805961188205,-0.48757633997091815,-0.4792517157889571,0.0,0.0,0.0,0.0,0.0,1.0,0.0
-0.27961247513403165,-0.26130124511522795,-0.2225361671604216,-0.16284389428132517,-0.37034805961188205,-1.1072151855588004,-1.1259153488245126,0.0,0.0,1.0,0.0,0.0,0.0,0.0
-0.215291992869487,-0.12361396193632423,-0.04106686743965205,-0.14921814445324807,-0.06331130066586081,-1.1072151855588004,-1.1259153488245126,0.0,0.0,1.0,0.0,0.0,0.0,0.0
-0.25341222705688266,-0.26130124511522795,-0.2225361671604216,-0.16284389428132517,-0.37034805961188205,-0.48757633997091815,-0.4792517157889571,0.0,0.0,0.0,0.0,0.0,1.0,0.0
-0.27875850597986473,-0.26130124511522795,-0.2225361671604216,-0.16284389428132517,-0.37034805961188205,-1.1072151855588004,-1.1259153488245126,0.0,0.0,1.0,0.0,0.0,0.0,0.0
0.03415002492613141,-0.26130124511522795,-0.2225361671604216,-0.16284389428132517,-0.37034805961188205,1.881283378844675,1.8272838018489053,0.0,1.0,0.0,0.0,0.0,0.0,0.0
-0.28171181597135864,-0.26130124511522795,-0.2225361671604216,-0.16284389428132517,-0.37034805961188205,-0.8640164649312321,-0.8936943502411376,0.0,0.0,0.0,1.0,0.0,0.0,0.0
-0.2770268463061374,-0.26130124511522795,-0.2225361671604216,-0.16284389428132517,-0.37034805961188205,1.881283378844675,1.8272838018489053,0.0,1.0,0.0,0.0,0.0,0.0,0.0
-0.1957811698333122,-0.26130124511522795,-0.2225361671604216,-0.16284389428132517,-0.37034805961188205,1.881283378844675,1.8272838018489053,0.0,1.0,0.0,0.0,0.0,0.0,0.0
-0.265094999513194,-0.1924576035257761,-0.13461574708180277,-0.160097888576177,-0.21015496798787098,-1.1072151855588004,-1.1259153488245126,0.0,0.0,1.0,0.0,0.0,0.0,0.0
-0.2398080240036957,-0.26130124511522795,-0.2225361671604216,-0.16284389428132517,-0.37034805961188205,0.5755188193849565,0.5336296265452943,0.0,0.0,0.0,0.0,0.0,0.0,1.0
-0.11351547464856543,-0.26130124511522795,-0.2225361671604216,-0.16284389428132517,-0.37034805961188205,0.6389704336430185,0.7683980612559066,1.0,0.0,0.0,0.0,0.0,0.0,0.0
-0.17013837384291103,-0.26130124511522795,-0.2225361671604216,-0.16284389428132517,-0.37034805961188205,0.5755188193849565,0.5336296265452943,0.0,0.0,0.0,0.0,0.0,0.0,1.0
-0.2791736298742514,-0.26130124511522795,-0.2225361671604216,-0.16284389428132517,-0.37034805961188205,0.5755188193849565,0.5336296265452943,0.0,0.0,0.0,0.0,0.0,0.0,1.0
1.0298899193674587,3.4562554007151722,0.9561408993681705,-0.06126154579992088,-0.14882848540571433,1.881283378844675,1.8272838018489053,0.0,1.0,0.0,0.0,0.0,0.0,0.0
-0.2720334988908002,-0.26130124511522795,-0.2225361671604216,-0.16284389428132517,-0.37034805961188205,1.881283378844675,1.8272838018489053,0.0,1.0,0.0,0.0,0.0,0.0,0.0
-0.25554714994229993,-0.26130124511522795,-0.2225361671604216,-0.16284389428132517,-0.37034805961188205,0.6389704336430185,0.7683980612559066,1.0,0.0,0.0,0.0,0.0,0.0,0.0
-0.1635794163116012,-0.26130124511522795,-0.2225361671604216,-0.16284389428132517,-0.37034805961188205,1.881283378844675,1.8272838018489053,0.0,1.0,0.0,0.0,0.0,0.0,0.0
-0.27786895477760754,-0.26130124511522795,-0.2225361671604216,-0.16284389428132517,-0.37034805961188205,-1.1072151855588004,-1.1259153488245126,0.0,0.0,1.0,0.0,0.0,0.0,0.0
-0.27866362051829063,-0.26130124511522795,-0.2225361671604216,-0.16284389428132517,-0.37034805961188205,-0.48757633997091815,-0.4792517157889571,0.0,0.0,0.0,0.0,0.0,1.0,0.0
-0.23917940782076727,-0.26130124511522795,-0.2225361671604216,-0.16284389428132517,-0.37034805961188205,1.881283378844675,1.8272838018489053,0.0,1.0,0.0,0.0,0.0,0.0,0.0
-0.2641105628493627,-0.1924576035257761,-0.21884855572224554,-0.15469029325446562,-0.2011832901168906,-1.1072151855588004,-1.1259153488245126,0.0,0.0,1.0,0.0,0.0,0.0,0.0
-0.15022428759504627,-0.1924576035257761,-0.08551228951030042,-0.15732208895741054,0.8367209378006226,0.6389704336430185,0.7683980612559066,1.0,0.0,0.0,0.0,0.0,0.0,0.0
-0.2823048501061968,-0.26130124511522795,-0.2225361671604216,-0.16284389428132517,-0.37034805961188205,-1.1072151855588004,-1.1259153488245126,0.0,0.0,1.0,0.0,0.0,0.0,0.0
-0.19567442368904134,-0.1924576035257761,-0.19206485159233516,-0.1594324911720362,0.42251046067295017,0.5755188193849565,0.5336296265452943,0.0,0.0,0.0,0.0,0.0,0.0,1.0
-0.21697620981242732,-0.26130124511522795,-0.2225361671604216,-0.16284389428132517,-0.37034805961188205,-0.8640164649312321,-0.8936943502411376,0.0,0.0,0.0,1.0,0.0,0.0,0.0
-0.2556538960865708,0.014073321242579479,-0.11423684176556662,-0.15565859544705857,-0.30878937831642034,-0.8640164649312321,-0.8936943502411376,0.0,0.0,0.0,1.0,0.0,0.0,0.0
0.8619663737466909,0.1517606044214832,1.1139318519595989,-0.019887731088718812,1.3682658285300926,0.6389704336430185,0.7683980612559066,1.0,0.0,0.0,0.0,0.0,0.0,0.0
-0.21842321310143237,-0.26130124511522795,-0.2225361671604216,-0.16284389428132517,-0.37034805961188205,0.6389704336430185,0.7683980612559066,1.0,0.0,0.0,0.0,0.0,0.0,0.0
-0.1897796643887502,-0.1924576035257761,-0.2106969935957511,-0.16228774122711795,0.47623243539436283,0.5755188193849565,0.5336296265452943,0.0,0.0,0.0,0.0,0.0,0.0,1.0
-0.21602735519668628,-0.12361396193632423,-0.03155671162540851,-0.14551873351231606,-0.06666216830441975,-0.48757633997091815,-0.4792517157889571,0.0,0.0,0.0,0.0,0.0,1.0,0.0
-0.08684079926354589,-0.054770320346872375,-0.021852470998629393,-0.14831936139243104,0.22455705415421046,-0.48757633997091815,-0.4792517157889571,0.0,0.0,0.0,0.0,0.0,1.0,0.0
-0.040572276063474216,-0.26130124511522795,-0.2225361671604216,-0.16284389428132517,-0.37034805961188205,0.5755188193849565,0.5336296265452943,0.0,0.0,0.0,0.0,0.0,0.0,1.0
-0.26985113327459587,-0.26130124511522795,-0.2225361671604216,-0.16284389428132517,-0.37034805961188205,-0.8640164649312321,-0.8936943502411376,0.0,0.0,0.0,1.0,0.0,0.0,0.0
-0.2617384263100101,-0.26130124511522795,-0.2225361671604216,-0.16284389428132517,-0.37034805961188205,-0.8640164649312321,-0.8936943502411376,0.0,0.0,0.0,1.0,0.0,0.0,0.0
0.06367126415837401,-0.26130124511522795,-0.2225361671604216,-0.16284389428132517,-0.37034805961188205,1.881283378844675,1.8272838018489053,0.0,1.0,0.0,0.0,0.0,0.0,0.0
-0.2132519554456438,-0.26130124511522795,-0.2225361671604216,-0.16284389428132517,-0.37034805961188205,-0.8640164649312321,-0.8936943502411376,0.0,0.0,0.0,1.0,0.0,0.0,0.0
0.0134294122548868,-0.054770320346872375,0.09770377352328936,-0.11818778341984652,0.5291617317496647,-0.48757633997091815,-0.4792517157889571,0.0,0.0,0.0,0.0,0.0,1.0,0.0
-0.2773115026908597,-0.26130124511522795,-0.2225361671604216,-0.16284389428132517,-0.37034805961188205,-1.1072151855588004,-1.1259153488245126,0.0,0.0,1.0,0.0,0.0,0.0,0.0
-0.22130535899674572,-0.12361396193632423,0.09983870646118077,-0.13793121684420315,-0.09071275054891534,-0.48757633997091815,-0.4792517157889571,0.0,0.0,0.0,0.0,0.0,1.0,0.0
0.1174594601881933,0.4959788123687425,0.38126168463777527,-0.10788405496020366,-0.038838174994802056,-0.48757633997091815,-0.4792517157889571,0.0,0.0,0.0,0.0,0.0,1.0,0.0
-0.28094087159606906,-0.26130124511522795,-0.2225361671604216,-0.16284389428132517,-0.37034805961188205,-0.48757633997091815,-0.4792517157889571,0.0,0.0,0.0,0.0,0.0,1.0,0.0
-0.21373824343621106,-0.26130124511522795,-0.2225361671604216,-0.16284389428132517,-0.37034805961188205,1.881283378844675,1.8272838018489053,0.0,1.0,0.0,0.0,0.0,0.0,0.0
-0.02014818045964868,0.3582915291898388,1.6793009108757506,-0.014316269242107106,-0.10451256028620647,0.6389704336430185,0.7683980612559066,1.0,0.0,0.0,0.0,0.0,0.0,0.0
-0.23570422779061578,-0.26130124511522795,-0.2225361671604216,-0.16284389428132517,-0.37034805961188205,-0.48757633997091815,-0.4792517157889571,0.0,0.0,0.0,0.0,0.0,1.0,0.0
-0.2812136672980946,-0.26130124511522795,-0.2225361671604216,-0.16284389428132517,-0.37034805961188205,-0.8640164649312321,-0.8936943502411376,0.0,0.0,0.0,1.0,0.0,0.0,0.0
-0.19467812634251325,-0.26130124511522795,-0.2225361671604216,-0.16284389428132517,-0.37034805961188205,-0.48757633997091815,-0.4792517157889571,0.0,0.0,0.0,0.0,0.0,1.0,0.0
-0.2742988892858819,-0.26130124511522795,-0.2225361671604216,-0.16284389428132517,-0.37034805961188205,-0.8640164649312321,-0.8936943502411376,0.0,0.0,0.0,1.0,0.0,0.0,0.0
-0.17041116954493657,-0.26130124511522795,-0.2225361671604216,-0.16284389428132517,-0.37034805961188205,-0.48757633997091815,-0.4792517157889571,0.0,0.0,0.0,0.0,0.0,1.0,0.0
-0.27451238157442365,-0.26130124511522795,-0.2225361671604216,-0.16284389428132517,-0.37034805961188205,-0.8640164649312321,-0.8936943502411376,0.0,0.0,0.0,1.0,0.0,0.0,0.0
-0.2746309884013913,-0.26130124511522795,-0.2225361671604216,-0.16284389428132517,-0.37034805961188205,-0.48757633997091815,-0.4792517157889571,0.0,0.0,0.0,0.0,0.0,1.0,0.0
-0.2688192538799775,-0.26130124511522795,-0.2225361671604216,-0.16284389428132517,-0.37034805961188205,-0.8640164649312321,-0.8936943502411376,0.0,0.0,0.0,1.0,0.0,0.0,0.0
-0.2635056680318278,-0.26130124511522795,-0.2225361671604216,-0.16284389428132517,-0.37034805961188205,-0.48757633997091815,-0.4792517157889571,0.0,0.0,0.0,0.0,0.0,1.0,0.0
-0.24030617267695972,-0.12361396193632423,0.02104027257173432,-0.1473460935475684,-0.17729484662909947,-0.48757633997091815,-0.4792517157889571,0.0,0.0,0.0,0.0,0.0,1.0,0.0
-0.2816287911924813,-0.26130124511522795,-0.2225361671604216,-0.16284389428132517,-0.37034805961188205,-0.48757633997091815,-0.4792517157889571,0.0,0.0,0.0,0.0,0.0,1.0,0.0
-0.259295125674477,-0.26130124511522795,-0.2225361671604216,-0.16284389428132517,-0.37034805961188205,-0.48757633997091815,-0.4792517157889571,0.0,0.0,0.0,0.0,0.0,1.0,0.0
0.8253050035309971,0.08291696283203133,0.07907163151987345,-0.135557635059283,1.6491658198953543,1.881283378844675,1.8272838018489053,0.0,1.0,0.0,0.0,0.0,0.0,0.0
-0.1707788507085362,-0.054770320346872375,-0.1982755655934738,-0.16119033207551262,-0.03043316388967771,-0.6842174107830546,-0.6732657355858858,0.0,0.0,0.0,0.0,1.0,0.0,0.0
-0.2761491557865769,-0.26130124511522795,-0.2225361671604216,-0.16284389428132517,-0.37034805961188205,-1.1072151855588004,-1.1259153488245126,0.0,0.0,1.0,0.0,0.0,0.0,0.0
0.03856219888932717,-0.26130124511522795,-0.2225361671604216,-0.16284389428132517,-0.37034805961188205,-0.48757633997091815,-0.4792517157889571,0.0,0.0,0.0,0.0,0.0,1.0,0.0
-0.28012248448999244,-0.26130124511522795,-0.2225361671604216,-0.16284389428132517,-0.37034805961188205,-0.48757633997091815,-0.4792517157889571,0.0,0.0,0.0,0.0,0.0,1.0,0.0
-0.23398442879958517,-0.26130124511522795,-0.2225361671604216,-0.16284389428132517,-0.37034805961188205,1.881283378844675,1.8272838018489053,0.0,1.0,0.0,0.0,0.0,0.0,0.0
-0.26622176436938644,-0.26130124511522795,-0.2225361671604216,-0.16284389428132517,-0.37034805961188205,1.881283378844675,1.8272838018489053,0.0,1.0,0.0,0.0,0.0,0.0,0.0
-0.2748682020553265,-0.26130124511522795,-0.2225361671604216,-0.16284389428132517,-0.37034805961188205,-1.1072151855588004,-1.1259153488245126,0.0,0.0,1.0,0.0,0.0,0.0,0.0
0.12374562201747759,-0.26130124511522795,-0.2225361671604216,-0.16284389428132517,-0.37034805961188205,1.881283378844675,1.8272838018489053,0.0,1.0,0.0,0.0,0.0,0.0,0.0
-0.21900438655357374,-0.26130124511522795,-0.2225361671604216,-0.16284389428132517,-0.37034805961188205,0.6389704336430185,0.7683980612559066,1.0,0.0,0.0,0.0,0.0,0.0,0.0
-0.22709337215276598,-0.26130124511522795,-0.2225361671604216,-0.16284389428132517,-0.37034805961188205,-0.8640164649312321,-0.8936943502411376,0.0,0.0,0.0,1.0,0.0,0.0,0.0
-0.24327134335115044,0.08291696283203133,0.37699181876199245,0.42773602711178516,-0.29853139964225117,-1.1072151855588004,-1.1259153488245126,0.0,0.0,1.0,0.0,0.0,0.0,0.0
-0.2765524189982668,-0.26130124511522795,-0.2225361671604216,-0.16284389428132517,-0.37034805961188205,-0.6842174107830546,-0.6732657355858858,0.0,0.0,0.0,0.0,1.0,0.0,0.0
-0.23237137595282542,-0.26130124511522795,-0.2225361671604216,-0.16284389428132517,-0.37034805961188205,1.881283378844675,1.8272838018489053,0.0,1.0,0.0,0.0,0.0,0.0,0.0
-0.1520033899995607,-0.26130124511522795,-0.2225361671604216,-0.16284389428132517,-0.37034805961188205,-0.48757633997091815,-0.4792517157889571,0.0,0.0,0.0,0.0,0.0,1.0,0.0
-0.26586594388848356,-0.26130124511522795,-0.2225361671604216,-0.16284389428132517,-0.37034805961188205,-0.48757633997091815,-0.4792517157889571,0.0,0.0,0.0,0.0,0.0,1.0,0.0
-0.2775012736140079,-0.26130124511522795,-0.2225361671604216,-0.16284389428132517,-0.37034805961188205,-0.8640164649312321,-0.8936943502411376,0.0,0.0,0.0,1.0,0.0,0.0,0.0
-0.1839204871365494,-0.26130124511522795,-0.2225361671604216,-0.16284389428132517,-0.37034805961188205,0.6389704336430185,0.7683980612559066,1.0,0.0,0.0,0.0,0.0,0.0,0.0
-0.2745835456706042,-0.26130124511522795,-0.2225361671604216,-0.16284389428132517,-0.37034805961188205,0.5755188193849565,0.5336296265452943,0.0,0.0,0.0,0.0,0.0,0.0,1.0
0.052711993346565185,0.22060424601093506,0.007648420506779132,-0.14819522008568836,0.06629933308641772,-0.48757633997091815,-0.4792517157889571,0.0,0.0,0.0,0.0,0.0,1.0,0.0
-0.27894827690301294,-0.26130124511522795,-0.2225361671604216,-0.16284389428132517,-0.37034805961188205,0.5755188193849565,0.5336296265452943,0.0,0.0,0.0,0.0,0.0,0.0,1.0
-0.21609851929286686,-0.26130124511522795,-0.2225361671604216,-0.16284389428132517,-0.37034805961188205,-0.6842174107830546,-0.6732657355858858,0.0,0.0,0.0,0.0,1.0,0.0,0.0
-0.05055897089414849,-0.12361396193632423,-0.20002232890629404,-0.16065900728265392,0.6873370966235759,-0.6842174107830546,-0.6732657355858858,0.0,0.0,0.0,0.0,1.0,0.0,0.0
-0.27843826754705214,-0.26130124511522795,-0.2225361671604216,-0.16284389428132517,-0.37034805961188205,-0.8640164649312321,-0.8936943502411376,0.0,0.0,0.0,1.0,0.0,0.0,0.0
-0.25310384930676677,-0.26130124511522795,-0.2225361671604216,-0.16284389428132517,-0.37034805961188205,-0.6842174107830546,-0.6732657355858858,0.0,0.0,0.0,0.0,1.0,0.0,0.0
-0.23571608847331255,-0.26130124511522795,-0.2225361671604216,-0.16284389428132517,-0.37034805961188205,1.881283378844675,1.8272838018489053,0.0,1.0,0.0,0.0,0.0,0.0,0.0
-0.21345358705148876,-0.26130124511522795,-0.2225361671604216,-0.16284389428132517,-0.37034805961188205,-0.48757633997091815,-0.4792517157889571,0.0,0.0,0.0,0.0,0.0,1.0,0.0
3.5224598308229473,4.075848175020239,6.205552824018068,0.21438677734380668,0.18009843549044238,0.6389704336430185,0.7683980612559066,1.0,0.0,0.0,0.0,0.0,0.0,0.0
-0.2764693942193895,-0.26130124511522795,-0.2225361671604216,-0.16284389428132517,-0.37034805961188205,-0.8640164649312321,-0.8936943502411376,0.0,0.0,0.0,1.0,0.0,0.0,0.0
-0.17585522290275069,-0.12361396193632423,-0.19419978453022657,-0.1590402046427293,0.11639248801492087,-0.6842174107830546,-0.6732657355858858,0.0,0.0,0.0,0.0,1.0,0.0,0.0
-0.1716090984973096,-0.26130124511522795,-0.2225361671604216,-0.16284389428132517,-0.37034805961188205,1.881283378844675,1.8272838018489053,0.0,1.0,0.0,0.0,0.0,0.0,0.0
-0.2263224277774764,-0.26130124511522795,-0.2225361671604216,-0.16284389428132517,-0.37034805961188205,0.6389704336430185,0.7683980612559066,1.0,0.0,0.0,0.0,0.0,0.0,0.0
-0.23254928619327686,-0.26130124511522795,-0.2225361671604216,-0.16284389428132517,-0.37034805961188205,-0.48757633997091815,-0.4792517157889571,0.0,0.0,0.0,0.0,0.0,1.0,0.0
-0.0896161990145884,-0.26130124511522795,-0.2225361671604216,-0.16284389428132517,-0.37034805961188205,1.881283378844675,1.8272838018489053,0.0,1.0,0.0,0.0,0.0,0.0,0.0
-0.17408798118093302,-0.26130124511522795,-0.2225361671604216,-0.16284389428132517,-0.37034805961188205,0.6389704336430185,0.7683980612559066,1.0,0.0,0.0,0.0,0.0,0.0,0.0
0.014069889120511993,-0.1924576035257761,-0.1509188713347917,-0.15611543545587164,2.334018309714119,0.5755188193849565,0.5336296265452943,0.0,0.0,0.0,0.0,0.0,0.0,1.0
-0.2824708996639515,-0.26130124511522795,-0.2225361671604216,-0.16284389428132517,-0.37034805961188205,-1.1072151855588004,-1.1259153488245126,0.0,0.0,1.0,0.0,0.0,0.0,0.0
0.39083633566587905,-0.26130124511522795,-0.2225361671604216,-0.16284389428132517,-0.37034805961188205,1.881283378844675,1.8272838018489053,0.0,1.0,0.0,0.0,0.0,0.0,0.0
-0.1773852509706331,-0.26130124511522795,-0.2225361671604216,-0.16284389428132517,-0.37034805961188205,-0.6842174107830546,-0.6732657355858858,0.0,0.0,0.0,0.0,1.0,0.0,0.0
-0.11177195429214129,-0.1924576035257761,-0.1994400744686873,-0.16133433599133412,1.1871568372912056,-0.8640164649312321,-0.8936943502411376,0.0,0.0,0.0,1.0,0.0,0.0,0.0
-0.21326381612834056,-0.26130124511522795,-0.2225361671604216,-0.16284389428132517,-0.37034805961188205,0.6389704336430185,0.7683980612559066,1.0,0.0,0.0,0.0,0.0,0.0,0.0
0.16502079780221213,-0.054770320346872375,-0.030198117937659436,-0.15192939059250832,0.9896718316251676,-0.48757633997091815,-0.4792517157889571,0.0,0.0,0.0,0.0,0.0,1.0,0.0
-0.27758429839288523,-0.26130124511522795,-0.2225361671604216,-0.16284389428132517,-0.37034805961188205,-0.8640164649312321,-0.8936943502411376,0.0,0.0,0.0,1.0,0.0,0.0,0.0
-0.2728400253141801,-0.26130124511522795,-0.2225361671604216,-0.16284389428132517,-0.37034805961188205,-0.6842174107830546,-0.6732657355858858,0.0,0.0,0.0,0.0,1.0,0.0,0.0
-0.25623506953871217,-0.1924576035257761,-0.10065090488807585,-0.14659131440257286,-0.12940986714904756,-0.8640164649312321,-0.8936943502411376,0.0,0.0,0.0,1.0,0.0,0.0,0.0
-0.17299679837283086,-0.26130124511522795,-0.2225361671604216,-0.16284389428132517,-0.37034805961188205,-0.48757633997091815,-0.4792517157889571,0.0,0.0,0.0,0.0,0.0,1.0,0.0
-0.27792825819109135,-0.26130124511522795,-0.2225361671604216,-0.16284389428132517,-0.37034805961188205,-1.1072151855588004,-1.1259153488245126,0.0,0.0,1.0,0.0,0.0,0.0,0.0
0.31215256665555463,0.2894478876003869,0.5435165879175222,4.6545439299571525,0.3072703393452519,0.5755188193849565,0.5336296265452943,0.0,0.0,0.0,0.0,0.0,0.0,1.0
-0.2649645320035296,-0.26130124511522795,-0.2225361671604216,-0.16284389428132517,-0.37034805961188205,0.5755188193849565,0.5336296265452943,0.0,0.0,0.0,0.0,0.0,0.0,1.0
-0.15448227268318412,-0.26130124511522795,-0.2225361671604216,-0.16284389428132517,-0.37034805961188205,-0.6842174107830546,-0.6732657355858858,0.0,0.0,0.0,0.0,1.0,0.0,0.0
-0.27897199826840646,-0.26130124511522795,-0.2225361671604216,-0.16284389428132517,-0.37034805961188205,-1.1072151855588004,-1.1259153488245126,0.0,0.0,1.0,0.0,0.0,0.0,0.0
-0.17892713972121227,-0.26130124511522795,-0.2225361671604216,-0.16284389428132517,-0.37034805961188205,-0.6842174107830546,-0.6732657355858858,0.0,0.0,0.0,0.0,1.0,0.0,0.0
-0.27568658916140315,-0.26130124511522795,-0.2225361671604216,-0.16284389428132517,-0.37034805961188205,-0.48757633997091815,-0.4792517157889571,0.0,0.0,0.0,0.0,0.0,1.0,0.0
-0.006377927848707071,-0.26130124511522795,-0.2225361671604216,-0.16284389428132517,-0.37034805961188205,0.5755188193849565,0.5336296265452943,0.0,0.0,0.0,0.0,0.0,0.0,1.0
-0.2518821989890002,-0.26130124511522795,-0.2225361671604216,-0.16284389428132517,-0.37034805961188205,0.5755188193849565,0.5336296265452943,0.0,0.0,0.0,0.0,0.0,0.0,1.0
16.903136457906687,9.65218314376584,16.385301241509364,1.4218198862890492,0.7173124992693137,0.6389704336430185,0.7683980612559066,1.0,0.0,0.0,0.0,0.0,0.0,0.0
-0.2248872851711681,-0.1924576035257761,-0.2114733328458934,-0.16090728989613928,0.15627862216421917,-0.6842174107830546,-0.6732657355858858,0.0,0.0,0.0,0.0,1.0,0.0,0.0
-0.2610386460309011,-0.26130124511522795,-0.2225361671604216,-0.16284389428132517,-0.37034805961188205,-1.1072151855588004,-1.1259153488245126,0.0,0.0,1.0,0.0,0.0,0.0,0.0
-0.1984261020746903,-0.26130124511522795,-0.2225361671604216,-0.16284389428132517,-0.37034805961188205,-0.6842174107830546,-0.6732657355858858,0.0,0.0,0.0,0.0,1.0,0.0,0.0
-0.2761847378346672,-0.26130124511522795,-0.2225361671604216,-0.16284389428132517,-0.37034805961188205,0.5755188193849565,0.5336296265452943,0.0,0.0,0.0,0.0,0.0,0.0,1.0
-0.2676806283410883,-0.26130124511522795,-0.2225361671604216,-0.16284389428132517,-0.37034805961188205,-0.48757633997091815,-0.4792517157889571,0.0,0.0,0.0,0.0,0.0,1.0,0.0
0.04873866464314965,-0.26130124511522795,-0.2225361671604216,-0.16284389428132517,-0.37034805961188205,1.881283378844675,1.8272838018489053,0.0,1.0,0.0,0.0,0.0,0.0,0.0
0.07433401790276377,-0.26130124511522795,-0.2225361671604216,-0.16284389428132517,-0.37034805961188205,1.881283378844675,1.8272838018489053,0.0,1.0,0.0,0.0,0.0,0.0,0.0
-0.12990693813549162,-0.1924576035257761,-0.21748996203449647,-0.16257078340649128,1.0218833979571214,-0.6842174107830546,-0.6732657355858858,0.0,0.0,0.0,0.0,1.0,0.0,0.0
1.071627661777367,0.77135337872655,1.6694025854364358,-0.027291518622852545,0.45248090907889993,0.6389704336430185,0.7683980612559066,1.0,0.0,0.0,0.0,0.0,0.0,0.0
-0.2542899175764431,-0.26130124511522795,-0.2225361671604216,-0.16284389428132517,-0.37034805961188205,-0.48757633997091815,-0.4792517157889571,0.0,0.0,0.0,0.0,0.0,1.0,0.0
-0.12032350651650728,-0.26130124511522795,-0.2225361671604216,-0.16284389428132517,-0.37034805961188205,0.5755188193849565,0.5336296265452943,0.0,0.0,0.0,0.0,0.0,0.0,1.0
-0.22921643435548653,-0.26130124511522795,-0.2225361671604216,-0.16284389428132517,-0.37034805961188205,0.5755188193849565,0.5336296265452943,0.0,0.0,0.0,0.0,0.0,0.0,1.0
0.10991606599305216,-0.26130124511522795,-0.2225361671604216,-0.16284389428132517,-0.37034805961188205,0.6389704336430185,0.7683980612559066,1.0,0.0,0.0,0.0,0.0,0.0,0.0
-0.2779045368256978,-0.26130124511522795,-0.2225361671604216,-0.16284389428132517,-0.37034805961188205,-1.1072151855588004,-1.1259153488245126,0.0,0.0,1.0,0.0,0.0,0.0,0.0
-0.25857162402997447,-0.26130124511522795,-0.2225361671604216,-0.16284389428132517,-0.37034805961188205,-0.8640164649312321,-0.8936943502411376,0.0,0.0,0.0,1.0,0.0,0.0,0.0
-0.24557231579432243,-0.26130124511522795,-0.2225361671604216,-0.16284389428132517,-0.37034805961188205,1.881283378844675,1.8272838018489053,0.0,1.0,0.0,0.0,0.0,0.0,0.0
-0.1869805432723142,-0.054770320346872375,-0.20312768590686336,-0.16129957642544618,-0.07965128425818856,-0.6842174107830546,-0.6732657355858858,0.0,0.0,0.0,0.0,1.0,0.0,0.0
-0.2644308012821753,-0.26130124511522795,-0.2225361671604216,-0.16284389428132517,-0.37034805961188205,-1.1072151855588004,-1.1259153488245126,0.0,0.0,1.0,0.0,0.0,0.0,0.0
-0.2729349107757542,-0.26130124511522795,-0.2225361671604216,-0.16284389428132517,-0.37034805961188205,0.5755188193849565,0.5336296265452943,0.0,0.0,0.0,0.0,0.0,0.0,1.0
-0.28002759902841834,-0.26130124511522795,-0.2225361671604216,-0.16284389428132517,-0.37034805961188205,-0.8640164649312321,-0.8936943502411376,0.0,0.0,0.0,1.0,0.0,0.0,0.0
-0.27703870698883415,-0.26130124511522795,-0.2225361671604216,-0.16284389428132517,-0.37034805961188205,-0.48757633997091815,-0.4792517157889571,0.0,0.0,0.0,0.0,0.0,1.0,0.0
-0.2481342232568232,-0.1924576035257761,-0.17867299952737997,-0.15650772198517854,-0.05558268659628132,-0.8640164649312321,-0.8936943502411376,0.0,0.0,0.0,1.0,0.0,0.0,0.0
-0.08954503491840782,-0.26130124511522795,-0.2225361671604216,-0.16284389428132517,-0.37034805961188205,1.881283378844675,1.8272838018489053,0.0,1.0,0.0,0.0,0.0,0.0,0.0
-0.2757577532575837,-0.26130124511522795,-0.2225361671604216,-0.16284389428132517,-0.37034805961188205,-0.6842174107830546,-0.6732657355858858,0.0,0.0,0.0,0.0,1.0,0.0,0.0
-0.21477012283082944,-0.26130124511522795,-0.2225361671604216,-0.16284389428132517,-0.37034805961188205,0.5755188193849565,0.5336296265452943,0.0,0.0,0.0,0.0,0.0,0.0,1.0
-0.2617621476754036,-0.26130124511522795,-0.2225361671604216,-0.16284389428132517,-0.37034805961188205,-0.8640164649312321,-0.8936943502411376,0.0,0.0,0.0,1.0,0.0,0.0,0.0
0.07327841714275188,-0.26130124511522795,-0.2225361671604216,-0.16284389428132517,-0.37034805961188205,0.6389704336430185,0.7683980612559066,1.0,0.0,0.0,0.0,0.0,0.0,0.0
-0.24636698153500552,-0.26130124511522795,-0.2225361671604216,-0.16284389428132517,-0.37034805961188205,-0.48757633997091815,-0.4792517157889571,0.0,0.0,0.0,0.0,0.0,1.0,0.0
-0.1884156858786225,6.485375630651054,1.5383953369749177,-0.060616011004858916,-0.3615826398871856,-1.1072151855588004,-1.1259153488245126,0.0,0.0,1.0,0.0,0.0,0.0,0.0
-0.19821260978614857,-0.26130124511522795,-0.2225361671604216,-0.16284389428132517,-0.37034805961188205,-0.48757633997091815,-0.4792517157889571,0.0,0.0,0.0,0.0,0.0,1.0,0.0
-0.016317179948594294,-0.054770320346872375,-0.17226820071370577,-0.15863302115661332,0.4387963980130431,-0.6842174107830546,-0.6732657355858858,0.0,0.0,0.0,0.0,1.0,0.0,0.0
-0.2570178745966985,-0.26130124511522795,-0.2225361671604216,-0.16284389428132517,-0.37034805961188205,-0.8640164649312321,-0.8936943502411376,0.0,0.0,0.0,1.0,0.0,0.0,0.0
-0.2452283559961163,-0.26130124511522795,-0.2225361671604216,-0.16284389428132517,-0.37034805961188205,0.5755188193849565,0.5336296265452943,0.0,0.0,0.0,0.0,0.0,0.0,1.0
-0.2633989218875569,-0.12361396193632423,0.05558736920306799,0.32399858554532784,-0.28252289973029704,-0.48757633997091815,-0.4792517157889571,0.0,0.0,0.0,0.0,0.0,1.0,0.0
-0.2756035643825258,-0.054770320346872375,0.11187196483838689,-0.13183836150927217,-0.34887368205724634,-0.8640164649312321,-0.8936943502411376,0.0,0.0,0.0,1.0,0.0,0.0,0.0
-0.1747996221427388,-0.26130124511522795,-0.2225361671604216,-0.16284389428132517,-0.37034805961188205,-0.6842174107830546,-0.6732657355858858,0.0,0.0,0.0,0.0,1.0,0.0,0.0
-0.13337025748294634,-0.26130124511522795,-0.2225361671604216,-0.16284389428132517,-0.37034805961188205,1.881283378844675,1.8272838018489053,0.0,1.0,0.0,0.0,0.0,0.0,0.0
-0.261643540848436,-0.26130124511522795,-0.2225361671604216,-0.16284389428132517,-0.37034805961188205,1.881283378844675,1.8272838018489053,0.0,1.0,0.0,0.0,0.0,0.0,0.0
-0.16195450278214468,-0.26130124511522795,-0.2225361671604216,-0.16284389428132517,-0.37034805961188205,0.6389704336430185,0.7683980612559066,1.0,0.0,0.0,0.0,0.0,0.0,0.0
0.1805227100868811,-0.26130124511522795,-0.2225361671604216,-0.16284389428132517,-0.37034805961188205,0.5755188193849565,0.5336296265452943,0.0,0.0,0.0,0.0,0.0,0.0,1.0
-0.004563243396102363,2.2170698521050385,1.8114726682124822,2.811005799610122,-0.29994380836732115,-1.1072151855588004,-1.1259153488245126,0.0,0.0,1.0,0.0,0.0,0.0,0.0
-0.2774419702005241,-0.26130124511522795,-0.2225361671604216,-0.16284389428132517,-0.37034805961188205,-1.1072151855588004,-1.1259153488245126,0.0,0.0,1.0,0.0,0.0,0.0,0.0
-0.1661294630914052,-0.26130124511522795,-0.2225361671604216,-0.16284389428132517,-0.37034805961188205,1.881283378844675,1.8272838018489053,0.0,1.0,0.0,0.0,0.0,0.0,0.0
-0.09733750345018097,-0.26130124511522795,-0.2225361671604216,-0.16284389428132517,-0.37034805961188205,-0.6842174107830546,-0.6732657355858858,0.0,0.0,0.0,0.0,1.0,0.0,0.0
1.9005944968195123,3.4562554007151722,0.7938859960884235,0.020934896220545732,-0.0018807290053260398,-0.6842174107830546,-0.6732657355858858,0.0,0.0,0.0,0.0,1.0,0.0,0.0
-0.24234621010080293,-0.26130124511522795,-0.2225361671604216,-0.16284389428132517,-0.37034805961188205,-0.6842174107830546,-0.6732657355858858,0.0,0.0,0.0,0.0,1.0,0.0,0.0
-0.24399484499565297,-0.26130124511522795,-0.2225361671604216,-0.16284389428132517,-0.37034805961188205,-0.6842174107830546,-0.6732657355858858,0.0,0.0,0.0,0.0,1.0,0.0,0.0
-0.26554570545567097,-0.26130124511522795,-0.2225361671604216,-0.16284389428132517,-0.37034805961188205,-0.8640164649312321,-0.8936943502411376,0.0,0.0,0.0,1.0,0.0,0.0,0.0
-0.2690090248031257,-0.26130124511522795,-0.2225361671604216,-0.16284389428132517,-0.37034805961188205,-0.48757633997091815,-0.4792517157889571,0.0,0.0,0.0,0.0,0.0,1.0,0.0
-0.26357683212800836,-0.26130124511522795,-0.2225361671604216,-0.16284389428132517,-0.37034805961188205,-1.1072151855588004,-1.1259153488245126,0.0,0.0,1.0,0.0,0.0,0.0,0.0
-0.1820702206358544,-0.26130124511522795,-0.2225361671604216,-0.16284389428132517,-0.37034805961188205,-0.48757633997091815,-0.4792517157889571,0.0,0.0,0.0,0.0,0.0,1.0,0.0
-0.26685038055231486,-0.26130124511522795,-0.2225361671604216,-0.16284389428132517,-0.37034805961188205,1.881283378844675,1.8272838018489053,0.0,1.0,0.0,0.0,0.0,0.0,0.0
-0.1754994024218478,1.8040080025683278,0.33079963337852386,-0.10812737192141933,-0.3377905972656256,-0.8640164649312321,-0.8936943502411376,0.0,0.0,0.0,1.0,0.0,0.0,0.0
-0.26924623845706097,-0.26130124511522795,-0.2225361671604216,-0.16284389428132517,-0.37034805961188205,-0.8640164649312321,-0.8936943502411376,0.0,0.0,0.0,1.0,0.0,0.0,0.0
-0.14072388075493927,-0.1924576035257761,-0.17886708433991555,-0.15174566145852914,0.9233030338808068,1.881283378844675,1.8272838018489053,0.0,1.0,0.0,0.0,0.0,0.0,0.0
-0.2335337228571082,-0.1924576035257761,-0.2124437569085713,-0.16209904644086906,0.07747918640584935,-0.6842174107830546,-0.6732657355858858,0.0,0.0,0.0,0.0,1.0,0.0,0.0
-0.23589399871376399,-0.26130124511522795,-0.2225361671604216,-0.16284389428132517,-0.37034805961188205,-0.48757633997091815,-0.4792517157889571,0.0,0.0,0.0,0.0,0.0,1.0,0.0
-0.276493115584783,-0.26130124511522795,-0.2225361671604216,-0.16284389428132517,-0.37034805961188205,-1.1072151855588004,-1.1259153488245126,0.0,0.0,1.0,0.0,0.0,0.0,0.0
0.1277901148170737,1.1155715866738092,0.10274997864921451,-0.13081047148944275,-0.18331019450283512,-0.6842174107830546,-0.6732657355858858,0.0,0.0,0.0,0.0,1.0,0.0,0.0
-0.1056162599725214,-0.26130124511522795,-0.2225361671604216,-0.16284389428132517,-0.37034805961188205,1.881283378844675,1.8272838018489053,0.0,1.0,0.0,0.0,0.0,0.0,0.0
-0.24002151629223742,-0.1924576035257761,-0.21535502909660506,-0.1540000675889763,0.018352586460954567,-0.6842174107830546,-0.6732657355858858,0.0,0.0,0.0,0.0,1.0,0.0,0.0
-0.2629244945796864,-0.26130124511522795,-0.2225361671604216,-0.16284389428132517,-0.37034805961188205,-0.48757633997091815,-0.4792517157889571,0.0,0.0,0.0,0.0,0.0,1.0,0.0
-0.2608251537423594,-0.26130124511522795,-0.2225361671604216,-0.16284389428132517,-0.37034805961188205,-0.8640164649312321,-0.8936943502411376,0.0,0.0,0.0,1.0,0.0,0.0,0.0
0.004071333607140954,-0.26130124511522795,-0.2225361671604216,-0.16284389428132517,-0.37034805961188205,0.6389704336430185,0.7683980612559066,1.0,0.0,0.0,0.0,0.0,0.0,0.0
-0.2442676406976785,-0.26130124511522795,-0.2225361671604216,-0.16284389428132517,-0.37034805961188205,-0.8640164649312321,-0.8936943502411376,0.0,0.0,0.0,1.0,0.0,0.0,0.0
-0.2821150791830486,-0.26130124511522795,-0.2225361671604216,-0.16284389428132517,-0.37034805961188205,-1.1072151855588004,-1.1259153488245126,0.0,0.0,1.0,0.0,0.0,0.0,0.0
-0.26504755678240693,-0.26130124511522795,-0.2225361671604216,-0.16284389428132517,-0.37034805961188205,-1.1072151855588004,-1.1259153488245126,0.0,0.0,1.0,0.0,0.0,0.0,0.0
-0.230592273548311,-0.26130124511522795,-0.2225361671604216,-0.16284389428132517,-0.37034805961188205,1.881283378844675,1.8272838018489053,0.0,1.0,0.0,0.0,0.0,0.0,0.0
-0.26631664983096054,-0.12361396193632423,-0.023599234311449637,-0.12067557520696993,-0.29581827778006314,-1.1072151855588004,-1.1259153488245126,0.0,0.0,1.0,0.0,0.0,0.0,0.0
0.9593544393698102,1.9416952857472316,-0.028645439437374777,-0.140106172538335,-0.016622094516504333,-0.6842174107830546,-0.6732657355858858,0.0,0.0,0.0,0.0,1.0,0.0,0.0
-0.28052574770168237,-0.26130124511522795,-0.2225361671604216,-0.16284389428132517,-0.37034805961188205,0.5755188193849565,0.5336296265452943,0.0,0.0,0.0,0.0,0.0,0.0,1.0
-0.059798442714926715,-0.26130124511522795,-0.2225361671604216,-0.16284389428132517,-0.37034805961188205,1.881283378844675,1.8272838018489053,0.0,1.0,0.0,0.0,0.0,0.0,0.0
1.2485890476130679,1.7351643609788758,4.793779897634241,0.6710082974570205,0.11086486097600774,0.6389704336430185,0.7683980612559066,1.0,0.0,0.0,0.0,0.0,0.0,0.0
-0.24629581743882495,-0.26130124511522795,-0.2225361671604216,-0.16284389428132517,-0.37034805961188205,-0.6842174107830546,-0.6732657355858858,0.0,0.0,0.0,0.0,1.0,0.0,0.0
-0.2626991416084479,-0.26130124511522795,-0.2225361671604216,-0.16284389428132517,-0.37034805961188205,-0.8640164649312321,-0.8936943502411376,0.0,0.0,0.0,1.0,0.0,0.0,0.0
-0.23862195573401943,-0.26130124511522795,-0.2225361671604216,-0.16284389428132517,-0.37034805961188205,1.881283378844675,1.8272838018489053,0.0,1.0,0.0,0.0,0.0,0.0,0.0
3.719857172945171,3.8004736086624313,6.888731364143317,0.32709218690935554,0.24790808858023158,0.6389704336430185,0.7683980612559066,1.0,0.0,0.0,0.0,0.0,0.0,0.0
-0.23129205382742002,-0.1924576035257761,-0.2225361671604216,-0.16284389428132517,0.0979086697506119,-0.6842174107830546,-0.6732657355858858,0.0,0.0,0.0,0.0,1.0,0.0,0.0
-0.12385798996014259,0.08291696283203133,0.041613262700506054,0.8884894664786224,-0.0808763326421778,-0.8640164649312321,-0.8936943502411376,0.0,0.0,0.0,1.0,0.0,0.0,0.0
-0.27163023567911027,-0.26130124511522795,-0.2225361671604216,-0.16284389428132517,-0.37034805961188205,-0.8640164649312321,-0.8936943502411376,0.0,0.0,0.0,1.0,0.0,0.0,0.0
12.945677347939418,6.554219272240506,14.004074676510305,1.3194182051831433,0.847396983343089,0.6389704336430185,0.7683980612559066,1.0,0.0,0.0,0.0,0.0,0.0,0.0
-0.24992518634403438,-0.26130124511522795,-0.2225361671604216,-0.16284389428132517,-0.37034805961188205,-0.8640164649312321,-0.8936943502411376,0.0,0.0,0.0,1.0,0.0,0.0,0.0
-0.0767948010193878,-0.1924576035257761,-0.15053070170972052,0.20852730766555194,1.5059216329721832,0.5755188193849565,0.5336296265452943,0.0,0.0,0.0,0.0,0.0,0.0,1.0
-0.2786398991528971,-0.26130124511522795,-0.2225361671604216,-0.16284389428132517,-0.37034805961188205,-0.6842174107830546,-0.6732657355858858,0.0,0.0,0.0,0.0,1.0,0.0,0.0
0.4478862194373081,-0.1924576035257761,-0.18430145909091186,-0.1543426975955861,6.2876097531957855,0.6389704336430185,0.7683980612559066,1.0,0.0,0.0,0.0,0.0,0.0,0.0
-0.2490237744590804,-0.26130124511522795,-0.2225361671604216,-0.16284389428132517,-0.37034805961188205,-0.48757633997091815,-0.4792517157889571,0.0,0.0,0.0,0.0,0.0,1.0,0.0
0.25666829300009825,0.1517606044214832,0.1435077892816868,-0.0730847638540942,0.4488670163461314,-0.48757633997091815,-0.4792517157889571,0.0,0.0,0.0,0.0,0.0,1.0,0.0
-0.027881345577938026,-0.26130124511522795,-0.2225361671604216,-0.16284389428132517,-0.37034805961188205,1.881283378844675,1.8272838018489053,0.0,1.0,0.0,0.0,0.0,0.0,0.0
-0.2514077716811297,-0.26130124511522795,-0.2225361671604216,-0.16284389428132517,-0.37034805961188205,-0.48757633997091815,-0.4792517157889571,0.0,0.0,0.0,0.0,0.0,1.0,0.0
-0.20638462016421813,-0.26130124511522795,-0.2225361671604216,-0.16284389428132517,-0.37034805961188205,0.5755188193849565,0.5336296265452943,0.0,0.0,0.0,0.0,0.0,0.0,1.0
-0.279695499912909,-0.26130124511522795,-0.2225361671604216,-0.16284389428132517,-0.37034805961188205,0.5755188193849565,0.5336296265452943,0.0,0.0,0.0,0.0,0.0,0.0,1.0
-0.20015776174841768,-0.26130124511522795,-0.2225361671604216,-0.16284389428132517,-0.37034805961188205,0.6389704336430185,0.7683980612559066,1.0,0.0,0.0,0.0,0.0,0.0,0.0
-0.19026595237931748,-0.26130124511522795,-0.2225361671604216,-0.16284389428132517,-0.37034805961188205,0.5755188193849565,0.5336296265452943,0.0,0.0,0.0,0.0,0.0,0.0,1.0
-0.22055813598684967,-0.054770320346872375,0.11963535733981018,-0.11450326943572363,-0.1816545776427084,-0.48757633997091815,-0.4792517157889571,0.0,0.0,0.0,0.0,0.0,1.0,0.0
-0.18782265174378435,-0.26130124511522795,-0.2225361671604216,-0.16284389428132517,-0.37034805961188205,1.881283378844675,1.8272838018489053,0.0,1.0,0.0,0.0,0.0,0.0,0.0
0.03866894503359804,-0.26130124511522795,-0.2225361671604216,-0.16284389428132517,-0.37034805961188205,0.6389704336430185,0.7683980612559066,1.0,0.0,0.0,0.0,0.0,0.0,0.0
-0.2716776784098973,-0.12361396193632423,-0.2225361671604216,-0.16284389428132517,-0.3202471837902025,-1.1072151855588004,-1.1259153488245126,0.0,0.0,1.0,0.0,0.0,0.0,0.0
-0.2672773651293983,-0.26130124511522795,-0.2225361671604216,-0.16284389428132517,-0.37034805961188205,-0.8640164649312321,-0.8936943502411376,0.0,0.0,0.0,1.0,0.0,0.0,0.0
-0.19508138955420318,-0.26130124511522795,-0.2225361671604216,-0.16284389428132517,-0.37034805961188205,-0.48757633997091815,-0.4792517157889571,0.0,0.0,0.0,0.0,0.0,1.0,0.0
-0.21205402649327076,-0.26130124511522795,-0.2225361671604216,-0.16284389428132517,-0.37034805961188205,1.881283378844675,1.8272838018489053,0.0,1.0,0.0,0.0,0.0,0.0,0.0
-0.28104761774033993,-0.26130124511522795,-0.2225361671604216,-0.16284389428132517,-0.37034805961188205,-0.48757633997091815,-0.4792517157889571,0.0,0.0,0.0,0.0,0.0,1.0,0.0
-0.24701931908332747,-0.1924576035257761,-0.18760090090401677,-0.1609817746801849,-0.04542199117613487,-1.1072151855588004,-1.1259153488245126,0.0,0.0,1.0,0.0,0.0,0.0,0.0
-0.2537799082204823,-0.26130124511522795,-0.2225361671604216,-0.16284389428132517,-0.37034805961188205,-0.48757633997091815,-0.4792517157889571,0.0,0.0,0.0,0.0,0.0,1.0,0.0
-0.27007648624583436,-0.26130124511522795,-0.2225361671604216,-0.16284389428132517,-0.37034805961188205,-1.1072151855588004,-1.1259153488245126,0.0,0.0,1.0,0.0,0.0,0.0,0.0
-0.2209020957850558,-0.26130124511522795,-0.2225361671604216,-0.16284389428132517,-0.37034805961188205,-0.48757633997091815,-0.4792517157889571,0.0,0.0,0.0,0.0,0.0,1.0,0.0
-0.0955109583148795,-0.26130124511522795,-0.2225361671604216,-0.16284389428132517,-0.37034805961188205,0.5755188193849565,0.5336296265452943,0.0,0.0,0.0,0.0,0.0,0.0,1.0
-0.27416842177621753,-0.26130124511522795,-0.2225361671604216,-0.16284389428132517,-0.37034805961188205,-1.1072151855588004,-1.1259153488245126,0.0,0.0,1.0,0.0,0.0,0.0,0.0
-0.20799767301097788,-0.26130124511522795,-0.2225361671604216,-0.16284389428132517,-0.37034805961188205,0.5755188193849565,0.5336296265452943,0.0,0.0,0.0,0.0,0.0,0.0,1.0
-0.09338789611215896,-0.26130124511522795,-0.2225361671604216,-0.16284389428132517,-0.37034805961188205,1.881283378844675,1.8272838018489053,0.0,1.0,0.0,0.0,0.0,0.0,0.0
-0.15154082337438696,0.08291696283203133,-0.07173226782027407,-0.1425393421504916,-0.13133391372860723,-0.8640164649312321,-0.8936943502411376,0.0,0.0,0.0,1.0,0.0,0.0,0.0
-0.26752643946603033,-0.26130124511522795,-0.2225361671604216,-0.16284389428132517,-0.37034805961188205,-0.8640164649312321,-0.8936943502411376,0.0,0.0,0.0,1.0,0.0,0.0,0.0
-0.20220965985495762,-0.26130124511522795,-0.2225361671604216,-0.16284389428132517,-0.37034805961188205,-0.48757633997091815,-0.4792517157889571,0.0,0.0,0.0,0.0,0.0,1.0,0.0
0.9417294648824207,0.3582915291898388,0.26558713636656817,2.048097881849086,0.8694969872114735,0.5755188193849565,0.5336296265452943,0.0,0.0,0.0,0.0,0.0,0.0,1.0
8.114584071893994,7.173812046545573,16.232556494043862,1.2212770537246462,0.3382493508692948,0.6389704336430185,0.7683980612559066,1.0,0.0,0.0,0.0,0.0,0.0,0.0
-0.005452794598359573,-0.054770320346872375,0.07829529226973113,3.4401241482684313,0.4718006427111075,0.5755188193849565,0.5336296265452943,0.0,0.0,0.0,0.0,0.0,0.0,1.0
-0.1101114587145945,-0.054770320346872375,0.032879446136404845,1.2695580907430113,0.15386455623106385,-0.8640164649312321,-0.8936943502411376,0.0,0.0,0.0,1.0,0.0,0.0,0.0
-0.27327887057396033,-0.26130124511522795,-0.2225361671604216,-0.16284389428132517,-0.37034805961188205,-0.48757633997091815,-0.4792517157889571,0.0,0.0,0.0,0.0,0.0,1.0,0.0
0.19900165372843753,-0.26130124511522795,-0.2225361671604216,-0.16284389428132517,-0.37034805961188205,1.881283378844675,1.8272838018489053,0.0,1.0,0.0,0.0,0.0,0.0,0.0
-0.26675549509074076,-0.26130124511522795,-0.2225361671604216,-0.16284389428132517,-0.37034805961188205,-0.8640164649312321,-0.8936943502411376,0.0,0.0,0.0,1.0,0.0,0.0,0.0
-0.2692343777743642,-0.26130124511522795,-0.2225361671604216,-0.16284389428132517,-0.37034805961188205,0.5755188193849565,0.5336296265452943,0.0,0.0,0.0,0.0,0.0,0.0,1.0
-0.27198605616001315,-0.26130124511522795,-0.2225361671604216,-0.16284389428132517,-0.37034805961188205,-0.8640164649312321,-0.8936943502411376,0.0,0.0,0.0,1.0,0.0,0.0,0.0
1.0103553749658902,0.4959788123687425,0.7403185878286027,3.157479221076686,0.7009272724128045,0.5755188193849565,0.5336296265452943,0.0,0.0,0.0,0.0,0.0,0.0,1.0
-0.2786398991528971,-0.26130124511522795,-0.2225361671604216,-0.16284389428132517,-0.37034805961188205,-0.48757633997091815,-0.4792517157889571,0.0,0.0,0.0,0.0,0.0,1.0,0.0
-0.15566834095286042,-0.26130124511522795,-0.2225361671604216,-0.16284389428132517,-0.37034805961188205,0.6389704336430185,0.7683980612559066,1.0,0.0,0.0,0.0,0.0,0.0,0.0
-0.247944452333675,-0.12361396193632423,-0.1584881790236794,-0.15945235378111502,-0.21210063306832455,-0.8640164649312321,-0.8936943502411376,0.0,0.0,0.0,1.0,0.0,0.0,0.0
-0.2810238963749464,-0.26130124511522795,-0.2225361671604216,-0.16284389428132517,-0.37034805961188205,-0.8640164649312321,-0.8936943502411376,0.0,0.0,0.0,1.0,0.0,0.0,0.0
-0.27976666400908956,-0.26130124511522795,-0.2225361671604216,-0.16284389428132517,-0.37034805961188205,1.881283378844675,1.8272838018489053,0.0,1.0,0.0,0.0,0.0,0.0,0.0
-0.2750105302476877,-0.26130124511522795,-0.2225361671604216,-0.16284389428132517,-0.37034805961188205,-1.1072151855588004,-1.1259153488245126,0.0,0.0,1.0,0.0,0.0,0.0,0.0
-0.2803241160958374,-0.26130124511522795,-0.2225361671604216,-0.16284389428132517,-0.37034805961188205,-1.1072151855588004,-1.1259153488245126,0.0,0.0,1.0,0.0,0.0,0.0,0.0
-0.25133660758494913,-0.26130124511522795,-0.2225361671604216,-0.16284389428132517,-0.37034805961188205,-1.1072151855588004,-1.1259153488245126,0.0,0.0,1.0,0.0,0.0,0.0,0.0
0.32987242660451827,-0.26130124511522795,-0.2225361671604216,-0.16284389428132517,-0.37034805961188205,1.881283378844675,1.8272838018489053,0.0,1.0,0.0,0.0,0.0,0.0,0.0
-0.1757247553930863,-0.26130124511522795,-0.2225361671604216,-0.16284389428132517,-0.37034805961188205,0.6389704336430185,0.7683980612559066,1.0,0.0,0.0,0.0,0.0,0.0,0.0
0.1546664218079382,0.014073321242579479,-0.021270216561022647,0.7955170624676638,0.6260756697154056,0.5755188193849565,0.5336296265452943,0.0,0.0,0.0,0.0,0.0,0.0,1.0
-0.18611471343545052,-0.054770320346872375,-0.10297992263850284,-0.1552067210905152,-0.07702103331609389,1.881283378844675,1.8272838018489053,0.0,1.0,0.0,0.0,0.0,0.0,0.0
-0.2592595436263867,-0.26130124511522795,-0.2225361671604216,-0.16284389428132517,-0.37034805961188205,-1.1072151855588004,-1.1259153488245126,0.0,0.0,1.0,0.0,0.0,0.0,0.0
-0.2537561868550888,-0.26130124511522795,-0.2225361671604216,-0.16284389428132517,-0.37034805961188205,-0.48757633997091815,-0.4792517157889571,0.0,0.0,0.0,0.0,0.0,1.0,0.0
-0.17156165576652255,-0.26130124511522795,-0.2225361671604216,-0.16284389428132517,-0.37034805961188205,0.6389704336430185,0.7683980612559066,1.0,0.0,0.0,0.0,0.0,0.0,0.0
-0.18112136602011336,-0.26130124511522795,-0.2225361671604216,-0.16284389428132517,-0.37034805961188205,0.6389704336430185,0.7683980612559066,1.0,0.0,0.0,0.0,0.0,0.0,0.0
-0.11531829841847337,-0.26130124511522795,-0.2225361671604216,-0.16284389428132517,-0.37034805961188205,1.881283378844675,1.8272838018489053,0.0,1.0,0.0,0.0,0.0,0.0,0.0
3.054152635223965,4.007004533430787,2.4814534410853124,0.09325465587656433,0.120139113694038,-0.48757633997091815,-0.4792517157889571,0.0,0.0,0.0,0.0,0.0,1.0,0.0
2.2366906623976797,6.554219272240506,0.4835443808440272,-0.04618582550908921,-0.1384263106026871,-0.6842174107830546,-0.6732657355858858,0.0,0.0,0.0,0.0,1.0,0.0,0.0
-0.008287497762885883,-0.26130124511522795,-0.2225361671604216,-0.16284389428132517,-0.37034805961188205,0.6389704336430185,0.7683980612559066,1.0,0.0,0.0,0.0,0.0,0.0,0.0
-0.26304310140665405,-0.26130124511522795,-0.2225361671604216,-0.16284389428132517,-0.37034805961188205,0.6389704336430185,0.7683980612559066,1.0,0.0,0.0,0.0,0.0,0.0,0.0
-0.2639089312435177,-0.26130124511522795,-0.2225361671604216,-0.16284389428132517,-0.37034805961188205,0.5755188193849565,0.5336296265452943,0.0,0.0,0.0,0.0,0.0,0.0,1.0
-0.2764693942193895,-0.26130124511522795,-0.2225361671604216,-0.16284389428132517,-0.37034805961188205,-1.1072151855588004,-1.1259153488245126,0.0,0.0,1.0,0.0,0.0,0.0,0.0
-0.2557725029135384,-0.26130124511522795,-0.2225361671604216,-0.16284389428132517,-0.37034805961188205,0.5755188193849565,0.5336296265452943,0.0,0.0,0.0,0.0,0.0,0.0,1.0
-0.17273586335350208,-0.12361396193632423,-0.15383014352282542,-0.14480367958547818,0.13060665235267893,-1.1072151855588004,-1.1259153488245126,0.0,0.0,1.0,0.0,0.0,0.0,0.0
-0.16598713489904404,-0.054770320346872375,-0.20992065434560875,-0.16177627904333808,-0.015876706621099117,-0.6842174107830546,-0.6732657355858858,0.0,0.0,0.0,0.0,1.0,0.0,0.0
-0.2568281036735503,-0.26130124511522795,-0.2225361671604216,-0.16284389428132517,-0.37034805961188205,0.6389704336430185,0.7683980612559066,1.0,0.0,0.0,0.0,0.0,0.0,0.0
-0.14145924308213859,-0.26130124511522795,-0.2225361671604216,-0.16284389428132517,-0.37034805961188205,-0.48757633997091815,-0.4792517157889571,0.0,0.0,0.0,0.0,0.0,1.0,0.0
-0.2671468976197339,-0.26130124511522795,-0.2225361671604216,-0.16284389428132517,-0.37034805961188205,-1.1072151855588004,-1.1259153488245126,0.0,0.0,1.0,0.0,0.0,0.0,0.0
-0.269744387130325,-0.26130124511522795,-0.2225361671604216,-0.16284389428132517,-0.37034805961188205,-0.8640164649312321,-0.8936943502411376,0.0,0.0,0.0,1.0,0.0,0.0,0.0
-0.18601982797387642,-0.1924576035257761,-0.07095592857013175,-0.15236636799224257,0.5104977593112398,0.6389704336430185,0.7683980612559066,1.0,0.0,0.0,0.0,0.0,0.0,0.0
-0.21328753749373408,-0.26130124511522795,-0.2225361671604216,-0.16284389428132517,-0.37034805961188205,-0.6842174107830546,-0.6732657355858858,0.0,0.0,0.0,0.0,1.0,0.0,0.0
-0.2769082394791697,-0.26130124511522795,-0.2225361671604216,-0.16284389428132517,-0.37034805961188205,-1.1072151855588004,-1.1259153488245126,0.0,0.0,1.0,0.0,0.0,0.0,0.0
-0.21422453142677833,-0.26130124511522795,-0.2225361671604216,-0.16284389428132517,-0.37034805961188205,0.6389704336430185,0.7683980612559066,1.0,0.0,0.0,0.0,0.0,0.0,0.0
-0.28044272292280503,-0.26130124511522795,-0.2225361671604216,-0.16284389428132517,-0.37034805961188205,-1.1072151855588004,-1.1259153488245126,0.0,0.0,1.0,0.0,0.0,0.0,0.0
-0.24720909000647567,-0.26130124511522795,-0.2225361671604216,-0.16284389428132517,-0.37034805961188205,-0.6842174107830546,-0.6732657355858858,0.0,0.0,0.0,0.0,1.0,0.0,0.0
0.2495518833820406,-0.26130124511522795,-0.2225361671604216,-0.16284389428132517,-0.37034805961188205,0.6389704336430185,0.7683980612559066,1.0,0.0,0.0,0.0,0.0,0.0,0.0
0.5138671972793996,0.1517606044214832,1.736167760948676,0.015557094812452618,0.8395313429168334,0.6389704336430185,0.7683980612559066,1.0,0.0,0.0,0.0,0.0,0.0,0.0
-0.2600779307324633,-0.1924576035257761,-0.1483957687718291,-0.15772430679125685,-0.16443183859721194,-1.1072151855588004,-1.1259153488245126,0.0,0.0,1.0,0.0,0.0,0.0,0.0
-0.2687599504664937,-0.26130124511522795,-0.2225361671604216,-0.16284389428132517,-0.37034805961188205,0.6389704336430185,0.7683980612559066,1.0,0.0,0.0,0.0,0.0,0.0,0.0
-0.2823760142023774,-0.26130124511522795,-0.2225361671604216,-0.16284389428132517,-0.37034805961188205,-1.1072151855588004,-1.1259153488245126,0.0,0.0,1.0,0.0,0.0,0.0,0.0
-0.24327134335115044,-0.26130124511522795,-0.2225361671604216,-0.16284389428132517,-0.37034805961188205,-0.48757633997091815,-0.4792517157889571,0.0,0.0,0.0,0.0,0.0,1.0,0.0
12.997710162930117,7.518030254492832,10.703856524155261,0.9701093962705761,0.7007223923319273,0.6389704336430185,0.7683980612559066,1.0,0.0,0.0,0.0,0.0,0.0,0.0
-0.19044386261976892,0.2894478876003869,0.3127497458127147,0.36144953496346105,-0.26528214526738897,-1.1072151855588004,-1.1259153488245126,0.0,0.0,1.0,0.0,0.0,0.0,0.0
0.01359546181264148,-0.1924576035257761,-0.1905121730920505,-0.15981484639680366,2.3296946095353332,0.5755188193849565,0.5336296265452943,0.0,0.0,0.0,0.0,0.0,0.0,1.0
-0.20772487730895234,-0.26130124511522795,-0.2225361671604216,-0.16284389428132517,-0.37034805961188205,1.881283378844675,1.8272838018489053,0.0,1.0,0.0,0.0,0.0,0.0,0.0
-0.2815576270963007,-0.26130124511522795,-0.2225361671604216,-0.16284389428132517,-0.37034805961188205,-1.1072151855588004,-1.1259153488245126,0.0,0.0,1.0,0.0,0.0,0.0,0.0
-0.242192021225745,-0.1924576035257761,-0.1674160804003162,0.0067927185564190555,-0.0014283418569901224,-0.8640164649312321,-0.8936943502411376,0.0,0.0,0.0,1.0,0.0,0.0,0.0
-0.19272111369754738,-0.26130124511522795,-0.2225361671604216,-0.16284389428132517,-0.37034805961188205,0.6389704336430185,0.7683980612559066,1.0,0.0,0.0,0.0,0.0,0.0,0.0
-0.27305351760272184,-0.26130124511522795,-0.2225361671604216,-0.16284389428132517,-0.37034805961188205,-0.6842174107830546,-0.6732657355858858,0.0,0.0,0.0,0.0,1.0,0.0,0.0
-0.14606118796848255,-0.26130124511522795,-0.2225361671604216,-0.16284389428132517,-0.37034805961188205,0.5755188193849565,0.5336296265452943,0.0,0.0,0.0,0.0,0.0,0.0,1.0
-0.2524040690276578,-0.26130124511522795,-0.2225361671604216,-0.16284389428132517,-0.37034805961188205,-0.48757633997091815,-0.4792517157889571,0.0,0.0,0.0,0.0,0.0,1.0,0.0
0.419693376667103,-0.26130124511522795,-0.2225361671604216,-0.16284389428132517,-0.37034805961188205,0.6389704336430185,0.7683980612559066,1.0,0.0,0.0,0.0,0.0,0.0,0.0
-0.2299517966826858,-0.26130124511522795,-0.2225361671604216,-0.16284389428132517,-0.37034805961188205,-0.6842174107830546,-0.6732657355858858,0.0,0.0,0.0,0.0,1.0,0.0,0.0
-0.2702188144381955,-0.26130124511522795,-0.2225361671604216,-0.16284389428132517,-0.37034805961188205,-0.6842174107830546,-0.6732657355858858,0.0,0.0,0.0,0.0,1.0,0.0,0.0
-0.0180369789396249,-0.12361396193632423,0.17184417191188184,-0.0722157747068954,0.8355319202514565,0.6389704336430185,0.7683980612559066,1.0,0.0,0.0,0.0,0.0,0.0,0.0
-0.1958760552948863,-0.26130124511522795,-0.2225361671604216,-0.16284389428132517,-0.37034805961188205,-0.48757633997091815,-0.4792517157889571,0.0,0.0,0.0,0.0,0.0,1.0,0.0
-0.2064557842603987,1.3221025114421647,1.1139318519595989,-0.02059781936328697,-0.34014795379788526,-1.1072151855588004,-1.1259153488245126,0.0,0.0,1.0,0.0,0.0,0.0,0.0
0.11962996512170089,-0.26130124511522795,-0.2225361671604216,-0.16284389428132517,-0.37034805961188205,0.6389704336430185,0.7683980612559066,1.0,0.0,0.0,0.0,0.0,0.0,0.0
-0.23458932361712007,-0.1924576035257761,-0.19012400346697933,-0.16174648512971984,0.06785895350805111,-0.48757633997091815,-0.4792517157889571,0.0,0.0,0.0,0.0,0.0,1.0,0.0
0.179277338403721,-0.12361396193632423,-0.04378405481515021,2.5647466894246578,1.734645372429948,0.5755188193849565,0.5336296265452943,0.0,0.0,0.0,0.0,0.0,0.0,1.0
-0.17554684515263486,-0.26130124511522795,-0.2225361671604216,-0.16284389428132517,-0.37034805961188205,1.881283378844675,1.8272838018489053,0.0,1.0,0.0,0.0,0.0,0.0,0.0
-0.10288830295226596,0.08291696283203133,-0.037379256001475986,0.03384559212178498,-0.04265482306171202,-0.8640164649312321,-0.8936943502411376,0.0,0.0,0.0,1.0,0.0,0.0,0.0
-0.24633139948691524,-0.26130124511522795,-0.2225361671604216,-0.16284389428132517,-0.37034805961188205,0.5755188193849565,0.5336296265452943,0.0,0.0,0.0,0.0,0.0,0.0,1.0
-0.26146563060798456,-0.26130124511522795,-0.2225361671604216,-0.16284389428132517,-0.37034805961188205,-0.8640164649312321,-0.8936943502411376,0.0,0.0,0.0,1.0,0.0,0.0,0.0
-0.2300822641923502,-0.26130124511522795,-0.2225361671604216,-0.16284389428132517,-0.37034805961188205,-0.48757633997091815,-0.4792517157889571,0.0,0.0,0.0,0.0,0.0,1.0,0.0
-0.07176587155596037,-0.26130124511522795,-0.2225361671604216,-0.16284389428132517,-0.37034805961188205,0.5755188193849565,0.5336296265452943,0.0,0.0,0.0,0.0,0.0,0.0,1.0
0.45582101616144244,-0.26130124511522795,-0.2225361671604216,-0.16284389428132517,-0.37034805961188205,0.6389704336430185,0.7683980612559066,1.0,0.0,0.0,0.0,0.0,0.0,0.0
-0.27413283972812724,-0.26130124511522795,-0.2225361671604216,-0.16284389428132517,-0.37034805961188205,0.5755188193849565,0.5336296265452943,0.0,0.0,0.0,0.0,0.0,0.0,1.0
-0.1441278966889102,-0.26130124511522795,-0.2225361671604216,-0.16284389428132517,-0.37034805961188205,0.6389704336430185,0.7683980612559066,1.0,0.0,0.0,0.0,0.0,0.0,0.0
-0.15396040264452657,-0.26130124511522795,-0.2225361671604216,-0.16284389428132517,-0.37034805961188205,-0.48757633997091815,-0.4792517157889571,0.0,0.0,0.0,0.0,0.0,1.0,0.0
-0.2507079914020207,-0.26130124511522795,-0.2225361671604216,-0.16284389428132517,-0.37034805961188205,0.6389704336430185,0.7683980612559066,1.0,0.0,0.0,0.0,0.0,0.0,0.0
0.8265503752141572,0.014073321242579479,-0.052517871379251416,0.02186347319498102,2.1568817180144912,0.5755188193849565,0.5336296265452943,0.0,0.0,0.0,0.0,0.0,0.0,1.0
-0.2799801562976313,-0.26130124511522795,-0.2225361671604216,-0.16284389428132517,-0.37034805961188205,-1.1072151855588004,-1.1259153488245126,0.0,0.0,1.0,0.0,0.0,0.0,0.0
-0.12328867719069797,-0.1924576035257761,-0.1662515715251027,0.07320335201148584,1.0821990154511822,-0.8640164649312321,-0.8936943502411376,0.0,0.0,0.0,1.0,0.0,0.0,0.0
-0.21415336733059775,-0.26130124511522795,-0.2225361671604216,-0.16284389428132517,-0.37034805961188205,0.6389704336430185,0.7683980612559066,1.0,0.0,0.0,0.0,0.0,0.0,0.0
-0.25289035701822504,-0.26130124511522795,-0.2225361671604216,-0.16284389428132517,-0.37034805961188205,-0.6842174107830546,-0.6732657355858858,0.0,0.0,0.0,0.0,1.0,0.0,0.0
-0.11423897629306795,-0.1924576035257761,-0.07328494632055874,0.41176152376013647,1.1646735963615198,0.5755188193849565,0.5336296265452943,0.0,0.0,0.0,0.0,0.0,0.0,1.0
-0.24916610265144154,-0.26130124511522795,-0.2225361671604216,-0.16284389428132517,-0.37034805961188205,-1.1072151855588004,-1.1259153488245126,0.0,0.0,1.0,0.0,0.0,0.0,0.0
-0.2774419702005241,-0.26130124511522795,-0.2225361671604216,-0.16284389428132517,-0.37034805961188205,-0.6842174107830546,-0.6732657355858858,0.0,0.0,0.0,0.0,1.0,0.0,0.0
0.887466841544731,-0.054770320346872375,-0.08822947688579857,-0.15576287414472242,3.184346011541978,1.881283378844675,1.8272838018489053,0.0,1.0,0.0,0.0,0.0,0.0,0.0
-0.15103081401842616,-0.12361396193632423,-0.02049387731088032,-0.14565777177586786,0.22951129394240238,-0.48757633997091815,-0.4792517157889571,0.0,0.0,0.0,0.0,0.0,1.0,0.0
-0.2788889734895291,-0.26130124511522795,-0.2225361671604216,-0.16284389428132517,-0.37034805961188205,-0.8640164649312321,-0.8936943502411376,0.0,0.0,0.0,1.0,0.0,0.0,0.0
-0.07200308520989564,-0.1924576035257761,-0.030004033125123855,-0.14931745749864223,1.549591004777919,0.6389704336430185,0.7683980612559066,1.0,0.0,0.0,0.0,0.0,0.0,0.0
-0.19044386261976892,-0.26130124511522795,-0.2225361671604216,-0.16284389428132517,-0.37034805961188205,1.881283378844675,1.8272838018489053,0.0,1.0,0.0,0.0,0.0,0.0,0.0
-0.16253567623428608,-0.26130124511522795,-0.2225361671604216,-0.16284389428132517,-0.37034805961188205,0.5755188193849565,0.5336296265452943,0.0,0.0,0.0,0.0,0.0,0.0,1.0
-0.27938712216279316,-0.26130124511522795,-0.2225361671604216,-0.16284389428132517,-0.37034805961188205,-1.1072151855588004,-1.1259153488245126,0.0,0.0,1.0,0.0,0.0,0.0,0.0
-0.2726146723429416,-0.26130124511522795,-0.2225361671604216,-0.16284389428132517,-0.37034805961188205,-1.1072151855588004,-1.1259153488245126,0.0,0.0,1.0,0.0,0.0,0.0,0.0
-0.2685345974952552,-0.26130124511522795,-0.2225361671604216,-0.16284389428132517,-0.37034805961188205,-0.8640164649312321,-0.8936943502411376,0.0,0.0,0.0,1.0,0.0,0.0,0.0
0.4649181597898595,0.22060424601093506,-0.018747113998060075,0.8756825527098202,0.6029631759918429,0.5755188193849565,0.5336296265452943,0.0,0.0,0.0,0.0,0.0,0.0,1.0
8.387522102111898,2.0793825689261354,1.6212695519276115,0.20583095848310082,1.9536503240593688,1.881283378844675,1.8272838018489053,0.0,1.0,0.0,0.0,0.0,0.0,0.0
-0.27505797297847473,-0.26130124511522795,-0.2225361671604216,-0.16284389428132517,-0.37034805961188205,-1.1072151855588004,-1.1259153488245126,0.0,0.0,1.0,0.0,0.0,0.0,0.0
-0.2608132930596626,-0.26130124511522795,-0.2225361671604216,-0.16284389428132517,-0.37034805961188205,0.5755188193849565,0.5336296265452943,0.0,0.0,0.0,0.0,0.0,0.0,1.0
-0.25291407838361857,-0.1924576035257761,-0.18488371352851862,-0.16032134292831382,-0.0991439658975475,-0.8640164649312321,-0.8936943502411376,0.0,0.0,0.0,1.0,0.0,0.0,0.0
-0.22052255393875939,-0.054770320346872375,-0.09191708832397465,-0.1531211471372381,-0.18154648513823876,-0.8640164649312321,-0.8936943502411376,0.0,0.0,0.0,1.0,0.0,0.0,0.0
-0.16927254400604733,-0.1924576035257761,-0.1377211040823721,-0.157093668953004,0.6631243756223758,-0.48757633997091815,-0.4792517157889571,0.0,0.0,0.0,0.0,0.0,1.0,0.0
-0.11731089311152952,0.1517606044214832,0.5842743985499945,-0.0722803281864016,-0.1191771100592547,-0.48757633997091815,-0.4792517157889571,0.0,0.0,0.0,0.0,0.0,1.0,0.0
1.4956114861385466,0.77135337872655,2.0707699777600204,0.299115702021824,0.7100797595639887,0.6389704336430185,0.7683980612559066,1.0,0.0,0.0,0.0,0.0,0.0,0.0
-0.24061455042707558,-0.26130124511522795,-0.2225361671604216,-0.16284389428132517,-0.37034805961188205,1.881283378844675,1.8272838018489053,0.0,1.0,0.0,0.0,0.0,0.0,0.0
-0.2722588518620387,-0.26130124511522795,-0.2225361671604216,-0.16284389428132517,-0.37034805961188205,-0.8640164649312321,-0.8936943502411376,0.0,0.0,0.0,1.0,0.0,0.0,0.0
-0.279944574249541,-0.26130124511522795,-0.2225361671604216,-0.16284389428132517,-0.37034805961188205,-0.6842174107830546,-0.6732657355858858,0.0,0.0,0.0,0.0,1.0,0.0,0.0
-0.14417533941969726,-0.26130124511522795,-0.2225361671604216,-0.16284389428132517,-0.37034805961188205,0.6389704336430185,0.7683980612559066,1.0,0.0,0.0,0.0,0.0,0.0,0.0
-0.27855687437401977,-0.26130124511522795,-0.2225361671604216,-0.16284389428132517,-0.37034805961188205,-1.1072151855588004,-1.1259153488245126,0.0,0.0,1.0,0.0,0.0,0.0,0.0
-0.2223965418048479,-0.1924576035257761,-0.18701864646641003,-0.16174151947745014,0.17897804810284423,-1.1072151855588004,-1.1259153488245126,0.0,0.0,1.0,0.0,0.0,0.0,0.0
-0.2825420637601321,-0.26130124511522795,-0.2225361671604216,-0.16284389428132517,-0.37034805961188205,-1.1072151855588004,-1.1259153488245126,0.0,0.0,1.0,0.0,0.0,0.0,0.0
-0.07238262705619204,-0.12361396193632423,-0.0802719995718397,1.1356990025085087,0.5878919925115041,0.5755188193849565,0.5336296265452943,0.0,0.0,0.0,0.0,0.0,0.0,1.0
-0.1407476021203328,-0.26130124511522795,-0.2225361671604216,-0.16284389428132517,-0.37034805961188205,0.5755188193849565,0.5336296265452943,0.0,0.0,0.0,0.0,0.0,0.0,1.0
-0.1170618187748975,-0.1924576035257761,-0.20370994034447013,-0.16155282469120125,1.1389475802977447,0.5755188193849565,0.5336296265452943,0.0,0.0,0.0,0.0,0.0,0.0,1.0
0.19103127495621294,-0.26130124511522795,-0.2225361671604216,-0.16284389428132517,-0.37034805961188205,0.6389704336430185,0.7683980612559066,1.0,0.0,0.0,0.0,0.0,0.0,0.0
-0.2631142655028346,-0.26130124511522795,-0.2225361671604216,-0.16284389428132517,-0.37034805961188205,-0.8640164649312321,-0.8936943502411376,0.0,0.0,0.0,1.0,0.0,0.0,0.0
-0.2272119789797336,-0.26130124511522795,-0.2225361671604216,-0.16284389428132517,-0.37034805961188205,-0.6842174107830546,-0.6732657355858858,0.0,0.0,0.0,0.0,1.0,0.0,0.0
-0.2373528626854658,-0.26130124511522795,-0.2225361671604216,-0.16284389428132517,-0.37034805961188205,-0.48757633997091815,-0.4792517157889571,0.0,0.0,0.0,0.0,0.0,1.0,0.0
-0.27789267614300106,-0.26130124511522795,-0.2225361671604216,-0.16284389428132517,-0.37034805961188205,-1.1072151855588004,-1.1259153488245126,0.0,0.0,1.0,0.0,0.0,0.0,0.0
0.7102326600070045,-0.1924576035257761,-0.19866373521854497,-0.1575554746140868,8.678507859559822,1.881283378844675,1.8272838018489053,0.0,1.0,0.0,0.0,0.0,0.0,0.0
0.5477531677440509,0.6336660955476462,-0.13752701926983651,-0.15094619144310625,0.21181322503750744,-0.6842174107830546,-0.6732657355858858,0.0,0.0,0.0,0.0,1.0,0.0,0.0
0.023902395076128354,-0.1924576035257761,-0.2172958772219609,-0.16266513079961573,2.423626995919453,0.6389704336430185,0.7683980612559066,1.0,0.0,0.0,0.0,0.0,0.0,0.0
-0.20319409651878895,-0.26130124511522795,-0.2225361671604216,-0.16284389428132517,-0.37034805961188205,0.6389704336430185,0.7683980612559066,1.0,0.0,0.0,0.0,0.0,0.0,0.0
0.18483999858850275,-0.12361396193632423,0.003184469818460737,-0.13213630064545462,1.7599930647280793,0.6389704336430185,0.7683980612559066,1.0,0.0,0.0,0.0,0.0,0.0,0.0
-0.22056999666954644,0.014073321242579479,0.059274980641244056,-0.13570660462737424,-0.22885497126111923,-0.48757633997091815,-0.4792517157889571,0.0,0.0,0.0,0.0,0.0,1.0,0.0
-0.2475293284392883,-0.1924576035257761,-0.16663974115017388,-0.15931828116983293,-0.050069968868329526,-0.8640164649312321,-0.8936943502411376,0.0,0.0,0.0,1.0,0.0,0.0,0.0
-0.2570178745966985,-0.26130124511522795,-0.2225361671604216,-0.16284389428132517,-0.37034805961188205,0.5755188193849565,0.5336296265452943,0.0,0.0,0.0,0.0,0.0,0.0,1.0
-0.19369368967868195,0.1517606044214832,0.16854473009877696,-0.02506690640602363,-0.23519639819000496,-1.1072151855588004,-1.1259153488245126,0.0,0.0,1.0,0.0,0.0,0.0,0.0
-0.26785853858153974,-0.26130124511522795,-0.2225361671604216,-0.16284389428132517,-0.37034805961188205,-0.6842174107830546,-0.6732657355858858,0.0,0.0,0.0,0.0,1.0,0.0,0.0
0.15525945594277635,-0.12361396193632423,-0.11054923032739056,0.42298389788967516,1.6252017116544344,0.5755188193849565,0.5336296265452943,0.0,0.0,0.0,0.0,0.0,0.0,1.0
-0.17732594755714928,0.42713517077929064,0.25335979317682644,-0.0897246646098837,-0.274340297141945,-1.1072151855588004,-1.1259153488245126,0.0,0.0,1.0,0.0,0.0,0.0,0.0
-0.27553240028634524,-0.26130124511522795,-0.2225361671604216,-0.16284389428132517,-0.37034805961188205,-1.1072151855588004,-1.1259153488245126,0.0,0.0,1.0,0.0,0.0,0.0,0.0
0.48139264805566306,-0.12361396193632423,-0.08318327175987343,0.9780544399021079,3.1113115093553225,0.5755188193849565,0.5336296265452943,0.0,0.0,0.0,0.0,0.0,0.0,1.0
-0.25477620556701036,-0.26130124511522795,-0.2225361671604216,-0.16284389428132517,-0.37034805961188205,-0.48757633997091815,-0.4792517157889571,0.0,0.0,0.0,0.0,0.0,1.0,0.0
-0.2697206657649315,-0.26130124511522795,-0.2225361671604216,-0.16284389428132517,-0.37034805961188205,-0.8640164649312321,-0.8936943502411376,0.0,0.0,0.0,1.0,0.0,0.0,0.0
-0.26701643011006954,-0.26130124511522795,-0.2225361671604216,-0.16284389428132517,-0.37034805961188205,0.5755188193849565,0.5336296265452943,0.0,0.0,0.0,0.0,0.0,0.0,1.0
-0.2575278839526593,-0.26130124511522795,-0.2225361671604216,-0.16284389428132517,-0.37034805961188205,-0.8640164649312321,-0.8936943502411376,0.0,0.0,0.0,1.0,0.0,0.0,0.0
-0.2304618060386466,-0.26130124511522795,-0.2225361671604216,-0.16284389428132517,-0.37034805961188205,-0.48757633997091815,-0.4792517157889571,0.0,0.0,0.0,0.0,0.0,1.0,0.0
-0.28024109131696007,-0.26130124511522795,-0.2225361671604216,-0.16284389428132517,-0.37034805961188205,-0.8640164649312321,-0.8936943502411376,0.0,0.0,0.0,1.0,0.0,0.0,0.0
-0.10840352040626065,-0.26130124511522795,-0.2225361671604216,-0.16284389428132517,-0.37034805961188205,1.881283378844675,1.8272838018489053,0.0,1.0,0.0,0.0,0.0,0.0,0.0
-0.2617384263100101,-0.26130124511522795,-0.2225361671604216,-0.16284389428132517,-0.37034805961188205,0.5755188193849565,0.5336296265452943,0.0,0.0,0.0,0.0,0.0,0.0,1.0
0.05453853848186666,-0.1924576035257761,-0.1483957687718291,-0.004613384707098845,2.7028299349645413,0.5755188193849565,0.5336296265452943,0.0,0.0,0.0,0.0,0.0,0.0,1.0
-0.24419647660149793,-0.26130124511522795,-0.2225361671604216,-0.16284389428132517,-0.37034805961188205,-0.8640164649312321,-0.8936943502411376,0.0,0.0,0.0,1.0,0.0,0.0,0.0
-0.17820363807670972,0.014073321242579479,0.06626203389252502,-0.13858171729153482,-0.13232836476972792,-0.8640164649312321,-0.8936943502411376,0.0,0.0,0.0,1.0,0.0,0.0,0.0
-0.20710812180872065,-0.26130124511522795,-0.2225361671604216,-0.16284389428132517,-0.37034805961188205,0.5755188193849565,0.5336296265452943,0.0,0.0,0.0,0.0,0.0,0.0,1.0
3.6711334884268694,0.7025097371370981,0.9250873293624773,0.036656151306439365,2.2034425643147904,1.881283378844675,1.8272838018489053,0.0,1.0,0.0,0.0,0.0,0.0,0.0
-0.2806799365767403,-0.26130124511522795,-0.2225361671604216,-0.16284389428132517,-0.37034805961188205,-1.1072151855588004,-1.1259153488245126,0.0,0.0,1.0,0.0,0.0,0.0,0.0
-0.281344134807759,-0.26130124511522795,-0.2225361671604216,-0.16284389428132517,-0.37034805961188205,-1.1072151855588004,-1.1259153488245126,0.0,0.0,1.0,0.0,0.0,0.0,0.0
-0.26944787006290594,-0.26130124511522795,-0.2225361671604216,-0.16284389428132517,-0.37034805961188205,1.881283378844675,1.8272838018489053,0.0,1.0,0.0,0.0,0.0,0.0,0.0
-0.22478053902689724,-0.26130124511522795,-0.2225361671604216,-0.16284389428132517,-0.37034805961188205,-0.6842174107830546,-0.6732657355858858,0.0,0.0,0.0,0.0,1.0,0.0,0.0
-0.2364277294351183,-0.1924576035257761,-0.20215726184418545,-0.1611754351187035,0.05110461531525643,-0.8640164649312321,-0.8936943502411376,0.0,0.0,0.0,1.0,0.0,0.0,0.0
-0.2295722548363894,-0.26130124511522795,-0.2225361671604216,-0.16284389428132517,-0.37034805961188205,-0.6842174107830546,-0.6732657355858858,0.0,0.0,0.0,0.0,1.0,0.0,0.0
-0.22959597620178293,-0.26130124511522795,-0.2225361671604216,-0.16284389428132517,-0.37034805961188205,-0.8640164649312321,-0.8936943502411376,0.0,0.0,0.0,1.0,0.0,0.0,0.0
-0.27995643493223776,-0.26130124511522795,-0.2225361671604216,-0.16284389428132517,-0.37034805961188205,-1.1072151855588004,-1.1259153488245126,0.0,0.0,1.0,0.0,0.0,0.0,0.0
0.012717771293081033,-0.26130124511522795,-0.2225361671604216,-0.16284389428132517,-0.37034805961188205,-0.48757633997091815,-0.4792517157889571,0.0,0.0,0.0,0.0,0.0,1.0,0.0
0.47374250771625104,1.253258869852713,1.0572590866992089,5.099704724631882,-0.057002629041359804,-0.8640164649312321,-0.8936943502411376,0.0,0.0,0.0,1.0,0.0,0.0,0.0
-0.1529996873460888,-0.12361396193632423,-0.022046555811164978,1.2894107685173015,0.220539616071422,-0.8640164649312321,-0.8936943502411376,0.0,0.0,0.0,1.0,0.0,0.0,0.0
-0.2731009603335089,-0.26130124511522795,-0.2225361671604216,-0.16284389428132517,-0.37034805961188205,-0.48757633997091815,-0.4792517157889571,0.0,0.0,0.0,0.0,0.0,1.0,0.0
0.3824271116338742,-0.1924576035257761,-0.20487444921968362,-0.1621189090499479,5.691047221027826,0.5755188193849565,0.5336296265452943,0.0,0.0,0.0,0.0,0.0,0.0,1.0
-0.23826613525311655,-0.26130124511522795,-0.2225361671604216,-0.16284389428132517,-0.37034805961188205,0.6389704336430185,0.7683980612559066,1.0,0.0,0.0,0.0,0.0,0.0,0.0
-0.2621891322524871,-0.26130124511522795,-0.2225361671604216,-0.16284389428132517,-0.37034805961188205,1.881283378844675,1.8272838018489053,0.0,1.0,0.0,0.0,0.0,0.0,0.0
-0.24756491048737858,-0.26130124511522795,-0.2225361671604216,-0.16284389428132517,-0.37034805961188205,1.881283378844675,1.8272838018489053,0.0,1.0,0.0,0.0,0.0,0.0,0.0
-0.23519421843465496,-0.054770320346872375,-0.01932936843566682,-0.03650280358315978,-0.22611662781455494,-1.1072151855588004,-1.1259153488245126,0.0,0.0,1.0,0.0,0.0,0.0,0.0
-0.1246170736527354,-0.1924576035257761,-0.18080793246527138,-0.1579725894047422,1.070092654950582,-0.48757633997091815,-0.4792517157889571,0.0,0.0,0.0,0.0,0.0,1.0,0.0
-0.2468176874774825,-0.26130124511522795,-0.2225361671604216,-0.16284389428132517,-0.37034805961188205,1.881283378844675,1.8272838018489053,0.0,1.0,0.0,0.0,0.0,0.0,0.0
2.1260542142022762,1.0467279450843574,2.784808003078428,0.007626948137729898,0.7850185861890376,0.6389704336430185,0.7683980612559066,1.0,0.0,0.0,0.0,0.0,0.0,0.0
0.03693728535987067,-0.26130124511522795,-0.2225361671604216,-0.16284389428132517,-0.37034805961188205,1.881283378844675,1.8272838018489053,0.0,1.0,0.0,0.0,0.0,0.0,0.0
-0.20175895391248064,-0.26130124511522795,-0.2225361671604216,-0.16284389428132517,-0.37034805961188205,0.5755188193849565,0.5336296265452943,0.0,0.0,0.0,0.0,0.0,0.0,1.0
-0.2713693006597815,-0.26130124511522795,-0.2225361671604216,-0.16284389428132517,-0.37034805961188205,-0.8640164649312321,-0.8936943502411376,0.0,0.0,0.0,1.0,0.0,0.0,0.0
0.120424630862384,0.6336660955476462,-0.09541061494961513,-0.13974864557491606,-0.08776099369609046,-0.6842174107830546,-0.6732657355858858,0.0,0.0,0.0,0.0,1.0,0.0,0.0
-0.08838268801412506,0.014073321242579479,-0.1483957687718291,-0.15773423809579626,0.0723177693174239,-0.6842174107830546,-0.6732657355858858,0.0,0.0,0.0,0.0,1.0,0.0,0.0
-0.2736702731029535,-0.26130124511522795,-0.2225361671604216,-0.16284389428132517,-0.37034805961188205,0.5755188193849565,0.5336296265452943,0.0,0.0,0.0,0.0,0.0,0.0,1.0
-0.27026625716898256,-0.26130124511522795,-0.2225361671604216,-0.16284389428132517,-0.37034805961188205,0.5755188193849565,0.5336296265452943,0.0,0.0,0.0,0.0,0.0,0.0,1.0
0.0035969062992704417,0.014073321242579479,-0.14121463070801257,-0.1498388509869615,0.28188211235794447,-0.6842174107830546,-0.6732657355858858,0.0,0.0,0.0,0.0,1.0,0.0,0.0
-0.25576064223084166,-0.26130124511522795,-0.2225361671604216,-0.16284389428132517,-0.37034805961188205,-0.6842174107830546,-0.6732657355858858,0.0,0.0,0.0,0.0,1.0,0.0,0.0
0.516998417511345,-0.1924576035257761,-0.13675068001969418,-0.15462077412268974,6.917464776740396,1.881283378844675,1.8272838018489053,0.0,1.0,0.0,0.0,0.0,0.0,0.0
-0.23743588746434313,-0.054770320346872375,-0.20895023028293083,-0.16201959600455376,-0.23292645559614245,-0.6842174107830546,-0.6732657355858858,0.0,0.0,0.0,0.0,1.0,0.0,0.0
-0.25662647206770534,-0.26130124511522795,-0.2225361671604216,-0.16284389428132517,-0.37034805961188205,1.881283378844675,1.8272838018489053,0.0,1.0,0.0,0.0,0.0,0.0,0.0
-0.09941312292211446,-0.26130124511522795,-0.2225361671604216,-0.16284389428132517,-0.37034805961188205,1.881283378844675,1.8272838018489053,0.0,1.0,0.0,0.0,0.0,0.0,0.0
-0.2722232698139484,-0.26130124511522795,-0.2225361671604216,-0.16284389428132517,-0.37034805961188205,-1.1072151855588004,-1.1259153488245126,0.0,0.0,1.0,0.0,0.0,0.0,0.0
0.13387464504051302,1.1844152282632612,1.665520889185724,10.609388891356156,-0.18957621404169797,-0.8640164649312321,-0.8936943502411376,0.0,0.0,0.0,1.0,0.0,0.0,0.0
-0.2224677059010285,-0.26130124511522795,-0.2225361671604216,-0.16284389428132517,-0.37034805961188205,0.5755188193849565,0.5336296265452943,0.0,0.0,0.0,0.0,0.0,0.0,1.0
-0.2550490012690359,0.1517606044214832,0.8441539625351394,3.970197596755157,-0.32839015246024894,-0.8640164649312321,-0.8936943502411376,0.0,0.0,0.0,1.0,0.0,0.0,0.0
-0.27005276488044083,-0.1924576035257761,-0.2225361671604216,-0.16284389428132517,-0.25533763485618177,-0.8640164649312321,-0.8936943502411376,0.0,0.0,0.0,1.0,0.0,0.0,0.0
-0.2683092445240167,-0.26130124511522795,-0.2225361671604216,-0.16284389428132517,-0.37034805961188205,-0.6842174107830546,-0.6732657355858858,0.0,0.0,0.0,0.0,1.0,0.0,0.0
-0.00794353796467976,0.3582915291898388,0.22172396873352654,-0.12444947093194755,-0.09215398394184393,-0.48757633997091815,-0.4792517157889571,0.0,0.0,0.0,0.0,0.0,1.0,0.0
-0.2537206048069985,-0.26130124511522795,-0.2225361671604216,-0.16284389428132517,-0.37034805961188205,-0.6842174107830546,-0.6732657355858858,0.0,0.0,0.0,0.0,1.0,0.0,0.0
-0.25949675728032195,-0.26130124511522795,-0.2225361671604216,-0.16284389428132517,-0.37034805961188205,0.5755188193849565,0.5336296265452943,0.0,0.0,0.0,0.0,0.0,0.0,1.0
-0.009710779686497417,-0.1924576035257761,0.05908089582870847,-0.13768293423071779,2.1172928382524847,0.6389704336430185,0.7683980612559066,1.0,0.0,0.0,0.0,0.0,0.0,0.0
0.03328419508926773,-0.26130124511522795,-0.2225361671604216,-0.16284389428132517,-0.37034805961188205,1.881283378844675,1.8272838018489053,0.0,1.0,0.0,0.0,0.0,0.0,0.0
-0.15604788279915682,-0.12361396193632423,-0.07347903113309431,-0.15059859578422674,0.20664972924707287,-0.8640164649312321,-0.8936943502411376,0.0,0.0,0.0,1.0,0.0,0.0,0.0
-0.23112600426966534,0.3582915291898388,0.2384152626115866,0.06275561963602147,-0.31815139023131883,-1.1072151855588004,-1.1259153488245126,0.0,0.0,1.0,0.0,0.0,0.0,0.0
0.7533462416097373,3.1808808343573647,1.667073567686009,-0.022787672014227933,-0.18151261615350495,-0.48757633997091815,-0.4792517157889571,0.0,0.0,0.0,0.0,0.0,1.0,0.0
-0.045233524363302,0.1517606044214832,-0.13151039008123344,-0.13879524033913224,-0.00969741844891782,-0.6842174107830546,-0.6732657355858858,0.0,0.0,0.0,0.0,1.0,0.0,0.0
-0.26494081063813607,-0.26130124511522795,-0.2225361671604216,-0.16284389428132517,-0.37034805961188205,-0.48757633997091815,-0.4792517157889571,0.0,0.0,0.0,0.0,0.0,1.0,0.0
0.45277282070837443,0.014073321242579479,-0.15363605871028985,0.09193875802509187,1.305274921550408,0.5755188193849565,0.5336296265452943,0.0,0.0,0.0,0.0,0.0,0.0,1.0
-0.280893428865282,-0.26130124511522795,-0.2225361671604216,-0.16284389428132517,-0.37034805961188205,-1.1072151855588004,-1.1259153488245126,0.0,0.0,1.0,0.0,0.0,0.0,0.0
0.08717913726335788,-0.26130124511522795,-0.2225361671604216,-0.16284389428132517,-0.37034805961188205,0.6389704336430185,0.7683980612559066,1.0,0.0,0.0,0.0,0.0,0.0,0.0
-0.2763033446616348,-0.26130124511522795,-0.2225361671604216,-0.16284389428132517,-0.37034805961188205,-1.1072151855588004,-1.1259153488245126,0.0,0.0,1.0,0.0,0.0,0.0,0.0
-0.15331992577890138,-0.26130124511522795,-0.2225361671604216,-0.16284389428132517,-0.37034805961188205,1.881283378844675,1.8272838018489053,0.0,1.0,0.0,0.0,0.0,0.0,0.0
-0.21399917845553984,-0.26130124511522795,-0.2225361671604216,-0.16284389428132517,-0.37034805961188205,0.6389704336430185,0.7683980612559066,1.0,0.0,0.0,0.0,0.0,0.0,0.0
-0.282447178298558,-0.26130124511522795,-0.2225361671604216,-0.16284389428132517,-0.37034805961188205,-1.1072151855588004,-1.1259153488245126,0.0,0.0,1.0,0.0,0.0,0.0,0.0
-0.28052574770168237,-0.26130124511522795,-0.2225361671604216,-0.16284389428132517,-0.37034805961188205,-0.6842174107830546,-0.6732657355858858,0.0,0.0,0.0,0.0,1.0,0.0,0.0
-0.2670520121581598,-0.26130124511522795,-0.2225361671604216,-0.16284389428132517,-0.37034805961188205,-1.1072151855588004,-1.1259153488245126,0.0,0.0,1.0,0.0,0.0,0.0,0.0
-0.2644545226475688,-0.26130124511522795,-0.2225361671604216,-0.16284389428132517,-0.37034805961188205,-1.1072151855588004,-1.1259153488245126,0.0,0.0,1.0,0.0,0.0,0.0,0.0
-0.2778570940949108,-0.26130124511522795,-0.2225361671604216,-0.16284389428132517,-0.37034805961188205,-0.8640164649312321,-0.8936943502411376,0.0,0.0,0.0,1.0,0.0,0.0,0.0
-0.2810831997884302,-0.26130124511522795,-0.2225361671604216,-0.16284389428132517,-0.37034805961188205,-0.8640164649312321,-0.8936943502411376,0.0,0.0,0.0,1.0,0.0,0.0,0.0
-0.26434777650329794,-0.26130124511522795,-0.2225361671604216,-0.16284389428132517,-0.37034805961188205,-1.1072151855588004,-1.1259153488245126,0.0,0.0,1.0,0.0,0.0,0.0,0.0
-0.2763389267097251,-0.26130124511522795,-0.2225361671604216,-0.16284389428132517,-0.37034805961188205,0.5755188193849565,0.5336296265452943,0.0,0.0,0.0,0.0,0.0,0.0,1.0
-0.27326700989126357,-0.1924576035257761,-0.2017690922191143,-0.1595665637833183,-0.28463070356745507,-0.6842174107830546,-0.6732657355858858,0.0,0.0,0.0,0.0,1.0,0.0,0.0
-0.21046469501190454,-0.26130124511522795,-0.2225361671604216,-0.16284389428132517,-0.37034805961188205,-0.48757633997091815,-0.4792517157889571,0.0,0.0,0.0,0.0,0.0,1.0,0.0
-0.27112022632314947,-0.26130124511522795,-0.2225361671604216,-0.16284389428132517,-0.37034805961188205,-0.8640164649312321,-0.8936943502411376,0.0,0.0,0.0,1.0,0.0,0.0,0.0
-0.21380940753239164,-0.12361396193632423,-0.13131630526869786,-0.15959139204466682,-0.05655551913650811,-0.6842174107830546,-0.6732657355858858,0.0,0.0,0.0,0.0,1.0,0.0,0.0
1.3758304515839392,0.5648224539581944,1.2257247039800945,-0.07718639262887252,0.8892178641380459,0.6389704336430185,0.7683980612559066,1.0,0.0,0.0,0.0,0.0,0.0,0.0
-0.11186683975371539,-0.26130124511522795,-0.2225361671604216,-0.16284389428132517,-0.37034805961188205,0.6389704336430185,0.7683980612559066,1.0,0.0,0.0,0.0,0.0,0.0,0.0
-0.2522617408352966,-0.1924576035257761,-0.20157500740657872,-0.15921400247216907,-0.09319887815171712,-1.1072151855588004,-1.1259153488245126,0.0,0.0,1.0,0.0,0.0,0.0,0.0
0.020533961190247717,-0.054770320346872375,0.2021214026674327,-0.12302432873054153,0.5507442018087703,-0.48757633997091815,-0.4792517157889571,0.0,0.0,0.0,0.0,0.0,1.0,0.0
-0.2624975100026029,-0.26130124511522795,-0.2225361671604216,-0.16284389428132517,-0.37034805961188205,-1.1072151855588004,-1.1259153488245126,0.0,0.0,1.0,0.0,0.0,0.0,0.0
-0.19209249751461896,-0.26130124511522795,-0.2225361671604216,-0.16284389428132517,-0.37034805961188205,-0.48757633997091815,-0.4792517157889571,0.0,0.0,0.0,0.0,0.0,1.0,0.0
-0.23761379770479457,-0.26130124511522795,-0.2225361671604216,-0.16284389428132517,-0.37034805961188205,-0.8640164649312321,-0.8936943502411376,0.0,0.0,0.0,1.0,0.0,0.0,0.0
-0.2760542703250028,-0.26130124511522795,-0.2225361671604216,-0.16284389428132517,-0.37034805961188205,-0.8640164649312321,-0.8936943502411376,0.0,0.0,0.0,1.0,0.0,0.0,0.0
-0.28187786552911337,-0.26130124511522795,-0.2225361671604216,-0.16284389428132517,-0.37034805961188205,-1.1072151855588004,-1.1259153488245126,0.0,0.0,1.0,0.0,0.0,0.0,0.0
-0.049159410335930485,0.4959788123687425,1.5052068340313332,5.7996382403084885,-0.17688212979385176,-0.8640164649312321,-0.8936943502411376,0.0,0.0,0.0,1.0,0.0,0.0,0.0
-0.19120294631236176,-0.26130124511522795,-0.2225361671604216,-0.16284389428132517,-0.37034805961188205,1.881283378844675,1.8272838018489053,0.0,1.0,0.0,0.0,0.0,0.0,0.0
-0.280893428865282,-0.26130124511522795,-0.2225361671604216,-0.16284389428132517,-0.37034805961188205,-0.6842174107830546,-0.6732657355858858,0.0,0.0,0.0,0.0,1.0,0.0,0.0
-0.24648558836197315,-0.26130124511522795,-0.2225361671604216,-0.16284389428132517,-0.37034805961188205,0.5755188193849565,0.5336296265452943,0.0,0.0,0.0,0.0,0.0,0.0,1.0
-0.2684990154471649,-0.26130124511522795,-0.2225361671604216,-0.16284389428132517,-0.37034805961188205,-0.8640164649312321,-0.8936943502411376,0.0,0.0,0.0,1.0,0.0,0.0,0.0
-0.28104761774033993,-0.26130124511522795,-0.2225361671604216,-0.16284389428132517,-0.37034805961188205,-1.1072151855588004,-1.1259153488245126,0.0,0.0,1.0,0.0,0.0,0.0,0.0
-0.2758051959883708,-0.26130124511522795,-0.2225361671604216,-0.16284389428132517,-0.37034805961188205,-0.8640164649312321,-0.8936943502411376,0.0,0.0,0.0,1.0,0.0,0.0,0.0
-0.13153185166494813,-0.26130124511522795,-0.2225361671604216,-0.16284389428132517,-0.37034805961188205,0.6389704336430185,0.7683980612559066,1.0,0.0,0.0,0.0,0.0,0.0,0.0
-0.27112022632314947,-0.26130124511522795,-0.2225361671604216,-0.16284389428132517,-0.37034805961188205,-0.48757633997091815,-0.4792517157889571,0.0,0.0,0.0,0.0,0.0,1.0,0.0
-0.22623940299859907,-0.26130124511522795,-0.2225361671604216,-0.16284389428132517,-0.37034805961188205,-0.48757633997091815,-0.4792517157889571,0.0,0.0,0.0,0.0,0.0,1.0,0.0
-0.28219810396192596,-0.26130124511522795,-0.2225361671604216,-0.16284389428132517,-0.37034805961188205,-0.8640164649312321,-0.8936943502411376,0.0,0.0,0.0,1.0,0.0,0.0,0.0
1.4017816253244562,1.7351643609788758,1.1865195718479067,0.005973385931917334,0.1590070260701426,-0.48757633997091815,-0.4792517157889571,0.0,0.0,0.0,0.0,0.0,1.0,0.0
-0.20762999184737824,-0.1924576035257761,-0.14179688514561933,-0.15529610283136994,0.3135532161675499,-0.8640164649312321,-0.8936943502411376,0.0,0.0,0.0,1.0,0.0,0.0,0.0
-0.17586708358544745,-0.1924576035257761,-0.004773007495498142,-0.153394258012072,0.6030249431372542,0.6389704336430185,0.7683980612559066,1.0,0.0,0.0,0.0,0.0,0.0,0.0
-0.23981988468639245,-0.12361396193632423,-0.21846038609717439,-0.1627247186268522,-0.17507895028747178,-0.6842174107830546,-0.6732657355858858,0.0,0.0,0.0,0.0,1.0,0.0,0.0
-0.26099120330011405,-0.26130124511522795,-0.2225361671604216,-0.16284389428132517,-0.37034805961188205,-0.48757633997091815,-0.4792517157889571,0.0,0.0,0.0,0.0,0.0,1.0,0.0
-0.2731009603335089,-0.26130124511522795,-0.2225361671604216,-0.16284389428132517,-0.37034805961188205,-0.8640164649312321,-0.8936943502411376,0.0,0.0,0.0,1.0,0.0,0.0,0.0
-0.0012066701929184915,-0.26130124511522795,-0.2225361671604216,-0.16284389428132517,-0.37034805961188205,1.881283378844675,1.8272838018489053,0.0,1.0,0.0,0.0,0.0,0.0,0.0
-0.23978430263830217,-0.26130124511522795,-0.2225361671604216,-0.16284389428132517,-0.37034805961188205,1.881283378844675,1.8272838018489053,0.0,1.0,0.0,0.0,0.0,0.0,0.0
-0.2679652847258106,-0.26130124511522795,-0.2225361671604216,-0.16284389428132517,-0.37034805961188205,-1.1072151855588004,-1.1259153488245126,0.0,0.0,1.0,0.0,0.0,0.0,0.0
-0.2758882207672481,-0.26130124511522795,-0.2225361671604216,-0.16284389428132517,-0.37034805961188205,-1.1072151855588004,-1.1259153488245126,0.0,0.0,1.0,0.0,0.0,0.0,0.0
-0.2631261261855314,-0.26130124511522795,-0.2225361671604216,-0.16284389428132517,-0.37034805961188205,-0.8640164649312321,-0.8936943502411376,0.0,0.0,0.0,1.0,0.0,0.0,0.0
-0.19079968310067183,-0.26130124511522795,-0.2225361671604216,-0.16284389428132517,-0.37034805961188205,-0.6842174107830546,-0.6732657355858858,0.0,0.0,0.0,0.0,1.0,0.0,0.0
-0.2562825122694992,-0.26130124511522795,-0.2225361671604216,-0.16284389428132517,-0.37034805961188205,0.6389704336430185,0.7683980612559066,1.0,0.0,0.0,0.0,0.0,0.0,0.0
-0.25202452718136137,-0.26130124511522795,-0.2225361671604216,-0.16284389428132517,-0.37034805961188205,-0.48757633997091815,-0.4792517157889571,0.0,0.0,0.0,0.0,0.0,1.0,0.0
-0.10886608703143441,-0.1924576035257761,-0.13015179639348437,-0.151119989272546,1.2136395008862682,-0.6842174107830546,-0.6732657355858858,0.0,0.0,0.0,0.0,1.0,0.0,0.0
-0.2793989828454899,-0.26130124511522795,-0.2225361671604216,-0.16284389428132517,-0.37034805961188205,-0.8640164649312321,-0.8936943502411376,0.0,0.0,0.0,1.0,0.0,0.0,0.0
-0.2798141067398766,-0.26130124511522795,-0.2225361671604216,-0.16284389428132517,-0.37034805961188205,-1.1072151855588004,-1.1259153488245126,0.0,0.0,1.0,0.0,0.0,0.0,0.0
-0.04923057443211106,-0.26130124511522795,-0.2225361671604216,-0.16284389428132517,-0.37034805961188205,0.6389704336430185,0.7683980612559066,1.0,0.0,0.0,0.0,0.0,0.0,0.0
-0.23694959947377586,-0.26130124511522795,-0.2225361671604216,-0.16284389428132517,-0.37034805961188205,1.881283378844675,1.8272838018489053,0.0,1.0,0.0,0.0,0.0,0.0,0.0
-0.2791499085088579,-0.26130124511522795,-0.2225361671604216,-0.16284389428132517,-0.37034805961188205,0.5755188193849565,0.5336296265452943,0.0,0.0,0.0,0.0,0.0,0.0,1.0
0.33729721397269175,0.1517606044214832,0.33933936513008944,3.4518649364949274,0.5713358239102373,0.5755188193849565,0.5336296265452943,0.0,0.0,0.0,0.0,0.0,0.0,1.0
-0.17866620470188346,-0.26130124511522795,-0.2225361671604216,-0.16284389428132517,-0.37034805961188205,1.881283378844675,1.8272838018489053,0.0,1.0,0.0,0.0,0.0,0.0,0.0
0.5638718355289515,-0.054770320346872375,0.1471954007198629,0.10636397786859186,2.20131674506022,1.881283378844675,1.8272838018489053,0.0,1.0,0.0,0.0,0.0,0.0,0.0
-0.2820913578176551,-0.26130124511522795,-0.2225361671604216,-0.16284389428132517,-0.37034805961188205,-1.1072151855588004,-1.1259153488245126,0.0,0.0,1.0,0.0,0.0,0.0,0.0
-0.15411459151958448,-0.26130124511522795,-0.2225361671604216,-0.16284389428132517,-0.37034805961188205,-0.8640164649312321,-0.8936943502411376,0.0,0.0,0.0,1.0,0.0,0.0,0.0
-0.27923293328773524,-0.26130124511522795,-0.2225361671604216,-0.16284389428132517,-0.37034805961188205,-0.8640164649312321,-0.8936943502411376,0.0,0.0,0.0,1.0,0.0,0.0,0.0
-0.27767918385445933,-0.26130124511522795,-0.2225361671604216,-0.16284389428132517,-0.37034805961188205,0.5755188193849565,0.5336296265452943,0.0,0.0,0.0,0.0,0.0,0.0,1.0
-0.218091113985923,-0.1924576035257761,-0.14257322439576164,-0.15492367891114187,0.2182156272253247,-0.8640164649312321,-0.8936943502411376,0.0,0.0,0.0,1.0,0.0,0.0,0.0
-0.21546990310993844,-0.26130124511522795,-0.2225361671604216,-0.16284389428132517,-0.37034805961188205,0.5755188193849565,0.5336296265452943,0.0,0.0,0.0,0.0,0.0,0.0,1.0
-0.18727706033973326,-0.1924576035257761,-0.2225361671604216,-0.16284389428132517,0.49903995383745753,-0.6842174107830546,-0.6732657355858858,0.0,0.0,0.0,0.0,1.0,0.0,0.0
-0.2078316234532232,-0.26130124511522795,-0.2225361671604216,-0.16284389428132517,-0.37034805961188205,-0.6842174107830546,-0.6732657355858858,0.0,0.0,0.0,0.0,1.0,0.0,0.0
-0.20937351220380235,-0.26130124511522795,-0.2225361671604216,-0.16284389428132517,-0.37034805961188205,-0.6842174107830546,-0.6732657355858858,0.0,0.0,0.0,0.0,1.0,0.0,0.0
-0.2779401188737881,-0.26130124511522795,-0.2225361671604216,-0.16284389428132517,-0.37034805961188205,-0.48757633997091815,-0.4792517157889571,0.0,0.0,0.0,0.0,0.0,1.0,0.0
-0.1280329502694031,-0.12361396193632423,-0.21127924803335782,-0.16188552339327164,0.3343069770257214,-0.6842174107830546,-0.6732657355858858,0.0,0.0,0.0,0.0,1.0,0.0,0.0
-0.2797903853744831,-0.26130124511522795,-0.2225361671604216,-0.16284389428132517,-0.37034805961188205,-0.8640164649312321,-0.8936943502411376,0.0,0.0,0.0,1.0,0.0,0.0,0.0
-0.21307404520519235,-0.1924576035257761,-0.2095324847205376,-0.1617017942592925,0.2639387566159837,-0.8640164649312321,-0.8936943502411376,0.0,0.0,0.0,1.0,0.0,0.0,0.0
-0.28114250320191403,-0.26130124511522795,-0.2225361671604216,-0.16284389428132517,-0.37034805961188205,-1.1072151855588004,-1.1259153488245126,0.0,0.0,1.0,0.0,0.0,0.0,0.0
-0.282494621029345,-0.26130124511522795,-0.2225361671604216,-0.16284389428132517,-0.37034805961188205,-0.8640164649312321,-0.8936943502411376,0.0,0.0,0.0,1.0,0.0,0.0,0.0
-0.16416058976374256,-0.26130124511522795,-0.2225361671604216,-0.16284389428132517,-0.37034805961188205,0.5755188193849565,0.5336296265452943,0.0,0.0,0.0,0.0,0.0,0.0,1.0
-0.2755798430171323,-0.26130124511522795,-0.2225361671604216,-0.16284389428132517,-0.37034805961188205,0.5755188193849565,0.5336296265452943,0.0,0.0,0.0,0.0,0.0,0.0,1.0
-0.16360313767699472,-0.26130124511522795,-0.2225361671604216,-0.16284389428132517,-0.37034805961188205,0.6389704336430185,0.7683980612559066,1.0,0.0,0.0,0.0,0.0,0.0,0.0
-0.27071696311145954,0.014073321242579479,0.04957074001446493,-0.10557999230705943,-0.343108748485532,-1.1072151855588004,-1.1259153488245126,0.0,0.0,1.0,0.0,0.0,0.0,0.0
-0.1233123985560915,-0.26130124511522795,-0.2225361671604216,-0.16284389428132517,-0.37034805961188205,-0.6842174107830546,-0.6732657355858858,0.0,0.0,0.0,0.0,1.0,0.0,0.0
-0.15470762565442261,-0.054770320346872375,-0.15712958533593033,-0.15538051891995497,0.01838861729577775,-0.6842174107830546,-0.6732657355858858,0.0,0.0,0.0,0.0,1.0,0.0,0.0
-0.26377846373385333,-0.26130124511522795,-0.2225361671604216,-0.16284389428132517,-0.37034805961188205,-0.48757633997091815,-0.4792517157889571,0.0,0.0,0.0,0.0,0.0,1.0,0.0
-0.28129669207697194,-0.26130124511522795,-0.2225361671604216,-0.16284389428132517,-0.37034805961188205,0.5755188193849565,0.5336296265452943,0.0,0.0,0.0,0.0,0.0,0.0,1.0
-0.18607913138736024,3.593942683894076,1.8962877312905317,0.5923275372435066,-0.35462832110472536,-1.1072151855588004,-1.1259153488245126,0.0,0.0,1.0,0.0,0.0,0.0,0.0
0.5660423404624592,0.2894478876003869,0.6166865622434368,0.5472592772436423,0.5964988581798996,1.881283378844675,1.8272838018489053,0.0,1.0,0.0,0.0,0.0,0.0,0.0
-0.1817499822030418,-0.26130124511522795,-0.2225361671604216,-0.16284389428132517,-0.37034805961188205,1.881283378844675,1.8272838018489053,0.0,1.0,0.0,0.0,0.0,0.0,0.0
-0.18306651798238247,-0.26130124511522795,-0.2225361671604216,-0.16284389428132517,-0.37034805961188205,-0.6842174107830546,-0.6732657355858858,0.0,0.0,0.0,0.0,1.0,0.0,0.0
-0.08659172492691387,-0.26130124511522795,-0.2225361671604216,-0.16284389428132517,-0.37034805961188205,1.881283378844675,1.8272838018489053,0.0,1.0,0.0,0.0,0.0,0.0,0.0
-0.27713359245040825,-0.26130124511522795,-0.2225361671604216,-0.16284389428132517,-0.37034805961188205,-1.1072151855588004,-1.1259153488245126,0.0,0.0,1.0,0.0,0.0,0.0,0.0
-0.2814983236828169,-0.26130124511522795,-0.2225361671604216,-0.16284389428132517,-0.37034805961188205,-1.1072151855588004,-1.1259153488245126,0.0,0.0,1.0,0.0,0.0,0.0,0.0
-0.2815576270963007,-0.26130124511522795,-0.2225361671604216,-0.16284389428132517,-0.37034805961188205,-0.8640164649312321,-0.8936943502411376,0.0,0.0,0.0,1.0,0.0,0.0,0.0
-0.25651972592343447,-0.26130124511522795,-0.2225361671604216,-0.16284389428132517,-0.37034805961188205,0.6389704336430185,0.7683980612559066,1.0,0.0,0.0,0.0,0.0,0.0,0.0
-0.21734389097602697,-0.26130124511522795,-0.2225361671604216,-0.16284389428132517,-0.37034805961188205,-0.48757633997091815,-0.4792517157889571,0.0,0.0,0.0,0.0,0.0,1.0,0.0
0.3635567654633246,-0.1924576035257761,0.014247304132988935,-0.14508672176485152,5.519072046416623,0.6389704336430185,0.7683980612559066,1.0,0.0,0.0,0.0,0.0,0.0,0.0
-0.24025872994617267,-0.26130124511522795,-0.2225361671604216,-0.16284389428132517,-0.37034805961188205,1.881283378844675,1.8272838018489053,0.0,1.0,0.0,0.0,0.0,0.0,0.0
-0.26887855729346133,-0.26130124511522795,-0.2225361671604216,-0.16284389428132517,-0.37034805961188205,-0.8640164649312321,-0.8936943502411376,0.0,0.0,0.0,1.0,0.0,0.0,0.0
-0.2605642187230306,-0.26130124511522795,-0.2225361671604216,-0.16284389428132517,-0.37034805961188205,-0.48757633997091815,-0.4792517157889571,0.0,0.0,0.0,0.0,0.0,1.0,0.0
-0.2751884404881391,-0.26130124511522795,-0.2225361671604216,-0.16284389428132517,-0.37034805961188205,0.5755188193849565,0.5336296265452943,0.0,0.0,0.0,0.0,0.0,0.0,1.0
0.19648718899672382,0.7025097371370981,-0.053488295441929325,-0.13638689898832415,-0.058431696178374036,-0.6842174107830546,-0.6732657355858858,0.0,0.0,0.0,0.0,1.0,0.0,0.0
-0.25860720607806476,-0.26130124511522795,-0.2225361671604216,-0.16284389428132517,-0.37034805961188205,-0.8640164649312321,-0.8936943502411376,0.0,0.0,0.0,1.0,0.0,0.0,0.0
-0.2679415633604171,-0.26130124511522795,-0.2225361671604216,-0.16284389428132517,-0.37034805961188205,-0.48757633997091815,-0.4792517157889571,0.0,0.0,0.0,0.0,0.0,1.0,0.0
-0.24265458785091876,-0.26130124511522795,-0.2225361671604216,-0.16284389428132517,-0.37034805961188205,-0.6842174107830546,-0.6732657355858858,0.0,0.0,0.0,0.0,1.0,0.0,0.0
-0.27821291457581365,-0.26130124511522795,-0.2225361671604216,-0.16284389428132517,-0.37034805961188205,-0.6842174107830546,-0.6732657355858858,0.0,0.0,0.0,0.0,1.0,0.0,0.0
2.128817753270622,7.999935745618995,0.7442002840793144,-0.07353663821063758,-0.1872051277472246,-0.6842174107830546,-0.6732657355858858,0.0,0.0,0.0,0.0,1.0,0.0,0.0
-0.2208665137369655,-0.26130124511522795,-0.2225361671604216,-0.16284389428132517,-0.37034805961188205,0.6389704336430185,0.7683980612559066,1.0,0.0,0.0,0.0,0.0,0.0,0.0
-0.2329169673568765,-0.26130124511522795,-0.2225361671604216,-0.16284389428132517,-0.37034805961188205,-0.8640164649312321,-0.8936943502411376,0.0,0.0,0.0,1.0,0.0,0.0,0.0
-0.26044561189606297,-0.26130124511522795,-0.2225361671604216,-0.16284389428132517,-0.37034805961188205,0.5755188193849565,0.5336296265452943,0.0,0.0,0.0,0.0,0.0,0.0,1.0
0.19776814272797422,0.08291696283203133,0.31080889768735886,-0.09077738289106167,0.5053525560984846,-0.48757633997091815,-0.4792517157889571,0.0,0.0,0.0,0.0,0.0,1.0,0.0
-0.26807203087008147,-0.26130124511522795,-0.2225361671604216,-0.16284389428132517,-0.37034805961188205,-0.8640164649312321,-0.8936943502411376,0.0,0.0,0.0,1.0,0.0,0.0,0.0
-0.1850353913100451,-0.26130124511522795,-0.2225361671604216,-0.16284389428132517,-0.37034805961188205,-0.6842174107830546,-0.6732657355858858,0.0,0.0,0.0,0.0,1.0,0.0,0.0
-0.2582751069625554,-0.26130124511522795,-0.2225361671604216,-0.16284389428132517,-0.37034805961188205,-0.8640164649312321,-0.8936943502411376,0.0,0.0,0.0,1.0,0.0,0.0,0.0
0.2566208502693112,-0.054770320346872375,-0.06959733488238266,-0.15572811457883448,1.2679379689648522,0.6389704336430185,0.7683980612559066,1.0,0.0,0.0,0.0,0.0,0.0,0.0
-0.24891702831480952,-0.26130124511522795,-0.2225361671604216,-0.16284389428132517,-0.37034805961188205,-0.8640164649312321,-0.8936943502411376,0.0,0.0,0.0,1.0,0.0,0.0,0.0
-0.22639359187365699,-0.26130124511522795,-0.2225361671604216,-0.16284389428132517,-0.37034805961188205,0.5755188193849565,0.5336296265452943,0.0,0.0,0.0,0.0,0.0,0.0,1.0
0.002541305539258553,-0.26130124511522795,-0.2225361671604216,-0.16284389428132517,-0.37034805961188205,1.881283378844675,1.8272838018489053,0.0,1.0,0.0,0.0,0.0,0.0,0.0
-0.21257589653192832,-0.26130124511522795,-0.2225361671604216,-0.16284389428132517,-0.37034805961188205,-0.48757633997091815,-0.4792517157889571,0.0,0.0,0.0,0.0,0.0,1.0,0.0
0.007261857252570146,-0.1924576035257761,-0.14451407252111748,0.8908377234369672,2.271973212148544,0.5755188193849565,0.5336296265452943,0.0,0.0,0.0,0.0,0.0,0.0,1.0
-0.2608844571558432,-0.26130124511522795,-0.2225361671604216,-0.16284389428132517,-0.37034805961188205,1.881283378844675,1.8272838018489053,0.0,1.0,0.0,0.0,0.0,0.0,0.0
-0.25991188117470865,-0.26130124511522795,-0.2225361671604216,-0.16284389428132517,-0.37034805961188205,-1.1072151855588004,-1.1259153488245126,0.0,0.0,1.0,0.0,0.0,0.0,0.0
-0.1269180460959074,0.4959788123687425,0.7977676923391352,1.9655488785174702,-0.24130526245775907,-0.8640164649312321,-0.8936943502411376,0.0,0.0,0.0,1.0,0.0,0.0,0.0
-0.2745598243052107,-0.26130124511522795,-0.2225361671604216,-0.16284389428132517,-0.37034805961188205,-1.1072151855588004,-1.1259153488245126,0.0,0.0,1.0,0.0,0.0,0.0,0.0
-0.28062063316325647,-0.26130124511522795,-0.2225361671604216,-0.16284389428132517,-0.37034805961188205,-1.1072151855588004,-1.1259153488245126,0.0,0.0,1.0,0.0,0.0,0.0,0.0
-0.22078348895808816,-0.26130124511522795,-0.2225361671604216,-0.16284389428132517,-0.37034805961188205,-0.6842174107830546,-0.6732657355858858,0.0,0.0,0.0,0.0,1.0,0.0,0.0
2.0700006277773753,1.7351643609788758,1.8681454334728722,7.940882121181287,0.3690009436327366,0.5755188193849565,0.5336296265452943,0.0,0.0,0.0,0.0,0.0,0.0,1.0
-0.1440685932754264,-0.12361396193632423,0.24520823105033202,-0.012930852258858741,0.2612364440042426,0.6389704336430185,0.7683980612559066,1.0,0.0,0.0,0.0,0.0,0.0,0.0
-0.06454271579363183,-0.1924576035257761,-0.13364532301912485,-0.15654248155106648,1.6175811900893244,1.881283378844675,1.8272838018489053,0.0,1.0,0.0,0.0,0.0,0.0,0.0
-0.27464284908408804,-0.26130124511522795,-0.2225361671604216,-0.16284389428132517,-0.37034805961188205,-0.8640164649312321,-0.8936943502411376,0.0,0.0,0.0,1.0,0.0,0.0,0.0
-0.28152204504821043,-0.26130124511522795,-0.2225361671604216,-0.16284389428132517,-0.37034805961188205,-1.1072151855588004,-1.1259153488245126,0.0,0.0,1.0,0.0,0.0,0.0,0.0
-0.26827366247592643,0.42713517077929064,0.33254639669134406,-0.14057294385168748,-0.3572256295692674,-1.1072151855588004,-1.1259153488245126,0.0,0.0,1.0,0.0,0.0,0.0,0.0
-0.2561876268079251,-0.1924576035257761,-0.1483957687718291,-0.15898061681549283,-0.128977497131169,-1.1072151855588004,-1.1259153488245126,0.0,0.0,1.0,0.0,0.0,0.0,0.0
-0.2010710343160684,-0.26130124511522795,-0.2225361671604216,-0.16284389428132517,-0.37034805961188205,0.5755188193849565,0.5336296265452943,0.0,0.0,0.0,0.0,0.0,0.0,1.0
-0.2753544900458938,-0.26130124511522795,-0.2225361671604216,-0.16284389428132517,-0.37034805961188205,-0.8640164649312321,-0.8936943502411376,0.0,0.0,0.0,1.0,0.0,0.0,0.0
-0.07723364627916803,-0.26130124511522795,-0.2225361671604216,-0.16284389428132517,-0.37034805961188205,0.6389704336430185,0.7683980612559066,1.0,0.0,0.0,0.0,0.0,0.0,0.0
-0.064234338043516,-0.1924576035257761,-0.12510559126755924,-0.15703904677803723,1.6203915952055352,0.6389704336430185,0.7683980612559066,1.0,0.0,0.0,0.0,0.0,0.0,0.0
-0.171288860064497,-0.26130124511522795,-0.2225361671604216,-0.16284389428132517,-0.37034805961188205,1.881283378844675,1.8272838018489053,0.0,1.0,0.0,0.0,0.0,0.0,0.0
-0.27346864149710853,-0.26130124511522795,-0.2225361671604216,-0.16284389428132517,-0.37034805961188205,-1.1072151855588004,-1.1259153488245126,0.0,0.0,1.0,0.0,0.0,0.0,0.0
-0.26757388219681744,-0.26130124511522795,-0.2225361671604216,-0.16284389428132517,-0.37034805961188205,-1.1072151855588004,-1.1259153488245126,0.0,0.0,1.0,0.0,0.0,0.0,0.0
-0.13414120185823594,0.2894478876003869,0.0829533277705851,-0.14315011737966563,-0.20114275542771448,-0.8640164649312321,-0.8936943502411376,0.0,0.0,0.0,1.0,0.0,0.0,0.0
-0.1178564845155806,0.08291696283203133,0.3337109055665576,-0.05281497128914859,-0.06993737118984995,-0.48757633997091815,-0.4792517157889571,0.0,0.0,0.0,0.0,0.0,1.0,0.0
4.166910025151554,2.905506267999557,6.206523248080746,0.5413352540858813,0.511202710427346,0.6389704336430185,0.7683980612559066,1.0,0.0,0.0,0.0,0.0,0.0,0.0
-0.24834771554536492,0.2894478876003869,0.2263820042343805,0.005124259393797369,-0.33124559611998866,-1.1072151855588004,-1.1259153488245126,0.0,0.0,1.0,0.0,0.0,0.0,0.0
-0.20008659765223707,0.014073321242579479,-0.17090960702595667,-0.15552948848804618,-0.18218603245635082,-0.6842174107830546,-0.6732657355858858,0.0,0.0,0.0,0.0,1.0,0.0,0.0
0.2479506912179776,-0.26130124511522795,-0.2225361671604216,-0.16284389428132517,-0.37034805961188205,0.6389704336430185,0.7683980612559066,1.0,0.0,0.0,0.0,0.0,0.0,0.0
-0.23984360605178598,-0.26130124511522795,-0.2225361671604216,-0.16284389428132517,-0.37034805961188205,-0.48757633997091815,-0.4792517157889571,0.0,0.0,0.0,0.0,0.0,1.0,0.0
-0.23606004827151866,-0.26130124511522795,-0.2225361671604216,-0.16284389428132517,-0.37034805961188205,-0.6842174107830546,-0.6732657355858858,0.0,0.0,0.0,0.0,1.0,0.0,0.0
-0.15989074399290795,-0.12361396193632423,-0.023016979873842887,0.7171491383471417,0.18913874352299068,-0.8640164649312321,-0.8936943502411376,0.0,0.0,0.0,1.0,0.0,0.0,0.0
0.23154736704835466,-0.26130124511522795,-0.2225361671604216,-0.16284389428132517,-0.37034805961188205,1.881283378844675,1.8272838018489053,0.0,1.0,0.0,0.0,0.0,0.0,0.0
-0.2100021283867308,-0.26130124511522795,-0.2225361671604216,-0.16284389428132517,-0.37034805961188205,0.5755188193849565,0.5336296265452943,0.0,0.0,0.0,0.0,0.0,0.0,1.0
-0.2807392399902241,-0.26130124511522795,-0.2225361671604216,-0.16284389428132517,-0.37034805961188205,-1.1072151855588004,-1.1259153488245126,0.0,0.0,1.0,0.0,0.0,0.0,0.0
-0.06783998558333189,-0.26130124511522795,-0.2225361671604216,-0.16284389428132517,-0.37034805961188205,1.881283378844675,1.8272838018489053,0.0,1.0,0.0,0.0,0.0,0.0,0.0
0.5227271272538814,-0.1924576035257761,-0.1573236701484659,-0.1573469172187591,6.969673456399233,1.881283378844675,1.8272838018489053,0.0,1.0,0.0,0.0,0.0,0.0,0.0
-0.15910793893492162,-0.1924576035257761,-0.13170447489376905,0.4915098992116373,0.75575965195286,0.5755188193849565,0.5336296265452943,0.0,0.0,0.0,0.0,0.0,0.0,1.0
2.4157988318014945,0.6336660955476462,0.13652073603040585,-0.14357716347486046,1.5213871759193782,1.881283378844675,1.8272838018489053,0.0,1.0,0.0,0.0,0.0,0.0,0.0
-0.1827344188668731,-0.26130124511522795,-0.2225361671604216,-0.16284389428132517,-0.37034805961188205,-0.48757633997091815,-0.4792517157889571,0.0,0.0,0.0,0.0,0.0,1.0,0.0
-0.2819015868945069,-0.26130124511522795,-0.2225361671604216,-0.16284389428132517,-0.37034805961188205,0.5755188193849565,0.5336296265452943,0.0,0.0,0.0,0.0,0.0,0.0,1.0
-0.06322618001429116,2.2170698521050385,0.7319729408895727,-0.0935432512052887,-0.31479451745362275,-0.48757633997091815,-0.4792517157889571,0.0,0.0,0.0,0.0,0.0,1.0,0.0
0.1318701896647601,0.014073321242579479,0.3193486294389245,1.4644316381110893,0.5741372213177421,0.5755188193849565,0.5336296265452943,0.0,0.0,0.0,0.0,0.0,0.0,1.0
-0.2762084592000607,-0.26130124511522795,-0.2225361671604216,-0.16284389428132517,-0.37034805961188205,-1.1072151855588004,-1.1259153488245126,0.0,0.0,1.0,0.0,0.0,0.0,0.0
-0.27682521470029237,-0.26130124511522795,-0.2225361671604216,-0.16284389428132517,-0.37034805961188205,-0.48757633997091815,-0.4792517157889571,0.0,0.0,0.0,0.0,0.0,1.0,0.0
-0.2795887537686381,-0.26130124511522795,-0.2225361671604216,-0.16284389428132517,-0.37034805961188205,1.881283378844675,1.8272838018489053,0.0,1.0,0.0,0.0,0.0,0.0,0.0
0.4560226477672874,0.42713517077929064,2.2753353701725243,0.14061704722503351,0.30286286747550223,0.6389704336430185,0.7683980612559066,1.0,0.0,0.0,0.0,0.0,0.0,0.0
-0.27900758031649675,-0.26130124511522795,-0.2225361671604216,-0.16284389428132517,-0.37034805961188205,-0.8640164649312321,-0.8936943502411376,0.0,0.0,0.0,1.0,0.0,0.0,0.0
-0.2325374255105801,-0.26130124511522795,-0.2225361671604216,-0.16284389428132517,-0.37034805961188205,0.5755188193849565,0.5336296265452943,0.0,0.0,0.0,0.0,0.0,0.0,1.0
0.4192545314073227,0.5648224539581944,-0.06688014750688451,-0.13966422948633103,0.16273714930628036,-0.6842174107830546,-0.6732657355858858,0.0,0.0,0.0,0.0,1.0,0.0,0.0
-0.24257156307204142,-0.12361396193632423,-0.1497543624595782,-0.159283521603945,-0.1876176808059504,-1.1072151855588004,-1.1259153488245126,0.0,0.0,1.0,0.0,0.0,0.0,0.0
-0.16554828963926382,-0.12361396193632423,-0.2172958772219609,-0.15931828116983293,0.1633586812069808,-0.6842174107830546,-0.6732657355858858,0.0,0.0,0.0,0.0,1.0,0.0,0.0
-0.2321578836642837,-0.26130124511522795,-0.2225361671604216,-0.16284389428132517,-0.37034805961188205,-0.48757633997091815,-0.4792517157889571,0.0,0.0,0.0,0.0,0.0,1.0,0.0
0.002173624375658906,-0.1924576035257761,0.21007887998139158,-0.12826309187508284,2.225601527731067,0.6389704336430185,0.7683980612559066,1.0,0.0,0.0,0.0,0.0,0.0,0.0
-0.2731246816989024,-0.26130124511522795,-0.2225361671604216,-0.16284389428132517,-0.37034805961188205,-0.6842174107830546,-0.6732657355858858,0.0,0.0,0.0,0.0,1.0,0.0,0.0
-0.274595406353301,-0.1924576035257761,-0.17149186146356343,-0.1604454842350565,-0.2967370640680551,-1.1072151855588004,-1.1259153488245126,0.0,0.0,1.0,0.0,0.0,0.0,0.0
-0.28175925870214574,-0.26130124511522795,-0.2225361671604216,-0.16284389428132517,-0.37034805961188205,-1.1072151855588004,-1.1259153488245126,0.0,0.0,1.0,0.0,0.0,0.0,0.0
-0.2370326242526532,-0.26130124511522795,-0.2225361671604216,-0.16284389428132517,-0.37034805961188205,1.881283378844675,1.8272838018489053,0.0,1.0,0.0,0.0,0.0,0.0,0.0
-0.2793396794320061,-0.26130124511522795,-0.2225361671604216,-0.16284389428132517,-0.37034805961188205,-0.6842174107830546,-0.6732657355858858,0.0,0.0,0.0,0.0,1.0,0.0,0.0
-0.28139157753854604,-0.26130124511522795,-0.2225361671604216,-0.16284389428132517,-0.37034805961188205,-1.1072151855588004,-1.1259153488245126,0.0,0.0,1.0,0.0,0.0,0.0,0.0
-0.22180350767000978,-0.26130124511522795,-0.2225361671604216,-0.16284389428132517,-0.37034805961188205,0.6389704336430185,0.7683980612559066,1.0,0.0,0.0,0.0,0.0,0.0,0.0
-0.28173553733675216,-0.26130124511522795,-0.2225361671604216,-0.16284389428132517,-0.37034805961188205,-0.48757633997091815,-0.4792517157889571,0.0,0.0,0.0,0.0,0.0,1.0,0.0
-0.2793040973839158,-0.26130124511522795,-0.2225361671604216,-0.16284389428132517,-0.37034805961188205,-1.1072151855588004,-1.1259153488245126,0.0,0.0,1.0,0.0,0.0,0.0,0.0
-0.17962692000032127,-0.26130124511522795,-0.2225361671604216,-0.16284389428132517,-0.37034805961188205,0.6389704336430185,0.7683980612559066,1.0,0.0,0.0,0.0,0.0,0.0,0.0
-0.22717639693164332,-0.26130124511522795,-0.2225361671604216,-0.16284389428132517,-0.37034805961188205,-0.48757633997091815,-0.4792517157889571,0.0,0.0,0.0,0.0,0.0,1.0,0.0
0.2770923886039238,0.3582915291898388,-0.09968048082539795,-0.1532601854007899,0.19647702354865199,-0.6842174107830546,-0.6732657355858858,0.0,0.0,0.0,0.0,1.0,0.0,0.0
-0.2368072712814147,-0.12361396193632423,-0.06047534869321029,-0.11836654690155599,-0.1613512022198271,0.5755188193849565,0.5336296265452943,0.0,0.0,0.0,0.0,0.0,0.0,1.0
-0.25069613071932395,-0.26130124511522795,-0.2225361671604216,-0.16284389428132517,-0.37034805961188205,0.5755188193849565,0.5336296265452943,0.0,0.0,0.0,0.0,0.0,0.0,1.0
-0.01120522570628953,-0.12361396193632423,-0.046889411815719526,-0.15577280544926184,0.8666625615387138,0.6389704336430185,0.7683980612559066,1.0,0.0,0.0,0.0,0.0,0.0,0.0
-0.25114683666180093,-0.1924576035257761,-0.158682263836215,-0.1601624420556832,-0.08303818273157067,-1.1072151855588004,-1.1259153488245126,0.0,0.0,1.0,0.0,0.0,0.0,0.0
-0.25860720607806476,0.014073321242579479,0.0676206275802741,-0.15077239361366648,-0.3155181367196556,-1.1072151855588004,-1.1259153488245126,0.0,0.0,1.0,0.0,0.0,0.0,0.0
-0.2324069580009157,-0.26130124511522795,-0.2225361671604216,-0.16284389428132517,-0.37034805961188205,-0.6842174107830546,-0.6732657355858858,0.0,0.0,0.0,0.0,1.0,0.0,0.0
0.7273832071865235,3.3874117591257202,2.59712798935652,15.936426436296053,-0.19666583922254607,-0.8640164649312321,-0.8936943502411376,0.0,0.0,0.0,1.0,0.0,0.0,0.0
0.8270010811566342,0.014073321242579479,0.6848103314434262,-0.012156210504784387,2.157908596806953,0.6389704336430185,0.7683980612559066,1.0,0.0,0.0,0.0,0.0,0.0,0.0
0.3283186771712423,0.08291696283203133,0.38669605938877155,-0.04507351940067475,0.743307395437957,0.6389704336430185,0.7683980612559066,1.0,0.0,0.0,0.0,0.0,0.0,0.0
-0.2677992351680559,-0.26130124511522795,-0.2225361671604216,-0.16284389428132517,-0.37034805961188205,-1.1072151855588004,-1.1259153488245126,0.0,0.0,1.0,0.0,0.0,0.0,0.0
-0.2695901982552671,-0.26130124511522795,-0.2225361671604216,-0.16284389428132517,-0.37034805961188205,-0.48757633997091815,-0.4792517157889571,0.0,0.0,0.0,0.0,0.0,1.0,0.0
-0.19363438626519813,-0.26130124511522795,-0.2225361671604216,-0.16284389428132517,-0.37034805961188205,0.5755188193849565,0.5336296265452943,0.0,0.0,0.0,0.0,0.0,0.0,1.0
-0.24875097875705485,-0.12361396193632423,-0.06552155381913544,-0.15176055841533825,-0.21577577822029242,-1.1072151855588004,-1.1259153488245126,0.0,0.0,1.0,0.0,0.0,0.0,0.0
-0.2771098710850147,-0.26130124511522795,-0.2225361671604216,-0.16284389428132517,-0.37034805961188205,0.5755188193849565,0.5336296265452943,0.0,0.0,0.0,0.0,0.0,0.0,1.0
-0.14423464283318108,-0.26130124511522795,-0.2225361671604216,-0.16284389428132517,-0.37034805961188205,0.6389704336430185,0.7683980612559066,1.0,0.0,0.0,0.0,0.0,0.0,0.0
-0.2583106890106457,-0.26130124511522795,-0.2225361671604216,-0.16284389428132517,-0.37034805961188205,-0.48757633997091815,-0.4792517157889571,0.0,0.0,0.0,0.0,0.0,1.0,0.0
0.49274332139646504,-0.1924576035257761,-0.19575246303051122,-0.16102149989834255,6.6964156050999755,1.881283378844675,1.8272838018489053,0.0,1.0,0.0,0.0,0.0,0.0,0.0
-0.2793752614800964,-0.26130124511522795,-0.2225361671604216,-0.16284389428132517,-0.37034805961188205,1.881283378844675,1.8272838018489053,0.0,1.0,0.0,0.0,0.0,0.0,0.0
-0.27657614036366035,-0.26130124511522795,-0.2225361671604216,-0.16284389428132517,-0.37034805961188205,-0.6842174107830546,-0.6732657355858858,0.0,0.0,0.0,0.0,1.0,0.0,0.0
-0.18185672834731267,-0.26130124511522795,-0.2225361671604216,-0.16284389428132517,-0.37034805961188205,0.6389704336430185,0.7683980612559066,1.0,0.0,0.0,0.0,0.0,0.0,0.0
-0.15930957054076658,-0.26130124511522795,-0.2225361671604216,-0.16284389428132517,-0.37034805961188205,1.881283378844675,1.8272838018489053,0.0,1.0,0.0,0.0,0.0,0.0,0.0
1.3642069825411116,4.144691816609691,2.9922846676789656,0.10147281038293007,-0.13583461538346198,-0.48757633997091815,-0.4792517157889571,0.0,0.0,0.0,0.0,0.0,1.0,0.0
-0.20417853318262025,-0.1924576035257761,-0.14470815733365305,0.0950472563459287,0.3450081349682161,-0.8640164649312321,-0.8936943502411376,0.0,0.0,0.0,1.0,0.0,0.0,0.0
-0.1379128989558065,-0.26130124511522795,-0.2225361671604216,-0.16284389428132517,-0.37034805961188205,1.881283378844675,1.8272838018489053,0.0,1.0,0.0,0.0,0.0,0.0,0.0
-0.22569381159454796,-0.26130124511522795,-0.2225361671604216,-0.16284389428132517,-0.37034805961188205,-0.48757633997091815,-0.4792517157889571,0.0,0.0,0.0,0.0,0.0,1.0,0.0
0.10046310188373221,-0.1924576035257761,-0.07619621850859247,-0.15324528844398078,3.1213641122709994,0.6389704336430185,0.7683980612559066,1.0,0.0,0.0,0.0,0.0,0.0,0.0
-0.24488439619791016,-0.1924576035257761,-0.16722199558778061,0.5122117035240474,-0.02596534037159911,-0.8640164649312321,-0.8936943502411376,0.0,0.0,0.0,1.0,0.0,0.0,0.0
-0.19515255365038375,-0.26130124511522795,-0.2225361671604216,-0.16284389428132517,-0.37034805961188205,-0.6842174107830546,-0.6732657355858858,0.0,0.0,0.0,0.0,1.0,0.0,0.0
-0.27874664529716797,-0.1924576035257761,-0.17090960702595667,-0.1572922950437923,-0.3345694406324302,-0.8640164649312321,-0.8936943502411376,0.0,0.0,0.0,1.0,0.0,0.0,0.0
0.3910498279544208,4.83312823250421,2.0558254471947803,3.6786840146097144,-0.28737537675527214,-0.8640164649312321,-0.8936943502411376,0.0,0.0,0.0,1.0,0.0,0.0,0.0
-0.16667505449545628,-0.26130124511522795,-0.2225361671604216,-0.16284389428132517,-0.37034805961188205,-0.6842174107830546,-0.6732657355858858,0.0,0.0,0.0,0.0,1.0,0.0,0.0
-0.2780112829699687,-0.26130124511522795,-0.2225361671604216,-0.16284389428132517,-0.37034805961188205,-1.1072151855588004,-1.1259153488245126,0.0,0.0,1.0,0.0,0.0,0.0,0.0
-0.26663688826377313,-0.26130124511522795,-0.2225361671604216,-0.16284389428132517,-0.37034805961188205,-0.6842174107830546,-0.6732657355858858,0.0,0.0,0.0,0.0,1.0,0.0,0.0
-0.2720572202561937,-0.26130124511522795,-0.2225361671604216,-0.16284389428132517,-0.37034805961188205,-0.8640164649312321,-0.8936943502411376,0.0,0.0,0.0,1.0,0.0,0.0,0.0
0.04008036627451281,-0.1924576035257761,0.12332296877798625,-0.1482994987833522,2.5710651720160462,0.6389704336430185,0.7683980612559066,1.0,0.0,0.0,0.0,0.0,0.0,0.0
0.09570696812233033,0.014073321242579479,-0.18643639202880327,-0.15944738812884532,0.49174370978575666,-0.6842174107830546,-0.6732657355858858,0.0,0.0,0.0,0.0,1.0,0.0,0.0
-0.24301040833182166,-0.26130124511522795,-0.2225361671604216,-0.16284389428132517,-0.37034805961188205,0.6389704336430185,0.7683980612559066,1.0,0.0,0.0,0.0,0.0,0.0,0.0
0.1061443688954816,-0.26130124511522795,-0.2225361671604216,-0.16284389428132517,-0.37034805961188205,1.881283378844675,1.8272838018489053,0.0,1.0,0.0,0.0,0.0,0.0,0.0
-0.25465759874004273,-0.26130124511522795,-0.2225361671604216,-0.16284389428132517,-0.37034805961188205,-0.48757633997091815,-0.4792517157889571,0.0,0.0,0.0,0.0,0.0,1.0,0.0
-0.133287232704069,-0.12361396193632423,0.10352631789935685,-0.13407787068291022,0.31036448728569543,-0.48757633997091815,-0.4792517157889571,0.0,0.0,0.0,0.0,0.0,1.0,0.0
-0.2786043171048068,-0.26130124511522795,-0.2225361671604216,-0.16284389428132517,-0.37034805961188205,-1.1072151855588004,-1.1259153488245126,0.0,0.0,1.0,0.0,0.0,0.0,0.0
-0.19809400295918095,-0.26130124511522795,-0.2225361671604216,-0.16284389428132517,-0.37034805961188205,0.6389704336430185,0.7683980612559066,1.0,0.0,0.0,0.0,0.0,0.0,0.0
-0.27764360180636904,-0.26130124511522795,-0.2225361671604216,-0.16284389428132517,-0.37034805961188205,-1.1072151855588004,-1.1259153488245126,0.0,0.0,1.0,0.0,0.0,0.0,0.0
0.6837833375932234,0.1517606044214832,0.31760186612610425,0.10706910049089031,1.097620212755518,1.881283378844675,1.8272838018489053,0.0,1.0,0.0,0.0,0.0,0.0,0.0
-0.2674078326390627,-0.26130124511522795,-0.2225361671604216,-0.16284389428132517,-0.37034805961188205,-0.6842174107830546,-0.6732657355858858,0.0,0.0,0.0,0.0,1.0,0.0,0.0
0.13380348094433245,-0.26130124511522795,-0.2225361671604216,-0.16284389428132517,-0.37034805961188205,0.6389704336430185,0.7683980612559066,1.0,0.0,0.0,0.0,0.0,0.0,0.0
-0.16157496093584828,0.2894478876003869,0.038507905699936736,-0.14193353257358732,-0.23239500078250006,-0.8640164649312321,-0.8936943502411376,0.0,0.0,0.0,1.0,0.0,0.0,0.0
1.016866889766413,-0.1924576035257761,-0.17828482990230882,-0.15784844809799953,11.473023377613504,1.881283378844675,1.8272838018489053,0.0,1.0,0.0,0.0,0.0,0.0,0.0
-0.2795057289897608,-0.26130124511522795,-0.2225361671604216,-0.16284389428132517,-0.37034805961188205,-0.6842174107830546,-0.6732657355858858,0.0,0.0,0.0,0.0,1.0,0.0,0.0
-0.0991166058546954,-0.26130124511522795,-0.2225361671604216,-0.16284389428132517,-0.37034805961188205,0.5755188193849565,0.5336296265452943,0.0,0.0,0.0,0.0,0.0,0.0,1.0
-0.2747495952283589,-0.26130124511522795,-0.2225361671604216,-0.16284389428132517,-0.37034805961188205,0.6389704336430185,0.7683980612559066,1.0,0.0,0.0,0.0,0.0,0.0,0.0
-0.25738555576029815,-0.26130124511522795,-0.2225361671604216,-0.16284389428132517,-0.37034805961188205,0.5755188193849565,0.5336296265452943,0.0,0.0,0.0,0.0,0.0,0.0,1.0
-0.2604337512133662,-0.26130124511522795,-0.2225361671604216,-0.16284389428132517,-0.37034805961188205,-0.48757633997091815,-0.4792517157889571,0.0,0.0,0.0,0.0,0.0,1.0,0.0
-0.21142541031034232,-0.26130124511522795,-0.2225361671604216,-0.16284389428132517,-0.37034805961188205,0.5755188193849565,0.5336296265452943,0.0,0.0,0.0,0.0,0.0,0.0,1.0
-0.20861442851120954,-0.1924576035257761,-0.19555837821797564,-0.1605795568463386,0.30458153829656953,-0.48757633997091815,-0.4792517157889571,0.0,0.0,0.0,0.0,0.0,1.0,0.0
-0.2395470889843669,-0.26130124511522795,-0.2225361671604216,-0.16284389428132517,-0.37034805961188205,0.6389704336430185,0.7683980612559066,1.0,0.0,0.0,0.0,0.0,0.0,0.0
-0.13334653611755282,-0.26130124511522795,-0.2225361671604216,-0.16284389428132517,-0.37034805961188205,0.6389704336430185,0.7683980612559066,1.0,0.0,0.0,0.0,0.0,0.0,0.0
-0.2812136672980946,-0.26130124511522795,-0.2225361671604216,-0.16284389428132517,-0.37034805961188205,-1.1072151855588004,-1.1259153488245126,0.0,0.0,1.0,0.0,0.0,0.0,0.0
0.26378470261815595,0.2894478876003869,-0.1850777983410542,-0.15649779068063913,0.2521701851918513,-0.6842174107830546,-0.6732657355858858,0.0,0.0,0.0,0.0,1.0,0.0,0.0
-0.24849004373772607,-0.26130124511522795,-0.2225361671604216,-0.16284389428132517,-0.37034805961188205,0.6389704336430185,0.7683980612559066,1.0,0.0,0.0,0.0,0.0,0.0,0.0
-0.2727807219006963,-0.26130124511522795,-0.2225361671604216,-0.16284389428132517,-0.37034805961188205,-0.6842174107830546,-0.6732657355858858,0.0,0.0,0.0,0.0,1.0,0.0,0.0
0.17391630982478423,0.1517606044214832,0.21415466104463882,-0.11046122848818181,0.3231734490653482,-0.48757633997091815,-0.4792517157889571,0.0,0.0,0.0,0.0,0.0,1.0,0.0
0.6744608409935678,-0.26130124511522795,-0.2225361671604216,-0.16284389428132517,-0.37034805961188205,0.6389704336430185,0.7683980612559066,1.0,0.0,0.0,0.0,0.0,0.0,0.0
-0.12115375430528066,-0.1924576035257761,-0.2225361671604216,-0.16284389428132517,1.101655666255718,-0.6842174107830546,-0.6732657355858858,0.0,0.0,0.0,0.0,1.0,0.0,0.0
-0.27792825819109135,-0.26130124511522795,-0.2225361671604216,-0.16284389428132517,-0.37034805961188205,-0.6842174107830546,-0.6732657355858858,0.0,0.0,0.0,0.0,1.0,0.0,0.0
-0.2810594784230367,-0.26130124511522795,-0.2225361671604216,-0.16284389428132517,-0.37034805961188205,-0.8640164649312321,-0.8936943502411376,0.0,0.0,0.0,1.0,0.0,0.0,0.0
-0.16302196422485335,0.2894478876003869,0.4092098976428991,5.5979582733743225,-0.2340434114756621,-0.8640164649312321,-0.8936943502411376,0.0,0.0,0.0,1.0,0.0,0.0,0.0
-0.041070424736738255,-0.26130124511522795,-0.2225361671604216,-0.16284389428132517,-0.37034805961188205,0.5755188193849565,0.5336296265452943,0.0,0.0,0.0,0.0,0.0,0.0,1.0
-0.1690234696694153,-0.26130124511522795,-0.2225361671604216,-0.16284389428132517,-0.37034805961188205,0.5755188193849565,0.5336296265452943,0.0,0.0,0.0,0.0,0.0,0.0,1.0
-0.09135971937101252,-0.26130124511522795,-0.2225361671604216,-0.16284389428132517,-0.37034805961188205,-0.6842174107830546,-0.6732657355858858,0.0,0.0,0.0,0.0,1.0,0.0,0.0
1.2302405714811757,1.253258869852713,0.4505499627129782,4.325858468051133,0.25637719459876646,0.5755188193849565,0.5336296265452943,0.0,0.0,0.0,0.0,0.0,0.0,1.0
2.0851467195811413,-0.12361396193632423,0.1790253099756984,-0.14187891039862052,10.419229551538955,0.6389704336430185,0.7683980612559066,1.0,0.0,0.0,0.0,0.0,0.0,0.0
-0.16888114147705416,-0.26130124511522795,-0.2225361671604216,-0.16284389428132517,-0.37034805961188205,0.6389704336430185,0.7683980612559066,1.0,0.0,0.0,0.0,0.0,0.0,0.0
-0.06947675979548516,-0.1924576035257761,-0.08337735657240902,-0.15003747707774978,1.5726147082299529,0.6389704336430185,0.7683980612559066,1.0,0.0,0.0,0.0,0.0,0.0,0.0
1.1004372600478038,1.1844152282632612,1.761786956203373,0.3280257295360605,0.22988961770804614,-0.48757633997091815,-0.4792517157889571,0.0,0.0,0.0,0.0,0.0,1.0,0.0
-0.19780934657445864,-0.26130124511522795,-0.2225361671604216,-0.16284389428132517,-0.37034805961188205,-0.48757633997091815,-0.4792517157889571,0.0,0.0,0.0,0.0,0.0,1.0,0.0
-0.21735575165872373,-0.26130124511522795,-0.2225361671604216,-0.16284389428132517,-0.37034805961188205,0.5755188193849565,0.5336296265452943,0.0,0.0,0.0,0.0,0.0,0.0,1.0
-0.2730297962373283,-0.26130124511522795,-0.2225361671604216,-0.16284389428132517,-0.37034805961188205,-1.1072151855588004,-1.1259153488245126,0.0,0.0,1.0,0.0,0.0,0.0,0.0
-0.15883514323289608,-0.12361396193632423,-0.13869152814505,-0.15591184371281364,0.19394885997188982,-0.48757633997091815,-0.4792517157889571,0.0,0.0,0.0,0.0,0.0,1.0,0.0
-0.27521216185353264,-0.26130124511522795,-0.2225361671604216,-0.16284389428132517,-0.37034805961188205,-0.6842174107830546,-0.6732657355858858,0.0,0.0,0.0,0.0,1.0,0.0,0.0
-0.2755798430171323,-0.26130124511522795,-0.2225361671604216,-0.16284389428132517,-0.37034805961188205,-0.8640164649312321,-0.8936943502411376,0.0,0.0,0.0,1.0,0.0,0.0,0.0
-0.09132413732292223,0.2894478876003869,0.05092933370221401,0.42860005060671424,-0.152366012785788,-0.8640164649312321,-0.8936943502411376,0.0,0.0,0.0,1.0,0.0,0.0,0.0
-0.1821058026839447,-0.054770320346872375,0.32206581681442265,3.022373754122487,-0.06484261114584745,-0.8640164649312321,-0.8936943502411376,0.0,0.0,0.0,1.0,0.0,0.0,0.0
-0.27824849662390394,-0.26130124511522795,-0.2225361671604216,-0.16284389428132517,-0.37034805961188205,0.6389704336430185,0.7683980612559066,1.0,0.0,0.0,0.0,0.0,0.0,0.0
-0.15072243626831033,-0.1924576035257761,-0.19342344528008423,-0.15994891900808578,0.8321810526128977,0.5755188193849565,0.5336296265452943,0.0,0.0,0.0,0.0,0.0,0.0,1.0
-0.1676950732073779,-0.26130124511522795,-0.2225361671604216,-0.16284389428132517,-0.37034805961188205,1.881283378844675,1.8272838018489053,0.0,1.0,0.0,0.0,0.0,0.0,0.0
0.34486432953322643,0.08291696283203133,0.287518720183089,-0.12048191476845134,0.7734652041849874,0.6389704336430185,0.7683980612559066,1.0,0.0,0.0,0.0,0.0,0.0,0.0
-0.16152751820506123,-0.26130124511522795,-0.2225361671604216,-0.16284389428132517,-0.37034805961188205,1.881283378844675,1.8272838018489053,0.0,1.0,0.0,0.0,0.0,0.0,0.0
-0.2746191277186945,-0.26130124511522795,-0.2225361671604216,-0.16284389428132517,-0.37034805961188205,0.5755188193849565,0.5336296265452943,0.0,0.0,0.0,0.0,0.0,0.0,1.0
-0.2482291087183973,-0.054770320346872375,-0.005549346745640471,0.03945181353428463,-0.2657145152852675,-1.1072151855588004,-1.1259153488245126,0.0,0.0,1.0,0.0,0.0,0.0,0.0
-0.13302629768474022,-0.26130124511522795,-0.2225361671604216,-0.16284389428132517,-0.37034805961188205,1.881283378844675,1.8272838018489053,0.0,1.0,0.0,0.0,0.0,0.0,0.0
-0.2604100298479727,-0.054770320346872375,-0.07406128557070106,-0.12641090357848198,-0.3027181826487087,-1.1072151855588004,-1.1259153488245126,0.0,0.0,1.0,0.0,0.0,0.0,0.0
-0.2821625219138357,-0.26130124511522795,-0.2225361671604216,-0.16284389428132517,-0.37034805961188205,-0.8640164649312321,-0.8936943502411376,0.0,0.0,0.0,1.0,0.0,0.0,0.0
-0.27757243771018847,-0.26130124511522795,-0.2225361671604216,-0.16284389428132517,-0.37034805961188205,0.5755188193849565,0.5336296265452943,0.0,0.0,0.0,0.0,0.0,0.0,1.0
-0.24697187635254042,-0.1924576035257761,-0.14567858139633097,-0.05434439218821847,-0.0449896211582563,-0.8640164649312321,-0.8936943502411376,0.0,0.0,0.0,1.0,0.0,0.0,0.0
-0.18190417107809972,-0.054770320346872375,-0.0637747905063152,0.11018256446399685,-0.06423008695385277,-0.8640164649312321,-0.8936943502411376,0.0,0.0,0.0,1.0,0.0,0.0,0.0
-0.24755304980468182,-0.26130124511522795,-0.2225361671604216,-0.16284389428132517,-0.37034805961188205,1.881283378844675,1.8272838018489053,0.0,1.0,0.0,0.0,0.0,0.0,0.0
-0.1845253819540843,-0.26130124511522795,-0.2225361671604216,-0.16284389428132517,-0.37034805961188205,1.881283378844675,1.8272838018489053,0.0,1.0,0.0,0.0,0.0,0.0,0.0
-0.12448660614307101,-0.26130124511522795,-0.2225361671604216,-0.16284389428132517,-0.37034805961188205,1.881283378844675,1.8272838018489053,0.0,1.0,0.0,0.0,0.0,0.0,0.0
-0.25930698635717375,-0.26130124511522795,-0.2225361671604216,-0.16284389428132517,-0.37034805961188205,-0.48757633997091815,-0.4792517157889571,0.0,0.0,0.0,0.0,0.0,1.0,0.0
-0.24878656080514513,-0.26130124511522795,-0.2225361671604216,-0.16284389428132517,-0.37034805961188205,-0.8640164649312321,-0.8936943502411376,0.0,0.0,0.0,1.0,0.0,0.0,0.0
-0.2114016889449488,-0.12361396193632423,-0.2225361671604216,-0.16284389428132517,-0.045584129932839335,-0.6842174107830546,-0.6732657355858858,0.0,0.0,0.0,0.0,1.0,0.0,0.0
0.46341185308737065,1.1155715866738092,-0.013118654434528185,-0.14623875309142365,-0.030375514553960568,-0.6842174107830546,-0.6732657355858858,0.0,0.0,0.0,0.0,1.0,0.0,0.0
-0.20870931397278364,-0.26130124511522795,-0.2225361671604216,-0.16284389428132517,-0.37034805961188205,-0.48757633997091815,-0.4792517157889571,0.0,0.0,0.0,0.0,0.0,1.0,0.0
-0.2681906376970491,-0.26130124511522795,-0.2225361671604216,-0.16284389428132517,-0.37034805961188205,-0.48757633997091815,-0.4792517157889571,0.0,0.0,0.0,0.0,0.0,1.0,0.0
0.030366467145864075,-0.12361396193632423,-0.08221284769719553,-0.1494366331531152,1.0560946756217633,-0.48757633997091815,-0.4792517157889571,0.0,0.0,0.0,0.0,0.0,1.0,0.0
-0.207191146587598,-0.26130124511522795,-0.2225361671604216,-0.16284389428132517,-0.37034805961188205,1.881283378844675,1.8272838018489053,0.0,1.0,0.0,0.0,0.0,0.0,0.0
-0.28142715958663633,-0.26130124511522795,-0.2225361671604216,-0.16284389428132517,-0.37034805961188205,-0.6842174107830546,-0.6732657355858858,0.0,0.0,0.0,0.0,1.0,0.0,0.0
0.1433157484671362,0.4959788123687425,-0.1483957687718291,-0.15656730981241504,-0.01741620592718189,-0.6842174107830546,-0.6732657355858858,0.0,0.0,0.0,0.0,1.0,0.0,0.0
-0.2760779916903963,-0.26130124511522795,-0.2225361671604216,-0.16284389428132517,-0.37034805961188205,-0.8640164649312321,-0.8936943502411376,0.0,0.0,0.0,1.0,0.0,0.0,0.0
-0.27330259193935386,-0.26130124511522795,-0.2225361671604216,-0.16284389428132517,-0.37034805961188205,-1.1072151855588004,-1.1259153488245126,0.0,0.0,1.0,0.0,0.0,0.0,0.0
-0.2713574399770847,-0.26130124511522795,-0.2225361671604216,-0.16284389428132517,-0.37034805961188205,-0.8640164649312321,-0.8936943502411376,0.0,0.0,0.0,1.0,0.0,0.0,0.0
-0.24816980530491348,-0.26130124511522795,-0.2225361671604216,-0.16284389428132517,-0.37034805961188205,1.881283378844675,1.8272838018489053,0.0,1.0,0.0,0.0,0.0,0.0,0.0
-0.2700883469285311,-0.26130124511522795,-0.2225361671604216,-0.16284389428132517,-0.37034805961188205,0.5755188193849565,0.5336296265452943,0.0,0.0,0.0,0.0,0.0,0.0,1.0
0.41970523734979975,-0.054770320346872375,-0.08182467807212436,-0.13814970554407027,1.7633619477840499,1.881283378844675,1.8272838018489053,0.0,1.0,0.0,0.0,0.0,0.0,0.0
1.2580420117223878,0.2894478876003869,0.011724201570026363,1.528690654437692,1.3848174932770068,0.5755188193849565,0.5336296265452943,0.0,0.0,0.0,0.0,0.0,0.0,1.0
-0.2808104040864047,-0.26130124511522795,-0.2225361671604216,-0.16284389428132517,-0.37034805961188205,-0.8640164649312321,-0.8936943502411376,0.0,0.0,0.0,1.0,0.0,0.0,0.0
-0.27680149333489884,-0.26130124511522795,-0.2225361671604216,-0.16284389428132517,-0.37034805961188205,-0.48757633997091815,-0.4792517157889571,0.0,0.0,0.0,0.0,0.0,1.0,0.0
-0.21061888388696245,-0.26130124511522795,-0.2225361671604216,-0.16284389428132517,-0.37034805961188205,-0.48757633997091815,-0.4792517157889571,0.0,0.0,0.0,0.0,0.0,1.0,0.0
-0.08558356689768903,-0.1924576035257761,-0.13869152814505,-0.15861812419980417,1.4258250871601776,1.881283378844675,1.8272838018489053,0.0,1.0,0.0,0.0,0.0,0.0,0.0
